feedback_id,feedback_type,provider_id,recipient_id,feedback_date,related_task_id,related_project_id,related_team_id,feedback_category,feedback_text,positive_aspects,improvement_areas,specific_suggestions,action_items,overall_rating,quality_rating,timeliness_rating,collaboration_rating,communication_rating,priority_level,follow_up_date,acknowledged,acknowledged_date,recipient_response,response_date,visibility,created_at,last_updated
FDB0021,Task Completion,EMP946,EMP251,2024-01-11,TSK5441,PRJ069,,Communication,Technical execution was excellent but documentation was lacking.,"On-time delivery,Proactive problem solving",Deadline adherence,Break large tasks into smaller trackable subtasks,Attend communication workshop,6,4,6,6,5,Low,,True,2024-01-15,,,Team,2024-01-11 09:00:00,2024-01-15 16:15:00
FDB0067,Project Review,EMP832,EMP1193,2024-11-20,,PRJ782,TEAM029,Communication,Delivery was slightly delayed but final output quality was strong.,"Clear communication,On-time delivery",Cross-team alignment,Schedule earlier check-ins with stakeholders,,8,7,7,7,6,Medium,,True,2024-11-23,,,Manager Only,2024-11-20 09:00:00,2024-11-27 13:30:00
FDB0096,Peer Feedback,EMP1245,EMP1494,2024-11-06,,,,Communication,Delivery was slightly delayed but final output quality was strong.,Strong collaboration,"Time estimation accuracy,Deadline adherence",Consider adding more unit tests to improve coverage,,10,10,10,10,9,Medium,,False,,,,Private,2024-11-06 09:00:00,2024-11-07 09:30:00
FDB0099,Task Completion,EMP427,EMP982,2023-12-02,TSK6493,PRJ708,,Communication,Delivered the task with great attention to detail and minimal rework needed.,Reliable execution,Proactive communication,Conduct a brief knowledge-sharing session with the team,,8,7,9,7,7,Medium,,False,,,,Private,2023-12-02 09:00:00,2023-12-05 08:15:00
FDB0101,Project Review,EMP427,EMP265,2024-10-13,,PRJ444,TEAM550,Quality,"Quality of deliverables was high, stakeholders were satisfied.",Proactive problem solving,Deadline adherence,Request early feedback instead of waiting until delivery,"Improve test coverage,Update runbook",10,8,8,9,10,Low,,True,2024-10-14,"Thank you for the feedback, will work on documentation.",2024-10-17,Manager Only,2024-10-13 09:00:00,2024-10-16 13:00:00
FDB0138,Task Completion,EMP251,EMP1397,2024-06-07,TSK7506,PRJ447,,Quality,Delivery was slightly delayed but final output quality was strong.,"Reliable execution,Initiative shown,Team support","Proactive communication,Stakeholder updates",Break large tasks into smaller trackable subtasks,"Improve test coverage,Update runbook",10,9,10,10,8,Low,,True,2024-06-08,,,Team,2024-06-07 09:00:00,2024-06-16 10:45:00
FDB0144,Task Completion,EMP702,EMP217,2024-10-07,TSK2460,PRJ239,,Teamwork,Delivered the task with great attention to detail and minimal rework needed.,Proactive problem solving,"Documentation quality,Testing coverage",Document API endpoints before handoff,"Schedule 1:1 with manager,Review goals",6,6,7,5,5,Medium,,False,,,,Public,2024-10-07 09:00:00,2024-10-08 10:00:00
FDB0147,Task Completion,EMP852,EMP450,2023-07-28,TSK1135,PRJ702,,Communication,"Good work overall, with some areas to improve in cross-team coordination.","Strong collaboration,Clear communication",Deadline adherence,Break large tasks into smaller trackable subtasks,"Schedule 1:1 with manager,Review goals",9,9,8,9,10,Low,,True,2023-07-31,,,Team,2023-07-28 09:00:00,2023-07-28 13:00:00
FDB0150,Peer Feedback,EMP633,EMP084,2025-01-21,,,,Communication,Communication was proactive and clear during the entire project phase.,"Strong collaboration,Reliable execution,Team support","Technical depth,Code readability",Consider adding more unit tests to improve coverage,"Improve test coverage,Update runbook",7,7,9,8,8,Medium,,False,,,,Private,2025-01-21 09:00:00,2025-01-22 15:30:00
FDB0162,Task Completion,EMP1193,EMP789,2023-09-16,TSK0190,PRJ499,,Communication,Showed great initiative in identifying and resolving blockers early.,"Reliable execution,High quality output",Stakeholder updates,,"Improve test coverage,Update runbook",5,6,5,6,5,Low,,False,,,,Team,2023-09-16 09:00:00,2023-09-21 09:45:00
FDB0167,Peer Feedback,EMP006,EMP438,2025-02-15,,,,Technical Skills,"Exceeded expectations on the technical front, peer feedback is very positive.","Technical depth,Reliable execution,Initiative shown",Testing coverage,Improve commit message quality for better traceability,,6,5,5,6,7,High,,False,,,,Private,2025-02-15 09:00:00,2025-02-19 12:00:00
FDB0194,Peer Feedback,EMP1459,EMP1031,2024-05-15,,,,Teamwork,Communication was proactive and clear during the entire project phase.,Proactive problem solving,Deadline adherence,Schedule earlier check-ins with stakeholders,"Improve test coverage,Update runbook",10,9,10,9,10,High,2024-06-14,True,2024-05-20,Acknowledged — will focus on the suggested areas.,2024-05-24,Public,2024-05-15 09:00:00,2024-05-15 16:00:00
FDB0212,Project Review,EMP1250,EMP1092,2024-02-09,,PRJ750,TEAM221,Leadership,Delivered the task with great attention to detail and minimal rework needed.,"On-time delivery,Technical depth",Documentation quality,Schedule earlier check-ins with stakeholders,"Enroll in leadership course,Improve delegation",9,10,8,10,9,High,2024-03-10,True,2024-02-10,,,Team,2024-02-09 09:00:00,2024-02-17 18:15:00
FDB0215,Peer Feedback,EMP1193,EMP478,2024-07-27,,,,Communication,Showed great initiative in identifying and resolving blockers early.,Strong collaboration,"Technical depth,Testing coverage",Break large tasks into smaller trackable subtasks,"Schedule 1:1 with manager,Review goals",9,8,10,8,9,Medium,,True,2024-07-29,,,Private,2024-07-27 09:00:00,2024-07-30 13:00:00
FDB0242,Self Assessment,EMP016,EMP391,2024-02-14,,,,Communication,"Quality of deliverables was high, stakeholders were satisfied.","Proactive problem solving,Technical depth",Time estimation accuracy,Request early feedback instead of waiting until delivery,"Enroll in leadership course,Improve delegation",9,10,10,10,9,Medium,,False,,,,Team,2024-02-14 09:00:00,2024-02-21 11:30:00
FDB0259,Project Review,EMP977,EMP382,2024-07-05,,PRJ168,TEAM747,Communication,Met all deadlines and maintained consistent quality standards.,"Clear communication,Proactive problem solving","Stakeholder updates,Documentation quality",Document API endpoints before handoff,"Complete training,Review documentation",9,8,10,10,10,Low,,True,2024-07-06,,,Manager Only,2024-07-05 09:00:00,2024-07-08 09:15:00
FDB0262,Peer Feedback,EMP501,EMP841,2024-09-02,,,,Quality,Technical execution was excellent but documentation was lacking.,Team support,"Stakeholder updates,Process adherence",Improve commit message quality for better traceability,"Improve test coverage,Update runbook",6,6,6,7,7,Medium,,True,2024-09-07,,,Public,2024-09-02 09:00:00,2024-09-02 09:00:00
FDB0307,Self Assessment,EMP1063,EMP843,2024-09-17,,,,Teamwork,Technical execution was excellent but documentation was lacking.,"High quality output,Proactive problem solving,Strong collaboration","Technical depth,Time estimation accuracy",Request early feedback instead of waiting until delivery,"Complete training,Review documentation",4,5,5,8,7,Low,,False,,,,Team,2024-09-17 09:00:00,2024-09-27 17:00:00
FDB0316,Project Review,EMP1193,EMP533,2024-05-31,,PRJ710,TEAM435,Quality,"Quality of deliverables was high, stakeholders were satisfied.",On-time delivery,Code readability,,Attend communication workshop,8,6,7,7,7,Medium,,False,,,,Team,2024-05-31 09:00:00,2024-06-07 18:15:00
FDB0348,Peer Feedback,EMP287,EMP808,2023-08-24,,,,Teamwork,"Exceeded expectations on the technical front, peer feedback is very positive.",On-time delivery,"Proactive communication,Technical depth",Improve commit message quality for better traceability,"Schedule 1:1 with manager,Review goals",10,10,10,9,9,High,,True,2023-08-25,,,Team,2023-08-24 09:00:00,2023-08-30 18:15:00
FDB0353,Task Completion,EMP162,EMP1235,2024-05-13,TSK1984,PRJ441,,Communication,"Strong collaboration throughout the sprint, kept the team unblocked.","High quality output,Technical depth,Team support",Code readability,Request early feedback instead of waiting until delivery,"Improve test coverage,Update runbook",7,8,6,9,7,Medium,,True,2024-05-18,"Feedback received and noted, will discuss with manager.",2024-05-23,Team,2024-05-13 09:00:00,2024-05-20 18:30:00
FDB0377,Project Review,EMP841,EMP788,2025-01-19,,PRJ280,TEAM091,Leadership,"Exceeded expectations on the technical front, peer feedback is very positive.","Strong collaboration,Proactive problem solving,Initiative shown","Stakeholder updates,Technical depth",Break large tasks into smaller trackable subtasks,"Improve test coverage,Update runbook",7,6,5,7,6,Low,,False,,,,Team,2025-01-19 09:00:00,2025-01-29 10:00:00
FDB0396,Project Review,EMP006,EMP725,2025-02-03,,PRJ393,TEAM863,Communication,Met all deadlines and maintained consistent quality standards.,"Attention to detail,Proactive problem solving,Strong collaboration","Proactive communication,Technical depth",Conduct a brief knowledge-sharing session with the team,,5,6,4,6,4,Medium,,True,2025-02-05,,,Manager Only,2025-02-03 09:00:00,2025-02-06 12:00:00
FDB0415,Project Review,EMP382,EMP1348,2024-01-13,,PRJ564,TEAM862,Technical Skills,"Good work overall, with some areas to improve in cross-team coordination.",On-time delivery,Process adherence,Request early feedback instead of waiting until delivery,,8,8,7,7,7,Medium,,False,,,,Manager Only,2024-01-13 09:00:00,2024-01-13 17:45:00
FDB0416,Task Completion,EMP1041,EMP1473,2023-12-28,TSK6596,PRJ566,,Leadership,"Exceeded expectations on the technical front, peer feedback is very positive.","Attention to detail,Clear communication,Initiative shown",Code readability,Break large tasks into smaller trackable subtasks,,7,6,7,6,6,Low,,False,,,,Private,2023-12-28 09:00:00,2024-01-02 08:30:00
FDB0428,Task Completion,EMP1326,EMP956,2023-10-05,TSK5582,PRJ425,,Communication,Communication was proactive and clear during the entire project phase.,"Strong collaboration,Team support,Reliable execution",Process adherence,Request early feedback instead of waiting until delivery,"Complete training,Review documentation",5,5,6,7,5,Medium,,False,,,,Team,2023-10-05 09:00:00,2023-10-07 08:15:00
FDB0465,Project Review,EMP210,EMP841,2024-08-03,,PRJ231,TEAM744,Leadership,Delivered the task with great attention to detail and minimal rework needed.,"Clear communication,Attention to detail",Time estimation accuracy,Conduct a brief knowledge-sharing session with the team,Attend communication workshop,4,6,6,5,7,Medium,,True,2024-08-04,,,Public,2024-08-03 09:00:00,2024-08-10 15:30:00
FDB0474,Project Review,EMP1394,EMP1092,2023-06-12,,PRJ715,TEAM437,Teamwork,Delivered the task with great attention to detail and minimal rework needed.,Attention to detail,Process adherence,Request early feedback instead of waiting until delivery,,8,8,7,6,6,Low,,True,2023-06-14,,,Private,2023-06-12 09:00:00,2023-06-15 17:00:00
FDB0539,Peer Feedback,EMP1054,EMP1149,2024-11-20,,,,Technical Skills,"Exceeded expectations on the technical front, peer feedback is very positive.",Reliable execution,Technical depth,,"Improve test coverage,Update runbook",10,10,10,10,10,Medium,,True,2024-11-24,"Appreciate the recognition, will continue improving.",2024-11-25,Private,2024-11-20 09:00:00,2024-11-23 16:00:00
FDB0540,Peer Feedback,EMP1041,EMP771,2024-01-04,,,,Teamwork,"Strong collaboration throughout the sprint, kept the team unblocked.","Team support,Strong collaboration,High quality output","Proactive communication,Stakeholder updates",,"Schedule 1:1 with manager,Review goals",4,4,3,3,5,Medium,,False,,,,Private,2024-01-04 09:00:00,2024-01-13 10:15:00
FDB0597,Peer Feedback,EMP811,EMP1459,2023-08-17,,,,Leadership,Delivered the task with great attention to detail and minimal rework needed.,On-time delivery,"Time estimation accuracy,Testing coverage",Document API endpoints before handoff,"Enroll in leadership course,Improve delegation",7,7,7,6,8,Medium,,True,2023-08-19,,,Private,2023-08-17 09:00:00,2023-08-24 12:15:00
FDB0610,Project Review,EMP1245,EMP1328,2023-09-28,,PRJ051,TEAM819,Technical Skills,"Strong collaboration throughout the sprint, kept the team unblocked.",Reliable execution,"Testing coverage,Proactive communication",Improve commit message quality for better traceability,Attend communication workshop,7,7,9,7,8,Medium,,True,2023-10-02,,,Private,2023-09-28 09:00:00,2023-10-05 08:30:00
FDB0634,Self Assessment,EMP1077,EMP076,2023-08-15,,,,Leadership,Showed great initiative in identifying and resolving blockers early.,Strong collaboration,"Code readability,Process adherence",,"Improve test coverage,Update runbook",8,10,7,9,10,Medium,,True,2023-08-20,,,Manager Only,2023-08-15 09:00:00,2023-08-17 11:15:00
FDB0670,Project Review,EMP984,EMP251,2025-01-06,,PRJ570,TEAM665,Quality,"Quality of deliverables was high, stakeholders were satisfied.",Initiative shown,Documentation quality,Schedule earlier check-ins with stakeholders,"Schedule 1:1 with manager,Review goals",9,9,10,9,10,Medium,,True,2025-01-10,,,Team,2025-01-06 09:00:00,2025-01-10 11:30:00
FDB0745,Task Completion,EMP1474,EMP936,2024-11-23,TSK7135,PRJ736,,Technical Skills,"Exceeded expectations on the technical front, peer feedback is very positive.","Initiative shown,Strong collaboration,High quality output",Time estimation accuracy,,"Schedule 1:1 with manager,Review goals",9,10,8,9,9,Medium,,True,2024-11-26,,,Public,2024-11-23 09:00:00,2024-11-26 10:15:00
FDB0761,Task Completion,EMP888,EMP267,2024-08-12,TSK6882,PRJ566,,Communication,Met all deadlines and maintained consistent quality standards.,"Initiative shown,Team support",Testing coverage,Document API endpoints before handoff,,7,7,7,6,7,Medium,,True,2024-08-17,,,Team,2024-08-12 09:00:00,2024-08-19 10:00:00
FDB0789,Task Completion,EMP251,EMP1094,2024-12-24,TSK8886,PRJ170,,Leadership,Delivered the task with great attention to detail and minimal rework needed.,Attention to detail,"Technical depth,Process adherence",Break large tasks into smaller trackable subtasks,"Schedule 1:1 with manager,Review goals",10,8,9,10,10,Medium,,True,2024-12-27,"Appreciate the recognition, will continue improving.",2024-12-30,Team,2024-12-24 09:00:00,2025-01-01 14:00:00
FDB0791,Peer Feedback,EMP1259,EMP051,2025-02-10,,,,Leadership,Showed great initiative in identifying and resolving blockers early.,High quality output,"Deadline adherence,Cross-team alignment",Request early feedback instead of waiting until delivery,Attend communication workshop,5,5,5,4,6,High,2025-03-12,True,2025-02-13,,,Manager Only,2025-02-10 09:00:00,2025-02-16 14:00:00
FDB0797,Peer Feedback,EMP430,EMP521,2024-07-25,,,,Teamwork,"Exceeded expectations on the technical front, peer feedback is very positive.","Technical depth,Proactive problem solving,Reliable execution",Time estimation accuracy,Consider adding more unit tests to improve coverage,"Enroll in leadership course,Improve delegation",10,10,8,9,10,Medium,,True,2024-07-30,,,Private,2024-07-25 09:00:00,2024-07-27 17:45:00
FDB0813,Task Completion,EMP900,EMP1325,2024-07-18,TSK9997,PRJ145,,Quality,Technical execution was excellent but documentation was lacking.,Attention to detail,"Technical depth,Time estimation accuracy",Document API endpoints before handoff,"Complete training,Review documentation",10,10,8,9,7,Medium,,True,2024-07-23,,,Team,2024-07-18 09:00:00,2024-07-19 14:15:00
FDB0837,Peer Feedback,EMP1226,EMP1459,2024-03-09,,,,Quality,"Good work overall, with some areas to improve in cross-team coordination.","On-time delivery,Clear communication","Deadline adherence,Stakeholder updates",Document API endpoints before handoff,"Complete training,Review documentation",8,8,8,9,8,High,2024-04-08,True,2024-03-11,,,Private,2024-03-09 09:00:00,2024-03-09 16:30:00
FDB0880,Self Assessment,EMP740,EMP759,2024-03-14,,,,Teamwork,"Exceeded expectations on the technical front, peer feedback is very positive.","Reliable execution,On-time delivery,Initiative shown","Proactive communication,Time estimation accuracy",,"Schedule 1:1 with manager,Review goals",9,7,7,6,9,Low,,True,2024-03-19,,,Private,2024-03-14 09:00:00,2024-03-18 11:15:00
FDB0940,Peer Feedback,EMP214,EMP1193,2024-03-03,,,,Teamwork,Met all deadlines and maintained consistent quality standards.,Strong collaboration,Testing coverage,,,7,7,7,8,8,Low,,True,2024-03-06,,,Public,2024-03-03 09:00:00,2024-03-05 11:15:00
FDB0963,Task Completion,EMP023,EMP051,2024-03-03,TSK3567,PRJ689,,Quality,Delivered the task with great attention to detail and minimal rework needed.,"Team support,On-time delivery,Proactive problem solving","Code readability,Deadline adherence",Break large tasks into smaller trackable subtasks,,7,7,7,7,8,Low,,True,2024-03-06,,,Team,2024-03-03 09:00:00,2024-03-04 10:15:00
FDB0972,Task Completion,EMP350,EMP267,2023-07-30,TSK0378,PRJ786,,Technical Skills,Technical execution was excellent but documentation was lacking.,"High quality output,Clear communication",Code readability,Request early feedback instead of waiting until delivery,"Complete training,Review documentation",8,9,10,10,8,Medium,,True,2023-08-02,,,Public,2023-07-30 09:00:00,2023-08-06 18:30:00
FDB0994,Peer Feedback,EMP1272,EMP149,2024-03-08,,,,Technical Skills,Technical execution was excellent but documentation was lacking.,"Initiative shown,Team support",Time estimation accuracy,Consider adding more unit tests to improve coverage,"Complete training,Review documentation",7,8,7,6,7,Medium,,True,2024-03-09,,,Private,2024-03-08 09:00:00,2024-03-15 14:15:00
FDB0997,Task Completion,EMP1092,EMP858,2023-08-31,TSK9566,PRJ456,,Quality,Communication was proactive and clear during the entire project phase.,"Clear communication,On-time delivery","Documentation quality,Technical depth",Request early feedback instead of waiting until delivery,,10,10,8,8,9,High,,True,2023-09-04,,,Public,2023-08-31 09:00:00,2023-09-08 08:45:00
FDB1028,Peer Feedback,EMP050,EMP597,2024-09-30,,,,Quality,"Quality of deliverables was high, stakeholders were satisfied.","Proactive problem solving,High quality output,On-time delivery",Time estimation accuracy,Conduct a brief knowledge-sharing session with the team,"Improve test coverage,Update runbook",10,9,7,10,10,Medium,,True,2024-10-05,,,Private,2024-09-30 09:00:00,2024-10-09 08:45:00
FDB1036,Self Assessment,EMP1325,EMP1122,2024-11-25,,,,Technical Skills,Technical execution was excellent but documentation was lacking.,"High quality output,Attention to detail,On-time delivery","Documentation quality,Code readability",,"Complete training,Review documentation",8,8,8,8,7,Low,,True,2024-11-27,,,Team,2024-11-25 09:00:00,2024-12-03 13:00:00
FDB1057,Project Review,EMP084,EMP1158,2023-06-09,,PRJ772,TEAM509,Quality,Communication was proactive and clear during the entire project phase.,"Strong collaboration,Proactive problem solving,Attention to detail",Process adherence,Consider adding more unit tests to improve coverage,Attend communication workshop,6,4,7,7,7,Medium,,True,2023-06-10,,,Manager Only,2023-06-09 09:00:00,2023-06-17 09:30:00
FDB1075,Task Completion,EMP928,EMP006,2024-09-10,TSK2921,PRJ368,,Teamwork,"Quality of deliverables was high, stakeholders were satisfied.","Reliable execution,Clear communication",Technical depth,Document API endpoints before handoff,"Enroll in leadership course,Improve delegation",9,10,8,9,7,Medium,,False,,,,Manager Only,2024-09-10 09:00:00,2024-09-18 17:00:00
FDB1105,Task Completion,EMP498,EMP899,2023-08-24,TSK8190,PRJ071,,Teamwork,Delivered the task with great attention to detail and minimal rework needed.,"Technical depth,On-time delivery",Technical depth,Conduct a brief knowledge-sharing session with the team,"Schedule 1:1 with manager,Review goals",9,7,8,7,8,Medium,,True,2023-08-26,,,Private,2023-08-24 09:00:00,2023-09-03 16:45:00
FDB1175,Task Completion,EMP815,EMP282,2023-07-14,TSK0061,PRJ650,,Quality,Met all deadlines and maintained consistent quality standards.,"Technical depth,Team support","Process adherence,Cross-team alignment",Conduct a brief knowledge-sharing session with the team,,9,10,8,9,8,Medium,,True,2023-07-18,,,Public,2023-07-14 09:00:00,2023-07-14 10:30:00
FDB1222,Task Completion,EMP1041,EMP271,2023-09-30,TSK1847,PRJ760,,Teamwork,Delivered the task with great attention to detail and minimal rework needed.,"On-time delivery,High quality output","Deadline adherence,Proactive communication",Request early feedback instead of waiting until delivery,"Schedule 1:1 with manager,Review goals",8,7,8,7,9,Medium,,True,2023-10-03,,,Public,2023-09-30 09:00:00,2023-10-08 09:45:00
FDB1264,Peer Feedback,EMP304,EMP1041,2024-01-15,,,,Technical Skills,"Quality of deliverables was high, stakeholders were satisfied.",Proactive problem solving,"Cross-team alignment,Documentation quality",Schedule earlier check-ins with stakeholders,"Improve test coverage,Update runbook",8,6,10,7,8,Medium,,True,2024-01-19,"Thank you for the feedback, will work on documentation.",2024-01-22,Manager Only,2024-01-15 09:00:00,2024-01-17 10:45:00
FDB1273,Peer Feedback,EMP1180,EMP251,2024-06-07,,,,Communication,Delivered the task with great attention to detail and minimal rework needed.,"Initiative shown,Clear communication","Cross-team alignment,Documentation quality",Request early feedback instead of waiting until delivery,"Complete training,Review documentation",8,7,7,6,5,High,,True,2024-06-12,,,Manager Only,2024-06-07 09:00:00,2024-06-12 16:45:00
FDB1298,Project Review,EMP819,EMP427,2023-12-30,,PRJ623,TEAM663,Quality,"Exceeded expectations on the technical front, peer feedback is very positive.","Technical depth,Attention to detail","Proactive communication,Stakeholder updates",Consider adding more unit tests to improve coverage,"Enroll in leadership course,Improve delegation",7,9,7,8,8,High,,False,,,,Private,2023-12-30 09:00:00,2023-12-30 15:30:00
FDB1319,Peer Feedback,EMP773,EMP1092,2024-11-26,,,,Quality,"Strong collaboration throughout the sprint, kept the team unblocked.","Team support,High quality output,Clear communication","Time estimation accuracy,Documentation quality",Break large tasks into smaller trackable subtasks,"Schedule 1:1 with manager,Review goals",8,7,6,7,8,High,,True,2024-12-01,,,Team,2024-11-26 09:00:00,2024-12-03 08:30:00
FDB1325,Peer Feedback,EMP050,EMP547,2023-06-06,,,,Teamwork,"Strong collaboration throughout the sprint, kept the team unblocked.","Team support,Initiative shown","Deadline adherence,Stakeholder updates",Request early feedback instead of waiting until delivery,"Enroll in leadership course,Improve delegation",7,7,8,7,7,High,,True,2023-06-11,,,Manager Only,2023-06-06 09:00:00,2023-06-11 18:15:00
FDB1341,Project Review,EMP1326,EMP1411,2024-05-21,,PRJ569,TEAM192,Teamwork,Showed great initiative in identifying and resolving blockers early.,On-time delivery,"Code readability,Cross-team alignment",Consider adding more unit tests to improve coverage,,8,10,7,8,7,Medium,,False,,,,Team,2024-05-21 09:00:00,2024-05-26 10:00:00
FDB1348,Project Review,EMP815,EMP008,2024-03-19,,PRJ786,TEAM175,Quality,Communication was proactive and clear during the entire project phase.,"High quality output,Team support,Reliable execution",Time estimation accuracy,Break large tasks into smaller trackable subtasks,"Complete training,Review documentation",8,9,8,10,8,Low,,True,2024-03-22,,,Team,2024-03-19 09:00:00,2024-03-22 16:45:00
FDB1374,Project Review,EMP1295,EMP1245,2023-08-26,,PRJ277,TEAM953,Quality,Delivered the task with great attention to detail and minimal rework needed.,"Reliable execution,Technical depth","Time estimation accuracy,Documentation quality",Request early feedback instead of waiting until delivery,"Complete training,Review documentation",10,9,10,10,8,Low,,False,,,,Manager Only,2023-08-26 09:00:00,2023-09-02 13:30:00
FDB1430,Self Assessment,EMP409,EMP532,2024-12-01,,,,Teamwork,Delivered the task with great attention to detail and minimal rework needed.,On-time delivery,Code readability,Schedule earlier check-ins with stakeholders,,3,5,5,5,3,High,2024-12-31,True,2024-12-04,,,Team,2024-12-01 09:00:00,2024-12-06 17:15:00
FDB1461,Task Completion,EMP1459,EMP809,2023-09-03,TSK3068,PRJ613,,Teamwork,Delivered the task with great attention to detail and minimal rework needed.,High quality output,"Process adherence,Deadline adherence",,Attend communication workshop,7,8,6,5,8,High,,True,2023-09-05,,,Private,2023-09-03 09:00:00,2023-09-04 16:45:00
FDB1484,Peer Feedback,EMP124,EMP006,2023-07-29,,,,Communication,Communication was proactive and clear during the entire project phase.,Initiative shown,"Deadline adherence,Technical depth",Break large tasks into smaller trackable subtasks,"Complete training,Review documentation",10,10,10,9,10,Low,,True,2023-08-03,,,Private,2023-07-29 09:00:00,2023-08-02 14:30:00
FDB1503,Project Review,EMP812,EMP185,2023-06-17,,PRJ169,TEAM364,Technical Skills,Showed great initiative in identifying and resolving blockers early.,"High quality output,Team support,On-time delivery",Time estimation accuracy,Request early feedback instead of waiting until delivery,Attend communication workshop,7,7,8,8,6,High,2023-07-17,True,2023-06-22,,,Manager Only,2023-06-17 09:00:00,2023-06-23 09:45:00
FDB1514,Peer Feedback,EMP066,EMP162,2024-02-26,,,,Technical Skills,"Good work overall, with some areas to improve in cross-team coordination.","Proactive problem solving,Strong collaboration",Testing coverage,Schedule earlier check-ins with stakeholders,Attend communication workshop,6,5,6,6,4,Medium,,False,,,,Team,2024-02-26 09:00:00,2024-03-04 08:00:00
FDB1589,Peer Feedback,EMP1184,EMP1269,2024-04-27,,,,Teamwork,"Quality of deliverables was high, stakeholders were satisfied.","Team support,Attention to detail",Time estimation accuracy,Break large tasks into smaller trackable subtasks,Attend communication workshop,7,8,7,7,6,Low,,True,2024-05-02,,,Team,2024-04-27 09:00:00,2024-05-03 13:45:00
FDB1601,Task Completion,EMP981,EMP1245,2024-12-21,TSK5828,PRJ378,,Leadership,Showed great initiative in identifying and resolving blockers early.,Technical depth,"Stakeholder updates,Testing coverage",Consider adding more unit tests to improve coverage,"Schedule 1:1 with manager,Review goals",9,7,10,10,10,Medium,,True,2024-12-25,,,Team,2024-12-21 09:00:00,2024-12-25 17:15:00
FDB1610,Peer Feedback,EMP450,EMP1475,2023-12-18,,,,Leadership,Delivery was slightly delayed but final output quality was strong.,Initiative shown,"Deadline adherence,Stakeholder updates",Request early feedback instead of waiting until delivery,"Schedule 1:1 with manager,Review goals",5,5,8,6,7,Medium,,False,,,,Private,2023-12-18 09:00:00,2023-12-23 13:45:00
FDB1663,Task Completion,EMP337,EMP1459,2024-11-10,TSK6140,PRJ552,,Quality,Delivered the task with great attention to detail and minimal rework needed.,"Initiative shown,Team support,High quality output","Technical depth,Process adherence",Request early feedback instead of waiting until delivery,"Complete training,Review documentation",8,9,8,9,9,Low,,True,2024-11-15,Acknowledged — will focus on the suggested areas.,2024-11-16,Private,2024-11-10 09:00:00,2024-11-13 13:15:00
FDB1745,Task Completion,EMP349,EMP382,2024-10-24,TSK5121,PRJ375,,Teamwork,"Quality of deliverables was high, stakeholders were satisfied.",Strong collaboration,"Code readability,Technical depth",Document API endpoints before handoff,"Complete training,Review documentation",5,4,4,4,3,Low,,True,2024-10-28,"Thank you for the feedback, will work on documentation.",2024-10-31,Public,2024-10-24 09:00:00,2024-10-28 09:15:00
FDB1749,Self Assessment,EMP427,EMP488,2024-01-19,,,,Quality,"Good work overall, with some areas to improve in cross-team coordination.","Team support,Clear communication",Technical depth,Schedule earlier check-ins with stakeholders,"Improve test coverage,Update runbook",8,7,9,9,6,Low,,False,,,,Team,2024-01-19 09:00:00,2024-01-25 17:45:00
FDB1758,Self Assessment,EMP485,EMP1041,2023-12-16,,,,Leadership,Delivered the task with great attention to detail and minimal rework needed.,On-time delivery,"Stakeholder updates,Documentation quality",Request early feedback instead of waiting until delivery,"Enroll in leadership course,Improve delegation",6,7,8,7,6,Low,,True,2023-12-17,,,Manager Only,2023-12-16 09:00:00,2023-12-18 14:45:00
FDB1780,Project Review,EMP205,EMP409,2024-03-27,,PRJ795,TEAM856,Communication,"Exceeded expectations on the technical front, peer feedback is very positive.",Team support,Process adherence,Consider adding more unit tests to improve coverage,Attend communication workshop,7,7,7,6,7,High,2024-04-26,True,2024-03-29,"Appreciate the recognition, will continue improving.",2024-04-03,Public,2024-03-27 09:00:00,2024-03-29 16:00:00
FDB1792,Task Completion,EMP546,EMP450,2024-08-20,TSK5539,PRJ641,,Quality,"Exceeded expectations on the technical front, peer feedback is very positive.","Strong collaboration,High quality output",Code readability,Schedule earlier check-ins with stakeholders,"Improve test coverage,Update runbook",5,4,4,4,5,Medium,,True,2024-08-21,Acknowledged — will focus on the suggested areas.,2024-08-23,Private,2024-08-20 09:00:00,2024-08-28 13:30:00
FDB1793,Peer Feedback,EMP1481,EMP1184,2024-09-13,,,,Leadership,Delivered the task with great attention to detail and minimal rework needed.,Strong collaboration,"Documentation quality,Code readability",Schedule earlier check-ins with stakeholders,,10,9,10,9,8,Medium,,True,2024-09-14,,,Public,2024-09-13 09:00:00,2024-09-23 14:30:00
FDB1813,Task Completion,EMP331,EMP051,2025-01-05,TSK8355,PRJ455,,Technical Skills,Delivery was slightly delayed but final output quality was strong.,Attention to detail,"Process adherence,Testing coverage",Request early feedback instead of waiting until delivery,,6,7,8,5,5,High,2025-02-04,True,2025-01-09,,,Manager Only,2025-01-05 09:00:00,2025-01-12 18:00:00
FDB1864,Task Completion,EMP133,EMP185,2024-11-30,TSK5695,PRJ163,,Quality,Technical execution was excellent but documentation was lacking.,"Attention to detail,Initiative shown","Documentation quality,Process adherence",,,7,6,7,7,7,Medium,,False,,,,Team,2024-11-30 09:00:00,2024-12-02 18:45:00
FDB1870,Peer Feedback,EMP149,EMP1329,2024-04-18,,,,Technical Skills,Technical execution was excellent but documentation was lacking.,"Team support,Reliable execution,Strong collaboration",Technical depth,Request early feedback instead of waiting until delivery,"Schedule 1:1 with manager,Review goals",9,8,9,9,10,Low,,True,2024-04-22,,,Team,2024-04-18 09:00:00,2024-04-26 18:00:00
FDB1911,Self Assessment,EMP073,EMP006,2023-07-18,,,,Quality,Showed great initiative in identifying and resolving blockers early.,"Reliable execution,Technical depth,On-time delivery",Testing coverage,Improve commit message quality for better traceability,"Complete training,Review documentation",6,5,5,6,6,High,2023-08-17,True,2023-07-20,"Feedback received and noted, will discuss with manager.",2023-07-23,Manager Only,2023-07-18 09:00:00,2023-07-20 09:30:00
FDB1931,Peer Feedback,EMP650,EMP251,2024-09-20,,,,Communication,"Good work overall, with some areas to improve in cross-team coordination.","Attention to detail,Clear communication,Team support",Cross-team alignment,Request early feedback instead of waiting until delivery,Attend communication workshop,6,8,6,8,7,High,,False,,,,Private,2024-09-20 09:00:00,2024-09-26 16:30:00
FDB1969,Task Completion,EMP409,EMP661,2023-12-28,TSK2753,PRJ322,,Leadership,"Exceeded expectations on the technical front, peer feedback is very positive.","Clear communication,Technical depth,Team support","Documentation quality,Cross-team alignment",Improve commit message quality for better traceability,"Schedule 1:1 with manager,Review goals",10,10,10,8,9,Medium,,False,,,,Private,2023-12-28 09:00:00,2024-01-05 13:15:00
FDB1978,Self Assessment,EMP1498,EMP1041,2024-04-27,,,,Teamwork,"Strong collaboration throughout the sprint, kept the team unblocked.",Team support,Process adherence,Improve commit message quality for better traceability,"Enroll in leadership course,Improve delegation",10,8,9,9,8,High,,True,2024-05-02,Acknowledged — will focus on the suggested areas.,2024-05-04,Team,2024-04-27 09:00:00,2024-05-07 18:00:00
FDB2009,Task Completion,EMP611,EMP1026,2024-06-18,TSK9511,PRJ018,,Quality,"Exceeded expectations on the technical front, peer feedback is very positive.","Reliable execution,High quality output",Technical depth,Break large tasks into smaller trackable subtasks,"Improve test coverage,Update runbook",5,7,6,6,6,Low,,True,2024-06-19,Acknowledged — will focus on the suggested areas.,2024-06-22,Manager Only,2024-06-18 09:00:00,2024-06-21 12:45:00
FDB2129,Project Review,EMP1379,EMP251,2023-06-14,,PRJ303,TEAM249,Teamwork,"Exceeded expectations on the technical front, peer feedback is very positive.","Team support,Reliable execution,Attention to detail","Time estimation accuracy,Testing coverage",Schedule earlier check-ins with stakeholders,,7,5,5,5,4,Medium,,True,2023-06-19,"Thank you for the feedback, will work on documentation.",2023-06-20,Private,2023-06-14 09:00:00,2023-06-15 13:45:00
FDB2140,Task Completion,EMP409,EMP1017,2024-03-09,TSK7662,PRJ529,,Leadership,"Good work overall, with some areas to improve in cross-team coordination.","Initiative shown,Attention to detail,Proactive problem solving","Cross-team alignment,Process adherence",Consider adding more unit tests to improve coverage,"Schedule 1:1 with manager,Review goals",5,6,6,7,6,Low,,True,2024-03-13,,,Team,2024-03-09 09:00:00,2024-03-17 16:00:00
FDB2179,Project Review,EMP399,EMP162,2024-06-12,,PRJ487,TEAM909,Teamwork,"Good work overall, with some areas to improve in cross-team coordination.",High quality output,Time estimation accuracy,Schedule earlier check-ins with stakeholders,"Schedule 1:1 with manager,Review goals",6,7,5,6,5,High,2024-07-12,True,2024-06-14,,,Manager Only,2024-06-12 09:00:00,2024-06-15 11:00:00
FDB2206,Peer Feedback,EMP841,EMP1453,2023-11-12,,,,Quality,"Quality of deliverables was high, stakeholders were satisfied.","Clear communication,On-time delivery","Time estimation accuracy,Testing coverage",Schedule earlier check-ins with stakeholders,"Complete training,Review documentation",10,9,10,9,10,Medium,,False,,,,Team,2023-11-12 09:00:00,2023-11-20 16:15:00
FDB2244,Peer Feedback,EMP1184,EMP560,2023-12-11,,,,Leadership,Technical execution was excellent but documentation was lacking.,"Proactive problem solving,High quality output","Time estimation accuracy,Process adherence",Schedule earlier check-ins with stakeholders,"Enroll in leadership course,Improve delegation",6,6,8,9,8,Medium,,True,2023-12-14,,,Team,2023-12-11 09:00:00,2023-12-19 08:30:00
FDB2271,Task Completion,EMP251,EMP827,2024-10-18,TSK3057,PRJ082,,Technical Skills,"Strong collaboration throughout the sprint, kept the team unblocked.","Team support,On-time delivery,Strong collaboration","Process adherence,Deadline adherence",Request early feedback instead of waiting until delivery,"Enroll in leadership course,Improve delegation",7,7,8,10,5,High,2024-11-17,True,2024-10-21,,,Manager Only,2024-10-18 09:00:00,2024-10-23 16:30:00
FDB2305,Task Completion,EMP1438,EMP006,2024-10-06,TSK5831,PRJ721,,Leadership,Communication was proactive and clear during the entire project phase.,Initiative shown,Code readability,Improve commit message quality for better traceability,"Complete training,Review documentation",7,8,7,8,8,Medium,,True,2024-10-10,,,Manager Only,2024-10-06 09:00:00,2024-10-08 18:45:00
FDB2311,Peer Feedback,EMP287,EMP268,2024-09-06,,,,Quality,"Exceeded expectations on the technical front, peer feedback is very positive.",High quality output,"Process adherence,Code readability",Schedule earlier check-ins with stakeholders,,7,8,8,8,8,Low,,True,2024-09-08,,,Manager Only,2024-09-06 09:00:00,2024-09-13 11:15:00
FDB2319,Task Completion,EMP734,EMP1174,2023-06-13,TSK3584,PRJ304,,Quality,Technical execution was excellent but documentation was lacking.,Initiative shown,Code readability,Improve commit message quality for better traceability,"Improve test coverage,Update runbook",10,9,10,9,10,Medium,,True,2023-06-16,,,Manager Only,2023-06-13 09:00:00,2023-06-22 12:45:00
FDB2323,Task Completion,EMP1041,EMP1311,2023-12-24,TSK7864,PRJ624,,Quality,Technical execution was excellent but documentation was lacking.,Reliable execution,Stakeholder updates,Schedule earlier check-ins with stakeholders,"Schedule 1:1 with manager,Review goals",9,9,9,9,9,Low,,True,2023-12-29,,,Manager Only,2023-12-24 09:00:00,2023-12-27 13:45:00
FDB2327,Peer Feedback,EMP1054,EMP601,2023-10-29,,,,Communication,Showed great initiative in identifying and resolving blockers early.,"Team support,Technical depth,Reliable execution","Deadline adherence,Cross-team alignment",Conduct a brief knowledge-sharing session with the team,"Complete training,Review documentation",5,8,5,6,5,Low,,True,2023-10-30,,,Team,2023-10-29 09:00:00,2023-11-01 08:15:00
FDB2336,Peer Feedback,EMP815,EMP1338,2024-08-22,,,,Technical Skills,Communication was proactive and clear during the entire project phase.,"High quality output,Attention to detail,Clear communication","Documentation quality,Time estimation accuracy",Break large tasks into smaller trackable subtasks,"Complete training,Review documentation",8,6,9,9,8,Medium,,True,2024-08-27,"Feedback received and noted, will discuss with manager.",2024-08-29,Team,2024-08-22 09:00:00,2024-08-25 18:00:00
FDB2338,Task Completion,EMP568,EMP936,2023-11-09,TSK5459,PRJ304,,Teamwork,Showed great initiative in identifying and resolving blockers early.,On-time delivery,"Deadline adherence,Stakeholder updates",Conduct a brief knowledge-sharing session with the team,Attend communication workshop,9,9,6,9,8,High,2023-12-09,True,2023-11-11,,,Manager Only,2023-11-09 09:00:00,2023-11-18 18:45:00
FDB2371,Task Completion,EMP050,EMP186,2024-08-18,TSK0245,PRJ364,,Leadership,Met all deadlines and maintained consistent quality standards.,"Technical depth,Team support,High quality output","Deadline adherence,Time estimation accuracy",Consider adding more unit tests to improve coverage,"Improve test coverage,Update runbook",7,5,7,7,8,Low,,True,2024-08-22,,,Team,2024-08-18 09:00:00,2024-08-28 09:15:00
FDB2389,Peer Feedback,EMP391,EMP1485,2024-09-24,,,,Quality,Delivery was slightly delayed but final output quality was strong.,Reliable execution,Process adherence,Consider adding more unit tests to improve coverage,"Complete training,Review documentation",6,8,6,6,6,Medium,,True,2024-09-26,,,Team,2024-09-24 09:00:00,2024-09-30 15:45:00
FDB2475,Task Completion,EMP767,EMP382,2024-08-12,TSK0945,PRJ334,,Communication,"Exceeded expectations on the technical front, peer feedback is very positive.",Strong collaboration,"Time estimation accuracy,Deadline adherence",Conduct a brief knowledge-sharing session with the team,"Enroll in leadership course,Improve delegation",7,7,7,8,8,Medium,,True,2024-08-14,,,Team,2024-08-12 09:00:00,2024-08-20 17:00:00
FDB2502,Task Completion,EMP392,EMP815,2024-05-07,TSK4445,PRJ266,,Technical Skills,Met all deadlines and maintained consistent quality standards.,"Clear communication,Initiative shown,Team support","Proactive communication,Stakeholder updates",Improve commit message quality for better traceability,"Schedule 1:1 with manager,Review goals",5,3,4,6,3,Medium,,True,2024-05-08,,,Private,2024-05-07 09:00:00,2024-05-13 09:15:00
FDB2503,Self Assessment,EMP391,EMP880,2025-02-25,,,,Leadership,Showed great initiative in identifying and resolving blockers early.,"Team support,Clear communication,High quality output",Cross-team alignment,Consider adding more unit tests to improve coverage,,8,7,5,7,5,Medium,,False,,,,Public,2025-02-25 09:00:00,2025-02-28 16:00:00
FDB2512,Task Completion,EMP1177,EMP251,2024-05-25,TSK7168,PRJ276,,Leadership,Delivered the task with great attention to detail and minimal rework needed.,Team support,Process adherence,Document API endpoints before handoff,"Improve test coverage,Update runbook",7,5,5,6,8,High,2024-06-24,False,,,,Private,2024-05-25 09:00:00,2024-06-02 14:15:00
FDB2539,Self Assessment,EMP1415,EMP1054,2024-08-25,,,,Quality,Delivery was slightly delayed but final output quality was strong.,Initiative shown,"Proactive communication,Stakeholder updates",Improve commit message quality for better traceability,"Improve test coverage,Update runbook",7,6,5,7,5,Medium,,True,2024-08-28,"Appreciate the recognition, will continue improving.",2024-09-02,Team,2024-08-25 09:00:00,2024-09-02 10:45:00
FDB2548,Project Review,EMP611,EMP220,2023-11-13,,PRJ657,TEAM956,Leadership,"Quality of deliverables was high, stakeholders were satisfied.",Clear communication,"Testing coverage,Deadline adherence",Break large tasks into smaller trackable subtasks,"Schedule 1:1 with manager,Review goals",8,8,9,8,8,Medium,,True,2023-11-16,,,Private,2023-11-13 09:00:00,2023-11-21 13:45:00
FDB2574,Task Completion,EMP1088,EMP611,2025-01-18,TSK8607,PRJ261,,Communication,Delivery was slightly delayed but final output quality was strong.,"Attention to detail,Initiative shown,Clear communication",Technical depth,,Attend communication workshop,7,7,7,6,7,Low,,True,2025-01-20,,,Manager Only,2025-01-18 09:00:00,2025-01-24 14:00:00
FDB2615,Task Completion,EMP521,EMP824,2024-07-16,TSK7639,PRJ477,,Technical Skills,"Strong collaboration throughout the sprint, kept the team unblocked.","Technical depth,Team support,Reliable execution","Proactive communication,Code readability",Schedule earlier check-ins with stakeholders,Attend communication workshop,6,6,4,4,6,Medium,,True,2024-07-20,,,Public,2024-07-16 09:00:00,2024-07-17 16:30:00
FDB2649,Self Assessment,EMP815,EMP1069,2024-04-13,,,,Quality,Showed great initiative in identifying and resolving blockers early.,"Team support,Initiative shown,Reliable execution",Testing coverage,Break large tasks into smaller trackable subtasks,"Complete training,Review documentation",7,7,8,7,7,Low,,True,2024-04-18,,,Team,2024-04-13 09:00:00,2024-04-16 08:15:00
FDB2653,Task Completion,EMP831,EMP1092,2025-02-22,TSK7174,PRJ334,,Technical Skills,"Quality of deliverables was high, stakeholders were satisfied.","Reliable execution,Attention to detail",Proactive communication,Conduct a brief knowledge-sharing session with the team,"Complete training,Review documentation",8,8,7,8,7,Medium,,True,2025-02-24,,,Manager Only,2025-02-22 09:00:00,2025-02-22 13:00:00
FDB2794,Task Completion,EMP521,EMP785,2023-09-24,TSK2231,PRJ781,,Technical Skills,Communication was proactive and clear during the entire project phase.,On-time delivery,"Technical depth,Deadline adherence",Schedule earlier check-ins with stakeholders,"Schedule 1:1 with manager,Review goals",5,7,9,7,7,Low,,True,2023-09-28,"Feedback received and noted, will discuss with manager.",2023-10-02,Private,2023-09-24 09:00:00,2023-09-29 18:30:00
FDB2833,Peer Feedback,EMP706,EMP450,2024-07-23,,,,Leadership,Met all deadlines and maintained consistent quality standards.,High quality output,Proactive communication,Document API endpoints before handoff,,10,10,10,9,10,Low,,True,2024-07-27,,,Team,2024-07-23 09:00:00,2024-07-23 12:15:00
FDB2839,Project Review,EMP702,EMP969,2023-11-07,,PRJ407,TEAM510,Communication,Met all deadlines and maintained consistent quality standards.,"Clear communication,Initiative shown",Code readability,Break large tasks into smaller trackable subtasks,"Schedule 1:1 with manager,Review goals",7,5,7,4,5,Medium,,True,2023-11-12,,,Manager Only,2023-11-07 09:00:00,2023-11-14 16:00:00
FDB2842,Project Review,EMP197,EMP427,2023-06-01,,PRJ136,TEAM228,Teamwork,"Exceeded expectations on the technical front, peer feedback is very positive.","On-time delivery,High quality output","Proactive communication,Deadline adherence",Schedule earlier check-ins with stakeholders,,7,7,7,6,7,Low,,True,2023-06-04,,,Manager Only,2023-06-01 09:00:00,2023-06-05 13:15:00
FDB2843,Task Completion,EMP050,EMP338,2024-08-02,TSK8824,PRJ536,,Teamwork,Technical execution was excellent but documentation was lacking.,"Proactive problem solving,On-time delivery","Proactive communication,Stakeholder updates",Conduct a brief knowledge-sharing session with the team,"Improve test coverage,Update runbook",10,9,8,10,8,Medium,,False,,,,Public,2024-08-02 09:00:00,2024-08-11 14:00:00
FDB2863,Peer Feedback,EMP1459,EMP1409,2024-07-25,,,,Leadership,"Exceeded expectations on the technical front, peer feedback is very positive.",Clear communication,"Testing coverage,Proactive communication",Break large tasks into smaller trackable subtasks,"Improve test coverage,Update runbook",7,7,9,7,7,Medium,,True,2024-07-27,"Thank you for the feedback, will work on documentation.",2024-07-28,Manager Only,2024-07-25 09:00:00,2024-07-31 14:00:00
FDB2870,Task Completion,EMP1380,EMP1174,2023-09-16,TSK5784,PRJ052,,Technical Skills,Technical execution was excellent but documentation was lacking.,"High quality output,Clear communication","Documentation quality,Process adherence",Schedule earlier check-ins with stakeholders,,9,10,9,10,9,Medium,,False,,,,Team,2023-09-16 09:00:00,2023-09-20 15:15:00
FDB2914,Project Review,EMP427,EMP1385,2024-07-22,,PRJ206,TEAM203,Teamwork,Showed great initiative in identifying and resolving blockers early.,"Team support,Proactive problem solving","Process adherence,Cross-team alignment",Request early feedback instead of waiting until delivery,Attend communication workshop,10,10,10,10,10,Low,,True,2024-07-26,,,Team,2024-07-22 09:00:00,2024-07-27 13:30:00
FDB2918,Peer Feedback,EMP608,EMP076,2024-05-31,,,,Leadership,Delivered the task with great attention to detail and minimal rework needed.,"On-time delivery,Proactive problem solving,Clear communication",Testing coverage,Schedule earlier check-ins with stakeholders,"Enroll in leadership course,Improve delegation",7,8,8,6,8,Low,,False,,,,Manager Only,2024-05-31 09:00:00,2024-06-02 18:15:00
FDB2932,Project Review,EMP267,EMP1274,2024-07-30,,PRJ127,TEAM754,Teamwork,Delivered the task with great attention to detail and minimal rework needed.,"Team support,Attention to detail","Time estimation accuracy,Process adherence",,"Improve test coverage,Update runbook",8,9,7,10,8,Medium,,True,2024-08-03,,,Private,2024-07-30 09:00:00,2024-07-30 11:00:00
FDB2954,Project Review,EMP382,EMP600,2024-11-06,,PRJ796,TEAM819,Teamwork,Technical execution was excellent but documentation was lacking.,Strong collaboration,"Deadline adherence,Technical depth",,Attend communication workshop,6,6,6,5,5,Low,,False,,,,Private,2024-11-06 09:00:00,2024-11-13 17:00:00
FDB2996,Peer Feedback,EMP076,EMP321,2023-11-27,,,,Quality,"Strong collaboration throughout the sprint, kept the team unblocked.",Clear communication,Technical depth,Break large tasks into smaller trackable subtasks,Attend communication workshop,9,10,8,8,9,High,,True,2023-11-30,"Feedback received and noted, will discuss with manager.",2023-12-02,Private,2023-11-27 09:00:00,2023-11-28 09:15:00
FDB2999,Peer Feedback,EMP1233,EMP149,2025-01-04,,,,Communication,Showed great initiative in identifying and resolving blockers early.,"Clear communication,Technical depth","Testing coverage,Cross-team alignment",,"Enroll in leadership course,Improve delegation",10,6,9,8,9,High,2025-02-03,True,2025-01-08,"Feedback received and noted, will discuss with manager.",2025-01-11,Manager Only,2025-01-04 09:00:00,2025-01-14 18:30:00
FDB3024,Task Completion,EMP839,EMP382,2024-09-20,TSK1547,PRJ260,,Technical Skills,Delivery was slightly delayed but final output quality was strong.,"Initiative shown,Attention to detail",Proactive communication,Request early feedback instead of waiting until delivery,Attend communication workshop,8,8,7,7,7,Medium,,False,,,,Manager Only,2024-09-20 09:00:00,2024-09-26 17:15:00
FDB3031,Peer Feedback,EMP1401,EMP267,2025-01-17,,,,Teamwork,Communication was proactive and clear during the entire project phase.,Reliable execution,Cross-team alignment,,"Schedule 1:1 with manager,Review goals",10,10,10,8,10,High,,True,2025-01-22,,,Team,2025-01-17 09:00:00,2025-01-26 17:00:00
FDB3071,Project Review,EMP1092,EMP777,2024-06-27,,PRJ667,TEAM162,Quality,Delivery was slightly delayed but final output quality was strong.,Reliable execution,"Deadline adherence,Technical depth",Document API endpoints before handoff,"Schedule 1:1 with manager,Review goals",10,7,8,8,8,High,2024-07-27,True,2024-06-29,,,Manager Only,2024-06-27 09:00:00,2024-07-06 11:00:00
FDB3111,Peer Feedback,EMP1395,EMP1326,2023-09-01,,,,Teamwork,"Quality of deliverables was high, stakeholders were satisfied.","Reliable execution,High quality output,Strong collaboration","Technical depth,Documentation quality",,"Complete training,Review documentation",9,7,9,8,8,Low,,True,2023-09-04,,,Manager Only,2023-09-01 09:00:00,2023-09-07 11:30:00
FDB3116,Peer Feedback,EMP553,EMP1184,2025-01-06,,,,Leadership,"Exceeded expectations on the technical front, peer feedback is very positive.","On-time delivery,Clear communication,Strong collaboration","Deadline adherence,Process adherence",Request early feedback instead of waiting until delivery,"Improve test coverage,Update runbook",7,5,6,7,7,Low,,True,2025-01-09,"Thank you for the feedback, will work on documentation.",2025-01-10,Team,2025-01-06 09:00:00,2025-01-10 10:45:00
FDB3120,Peer Feedback,EMP050,EMP633,2024-10-30,,,,Communication,Delivery was slightly delayed but final output quality was strong.,"High quality output,Team support,Strong collaboration",Cross-team alignment,Request early feedback instead of waiting until delivery,"Enroll in leadership course,Improve delegation",7,8,7,9,8,Medium,,True,2024-11-03,Acknowledged — will focus on the suggested areas.,2024-11-06,Private,2024-10-30 09:00:00,2024-11-09 11:30:00
FDB3147,Project Review,EMP762,EMP006,2023-07-14,,PRJ747,TEAM850,Quality,Delivered the task with great attention to detail and minimal rework needed.,Attention to detail,Stakeholder updates,Improve commit message quality for better traceability,"Complete training,Review documentation",7,5,7,8,8,Medium,,False,,,,Manager Only,2023-07-14 09:00:00,2023-07-22 18:45:00
FDB3175,Peer Feedback,EMP1041,EMP867,2023-11-28,,,,Communication,"Good work overall, with some areas to improve in cross-team coordination.","Reliable execution,High quality output,Clear communication",Code readability,Improve commit message quality for better traceability,,6,7,7,7,7,High,2023-12-28,True,2023-11-29,,,Private,2023-11-28 09:00:00,2023-11-28 14:15:00
FDB3180,Project Review,EMP1245,EMP197,2025-01-20,,PRJ515,TEAM161,Technical Skills,Showed great initiative in identifying and resolving blockers early.,"Strong collaboration,Proactive problem solving,High quality output",Stakeholder updates,Schedule earlier check-ins with stakeholders,"Enroll in leadership course,Improve delegation",7,8,8,7,8,Low,,False,,,,Public,2025-01-20 09:00:00,2025-01-22 13:00:00
FDB3211,Project Review,EMP936,EMP211,2024-07-06,,PRJ698,TEAM675,Teamwork,Communication was proactive and clear during the entire project phase.,"Initiative shown,Clear communication,Team support","Deadline adherence,Cross-team alignment",Request early feedback instead of waiting until delivery,Attend communication workshop,8,8,8,8,7,Medium,,True,2024-07-07,,,Manager Only,2024-07-06 09:00:00,2024-07-09 17:15:00
FDB3234,Project Review,EMP841,EMP412,2024-11-23,,PRJ315,TEAM865,Technical Skills,Delivered the task with great attention to detail and minimal rework needed.,"On-time delivery,High quality output,Initiative shown",Code readability,Schedule earlier check-ins with stakeholders,"Complete training,Review documentation",8,8,8,7,7,Medium,,False,,,,Team,2024-11-23 09:00:00,2024-12-03 18:45:00
FDB3236,Task Completion,EMP1092,EMP037,2024-10-11,TSK8080,PRJ550,,Leadership,Communication was proactive and clear during the entire project phase.,"Reliable execution,Technical depth","Testing coverage,Cross-team alignment",Consider adding more unit tests to improve coverage,"Schedule 1:1 with manager,Review goals",7,7,6,6,6,Medium,,False,,,,Manager Only,2024-10-11 09:00:00,2024-10-16 11:45:00
FDB3238,Project Review,EMP1142,EMP382,2024-01-03,,PRJ657,TEAM061,Teamwork,"Strong collaboration throughout the sprint, kept the team unblocked.","Clear communication,High quality output","Proactive communication,Technical depth",,"Schedule 1:1 with manager,Review goals",6,7,6,6,6,Medium,,True,2024-01-08,,,Private,2024-01-03 09:00:00,2024-01-11 12:45:00
FDB3258,Task Completion,EMP006,EMP1061,2024-10-20,TSK6459,PRJ080,,Leadership,Delivered the task with great attention to detail and minimal rework needed.,On-time delivery,Proactive communication,Document API endpoints before handoff,,8,8,9,7,7,Medium,,False,,,,Team,2024-10-20 09:00:00,2024-10-21 18:00:00
FDB3294,Task Completion,EMP538,EMP1245,2024-05-10,TSK4108,PRJ022,,Leadership,Delivery was slightly delayed but final output quality was strong.,"Clear communication,Attention to detail",Proactive communication,Request early feedback instead of waiting until delivery,Attend communication workshop,7,7,4,7,8,Low,,True,2024-05-11,,,Team,2024-05-10 09:00:00,2024-05-11 16:15:00
FDB3304,Self Assessment,EMP702,EMP136,2023-09-29,,,,Technical Skills,Delivery was slightly delayed but final output quality was strong.,High quality output,Technical depth,Improve commit message quality for better traceability,,6,6,6,6,6,Medium,,True,2023-09-30,,,Public,2023-09-29 09:00:00,2023-10-08 10:15:00
FDB3308,Task Completion,EMP155,EMP409,2024-11-15,TSK6061,PRJ075,,Communication,Showed great initiative in identifying and resolving blockers early.,"Initiative shown,Attention to detail,Technical depth","Stakeholder updates,Code readability",Break large tasks into smaller trackable subtasks,"Complete training,Review documentation",8,7,9,9,9,Medium,,True,2024-11-19,,,Public,2024-11-15 09:00:00,2024-11-24 09:00:00
FDB3310,Task Completion,EMP1269,EMP936,2024-02-26,TSK7457,PRJ277,,Quality,"Good work overall, with some areas to improve in cross-team coordination.","On-time delivery,Team support,Reliable execution",Process adherence,Request early feedback instead of waiting until delivery,"Enroll in leadership course,Improve delegation",6,6,6,7,7,High,2024-03-27,False,,,,Team,2024-02-26 09:00:00,2024-03-01 11:45:00
FDB3353,Project Review,EMP450,EMP1282,2024-01-05,,PRJ768,TEAM119,Leadership,Delivered the task with great attention to detail and minimal rework needed.,"Clear communication,Initiative shown",Time estimation accuracy,Document API endpoints before handoff,"Complete training,Review documentation",8,9,8,9,9,High,2024-02-04,False,,,,Manager Only,2024-01-05 09:00:00,2024-01-09 12:30:00
FDB3385,Project Review,EMP994,EMP1092,2023-07-15,,PRJ542,TEAM777,Leadership,Technical execution was excellent but documentation was lacking.,Team support,"Deadline adherence,Cross-team alignment",Break large tasks into smaller trackable subtasks,Attend communication workshop,9,9,7,9,8,Medium,,True,2023-07-18,"Feedback received and noted, will discuss with manager.",2023-07-19,Manager Only,2023-07-15 09:00:00,2023-07-15 16:45:00
FDB3410,Project Review,EMP185,EMP1255,2023-08-07,,PRJ582,TEAM690,Leadership,"Strong collaboration throughout the sprint, kept the team unblocked.",Attention to detail,Cross-team alignment,Consider adding more unit tests to improve coverage,"Schedule 1:1 with manager,Review goals",10,10,6,9,7,Low,,True,2023-08-09,,,Manager Only,2023-08-07 09:00:00,2023-08-08 13:30:00
FDB3482,Self Assessment,EMP450,EMP786,2023-09-15,,,,Quality,"Strong collaboration throughout the sprint, kept the team unblocked.",Proactive problem solving,Process adherence,Document API endpoints before handoff,"Enroll in leadership course,Improve delegation",9,8,10,10,9,Medium,,False,,,,Team,2023-09-15 09:00:00,2023-09-15 18:45:00
FDB3516,Peer Feedback,EMP934,EMP427,2023-12-08,,,,Leadership,Delivered the task with great attention to detail and minimal rework needed.,"Technical depth,Proactive problem solving","Proactive communication,Stakeholder updates",Schedule earlier check-ins with stakeholders,Attend communication workshop,9,8,9,10,10,Medium,,True,2023-12-09,,,Team,2023-12-08 09:00:00,2023-12-14 15:00:00
FDB3531,Peer Feedback,EMP611,EMP1091,2024-08-11,,,,Quality,Communication was proactive and clear during the entire project phase.,"Strong collaboration,Attention to detail",Documentation quality,,"Complete training,Review documentation",8,9,7,9,9,Low,,True,2024-08-15,"Appreciate the recognition, will continue improving.",2024-08-17,Manager Only,2024-08-11 09:00:00,2024-08-17 08:45:00
FDB3553,Task Completion,EMP409,EMP1216,2024-05-12,TSK3266,PRJ326,,Communication,Technical execution was excellent but documentation was lacking.,"Attention to detail,Reliable execution",Code readability,Consider adding more unit tests to improve coverage,"Improve test coverage,Update runbook",9,9,9,8,10,Medium,,False,,,,Private,2024-05-12 09:00:00,2024-05-15 18:30:00
FDB3623,Peer Feedback,EMP185,EMP064,2023-11-20,,,,Communication,"Quality of deliverables was high, stakeholders were satisfied.","High quality output,Clear communication,Technical depth","Technical depth,Testing coverage",Break large tasks into smaller trackable subtasks,,8,9,8,8,7,Medium,,True,2023-11-25,,,Manager Only,2023-11-20 09:00:00,2023-11-29 11:45:00
FDB3648,Project Review,EMP287,EMP482,2024-06-27,,PRJ435,TEAM670,Quality,"Strong collaboration throughout the sprint, kept the team unblocked.","Proactive problem solving,Attention to detail,Clear communication",Process adherence,Improve commit message quality for better traceability,"Enroll in leadership course,Improve delegation",9,8,8,8,7,Low,,True,2024-06-30,,,Public,2024-06-27 09:00:00,2024-06-30 11:45:00
FDB3649,Task Completion,EMP300,EMP162,2023-12-31,TSK4943,PRJ767,,Quality,Communication was proactive and clear during the entire project phase.,"Attention to detail,Technical depth",Code readability,Conduct a brief knowledge-sharing session with the team,"Improve test coverage,Update runbook",8,9,8,8,10,High,2024-01-30,True,2024-01-05,,,Manager Only,2023-12-31 09:00:00,2024-01-01 10:30:00
FDB3692,Project Review,EMP521,EMP707,2023-10-03,,PRJ159,TEAM691,Teamwork,Showed great initiative in identifying and resolving blockers early.,On-time delivery,Deadline adherence,Consider adding more unit tests to improve coverage,"Complete training,Review documentation",7,6,5,8,7,Medium,,True,2023-10-04,Acknowledged — will focus on the suggested areas.,2023-10-06,Team,2023-10-03 09:00:00,2023-10-11 08:00:00
FDB3706,Self Assessment,EMP400,EMP521,2023-12-01,,,,Teamwork,Met all deadlines and maintained consistent quality standards.,"Team support,Initiative shown",Stakeholder updates,Request early feedback instead of waiting until delivery,"Complete training,Review documentation",10,10,10,10,8,Medium,,True,2023-12-04,,,Team,2023-12-01 09:00:00,2023-12-08 14:00:00
FDB3731,Task Completion,EMP1154,EMP162,2024-12-16,TSK0583,PRJ046,,Leadership,Met all deadlines and maintained consistent quality standards.,Attention to detail,"Documentation quality,Proactive communication",Schedule earlier check-ins with stakeholders,"Schedule 1:1 with manager,Review goals",7,7,5,7,5,Medium,,True,2024-12-19,,,Private,2024-12-16 09:00:00,2024-12-22 16:45:00
FDB3865,Peer Feedback,EMP222,EMP450,2024-07-19,,,,Leadership,"Good work overall, with some areas to improve in cross-team coordination.","Clear communication,Reliable execution,Technical depth","Code readability,Stakeholder updates",,Attend communication workshop,9,10,8,10,9,Medium,,True,2024-07-22,"Feedback received and noted, will discuss with manager.",2024-07-25,Team,2024-07-19 09:00:00,2024-07-27 16:30:00
FDB3873,Self Assessment,EMP841,EMP1342,2025-02-18,,,,Communication,Showed great initiative in identifying and resolving blockers early.,"Initiative shown,Technical depth,Strong collaboration",Code readability,Schedule earlier check-ins with stakeholders,"Complete training,Review documentation",9,7,7,8,9,Low,,True,2025-02-19,,,Team,2025-02-18 09:00:00,2025-02-18 11:00:00
FDB3905,Project Review,EMP409,EMP889,2023-08-21,,PRJ738,TEAM022,Technical Skills,"Good work overall, with some areas to improve in cross-team coordination.",Attention to detail,"Testing coverage,Technical depth",Request early feedback instead of waiting until delivery,"Schedule 1:1 with manager,Review goals",8,6,8,8,8,Medium,,True,2023-08-23,,,Manager Only,2023-08-21 09:00:00,2023-08-31 12:00:00
FDB3906,Project Review,EMP1163,EMP1326,2024-11-26,,PRJ632,TEAM258,Leadership,"Strong collaboration throughout the sprint, kept the team unblocked.","Initiative shown,Strong collaboration,Team support","Documentation quality,Deadline adherence",Document API endpoints before handoff,"Improve test coverage,Update runbook",8,8,9,7,7,Low,,False,,,,Team,2024-11-26 09:00:00,2024-12-04 12:00:00
FDB3908,Task Completion,EMP251,EMP1109,2023-08-15,TSK8024,PRJ616,,Teamwork,Delivery was slightly delayed but final output quality was strong.,On-time delivery,"Proactive communication,Technical depth",Schedule earlier check-ins with stakeholders,,10,10,10,10,9,Low,,False,,,,Team,2023-08-15 09:00:00,2023-08-15 12:30:00
FDB3910,Task Completion,EMP645,EMP084,2024-02-16,TSK1032,PRJ485,,Technical Skills,Delivery was slightly delayed but final output quality was strong.,"Initiative shown,Attention to detail",Process adherence,Consider adding more unit tests to improve coverage,"Schedule 1:1 with manager,Review goals",5,4,5,5,5,Medium,,False,,,,Team,2024-02-16 09:00:00,2024-02-18 10:30:00
FDB3917,Project Review,EMP251,EMP936,2024-11-03,,PRJ051,TEAM679,Teamwork,"Quality of deliverables was high, stakeholders were satisfied.","High quality output,Proactive problem solving,Team support",Deadline adherence,Request early feedback instead of waiting until delivery,,4,6,6,7,5,High,,False,,,,Manager Only,2024-11-03 09:00:00,2024-11-03 12:45:00
FDB3972,Task Completion,EMP275,EMP899,2025-02-09,TSK7325,PRJ299,,Teamwork,Delivered the task with great attention to detail and minimal rework needed.,"Proactive problem solving,Attention to detail,Clear communication",Time estimation accuracy,Break large tasks into smaller trackable subtasks,"Improve test coverage,Update runbook",7,5,5,7,6,Medium,,True,2025-02-10,,,Team,2025-02-09 09:00:00,2025-02-19 12:45:00
FDB3985,Peer Feedback,EMP1041,EMP447,2023-10-10,,,,Communication,Showed great initiative in identifying and resolving blockers early.,"Team support,Clear communication",Time estimation accuracy,Consider adding more unit tests to improve coverage,Attend communication workshop,6,5,8,6,6,Low,,True,2023-10-13,"Feedback received and noted, will discuss with manager.",2023-10-16,Manager Only,2023-10-10 09:00:00,2023-10-14 12:00:00
FDB3989,Peer Feedback,EMP029,EMP076,2024-05-19,,,,Leadership,Showed great initiative in identifying and resolving blockers early.,"Proactive problem solving,Technical depth","Code readability,Proactive communication",Document API endpoints before handoff,"Enroll in leadership course,Improve delegation",5,7,5,8,8,Medium,,True,2024-05-22,,,Private,2024-05-19 09:00:00,2024-05-21 18:00:00
FDB4043,Peer Feedback,EMP785,EMP382,2024-02-24,,,,Communication,"Quality of deliverables was high, stakeholders were satisfied.","Strong collaboration,Reliable execution","Documentation quality,Process adherence",Request early feedback instead of waiting until delivery,"Complete training,Review documentation",7,6,7,7,5,Low,,False,,,,Public,2024-02-24 09:00:00,2024-03-03 15:30:00
FDB4056,Peer Feedback,EMP427,EMP345,2024-04-25,,,,Quality,Showed great initiative in identifying and resolving blockers early.,High quality output,"Stakeholder updates,Deadline adherence",Conduct a brief knowledge-sharing session with the team,"Complete training,Review documentation",7,7,6,7,7,High,2024-05-25,True,2024-04-26,,,Private,2024-04-25 09:00:00,2024-04-25 13:15:00
FDB4096,Peer Feedback,EMP450,EMP941,2023-06-01,,,,Communication,"Good work overall, with some areas to improve in cross-team coordination.","High quality output,Attention to detail,Strong collaboration","Deadline adherence,Technical depth",,,9,10,9,10,9,Medium,,True,2023-06-04,"Feedback received and noted, will discuss with manager.",2023-06-09,Manager Only,2023-06-01 09:00:00,2023-06-04 08:00:00
FDB4108,Project Review,EMP1245,EMP510,2024-11-21,,PRJ348,TEAM425,Leadership,Delivered the task with great attention to detail and minimal rework needed.,"Proactive problem solving,Attention to detail","Stakeholder updates,Documentation quality",Improve commit message quality for better traceability,"Complete training,Review documentation",7,7,8,7,7,Medium,,True,2024-11-25,"Thank you for the feedback, will work on documentation.",2024-11-27,Manager Only,2024-11-21 09:00:00,2024-11-21 17:30:00
FDB4113,Task Completion,EMP427,EMP560,2023-12-02,TSK5298,PRJ644,,Leadership,"Good work overall, with some areas to improve in cross-team coordination.","Proactive problem solving,Attention to detail,Technical depth",Cross-team alignment,Document API endpoints before handoff,"Schedule 1:1 with manager,Review goals",7,7,7,4,6,Medium,,True,2023-12-04,,,Public,2023-12-02 09:00:00,2023-12-04 11:30:00
FDB4126,Task Completion,EMP050,EMP439,2025-01-21,TSK9127,PRJ661,,Leadership,Met all deadlines and maintained consistent quality standards.,"Technical depth,Clear communication,Reliable execution","Proactive communication,Technical depth",Break large tasks into smaller trackable subtasks,"Schedule 1:1 with manager,Review goals",6,4,6,5,5,Low,,True,2025-01-23,"Feedback received and noted, will discuss with manager.",2025-01-26,Private,2025-01-21 09:00:00,2025-01-29 16:15:00
FDB4136,Project Review,EMP149,EMP612,2024-06-15,,PRJ236,TEAM938,Communication,Delivery was slightly delayed but final output quality was strong.,"On-time delivery,Initiative shown","Technical depth,Proactive communication",Improve commit message quality for better traceability,Attend communication workshop,6,5,4,5,6,Low,,False,,,,Manager Only,2024-06-15 09:00:00,2024-06-23 12:30:00
FDB4151,Peer Feedback,EMP1195,EMP521,2024-07-06,,,,Teamwork,"Quality of deliverables was high, stakeholders were satisfied.",Attention to detail,"Technical depth,Stakeholder updates",,"Schedule 1:1 with manager,Review goals",7,7,8,7,7,Medium,,False,,,,Private,2024-07-06 09:00:00,2024-07-08 18:00:00
FDB4160,Peer Feedback,EMP041,EMP1174,2024-04-13,,,,Communication,Delivered the task with great attention to detail and minimal rework needed.,Attention to detail,Code readability,Consider adding more unit tests to improve coverage,"Enroll in leadership course,Improve delegation",6,5,5,5,5,High,,True,2024-04-14,,,Public,2024-04-13 09:00:00,2024-04-14 11:00:00
FDB4176,Peer Feedback,EMP391,EMP846,2024-11-03,,,,Leadership,Communication was proactive and clear during the entire project phase.,"High quality output,Strong collaboration,On-time delivery","Technical depth,Time estimation accuracy",Document API endpoints before handoff,Attend communication workshop,8,7,7,9,7,Low,,False,,,,Team,2024-11-03 09:00:00,2024-11-09 14:45:00
FDB4186,Project Review,EMP475,EMP1459,2025-01-30,,PRJ171,TEAM036,Communication,"Exceeded expectations on the technical front, peer feedback is very positive.","Attention to detail,Team support",Deadline adherence,Break large tasks into smaller trackable subtasks,"Complete training,Review documentation",4,7,6,8,7,Medium,,True,2025-01-31,,,Private,2025-01-30 09:00:00,2025-02-09 16:00:00
FDB4189,Project Review,EMP267,EMP756,2025-02-06,,PRJ157,TEAM978,Technical Skills,Met all deadlines and maintained consistent quality standards.,"Team support,Strong collaboration","Documentation quality,Proactive communication",Improve commit message quality for better traceability,"Schedule 1:1 with manager,Review goals",7,9,9,7,9,Medium,,True,2025-02-07,,,Private,2025-02-06 09:00:00,2025-02-10 11:00:00
FDB4235,Project Review,EMP630,EMP1193,2024-06-13,,PRJ104,TEAM094,Teamwork,"Quality of deliverables was high, stakeholders were satisfied.","Initiative shown,Technical depth,Attention to detail",Documentation quality,Break large tasks into smaller trackable subtasks,,8,6,7,8,6,Medium,,True,2024-06-16,,,Team,2024-06-13 09:00:00,2024-06-16 09:15:00
FDB4325,Project Review,EMP1321,EMP611,2024-11-11,,PRJ490,TEAM175,Teamwork,Met all deadlines and maintained consistent quality standards.,"Team support,On-time delivery,Strong collaboration","Documentation quality,Code readability",Document API endpoints before handoff,,9,10,7,8,9,Low,,False,,,,Team,2024-11-11 09:00:00,2024-11-15 18:45:00
FDB4328,Project Review,EMP815,EMP866,2024-06-15,,PRJ565,TEAM625,Technical Skills,"Good work overall, with some areas to improve in cross-team coordination.","Proactive problem solving,High quality output,Initiative shown",Documentation quality,Schedule earlier check-ins with stakeholders,"Enroll in leadership course,Improve delegation",8,5,7,6,6,Low,,True,2024-06-16,,,Team,2024-06-15 09:00:00,2024-06-16 18:45:00
FDB4342,Project Review,EMP162,EMP552,2024-05-29,,PRJ234,TEAM809,Teamwork,Met all deadlines and maintained consistent quality standards.,"High quality output,Attention to detail,Technical depth",Process adherence,Consider adding more unit tests to improve coverage,,9,10,10,9,9,Medium,,True,2024-06-01,,,Private,2024-05-29 09:00:00,2024-06-02 13:15:00
FDB4355,Task Completion,EMP1174,EMP171,2024-04-04,TSK1304,PRJ790,,Communication,"Strong collaboration throughout the sprint, kept the team unblocked.","Clear communication,High quality output,Initiative shown","Time estimation accuracy,Testing coverage",,Attend communication workshop,10,10,10,10,9,High,2024-05-04,True,2024-04-07,,,Private,2024-04-04 09:00:00,2024-04-06 08:15:00
FDB4365,Task Completion,EMP1169,EMP149,2023-07-07,TSK1399,PRJ517,,Leadership,"Exceeded expectations on the technical front, peer feedback is very positive.","Clear communication,Strong collaboration,Team support",Deadline adherence,,Attend communication workshop,7,9,9,7,8,Medium,,False,,,,Public,2023-07-07 09:00:00,2023-07-11 18:15:00
FDB4377,Peer Feedback,EMP322,EMP936,2023-12-23,,,,Teamwork,Delivery was slightly delayed but final output quality was strong.,"Reliable execution,Proactive problem solving,Clear communication","Deadline adherence,Process adherence",Conduct a brief knowledge-sharing session with the team,Attend communication workshop,6,9,8,7,7,High,2024-01-22,True,2023-12-28,,,Private,2023-12-23 09:00:00,2023-12-31 15:30:00
FDB4380,Task Completion,EMP740,EMP996,2023-07-28,TSK4021,PRJ361,,Teamwork,Delivered the task with great attention to detail and minimal rework needed.,High quality output,"Testing coverage,Time estimation accuracy",Improve commit message quality for better traceability,"Complete training,Review documentation",9,10,9,9,7,High,2023-08-27,False,,,,Team,2023-07-28 09:00:00,2023-08-07 13:30:00
FDB4385,Project Review,EMP1439,EMP740,2024-06-05,,PRJ559,TEAM240,Quality,Showed great initiative in identifying and resolving blockers early.,"Strong collaboration,Technical depth","Code readability,Stakeholder updates",Improve commit message quality for better traceability,"Improve test coverage,Update runbook",8,8,8,10,8,Medium,,True,2024-06-09,,,Private,2024-06-05 09:00:00,2024-06-14 17:15:00
FDB4406,Task Completion,EMP1245,EMP796,2023-11-09,TSK6665,PRJ649,,Communication,Delivery was slightly delayed but final output quality was strong.,Reliable execution,"Time estimation accuracy,Cross-team alignment",Request early feedback instead of waiting until delivery,"Complete training,Review documentation",7,4,6,6,8,Low,,False,,,,Team,2023-11-09 09:00:00,2023-11-14 17:00:00
FDB4422,Project Review,EMP533,EMP611,2023-08-04,,PRJ636,TEAM866,Quality,Met all deadlines and maintained consistent quality standards.,"On-time delivery,Reliable execution,Initiative shown",Code readability,Consider adding more unit tests to improve coverage,"Improve test coverage,Update runbook",9,9,10,10,10,High,,True,2023-08-06,,,Team,2023-08-04 09:00:00,2023-08-11 12:15:00
FDB4453,Task Completion,EMP382,EMP302,2024-03-26,TSK1091,PRJ425,,Communication,Technical execution was excellent but documentation was lacking.,"On-time delivery,Proactive problem solving,Technical depth","Time estimation accuracy,Deadline adherence",Consider adding more unit tests to improve coverage,,8,7,7,7,7,Medium,,True,2024-03-31,,,Team,2024-03-26 09:00:00,2024-03-31 10:30:00
FDB4475,Task Completion,EMP498,EMP1326,2024-07-29,TSK2655,PRJ531,,Leadership,"Exceeded expectations on the technical front, peer feedback is very positive.",On-time delivery,"Technical depth,Process adherence",Request early feedback instead of waiting until delivery,"Improve test coverage,Update runbook",7,6,6,4,5,Medium,,False,,,,Team,2024-07-29 09:00:00,2024-07-31 08:45:00
FDB4489,Self Assessment,EMP587,EMP149,2023-06-24,,,,Leadership,Communication was proactive and clear during the entire project phase.,"Reliable execution,Clear communication,Team support","Code readability,Deadline adherence",Break large tasks into smaller trackable subtasks,"Schedule 1:1 with manager,Review goals",10,10,9,10,9,Low,,True,2023-06-27,"Feedback received and noted, will discuss with manager.",2023-06-30,Private,2023-06-24 09:00:00,2023-06-27 12:30:00
FDB4490,Peer Feedback,EMP693,EMP1174,2023-12-22,,,,Communication,Communication was proactive and clear during the entire project phase.,"Strong collaboration,High quality output","Process adherence,Documentation quality",Conduct a brief knowledge-sharing session with the team,,5,5,5,5,6,Medium,,True,2023-12-27,,,Team,2023-12-22 09:00:00,2023-12-23 09:00:00
FDB4497,Peer Feedback,EMP051,EMP924,2024-11-27,,,,Communication,Delivered the task with great attention to detail and minimal rework needed.,"Attention to detail,Strong collaboration",Proactive communication,,"Improve test coverage,Update runbook",8,8,8,9,8,High,2024-12-27,True,2024-12-02,,,Manager Only,2024-11-27 09:00:00,2024-12-05 16:15:00
FDB4512,Peer Feedback,EMP966,EMP450,2023-08-29,,,,Technical Skills,Delivered the task with great attention to detail and minimal rework needed.,"Initiative shown,Attention to detail,High quality output","Stakeholder updates,Process adherence",Improve commit message quality for better traceability,"Enroll in leadership course,Improve delegation",9,8,8,8,6,Medium,,True,2023-08-30,"Feedback received and noted, will discuss with manager.",2023-08-31,Team,2023-08-29 09:00:00,2023-09-05 14:45:00
FDB4521,Peer Feedback,EMP600,EMP1184,2023-10-03,,,,Technical Skills,Delivery was slightly delayed but final output quality was strong.,Team support,Proactive communication,Schedule earlier check-ins with stakeholders,"Schedule 1:1 with manager,Review goals",7,6,6,6,7,High,2023-11-02,True,2023-10-08,,,Manager Only,2023-10-03 09:00:00,2023-10-05 15:30:00
FDB4533,Peer Feedback,EMP611,EMP373,2025-01-03,,,,Teamwork,"Exceeded expectations on the technical front, peer feedback is very positive.",Strong collaboration,"Time estimation accuracy,Documentation quality",,Attend communication workshop,9,8,10,9,8,High,2025-02-02,True,2025-01-04,,,Public,2025-01-03 09:00:00,2025-01-10 09:15:00
FDB4541,Task Completion,EMP427,EMP202,2024-03-27,TSK7241,PRJ251,,Leadership,"Strong collaboration throughout the sprint, kept the team unblocked.","Reliable execution,High quality output",Proactive communication,Consider adding more unit tests to improve coverage,"Improve test coverage,Update runbook",9,9,9,9,9,Low,,False,,,,Manager Only,2024-03-27 09:00:00,2024-04-05 16:00:00
FDB4555,Peer Feedback,EMP149,EMP147,2023-09-13,,,,Leadership,Delivered the task with great attention to detail and minimal rework needed.,"Clear communication,Strong collaboration","Process adherence,Testing coverage",,"Enroll in leadership course,Improve delegation",8,9,6,9,7,High,2023-10-13,True,2023-09-17,"Appreciate the recognition, will continue improving.",2023-09-22,Public,2023-09-13 09:00:00,2023-09-15 13:15:00
FDB4560,Peer Feedback,EMP955,EMP006,2023-09-25,,,,Leadership,Delivered the task with great attention to detail and minimal rework needed.,High quality output,Technical depth,Consider adding more unit tests to improve coverage,,6,7,6,7,5,Medium,,False,,,,Team,2023-09-25 09:00:00,2023-09-27 12:15:00
FDB4564,Peer Feedback,EMP409,EMP974,2025-02-24,,,,Leadership,"Exceeded expectations on the technical front, peer feedback is very positive.","Reliable execution,Technical depth",Code readability,Improve commit message quality for better traceability,"Improve test coverage,Update runbook",6,7,6,7,6,High,2025-03-26,True,2025-03-01,,,Manager Only,2025-02-24 09:00:00,2025-03-04 14:15:00
FDB4565,Peer Feedback,EMP1356,EMP450,2023-11-25,,,,Quality,Delivered the task with great attention to detail and minimal rework needed.,Technical depth,"Stakeholder updates,Code readability",Schedule earlier check-ins with stakeholders,"Improve test coverage,Update runbook",8,8,9,8,8,Low,,True,2023-11-27,,,Manager Only,2023-11-25 09:00:00,2023-11-29 11:00:00
FDB4613,Project Review,EMP1163,EMP287,2024-04-11,,PRJ009,TEAM831,Quality,Technical execution was excellent but documentation was lacking.,"Clear communication,Strong collaboration",Stakeholder updates,,"Enroll in leadership course,Improve delegation",8,7,9,8,7,Medium,,True,2024-04-16,"Feedback received and noted, will discuss with manager.",2024-04-19,Team,2024-04-11 09:00:00,2024-04-19 11:30:00
FDB4624,Project Review,EMP245,EMP006,2024-12-25,,PRJ386,TEAM450,Quality,"Strong collaboration throughout the sprint, kept the team unblocked.","Strong collaboration,Attention to detail",Proactive communication,Consider adding more unit tests to improve coverage,"Improve test coverage,Update runbook",7,9,8,8,7,High,,False,,,,Team,2024-12-25 09:00:00,2024-12-26 18:00:00
FDB4642,Self Assessment,EMP1092,EMP1343,2024-12-24,,,,Technical Skills,Communication was proactive and clear during the entire project phase.,Reliable execution,"Stakeholder updates,Testing coverage",,"Complete training,Review documentation",8,7,9,8,9,Medium,,True,2024-12-28,,,Team,2024-12-24 09:00:00,2024-12-29 15:15:00
FDB4653,Peer Feedback,EMP1077,EMP899,2023-08-22,,,,Teamwork,Communication was proactive and clear during the entire project phase.,Technical depth,Code readability,,"Enroll in leadership course,Improve delegation",6,7,7,6,8,High,2023-09-21,True,2023-08-23,Acknowledged — will focus on the suggested areas.,2023-08-25,Manager Only,2023-08-22 09:00:00,2023-08-25 13:00:00
FDB4657,Task Completion,EMP020,EMP1325,2024-01-10,TSK4815,PRJ400,,Leadership,Delivery was slightly delayed but final output quality was strong.,"Team support,Clear communication",Technical depth,Break large tasks into smaller trackable subtasks,"Enroll in leadership course,Improve delegation",7,9,8,7,8,High,2024-02-09,True,2024-01-14,,,Team,2024-01-10 09:00:00,2024-01-16 10:30:00
FDB4672,Peer Feedback,EMP1326,EMP1308,2023-10-24,,,,Quality,Communication was proactive and clear during the entire project phase.,Strong collaboration,"Testing coverage,Documentation quality",Consider adding more unit tests to improve coverage,"Schedule 1:1 with manager,Review goals",8,7,10,10,7,Medium,,True,2023-10-26,,,Team,2023-10-24 09:00:00,2023-10-26 12:15:00
FDB4687,Project Review,EMP157,EMP1041,2024-02-27,,PRJ022,TEAM398,Teamwork,Showed great initiative in identifying and resolving blockers early.,"Initiative shown,Team support,Strong collaboration","Technical depth,Proactive communication",Document API endpoints before handoff,,7,8,9,8,8,High,2024-03-28,False,,,,Team,2024-02-27 09:00:00,2024-03-04 13:30:00
FDB4690,Peer Feedback,EMP076,EMP293,2023-09-28,,,,Leadership,Technical execution was excellent but documentation was lacking.,"Proactive problem solving,Clear communication","Time estimation accuracy,Technical depth",Improve commit message quality for better traceability,Attend communication workshop,7,7,7,7,7,Medium,,True,2023-09-29,"Feedback received and noted, will discuss with manager.",2023-10-04,Team,2023-09-28 09:00:00,2023-10-04 11:30:00
FDB4719,Task Completion,EMP960,EMP409,2025-02-08,TSK8953,PRJ040,,Communication,"Exceeded expectations on the technical front, peer feedback is very positive.",Clear communication,"Proactive communication,Testing coverage",Improve commit message quality for better traceability,"Schedule 1:1 with manager,Review goals",8,7,9,7,7,Low,,True,2025-02-12,"Thank you for the feedback, will work on documentation.",2025-02-15,Team,2025-02-08 09:00:00,2025-02-08 13:30:00
FDB4742,Project Review,EMP1467,EMP450,2024-06-14,,PRJ657,TEAM131,Quality,"Quality of deliverables was high, stakeholders were satisfied.","Attention to detail,Strong collaboration,Initiative shown",Proactive communication,Schedule earlier check-ins with stakeholders,"Complete training,Review documentation",8,8,9,8,9,Medium,,True,2024-06-17,,,Private,2024-06-14 09:00:00,2024-06-23 13:00:00
FDB4759,Project Review,EMP781,EMP084,2024-05-19,,PRJ586,TEAM150,Leadership,Delivery was slightly delayed but final output quality was strong.,"Initiative shown,On-time delivery",Process adherence,Improve commit message quality for better traceability,,3,3,3,4,1,Low,,True,2024-05-24,"Thank you for the feedback, will work on documentation.",2024-05-27,Private,2024-05-19 09:00:00,2024-05-19 18:00:00
FDB4760,Task Completion,EMP953,EMP051,2024-06-17,TSK6684,PRJ295,,Leadership,Showed great initiative in identifying and resolving blockers early.,"Strong collaboration,On-time delivery,Proactive problem solving","Deadline adherence,Code readability",Document API endpoints before handoff,"Complete training,Review documentation",5,6,5,6,4,High,2024-07-17,True,2024-06-22,Acknowledged — will focus on the suggested areas.,2024-06-27,Public,2024-06-17 09:00:00,2024-06-19 18:30:00
FDB4766,Peer Feedback,EMP117,EMP185,2024-03-30,,,,Technical Skills,Showed great initiative in identifying and resolving blockers early.,"High quality output,Technical depth","Stakeholder updates,Process adherence",Document API endpoints before handoff,"Enroll in leadership course,Improve delegation",9,7,7,6,8,Medium,,False,,,,Private,2024-03-30 09:00:00,2024-04-09 18:45:00
FDB4768,Peer Feedback,EMP1193,EMP1271,2024-10-03,,,,Leadership,Met all deadlines and maintained consistent quality standards.,"On-time delivery,High quality output,Initiative shown",Technical depth,Improve commit message quality for better traceability,"Enroll in leadership course,Improve delegation",8,9,8,9,10,High,2024-11-02,True,2024-10-07,,,Private,2024-10-03 09:00:00,2024-10-13 16:30:00
FDB4811,Task Completion,EMP1359,EMP162,2024-04-19,TSK4144,PRJ425,,Communication,Communication was proactive and clear during the entire project phase.,Attention to detail,"Code readability,Deadline adherence",Improve commit message quality for better traceability,"Improve test coverage,Update runbook",6,6,6,5,7,High,,False,,,,Manager Only,2024-04-19 09:00:00,2024-04-19 18:30:00
FDB4815,Peer Feedback,EMP583,EMP843,2023-12-15,,,,Technical Skills,Technical execution was excellent but documentation was lacking.,On-time delivery,"Proactive communication,Time estimation accuracy",Consider adding more unit tests to improve coverage,"Schedule 1:1 with manager,Review goals",6,6,6,6,7,Low,,True,2023-12-19,"Feedback received and noted, will discuss with manager.",2023-12-22,Public,2023-12-15 09:00:00,2023-12-21 18:15:00
FDB4817,Peer Feedback,EMP251,EMP1032,2024-09-13,,,,Communication,"Quality of deliverables was high, stakeholders were satisfied.",Reliable execution,Time estimation accuracy,Improve commit message quality for better traceability,Attend communication workshop,8,10,8,10,10,Medium,,True,2024-09-17,,,Private,2024-09-13 09:00:00,2024-09-23 16:30:00
FDB4874,Project Review,EMP1132,EMP162,2023-12-10,,PRJ755,TEAM245,Teamwork,Met all deadlines and maintained consistent quality standards.,"Technical depth,Initiative shown","Documentation quality,Process adherence",Schedule earlier check-ins with stakeholders,"Enroll in leadership course,Improve delegation",7,9,6,5,7,Low,,True,2023-12-14,"Feedback received and noted, will discuss with manager.",2023-12-16,Manager Only,2023-12-10 09:00:00,2023-12-11 13:45:00
FDB4899,Peer Feedback,EMP1437,EMP1092,2024-02-25,,,,Leadership,"Good work overall, with some areas to improve in cross-team coordination.","Clear communication,On-time delivery,High quality output","Stakeholder updates,Deadline adherence",Document API endpoints before handoff,"Enroll in leadership course,Improve delegation",7,8,10,9,8,Medium,,True,2024-02-29,,,Private,2024-02-25 09:00:00,2024-02-26 14:15:00
FDB4910,Peer Feedback,EMP1495,EMP740,2025-02-16,,,,Technical Skills,"Exceeded expectations on the technical front, peer feedback is very positive.","Initiative shown,Proactive problem solving,Technical depth",Technical depth,Break large tasks into smaller trackable subtasks,"Enroll in leadership course,Improve delegation",8,10,7,7,9,Medium,,True,2025-02-18,,,Private,2025-02-16 09:00:00,2025-02-20 08:15:00
FDB4925,Project Review,EMP1184,EMP984,2024-10-18,,PRJ308,TEAM059,Quality,"Good work overall, with some areas to improve in cross-team coordination.","Team support,Strong collaboration,Technical depth",Time estimation accuracy,Schedule earlier check-ins with stakeholders,"Improve test coverage,Update runbook",6,8,9,6,5,High,2024-11-17,False,,,,Team,2024-10-18 09:00:00,2024-10-27 14:30:00
FDB4955,Task Completion,EMP1240,EMP185,2023-11-19,TSK6538,PRJ331,,Communication,"Quality of deliverables was high, stakeholders were satisfied.",Attention to detail,Technical depth,Document API endpoints before handoff,"Enroll in leadership course,Improve delegation",7,8,8,8,9,High,2023-12-19,False,,,,Team,2023-11-19 09:00:00,2023-11-19 15:45:00
FDB4964,Project Review,EMP202,EMP611,2025-01-08,,PRJ028,TEAM360,Teamwork,Delivered the task with great attention to detail and minimal rework needed.,"Initiative shown,Reliable execution,Strong collaboration",Deadline adherence,Request early feedback instead of waiting until delivery,"Complete training,Review documentation",8,8,8,8,8,High,2025-02-07,True,2025-01-11,"Feedback received and noted, will discuss with manager.",2025-01-16,Team,2025-01-08 09:00:00,2025-01-17 18:00:00
FDB4969,Task Completion,EMP376,EMP841,2024-06-29,TSK1129,PRJ325,,Technical Skills,Delivery was slightly delayed but final output quality was strong.,"On-time delivery,Initiative shown","Technical depth,Time estimation accuracy",Consider adding more unit tests to improve coverage,Attend communication workshop,7,7,8,9,9,Low,,False,,,,Private,2024-06-29 09:00:00,2024-07-05 13:45:00
FDB4978,Project Review,EMP1370,EMP611,2024-08-08,,PRJ103,TEAM230,Communication,Delivery was slightly delayed but final output quality was strong.,"Attention to detail,Reliable execution","Stakeholder updates,Proactive communication",Request early feedback instead of waiting until delivery,"Enroll in leadership course,Improve delegation",7,6,5,6,5,Medium,,True,2024-08-11,,,Private,2024-08-08 09:00:00,2024-08-15 09:00:00
FDB4994,Peer Feedback,EMP076,EMP500,2024-12-24,,,,Leadership,"Strong collaboration throughout the sprint, kept the team unblocked.","Technical depth,Strong collaboration","Stakeholder updates,Process adherence",Conduct a brief knowledge-sharing session with the team,"Schedule 1:1 with manager,Review goals",8,7,6,9,6,High,2025-01-23,False,,,,Team,2024-12-24 09:00:00,2025-01-02 17:00:00
FDB5015,Project Review,EMP1206,EMP702,2024-09-01,,PRJ718,TEAM302,Technical Skills,"Exceeded expectations on the technical front, peer feedback is very positive.",Attention to detail,"Testing coverage,Process adherence",,"Improve test coverage,Update runbook",7,10,8,9,9,Medium,,False,,,,Team,2024-09-01 09:00:00,2024-09-06 10:00:00
FDB5065,Project Review,EMP948,EMP051,2024-09-19,,PRJ422,TEAM179,Teamwork,Delivered the task with great attention to detail and minimal rework needed.,Attention to detail,"Stakeholder updates,Code readability",,"Enroll in leadership course,Improve delegation",9,8,8,9,8,Medium,,True,2024-09-21,,,Team,2024-09-19 09:00:00,2024-09-23 12:45:00
FDB5120,Project Review,EMP954,EMP815,2024-06-13,,PRJ631,TEAM645,Communication,Delivery was slightly delayed but final output quality was strong.,Clear communication,Time estimation accuracy,Schedule earlier check-ins with stakeholders,"Enroll in leadership course,Improve delegation",6,7,7,6,9,Low,,True,2024-06-17,,,Manager Only,2024-06-13 09:00:00,2024-06-20 17:45:00
FDB5183,Peer Feedback,EMP1066,EMP841,2024-12-26,,,,Teamwork,Communication was proactive and clear during the entire project phase.,Strong collaboration,"Code readability,Deadline adherence",Break large tasks into smaller trackable subtasks,"Improve test coverage,Update runbook",9,8,7,7,7,Low,,True,2024-12-30,"Thank you for the feedback, will work on documentation.",2025-01-01,Manager Only,2024-12-26 09:00:00,2025-01-03 08:15:00
FDB5189,Project Review,EMP149,EMP1031,2023-06-06,,PRJ107,TEAM196,Teamwork,"Good work overall, with some areas to improve in cross-team coordination.","High quality output,Reliable execution",Time estimation accuracy,Request early feedback instead of waiting until delivery,Attend communication workshop,8,10,10,8,10,Low,,True,2023-06-07,,,Private,2023-06-06 09:00:00,2023-06-07 13:15:00
FDB5207,Peer Feedback,EMP1193,EMP163,2024-12-25,,,,Quality,"Exceeded expectations on the technical front, peer feedback is very positive.","On-time delivery,High quality output,Proactive problem solving","Proactive communication,Testing coverage",,"Enroll in leadership course,Improve delegation",8,7,6,7,8,High,2025-01-24,True,2024-12-26,,,Private,2024-12-25 09:00:00,2024-12-27 13:45:00
FDB5235,Project Review,EMP1054,EMP176,2023-09-13,,PRJ459,TEAM496,Quality,Showed great initiative in identifying and resolving blockers early.,"On-time delivery,Proactive problem solving",Documentation quality,Document API endpoints before handoff,"Schedule 1:1 with manager,Review goals",7,4,5,6,5,High,2023-10-13,True,2023-09-16,,,Private,2023-09-13 09:00:00,2023-09-23 17:45:00
FDB5278,Task Completion,EMP521,EMP1211,2024-07-17,TSK9099,PRJ600,,Quality,"Quality of deliverables was high, stakeholders were satisfied.","Strong collaboration,Technical depth","Code readability,Process adherence",Break large tasks into smaller trackable subtasks,"Improve test coverage,Update runbook",8,10,10,10,10,Low,,False,,,,Private,2024-07-17 09:00:00,2024-07-21 16:15:00
FDB5327,Task Completion,EMP1174,EMP407,2024-08-31,TSK3878,PRJ637,,Communication,"Good work overall, with some areas to improve in cross-team coordination.","High quality output,Proactive problem solving,Reliable execution",Code readability,,"Complete training,Review documentation",5,6,6,6,6,High,,False,,,,Manager Only,2024-08-31 09:00:00,2024-09-07 08:15:00
FDB5369,Project Review,EMP287,EMP750,2023-12-12,,PRJ619,TEAM366,Communication,Delivery was slightly delayed but final output quality was strong.,"Strong collaboration,Proactive problem solving","Technical depth,Documentation quality",Document API endpoints before handoff,,9,7,8,9,9,High,2024-01-11,True,2023-12-17,"Feedback received and noted, will discuss with manager.",2023-12-18,Team,2023-12-12 09:00:00,2023-12-19 11:15:00
FDB5384,Self Assessment,EMP1174,EMP1010,2024-05-18,,,,Technical Skills,Showed great initiative in identifying and resolving blockers early.,"Team support,Strong collaboration","Deadline adherence,Time estimation accuracy",Conduct a brief knowledge-sharing session with the team,"Complete training,Review documentation",8,8,4,7,8,Medium,,True,2024-05-19,,,Private,2024-05-18 09:00:00,2024-05-26 14:45:00
FDB5408,Task Completion,EMP936,EMP598,2023-07-29,TSK9194,PRJ518,,Leadership,Delivered the task with great attention to detail and minimal rework needed.,Initiative shown,Time estimation accuracy,Break large tasks into smaller trackable subtasks,"Enroll in leadership course,Improve delegation",8,8,8,9,9,High,,True,2023-07-30,,,Team,2023-07-29 09:00:00,2023-08-03 10:15:00
FDB5441,Peer Feedback,EMP185,EMP931,2023-10-31,,,,Communication,"Good work overall, with some areas to improve in cross-team coordination.",Proactive problem solving,Time estimation accuracy,Request early feedback instead of waiting until delivery,"Improve test coverage,Update runbook",3,2,4,5,4,Low,,False,,,,Public,2023-10-31 09:00:00,2023-11-04 09:00:00
FDB5463,Task Completion,EMP1424,EMP611,2025-02-07,TSK1357,PRJ683,,Technical Skills,"Quality of deliverables was high, stakeholders were satisfied.",Clear communication,"Testing coverage,Proactive communication",Improve commit message quality for better traceability,"Schedule 1:1 with manager,Review goals",9,8,8,7,9,High,2025-03-09,True,2025-02-12,,,Public,2025-02-07 09:00:00,2025-02-14 10:30:00
FDB5486,Task Completion,EMP427,EMP1410,2024-10-26,TSK1031,PRJ433,,Communication,"Quality of deliverables was high, stakeholders were satisfied.","Strong collaboration,Initiative shown,Attention to detail","Code readability,Time estimation accuracy",Consider adding more unit tests to improve coverage,"Complete training,Review documentation",7,6,8,7,7,High,2024-11-25,True,2024-10-31,,,Manager Only,2024-10-26 09:00:00,2024-10-30 17:15:00
FDB5501,Peer Feedback,EMP906,EMP521,2023-10-07,,,,Communication,Met all deadlines and maintained consistent quality standards.,"Strong collaboration,Team support,On-time delivery","Proactive communication,Time estimation accuracy",Conduct a brief knowledge-sharing session with the team,"Improve test coverage,Update runbook",4,6,5,3,4,Low,,False,,,,Private,2023-10-07 09:00:00,2023-10-17 09:45:00
FDB5523,Task Completion,EMP611,EMP470,2024-11-26,TSK3082,PRJ483,,Communication,Delivery was slightly delayed but final output quality was strong.,Proactive problem solving,Documentation quality,Request early feedback instead of waiting until delivery,"Enroll in leadership course,Improve delegation",8,8,7,8,8,Low,,True,2024-12-01,,,Public,2024-11-26 09:00:00,2024-12-06 17:15:00
FDB5534,Task Completion,EMP1055,EMP382,2023-07-31,TSK2371,PRJ767,,Quality,Met all deadlines and maintained consistent quality standards.,"Technical depth,Team support",Time estimation accuracy,Request early feedback instead of waiting until delivery,"Enroll in leadership course,Improve delegation",8,8,7,6,6,Medium,,True,2023-08-01,,,Team,2023-07-31 09:00:00,2023-08-09 18:15:00
FDB5536,Peer Feedback,EMP1246,EMP1245,2024-11-10,,,,Technical Skills,Showed great initiative in identifying and resolving blockers early.,"Initiative shown,Clear communication,On-time delivery","Documentation quality,Deadline adherence",Break large tasks into smaller trackable subtasks,"Complete training,Review documentation",8,7,7,7,8,High,,True,2024-11-13,,,Private,2024-11-10 09:00:00,2024-11-16 15:00:00
FDB5544,Peer Feedback,EMP084,EMP722,2024-03-14,,,,Leadership,Delivery was slightly delayed but final output quality was strong.,"Clear communication,Attention to detail,Reliable execution","Cross-team alignment,Proactive communication",,Attend communication workshop,7,9,9,9,10,Low,,True,2024-03-19,,,Manager Only,2024-03-14 09:00:00,2024-03-20 12:15:00
FDB5547,Peer Feedback,EMP427,EMP943,2024-07-21,,,,Teamwork,"Exceeded expectations on the technical front, peer feedback is very positive.",Strong collaboration,"Code readability,Documentation quality",Request early feedback instead of waiting until delivery,"Schedule 1:1 with manager,Review goals",5,6,5,7,8,High,,False,,,,Manager Only,2024-07-21 09:00:00,2024-07-31 14:45:00
FDB5550,Peer Feedback,EMP1092,EMP1173,2023-10-08,,,,Technical Skills,"Quality of deliverables was high, stakeholders were satisfied.","Strong collaboration,Reliable execution,High quality output","Technical depth,Process adherence",Conduct a brief knowledge-sharing session with the team,"Enroll in leadership course,Improve delegation",8,8,7,7,5,Medium,,True,2023-10-09,Acknowledged — will focus on the suggested areas.,2023-10-12,Private,2023-10-08 09:00:00,2023-10-17 08:30:00
FDB5554,Project Review,EMP815,EMP041,2023-11-25,,PRJ173,TEAM343,Communication,"Good work overall, with some areas to improve in cross-team coordination.",Technical depth,Cross-team alignment,Improve commit message quality for better traceability,"Improve test coverage,Update runbook",8,8,8,8,9,Medium,,True,2023-11-27,Acknowledged — will focus on the suggested areas.,2023-11-29,Manager Only,2023-11-25 09:00:00,2023-11-25 10:15:00
FDB5575,Peer Feedback,EMP379,EMP1193,2024-08-06,,,,Technical Skills,"Quality of deliverables was high, stakeholders were satisfied.",Technical depth,Technical depth,Schedule earlier check-ins with stakeholders,"Complete training,Review documentation",6,7,6,8,5,High,,True,2024-08-07,,,Private,2024-08-06 09:00:00,2024-08-07 16:45:00
FDB5592,Peer Feedback,EMP076,EMP1118,2023-11-02,,,,Technical Skills,"Quality of deliverables was high, stakeholders were satisfied.","On-time delivery,Strong collaboration","Stakeholder updates,Documentation quality",Document API endpoints before handoff,,9,7,8,9,9,Medium,,True,2023-11-06,,,Manager Only,2023-11-02 09:00:00,2023-11-10 08:30:00
FDB5642,Task Completion,EMP994,EMP1054,2024-03-09,TSK2806,PRJ654,,Communication,"Quality of deliverables was high, stakeholders were satisfied.","Reliable execution,High quality output,Initiative shown",Documentation quality,Break large tasks into smaller trackable subtasks,"Complete training,Review documentation",8,7,9,7,8,Medium,,True,2024-03-13,,,Manager Only,2024-03-09 09:00:00,2024-03-10 09:45:00
FDB5683,Peer Feedback,EMP706,EMP287,2024-07-12,,,,Quality,Communication was proactive and clear during the entire project phase.,"Reliable execution,Attention to detail,High quality output","Technical depth,Cross-team alignment",Request early feedback instead of waiting until delivery,Attend communication workshop,7,9,7,5,6,Medium,,False,,,,Private,2024-07-12 09:00:00,2024-07-12 15:15:00
FDB5685,Task Completion,EMP267,EMP1312,2024-11-28,TSK6740,PRJ464,,Teamwork,"Exceeded expectations on the technical front, peer feedback is very positive.",On-time delivery,Deadline adherence,Request early feedback instead of waiting until delivery,,6,6,8,6,9,Low,,False,,,,Manager Only,2024-11-28 09:00:00,2024-11-29 15:30:00
FDB5694,Project Review,EMP1174,EMP1381,2023-06-22,,PRJ055,TEAM783,Quality,"Good work overall, with some areas to improve in cross-team coordination.",Team support,Deadline adherence,Document API endpoints before handoff,Attend communication workshop,10,10,10,8,10,Low,,True,2023-06-24,,,Team,2023-06-22 09:00:00,2023-06-23 08:15:00
FDB5706,Project Review,EMP521,EMP494,2024-04-02,,PRJ479,TEAM120,Communication,Showed great initiative in identifying and resolving blockers early.,"On-time delivery,High quality output","Technical depth,Proactive communication",Improve commit message quality for better traceability,"Schedule 1:1 with manager,Review goals",9,9,10,10,8,Low,,True,2024-04-06,,,Team,2024-04-02 09:00:00,2024-04-12 12:30:00
FDB5730,Peer Feedback,EMP841,EMP504,2023-12-29,,,,Teamwork,"Strong collaboration throughout the sprint, kept the team unblocked.","Clear communication,Technical depth,Strong collaboration","Process adherence,Proactive communication",Schedule earlier check-ins with stakeholders,"Complete training,Review documentation",9,8,9,7,7,Medium,,True,2024-01-03,,,Public,2023-12-29 09:00:00,2024-01-03 14:30:00
FDB5764,Peer Feedback,EMP521,EMP097,2023-07-25,,,,Teamwork,Met all deadlines and maintained consistent quality standards.,"Team support,Proactive problem solving,Initiative shown",Documentation quality,Request early feedback instead of waiting until delivery,"Improve test coverage,Update runbook",8,8,10,8,9,Medium,,False,,,,Team,2023-07-25 09:00:00,2023-08-03 08:30:00
FDB5789,Task Completion,EMP1316,EMP427,2024-04-20,TSK4518,PRJ376,,Leadership,"Quality of deliverables was high, stakeholders were satisfied.","On-time delivery,Proactive problem solving,Reliable execution","Deadline adherence,Process adherence",Break large tasks into smaller trackable subtasks,,9,9,9,9,7,Low,,False,,,,Public,2024-04-20 09:00:00,2024-04-21 14:30:00
FDB5814,Task Completion,EMP576,EMP841,2023-09-08,TSK8544,PRJ070,,Technical Skills,Showed great initiative in identifying and resolving blockers early.,Technical depth,"Cross-team alignment,Time estimation accuracy",,"Schedule 1:1 with manager,Review goals",8,9,10,9,8,High,2023-10-08,False,,,,Private,2023-09-08 09:00:00,2023-09-18 17:30:00
FDB5835,Peer Feedback,EMP023,EMP287,2024-12-03,,,,Teamwork,"Good work overall, with some areas to improve in cross-team coordination.",Attention to detail,Testing coverage,Break large tasks into smaller trackable subtasks,Attend communication workshop,8,8,10,8,9,High,,True,2024-12-06,,,Manager Only,2024-12-03 09:00:00,2024-12-07 09:30:00
FDB5846,Task Completion,EMP1245,EMP192,2024-12-13,TSK0292,PRJ090,,Teamwork,Communication was proactive and clear during the entire project phase.,"Initiative shown,Proactive problem solving",Stakeholder updates,Document API endpoints before handoff,,7,7,7,5,7,Medium,,False,,,,Manager Only,2024-12-13 09:00:00,2024-12-20 16:15:00
FDB5849,Project Review,EMP856,EMP382,2024-04-28,,PRJ059,TEAM290,Communication,"Strong collaboration throughout the sprint, kept the team unblocked.","Clear communication,Technical depth,Proactive problem solving",Time estimation accuracy,Consider adding more unit tests to improve coverage,Attend communication workshop,8,9,10,7,9,Medium,,True,2024-04-29,,,Manager Only,2024-04-28 09:00:00,2024-05-01 15:00:00
FDB5915,Task Completion,EMP050,EMP388,2024-09-18,TSK1831,PRJ272,,Quality,Showed great initiative in identifying and resolving blockers early.,"Team support,Strong collaboration,Attention to detail","Testing coverage,Process adherence",Break large tasks into smaller trackable subtasks,"Improve test coverage,Update runbook",8,8,6,8,8,Low,,True,2024-09-20,,,Manager Only,2024-09-18 09:00:00,2024-09-24 12:30:00
FDB5956,Project Review,EMP558,EMP936,2024-08-14,,PRJ467,TEAM606,Teamwork,Showed great initiative in identifying and resolving blockers early.,"Reliable execution,Clear communication,Team support","Process adherence,Testing coverage",Improve commit message quality for better traceability,"Enroll in leadership course,Improve delegation",8,10,8,9,8,Medium,,False,,,,Public,2024-08-14 09:00:00,2024-08-20 18:15:00
FDB5966,Task Completion,EMP702,EMP864,2025-01-08,TSK8776,PRJ499,,Technical Skills,"Good work overall, with some areas to improve in cross-team coordination.","Technical depth,Clear communication",Proactive communication,Request early feedback instead of waiting until delivery,,6,6,6,8,6,Low,,True,2025-01-09,,,Team,2025-01-08 09:00:00,2025-01-09 11:00:00
FDB6012,Project Review,EMP1102,EMP1325,2024-02-15,,PRJ773,TEAM449,Technical Skills,"Quality of deliverables was high, stakeholders were satisfied.","Clear communication,Initiative shown","Stakeholder updates,Documentation quality",Improve commit message quality for better traceability,,9,9,10,9,10,High,,True,2024-02-20,,,Public,2024-02-15 09:00:00,2024-02-23 09:15:00
FDB6018,Peer Feedback,EMP899,EMP1286,2024-02-04,,,,Quality,Delivery was slightly delayed but final output quality was strong.,"Technical depth,On-time delivery,Team support","Process adherence,Stakeholder updates",Document API endpoints before handoff,"Enroll in leadership course,Improve delegation",6,6,6,6,7,High,2024-03-05,False,,,,Private,2024-02-04 09:00:00,2024-02-08 10:30:00
FDB6024,Task Completion,EMP202,EMP006,2023-08-02,TSK3617,PRJ650,,Leadership,Showed great initiative in identifying and resolving blockers early.,"On-time delivery,Team support",Time estimation accuracy,,Attend communication workshop,6,7,5,6,4,Medium,,True,2023-08-07,"Thank you for the feedback, will work on documentation.",2023-08-10,Private,2023-08-02 09:00:00,2023-08-03 08:00:00
FDB6025,Peer Feedback,EMP006,EMP038,2024-04-10,,,,Technical Skills,"Good work overall, with some areas to improve in cross-team coordination.","Team support,Attention to detail","Cross-team alignment,Time estimation accuracy",Document API endpoints before handoff,"Improve test coverage,Update runbook",8,8,10,7,7,Medium,,False,,,,Public,2024-04-10 09:00:00,2024-04-17 10:15:00
FDB6053,Task Completion,EMP409,EMP1325,2024-12-07,TSK8849,PRJ019,,Leadership,Showed great initiative in identifying and resolving blockers early.,"Reliable execution,Strong collaboration,Initiative shown",Testing coverage,Improve commit message quality for better traceability,"Complete training,Review documentation",7,10,9,8,10,Low,,False,,,,Public,2024-12-07 09:00:00,2024-12-12 08:00:00
FDB6058,Task Completion,EMP409,EMP1108,2024-05-14,TSK1743,PRJ105,,Technical Skills,"Strong collaboration throughout the sprint, kept the team unblocked.","Initiative shown,Technical depth,Attention to detail","Time estimation accuracy,Cross-team alignment",Improve commit message quality for better traceability,"Schedule 1:1 with manager,Review goals",7,5,4,4,7,Medium,,True,2024-05-18,,,Manager Only,2024-05-14 09:00:00,2024-05-17 09:00:00
FDB6061,Task Completion,EMP1326,EMP372,2024-11-06,TSK0740,PRJ341,,Quality,Communication was proactive and clear during the entire project phase.,High quality output,Process adherence,Schedule earlier check-ins with stakeholders,"Schedule 1:1 with manager,Review goals",4,5,5,5,5,Medium,,True,2024-11-10,,,Team,2024-11-06 09:00:00,2024-11-16 13:00:00
FDB6085,Project Review,EMP083,EMP1092,2023-08-25,,PRJ135,TEAM084,Technical Skills,Technical execution was excellent but documentation was lacking.,"Technical depth,Clear communication,Attention to detail",Stakeholder updates,Break large tasks into smaller trackable subtasks,"Enroll in leadership course,Improve delegation",10,9,9,10,10,Low,,False,,,,Manager Only,2023-08-25 09:00:00,2023-08-29 09:15:00
FDB6107,Task Completion,EMP1477,EMP1325,2024-12-07,TSK2524,PRJ089,,Quality,Showed great initiative in identifying and resolving blockers early.,"On-time delivery,Reliable execution,Technical depth",Process adherence,Break large tasks into smaller trackable subtasks,"Improve test coverage,Update runbook",6,9,8,8,9,High,,True,2024-12-12,,,Team,2024-12-07 09:00:00,2024-12-11 13:00:00
FDB6131,Task Completion,EMP611,EMP122,2023-06-10,TSK5359,PRJ409,,Teamwork,"Exceeded expectations on the technical front, peer feedback is very positive.","Strong collaboration,Reliable execution,Initiative shown",Stakeholder updates,,,7,7,7,9,7,High,2023-07-10,True,2023-06-13,"Feedback received and noted, will discuss with manager.",2023-06-17,Public,2023-06-10 09:00:00,2023-06-18 17:00:00
FDB6143,Task Completion,EMP267,EMP649,2024-01-11,TSK0298,PRJ498,,Communication,"Good work overall, with some areas to improve in cross-team coordination.","Proactive problem solving,On-time delivery,Team support",Time estimation accuracy,Schedule earlier check-ins with stakeholders,"Enroll in leadership course,Improve delegation",10,9,10,10,10,High,,False,,,,Private,2024-01-11 09:00:00,2024-01-16 16:15:00
FDB6154,Peer Feedback,EMP807,EMP427,2024-09-29,,,,Teamwork,"Exceeded expectations on the technical front, peer feedback is very positive.","Initiative shown,Reliable execution",Process adherence,Break large tasks into smaller trackable subtasks,"Enroll in leadership course,Improve delegation",6,7,6,7,8,Medium,,True,2024-09-30,"Thank you for the feedback, will work on documentation.",2024-10-02,Manager Only,2024-09-29 09:00:00,2024-09-29 10:30:00
FDB6199,Self Assessment,EMP1459,EMP487,2023-11-07,,,,Teamwork,Showed great initiative in identifying and resolving blockers early.,"Reliable execution,Proactive problem solving,Attention to detail","Testing coverage,Deadline adherence",Request early feedback instead of waiting until delivery,Attend communication workshop,6,7,8,6,7,Low,,True,2023-11-08,Acknowledged — will focus on the suggested areas.,2023-11-11,Manager Only,2023-11-07 09:00:00,2023-11-16 12:45:00
FDB6215,Peer Feedback,EMP136,EMP185,2023-09-17,,,,Technical Skills,Showed great initiative in identifying and resolving blockers early.,"On-time delivery,Reliable execution","Testing coverage,Technical depth",Improve commit message quality for better traceability,"Improve test coverage,Update runbook",8,6,6,8,7,Medium,,True,2023-09-19,,,Public,2023-09-17 09:00:00,2023-09-20 13:15:00
FDB6221,Task Completion,EMP382,EMP1045,2025-01-07,TSK9350,PRJ087,,Leadership,Technical execution was excellent but documentation was lacking.,"On-time delivery,High quality output","Code readability,Cross-team alignment",Break large tasks into smaller trackable subtasks,"Enroll in leadership course,Improve delegation",10,9,9,10,9,Medium,,True,2025-01-11,Acknowledged — will focus on the suggested areas.,2025-01-12,Public,2025-01-07 09:00:00,2025-01-12 08:30:00
FDB6242,Peer Feedback,EMP1459,EMP877,2024-08-21,,,,Quality,"Quality of deliverables was high, stakeholders were satisfied.",Initiative shown,Process adherence,Break large tasks into smaller trackable subtasks,Attend communication workshop,4,5,4,5,3,High,2024-09-20,True,2024-08-26,,,Manager Only,2024-08-21 09:00:00,2024-08-21 10:45:00
FDB6281,Task Completion,EMP1105,EMP162,2023-06-10,TSK4218,PRJ706,,Quality,Delivery was slightly delayed but final output quality was strong.,Attention to detail,"Technical depth,Stakeholder updates",Document API endpoints before handoff,"Schedule 1:1 with manager,Review goals",7,6,5,6,6,Medium,,True,2023-06-12,"Appreciate the recognition, will continue improving.",2023-06-17,Public,2023-06-10 09:00:00,2023-06-13 10:00:00
FDB6294,Peer Feedback,EMP815,EMP1142,2024-03-01,,,,Communication,Delivered the task with great attention to detail and minimal rework needed.,"Technical depth,Proactive problem solving","Process adherence,Stakeholder updates",Request early feedback instead of waiting until delivery,"Schedule 1:1 with manager,Review goals",7,8,7,7,5,Low,,True,2024-03-04,,,Team,2024-03-01 09:00:00,2024-03-02 08:15:00
FDB6354,Peer Feedback,EMP740,EMP500,2024-09-16,,,,Quality,Technical execution was excellent but documentation was lacking.,Initiative shown,"Process adherence,Documentation quality",Break large tasks into smaller trackable subtasks,Attend communication workshop,8,8,8,9,5,High,,True,2024-09-21,"Appreciate the recognition, will continue improving.",2024-09-26,Public,2024-09-16 09:00:00,2024-09-21 18:45:00
FDB6361,Self Assessment,EMP287,EMP1270,2024-04-04,,,,Quality,Showed great initiative in identifying and resolving blockers early.,"Initiative shown,Attention to detail,Clear communication",Cross-team alignment,,"Improve test coverage,Update runbook",8,7,8,8,7,Medium,,True,2024-04-08,,,Team,2024-04-04 09:00:00,2024-04-14 08:15:00
FDB6362,Task Completion,EMP899,EMP1119,2024-11-14,TSK2773,PRJ502,,Quality,Communication was proactive and clear during the entire project phase.,"High quality output,Attention to detail","Process adherence,Stakeholder updates",Conduct a brief knowledge-sharing session with the team,"Enroll in leadership course,Improve delegation",7,7,8,9,9,High,2024-12-14,True,2024-11-18,,,Manager Only,2024-11-14 09:00:00,2024-11-23 17:45:00
FDB6372,Project Review,EMP1228,EMP1041,2023-08-30,,PRJ768,TEAM871,Technical Skills,Communication was proactive and clear during the entire project phase.,"Proactive problem solving,Strong collaboration,Clear communication",Stakeholder updates,Request early feedback instead of waiting until delivery,"Complete training,Review documentation",7,6,5,5,5,High,2023-09-29,True,2023-09-03,"Thank you for the feedback, will work on documentation.",2023-09-07,Public,2023-08-30 09:00:00,2023-09-05 08:30:00
FDB6379,Task Completion,EMP1325,EMP1196,2024-08-21,TSK5317,PRJ270,,Leadership,Delivered the task with great attention to detail and minimal rework needed.,Initiative shown,"Deadline adherence,Cross-team alignment",Break large tasks into smaller trackable subtasks,"Enroll in leadership course,Improve delegation",5,5,7,7,6,Medium,,True,2024-08-25,,,Manager Only,2024-08-21 09:00:00,2024-08-24 15:00:00
FDB6388,Self Assessment,EMP222,EMP1326,2024-01-16,,,,Communication,"Good work overall, with some areas to improve in cross-team coordination.","Attention to detail,Strong collaboration,Proactive problem solving","Testing coverage,Stakeholder updates",Consider adding more unit tests to improve coverage,"Complete training,Review documentation",6,7,6,7,6,Low,,True,2024-01-18,,,Team,2024-01-16 09:00:00,2024-01-19 15:00:00
FDB6397,Peer Feedback,EMP185,EMP1484,2024-04-18,,,,Leadership,Technical execution was excellent but documentation was lacking.,"Technical depth,Strong collaboration","Code readability,Technical depth",Improve commit message quality for better traceability,"Complete training,Review documentation",10,9,9,10,10,Medium,,False,,,,Team,2024-04-18 09:00:00,2024-04-28 13:00:00
FDB6447,Peer Feedback,EMP251,EMP656,2024-02-18,,,,Quality,Delivery was slightly delayed but final output quality was strong.,"Initiative shown,Attention to detail",Deadline adherence,Document API endpoints before handoff,"Improve test coverage,Update runbook",8,6,9,7,5,Low,,False,,,,Team,2024-02-18 09:00:00,2024-02-22 10:15:00
FDB6477,Task Completion,EMP521,EMP097,2024-04-30,TSK0714,PRJ743,,Technical Skills,Delivered the task with great attention to detail and minimal rework needed.,Attention to detail,"Time estimation accuracy,Proactive communication",Schedule earlier check-ins with stakeholders,"Complete training,Review documentation",5,4,7,4,5,Medium,,False,,,,Public,2024-04-30 09:00:00,2024-05-04 14:30:00
FDB6500,Peer Feedback,EMP1437,EMP427,2024-01-21,,,,Quality,"Strong collaboration throughout the sprint, kept the team unblocked.","Reliable execution,Attention to detail","Time estimation accuracy,Cross-team alignment",Schedule earlier check-ins with stakeholders,,7,9,8,8,9,Low,,True,2024-01-26,,,Private,2024-01-21 09:00:00,2024-01-25 09:15:00
FDB6634,Project Review,EMP573,EMP006,2024-05-25,,PRJ116,TEAM406,Quality,Delivery was slightly delayed but final output quality was strong.,Attention to detail,"Documentation quality,Testing coverage",Consider adding more unit tests to improve coverage,"Enroll in leadership course,Improve delegation",10,10,10,10,10,Low,,True,2024-05-30,,,Team,2024-05-25 09:00:00,2024-06-04 17:45:00
FDB6635,Task Completion,EMP1245,EMP698,2023-12-28,TSK8440,PRJ217,,Quality,"Quality of deliverables was high, stakeholders were satisfied.",Team support,"Time estimation accuracy,Deadline adherence",,,9,9,8,9,8,Medium,,True,2024-01-02,,,Team,2023-12-28 09:00:00,2024-01-07 13:00:00
FDB6688,Self Assessment,EMP1195,EMP050,2024-09-19,,,,Teamwork,Delivered the task with great attention to detail and minimal rework needed.,"On-time delivery,Strong collaboration,Proactive problem solving",Testing coverage,Request early feedback instead of waiting until delivery,"Schedule 1:1 with manager,Review goals",10,10,8,10,10,Medium,,True,2024-09-21,,,Manager Only,2024-09-19 09:00:00,2024-09-21 11:15:00
FDB6693,Project Review,EMP1054,EMP176,2024-03-08,,PRJ079,TEAM901,Leadership,Delivery was slightly delayed but final output quality was strong.,Proactive problem solving,"Technical depth,Deadline adherence",Improve commit message quality for better traceability,"Schedule 1:1 with manager,Review goals",7,7,7,9,7,Medium,,True,2024-03-13,,,Private,2024-03-08 09:00:00,2024-03-16 14:15:00
FDB6704,Project Review,EMP499,EMP702,2024-08-09,,PRJ390,TEAM188,Quality,Communication was proactive and clear during the entire project phase.,Initiative shown,"Process adherence,Code readability",Schedule earlier check-ins with stakeholders,Attend communication workshop,9,7,8,7,7,Medium,,True,2024-08-11,,,Private,2024-08-09 09:00:00,2024-08-12 08:00:00
FDB6709,Task Completion,EMP1457,EMP1325,2024-12-21,TSK5793,PRJ328,,Communication,"Good work overall, with some areas to improve in cross-team coordination.","Proactive problem solving,Attention to detail,Technical depth","Cross-team alignment,Technical depth",Document API endpoints before handoff,,8,9,10,9,10,Low,,True,2024-12-24,,,Public,2024-12-21 09:00:00,2024-12-29 15:45:00
FDB6729,Task Completion,EMP1420,EMP391,2023-07-01,TSK8574,PRJ386,,Technical Skills,Delivered the task with great attention to detail and minimal rework needed.,Technical depth,Time estimation accuracy,,"Improve test coverage,Update runbook",10,10,10,9,9,Low,,True,2023-07-03,,,Team,2023-07-01 09:00:00,2023-07-04 17:00:00
FDB6737,Peer Feedback,EMP450,EMP1455,2024-05-03,,,,Technical Skills,"Good work overall, with some areas to improve in cross-team coordination.","Technical depth,Proactive problem solving,On-time delivery",Code readability,Request early feedback instead of waiting until delivery,Attend communication workshop,9,9,8,8,9,Low,,True,2024-05-06,,,Team,2024-05-03 09:00:00,2024-05-05 14:45:00
FDB6769,Project Review,EMP618,EMP162,2024-08-08,,PRJ537,TEAM527,Technical Skills,"Good work overall, with some areas to improve in cross-team coordination.","Reliable execution,High quality output,Team support",Proactive communication,Consider adding more unit tests to improve coverage,"Improve test coverage,Update runbook",6,4,7,5,4,Low,,True,2024-08-10,"Feedback received and noted, will discuss with manager.",2024-08-12,Public,2024-08-08 09:00:00,2024-08-11 08:30:00
FDB6811,Peer Feedback,EMP611,EMP473,2023-08-24,,,,Quality,Met all deadlines and maintained consistent quality standards.,Strong collaboration,Time estimation accuracy,Request early feedback instead of waiting until delivery,"Schedule 1:1 with manager,Review goals",8,7,6,6,6,Low,,True,2023-08-25,,,Manager Only,2023-08-24 09:00:00,2023-09-01 15:30:00
FDB6854,Task Completion,EMP727,EMP382,2023-06-19,TSK6183,PRJ259,,Quality,"Exceeded expectations on the technical front, peer feedback is very positive.",Team support,"Testing coverage,Technical depth",Document API endpoints before handoff,,4,4,7,7,4,Medium,,True,2023-06-23,Acknowledged — will focus on the suggested areas.,2023-06-28,Manager Only,2023-06-19 09:00:00,2023-06-21 12:45:00
FDB6871,Peer Feedback,EMP841,EMP891,2024-11-29,,,,Communication,Communication was proactive and clear during the entire project phase.,On-time delivery,"Technical depth,Process adherence",Request early feedback instead of waiting until delivery,"Improve test coverage,Update runbook",7,6,5,6,7,High,,True,2024-12-04,Acknowledged — will focus on the suggested areas.,2024-12-07,Manager Only,2024-11-29 09:00:00,2024-12-03 17:00:00
FDB6891,Task Completion,EMP394,EMP006,2024-09-06,TSK3965,PRJ154,,Communication,Technical execution was excellent but documentation was lacking.,"Proactive problem solving,High quality output,Technical depth","Code readability,Documentation quality",Break large tasks into smaller trackable subtasks,Attend communication workshop,9,9,7,8,8,Low,,False,,,,Manager Only,2024-09-06 09:00:00,2024-09-07 08:15:00
FDB6925,Project Review,EMP605,EMP1184,2023-12-09,,PRJ459,TEAM299,Teamwork,"Quality of deliverables was high, stakeholders were satisfied.","Team support,Initiative shown","Technical depth,Documentation quality",Improve commit message quality for better traceability,,6,7,5,7,8,Medium,,False,,,,Manager Only,2023-12-09 09:00:00,2023-12-10 15:15:00
FDB6928,Peer Feedback,EMP1325,EMP1151,2023-08-25,,,,Technical Skills,Delivery was slightly delayed but final output quality was strong.,Proactive problem solving,"Time estimation accuracy,Cross-team alignment",Improve commit message quality for better traceability,"Improve test coverage,Update runbook",8,8,8,8,7,Low,,True,2023-08-30,,,Private,2023-08-25 09:00:00,2023-09-01 10:45:00
FDB6962,Project Review,EMP1325,EMP538,2024-05-31,,PRJ158,TEAM324,Leadership,"Good work overall, with some areas to improve in cross-team coordination.","Strong collaboration,High quality output","Testing coverage,Proactive communication",Document API endpoints before handoff,"Enroll in leadership course,Improve delegation",9,7,8,6,8,High,2024-06-30,True,2024-06-04,,,Private,2024-05-31 09:00:00,2024-06-04 13:00:00
FDB6970,Project Review,EMP886,EMP1326,2023-12-01,,PRJ712,TEAM887,Technical Skills,"Exceeded expectations on the technical front, peer feedback is very positive.","Reliable execution,Attention to detail",Deadline adherence,Consider adding more unit tests to improve coverage,,7,8,6,8,4,Low,,False,,,,Team,2023-12-01 09:00:00,2023-12-05 16:45:00
FDB6974,Project Review,EMP450,EMP362,2025-02-25,,PRJ383,TEAM580,Quality,Delivery was slightly delayed but final output quality was strong.,"Technical depth,Initiative shown,Strong collaboration","Process adherence,Deadline adherence",Consider adding more unit tests to improve coverage,Attend communication workshop,8,10,10,9,10,Medium,,True,2025-03-02,"Appreciate the recognition, will continue improving.",2025-03-03,Team,2025-02-25 09:00:00,2025-03-06 12:45:00
FDB7025,Project Review,EMP162,EMP491,2024-11-04,,PRJ138,TEAM920,Communication,"Quality of deliverables was high, stakeholders were satisfied.","Reliable execution,High quality output","Process adherence,Proactive communication",Schedule earlier check-ins with stakeholders,"Enroll in leadership course,Improve delegation",6,8,9,7,7,Low,,True,2024-11-07,,,Manager Only,2024-11-04 09:00:00,2024-11-11 12:15:00
FDB7026,Task Completion,EMP758,EMP740,2024-06-22,TSK8246,PRJ229,,Technical Skills,"Exceeded expectations on the technical front, peer feedback is very positive.","Clear communication,Team support",Stakeholder updates,Request early feedback instead of waiting until delivery,,10,9,9,9,10,Low,,True,2024-06-23,,,Manager Only,2024-06-22 09:00:00,2024-06-27 16:30:00
FDB7044,Task Completion,EMP1448,EMP267,2024-03-29,TSK2655,PRJ237,,Technical Skills,"Quality of deliverables was high, stakeholders were satisfied.","Strong collaboration,Technical depth,Initiative shown","Deadline adherence,Proactive communication",Consider adding more unit tests to improve coverage,"Improve test coverage,Update runbook",5,5,5,4,4,Low,,False,,,,Manager Only,2024-03-29 09:00:00,2024-04-06 18:45:00
FDB7047,Task Completion,EMP1132,EMP815,2024-03-26,TSK2377,PRJ599,,Technical Skills,"Good work overall, with some areas to improve in cross-team coordination.",Clear communication,Technical depth,Request early feedback instead of waiting until delivery,"Improve test coverage,Update runbook",8,8,9,8,10,High,,True,2024-03-27,,,Team,2024-03-26 09:00:00,2024-03-26 14:45:00
FDB7050,Peer Feedback,EMP1459,EMP1334,2024-07-21,,,,Technical Skills,Delivered the task with great attention to detail and minimal rework needed.,"Team support,Initiative shown",Code readability,Request early feedback instead of waiting until delivery,"Complete training,Review documentation",9,9,8,8,8,Low,,True,2024-07-24,"Thank you for the feedback, will work on documentation.",2024-07-25,Public,2024-07-21 09:00:00,2024-07-26 18:45:00
FDB7059,Peer Feedback,EMP251,EMP890,2023-06-03,,,,Communication,"Strong collaboration throughout the sprint, kept the team unblocked.",Strong collaboration,Testing coverage,Improve commit message quality for better traceability,Attend communication workshop,8,8,8,9,10,High,,True,2023-06-08,"Appreciate the recognition, will continue improving.",2023-06-10,Manager Only,2023-06-03 09:00:00,2023-06-08 10:30:00
FDB7069,Project Review,EMP703,EMP843,2023-12-08,,PRJ769,TEAM155,Teamwork,"Good work overall, with some areas to improve in cross-team coordination.",Reliable execution,Technical depth,Schedule earlier check-ins with stakeholders,"Enroll in leadership course,Improve delegation",5,6,6,8,8,High,2024-01-07,True,2023-12-13,"Thank you for the feedback, will work on documentation.",2023-12-17,Manager Only,2023-12-08 09:00:00,2023-12-18 13:45:00
FDB7085,Task Completion,EMP1054,EMP367,2024-07-17,TSK8589,PRJ612,,Teamwork,Delivery was slightly delayed but final output quality was strong.,Team support,"Proactive communication,Code readability",Conduct a brief knowledge-sharing session with the team,"Complete training,Review documentation",7,8,8,8,8,Medium,,False,,,,Manager Only,2024-07-17 09:00:00,2024-07-26 18:00:00
FDB7091,Task Completion,EMP287,EMP026,2024-04-29,TSK1409,PRJ522,,Teamwork,"Good work overall, with some areas to improve in cross-team coordination.",On-time delivery,Process adherence,Document API endpoints before handoff,"Enroll in leadership course,Improve delegation",7,8,9,8,8,Low,,True,2024-05-02,,,Private,2024-04-29 09:00:00,2024-05-04 12:30:00
FDB7092,Peer Feedback,EMP528,EMP251,2023-08-04,,,,Teamwork,"Good work overall, with some areas to improve in cross-team coordination.","Team support,Reliable execution","Process adherence,Code readability",Request early feedback instead of waiting until delivery,Attend communication workshop,9,9,6,8,8,Medium,,False,,,,Private,2023-08-04 09:00:00,2023-08-12 14:00:00
FDB7123,Peer Feedback,EMP391,EMP094,2024-09-20,,,,Technical Skills,Met all deadlines and maintained consistent quality standards.,High quality output,Deadline adherence,Schedule earlier check-ins with stakeholders,"Improve test coverage,Update runbook",10,10,9,9,9,High,2024-10-20,True,2024-09-23,,,Team,2024-09-20 09:00:00,2024-09-22 15:00:00
FDB7124,Self Assessment,EMP994,EMP841,2024-02-16,,,,Technical Skills,Delivery was slightly delayed but final output quality was strong.,"Technical depth,Attention to detail,Reliable execution",Technical depth,Consider adding more unit tests to improve coverage,"Improve test coverage,Update runbook",7,5,8,7,7,High,,True,2024-02-20,,,Team,2024-02-16 09:00:00,2024-02-17 10:15:00
FDB7160,Task Completion,EMP740,EMP894,2024-03-30,TSK3603,PRJ682,,Quality,Showed great initiative in identifying and resolving blockers early.,"Reliable execution,High quality output",Process adherence,Request early feedback instead of waiting until delivery,,9,9,7,10,7,Low,,False,,,,Team,2024-03-30 09:00:00,2024-04-03 16:15:00
FDB7162,Project Review,EMP1184,EMP960,2023-11-12,,PRJ553,TEAM487,Leadership,Showed great initiative in identifying and resolving blockers early.,"Proactive problem solving,Attention to detail,Reliable execution","Time estimation accuracy,Cross-team alignment",Break large tasks into smaller trackable subtasks,Attend communication workshop,5,5,5,7,3,Medium,,True,2023-11-16,,,Private,2023-11-12 09:00:00,2023-11-12 11:45:00
FDB7184,Task Completion,EMP1495,EMP006,2023-12-01,TSK9936,PRJ404,,Technical Skills,Communication was proactive and clear during the entire project phase.,Strong collaboration,Proactive communication,Document API endpoints before handoff,"Schedule 1:1 with manager,Review goals",10,9,8,8,9,Medium,,True,2023-12-05,,,Public,2023-12-01 09:00:00,2023-12-03 17:00:00
FDB7203,Project Review,EMP672,EMP051,2024-01-06,,PRJ026,TEAM694,Teamwork,"Good work overall, with some areas to improve in cross-team coordination.","Initiative shown,Clear communication,High quality output",Technical depth,Document API endpoints before handoff,,7,7,8,7,7,Medium,,False,,,,Public,2024-01-06 09:00:00,2024-01-15 12:30:00
FDB7206,Self Assessment,EMP521,EMP100,2023-07-25,,,,Communication,Technical execution was excellent but documentation was lacking.,"On-time delivery,High quality output",Deadline adherence,Document API endpoints before handoff,"Enroll in leadership course,Improve delegation",8,8,7,8,8,High,2023-08-24,True,2023-07-26,"Feedback received and noted, will discuss with manager.",2023-07-29,Private,2023-07-25 09:00:00,2023-07-27 15:00:00
FDB7222,Project Review,EMP158,EMP936,2024-07-21,,PRJ597,TEAM969,Technical Skills,"Strong collaboration throughout the sprint, kept the team unblocked.","Reliable execution,Clear communication",Cross-team alignment,Consider adding more unit tests to improve coverage,"Complete training,Review documentation",8,10,8,9,10,Low,,True,2024-07-22,,,Public,2024-07-21 09:00:00,2024-07-29 09:45:00
FDB7232,Task Completion,EMP1389,EMP287,2023-11-29,TSK9096,PRJ313,,Technical Skills,Communication was proactive and clear during the entire project phase.,"Clear communication,High quality output","Documentation quality,Cross-team alignment",Conduct a brief knowledge-sharing session with the team,,8,9,7,7,8,High,,True,2023-12-02,,,Private,2023-11-29 09:00:00,2023-12-02 14:30:00
FDB7254,Task Completion,EMP051,EMP1247,2023-08-20,TSK0330,PRJ231,,Quality,Communication was proactive and clear during the entire project phase.,Attention to detail,"Testing coverage,Documentation quality",Request early feedback instead of waiting until delivery,Attend communication workshop,8,7,7,7,6,Medium,,True,2023-08-22,"Feedback received and noted, will discuss with manager.",2023-08-25,Manager Only,2023-08-20 09:00:00,2023-08-28 15:30:00
FDB7268,Peer Feedback,EMP762,EMP1325,2024-03-19,,,,Communication,"Good work overall, with some areas to improve in cross-team coordination.","Attention to detail,Initiative shown,On-time delivery",Process adherence,Consider adding more unit tests to improve coverage,"Enroll in leadership course,Improve delegation",3,3,4,3,2,Low,,True,2024-03-24,,,Manager Only,2024-03-19 09:00:00,2024-03-21 08:00:00
FDB7277,Project Review,EMP641,EMP1193,2025-01-31,,PRJ182,TEAM682,Teamwork,"Exceeded expectations on the technical front, peer feedback is very positive.","Strong collaboration,Team support","Technical depth,Deadline adherence",Request early feedback instead of waiting until delivery,"Improve test coverage,Update runbook",6,6,7,8,6,Medium,,True,2025-02-01,,,Public,2025-01-31 09:00:00,2025-02-01 17:45:00
FDB7301,Task Completion,EMP382,EMP535,2024-10-30,TSK5838,PRJ317,,Communication,Showed great initiative in identifying and resolving blockers early.,On-time delivery,"Deadline adherence,Documentation quality",Conduct a brief knowledge-sharing session with the team,Attend communication workshop,7,6,9,7,6,High,2024-11-29,True,2024-11-03,"Feedback received and noted, will discuss with manager.",2024-11-06,Team,2024-10-30 09:00:00,2024-11-03 18:30:00
FDB7319,Peer Feedback,EMP1326,EMP700,2024-09-04,,,,Communication,Delivered the task with great attention to detail and minimal rework needed.,On-time delivery,"Testing coverage,Time estimation accuracy",Request early feedback instead of waiting until delivery,"Schedule 1:1 with manager,Review goals",8,8,10,9,9,Low,,True,2024-09-08,,,Private,2024-09-04 09:00:00,2024-09-09 16:15:00
FDB7342,Project Review,EMP969,EMP521,2025-02-21,,PRJ065,TEAM858,Leadership,Delivered the task with great attention to detail and minimal rework needed.,Technical depth,"Stakeholder updates,Deadline adherence",Conduct a brief knowledge-sharing session with the team,"Enroll in leadership course,Improve delegation",8,6,9,6,8,Medium,,True,2025-02-26,"Thank you for the feedback, will work on documentation.",2025-03-02,Manager Only,2025-02-21 09:00:00,2025-02-24 14:30:00
FDB7378,Peer Feedback,EMP558,EMP149,2024-03-27,,,,Technical Skills,Showed great initiative in identifying and resolving blockers early.,"Attention to detail,Proactive problem solving,Team support",Documentation quality,Improve commit message quality for better traceability,"Schedule 1:1 with manager,Review goals",7,6,7,5,6,High,,True,2024-03-28,,,Manager Only,2024-03-27 09:00:00,2024-03-27 13:45:00
FDB7388,Task Completion,EMP890,EMP740,2025-02-21,TSK1939,PRJ561,,Quality,"Strong collaboration throughout the sprint, kept the team unblocked.",On-time delivery,Process adherence,Schedule earlier check-ins with stakeholders,"Improve test coverage,Update runbook",9,8,8,7,7,Medium,,True,2025-02-23,,,Public,2025-02-21 09:00:00,2025-03-02 16:15:00
FDB7472,Project Review,EMP1041,EMP935,2024-07-19,,PRJ376,TEAM818,Teamwork,Delivered the task with great attention to detail and minimal rework needed.,"Clear communication,Initiative shown,Proactive problem solving","Stakeholder updates,Documentation quality",Schedule earlier check-ins with stakeholders,,8,8,7,7,8,Medium,,True,2024-07-20,,,Private,2024-07-19 09:00:00,2024-07-24 16:30:00
FDB7512,Task Completion,EMP023,EMP843,2024-08-08,TSK7564,PRJ298,,Communication,Technical execution was excellent but documentation was lacking.,Initiative shown,"Code readability,Process adherence",,"Complete training,Review documentation",10,8,10,10,9,Low,,True,2024-08-13,Acknowledged — will focus on the suggested areas.,2024-08-16,Manager Only,2024-08-08 09:00:00,2024-08-08 14:30:00
FDB7538,Project Review,EMP971,EMP149,2024-11-27,,PRJ575,TEAM613,Communication,Met all deadlines and maintained consistent quality standards.,Initiative shown,Time estimation accuracy,Request early feedback instead of waiting until delivery,"Schedule 1:1 with manager,Review goals",9,8,9,8,9,Low,,True,2024-12-01,,,Manager Only,2024-11-27 09:00:00,2024-12-01 15:45:00
FDB7561,Task Completion,EMP084,EMP478,2024-02-06,TSK4426,PRJ647,,Technical Skills,"Quality of deliverables was high, stakeholders were satisfied.",Clear communication,Deadline adherence,Request early feedback instead of waiting until delivery,"Improve test coverage,Update runbook",10,10,6,8,10,Low,,True,2024-02-07,,,Private,2024-02-06 09:00:00,2024-02-11 14:00:00
FDB7600,Project Review,EMP318,EMP1459,2024-11-04,,PRJ050,TEAM415,Teamwork,Communication was proactive and clear during the entire project phase.,Strong collaboration,"Proactive communication,Testing coverage",Conduct a brief knowledge-sharing session with the team,"Schedule 1:1 with manager,Review goals",9,8,9,8,7,Medium,,True,2024-11-09,,,Manager Only,2024-11-04 09:00:00,2024-11-06 11:15:00
FDB7649,Peer Feedback,EMP658,EMP702,2025-02-08,,,,Leadership,Met all deadlines and maintained consistent quality standards.,"High quality output,On-time delivery","Deadline adherence,Stakeholder updates",Consider adding more unit tests to improve coverage,"Enroll in leadership course,Improve delegation",9,8,10,7,10,Low,,False,,,,Private,2025-02-08 09:00:00,2025-02-16 09:45:00
FDB7673,Task Completion,EMP815,EMP833,2023-06-30,TSK7463,PRJ395,,Communication,Delivery was slightly delayed but final output quality was strong.,High quality output,Time estimation accuracy,Break large tasks into smaller trackable subtasks,,6,6,6,7,5,Medium,,False,,,,Public,2023-06-30 09:00:00,2023-07-06 11:45:00
FDB7675,Project Review,EMP051,EMP657,2024-04-14,,PRJ260,TEAM118,Leadership,"Quality of deliverables was high, stakeholders were satisfied.","On-time delivery,Strong collaboration","Process adherence,Documentation quality",Conduct a brief knowledge-sharing session with the team,"Complete training,Review documentation",8,9,9,8,10,Medium,,True,2024-04-17,,,Private,2024-04-14 09:00:00,2024-04-24 11:30:00
FDB7679,Task Completion,EMP1168,EMP267,2023-10-20,TSK7501,PRJ316,,Communication,"Strong collaboration throughout the sprint, kept the team unblocked.","Proactive problem solving,Clear communication,Initiative shown","Deadline adherence,Documentation quality",Consider adding more unit tests to improve coverage,Attend communication workshop,7,5,6,6,7,Medium,,True,2023-10-22,,,Private,2023-10-20 09:00:00,2023-10-23 18:45:00
FDB7686,Peer Feedback,EMP740,EMP865,2024-08-19,,,,Teamwork,"Quality of deliverables was high, stakeholders were satisfied.","Clear communication,High quality output,Strong collaboration","Deadline adherence,Time estimation accuracy",Break large tasks into smaller trackable subtasks,"Complete training,Review documentation",7,8,8,7,8,High,2024-09-18,True,2024-08-21,,,Private,2024-08-19 09:00:00,2024-08-27 16:00:00
FDB7702,Project Review,EMP815,EMP485,2024-08-28,,PRJ152,TEAM119,Leadership,Met all deadlines and maintained consistent quality standards.,"Reliable execution,On-time delivery,Attention to detail","Documentation quality,Stakeholder updates",,Attend communication workshop,6,5,6,5,6,High,2024-09-27,True,2024-09-01,"Thank you for the feedback, will work on documentation.",2024-09-03,Private,2024-08-28 09:00:00,2024-09-05 09:30:00
FDB7726,Project Review,EMP076,EMP1152,2023-10-10,,PRJ587,TEAM593,Leadership,"Strong collaboration throughout the sprint, kept the team unblocked.","Attention to detail,Team support,Proactive problem solving","Cross-team alignment,Proactive communication",Improve commit message quality for better traceability,Attend communication workshop,7,5,5,6,8,High,,True,2023-10-14,,,Private,2023-10-10 09:00:00,2023-10-11 08:15:00
FDB7728,Project Review,EMP611,EMP012,2024-03-17,,PRJ638,TEAM415,Quality,Delivery was slightly delayed but final output quality was strong.,Clear communication,"Testing coverage,Technical depth",Consider adding more unit tests to improve coverage,"Schedule 1:1 with manager,Review goals",10,10,9,10,10,High,2024-04-16,True,2024-03-21,,,Manager Only,2024-03-17 09:00:00,2024-03-23 13:45:00
FDB7735,Task Completion,EMP1041,EMP201,2023-07-30,TSK2645,PRJ470,,Communication,Met all deadlines and maintained consistent quality standards.,"Technical depth,Proactive problem solving,Strong collaboration",Cross-team alignment,Consider adding more unit tests to improve coverage,"Improve test coverage,Update runbook",8,8,9,8,9,Medium,,True,2023-08-03,,,Public,2023-07-30 09:00:00,2023-08-02 15:45:00
FDB7745,Task Completion,EMP611,EMP1477,2023-10-21,TSK3395,PRJ455,,Quality,Communication was proactive and clear during the entire project phase.,On-time delivery,Process adherence,Conduct a brief knowledge-sharing session with the team,"Improve test coverage,Update runbook",7,8,9,7,6,Medium,,False,,,,Private,2023-10-21 09:00:00,2023-10-29 17:15:00
FDB7770,Task Completion,EMP936,EMP676,2025-02-24,TSK9299,PRJ618,,Leadership,"Strong collaboration throughout the sprint, kept the team unblocked.","Strong collaboration,Clear communication,Attention to detail",Process adherence,Break large tasks into smaller trackable subtasks,"Schedule 1:1 with manager,Review goals",9,8,10,7,7,High,,False,,,,Team,2025-02-24 09:00:00,2025-02-27 14:30:00
FDB7777,Project Review,EMP1496,EMP815,2023-10-17,,PRJ468,TEAM752,Teamwork,"Good work overall, with some areas to improve in cross-team coordination.","Technical depth,Initiative shown",Documentation quality,Consider adding more unit tests to improve coverage,,8,5,6,7,6,Medium,,True,2023-10-21,"Appreciate the recognition, will continue improving.",2023-10-25,Public,2023-10-17 09:00:00,2023-10-25 14:15:00
FDB7780,Self Assessment,EMP754,EMP382,2024-02-11,,,,Quality,"Exceeded expectations on the technical front, peer feedback is very positive.","Attention to detail,High quality output","Testing coverage,Proactive communication",,"Enroll in leadership course,Improve delegation",9,9,10,8,9,Medium,,True,2024-02-16,,,Manager Only,2024-02-11 09:00:00,2024-02-12 13:45:00
FDB7785,Project Review,EMP815,EMP911,2023-10-27,,PRJ707,TEAM515,Technical Skills,Delivery was slightly delayed but final output quality was strong.,"Reliable execution,On-time delivery",Code readability,Improve commit message quality for better traceability,"Improve test coverage,Update runbook",8,6,7,6,6,Medium,,True,2023-11-01,Acknowledged — will focus on the suggested areas.,2023-11-03,Public,2023-10-27 09:00:00,2023-11-02 15:30:00
FDB7790,Task Completion,EMP815,EMP1394,2023-06-22,TSK3839,PRJ430,,Technical Skills,Showed great initiative in identifying and resolving blockers early.,On-time delivery,"Proactive communication,Cross-team alignment",Conduct a brief knowledge-sharing session with the team,"Complete training,Review documentation",9,10,10,9,9,Medium,,True,2023-06-26,,,Manager Only,2023-06-22 09:00:00,2023-07-02 13:45:00
FDB7797,Project Review,EMP1064,EMP382,2025-01-17,,PRJ242,TEAM925,Leadership,Met all deadlines and maintained consistent quality standards.,"High quality output,Proactive problem solving,On-time delivery","Time estimation accuracy,Process adherence",Conduct a brief knowledge-sharing session with the team,Attend communication workshop,7,7,7,5,6,Medium,,True,2025-01-20,,,Team,2025-01-17 09:00:00,2025-01-17 11:15:00
FDB7801,Peer Feedback,EMP572,EMP843,2023-10-11,,,,Quality,"Quality of deliverables was high, stakeholders were satisfied.","Team support,High quality output,On-time delivery","Testing coverage,Time estimation accuracy",Document API endpoints before handoff,,10,10,10,10,9,Low,,True,2023-10-16,"Thank you for the feedback, will work on documentation.",2023-10-21,Manager Only,2023-10-11 09:00:00,2023-10-13 15:30:00
FDB7815,Task Completion,EMP985,EMP521,2023-06-24,TSK2955,PRJ727,,Communication,Communication was proactive and clear during the entire project phase.,"Proactive problem solving,Attention to detail,Strong collaboration",Process adherence,Conduct a brief knowledge-sharing session with the team,"Complete training,Review documentation",7,6,6,6,6,Medium,,False,,,,Private,2023-06-24 09:00:00,2023-06-28 10:15:00
FDB7840,Peer Feedback,EMP076,EMP745,2023-09-07,,,,Technical Skills,Technical execution was excellent but documentation was lacking.,"Strong collaboration,Team support",Process adherence,Consider adding more unit tests to improve coverage,,9,8,7,8,7,Medium,,True,2023-09-08,,,Team,2023-09-07 09:00:00,2023-09-16 10:00:00
FDB7842,Task Completion,EMP185,EMP158,2023-08-03,TSK9208,PRJ352,,Leadership,"Quality of deliverables was high, stakeholders were satisfied.","Team support,Strong collaboration,Proactive problem solving","Cross-team alignment,Testing coverage",Conduct a brief knowledge-sharing session with the team,"Complete training,Review documentation",4,5,5,5,5,Low,,True,2023-08-04,,,Team,2023-08-03 09:00:00,2023-08-13 09:45:00
FDB7849,Project Review,EMP450,EMP936,2024-06-05,,PRJ684,TEAM1000,Technical Skills,"Good work overall, with some areas to improve in cross-team coordination.","Reliable execution,Team support,Proactive problem solving","Documentation quality,Proactive communication",Schedule earlier check-ins with stakeholders,"Schedule 1:1 with manager,Review goals",8,8,10,9,10,Low,,True,2024-06-06,,,Manager Only,2024-06-05 09:00:00,2024-06-10 14:00:00
FDB7851,Peer Feedback,EMP1481,EMP611,2023-06-24,,,,Quality,"Quality of deliverables was high, stakeholders were satisfied.","Clear communication,Reliable execution,On-time delivery",Testing coverage,,Attend communication workshop,6,4,6,4,6,High,,True,2023-06-28,Acknowledged — will focus on the suggested areas.,2023-07-03,Private,2023-06-24 09:00:00,2023-07-01 18:00:00
FDB7901,Task Completion,EMP1475,EMP815,2023-12-05,TSK1791,PRJ272,,Leadership,Communication was proactive and clear during the entire project phase.,Technical depth,"Code readability,Process adherence",Break large tasks into smaller trackable subtasks,"Improve test coverage,Update runbook",8,8,7,7,8,High,,True,2023-12-07,,,Private,2023-12-05 09:00:00,2023-12-06 13:00:00
FDB7918,Peer Feedback,EMP272,EMP391,2024-11-30,,,,Communication,"Strong collaboration throughout the sprint, kept the team unblocked.","Reliable execution,Initiative shown",Process adherence,Document API endpoints before handoff,"Enroll in leadership course,Improve delegation",8,9,9,9,10,Medium,,True,2024-12-02,"Feedback received and noted, will discuss with manager.",2024-12-06,Manager Only,2024-11-30 09:00:00,2024-12-07 13:00:00
FDB7926,Peer Feedback,EMP611,EMP426,2024-11-13,,,,Quality,"Exceeded expectations on the technical front, peer feedback is very positive.",Team support,"Deadline adherence,Technical depth",Improve commit message quality for better traceability,"Complete training,Review documentation",9,8,10,9,9,High,2024-12-13,True,2024-11-15,,,Team,2024-11-13 09:00:00,2024-11-13 17:45:00
FDB7930,Self Assessment,EMP410,EMP521,2023-12-28,,,,Technical Skills,Communication was proactive and clear during the entire project phase.,Clear communication,Time estimation accuracy,Conduct a brief knowledge-sharing session with the team,"Schedule 1:1 with manager,Review goals",7,8,6,8,7,Medium,,True,2024-01-01,,,Manager Only,2023-12-28 09:00:00,2024-01-07 17:15:00
FDB7936,Task Completion,EMP718,EMP1459,2024-07-15,TSK9754,PRJ800,,Communication,Showed great initiative in identifying and resolving blockers early.,Initiative shown,Technical depth,Schedule earlier check-ins with stakeholders,,6,6,6,6,5,Medium,,True,2024-07-18,,,Public,2024-07-15 09:00:00,2024-07-18 10:30:00
FDB7962,Project Review,EMP382,EMP435,2024-11-08,,PRJ234,TEAM083,Technical Skills,"Strong collaboration throughout the sprint, kept the team unblocked.",Reliable execution,"Documentation quality,Technical depth",,"Schedule 1:1 with manager,Review goals",7,8,5,7,6,Medium,,False,,,,Team,2024-11-08 09:00:00,2024-11-10 15:45:00
FDB7968,Project Review,EMP706,EMP050,2024-11-22,,PRJ331,TEAM739,Technical Skills,"Good work overall, with some areas to improve in cross-team coordination.","Clear communication,On-time delivery",Time estimation accuracy,Conduct a brief knowledge-sharing session with the team,"Enroll in leadership course,Improve delegation",7,8,7,9,8,Medium,,True,2024-11-24,,,Team,2024-11-22 09:00:00,2024-11-27 09:45:00
FDB7988,Task Completion,EMP1157,EMP267,2024-11-29,TSK6948,PRJ055,,Leadership,Delivery was slightly delayed but final output quality was strong.,Team support,"Cross-team alignment,Process adherence",,"Enroll in leadership course,Improve delegation",10,9,10,10,10,High,2024-12-29,True,2024-12-04,,,Public,2024-11-29 09:00:00,2024-12-06 11:45:00
FDB7989,Project Review,EMP089,EMP521,2025-01-11,,PRJ738,TEAM545,Communication,"Good work overall, with some areas to improve in cross-team coordination.",Technical depth,"Documentation quality,Proactive communication",Consider adding more unit tests to improve coverage,"Enroll in leadership course,Improve delegation",7,9,8,9,8,High,2025-02-10,True,2025-01-15,,,Manager Only,2025-01-11 09:00:00,2025-01-19 15:30:00
FDB8007,Project Review,EMP521,EMP411,2024-08-27,,PRJ209,TEAM945,Technical Skills,Delivery was slightly delayed but final output quality was strong.,"Attention to detail,Strong collaboration",Technical depth,,"Enroll in leadership course,Improve delegation",10,9,9,9,8,Low,,True,2024-08-31,Acknowledged — will focus on the suggested areas.,2024-09-05,Manager Only,2024-08-27 09:00:00,2024-08-31 13:15:00
FDB8008,Task Completion,EMP287,EMP1394,2024-05-03,TSK9224,PRJ224,,Quality,"Strong collaboration throughout the sprint, kept the team unblocked.",Reliable execution,Stakeholder updates,Improve commit message quality for better traceability,,10,10,9,9,9,Medium,,True,2024-05-04,,,Private,2024-05-03 09:00:00,2024-05-11 08:45:00
FDB8011,Peer Feedback,EMP1193,EMP131,2024-10-06,,,,Technical Skills,Showed great initiative in identifying and resolving blockers early.,"Reliable execution,Technical depth","Time estimation accuracy,Stakeholder updates",Schedule earlier check-ins with stakeholders,"Improve test coverage,Update runbook",5,6,7,5,6,Low,,False,,,,Private,2024-10-06 09:00:00,2024-10-13 11:30:00
FDB8019,Project Review,EMP450,EMP1355,2024-04-02,,PRJ592,TEAM732,Quality,"Good work overall, with some areas to improve in cross-team coordination.","Clear communication,Reliable execution,Attention to detail","Stakeholder updates,Proactive communication",Schedule earlier check-ins with stakeholders,"Enroll in leadership course,Improve delegation",7,7,9,8,8,High,2024-05-02,True,2024-04-06,,,Public,2024-04-02 09:00:00,2024-04-11 14:45:00
FDB8047,Task Completion,EMP815,EMP1284,2023-10-14,TSK1269,PRJ057,,Quality,Delivered the task with great attention to detail and minimal rework needed.,"Technical depth,High quality output",Stakeholder updates,Break large tasks into smaller trackable subtasks,"Enroll in leadership course,Improve delegation",10,9,10,10,10,Low,,True,2023-10-18,,,Private,2023-10-14 09:00:00,2023-10-20 13:45:00
FDB8095,Project Review,EMP936,EMP1179,2024-11-16,,PRJ643,TEAM825,Technical Skills,"Quality of deliverables was high, stakeholders were satisfied.",Team support,"Deadline adherence,Testing coverage",Conduct a brief knowledge-sharing session with the team,"Enroll in leadership course,Improve delegation",6,7,7,5,7,High,,True,2024-11-21,,,Manager Only,2024-11-16 09:00:00,2024-11-20 15:00:00
FDB8100,Task Completion,EMP185,EMP678,2025-01-27,TSK9067,PRJ209,,Quality,"Strong collaboration throughout the sprint, kept the team unblocked.","Technical depth,Reliable execution","Technical depth,Cross-team alignment",Document API endpoints before handoff,"Complete training,Review documentation",7,6,8,9,8,Medium,,True,2025-01-30,,,Public,2025-01-27 09:00:00,2025-01-29 15:45:00
FDB8132,Task Completion,EMP1194,EMP1041,2024-05-06,TSK7634,PRJ489,,Communication,Delivery was slightly delayed but final output quality was strong.,"On-time delivery,Attention to detail,Proactive problem solving",Process adherence,Improve commit message quality for better traceability,"Complete training,Review documentation",7,6,8,8,7,Medium,,True,2024-05-10,"Thank you for the feedback, will work on documentation.",2024-05-15,Team,2024-05-06 09:00:00,2024-05-13 09:00:00
FDB8156,Peer Feedback,EMP1169,EMP1245,2024-08-18,,,,Teamwork,Technical execution was excellent but documentation was lacking.,Attention to detail,"Process adherence,Technical depth",Break large tasks into smaller trackable subtasks,"Enroll in leadership course,Improve delegation",7,7,7,6,6,Low,,True,2024-08-22,,,Manager Only,2024-08-18 09:00:00,2024-08-26 18:00:00
FDB8168,Project Review,EMP149,EMP658,2024-08-12,,PRJ371,TEAM131,Leadership,Showed great initiative in identifying and resolving blockers early.,"Attention to detail,Team support",Deadline adherence,Document API endpoints before handoff,"Improve test coverage,Update runbook",7,6,8,7,8,Low,,True,2024-08-17,"Feedback received and noted, will discuss with manager.",2024-08-19,Manager Only,2024-08-12 09:00:00,2024-08-17 10:30:00
FDB8173,Project Review,EMP1193,EMP245,2023-12-03,,PRJ240,TEAM447,Communication,Delivered the task with great attention to detail and minimal rework needed.,"Strong collaboration,Attention to detail","Time estimation accuracy,Cross-team alignment",Improve commit message quality for better traceability,"Complete training,Review documentation",9,6,6,7,10,High,,False,,,,Public,2023-12-03 09:00:00,2023-12-07 11:30:00
FDB8187,Task Completion,EMP142,EMP611,2024-06-13,TSK8397,PRJ675,,Technical Skills,"Quality of deliverables was high, stakeholders were satisfied.","Reliable execution,Attention to detail",Process adherence,Schedule earlier check-ins with stakeholders,"Enroll in leadership course,Improve delegation",3,4,6,5,3,Medium,,True,2024-06-16,,,Private,2024-06-13 09:00:00,2024-06-20 08:00:00
FDB8228,Task Completion,EMP050,EMP947,2023-08-21,TSK5650,PRJ389,,Technical Skills,Showed great initiative in identifying and resolving blockers early.,"Proactive problem solving,Clear communication,Strong collaboration",Deadline adherence,Schedule earlier check-ins with stakeholders,"Complete training,Review documentation",6,8,7,8,8,Medium,,False,,,,Manager Only,2023-08-21 09:00:00,2023-08-29 10:45:00
FDB8231,Task Completion,EMP1175,EMP267,2024-12-12,TSK0772,PRJ111,,Communication,Delivered the task with great attention to detail and minimal rework needed.,High quality output,"Testing coverage,Documentation quality",Request early feedback instead of waiting until delivery,,7,7,8,6,8,Low,,True,2024-12-17,,,Manager Only,2024-12-12 09:00:00,2024-12-17 11:30:00
FDB8254,Project Review,EMP1193,EMP1351,2025-01-05,,PRJ437,TEAM380,Communication,Delivery was slightly delayed but final output quality was strong.,Technical depth,Testing coverage,,"Improve test coverage,Update runbook",6,7,6,7,8,Medium,,True,2025-01-09,,,Private,2025-01-05 09:00:00,2025-01-08 15:15:00
FDB8310,Peer Feedback,EMP843,EMP897,2024-11-11,,,,Quality,"Strong collaboration throughout the sprint, kept the team unblocked.","Initiative shown,On-time delivery,Attention to detail",Testing coverage,,"Improve test coverage,Update runbook",6,5,4,8,6,Medium,,True,2024-11-15,,,Manager Only,2024-11-11 09:00:00,2024-11-16 08:45:00
FDB8351,Task Completion,EMP076,EMP1057,2025-01-28,TSK7608,PRJ089,,Leadership,Showed great initiative in identifying and resolving blockers early.,Proactive problem solving,Process adherence,Consider adding more unit tests to improve coverage,,7,6,7,8,7,Low,,True,2025-01-29,,,Team,2025-01-28 09:00:00,2025-02-06 10:45:00
FDB8421,Task Completion,EMP006,EMP893,2023-12-22,TSK2314,PRJ085,,Leadership,Technical execution was excellent but documentation was lacking.,"Reliable execution,Proactive problem solving",Cross-team alignment,Conduct a brief knowledge-sharing session with the team,"Improve test coverage,Update runbook",8,7,7,7,8,Medium,,True,2023-12-24,,,Manager Only,2023-12-22 09:00:00,2023-12-29 09:00:00
FDB8444,Task Completion,EMP409,EMP902,2025-02-18,TSK3178,PRJ566,,Communication,Delivered the task with great attention to detail and minimal rework needed.,Team support,"Deadline adherence,Documentation quality",,"Schedule 1:1 with manager,Review goals",8,10,7,7,10,Low,,True,2025-02-23,,,Team,2025-02-18 09:00:00,2025-02-28 18:00:00
FDB8445,Project Review,EMP841,EMP1235,2024-02-02,,PRJ260,TEAM482,Quality,"Strong collaboration throughout the sprint, kept the team unblocked.",Technical depth,"Time estimation accuracy,Process adherence",Request early feedback instead of waiting until delivery,"Improve test coverage,Update runbook",8,8,7,8,8,Medium,,False,,,,Team,2024-02-02 09:00:00,2024-02-12 15:30:00
FDB8544,Project Review,EMP006,EMP1310,2024-03-20,,PRJ663,TEAM243,Quality,Delivery was slightly delayed but final output quality was strong.,Team support,"Technical depth,Time estimation accuracy",Document API endpoints before handoff,,7,7,8,5,6,Medium,,True,2024-03-22,,,Manager Only,2024-03-20 09:00:00,2024-03-23 16:45:00
FDB8600,Task Completion,EMP1418,EMP076,2023-09-20,TSK7953,PRJ460,,Technical Skills,"Good work overall, with some areas to improve in cross-team coordination.","High quality output,Initiative shown",Deadline adherence,,"Schedule 1:1 with manager,Review goals",7,6,7,8,6,Medium,,True,2023-09-24,,,Manager Only,2023-09-20 09:00:00,2023-09-24 08:15:00
FDB8624,Task Completion,EMP702,EMP1287,2024-07-27,TSK9415,PRJ049,,Quality,"Quality of deliverables was high, stakeholders were satisfied.",Technical depth,"Testing coverage,Technical depth",Break large tasks into smaller trackable subtasks,,5,7,8,8,8,Low,,True,2024-08-01,"Feedback received and noted, will discuss with manager.",2024-08-05,Manager Only,2024-07-27 09:00:00,2024-07-28 14:00:00
FDB8659,Task Completion,EMP251,EMP391,2023-06-17,TSK1999,PRJ740,,Technical Skills,Showed great initiative in identifying and resolving blockers early.,"Technical depth,Initiative shown","Process adherence,Deadline adherence",,"Schedule 1:1 with manager,Review goals",7,7,9,8,8,Medium,,True,2023-06-22,"Thank you for the feedback, will work on documentation.",2023-06-25,Public,2023-06-17 09:00:00,2023-06-25 10:15:00
FDB8682,Peer Feedback,EMP1054,EMP1269,2024-06-03,,,,Quality,Met all deadlines and maintained consistent quality standards.,"Strong collaboration,Reliable execution",Deadline adherence,Improve commit message quality for better traceability,Attend communication workshop,9,10,10,7,10,Low,,True,2024-06-06,"Thank you for the feedback, will work on documentation.",2024-06-09,Private,2024-06-03 09:00:00,2024-06-03 16:00:00
FDB8705,Self Assessment,EMP843,EMP286,2024-08-02,,,,Quality,Showed great initiative in identifying and resolving blockers early.,"Initiative shown,On-time delivery,Proactive problem solving","Process adherence,Deadline adherence",Schedule earlier check-ins with stakeholders,"Complete training,Review documentation",8,8,8,10,9,High,,True,2024-08-05,,,Manager Only,2024-08-02 09:00:00,2024-08-06 18:15:00
FDB8706,Peer Feedback,EMP1069,EMP287,2024-10-31,,,,Teamwork,Delivery was slightly delayed but final output quality was strong.,"Strong collaboration,Initiative shown,Attention to detail","Process adherence,Cross-team alignment",Consider adding more unit tests to improve coverage,,4,4,4,4,6,High,,False,,,,Team,2024-10-31 09:00:00,2024-11-07 16:15:00
FDB8729,Task Completion,EMP1186,EMP521,2023-09-23,TSK5611,PRJ410,,Quality,Technical execution was excellent but documentation was lacking.,Strong collaboration,Proactive communication,Document API endpoints before handoff,Attend communication workshop,10,10,10,8,10,Medium,,True,2023-09-27,"Feedback received and noted, will discuss with manager.",2023-09-29,Manager Only,2023-09-23 09:00:00,2023-09-28 17:15:00
FDB8760,Project Review,EMP1174,EMP1185,2024-08-30,,PRJ324,TEAM792,Teamwork,Delivery was slightly delayed but final output quality was strong.,Strong collaboration,Time estimation accuracy,Document API endpoints before handoff,"Schedule 1:1 with manager,Review goals",8,8,8,10,8,High,,True,2024-09-02,,,Team,2024-08-30 09:00:00,2024-09-01 14:00:00
FDB8767,Task Completion,EMP097,EMP1054,2024-04-06,TSK6034,PRJ477,,Communication,"Good work overall, with some areas to improve in cross-team coordination.","On-time delivery,Proactive problem solving",Stakeholder updates,Schedule earlier check-ins with stakeholders,"Schedule 1:1 with manager,Review goals",6,8,7,6,7,Medium,,True,2024-04-07,,,Manager Only,2024-04-06 09:00:00,2024-04-13 15:45:00
FDB8770,Peer Feedback,EMP1459,EMP176,2024-05-13,,,,Technical Skills,Communication was proactive and clear during the entire project phase.,"Clear communication,Team support",Cross-team alignment,Document API endpoints before handoff,,5,7,4,4,5,Medium,,False,,,,Team,2024-05-13 09:00:00,2024-05-14 11:30:00
FDB8868,Peer Feedback,EMP1464,EMP382,2024-12-25,,,,Communication,"Quality of deliverables was high, stakeholders were satisfied.","High quality output,Proactive problem solving","Deadline adherence,Stakeholder updates",Request early feedback instead of waiting until delivery,Attend communication workshop,9,9,10,10,10,Medium,,False,,,,Manager Only,2024-12-25 09:00:00,2024-12-31 09:45:00
FDB8874,Task Completion,EMP702,EMP952,2025-01-02,TSK7505,PRJ526,,Communication,"Exceeded expectations on the technical front, peer feedback is very positive.","Clear communication,Initiative shown","Documentation quality,Process adherence",,Attend communication workshop,5,3,7,5,5,Medium,,True,2025-01-04,,,Team,2025-01-02 09:00:00,2025-01-03 12:15:00
FDB8884,Self Assessment,EMP1074,EMP815,2023-08-27,,,,Technical Skills,"Strong collaboration throughout the sprint, kept the team unblocked.","Technical depth,On-time delivery,Reliable execution",Documentation quality,Break large tasks into smaller trackable subtasks,"Complete training,Review documentation",5,7,7,6,7,Medium,,True,2023-09-01,,,Public,2023-08-27 09:00:00,2023-09-04 18:30:00
FDB8940,Task Completion,EMP251,EMP801,2024-02-23,TSK1095,PRJ700,,Teamwork,"Strong collaboration throughout the sprint, kept the team unblocked.","On-time delivery,Initiative shown","Proactive communication,Documentation quality",Document API endpoints before handoff,"Schedule 1:1 with manager,Review goals",5,4,8,6,6,High,,True,2024-02-24,Acknowledged — will focus on the suggested areas.,2024-02-26,Private,2024-02-23 09:00:00,2024-03-02 12:00:00
FDB8962,Task Completion,EMP740,EMP170,2024-10-01,TSK9195,PRJ176,,Teamwork,"Quality of deliverables was high, stakeholders were satisfied.",Strong collaboration,"Proactive communication,Cross-team alignment",,"Enroll in leadership course,Improve delegation",5,7,7,6,7,High,,True,2024-10-06,"Feedback received and noted, will discuss with manager.",2024-10-07,Private,2024-10-01 09:00:00,2024-10-10 18:30:00
FDB8990,Project Review,EMP702,EMP608,2025-02-04,,PRJ049,TEAM416,Quality,"Good work overall, with some areas to improve in cross-team coordination.","Team support,Attention to detail,Initiative shown","Proactive communication,Time estimation accuracy",Document API endpoints before handoff,"Complete training,Review documentation",8,7,5,7,5,Medium,,True,2025-02-08,,,Manager Only,2025-02-04 09:00:00,2025-02-13 11:30:00
FDB9005,Peer Feedback,EMP948,EMP1184,2024-12-31,,,,Leadership,"Exceeded expectations on the technical front, peer feedback is very positive.","Initiative shown,Proactive problem solving","Time estimation accuracy,Stakeholder updates",Conduct a brief knowledge-sharing session with the team,"Improve test coverage,Update runbook",6,6,9,6,6,Medium,,False,,,,Private,2024-12-31 09:00:00,2025-01-03 16:45:00
FDB9011,Project Review,EMP599,EMP382,2024-09-13,,PRJ123,TEAM644,Communication,Met all deadlines and maintained consistent quality standards.,On-time delivery,"Deadline adherence,Documentation quality",Conduct a brief knowledge-sharing session with the team,"Schedule 1:1 with manager,Review goals",6,6,7,6,6,Low,,False,,,,Team,2024-09-13 09:00:00,2024-09-17 08:45:00
FDB9026,Peer Feedback,EMP1041,EMP887,2024-05-20,,,,Technical Skills,"Quality of deliverables was high, stakeholders were satisfied.",Strong collaboration,"Technical depth,Cross-team alignment",Document API endpoints before handoff,"Enroll in leadership course,Improve delegation",10,8,9,8,10,Medium,,True,2024-05-21,,,Public,2024-05-20 09:00:00,2024-05-23 15:00:00
FDB9050,Task Completion,EMP1487,EMP287,2024-12-30,TSK9336,PRJ619,,Quality,Showed great initiative in identifying and resolving blockers early.,"Technical depth,On-time delivery,High quality output",Proactive communication,Improve commit message quality for better traceability,,10,9,9,10,9,Low,,False,,,,Team,2024-12-30 09:00:00,2025-01-03 18:30:00
FDB9060,Project Review,EMP1397,EMP815,2025-02-03,,PRJ404,TEAM030,Technical Skills,Delivery was slightly delayed but final output quality was strong.,Team support,"Time estimation accuracy,Proactive communication",Schedule earlier check-ins with stakeholders,Attend communication workshop,6,6,8,6,6,Medium,,True,2025-02-05,,,Team,2025-02-03 09:00:00,2025-02-03 12:15:00
FDB9185,Project Review,EMP1148,EMP084,2025-01-18,,PRJ041,TEAM158,Technical Skills,Communication was proactive and clear during the entire project phase.,"Proactive problem solving,Reliable execution","Time estimation accuracy,Code readability",Break large tasks into smaller trackable subtasks,Attend communication workshop,7,6,8,9,9,High,,True,2025-01-20,Acknowledged — will focus on the suggested areas.,2025-01-24,Manager Only,2025-01-18 09:00:00,2025-01-22 12:00:00
FDB9188,Project Review,EMP1067,EMP1092,2024-06-12,,PRJ658,TEAM836,Teamwork,"Strong collaboration throughout the sprint, kept the team unblocked.","Initiative shown,Attention to detail","Deadline adherence,Testing coverage",Document API endpoints before handoff,"Improve test coverage,Update runbook",7,5,8,7,6,High,,True,2024-06-14,"Appreciate the recognition, will continue improving.",2024-06-15,Team,2024-06-12 09:00:00,2024-06-22 12:00:00
FDB9210,Task Completion,EMP1136,EMP051,2024-04-29,TSK8664,PRJ507,,Quality,Delivery was slightly delayed but final output quality was strong.,"Strong collaboration,Technical depth,Team support","Testing coverage,Proactive communication",Conduct a brief knowledge-sharing session with the team,"Schedule 1:1 with manager,Review goals",5,7,7,8,6,Low,,True,2024-05-02,"Feedback received and noted, will discuss with manager.",2024-05-06,Private,2024-04-29 09:00:00,2024-05-09 09:45:00
FDB9236,Project Review,EMP1174,EMP1476,2024-01-30,,PRJ696,TEAM032,Communication,"Exceeded expectations on the technical front, peer feedback is very positive.","Strong collaboration,Technical depth,Attention to detail",Documentation quality,Consider adding more unit tests to improve coverage,"Improve test coverage,Update runbook",3,4,3,6,4,Low,,False,,,,Manager Only,2024-01-30 09:00:00,2024-02-08 10:00:00
FDB9252,Project Review,EMP391,EMP1030,2025-01-22,,PRJ170,TEAM482,Quality,"Exceeded expectations on the technical front, peer feedback is very positive.","Technical depth,Clear communication,High quality output",Technical depth,Document API endpoints before handoff,"Improve test coverage,Update runbook",7,9,10,8,8,High,2025-02-21,True,2025-01-27,Acknowledged — will focus on the suggested areas.,2025-02-01,Public,2025-01-22 09:00:00,2025-01-22 15:00:00
FDB9253,Peer Feedback,EMP611,EMP636,2024-06-08,,,,Teamwork,"Good work overall, with some areas to improve in cross-team coordination.","On-time delivery,Proactive problem solving,Team support","Proactive communication,Time estimation accuracy",Request early feedback instead of waiting until delivery,"Enroll in leadership course,Improve delegation",8,7,8,7,7,Medium,,True,2024-06-10,Acknowledged — will focus on the suggested areas.,2024-06-13,Manager Only,2024-06-08 09:00:00,2024-06-13 09:45:00
FDB9284,Peer Feedback,EMP702,EMP1416,2024-07-11,,,,Quality,"Exceeded expectations on the technical front, peer feedback is very positive.",Proactive problem solving,"Process adherence,Proactive communication",Document API endpoints before handoff,"Enroll in leadership course,Improve delegation",5,7,6,5,6,Low,,True,2024-07-13,"Thank you for the feedback, will work on documentation.",2024-07-15,Private,2024-07-11 09:00:00,2024-07-15 14:15:00
FDB9285,Self Assessment,EMP409,EMP400,2025-02-09,,,,Leadership,"Quality of deliverables was high, stakeholders were satisfied.","On-time delivery,Proactive problem solving,Team support","Deadline adherence,Stakeholder updates",Schedule earlier check-ins with stakeholders,"Improve test coverage,Update runbook",6,7,8,9,7,Medium,,True,2025-02-14,,,Public,2025-02-09 09:00:00,2025-02-17 11:00:00
FDB9303,Task Completion,EMP162,EMP1222,2025-02-17,TSK8276,PRJ697,,Communication,Showed great initiative in identifying and resolving blockers early.,"Proactive problem solving,High quality output",Stakeholder updates,Schedule earlier check-ins with stakeholders,"Complete training,Review documentation",10,10,10,10,10,Low,,True,2025-02-21,"Feedback received and noted, will discuss with manager.",2025-02-26,Public,2025-02-17 09:00:00,2025-02-17 16:15:00
FDB9314,Peer Feedback,EMP521,EMP698,2024-06-23,,,,Teamwork,"Strong collaboration throughout the sprint, kept the team unblocked.","High quality output,Clear communication,Strong collaboration","Documentation quality,Code readability",Improve commit message quality for better traceability,"Schedule 1:1 with manager,Review goals",5,5,3,7,5,High,,True,2024-06-25,"Feedback received and noted, will discuss with manager.",2024-06-30,Team,2024-06-23 09:00:00,2024-06-25 09:30:00
FDB9319,Project Review,EMP579,EMP611,2023-10-02,,PRJ346,TEAM510,Leadership,"Strong collaboration throughout the sprint, kept the team unblocked.",Clear communication,Documentation quality,Break large tasks into smaller trackable subtasks,"Complete training,Review documentation",6,6,5,3,6,Medium,,True,2023-10-06,,,Team,2023-10-02 09:00:00,2023-10-04 17:30:00
FDB9370,Self Assessment,EMP149,EMP1295,2024-07-10,,,,Quality,Technical execution was excellent but documentation was lacking.,Initiative shown,Proactive communication,Consider adding more unit tests to improve coverage,"Schedule 1:1 with manager,Review goals",6,8,8,7,7,Low,,False,,,,Manager Only,2024-07-10 09:00:00,2024-07-20 15:15:00
FDB9374,Peer Feedback,EMP1230,EMP1193,2024-11-29,,,,Leadership,"Exceeded expectations on the technical front, peer feedback is very positive.","Initiative shown,Attention to detail",Process adherence,Document API endpoints before handoff,"Schedule 1:1 with manager,Review goals",9,10,10,10,10,Medium,,True,2024-12-02,"Feedback received and noted, will discuss with manager.",2024-12-07,Public,2024-11-29 09:00:00,2024-11-29 15:45:00
FDB9379,Peer Feedback,EMP090,EMP1092,2024-09-20,,,,Leadership,Delivered the task with great attention to detail and minimal rework needed.,"Attention to detail,On-time delivery","Proactive communication,Code readability",Request early feedback instead of waiting until delivery,"Enroll in leadership course,Improve delegation",9,10,8,7,9,Low,,False,,,,Team,2024-09-20 09:00:00,2024-09-24 12:45:00
FDB9409,Peer Feedback,EMP251,EMP908,2025-02-07,,,,Quality,Communication was proactive and clear during the entire project phase.,"On-time delivery,Reliable execution",Time estimation accuracy,Document API endpoints before handoff,Attend communication workshop,7,7,7,7,7,Medium,,True,2025-02-10,,,Manager Only,2025-02-07 09:00:00,2025-02-14 17:30:00
FDB9420,Task Completion,EMP667,EMP702,2023-06-15,TSK8561,PRJ621,,Leadership,"Exceeded expectations on the technical front, peer feedback is very positive.","Reliable execution,Initiative shown,Technical depth","Technical depth,Deadline adherence",Conduct a brief knowledge-sharing session with the team,"Complete training,Review documentation",6,8,7,7,8,High,2023-07-15,True,2023-06-17,"Appreciate the recognition, will continue improving.",2023-06-18,Private,2023-06-15 09:00:00,2023-06-23 12:15:00
FDB9428,Peer Feedback,EMP076,EMP1272,2023-10-29,,,,Leadership,Delivered the task with great attention to detail and minimal rework needed.,Attention to detail,Process adherence,Request early feedback instead of waiting until delivery,"Schedule 1:1 with manager,Review goals",6,5,5,7,8,Medium,,True,2023-11-03,,,Team,2023-10-29 09:00:00,2023-11-02 17:00:00
FDB9430,Peer Feedback,EMP867,EMP006,2024-08-28,,,,Technical Skills,Delivered the task with great attention to detail and minimal rework needed.,"Technical depth,Strong collaboration",Code readability,Consider adding more unit tests to improve coverage,"Complete training,Review documentation",7,8,8,8,6,Medium,,False,,,,Team,2024-08-28 09:00:00,2024-08-31 16:45:00
FDB9447,Project Review,EMP050,EMP1178,2024-12-28,,PRJ572,TEAM203,Quality,Communication was proactive and clear during the entire project phase.,Strong collaboration,"Technical depth,Documentation quality",Consider adding more unit tests to improve coverage,"Improve test coverage,Update runbook",7,6,8,8,7,Low,,False,,,,Private,2024-12-28 09:00:00,2024-12-28 11:30:00
FDB9454,Peer Feedback,EMP1033,EMP843,2024-05-04,,,,Quality,"Good work overall, with some areas to improve in cross-team coordination.","Attention to detail,Reliable execution,Technical depth",Proactive communication,Conduct a brief knowledge-sharing session with the team,"Complete training,Review documentation",8,8,9,9,9,Low,,True,2024-05-07,,,Team,2024-05-04 09:00:00,2024-05-11 15:45:00
FDB9458,Task Completion,EMP1350,EMP149,2025-02-05,TSK2101,PRJ069,,Technical Skills,Delivery was slightly delayed but final output quality was strong.,Team support,Technical depth,Schedule earlier check-ins with stakeholders,"Complete training,Review documentation",8,10,9,8,8,Medium,,True,2025-02-10,,,Manager Only,2025-02-05 09:00:00,2025-02-13 17:45:00
FDB9489,Self Assessment,EMP287,EMP193,2025-01-24,,,,Leadership,Delivery was slightly delayed but final output quality was strong.,"Attention to detail,Clear communication","Technical depth,Proactive communication",Document API endpoints before handoff,"Enroll in leadership course,Improve delegation",3,5,5,5,5,High,,True,2025-01-27,,,Private,2025-01-24 09:00:00,2025-01-24 12:45:00
FDB9492,Project Review,EMP300,EMP899,2024-02-09,,PRJ509,TEAM822,Communication,Met all deadlines and maintained consistent quality standards.,"Team support,Proactive problem solving,Attention to detail",Proactive communication,Request early feedback instead of waiting until delivery,,8,8,5,5,7,High,,True,2024-02-11,,,Team,2024-02-09 09:00:00,2024-02-10 16:15:00
FDB9499,Task Completion,EMP641,EMP051,2024-07-08,TSK7081,PRJ170,,Quality,"Quality of deliverables was high, stakeholders were satisfied.","High quality output,On-time delivery",Testing coverage,Improve commit message quality for better traceability,"Complete training,Review documentation",7,8,8,7,8,Medium,,True,2024-07-13,"Appreciate the recognition, will continue improving.",2024-07-16,Private,2024-07-08 09:00:00,2024-07-12 13:30:00
FDB9511,Peer Feedback,EMP1350,EMP382,2025-01-11,,,,Quality,Showed great initiative in identifying and resolving blockers early.,"Clear communication,Technical depth,Initiative shown",Technical depth,Improve commit message quality for better traceability,"Complete training,Review documentation",9,10,10,10,9,Medium,,False,,,,Manager Only,2025-01-11 09:00:00,2025-01-13 12:45:00
FDB9513,Peer Feedback,EMP233,EMP611,2024-04-07,,,,Communication,Delivered the task with great attention to detail and minimal rework needed.,"Strong collaboration,Attention to detail","Proactive communication,Technical depth",Break large tasks into smaller trackable subtasks,"Complete training,Review documentation",6,6,9,7,8,High,2024-05-07,True,2024-04-09,"Feedback received and noted, will discuss with manager.",2024-04-10,Private,2024-04-07 09:00:00,2024-04-10 15:00:00
FDB9541,Task Completion,EMP051,EMP796,2023-09-10,TSK7611,PRJ100,,Communication,Communication was proactive and clear during the entire project phase.,"Team support,Initiative shown","Code readability,Proactive communication",Document API endpoints before handoff,"Schedule 1:1 with manager,Review goals",6,5,5,5,7,Medium,,True,2023-09-14,"Thank you for the feedback, will work on documentation.",2023-09-19,Manager Only,2023-09-10 09:00:00,2023-09-17 09:45:00
FDB9542,Peer Feedback,EMP899,EMP420,2024-05-21,,,,Technical Skills,Delivered the task with great attention to detail and minimal rework needed.,"Attention to detail,Reliable execution,Technical depth","Code readability,Documentation quality",Schedule earlier check-ins with stakeholders,"Complete training,Review documentation",6,7,5,7,7,Medium,,True,2024-05-24,,,Private,2024-05-21 09:00:00,2024-05-23 12:45:00
FDB9558,Peer Feedback,EMP149,EMP229,2024-01-30,,,,Technical Skills,Delivered the task with great attention to detail and minimal rework needed.,High quality output,Time estimation accuracy,,"Complete training,Review documentation",8,8,9,8,9,Medium,,False,,,,Team,2024-01-30 09:00:00,2024-01-30 10:00:00
FDB9581,Task Completion,EMP669,EMP1041,2024-08-01,TSK8597,PRJ092,,Leadership,Delivery was slightly delayed but final output quality was strong.,"Technical depth,Clear communication","Deadline adherence,Testing coverage",Improve commit message quality for better traceability,"Schedule 1:1 with manager,Review goals",4,3,7,5,5,Medium,,True,2024-08-02,Acknowledged — will focus on the suggested areas.,2024-08-04,Public,2024-08-01 09:00:00,2024-08-10 12:15:00
FDB9606,Project Review,EMP297,EMP162,2023-11-10,,PRJ292,TEAM801,Leadership,Technical execution was excellent but documentation was lacking.,"High quality output,Team support",Deadline adherence,Conduct a brief knowledge-sharing session with the team,"Enroll in leadership course,Improve delegation",6,7,7,7,6,Medium,,True,2023-11-12,"Feedback received and noted, will discuss with manager.",2023-11-13,Team,2023-11-10 09:00:00,2023-11-15 16:45:00
FDB9611,Peer Feedback,EMP702,EMP934,2023-11-12,,,,Quality,Delivered the task with great attention to detail and minimal rework needed.,"Initiative shown,Clear communication","Testing coverage,Process adherence",Consider adding more unit tests to improve coverage,"Enroll in leadership course,Improve delegation",10,8,8,10,9,Medium,,True,2023-11-13,,,Private,2023-11-12 09:00:00,2023-11-15 13:15:00
FDB9631,Project Review,EMP889,EMP051,2024-07-24,,PRJ051,TEAM160,Quality,"Quality of deliverables was high, stakeholders were satisfied.",Attention to detail,"Proactive communication,Testing coverage",Improve commit message quality for better traceability,Attend communication workshop,8,7,7,8,8,High,2024-08-23,True,2024-07-29,,,Team,2024-07-24 09:00:00,2024-07-27 08:30:00
FDB9634,Task Completion,EMP019,EMP611,2024-12-16,TSK3986,PRJ393,,Leadership,"Strong collaboration throughout the sprint, kept the team unblocked.",On-time delivery,Documentation quality,,"Improve test coverage,Update runbook",9,9,7,9,7,Low,,True,2024-12-17,,,Private,2024-12-16 09:00:00,2024-12-16 18:45:00
FDB9656,Task Completion,EMP763,EMP1326,2023-12-08,TSK1845,PRJ163,,Technical Skills,"Quality of deliverables was high, stakeholders were satisfied.","Proactive problem solving,High quality output","Stakeholder updates,Code readability",Improve commit message quality for better traceability,Attend communication workshop,6,6,6,7,7,Low,,True,2023-12-10,,,Team,2023-12-08 09:00:00,2023-12-11 15:00:00
FDB9681,Task Completion,EMP006,EMP186,2023-06-12,TSK2769,PRJ578,,Technical Skills,"Good work overall, with some areas to improve in cross-team coordination.","Technical depth,Strong collaboration,Clear communication",Time estimation accuracy,Document API endpoints before handoff,"Schedule 1:1 with manager,Review goals",7,8,8,7,6,High,,True,2023-06-14,,,Private,2023-06-12 09:00:00,2023-06-17 09:00:00
FDB9689,Self Assessment,EMP1245,EMP917,2024-04-15,,,,Leadership,Communication was proactive and clear during the entire project phase.,"Strong collaboration,Proactive problem solving,Attention to detail",Time estimation accuracy,Conduct a brief knowledge-sharing session with the team,Attend communication workshop,8,7,6,6,8,Medium,,True,2024-04-18,,,Private,2024-04-15 09:00:00,2024-04-17 13:00:00
FDB9715,Project Review,EMP1452,EMP1245,2024-11-07,,PRJ206,TEAM372,Technical Skills,"Quality of deliverables was high, stakeholders were satisfied.","On-time delivery,Team support,High quality output","Time estimation accuracy,Code readability",,"Improve test coverage,Update runbook",9,9,10,10,9,Medium,,True,2024-11-09,,,Team,2024-11-07 09:00:00,2024-11-09 09:15:00
FDB9719,Project Review,EMP409,EMP038,2023-12-17,,PRJ788,TEAM666,Leadership,Technical execution was excellent but documentation was lacking.,"Initiative shown,Strong collaboration,Technical depth","Stakeholder updates,Proactive communication",Document API endpoints before handoff,"Improve test coverage,Update runbook",7,5,8,7,5,High,,True,2023-12-18,"Appreciate the recognition, will continue improving.",2023-12-21,Manager Only,2023-12-17 09:00:00,2023-12-27 13:45:00
FDB9723,Task Completion,EMP843,EMP1469,2024-02-19,TSK1326,PRJ239,,Teamwork,"Good work overall, with some areas to improve in cross-team coordination.",Strong collaboration,Stakeholder updates,Document API endpoints before handoff,"Schedule 1:1 with manager,Review goals",8,7,7,8,8,Low,,True,2024-02-24,,,Public,2024-02-19 09:00:00,2024-02-23 15:30:00
FDB9732,Peer Feedback,EMP740,EMP259,2023-12-28,,,,Teamwork,"Strong collaboration throughout the sprint, kept the team unblocked.","Initiative shown,Attention to detail,Strong collaboration","Documentation quality,Code readability",,"Improve test coverage,Update runbook",7,9,7,7,7,Low,,True,2024-01-02,"Feedback received and noted, will discuss with manager.",2024-01-05,Team,2023-12-28 09:00:00,2024-01-04 16:15:00
FDB9741,Task Completion,EMP1054,EMP719,2023-10-10,TSK4690,PRJ446,,Leadership,"Good work overall, with some areas to improve in cross-team coordination.","Proactive problem solving,Initiative shown,High quality output","Process adherence,Documentation quality",Request early feedback instead of waiting until delivery,Attend communication workshop,8,7,7,6,7,Medium,,False,,,,Public,2023-10-10 09:00:00,2023-10-12 09:00:00
FDB9762,Peer Feedback,EMP076,EMP488,2024-07-01,,,,Quality,Technical execution was excellent but documentation was lacking.,"Initiative shown,Clear communication,Proactive problem solving","Time estimation accuracy,Cross-team alignment",Break large tasks into smaller trackable subtasks,"Complete training,Review documentation",6,6,4,6,7,Low,,True,2024-07-03,"Feedback received and noted, will discuss with manager.",2024-07-05,Team,2024-07-01 09:00:00,2024-07-01 16:30:00
FDB9763,Task Completion,EMP409,EMP058,2024-09-11,TSK3207,PRJ661,,Quality,"Strong collaboration throughout the sprint, kept the team unblocked.",Reliable execution,Technical depth,,"Schedule 1:1 with manager,Review goals",7,7,7,8,8,Medium,,True,2024-09-15,Acknowledged — will focus on the suggested areas.,2024-09-20,Private,2024-09-11 09:00:00,2024-09-19 08:00:00
FDB9788,Project Review,EMP899,EMP1456,2025-02-22,,PRJ696,TEAM599,Leadership,Delivery was slightly delayed but final output quality was strong.,"Strong collaboration,Proactive problem solving,Initiative shown","Proactive communication,Documentation quality",,Attend communication workshop,9,10,9,9,10,Low,,False,,,,Manager Only,2025-02-22 09:00:00,2025-03-04 13:00:00
FDB9790,Project Review,EMP1177,EMP815,2023-10-05,,PRJ358,TEAM353,Communication,Technical execution was excellent but documentation was lacking.,"Team support,Initiative shown,Technical depth","Time estimation accuracy,Proactive communication",Improve commit message quality for better traceability,"Complete training,Review documentation",10,9,8,10,9,Low,,True,2023-10-07,"Feedback received and noted, will discuss with manager.",2023-10-09,Manager Only,2023-10-05 09:00:00,2023-10-05 16:00:00
FDB9795,Task Completion,EMP1058,EMP521,2023-09-28,TSK2512,PRJ056,,Teamwork,"Strong collaboration throughout the sprint, kept the team unblocked.",On-time delivery,Cross-team alignment,Break large tasks into smaller trackable subtasks,Attend communication workshop,4,6,5,5,5,High,2023-10-28,False,,,,Team,2023-09-28 09:00:00,2023-10-07 08:45:00
FDB9801,Self Assessment,EMP1042,EMP1041,2024-12-31,,,,Teamwork,"Strong collaboration throughout the sprint, kept the team unblocked.",Reliable execution,"Proactive communication,Time estimation accuracy",Conduct a brief knowledge-sharing session with the team,"Complete training,Review documentation",10,10,9,10,10,Medium,,True,2025-01-01,,,Private,2024-12-31 09:00:00,2025-01-09 09:15:00
FDB9810,Task Completion,EMP1051,EMP251,2023-08-10,TSK8516,PRJ735,,Technical Skills,"Quality of deliverables was high, stakeholders were satisfied.","High quality output,Reliable execution",Process adherence,Schedule earlier check-ins with stakeholders,"Enroll in leadership course,Improve delegation",8,10,9,8,9,High,2023-09-09,False,,,,Public,2023-08-10 09:00:00,2023-08-13 08:45:00
FDB9848,Task Completion,EMP171,EMP1174,2023-09-15,TSK9322,PRJ263,,Communication,Delivered the task with great attention to detail and minimal rework needed.,"Initiative shown,Proactive problem solving","Testing coverage,Process adherence",Consider adding more unit tests to improve coverage,"Complete training,Review documentation",5,4,7,5,4,Medium,,True,2023-09-16,,,Private,2023-09-15 09:00:00,2023-09-19 09:00:00
FDB9864,Project Review,EMP899,EMP002,2024-11-13,,PRJ769,TEAM296,Communication,"Exceeded expectations on the technical front, peer feedback is very positive.","Team support,Initiative shown",Deadline adherence,Document API endpoints before handoff,,6,5,8,7,5,High,,True,2024-11-16,Acknowledged — will focus on the suggested areas.,2024-11-17,Manager Only,2024-11-13 09:00:00,2024-11-23 17:00:00
FDB9868,Self Assessment,EMP1133,EMP1041,2024-08-11,,,,Leadership,Met all deadlines and maintained consistent quality standards.,"On-time delivery,Strong collaboration,Initiative shown","Code readability,Deadline adherence",Request early feedback instead of waiting until delivery,Attend communication workshop,7,8,7,7,9,Low,,False,,,,Manager Only,2024-08-11 09:00:00,2024-08-14 08:00:00
FDB9877,Task Completion,EMP1245,EMP612,2024-01-09,TSK7848,PRJ262,,Technical Skills,"Exceeded expectations on the technical front, peer feedback is very positive.","On-time delivery,Strong collaboration","Stakeholder updates,Time estimation accuracy",Consider adding more unit tests to improve coverage,"Complete training,Review documentation",10,10,10,10,10,Low,,True,2024-01-10,,,Public,2024-01-09 09:00:00,2024-01-13 10:30:00
FDB9925,Peer Feedback,EMP1459,EMP1078,2024-12-31,,,,Communication,Delivered the task with great attention to detail and minimal rework needed.,"Attention to detail,Reliable execution,Proactive problem solving",Time estimation accuracy,Conduct a brief knowledge-sharing session with the team,"Improve test coverage,Update runbook",8,7,6,7,8,Low,,True,2025-01-04,,,Manager Only,2024-12-31 09:00:00,2025-01-09 17:30:00
FDB9934,Peer Feedback,EMP1184,EMP449,2024-07-12,,,,Leadership,"Quality of deliverables was high, stakeholders were satisfied.",Attention to detail,Code readability,Conduct a brief knowledge-sharing session with the team,,7,7,7,6,7,High,2024-08-11,False,,,,Team,2024-07-12 09:00:00,2024-07-19 17:00:00
FDB9936,Task Completion,EMP724,EMP521,2024-09-20,TSK3087,PRJ604,,Quality,"Exceeded expectations on the technical front, peer feedback is very positive.","High quality output,Strong collaboration,Reliable execution",Deadline adherence,Schedule earlier check-ins with stakeholders,"Schedule 1:1 with manager,Review goals",8,9,7,8,8,High,,True,2024-09-22,,,Public,2024-09-20 09:00:00,2024-09-30 17:00:00
FDB9946,Peer Feedback,EMP267,EMP1038,2024-01-18,,,,Teamwork,"Exceeded expectations on the technical front, peer feedback is very positive.",Technical depth,Documentation quality,Document API endpoints before handoff,"Schedule 1:1 with manager,Review goals",5,7,8,6,5,Medium,,True,2024-01-23,,,Team,2024-01-18 09:00:00,2024-01-20 10:45:00
FDB9948,Project Review,EMP405,EMP899,2023-09-27,,PRJ602,TEAM033,Leadership,"Exceeded expectations on the technical front, peer feedback is very positive.","Clear communication,Team support",Cross-team alignment,Request early feedback instead of waiting until delivery,Attend communication workshop,6,6,6,6,8,Medium,,True,2023-09-30,,,Team,2023-09-27 09:00:00,2023-09-30 08:15:00
FDB9964,Self Assessment,EMP764,EMP1184,2024-09-04,,,,Technical Skills,"Exceeded expectations on the technical front, peer feedback is very positive.","Attention to detail,Proactive problem solving",Stakeholder updates,Improve commit message quality for better traceability,,8,8,9,8,10,Low,,False,,,,Private,2024-09-04 09:00:00,2024-09-14 18:30:00
FDB9978,Project Review,EMP702,EMP1433,2024-10-11,,PRJ383,TEAM831,Leadership,Technical execution was excellent but documentation was lacking.,"On-time delivery,Team support",Code readability,Document API endpoints before handoff,"Schedule 1:1 with manager,Review goals",8,6,6,7,6,Low,,True,2024-10-14,,,Private,2024-10-11 09:00:00,2024-10-14 13:45:00
FDB10013,Task Completion,EMP1184,EMP222,2024-12-25,TSK2570,PRJ579,,Technical Skills,Delivery was slightly delayed but final output quality was strong.,"Technical depth,High quality output","Testing coverage,Cross-team alignment",,"Schedule 1:1 with manager,Review goals",7,8,8,9,10,Low,,True,2024-12-26,,,Team,2024-12-25 09:00:00,2024-12-27 13:30:00
FDB10014,Task Completion,EMP057,EMP1193,2024-07-08,TSK4239,PRJ743,,Leadership,Technical execution was excellent but documentation was lacking.,"Strong collaboration,Initiative shown",Process adherence,Schedule earlier check-ins with stakeholders,Attend communication workshop,9,9,8,9,8,Medium,,False,,,,Public,2024-07-08 09:00:00,2024-07-10 12:45:00
FDB10036,Peer Feedback,EMP1154,EMP450,2023-08-23,,,,Technical Skills,"Good work overall, with some areas to improve in cross-team coordination.","Technical depth,Team support","Stakeholder updates,Documentation quality",Schedule earlier check-ins with stakeholders,"Enroll in leadership course,Improve delegation",10,9,10,10,10,Medium,,False,,,,Manager Only,2023-08-23 09:00:00,2023-08-31 09:30:00
FDB10071,Task Completion,EMP121,EMP287,2024-08-10,TSK7942,PRJ677,,Technical Skills,"Quality of deliverables was high, stakeholders were satisfied.","Reliable execution,Initiative shown,On-time delivery","Proactive communication,Stakeholder updates",,,9,8,6,6,8,Medium,,True,2024-08-11,,,Private,2024-08-10 09:00:00,2024-08-12 18:30:00
FDB10072,Task Completion,EMP1250,EMP899,2024-09-20,TSK0863,PRJ315,,Leadership,"Exceeded expectations on the technical front, peer feedback is very positive.",Clear communication,Process adherence,Request early feedback instead of waiting until delivery,"Improve test coverage,Update runbook",8,8,9,8,9,Medium,,True,2024-09-23,"Appreciate the recognition, will continue improving.",2024-09-24,Manager Only,2024-09-20 09:00:00,2024-09-27 12:30:00
FDB10085,Peer Feedback,EMP1422,EMP1054,2024-11-04,,,,Communication,"Good work overall, with some areas to improve in cross-team coordination.","Reliable execution,Strong collaboration,Technical depth",Cross-team alignment,Improve commit message quality for better traceability,"Enroll in leadership course,Improve delegation",8,8,8,7,6,Medium,,True,2024-11-07,"Thank you for the feedback, will work on documentation.",2024-11-12,Team,2024-11-04 09:00:00,2024-11-09 15:00:00
FDB10095,Project Review,EMP432,EMP936,2023-07-31,,PRJ547,TEAM105,Technical Skills,"Exceeded expectations on the technical front, peer feedback is very positive.",Technical depth,Cross-team alignment,Document API endpoints before handoff,"Schedule 1:1 with manager,Review goals",6,8,6,5,6,Medium,,True,2023-08-01,,,Manager Only,2023-07-31 09:00:00,2023-08-06 15:30:00
FDB10104,Project Review,EMP936,EMP844,2024-08-17,,PRJ075,TEAM599,Technical Skills,Met all deadlines and maintained consistent quality standards.,"Attention to detail,Proactive problem solving",Documentation quality,Improve commit message quality for better traceability,"Complete training,Review documentation",7,7,6,7,6,Medium,,False,,,,Private,2024-08-17 09:00:00,2024-08-20 11:30:00
FDB10122,Peer Feedback,EMP287,EMP1302,2025-01-01,,,,Leadership,Communication was proactive and clear during the entire project phase.,Reliable execution,"Documentation quality,Technical depth",Conduct a brief knowledge-sharing session with the team,"Improve test coverage,Update runbook",6,5,5,6,6,Medium,,False,,,,Public,2025-01-01 09:00:00,2025-01-11 12:15:00
FDB10138,Project Review,EMP185,EMP728,2024-03-05,,PRJ502,TEAM914,Leadership,Technical execution was excellent but documentation was lacking.,Reliable execution,"Deadline adherence,Technical depth",Document API endpoints before handoff,"Schedule 1:1 with manager,Review goals",7,7,9,7,8,Medium,,True,2024-03-08,,,Manager Only,2024-03-05 09:00:00,2024-03-11 18:45:00
FDB10153,Project Review,EMP1184,EMP1494,2024-07-28,,PRJ679,TEAM094,Technical Skills,"Quality of deliverables was high, stakeholders were satisfied.","Clear communication,Strong collaboration",Code readability,Conduct a brief knowledge-sharing session with the team,Attend communication workshop,6,9,6,9,8,Medium,,True,2024-08-01,,,Public,2024-07-28 09:00:00,2024-07-31 09:15:00
FDB10176,Peer Feedback,EMP024,EMP1193,2023-12-01,,,,Leadership,Communication was proactive and clear during the entire project phase.,"Attention to detail,Reliable execution","Cross-team alignment,Documentation quality",Request early feedback instead of waiting until delivery,"Schedule 1:1 with manager,Review goals",6,7,6,8,8,Medium,,False,,,,Private,2023-12-01 09:00:00,2023-12-08 13:30:00
FDB10187,Task Completion,EMP267,EMP224,2024-11-24,TSK0198,PRJ756,,Technical Skills,Met all deadlines and maintained consistent quality standards.,"High quality output,Strong collaboration,Team support",Cross-team alignment,Improve commit message quality for better traceability,Attend communication workshop,8,8,6,7,7,High,2024-12-24,True,2024-11-26,,,Manager Only,2024-11-24 09:00:00,2024-11-25 10:15:00
FDB10271,Peer Feedback,EMP162,EMP557,2023-09-12,,,,Leadership,Communication was proactive and clear during the entire project phase.,"Proactive problem solving,Initiative shown",Deadline adherence,,"Enroll in leadership course,Improve delegation",8,8,7,8,8,Low,,True,2023-09-17,"Thank you for the feedback, will work on documentation.",2023-09-22,Private,2023-09-12 09:00:00,2023-09-22 15:30:00
FDB10311,Task Completion,EMP1056,EMP084,2024-12-10,TSK4605,PRJ750,,Leadership,"Quality of deliverables was high, stakeholders were satisfied.","Initiative shown,Proactive problem solving","Process adherence,Stakeholder updates",Consider adding more unit tests to improve coverage,"Schedule 1:1 with manager,Review goals",8,8,7,9,6,Medium,,True,2024-12-14,"Feedback received and noted, will discuss with manager.",2024-12-17,Manager Only,2024-12-10 09:00:00,2024-12-15 18:45:00
FDB10316,Peer Feedback,EMP063,EMP149,2024-01-02,,,,Communication,"Good work overall, with some areas to improve in cross-team coordination.","Reliable execution,Clear communication,Strong collaboration","Process adherence,Time estimation accuracy",Conduct a brief knowledge-sharing session with the team,,6,8,6,8,5,High,,True,2024-01-05,,,Team,2024-01-02 09:00:00,2024-01-06 17:15:00
FDB10319,Project Review,EMP936,EMP479,2024-03-30,,PRJ587,TEAM935,Technical Skills,Met all deadlines and maintained consistent quality standards.,"On-time delivery,Proactive problem solving",Code readability,Improve commit message quality for better traceability,"Enroll in leadership course,Improve delegation",8,8,7,7,8,Low,,False,,,,Public,2024-03-30 09:00:00,2024-03-31 17:45:00
FDB10353,Task Completion,EMP740,EMP873,2025-02-12,TSK4494,PRJ319,,Leadership,Delivery was slightly delayed but final output quality was strong.,"Reliable execution,On-time delivery,High quality output",Technical depth,Schedule earlier check-ins with stakeholders,"Improve test coverage,Update runbook",7,8,6,8,8,Medium,,False,,,,Public,2025-02-12 09:00:00,2025-02-18 16:00:00
FDB10356,Task Completion,EMP843,EMP1044,2024-01-30,TSK3349,PRJ599,,Quality,Technical execution was excellent but documentation was lacking.,"Technical depth,Strong collaboration,Clear communication",Deadline adherence,Break large tasks into smaller trackable subtasks,,6,6,6,5,5,Medium,,True,2024-02-01,,,Public,2024-01-30 09:00:00,2024-02-02 13:15:00
FDB10386,Peer Feedback,EMP843,EMP217,2024-03-07,,,,Communication,"Exceeded expectations on the technical front, peer feedback is very positive.","Proactive problem solving,Clear communication",Process adherence,Improve commit message quality for better traceability,"Schedule 1:1 with manager,Review goals",6,6,9,5,5,Medium,,False,,,,Team,2024-03-07 09:00:00,2024-03-14 17:15:00
FDB10403,Task Completion,EMP450,EMP1426,2025-01-26,TSK9321,PRJ579,,Quality,Met all deadlines and maintained consistent quality standards.,"Proactive problem solving,Clear communication",Technical depth,Improve commit message quality for better traceability,Attend communication workshop,9,9,10,10,10,Low,,True,2025-01-30,,,Private,2025-01-26 09:00:00,2025-02-01 13:45:00
FDB10419,Task Completion,EMP450,EMP300,2024-01-22,TSK5086,PRJ042,,Technical Skills,"Strong collaboration throughout the sprint, kept the team unblocked.",Initiative shown,Stakeholder updates,Improve commit message quality for better traceability,,7,6,6,6,6,High,2024-02-21,True,2024-01-26,"Thank you for the feedback, will work on documentation.",2024-01-30,Manager Only,2024-01-22 09:00:00,2024-01-24 12:30:00
FDB10461,Task Completion,EMP741,EMP1459,2024-12-18,TSK4618,PRJ261,,Leadership,Technical execution was excellent but documentation was lacking.,"On-time delivery,Team support,Proactive problem solving",Process adherence,Improve commit message quality for better traceability,,8,9,7,9,8,Low,,True,2024-12-20,,,Public,2024-12-18 09:00:00,2024-12-23 17:00:00
FDB10471,Task Completion,EMP251,EMP115,2023-06-01,TSK6550,PRJ354,,Teamwork,"Strong collaboration throughout the sprint, kept the team unblocked.","Strong collaboration,Team support,On-time delivery",Code readability,Consider adding more unit tests to improve coverage,"Complete training,Review documentation",5,6,5,8,5,Medium,,True,2023-06-02,,,Public,2023-06-01 09:00:00,2023-06-03 09:00:00
FDB10476,Task Completion,EMP518,EMP391,2024-08-02,TSK3906,PRJ303,,Technical Skills,Showed great initiative in identifying and resolving blockers early.,"Initiative shown,High quality output",Code readability,Break large tasks into smaller trackable subtasks,Attend communication workshop,4,4,4,6,6,Medium,,True,2024-08-06,,,Team,2024-08-02 09:00:00,2024-08-07 16:00:00
FDB10480,Self Assessment,EMP178,EMP409,2023-09-07,,,,Technical Skills,Delivered the task with great attention to detail and minimal rework needed.,Team support,Process adherence,,"Improve test coverage,Update runbook",7,7,8,7,7,Low,,True,2023-09-10,,,Private,2023-09-07 09:00:00,2023-09-17 18:30:00
FDB10517,Task Completion,EMP287,EMP1429,2023-06-06,TSK6380,PRJ263,,Technical Skills,Delivery was slightly delayed but final output quality was strong.,Attention to detail,Process adherence,Improve commit message quality for better traceability,"Enroll in leadership course,Improve delegation",8,9,9,10,9,Medium,,True,2023-06-11,,,Private,2023-06-06 09:00:00,2023-06-13 12:15:00
FDB10531,Task Completion,EMP899,EMP948,2023-09-02,TSK6084,PRJ216,,Leadership,Delivery was slightly delayed but final output quality was strong.,"Clear communication,Team support,Reliable execution","Deadline adherence,Proactive communication",Break large tasks into smaller trackable subtasks,"Enroll in leadership course,Improve delegation",8,9,7,7,10,Medium,,True,2023-09-04,,,Manager Only,2023-09-02 09:00:00,2023-09-12 15:45:00
FDB10532,Peer Feedback,EMP606,EMP1193,2023-06-25,,,,Communication,Met all deadlines and maintained consistent quality standards.,"Initiative shown,Reliable execution","Proactive communication,Process adherence",Consider adding more unit tests to improve coverage,"Complete training,Review documentation",6,5,8,6,6,Low,,False,,,,Manager Only,2023-06-25 09:00:00,2023-06-28 15:30:00
FDB10542,Self Assessment,EMP1490,EMP899,2023-10-13,,,,Quality,"Quality of deliverables was high, stakeholders were satisfied.",Clear communication,"Deadline adherence,Proactive communication",,"Improve test coverage,Update runbook",7,8,7,6,7,High,2023-11-12,False,,,,Private,2023-10-13 09:00:00,2023-10-21 16:00:00
FDB10589,Task Completion,EMP051,EMP047,2024-10-16,TSK5520,PRJ415,,Technical Skills,Met all deadlines and maintained consistent quality standards.,Clear communication,Cross-team alignment,Improve commit message quality for better traceability,"Schedule 1:1 with manager,Review goals",5,5,6,7,5,High,2024-11-15,True,2024-10-21,,,Manager Only,2024-10-16 09:00:00,2024-10-16 10:45:00
FDB10646,Task Completion,EMP011,EMP611,2023-07-13,TSK8913,PRJ444,,Quality,"Good work overall, with some areas to improve in cross-team coordination.","Team support,Initiative shown,On-time delivery","Process adherence,Deadline adherence",Request early feedback instead of waiting until delivery,"Improve test coverage,Update runbook",7,9,8,8,7,Medium,,True,2023-07-16,,,Manager Only,2023-07-13 09:00:00,2023-07-21 14:15:00
FDB10697,Self Assessment,EMP769,EMP815,2023-12-08,,,,Technical Skills,Delivered the task with great attention to detail and minimal rework needed.,"Attention to detail,Proactive problem solving,Technical depth",Technical depth,Document API endpoints before handoff,"Complete training,Review documentation",6,5,6,4,4,Medium,,True,2023-12-13,,,Private,2023-12-08 09:00:00,2023-12-13 17:00:00
FDB10709,Project Review,EMP1312,EMP936,2024-03-09,,PRJ706,TEAM956,Communication,"Quality of deliverables was high, stakeholders were satisfied.",On-time delivery,Cross-team alignment,Request early feedback instead of waiting until delivery,,7,5,7,7,6,Medium,,True,2024-03-13,,,Team,2024-03-09 09:00:00,2024-03-09 12:45:00
FDB10763,Peer Feedback,EMP287,EMP857,2024-05-15,,,,Leadership,"Exceeded expectations on the technical front, peer feedback is very positive.",High quality output,Cross-team alignment,Improve commit message quality for better traceability,"Enroll in leadership course,Improve delegation",7,7,9,6,7,Medium,,False,,,,Private,2024-05-15 09:00:00,2024-05-22 18:45:00
FDB10791,Project Review,EMP1019,EMP1326,2023-09-04,,PRJ275,TEAM336,Teamwork,"Good work overall, with some areas to improve in cross-team coordination.","Strong collaboration,Initiative shown,Reliable execution",Code readability,,"Improve test coverage,Update runbook",3,3,3,4,4,High,2023-10-04,True,2023-09-05,,,Private,2023-09-04 09:00:00,2023-09-11 08:30:00
FDB10807,Self Assessment,EMP1261,EMP936,2024-06-18,,,,Leadership,Delivery was slightly delayed but final output quality was strong.,"Attention to detail,Technical depth,High quality output",Proactive communication,Conduct a brief knowledge-sharing session with the team,"Enroll in leadership course,Improve delegation",6,5,6,6,5,High,2024-07-18,True,2024-06-20,,,Private,2024-06-18 09:00:00,2024-06-19 16:00:00
FDB10820,Project Review,EMP382,EMP498,2025-02-24,,PRJ612,TEAM897,Technical Skills,Delivered the task with great attention to detail and minimal rework needed.,"Strong collaboration,On-time delivery,Clear communication","Deadline adherence,Proactive communication",Document API endpoints before handoff,"Schedule 1:1 with manager,Review goals",9,9,9,9,10,Medium,,False,,,,Public,2025-02-24 09:00:00,2025-03-06 09:30:00
FDB10829,Project Review,EMP276,EMP1325,2024-03-09,,PRJ090,TEAM204,Quality,Met all deadlines and maintained consistent quality standards.,"Team support,Reliable execution","Time estimation accuracy,Cross-team alignment",Consider adding more unit tests to improve coverage,"Improve test coverage,Update runbook",7,6,7,6,8,Low,,False,,,,Public,2024-03-09 09:00:00,2024-03-11 10:00:00
FDB10853,Peer Feedback,EMP843,EMP557,2023-11-21,,,,Technical Skills,"Exceeded expectations on the technical front, peer feedback is very positive.",Team support,"Deadline adherence,Cross-team alignment",Consider adding more unit tests to improve coverage,,7,6,8,7,8,Low,,True,2023-11-25,,,Public,2023-11-21 09:00:00,2023-12-01 16:15:00
FDB10862,Self Assessment,EMP1259,EMP1184,2024-05-14,,,,Technical Skills,Communication was proactive and clear during the entire project phase.,"High quality output,Proactive problem solving,Initiative shown","Process adherence,Documentation quality",Schedule earlier check-ins with stakeholders,"Schedule 1:1 with manager,Review goals",7,6,7,7,6,Medium,,True,2024-05-18,,,Public,2024-05-14 09:00:00,2024-05-14 15:15:00
FDB10868,Project Review,EMP815,EMP1080,2024-11-29,,PRJ217,TEAM046,Technical Skills,"Strong collaboration throughout the sprint, kept the team unblocked.","Proactive problem solving,Attention to detail,Team support","Proactive communication,Code readability",,"Complete training,Review documentation",9,7,7,7,7,Medium,,True,2024-12-02,"Thank you for the feedback, will work on documentation.",2024-12-03,Manager Only,2024-11-29 09:00:00,2024-12-04 15:30:00
FDB10904,Task Completion,EMP241,EMP427,2024-12-23,TSK7341,PRJ094,,Quality,Communication was proactive and clear during the entire project phase.,"High quality output,Clear communication",Testing coverage,Consider adding more unit tests to improve coverage,"Enroll in leadership course,Improve delegation",9,10,8,8,9,Low,,True,2024-12-25,,,Private,2024-12-23 09:00:00,2024-12-30 08:45:00
FDB10905,Task Completion,EMP899,EMP974,2025-01-21,TSK0991,PRJ254,,Communication,Communication was proactive and clear during the entire project phase.,"High quality output,Proactive problem solving,Team support",Testing coverage,Schedule earlier check-ins with stakeholders,"Enroll in leadership course,Improve delegation",9,10,9,9,9,Low,,False,,,,Private,2025-01-21 09:00:00,2025-01-27 14:30:00
FDB10908,Task Completion,EMP391,EMP138,2023-10-06,TSK3267,PRJ226,,Teamwork,Met all deadlines and maintained consistent quality standards.,"Strong collaboration,Proactive problem solving,Clear communication",Stakeholder updates,,"Complete training,Review documentation",8,7,9,8,7,Medium,,True,2023-10-07,"Appreciate the recognition, will continue improving.",2023-10-11,Manager Only,2023-10-06 09:00:00,2023-10-07 14:30:00
FDB10916,Project Review,EMP1054,EMP1434,2024-11-02,,PRJ005,TEAM931,Teamwork,Delivered the task with great attention to detail and minimal rework needed.,"High quality output,Clear communication,Team support",Process adherence,Document API endpoints before handoff,,7,7,7,8,8,High,2024-12-02,True,2024-11-03,,,Manager Only,2024-11-02 09:00:00,2024-11-04 17:30:00
FDB10933,Task Completion,EMP815,EMP917,2023-08-05,TSK7365,PRJ268,,Quality,"Exceeded expectations on the technical front, peer feedback is very positive.",High quality output,Proactive communication,Schedule earlier check-ins with stakeholders,"Complete training,Review documentation",7,6,6,7,7,Medium,,True,2023-08-08,,,Manager Only,2023-08-05 09:00:00,2023-08-06 13:30:00
FDB10991,Project Review,EMP510,EMP1092,2024-06-17,,PRJ040,TEAM922,Teamwork,Delivery was slightly delayed but final output quality was strong.,"Strong collaboration,Technical depth,High quality output","Technical depth,Deadline adherence",Conduct a brief knowledge-sharing session with the team,,9,8,7,9,7,High,2024-07-17,True,2024-06-20,,,Public,2024-06-17 09:00:00,2024-06-17 11:30:00
FDB11047,Task Completion,EMP1125,EMP740,2024-01-30,TSK5349,PRJ323,,Quality,"Strong collaboration throughout the sprint, kept the team unblocked.",Initiative shown,Process adherence,Break large tasks into smaller trackable subtasks,"Improve test coverage,Update runbook",9,5,8,8,7,High,,True,2024-02-02,,,Public,2024-01-30 09:00:00,2024-01-30 14:45:00
FDB11073,Self Assessment,EMP427,EMP898,2023-08-30,,,,Technical Skills,"Good work overall, with some areas to improve in cross-team coordination.",High quality output,Testing coverage,Improve commit message quality for better traceability,"Complete training,Review documentation",8,8,9,6,8,Low,,True,2023-09-01,,,Manager Only,2023-08-30 09:00:00,2023-08-30 15:30:00
FDB11090,Project Review,EMP1054,EMP697,2025-02-07,,PRJ730,TEAM544,Technical Skills,Delivery was slightly delayed but final output quality was strong.,"Reliable execution,Proactive problem solving,Team support","Code readability,Deadline adherence",,,9,7,8,9,10,Medium,,True,2025-02-09,,,Private,2025-02-07 09:00:00,2025-02-10 13:45:00
FDB11097,Task Completion,EMP702,EMP1190,2024-11-10,TSK7628,PRJ567,,Teamwork,Communication was proactive and clear during the entire project phase.,"Proactive problem solving,Team support",Proactive communication,Break large tasks into smaller trackable subtasks,Attend communication workshop,9,8,7,8,9,Medium,,True,2024-11-13,"Feedback received and noted, will discuss with manager.",2024-11-16,Team,2024-11-10 09:00:00,2024-11-19 18:15:00
FDB11100,Project Review,EMP051,EMP1209,2023-08-30,,PRJ773,TEAM985,Teamwork,Delivered the task with great attention to detail and minimal rework needed.,"Team support,Proactive problem solving","Testing coverage,Proactive communication",Request early feedback instead of waiting until delivery,"Complete training,Review documentation",6,9,7,6,9,Medium,,True,2023-09-02,"Appreciate the recognition, will continue improving.",2023-09-07,Manager Only,2023-08-30 09:00:00,2023-09-08 12:45:00
FDB11116,Task Completion,EMP611,EMP1230,2024-07-04,TSK3097,PRJ121,,Communication,"Strong collaboration throughout the sprint, kept the team unblocked.",Team support,Testing coverage,Consider adding more unit tests to improve coverage,"Improve test coverage,Update runbook",7,7,6,7,9,High,2024-08-03,True,2024-07-05,,,Public,2024-07-04 09:00:00,2024-07-12 08:00:00
FDB11117,Peer Feedback,EMP1106,EMP1092,2024-09-06,,,,Technical Skills,Delivery was slightly delayed but final output quality was strong.,"Reliable execution,Clear communication,Initiative shown","Technical depth,Time estimation accuracy",,"Improve test coverage,Update runbook",9,9,8,10,10,Medium,,True,2024-09-09,,,Private,2024-09-06 09:00:00,2024-09-11 17:00:00
FDB11192,Project Review,EMP382,EMP937,2024-02-24,,PRJ392,TEAM027,Technical Skills,"Quality of deliverables was high, stakeholders were satisfied.","Attention to detail,Clear communication,High quality output","Stakeholder updates,Technical depth",Document API endpoints before handoff,"Complete training,Review documentation",6,7,7,6,6,Medium,,True,2024-02-28,"Thank you for the feedback, will work on documentation.",2024-03-03,Private,2024-02-24 09:00:00,2024-02-27 14:15:00
FDB11195,Self Assessment,EMP1023,EMP409,2024-04-10,,,,Communication,"Quality of deliverables was high, stakeholders were satisfied.","High quality output,Clear communication,On-time delivery",Proactive communication,,"Complete training,Review documentation",8,8,8,7,7,Medium,,False,,,,Public,2024-04-10 09:00:00,2024-04-15 18:30:00
FDB11201,Peer Feedback,EMP1125,EMP287,2024-06-30,,,,Teamwork,"Exceeded expectations on the technical front, peer feedback is very positive.",Initiative shown,Deadline adherence,Improve commit message quality for better traceability,"Improve test coverage,Update runbook",6,6,5,6,6,High,2024-07-30,True,2024-07-05,,,Public,2024-06-30 09:00:00,2024-07-08 11:30:00
FDB11223,Task Completion,EMP746,EMP050,2024-04-16,TSK4305,PRJ527,,Leadership,Communication was proactive and clear during the entire project phase.,Reliable execution,"Time estimation accuracy,Stakeholder updates",Improve commit message quality for better traceability,"Enroll in leadership course,Improve delegation",7,9,9,8,9,High,2024-05-16,False,,,,Manager Only,2024-04-16 09:00:00,2024-04-25 15:45:00
FDB11232,Project Review,EMP050,EMP610,2023-09-18,,PRJ224,TEAM606,Teamwork,Technical execution was excellent but documentation was lacking.,"Initiative shown,Team support,Clear communication",Documentation quality,Schedule earlier check-ins with stakeholders,,9,10,9,10,10,Medium,,True,2023-09-19,,,Team,2023-09-18 09:00:00,2023-09-19 16:30:00
FDB11284,Task Completion,EMP130,EMP185,2025-02-11,TSK2687,PRJ336,,Teamwork,"Quality of deliverables was high, stakeholders were satisfied.","Reliable execution,Attention to detail",Proactive communication,Break large tasks into smaller trackable subtasks,,8,7,9,9,7,Low,,False,,,,Manager Only,2025-02-11 09:00:00,2025-02-21 11:30:00
FDB11293,Peer Feedback,EMP063,EMP076,2024-02-29,,,,Teamwork,"Exceeded expectations on the technical front, peer feedback is very positive.",Proactive problem solving,"Stakeholder updates,Time estimation accuracy",Break large tasks into smaller trackable subtasks,,5,6,5,8,7,High,2024-03-30,False,,,,Manager Only,2024-02-29 09:00:00,2024-03-07 13:00:00
FDB11298,Project Review,EMP788,EMP427,2024-11-03,,PRJ458,TEAM385,Communication,Communication was proactive and clear during the entire project phase.,"Strong collaboration,Initiative shown,Reliable execution",Technical depth,Document API endpoints before handoff,"Complete training,Review documentation",7,6,5,7,8,Medium,,True,2024-11-05,,,Team,2024-11-03 09:00:00,2024-11-08 16:45:00
FDB11304,Self Assessment,EMP521,EMP797,2024-12-28,,,,Quality,"Quality of deliverables was high, stakeholders were satisfied.",Proactive problem solving,"Stakeholder updates,Deadline adherence",Request early feedback instead of waiting until delivery,,8,8,9,7,7,High,2025-01-27,True,2024-12-31,,,Private,2024-12-28 09:00:00,2025-01-02 10:30:00
FDB11319,Project Review,EMP521,EMP496,2023-06-24,,PRJ022,TEAM340,Teamwork,Showed great initiative in identifying and resolving blockers early.,"On-time delivery,Initiative shown,Reliable execution",Testing coverage,,"Complete training,Review documentation",9,10,9,9,8,Medium,,True,2023-06-27,,,Manager Only,2023-06-24 09:00:00,2023-06-29 16:00:00
FDB11353,Self Assessment,EMP1100,EMP076,2023-07-18,,,,Technical Skills,Showed great initiative in identifying and resolving blockers early.,Technical depth,Deadline adherence,Request early feedback instead of waiting until delivery,"Improve test coverage,Update runbook",5,5,7,5,6,Medium,,False,,,,Private,2023-07-18 09:00:00,2023-07-22 18:45:00
FDB11392,Task Completion,EMP149,EMP723,2024-06-03,TSK0301,PRJ292,,Teamwork,Delivered the task with great attention to detail and minimal rework needed.,"Attention to detail,Clear communication,High quality output","Process adherence,Technical depth",Document API endpoints before handoff,"Improve test coverage,Update runbook",8,9,10,10,8,High,2024-07-03,True,2024-06-08,Acknowledged — will focus on the suggested areas.,2024-06-12,Private,2024-06-03 09:00:00,2024-06-11 15:00:00
FDB11465,Task Completion,EMP257,EMP084,2023-12-19,TSK0982,PRJ566,,Teamwork,"Good work overall, with some areas to improve in cross-team coordination.","High quality output,Proactive problem solving",Testing coverage,Conduct a brief knowledge-sharing session with the team,"Improve test coverage,Update runbook",8,6,8,9,7,Medium,,True,2023-12-23,"Thank you for the feedback, will work on documentation.",2023-12-28,Team,2023-12-19 09:00:00,2023-12-20 08:15:00
FDB11473,Peer Feedback,EMP200,EMP391,2024-05-12,,,,Communication,"Good work overall, with some areas to improve in cross-team coordination.","On-time delivery,Reliable execution","Proactive communication,Cross-team alignment",Request early feedback instead of waiting until delivery,"Schedule 1:1 with manager,Review goals",10,10,8,10,8,Low,,True,2024-05-13,,,Manager Only,2024-05-12 09:00:00,2024-05-12 13:45:00
FDB11484,Task Completion,EMP690,EMP1326,2023-09-29,TSK5792,PRJ195,,Technical Skills,"Strong collaboration throughout the sprint, kept the team unblocked.",On-time delivery,"Stakeholder updates,Time estimation accuracy",Document API endpoints before handoff,"Complete training,Review documentation",5,6,6,8,5,Medium,,True,2023-10-03,,,Private,2023-09-29 09:00:00,2023-10-04 10:45:00
FDB11508,Project Review,EMP1045,EMP382,2024-07-26,,PRJ769,TEAM482,Communication,"Strong collaboration throughout the sprint, kept the team unblocked.","Attention to detail,Team support",Testing coverage,Consider adding more unit tests to improve coverage,"Enroll in leadership course,Improve delegation",10,10,8,8,9,High,,True,2024-07-30,,,Public,2024-07-26 09:00:00,2024-07-30 17:15:00
FDB11518,Project Review,EMP059,EMP1245,2024-03-09,,PRJ770,TEAM842,Quality,Met all deadlines and maintained consistent quality standards.,"Attention to detail,Proactive problem solving",Time estimation accuracy,Request early feedback instead of waiting until delivery,Attend communication workshop,7,7,9,8,8,Low,,True,2024-03-10,Acknowledged — will focus on the suggested areas.,2024-03-11,Private,2024-03-09 09:00:00,2024-03-14 16:45:00
FDB11529,Peer Feedback,EMP881,EMP162,2024-11-28,,,,Technical Skills,Delivery was slightly delayed but final output quality was strong.,"Attention to detail,On-time delivery,High quality output",Time estimation accuracy,Document API endpoints before handoff,"Enroll in leadership course,Improve delegation",10,8,8,9,10,Low,,True,2024-11-30,,,Public,2024-11-28 09:00:00,2024-11-30 18:45:00
FDB11535,Task Completion,EMP402,EMP521,2024-06-15,TSK8794,PRJ617,,Communication,Technical execution was excellent but documentation was lacking.,"Team support,Strong collaboration",Process adherence,Consider adding more unit tests to improve coverage,"Complete training,Review documentation",7,7,7,6,7,Medium,,True,2024-06-16,,,Team,2024-06-15 09:00:00,2024-06-25 13:30:00
FDB11547,Peer Feedback,EMP619,EMP1245,2023-09-23,,,,Technical Skills,"Strong collaboration throughout the sprint, kept the team unblocked.","Technical depth,Reliable execution",Deadline adherence,Request early feedback instead of waiting until delivery,"Schedule 1:1 with manager,Review goals",7,8,9,7,7,Medium,,True,2023-09-26,"Appreciate the recognition, will continue improving.",2023-09-29,Team,2023-09-23 09:00:00,2023-09-26 17:15:00
FDB11550,Project Review,EMP1422,EMP006,2025-02-19,,PRJ767,TEAM295,Leadership,"Quality of deliverables was high, stakeholders were satisfied.","Proactive problem solving,On-time delivery,Technical depth","Documentation quality,Testing coverage",Document API endpoints before handoff,"Enroll in leadership course,Improve delegation",8,8,7,7,7,High,,True,2025-02-24,Acknowledged — will focus on the suggested areas.,2025-02-28,Manager Only,2025-02-19 09:00:00,2025-02-24 08:45:00
FDB11552,Task Completion,EMP649,EMP267,2023-07-05,TSK6206,PRJ054,,Teamwork,"Strong collaboration throughout the sprint, kept the team unblocked.",Proactive problem solving,"Process adherence,Cross-team alignment",Break large tasks into smaller trackable subtasks,Attend communication workshop,8,7,9,10,9,Low,,False,,,,Manager Only,2023-07-05 09:00:00,2023-07-07 12:30:00
FDB11584,Project Review,EMP067,EMP450,2023-12-12,,PRJ156,TEAM766,Quality,"Quality of deliverables was high, stakeholders were satisfied.","Reliable execution,Proactive problem solving","Documentation quality,Time estimation accuracy",Schedule earlier check-ins with stakeholders,"Schedule 1:1 with manager,Review goals",7,8,5,8,7,Low,,True,2023-12-14,"Appreciate the recognition, will continue improving.",2023-12-19,Team,2023-12-12 09:00:00,2023-12-14 14:30:00
FDB11614,Task Completion,EMP1025,EMP267,2024-02-21,TSK8166,PRJ154,,Quality,Delivered the task with great attention to detail and minimal rework needed.,"Strong collaboration,High quality output,Team support","Deadline adherence,Time estimation accuracy",Request early feedback instead of waiting until delivery,"Improve test coverage,Update runbook",6,6,7,4,6,Medium,,True,2024-02-26,"Thank you for the feedback, will work on documentation.",2024-02-27,Private,2024-02-21 09:00:00,2024-02-21 09:45:00
FDB11650,Peer Feedback,EMP766,EMP149,2024-12-22,,,,Communication,Delivered the task with great attention to detail and minimal rework needed.,"Proactive problem solving,On-time delivery",Stakeholder updates,Document API endpoints before handoff,"Improve test coverage,Update runbook",8,6,6,7,7,Medium,,True,2024-12-24,,,Team,2024-12-22 09:00:00,2024-12-25 17:30:00
FDB11674,Peer Feedback,EMP435,EMP843,2024-09-13,,,,Leadership,Showed great initiative in identifying and resolving blockers early.,Strong collaboration,Process adherence,,,5,6,5,7,6,High,,True,2024-09-17,,,Public,2024-09-13 09:00:00,2024-09-21 18:15:00
FDB11783,Project Review,EMP076,EMP729,2023-08-09,,PRJ014,TEAM357,Quality,Delivery was slightly delayed but final output quality was strong.,Reliable execution,"Code readability,Time estimation accuracy",Schedule earlier check-ins with stakeholders,"Complete training,Review documentation",6,6,4,3,3,High,2023-09-08,True,2023-08-13,,,Manager Only,2023-08-09 09:00:00,2023-08-09 08:30:00
FDB11830,Project Review,EMP427,EMP467,2024-07-10,,PRJ101,TEAM462,Leadership,"Exceeded expectations on the technical front, peer feedback is very positive.","Reliable execution,Proactive problem solving",Process adherence,Request early feedback instead of waiting until delivery,"Schedule 1:1 with manager,Review goals",10,8,8,9,10,Low,,False,,,,Private,2024-07-10 09:00:00,2024-07-10 11:15:00
FDB11839,Project Review,EMP076,EMP1149,2023-08-15,,PRJ797,TEAM891,Teamwork,Technical execution was excellent but documentation was lacking.,"Proactive problem solving,Attention to detail","Technical depth,Proactive communication",Break large tasks into smaller trackable subtasks,"Improve test coverage,Update runbook",8,8,8,8,7,High,2023-09-14,True,2023-08-18,,,Manager Only,2023-08-15 09:00:00,2023-08-18 16:15:00
FDB11853,Project Review,EMP050,EMP1448,2024-05-19,,PRJ065,TEAM521,Communication,Communication was proactive and clear during the entire project phase.,"Reliable execution,High quality output",Process adherence,Break large tasks into smaller trackable subtasks,Attend communication workshop,8,6,5,9,8,Medium,,True,2024-05-20,,,Public,2024-05-19 09:00:00,2024-05-21 08:30:00
FDB11883,Project Review,EMP1184,EMP359,2024-11-18,,PRJ080,TEAM445,Communication,"Strong collaboration throughout the sprint, kept the team unblocked.","Clear communication,Strong collaboration","Testing coverage,Time estimation accuracy",Improve commit message quality for better traceability,,6,8,9,8,10,High,,True,2024-11-23,,,Manager Only,2024-11-18 09:00:00,2024-11-18 13:30:00
FDB11889,Task Completion,EMP1459,EMP1215,2024-10-06,TSK3967,PRJ233,,Quality,Delivery was slightly delayed but final output quality was strong.,"Technical depth,Reliable execution,Team support","Technical depth,Code readability",Improve commit message quality for better traceability,,9,8,7,7,8,Low,,True,2024-10-08,"Thank you for the feedback, will work on documentation.",2024-10-11,Team,2024-10-06 09:00:00,2024-10-14 14:00:00
FDB11894,Task Completion,EMP740,EMP056,2024-02-08,TSK5861,PRJ167,,Quality,Technical execution was excellent but documentation was lacking.,"Technical depth,Reliable execution,Clear communication","Process adherence,Cross-team alignment",Break large tasks into smaller trackable subtasks,Attend communication workshop,7,7,6,6,7,Medium,,False,,,,Manager Only,2024-02-08 09:00:00,2024-02-13 14:30:00
FDB11910,Peer Feedback,EMP084,EMP1138,2024-01-19,,,,Leadership,"Good work overall, with some areas to improve in cross-team coordination.",Attention to detail,"Stakeholder updates,Proactive communication",Document API endpoints before handoff,Attend communication workshop,9,9,10,10,8,Medium,,True,2024-01-23,,,Manager Only,2024-01-19 09:00:00,2024-01-28 13:45:00
FDB11923,Task Completion,EMP975,EMP251,2024-05-10,TSK3579,PRJ431,,Quality,"Exceeded expectations on the technical front, peer feedback is very positive.","On-time delivery,Team support",Proactive communication,Consider adding more unit tests to improve coverage,,8,9,8,8,8,High,,False,,,,Private,2024-05-10 09:00:00,2024-05-10 11:45:00
FDB11974,Self Assessment,EMP1151,EMP1174,2024-12-16,,,,Leadership,Technical execution was excellent but documentation was lacking.,Strong collaboration,Proactive communication,Consider adding more unit tests to improve coverage,"Enroll in leadership course,Improve delegation",8,6,7,5,6,Low,,False,,,,Private,2024-12-16 09:00:00,2024-12-21 13:00:00
FDB11981,Project Review,EMP706,EMP382,2023-07-22,,PRJ378,TEAM775,Teamwork,"Quality of deliverables was high, stakeholders were satisfied.",On-time delivery,"Code readability,Testing coverage",Document API endpoints before handoff,"Enroll in leadership course,Improve delegation",8,7,8,8,9,Medium,,True,2023-07-27,,,Private,2023-07-22 09:00:00,2023-07-25 18:15:00
FDB12041,Task Completion,EMP1326,EMP372,2023-06-16,TSK1646,PRJ505,,Communication,Delivery was slightly delayed but final output quality was strong.,Attention to detail,Deadline adherence,Conduct a brief knowledge-sharing session with the team,"Complete training,Review documentation",9,8,7,8,8,Low,,True,2023-06-21,,,Manager Only,2023-06-16 09:00:00,2023-06-18 15:45:00
FDB12060,Peer Feedback,EMP707,EMP1174,2024-11-02,,,,Leadership,Communication was proactive and clear during the entire project phase.,"Reliable execution,Technical depth","Deadline adherence,Code readability",Conduct a brief knowledge-sharing session with the team,,7,6,7,6,6,High,2024-12-02,True,2024-11-07,,,Team,2024-11-02 09:00:00,2024-11-03 12:30:00
FDB12096,Peer Feedback,EMP1193,EMP490,2023-08-18,,,,Technical Skills,"Exceeded expectations on the technical front, peer feedback is very positive.","Initiative shown,Team support","Proactive communication,Deadline adherence",Conduct a brief knowledge-sharing session with the team,Attend communication workshop,4,5,5,5,4,Low,,True,2023-08-20,,,Team,2023-08-18 09:00:00,2023-08-23 14:15:00
FDB12102,Task Completion,EMP843,EMP965,2023-09-02,TSK3893,PRJ418,,Communication,Delivered the task with great attention to detail and minimal rework needed.,"Technical depth,Clear communication,On-time delivery",Code readability,Conduct a brief knowledge-sharing session with the team,"Complete training,Review documentation",8,7,8,7,8,High,2023-10-02,True,2023-09-07,,,Public,2023-09-02 09:00:00,2023-09-04 13:30:00
FDB12107,Self Assessment,EMP186,EMP899,2024-05-21,,,,Communication,Communication was proactive and clear during the entire project phase.,"High quality output,Strong collaboration,Technical depth",Code readability,Conduct a brief knowledge-sharing session with the team,"Improve test coverage,Update runbook",8,8,7,8,8,Medium,,True,2024-05-23,Acknowledged — will focus on the suggested areas.,2024-05-28,Manager Only,2024-05-21 09:00:00,2024-05-31 13:30:00
FDB12122,Project Review,EMP1184,EMP913,2023-07-12,,PRJ168,TEAM288,Quality,Delivery was slightly delayed but final output quality was strong.,Strong collaboration,Testing coverage,Break large tasks into smaller trackable subtasks,"Complete training,Review documentation",8,8,8,7,10,Low,,True,2023-07-14,,,Public,2023-07-12 09:00:00,2023-07-19 17:30:00
FDB12157,Peer Feedback,EMP287,EMP006,2023-10-13,,,,Teamwork,"Exceeded expectations on the technical front, peer feedback is very positive.",Reliable execution,Cross-team alignment,,"Complete training,Review documentation",9,9,9,10,9,Medium,,True,2023-10-14,"Thank you for the feedback, will work on documentation.",2023-10-15,Public,2023-10-13 09:00:00,2023-10-21 11:30:00
FDB12221,Peer Feedback,EMP430,EMP1326,2023-06-15,,,,Quality,"Exceeded expectations on the technical front, peer feedback is very positive.","Strong collaboration,Reliable execution",Time estimation accuracy,Consider adding more unit tests to improve coverage,"Enroll in leadership course,Improve delegation",7,10,7,8,7,High,,True,2023-06-17,,,Team,2023-06-15 09:00:00,2023-06-25 11:15:00
FDB12235,Task Completion,EMP1459,EMP724,2023-06-30,TSK9916,PRJ675,,Leadership,Met all deadlines and maintained consistent quality standards.,Reliable execution,"Testing coverage,Code readability",Request early feedback instead of waiting until delivery,"Improve test coverage,Update runbook",3,4,2,3,4,High,,True,2023-07-04,,,Manager Only,2023-06-30 09:00:00,2023-07-05 09:00:00
FDB12244,Peer Feedback,EMP245,EMP702,2024-08-07,,,,Teamwork,"Quality of deliverables was high, stakeholders were satisfied.","Clear communication,Strong collaboration,Technical depth","Time estimation accuracy,Testing coverage",,"Schedule 1:1 with manager,Review goals",9,10,8,8,9,Medium,,True,2024-08-10,,,Private,2024-08-07 09:00:00,2024-08-10 09:45:00
FDB12308,Project Review,EMP427,EMP984,2024-08-22,,PRJ326,TEAM292,Technical Skills,"Strong collaboration throughout the sprint, kept the team unblocked.","Proactive problem solving,Reliable execution,High quality output","Time estimation accuracy,Testing coverage",Consider adding more unit tests to improve coverage,"Improve test coverage,Update runbook",8,8,7,9,9,Medium,,True,2024-08-24,,,Manager Only,2024-08-22 09:00:00,2024-09-01 14:00:00
FDB12360,Self Assessment,EMP162,EMP331,2023-12-24,,,,Leadership,"Good work overall, with some areas to improve in cross-team coordination.","Strong collaboration,Team support","Time estimation accuracy,Testing coverage",Schedule earlier check-ins with stakeholders,"Enroll in leadership course,Improve delegation",9,7,8,8,9,High,2024-01-23,False,,,,Team,2023-12-24 09:00:00,2024-01-02 16:45:00
FDB12387,Project Review,EMP555,EMP162,2023-06-19,,PRJ547,TEAM357,Teamwork,Communication was proactive and clear during the entire project phase.,"Team support,High quality output","Cross-team alignment,Testing coverage",Improve commit message quality for better traceability,"Schedule 1:1 with manager,Review goals",9,7,9,8,7,Low,,True,2023-06-23,,,Team,2023-06-19 09:00:00,2023-06-25 08:30:00
FDB12400,Project Review,EMP1174,EMP038,2024-05-26,,PRJ547,TEAM265,Communication,Delivery was slightly delayed but final output quality was strong.,Attention to detail,"Process adherence,Time estimation accuracy",Conduct a brief knowledge-sharing session with the team,Attend communication workshop,7,6,5,9,5,Medium,,False,,,,Manager Only,2024-05-26 09:00:00,2024-06-02 12:15:00
FDB12421,Task Completion,EMP1245,EMP1264,2025-01-01,TSK4491,PRJ352,,Quality,"Quality of deliverables was high, stakeholders were satisfied.","High quality output,Initiative shown",Documentation quality,,"Enroll in leadership course,Improve delegation",6,5,7,6,6,High,2025-01-31,False,,,,Manager Only,2025-01-01 09:00:00,2025-01-02 13:15:00
FDB12460,Project Review,EMP591,EMP050,2024-08-16,,PRJ725,TEAM207,Technical Skills,Delivery was slightly delayed but final output quality was strong.,"Reliable execution,Team support,On-time delivery","Documentation quality,Stakeholder updates",Improve commit message quality for better traceability,Attend communication workshop,5,6,5,7,5,Medium,,True,2024-08-20,"Thank you for the feedback, will work on documentation.",2024-08-22,Manager Only,2024-08-16 09:00:00,2024-08-25 13:00:00
FDB12494,Self Assessment,EMP185,EMP033,2023-10-12,,,,Teamwork,Delivered the task with great attention to detail and minimal rework needed.,Initiative shown,Stakeholder updates,Break large tasks into smaller trackable subtasks,"Enroll in leadership course,Improve delegation",8,8,8,8,6,Low,,True,2023-10-17,,,Manager Only,2023-10-12 09:00:00,2023-10-17 16:45:00
FDB12509,Task Completion,EMP011,EMP185,2023-08-17,TSK5277,PRJ678,,Leadership,Delivery was slightly delayed but final output quality was strong.,"Proactive problem solving,On-time delivery","Cross-team alignment,Process adherence",Consider adding more unit tests to improve coverage,"Complete training,Review documentation",6,4,6,5,6,High,2023-09-16,True,2023-08-21,,,Private,2023-08-17 09:00:00,2023-08-17 15:15:00
FDB12554,Task Completion,EMP363,EMP287,2023-08-02,TSK6661,PRJ722,,Teamwork,Technical execution was excellent but documentation was lacking.,"Reliable execution,On-time delivery,Strong collaboration",Cross-team alignment,,"Schedule 1:1 with manager,Review goals",8,7,8,8,7,High,,True,2023-08-06,,,Team,2023-08-02 09:00:00,2023-08-10 08:15:00
FDB12564,Peer Feedback,EMP1283,EMP162,2024-02-15,,,,Teamwork,Showed great initiative in identifying and resolving blockers early.,High quality output,"Cross-team alignment,Stakeholder updates",Request early feedback instead of waiting until delivery,"Improve test coverage,Update runbook",10,10,9,9,10,Medium,,True,2024-02-18,,,Private,2024-02-15 09:00:00,2024-02-16 15:45:00
FDB12573,Task Completion,EMP702,EMP435,2025-02-25,TSK4255,PRJ456,,Quality,Technical execution was excellent but documentation was lacking.,"On-time delivery,High quality output,Attention to detail",Proactive communication,Improve commit message quality for better traceability,"Enroll in leadership course,Improve delegation",6,6,5,5,4,Medium,,False,,,,Manager Only,2025-02-25 09:00:00,2025-02-27 08:45:00
FDB12588,Peer Feedback,EMP267,EMP816,2024-08-30,,,,Technical Skills,Delivery was slightly delayed but final output quality was strong.,"High quality output,Strong collaboration,Proactive problem solving",Proactive communication,Consider adding more unit tests to improve coverage,"Complete training,Review documentation",6,8,9,7,6,Medium,,True,2024-09-04,"Feedback received and noted, will discuss with manager.",2024-09-09,Manager Only,2024-08-30 09:00:00,2024-08-30 09:15:00
FDB12612,Peer Feedback,EMP849,EMP051,2024-11-15,,,,Teamwork,Delivered the task with great attention to detail and minimal rework needed.,"Initiative shown,Proactive problem solving","Documentation quality,Proactive communication",Break large tasks into smaller trackable subtasks,"Improve test coverage,Update runbook",8,8,8,8,7,Medium,,True,2024-11-20,"Thank you for the feedback, will work on documentation.",2024-11-21,Team,2024-11-15 09:00:00,2024-11-18 13:00:00
FDB12613,Self Assessment,EMP587,EMP1245,2024-04-21,,,,Communication,Technical execution was excellent but documentation was lacking.,Team support,Documentation quality,,"Enroll in leadership course,Improve delegation",6,5,7,5,6,Low,,True,2024-04-24,"Feedback received and noted, will discuss with manager.",2024-04-26,Team,2024-04-21 09:00:00,2024-04-26 08:45:00
FDB12620,Peer Feedback,EMP661,EMP051,2023-07-28,,,,Communication,Met all deadlines and maintained consistent quality standards.,"Proactive problem solving,Technical depth,Team support","Deadline adherence,Proactive communication",Improve commit message quality for better traceability,"Complete training,Review documentation",7,7,9,8,7,Low,,True,2023-07-31,,,Team,2023-07-28 09:00:00,2023-07-28 18:15:00
FDB12637,Project Review,EMP162,EMP378,2023-08-31,,PRJ129,TEAM783,Teamwork,"Strong collaboration throughout the sprint, kept the team unblocked.","On-time delivery,High quality output",Stakeholder updates,,"Complete training,Review documentation",10,9,6,8,9,Low,,True,2023-09-03,Acknowledged — will focus on the suggested areas.,2023-09-07,Manager Only,2023-08-31 09:00:00,2023-09-04 13:30:00
FDB12656,Task Completion,EMP084,EMP536,2023-10-16,TSK9681,PRJ368,,Communication,Delivery was slightly delayed but final output quality was strong.,Attention to detail,Time estimation accuracy,Document API endpoints before handoff,,9,10,10,10,10,Medium,,True,2023-10-20,,,Public,2023-10-16 09:00:00,2023-10-22 18:00:00
FDB12668,Task Completion,EMP006,EMP796,2024-02-04,TSK3297,PRJ615,,Leadership,"Good work overall, with some areas to improve in cross-team coordination.","Clear communication,On-time delivery,Proactive problem solving",Testing coverage,Schedule earlier check-ins with stakeholders,"Enroll in leadership course,Improve delegation",7,7,8,7,7,Medium,,False,,,,Public,2024-02-04 09:00:00,2024-02-12 08:00:00
FDB12675,Peer Feedback,EMP1174,EMP374,2023-06-30,,,,Leadership,Showed great initiative in identifying and resolving blockers early.,"Clear communication,Attention to detail","Testing coverage,Technical depth",Consider adding more unit tests to improve coverage,"Complete training,Review documentation",6,5,5,6,6,Low,,True,2023-07-04,,,Manager Only,2023-06-30 09:00:00,2023-07-01 08:45:00
FDB12698,Peer Feedback,EMP118,EMP1193,2023-08-04,,,,Communication,Communication was proactive and clear during the entire project phase.,"Initiative shown,Proactive problem solving",Proactive communication,Conduct a brief knowledge-sharing session with the team,,6,7,8,7,7,Low,,True,2023-08-08,,,Team,2023-08-04 09:00:00,2023-08-05 11:15:00
FDB12711,Project Review,EMP422,EMP149,2024-08-05,,PRJ752,TEAM186,Quality,Technical execution was excellent but documentation was lacking.,"Reliable execution,High quality output","Technical depth,Cross-team alignment",Conduct a brief knowledge-sharing session with the team,,6,7,6,5,5,Medium,,False,,,,Public,2024-08-05 09:00:00,2024-08-08 18:15:00
FDB12718,Project Review,EMP1073,EMP521,2025-02-27,,PRJ248,TEAM444,Communication,Technical execution was excellent but documentation was lacking.,"Clear communication,Strong collaboration,Team support","Documentation quality,Testing coverage",Conduct a brief knowledge-sharing session with the team,,8,7,8,7,8,Medium,,True,2025-03-02,,,Public,2025-02-27 09:00:00,2025-02-27 17:45:00
FDB12739,Task Completion,EMP950,EMP450,2023-08-07,TSK3903,PRJ020,,Technical Skills,Met all deadlines and maintained consistent quality standards.,"Proactive problem solving,Team support,On-time delivery","Testing coverage,Stakeholder updates",Break large tasks into smaller trackable subtasks,Attend communication workshop,9,7,9,8,9,Medium,,False,,,,Private,2023-08-07 09:00:00,2023-08-12 08:30:00
FDB12810,Project Review,EMP1436,EMP149,2023-07-10,,PRJ681,TEAM630,Technical Skills,"Quality of deliverables was high, stakeholders were satisfied.","Initiative shown,Strong collaboration,Proactive problem solving",Time estimation accuracy,Improve commit message quality for better traceability,"Complete training,Review documentation",8,6,7,6,7,Medium,,True,2023-07-15,Acknowledged — will focus on the suggested areas.,2023-07-19,Private,2023-07-10 09:00:00,2023-07-17 15:15:00
FDB12825,Peer Feedback,EMP1174,EMP289,2025-02-24,,,,Teamwork,Showed great initiative in identifying and resolving blockers early.,"Team support,Initiative shown,On-time delivery",Cross-team alignment,Consider adding more unit tests to improve coverage,Attend communication workshop,7,7,8,8,6,Medium,,False,,,,Team,2025-02-24 09:00:00,2025-02-25 08:00:00
FDB12844,Peer Feedback,EMP844,EMP1092,2024-06-01,,,,Teamwork,Showed great initiative in identifying and resolving blockers early.,"High quality output,Proactive problem solving",Process adherence,Break large tasks into smaller trackable subtasks,,7,7,8,7,8,High,2024-07-01,False,,,,Manager Only,2024-06-01 09:00:00,2024-06-03 13:30:00
FDB12895,Task Completion,EMP843,EMP558,2024-04-09,TSK8784,PRJ718,,Leadership,"Good work overall, with some areas to improve in cross-team coordination.","Attention to detail,Strong collaboration",Proactive communication,Schedule earlier check-ins with stakeholders,"Improve test coverage,Update runbook",7,4,5,6,5,Low,,True,2024-04-12,,,Manager Only,2024-04-09 09:00:00,2024-04-14 13:45:00
FDB12924,Task Completion,EMP930,EMP391,2023-12-11,TSK9387,PRJ083,,Teamwork,Delivery was slightly delayed but final output quality was strong.,"Clear communication,On-time delivery",Stakeholder updates,Conduct a brief knowledge-sharing session with the team,"Schedule 1:1 with manager,Review goals",9,10,9,8,8,High,,False,,,,Team,2023-12-11 09:00:00,2023-12-16 15:30:00
FDB12938,Peer Feedback,EMP740,EMP1452,2024-02-14,,,,Communication,Delivery was slightly delayed but final output quality was strong.,"Clear communication,Strong collaboration",Stakeholder updates,Break large tasks into smaller trackable subtasks,"Enroll in leadership course,Improve delegation",6,7,6,8,7,Medium,,True,2024-02-15,,,Manager Only,2024-02-14 09:00:00,2024-02-24 15:00:00
FDB13003,Self Assessment,EMP014,EMP1184,2024-03-16,,,,Leadership,Delivery was slightly delayed but final output quality was strong.,Team support,Documentation quality,Schedule earlier check-ins with stakeholders,"Schedule 1:1 with manager,Review goals",9,8,8,10,9,Medium,,False,,,,Manager Only,2024-03-16 09:00:00,2024-03-24 15:00:00
FDB13039,Project Review,EMP892,EMP1092,2023-11-07,,PRJ506,TEAM161,Communication,Communication was proactive and clear during the entire project phase.,High quality output,"Stakeholder updates,Time estimation accuracy",Document API endpoints before handoff,"Enroll in leadership course,Improve delegation",9,9,9,8,9,Low,,True,2023-11-10,,,Private,2023-11-07 09:00:00,2023-11-07 15:30:00
FDB13051,Task Completion,EMP076,EMP597,2024-09-20,TSK9268,PRJ225,,Leadership,Met all deadlines and maintained consistent quality standards.,"Clear communication,Initiative shown","Testing coverage,Deadline adherence",Improve commit message quality for better traceability,"Enroll in leadership course,Improve delegation",8,9,9,7,6,Low,,True,2024-09-21,"Feedback received and noted, will discuss with manager.",2024-09-22,Manager Only,2024-09-20 09:00:00,2024-09-27 10:00:00
FDB13068,Peer Feedback,EMP149,EMP649,2024-11-16,,,,Quality,Met all deadlines and maintained consistent quality standards.,"Technical depth,Reliable execution","Technical depth,Process adherence",Request early feedback instead of waiting until delivery,,8,7,6,7,8,Medium,,False,,,,Team,2024-11-16 09:00:00,2024-11-22 15:30:00
FDB13096,Task Completion,EMP437,EMP050,2024-08-17,TSK7658,PRJ733,,Quality,Delivery was slightly delayed but final output quality was strong.,"Reliable execution,Team support,Initiative shown",Documentation quality,Conduct a brief knowledge-sharing session with the team,"Enroll in leadership course,Improve delegation",10,9,10,9,10,Medium,,True,2024-08-20,,,Private,2024-08-17 09:00:00,2024-08-25 11:45:00
FDB13111,Project Review,EMP936,EMP713,2024-02-29,,PRJ645,TEAM999,Communication,Delivery was slightly delayed but final output quality was strong.,"Technical depth,Attention to detail",Process adherence,Break large tasks into smaller trackable subtasks,"Complete training,Review documentation",10,7,9,7,7,Medium,,True,2024-03-02,"Thank you for the feedback, will work on documentation.",2024-03-06,Private,2024-02-29 09:00:00,2024-03-03 08:15:00
FDB13114,Peer Feedback,EMP578,EMP409,2023-10-13,,,,Leadership,Delivery was slightly delayed but final output quality was strong.,"Strong collaboration,Reliable execution","Process adherence,Proactive communication",Schedule earlier check-ins with stakeholders,Attend communication workshop,9,10,8,8,9,High,2023-11-12,True,2023-10-16,,,Private,2023-10-13 09:00:00,2023-10-13 12:45:00
FDB13122,Project Review,EMP391,EMP123,2024-01-13,,PRJ653,TEAM585,Leadership,"Exceeded expectations on the technical front, peer feedback is very positive.",Clear communication,"Code readability,Technical depth",Document API endpoints before handoff,"Improve test coverage,Update runbook",10,10,10,9,10,Medium,,True,2024-01-15,,,Private,2024-01-13 09:00:00,2024-01-14 12:00:00
FDB13135,Peer Feedback,EMP1325,EMP597,2024-03-16,,,,Quality,"Good work overall, with some areas to improve in cross-team coordination.",Clear communication,"Testing coverage,Deadline adherence",Consider adding more unit tests to improve coverage,Attend communication workshop,5,6,5,5,5,Low,,True,2024-03-18,"Thank you for the feedback, will work on documentation.",2024-03-21,Manager Only,2024-03-16 09:00:00,2024-03-20 13:30:00
FDB13138,Peer Feedback,EMP294,EMP287,2024-04-15,,,,Leadership,Communication was proactive and clear during the entire project phase.,Strong collaboration,Process adherence,Improve commit message quality for better traceability,,5,3,5,5,6,Medium,,True,2024-04-18,"Appreciate the recognition, will continue improving.",2024-04-21,Private,2024-04-15 09:00:00,2024-04-15 15:30:00
FDB13164,Peer Feedback,EMP446,EMP006,2024-03-05,,,,Communication,"Strong collaboration throughout the sprint, kept the team unblocked.",Strong collaboration,Testing coverage,Improve commit message quality for better traceability,"Improve test coverage,Update runbook",9,9,9,9,10,Low,,False,,,,Public,2024-03-05 09:00:00,2024-03-13 08:30:00
FDB13176,Project Review,EMP560,EMP185,2024-03-11,,PRJ187,TEAM602,Leadership,"Exceeded expectations on the technical front, peer feedback is very positive.","Initiative shown,Reliable execution,Proactive problem solving",Deadline adherence,Break large tasks into smaller trackable subtasks,"Improve test coverage,Update runbook",5,6,5,6,6,Medium,,False,,,,Team,2024-03-11 09:00:00,2024-03-15 11:00:00
FDB13179,Self Assessment,EMP1206,EMP251,2024-02-02,,,,Teamwork,Met all deadlines and maintained consistent quality standards.,Team support,Process adherence,Document API endpoints before handoff,Attend communication workshop,10,10,9,10,8,Low,,True,2024-02-04,,,Manager Only,2024-02-02 09:00:00,2024-02-11 10:30:00
FDB13205,Project Review,EMP753,EMP843,2024-10-26,,PRJ032,TEAM139,Teamwork,"Exceeded expectations on the technical front, peer feedback is very positive.","Strong collaboration,Proactive problem solving",Code readability,Consider adding more unit tests to improve coverage,Attend communication workshop,7,8,7,7,7,Medium,,False,,,,Team,2024-10-26 09:00:00,2024-11-04 15:00:00
FDB13212,Project Review,EMP113,EMP051,2023-10-24,,PRJ680,TEAM246,Leadership,Met all deadlines and maintained consistent quality standards.,"Reliable execution,Clear communication",Proactive communication,Conduct a brief knowledge-sharing session with the team,"Improve test coverage,Update runbook",7,9,10,8,7,Medium,,False,,,,Team,2023-10-24 09:00:00,2023-10-27 09:15:00
FDB13227,Project Review,EMP936,EMP120,2023-10-07,,PRJ131,TEAM095,Communication,Showed great initiative in identifying and resolving blockers early.,"Team support,Technical depth,Proactive problem solving","Cross-team alignment,Proactive communication",Conduct a brief knowledge-sharing session with the team,"Enroll in leadership course,Improve delegation",7,7,7,7,9,Medium,,True,2023-10-11,,,Team,2023-10-07 09:00:00,2023-10-09 08:45:00
FDB13242,Task Completion,EMP1283,EMP936,2024-12-02,TSK1460,PRJ102,,Communication,Met all deadlines and maintained consistent quality standards.,"High quality output,Reliable execution",Cross-team alignment,Break large tasks into smaller trackable subtasks,"Schedule 1:1 with manager,Review goals",8,6,6,5,6,Low,,False,,,,Team,2024-12-02 09:00:00,2024-12-05 12:15:00
FDB13338,Project Review,EMP409,EMP985,2024-07-10,,PRJ399,TEAM820,Leadership,Met all deadlines and maintained consistent quality standards.,Reliable execution,Documentation quality,Document API endpoints before handoff,,4,4,4,4,6,Medium,,False,,,,Private,2024-07-10 09:00:00,2024-07-14 18:00:00
FDB13408,Task Completion,EMP144,EMP1325,2025-01-03,TSK3128,PRJ460,,Communication,"Quality of deliverables was high, stakeholders were satisfied.","Clear communication,Attention to detail",Process adherence,,Attend communication workshop,7,5,6,6,5,Medium,,True,2025-01-08,Acknowledged — will focus on the suggested areas.,2025-01-12,Manager Only,2025-01-03 09:00:00,2025-01-03 12:00:00
FDB13421,Self Assessment,EMP084,EMP1288,2024-07-17,,,,Teamwork,"Good work overall, with some areas to improve in cross-team coordination.","Technical depth,Initiative shown",Proactive communication,Conduct a brief knowledge-sharing session with the team,"Enroll in leadership course,Improve delegation",9,9,9,7,9,Medium,,False,,,,Team,2024-07-17 09:00:00,2024-07-18 17:15:00
FDB13453,Task Completion,EMP287,EMP237,2024-11-03,TSK1943,PRJ661,,Technical Skills,Technical execution was excellent but documentation was lacking.,Technical depth,Deadline adherence,Improve commit message quality for better traceability,"Schedule 1:1 with manager,Review goals",6,7,6,6,8,Medium,,True,2024-11-06,,,Team,2024-11-03 09:00:00,2024-11-12 11:15:00
FDB13463,Task Completion,EMP1325,EMP158,2024-09-10,TSK9609,PRJ101,,Quality,"Quality of deliverables was high, stakeholders were satisfied.","Clear communication,Team support","Testing coverage,Technical depth",Conduct a brief knowledge-sharing session with the team,"Schedule 1:1 with manager,Review goals",7,5,7,6,7,High,2024-10-10,True,2024-09-13,,,Team,2024-09-10 09:00:00,2024-09-17 14:45:00
FDB13483,Task Completion,EMP127,EMP050,2024-07-18,TSK6041,PRJ335,,Technical Skills,"Strong collaboration throughout the sprint, kept the team unblocked.","Clear communication,Attention to detail",Proactive communication,Consider adding more unit tests to improve coverage,Attend communication workshop,8,10,8,8,9,Medium,,True,2024-07-21,,,Private,2024-07-18 09:00:00,2024-07-19 08:30:00
FDB13499,Peer Feedback,EMP450,EMP116,2024-07-25,,,,Leadership,Delivered the task with great attention to detail and minimal rework needed.,Team support,Documentation quality,Document API endpoints before handoff,,9,10,8,9,8,High,,True,2024-07-28,,,Team,2024-07-25 09:00:00,2024-07-28 09:15:00
FDB13504,Task Completion,EMP1325,EMP624,2023-08-31,TSK3061,PRJ186,,Quality,Technical execution was excellent but documentation was lacking.,"Clear communication,Team support",Time estimation accuracy,Conduct a brief knowledge-sharing session with the team,"Schedule 1:1 with manager,Review goals",8,9,7,10,9,Medium,,True,2023-09-04,,,Private,2023-08-31 09:00:00,2023-09-06 15:30:00
FDB13505,Project Review,EMP1041,EMP1164,2023-06-04,,PRJ045,TEAM993,Technical Skills,Delivery was slightly delayed but final output quality was strong.,"Reliable execution,Attention to detail,Strong collaboration",Stakeholder updates,Improve commit message quality for better traceability,"Enroll in leadership course,Improve delegation",6,4,7,4,4,High,2023-07-04,True,2023-06-08,,,Manager Only,2023-06-04 09:00:00,2023-06-11 15:00:00
FDB13526,Task Completion,EMP051,EMP897,2025-01-07,TSK5250,PRJ689,,Quality,Met all deadlines and maintained consistent quality standards.,"Attention to detail,Initiative shown",Stakeholder updates,Break large tasks into smaller trackable subtasks,"Enroll in leadership course,Improve delegation",8,9,8,9,8,High,,False,,,,Public,2025-01-07 09:00:00,2025-01-09 18:00:00
FDB13576,Project Review,EMP068,EMP1245,2024-02-11,,PRJ730,TEAM911,Quality,Showed great initiative in identifying and resolving blockers early.,"High quality output,Initiative shown",Stakeholder updates,Consider adding more unit tests to improve coverage,"Improve test coverage,Update runbook",4,4,5,5,5,Low,,True,2024-02-14,,,Manager Only,2024-02-11 09:00:00,2024-02-17 15:00:00
FDB13625,Self Assessment,EMP051,EMP271,2024-08-07,,,,Quality,Met all deadlines and maintained consistent quality standards.,Team support,"Cross-team alignment,Proactive communication",Break large tasks into smaller trackable subtasks,"Complete training,Review documentation",7,8,9,9,10,Medium,,True,2024-08-11,,,Private,2024-08-07 09:00:00,2024-08-14 15:30:00
FDB13630,Task Completion,EMP713,EMP899,2025-01-06,TSK2928,PRJ490,,Leadership,"Quality of deliverables was high, stakeholders were satisfied.","Initiative shown,On-time delivery",Process adherence,Break large tasks into smaller trackable subtasks,"Improve test coverage,Update runbook",8,7,9,9,7,Low,,True,2025-01-09,,,Private,2025-01-06 09:00:00,2025-01-07 12:00:00
FDB13648,Project Review,EMP1092,EMP260,2023-06-05,,PRJ607,TEAM455,Technical Skills,Delivered the task with great attention to detail and minimal rework needed.,Strong collaboration,Process adherence,Improve commit message quality for better traceability,Attend communication workshop,8,8,10,7,9,Medium,,True,2023-06-08,,,Manager Only,2023-06-05 09:00:00,2023-06-12 08:30:00
FDB13698,Task Completion,EMP450,EMP293,2024-06-17,TSK0390,PRJ237,,Leadership,Showed great initiative in identifying and resolving blockers early.,"Strong collaboration,Clear communication,High quality output","Stakeholder updates,Deadline adherence",Document API endpoints before handoff,"Schedule 1:1 with manager,Review goals",8,7,9,9,8,Medium,,True,2024-06-21,,,Manager Only,2024-06-17 09:00:00,2024-06-23 18:45:00
FDB13704,Task Completion,EMP1317,EMP815,2023-08-09,TSK6726,PRJ476,,Technical Skills,"Exceeded expectations on the technical front, peer feedback is very positive.","On-time delivery,Clear communication,Proactive problem solving",Deadline adherence,Document API endpoints before handoff,"Complete training,Review documentation",7,8,7,6,7,Low,,True,2023-08-12,,,Team,2023-08-09 09:00:00,2023-08-17 09:15:00
FDB13720,Peer Feedback,EMP1174,EMP758,2025-02-17,,,,Technical Skills,"Exceeded expectations on the technical front, peer feedback is very positive.",Strong collaboration,"Time estimation accuracy,Documentation quality",Request early feedback instead of waiting until delivery,"Enroll in leadership course,Improve delegation",8,7,7,5,7,Medium,,False,,,,Team,2025-02-17 09:00:00,2025-02-17 08:45:00
FDB13725,Peer Feedback,EMP289,EMP006,2024-04-27,,,,Communication,Delivery was slightly delayed but final output quality was strong.,Team support,Documentation quality,Schedule earlier check-ins with stakeholders,,6,4,6,6,6,Medium,,False,,,,Private,2024-04-27 09:00:00,2024-04-29 16:00:00
FDB13733,Project Review,EMP285,EMP1174,2024-01-26,,PRJ777,TEAM107,Teamwork,Delivered the task with great attention to detail and minimal rework needed.,Proactive problem solving,"Process adherence,Cross-team alignment",Consider adding more unit tests to improve coverage,Attend communication workshop,5,6,5,6,7,Low,,False,,,,Manager Only,2024-01-26 09:00:00,2024-01-28 12:45:00
FDB13745,Peer Feedback,EMP084,EMP964,2024-04-11,,,,Technical Skills,Delivered the task with great attention to detail and minimal rework needed.,Clear communication,Cross-team alignment,Improve commit message quality for better traceability,"Improve test coverage,Update runbook",9,8,9,9,9,Medium,,True,2024-04-12,,,Manager Only,2024-04-11 09:00:00,2024-04-19 16:00:00
FDB13780,Task Completion,EMP861,EMP611,2023-08-01,TSK4285,PRJ340,,Teamwork,"Quality of deliverables was high, stakeholders were satisfied.","Attention to detail,On-time delivery","Deadline adherence,Code readability",Improve commit message quality for better traceability,"Enroll in leadership course,Improve delegation",9,10,10,8,9,Low,,True,2023-08-03,,,Private,2023-08-01 09:00:00,2023-08-06 16:00:00
FDB13791,Peer Feedback,EMP1075,EMP1193,2023-09-04,,,,Quality,"Quality of deliverables was high, stakeholders were satisfied.","Technical depth,Initiative shown,High quality output","Documentation quality,Process adherence",Schedule earlier check-ins with stakeholders,,6,7,8,7,8,Low,,True,2023-09-06,,,Team,2023-09-04 09:00:00,2023-09-11 09:00:00
FDB13802,Task Completion,EMP950,EMP162,2025-02-21,TSK6790,PRJ632,,Quality,Technical execution was excellent but documentation was lacking.,"Clear communication,Reliable execution,Initiative shown","Technical depth,Time estimation accuracy",Improve commit message quality for better traceability,"Schedule 1:1 with manager,Review goals",6,5,7,4,6,Medium,,True,2025-02-23,,,Private,2025-02-21 09:00:00,2025-02-26 13:15:00
FDB13806,Project Review,EMP843,EMP131,2024-10-29,,PRJ321,TEAM319,Communication,Technical execution was excellent but documentation was lacking.,Technical depth,Stakeholder updates,Conduct a brief knowledge-sharing session with the team,"Complete training,Review documentation",6,6,6,7,7,Medium,,True,2024-11-03,,,Manager Only,2024-10-29 09:00:00,2024-10-29 17:45:00
FDB13811,Project Review,EMP565,EMP162,2024-07-19,,PRJ715,TEAM318,Teamwork,Delivered the task with great attention to detail and minimal rework needed.,High quality output,"Cross-team alignment,Stakeholder updates",Schedule earlier check-ins with stakeholders,Attend communication workshop,7,6,7,7,6,Low,,False,,,,Manager Only,2024-07-19 09:00:00,2024-07-22 09:15:00
FDB13817,Peer Feedback,EMP1325,EMP1326,2023-12-11,,,,Teamwork,"Quality of deliverables was high, stakeholders were satisfied.","On-time delivery,Team support,Reliable execution","Documentation quality,Process adherence",,"Enroll in leadership course,Improve delegation",9,8,7,7,10,Low,,True,2023-12-15,,,Public,2023-12-11 09:00:00,2023-12-17 13:15:00
FDB13868,Task Completion,EMP084,EMP448,2025-01-01,TSK4774,PRJ193,,Leadership,"Exceeded expectations on the technical front, peer feedback is very positive.",Technical depth,Code readability,Improve commit message quality for better traceability,,9,10,8,9,10,Medium,,True,2025-01-05,"Thank you for the feedback, will work on documentation.",2025-01-06,Manager Only,2025-01-01 09:00:00,2025-01-02 17:30:00
FDB13898,Self Assessment,EMP1041,EMP005,2024-04-22,,,,Quality,"Strong collaboration throughout the sprint, kept the team unblocked.","On-time delivery,High quality output","Testing coverage,Process adherence",Conduct a brief knowledge-sharing session with the team,"Enroll in leadership course,Improve delegation",9,7,7,8,8,High,2024-05-22,True,2024-04-24,,,Public,2024-04-22 09:00:00,2024-04-29 10:45:00
FDB13916,Project Review,EMP977,EMP382,2024-08-19,,PRJ532,TEAM572,Communication,Met all deadlines and maintained consistent quality standards.,"Proactive problem solving,Strong collaboration,High quality output","Time estimation accuracy,Stakeholder updates",,"Complete training,Review documentation",6,8,5,6,6,Medium,,True,2024-08-22,"Feedback received and noted, will discuss with manager.",2024-08-25,Private,2024-08-19 09:00:00,2024-08-21 09:15:00
FDB13919,Task Completion,EMP084,EMP1353,2024-08-30,TSK8679,PRJ320,,Teamwork,Met all deadlines and maintained consistent quality standards.,Clear communication,"Proactive communication,Stakeholder updates",Schedule earlier check-ins with stakeholders,"Enroll in leadership course,Improve delegation",5,5,6,5,5,High,,True,2024-09-04,,,Manager Only,2024-08-30 09:00:00,2024-09-03 11:15:00
FDB13958,Task Completion,EMP1231,EMP1054,2024-09-08,TSK1972,PRJ235,,Communication,"Strong collaboration throughout the sprint, kept the team unblocked.",Strong collaboration,Time estimation accuracy,Schedule earlier check-ins with stakeholders,,8,10,10,8,9,Low,,True,2024-09-11,,,Private,2024-09-08 09:00:00,2024-09-13 18:00:00
FDB13961,Self Assessment,EMP936,EMP982,2023-07-17,,,,Technical Skills,"Quality of deliverables was high, stakeholders were satisfied.","Attention to detail,High quality output,Technical depth",Testing coverage,Consider adding more unit tests to improve coverage,"Complete training,Review documentation",10,10,9,9,10,Low,,True,2023-07-18,,,Private,2023-07-17 09:00:00,2023-07-20 12:30:00
FDB13970,Task Completion,EMP466,EMP006,2023-12-19,TSK2737,PRJ678,,Technical Skills,"Quality of deliverables was high, stakeholders were satisfied.",Clear communication,Technical depth,Conduct a brief knowledge-sharing session with the team,"Schedule 1:1 with manager,Review goals",7,10,10,9,8,High,2024-01-18,True,2023-12-21,,,Team,2023-12-19 09:00:00,2023-12-28 14:45:00
FDB14003,Peer Feedback,EMP267,EMP161,2024-09-08,,,,Leadership,Delivery was slightly delayed but final output quality was strong.,"Initiative shown,Strong collaboration","Process adherence,Cross-team alignment",Document API endpoints before handoff,,9,10,9,10,10,Medium,,True,2024-09-09,"Thank you for the feedback, will work on documentation.",2024-09-14,Team,2024-09-08 09:00:00,2024-09-17 08:15:00
FDB14052,Peer Feedback,EMP1193,EMP007,2024-05-28,,,,Leadership,"Exceeded expectations on the technical front, peer feedback is very positive.","Strong collaboration,Clear communication,Initiative shown","Deadline adherence,Stakeholder updates",Conduct a brief knowledge-sharing session with the team,"Schedule 1:1 with manager,Review goals",6,4,7,6,7,Low,,True,2024-06-02,,,Team,2024-05-28 09:00:00,2024-06-03 12:15:00
FDB14068,Project Review,EMP702,EMP206,2025-02-26,,PRJ764,TEAM436,Teamwork,Delivery was slightly delayed but final output quality was strong.,"Initiative shown,Technical depth","Documentation quality,Proactive communication",Consider adding more unit tests to improve coverage,"Schedule 1:1 with manager,Review goals",7,8,8,8,7,Medium,,True,2025-03-02,,,Manager Only,2025-02-26 09:00:00,2025-03-04 16:45:00
FDB14072,Task Completion,EMP051,EMP415,2023-07-30,TSK6569,PRJ455,,Leadership,Communication was proactive and clear during the entire project phase.,Strong collaboration,"Code readability,Deadline adherence",Schedule earlier check-ins with stakeholders,,6,6,6,8,7,Medium,,False,,,,Manager Only,2023-07-30 09:00:00,2023-08-01 18:30:00
FDB14120,Project Review,EMP796,EMP076,2024-05-13,,PRJ246,TEAM080,Quality,"Good work overall, with some areas to improve in cross-team coordination.","Strong collaboration,Initiative shown","Cross-team alignment,Process adherence",,"Complete training,Review documentation",10,10,10,10,9,Low,,False,,,,Public,2024-05-13 09:00:00,2024-05-23 10:00:00
FDB14121,Project Review,EMP1449,EMP899,2025-01-07,,PRJ425,TEAM316,Leadership,Delivery was slightly delayed but final output quality was strong.,Clear communication,Technical depth,,"Enroll in leadership course,Improve delegation",6,3,5,6,6,Medium,,True,2025-01-11,,,Private,2025-01-07 09:00:00,2025-01-13 13:30:00
FDB14138,Task Completion,EMP051,EMP401,2024-11-04,TSK2474,PRJ745,,Communication,Showed great initiative in identifying and resolving blockers early.,Strong collaboration,"Documentation quality,Testing coverage",Consider adding more unit tests to improve coverage,,8,7,8,8,7,Low,,True,2024-11-06,,,Team,2024-11-04 09:00:00,2024-11-05 11:15:00
FDB14172,Self Assessment,EMP899,EMP1068,2024-05-18,,,,Teamwork,Delivery was slightly delayed but final output quality was strong.,"On-time delivery,Proactive problem solving","Code readability,Process adherence",Request early feedback instead of waiting until delivery,"Schedule 1:1 with manager,Review goals",8,7,10,9,8,Medium,,True,2024-05-22,,,Public,2024-05-18 09:00:00,2024-05-22 11:30:00
FDB14182,Task Completion,EMP267,EMP794,2024-08-10,TSK3088,PRJ516,,Quality,Met all deadlines and maintained consistent quality standards.,"Proactive problem solving,Team support,Attention to detail",Deadline adherence,,"Schedule 1:1 with manager,Review goals",7,8,7,8,7,Low,,True,2024-08-15,,,Private,2024-08-10 09:00:00,2024-08-10 13:15:00
FDB14196,Project Review,EMP1251,EMP287,2024-06-05,,PRJ182,TEAM374,Leadership,Communication was proactive and clear during the entire project phase.,Clear communication,Code readability,Consider adding more unit tests to improve coverage,Attend communication workshop,8,7,5,6,7,Low,,True,2024-06-08,,,Manager Only,2024-06-05 09:00:00,2024-06-09 08:00:00
FDB14214,Project Review,EMP1447,EMP076,2025-02-13,,PRJ742,TEAM268,Teamwork,Met all deadlines and maintained consistent quality standards.,"On-time delivery,Attention to detail,Proactive problem solving","Stakeholder updates,Cross-team alignment",Break large tasks into smaller trackable subtasks,"Enroll in leadership course,Improve delegation",10,10,10,9,9,Medium,,True,2025-02-14,,,Manager Only,2025-02-13 09:00:00,2025-02-23 18:00:00
FDB14217,Peer Feedback,EMP382,EMP1472,2024-12-16,,,,Communication,"Quality of deliverables was high, stakeholders were satisfied.","On-time delivery,Technical depth",Testing coverage,Request early feedback instead of waiting until delivery,"Enroll in leadership course,Improve delegation",6,7,5,6,4,High,2025-01-15,False,,,,Team,2024-12-16 09:00:00,2024-12-24 09:30:00
FDB14218,Task Completion,EMP1041,EMP088,2024-09-15,TSK8845,PRJ508,,Communication,Met all deadlines and maintained consistent quality standards.,Technical depth,Deadline adherence,Schedule earlier check-ins with stakeholders,"Complete training,Review documentation",9,9,10,9,7,Low,,True,2024-09-18,Acknowledged — will focus on the suggested areas.,2024-09-19,Manager Only,2024-09-15 09:00:00,2024-09-22 11:00:00
FDB14256,Task Completion,EMP427,EMP572,2023-08-03,TSK2249,PRJ412,,Leadership,Met all deadlines and maintained consistent quality standards.,Initiative shown,Testing coverage,,,8,7,7,6,7,High,2023-09-02,True,2023-08-04,"Appreciate the recognition, will continue improving.",2023-08-08,Public,2023-08-03 09:00:00,2023-08-12 08:15:00
FDB14301,Task Completion,EMP006,EMP460,2024-10-19,TSK9487,PRJ331,,Technical Skills,Delivered the task with great attention to detail and minimal rework needed.,"Proactive problem solving,Reliable execution","Process adherence,Proactive communication",Improve commit message quality for better traceability,Attend communication workshop,7,7,5,6,6,Medium,,True,2024-10-20,,,Manager Only,2024-10-19 09:00:00,2024-10-23 13:00:00
FDB14325,Task Completion,EMP508,EMP006,2024-11-25,TSK3222,PRJ514,,Leadership,Showed great initiative in identifying and resolving blockers early.,"Reliable execution,Strong collaboration,Attention to detail",Stakeholder updates,Schedule earlier check-ins with stakeholders,"Improve test coverage,Update runbook",5,6,4,7,7,High,,True,2024-11-28,,,Private,2024-11-25 09:00:00,2024-11-25 09:30:00
FDB14334,Task Completion,EMP076,EMP1097,2023-06-26,TSK8326,PRJ593,,Leadership,Communication was proactive and clear during the entire project phase.,"Initiative shown,Attention to detail",Deadline adherence,Document API endpoints before handoff,"Enroll in leadership course,Improve delegation",5,4,6,6,7,Medium,,False,,,,Public,2023-06-26 09:00:00,2023-06-27 13:45:00
FDB14335,Project Review,EMP1245,EMP039,2024-09-24,,PRJ573,TEAM183,Communication,Met all deadlines and maintained consistent quality standards.,Technical depth,Documentation quality,Consider adding more unit tests to improve coverage,"Enroll in leadership course,Improve delegation",6,7,7,8,7,Medium,,False,,,,Manager Only,2024-09-24 09:00:00,2024-09-29 13:45:00
FDB14356,Task Completion,EMP1165,EMP611,2023-09-19,TSK0902,PRJ373,,Leadership,"Strong collaboration throughout the sprint, kept the team unblocked.","Clear communication,Proactive problem solving,Attention to detail",Documentation quality,Break large tasks into smaller trackable subtasks,"Improve test coverage,Update runbook",10,8,9,10,9,High,,True,2023-09-23,,,Public,2023-09-19 09:00:00,2023-09-22 11:15:00
FDB14372,Self Assessment,EMP205,EMP1054,2024-04-08,,,,Teamwork,Communication was proactive and clear during the entire project phase.,"Reliable execution,Attention to detail,On-time delivery",Cross-team alignment,Conduct a brief knowledge-sharing session with the team,"Improve test coverage,Update runbook",7,6,7,8,6,Medium,,True,2024-04-12,,,Manager Only,2024-04-08 09:00:00,2024-04-18 09:30:00
FDB14407,Self Assessment,EMP1054,EMP856,2024-05-03,,,,Leadership,Communication was proactive and clear during the entire project phase.,"Initiative shown,Strong collaboration,Proactive problem solving","Stakeholder updates,Proactive communication",Request early feedback instead of waiting until delivery,"Complete training,Review documentation",7,6,6,7,8,High,2024-06-02,True,2024-05-06,,,Manager Only,2024-05-03 09:00:00,2024-05-09 09:45:00
FDB14416,Task Completion,EMP1150,EMP1092,2024-09-14,TSK8750,PRJ337,,Technical Skills,"Strong collaboration throughout the sprint, kept the team unblocked.","Attention to detail,Strong collaboration",Technical depth,Break large tasks into smaller trackable subtasks,Attend communication workshop,9,6,6,8,9,High,2024-10-14,False,,,,Manager Only,2024-09-14 09:00:00,2024-09-17 08:30:00
FDB14473,Self Assessment,EMP1158,EMP382,2024-11-21,,,,Teamwork,"Good work overall, with some areas to improve in cross-team coordination.","Reliable execution,Technical depth,Proactive problem solving","Testing coverage,Process adherence",Conduct a brief knowledge-sharing session with the team,,5,5,6,6,7,Medium,,True,2024-11-22,"Appreciate the recognition, will continue improving.",2024-11-27,Public,2024-11-21 09:00:00,2024-11-30 14:00:00
FDB14481,Task Completion,EMP409,EMP1490,2023-10-11,TSK9045,PRJ344,,Leadership,"Exceeded expectations on the technical front, peer feedback is very positive.","Attention to detail,Initiative shown",Testing coverage,,"Schedule 1:1 with manager,Review goals",5,7,4,5,5,Medium,,True,2023-10-14,,,Private,2023-10-11 09:00:00,2023-10-11 15:00:00
FDB14486,Peer Feedback,EMP562,EMP1054,2023-07-02,,,,Quality,"Exceeded expectations on the technical front, peer feedback is very positive.","High quality output,Strong collaboration,Reliable execution","Stakeholder updates,Proactive communication",Consider adding more unit tests to improve coverage,"Improve test coverage,Update runbook",9,9,9,10,10,Low,,True,2023-07-05,"Thank you for the feedback, will work on documentation.",2023-07-09,Private,2023-07-02 09:00:00,2023-07-03 11:00:00
FDB14494,Project Review,EMP845,EMP936,2024-12-13,,PRJ134,TEAM216,Teamwork,Delivery was slightly delayed but final output quality was strong.,On-time delivery,"Cross-team alignment,Stakeholder updates",,"Enroll in leadership course,Improve delegation",9,10,9,8,10,High,,True,2024-12-16,,,Team,2024-12-13 09:00:00,2024-12-21 11:30:00
FDB14512,Peer Feedback,EMP841,EMP1056,2024-09-14,,,,Communication,"Quality of deliverables was high, stakeholders were satisfied.","Attention to detail,High quality output",Time estimation accuracy,Conduct a brief knowledge-sharing session with the team,"Enroll in leadership course,Improve delegation",10,10,9,10,10,Low,,True,2024-09-17,,,Public,2024-09-14 09:00:00,2024-09-21 15:45:00
FDB14520,Project Review,EMP1326,EMP788,2024-01-27,,PRJ628,TEAM867,Leadership,Delivered the task with great attention to detail and minimal rework needed.,"Team support,Strong collaboration",Stakeholder updates,Improve commit message quality for better traceability,,7,8,9,9,8,High,2024-02-26,True,2024-02-01,,,Public,2024-01-27 09:00:00,2024-01-28 11:30:00
FDB14532,Peer Feedback,EMP287,EMP1330,2023-07-03,,,,Communication,Technical execution was excellent but documentation was lacking.,Strong collaboration,"Code readability,Testing coverage",Request early feedback instead of waiting until delivery,"Complete training,Review documentation",6,5,6,6,6,High,2023-08-02,True,2023-07-08,,,Manager Only,2023-07-03 09:00:00,2023-07-04 18:15:00
FDB14589,Task Completion,EMP1129,EMP521,2024-05-01,TSK5207,PRJ187,,Technical Skills,Technical execution was excellent but documentation was lacking.,"Attention to detail,Proactive problem solving","Technical depth,Stakeholder updates",Document API endpoints before handoff,"Enroll in leadership course,Improve delegation",3,5,5,5,5,Low,,True,2024-05-03,,,Team,2024-05-01 09:00:00,2024-05-06 08:30:00
FDB14595,Self Assessment,EMP050,EMP1482,2023-10-15,,,,Teamwork,Communication was proactive and clear during the entire project phase.,"Clear communication,High quality output,Technical depth",Stakeholder updates,Break large tasks into smaller trackable subtasks,Attend communication workshop,9,8,8,8,10,Medium,,True,2023-10-20,"Appreciate the recognition, will continue improving.",2023-10-24,Private,2023-10-15 09:00:00,2023-10-22 13:15:00
FDB14636,Peer Feedback,EMP1346,EMP1041,2025-01-14,,,,Teamwork,Delivered the task with great attention to detail and minimal rework needed.,On-time delivery,"Process adherence,Time estimation accuracy",Improve commit message quality for better traceability,Attend communication workshop,7,5,7,6,7,Medium,,True,2025-01-19,,,Team,2025-01-14 09:00:00,2025-01-15 18:30:00
FDB14676,Project Review,EMP023,EMP084,2023-07-17,,PRJ384,TEAM115,Quality,Delivered the task with great attention to detail and minimal rework needed.,"Attention to detail,High quality output","Testing coverage,Time estimation accuracy",Break large tasks into smaller trackable subtasks,"Schedule 1:1 with manager,Review goals",9,10,10,10,9,Low,,True,2023-07-19,,,Public,2023-07-17 09:00:00,2023-07-20 10:15:00
FDB14729,Project Review,EMP740,EMP430,2024-12-29,,PRJ262,TEAM730,Teamwork,Met all deadlines and maintained consistent quality standards.,"Proactive problem solving,Technical depth,Strong collaboration","Code readability,Deadline adherence",Document API endpoints before handoff,"Complete training,Review documentation",8,9,9,8,9,Low,,False,,,,Team,2024-12-29 09:00:00,2025-01-07 18:00:00
FDB14732,Project Review,EMP1193,EMP1398,2024-08-07,,PRJ056,TEAM655,Communication,"Quality of deliverables was high, stakeholders were satisfied.","Initiative shown,On-time delivery","Deadline adherence,Time estimation accuracy",Request early feedback instead of waiting until delivery,,10,8,9,8,8,High,2024-09-06,True,2024-08-11,,,Team,2024-08-07 09:00:00,2024-08-09 09:45:00
FDB14838,Self Assessment,EMP051,EMP953,2024-04-12,,,,Technical Skills,Showed great initiative in identifying and resolving blockers early.,"High quality output,Proactive problem solving",Technical depth,Schedule earlier check-ins with stakeholders,"Complete training,Review documentation",7,8,6,7,8,Medium,,True,2024-04-17,"Thank you for the feedback, will work on documentation.",2024-04-19,Manager Only,2024-04-12 09:00:00,2024-04-22 14:15:00
FDB14858,Peer Feedback,EMP1398,EMP382,2025-01-25,,,,Teamwork,Met all deadlines and maintained consistent quality standards.,"Technical depth,Clear communication,Attention to detail",Technical depth,Request early feedback instead of waiting until delivery,"Enroll in leadership course,Improve delegation",7,8,7,8,7,Low,,True,2025-01-26,,,Public,2025-01-25 09:00:00,2025-01-25 14:00:00
FDB14870,Project Review,EMP985,EMP1092,2024-10-10,,PRJ741,TEAM804,Technical Skills,Showed great initiative in identifying and resolving blockers early.,"Attention to detail,Team support",Proactive communication,Document API endpoints before handoff,"Schedule 1:1 with manager,Review goals",6,8,8,7,7,High,,True,2024-10-13,,,Manager Only,2024-10-10 09:00:00,2024-10-16 09:15:00
FDB14883,Task Completion,EMP173,EMP611,2024-05-03,TSK3929,PRJ670,,Leadership,Communication was proactive and clear during the entire project phase.,"Attention to detail,Strong collaboration","Code readability,Proactive communication",Conduct a brief knowledge-sharing session with the team,"Schedule 1:1 with manager,Review goals",6,5,6,7,6,Medium,,True,2024-05-06,,,Manager Only,2024-05-03 09:00:00,2024-05-03 15:30:00
FDB14915,Self Assessment,EMP872,EMP1245,2024-10-24,,,,Quality,"Quality of deliverables was high, stakeholders were satisfied.","Clear communication,High quality output,Reliable execution","Time estimation accuracy,Cross-team alignment",Request early feedback instead of waiting until delivery,"Improve test coverage,Update runbook",5,5,7,6,6,Medium,,False,,,,Team,2024-10-24 09:00:00,2024-10-26 08:30:00
FDB14956,Peer Feedback,EMP1245,EMP423,2024-08-23,,,,Technical Skills,"Quality of deliverables was high, stakeholders were satisfied.","Reliable execution,Clear communication,Strong collaboration","Proactive communication,Stakeholder updates",Schedule earlier check-ins with stakeholders,"Improve test coverage,Update runbook",8,10,10,10,9,Medium,,False,,,,Manager Only,2024-08-23 09:00:00,2024-08-28 17:30:00
FDB14984,Task Completion,EMP1325,EMP1116,2024-10-18,TSK8219,PRJ665,,Teamwork,Delivered the task with great attention to detail and minimal rework needed.,"Attention to detail,Clear communication,Strong collaboration",Documentation quality,Request early feedback instead of waiting until delivery,Attend communication workshop,6,6,7,6,6,Low,,True,2024-10-19,,,Public,2024-10-18 09:00:00,2024-10-22 11:45:00
FDB15007,Project Review,EMP521,EMP1164,2024-05-22,,PRJ002,TEAM796,Quality,"Strong collaboration throughout the sprint, kept the team unblocked.","Team support,Clear communication,Proactive problem solving","Time estimation accuracy,Code readability",Consider adding more unit tests to improve coverage,"Complete training,Review documentation",9,8,9,8,6,Medium,,True,2024-05-23,,,Team,2024-05-22 09:00:00,2024-06-01 13:00:00
FDB15038,Task Completion,EMP391,EMP355,2024-05-15,TSK6000,PRJ447,,Teamwork,Delivery was slightly delayed but final output quality was strong.,"Technical depth,Attention to detail","Deadline adherence,Testing coverage",Improve commit message quality for better traceability,"Enroll in leadership course,Improve delegation",6,7,8,7,9,Low,,True,2024-05-19,"Thank you for the feedback, will work on documentation.",2024-05-21,Team,2024-05-15 09:00:00,2024-05-15 10:30:00
FDB15083,Peer Feedback,EMP1260,EMP1326,2024-03-12,,,,Leadership,Technical execution was excellent but documentation was lacking.,Attention to detail,"Proactive communication,Technical depth",Improve commit message quality for better traceability,"Schedule 1:1 with manager,Review goals",9,6,9,8,7,High,2024-04-11,False,,,,Private,2024-03-12 09:00:00,2024-03-17 11:45:00
FDB15084,Peer Feedback,EMP031,EMP006,2024-12-11,,,,Quality,Showed great initiative in identifying and resolving blockers early.,On-time delivery,Deadline adherence,Schedule earlier check-ins with stakeholders,,8,8,7,8,9,Medium,,True,2024-12-16,,,Manager Only,2024-12-11 09:00:00,2024-12-18 11:30:00
FDB15087,Task Completion,EMP255,EMP843,2025-02-13,TSK6338,PRJ350,,Leadership,Showed great initiative in identifying and resolving blockers early.,Reliable execution,"Documentation quality,Process adherence",Conduct a brief knowledge-sharing session with the team,Attend communication workshop,6,4,5,7,3,High,,True,2025-02-16,,,Private,2025-02-13 09:00:00,2025-02-23 18:30:00
FDB15095,Peer Feedback,EMP1103,EMP1041,2024-11-13,,,,Teamwork,Delivery was slightly delayed but final output quality was strong.,Initiative shown,Stakeholder updates,Schedule earlier check-ins with stakeholders,"Improve test coverage,Update runbook",10,10,9,10,9,Medium,,True,2024-11-14,,,Manager Only,2024-11-13 09:00:00,2024-11-14 18:15:00
FDB15097,Project Review,EMP1054,EMP1073,2023-11-12,,PRJ689,TEAM018,Technical Skills,"Strong collaboration throughout the sprint, kept the team unblocked.","Attention to detail,Technical depth,Clear communication","Code readability,Proactive communication",Conduct a brief knowledge-sharing session with the team,"Schedule 1:1 with manager,Review goals",10,10,10,10,10,High,,True,2023-11-13,"Thank you for the feedback, will work on documentation.",2023-11-18,Team,2023-11-12 09:00:00,2023-11-16 11:30:00
FDB15258,Peer Feedback,EMP254,EMP050,2023-06-28,,,,Communication,"Strong collaboration throughout the sprint, kept the team unblocked.",Attention to detail,Proactive communication,,"Complete training,Review documentation",9,9,9,9,8,Medium,,False,,,,Public,2023-06-28 09:00:00,2023-07-06 10:00:00
FDB15338,Task Completion,EMP108,EMP702,2024-04-12,TSK7996,PRJ499,,Quality,Technical execution was excellent but documentation was lacking.,Attention to detail,"Time estimation accuracy,Testing coverage",Request early feedback instead of waiting until delivery,"Complete training,Review documentation",9,8,10,8,9,High,,True,2024-04-13,,,Manager Only,2024-04-12 09:00:00,2024-04-13 16:00:00
FDB15342,Peer Feedback,EMP076,EMP1131,2024-05-14,,,,Leadership,"Strong collaboration throughout the sprint, kept the team unblocked.","Initiative shown,Attention to detail","Deadline adherence,Process adherence",Document API endpoints before handoff,,6,5,9,7,10,High,2024-06-13,True,2024-05-15,,,Team,2024-05-14 09:00:00,2024-05-17 17:30:00
FDB15347,Peer Feedback,EMP185,EMP455,2023-10-09,,,,Leadership,Technical execution was excellent but documentation was lacking.,"High quality output,Attention to detail","Stakeholder updates,Deadline adherence",Schedule earlier check-ins with stakeholders,"Enroll in leadership course,Improve delegation",8,9,10,10,7,Medium,,False,,,,Team,2023-10-09 09:00:00,2023-10-12 13:30:00
FDB15361,Task Completion,EMP366,EMP899,2025-01-12,TSK5725,PRJ436,,Communication,Technical execution was excellent but documentation was lacking.,On-time delivery,"Technical depth,Stakeholder updates",Request early feedback instead of waiting until delivery,"Improve test coverage,Update runbook",8,8,9,8,7,High,2025-02-11,True,2025-01-13,,,Public,2025-01-12 09:00:00,2025-01-19 15:00:00
FDB15364,Project Review,EMP929,EMP815,2024-11-13,,PRJ331,TEAM521,Quality,Showed great initiative in identifying and resolving blockers early.,"Technical depth,Clear communication,Proactive problem solving","Code readability,Proactive communication",Conduct a brief knowledge-sharing session with the team,"Enroll in leadership course,Improve delegation",8,9,8,8,6,Low,,True,2024-11-18,"Appreciate the recognition, will continue improving.",2024-11-22,Private,2024-11-13 09:00:00,2024-11-21 09:15:00
FDB15365,Project Review,EMP006,EMP887,2024-03-12,,PRJ729,TEAM712,Technical Skills,Delivery was slightly delayed but final output quality was strong.,"Initiative shown,Strong collaboration,Proactive problem solving","Testing coverage,Time estimation accuracy",Request early feedback instead of waiting until delivery,"Schedule 1:1 with manager,Review goals",7,7,7,8,9,High,2024-04-11,True,2024-03-13,,,Private,2024-03-12 09:00:00,2024-03-21 09:15:00
FDB15391,Self Assessment,EMP1326,EMP585,2024-11-18,,,,Communication,"Quality of deliverables was high, stakeholders were satisfied.","Team support,Attention to detail","Stakeholder updates,Code readability",Schedule earlier check-ins with stakeholders,"Schedule 1:1 with manager,Review goals",10,9,9,9,7,High,,False,,,,Public,2024-11-18 09:00:00,2024-11-22 13:00:00
FDB15443,Task Completion,EMP1059,EMP267,2023-07-25,TSK1342,PRJ121,,Quality,Showed great initiative in identifying and resolving blockers early.,Strong collaboration,"Proactive communication,Testing coverage",Improve commit message quality for better traceability,"Enroll in leadership course,Improve delegation",8,7,6,6,6,Low,,True,2023-07-26,Acknowledged — will focus on the suggested areas.,2023-07-31,Public,2023-07-25 09:00:00,2023-08-02 16:00:00
FDB15454,Task Completion,EMP069,EMP1092,2023-11-10,TSK9037,PRJ762,,Quality,"Good work overall, with some areas to improve in cross-team coordination.","Proactive problem solving,High quality output,Team support",Time estimation accuracy,Document API endpoints before handoff,"Enroll in leadership course,Improve delegation",4,4,6,6,6,Low,,True,2023-11-12,,,Manager Only,2023-11-10 09:00:00,2023-11-10 16:00:00
FDB15472,Project Review,EMP1326,EMP1421,2025-01-24,,PRJ483,TEAM990,Communication,"Good work overall, with some areas to improve in cross-team coordination.","Technical depth,Strong collaboration",Proactive communication,Document API endpoints before handoff,"Schedule 1:1 with manager,Review goals",10,9,10,10,9,High,2025-02-23,False,,,,Manager Only,2025-01-24 09:00:00,2025-01-31 18:45:00
FDB15489,Peer Feedback,EMP1459,EMP827,2024-11-19,,,,Leadership,Showed great initiative in identifying and resolving blockers early.,"On-time delivery,High quality output,Technical depth","Time estimation accuracy,Proactive communication",Schedule earlier check-ins with stakeholders,,6,7,7,7,7,Medium,,False,,,,Public,2024-11-19 09:00:00,2024-11-22 15:00:00
FDB15502,Self Assessment,EMP409,EMP715,2024-05-04,,,,Leadership,"Quality of deliverables was high, stakeholders were satisfied.",Technical depth,Time estimation accuracy,,"Schedule 1:1 with manager,Review goals",6,7,6,5,5,Medium,,True,2024-05-06,,,Team,2024-05-04 09:00:00,2024-05-09 13:45:00
FDB15513,Task Completion,EMP740,EMP732,2024-09-27,TSK7972,PRJ111,,Technical Skills,"Strong collaboration throughout the sprint, kept the team unblocked.","Reliable execution,High quality output",Proactive communication,Conduct a brief knowledge-sharing session with the team,Attend communication workshop,8,9,7,7,9,Low,,False,,,,Public,2024-09-27 09:00:00,2024-10-01 08:15:00
FDB15567,Project Review,EMP1193,EMP829,2024-11-11,,PRJ672,TEAM499,Quality,Showed great initiative in identifying and resolving blockers early.,"On-time delivery,Strong collaboration,Team support",Documentation quality,Improve commit message quality for better traceability,"Enroll in leadership course,Improve delegation",8,8,8,8,9,Low,,True,2024-11-15,,,Public,2024-11-11 09:00:00,2024-11-13 15:30:00
FDB15568,Project Review,EMP600,EMP1184,2024-05-18,,PRJ420,TEAM176,Communication,Delivery was slightly delayed but final output quality was strong.,On-time delivery,"Proactive communication,Documentation quality",Break large tasks into smaller trackable subtasks,"Complete training,Review documentation",8,9,8,5,8,Low,,True,2024-05-21,,,Team,2024-05-18 09:00:00,2024-05-21 08:45:00
FDB15628,Task Completion,EMP936,EMP1498,2025-02-28,TSK1113,PRJ123,,Leadership,"Good work overall, with some areas to improve in cross-team coordination.","Strong collaboration,High quality output,Team support","Code readability,Testing coverage",Break large tasks into smaller trackable subtasks,"Improve test coverage,Update runbook",8,8,7,7,8,High,2025-03-30,False,,,,Manager Only,2025-02-28 09:00:00,2025-03-07 09:30:00
FDB15651,Task Completion,EMP251,EMP321,2023-10-19,TSK8791,PRJ669,,Leadership,Showed great initiative in identifying and resolving blockers early.,"Reliable execution,Proactive problem solving",Code readability,,,5,4,4,6,5,High,,True,2023-10-21,,,Manager Only,2023-10-19 09:00:00,2023-10-19 16:45:00
FDB15656,Project Review,EMP288,EMP521,2023-07-29,,PRJ028,TEAM863,Quality,Delivery was slightly delayed but final output quality was strong.,"Strong collaboration,Team support,Initiative shown","Proactive communication,Deadline adherence",Break large tasks into smaller trackable subtasks,"Schedule 1:1 with manager,Review goals",6,8,7,7,7,High,2023-08-28,False,,,,Public,2023-07-29 09:00:00,2023-08-07 12:30:00
FDB15666,Task Completion,EMP1154,EMP1245,2024-05-27,TSK2354,PRJ165,,Technical Skills,Delivery was slightly delayed but final output quality was strong.,"Reliable execution,High quality output","Technical depth,Process adherence",Improve commit message quality for better traceability,"Complete training,Review documentation",7,8,7,7,7,High,,True,2024-05-30,,,Manager Only,2024-05-27 09:00:00,2024-06-02 13:45:00
FDB15671,Self Assessment,EMP1459,EMP1024,2024-06-12,,,,Communication,Technical execution was excellent but documentation was lacking.,"Team support,Reliable execution,Strong collaboration","Proactive communication,Technical depth",Document API endpoints before handoff,"Complete training,Review documentation",7,9,8,9,10,Medium,,True,2024-06-13,,,Public,2024-06-12 09:00:00,2024-06-20 14:30:00
FDB15678,Peer Feedback,EMP149,EMP1286,2024-10-25,,,,Communication,Communication was proactive and clear during the entire project phase.,"Technical depth,Reliable execution,Team support","Stakeholder updates,Code readability",Improve commit message quality for better traceability,"Complete training,Review documentation",6,7,6,7,6,Low,,True,2024-10-28,,,Team,2024-10-25 09:00:00,2024-10-30 18:30:00
FDB15697,Peer Feedback,EMP623,EMP251,2023-10-04,,,,Communication,"Good work overall, with some areas to improve in cross-team coordination.","Clear communication,On-time delivery,Attention to detail","Technical depth,Documentation quality",Request early feedback instead of waiting until delivery,"Improve test coverage,Update runbook",6,8,6,7,7,High,2023-11-03,True,2023-10-07,"Thank you for the feedback, will work on documentation.",2023-10-08,Manager Only,2023-10-04 09:00:00,2023-10-08 10:45:00
FDB15703,Peer Feedback,EMP327,EMP521,2024-08-20,,,,Quality,"Exceeded expectations on the technical front, peer feedback is very positive.",High quality output,Stakeholder updates,Schedule earlier check-ins with stakeholders,,9,8,9,9,7,Medium,,True,2024-08-24,,,Public,2024-08-20 09:00:00,2024-08-23 18:15:00
FDB15713,Peer Feedback,EMP702,EMP073,2024-11-17,,,,Technical Skills,Delivery was slightly delayed but final output quality was strong.,"Clear communication,Initiative shown","Technical depth,Time estimation accuracy",Improve commit message quality for better traceability,"Complete training,Review documentation",8,8,7,9,8,High,2024-12-17,False,,,,Manager Only,2024-11-17 09:00:00,2024-11-24 10:45:00
FDB15737,Project Review,EMP146,EMP267,2023-08-03,,PRJ342,TEAM099,Technical Skills,"Good work overall, with some areas to improve in cross-team coordination.","On-time delivery,Clear communication","Technical depth,Process adherence",Improve commit message quality for better traceability,"Improve test coverage,Update runbook",8,5,9,6,8,Medium,,True,2023-08-04,,,Team,2023-08-03 09:00:00,2023-08-07 18:00:00
FDB15741,Task Completion,EMP283,EMP427,2024-06-11,TSK5113,PRJ652,,Teamwork,"Strong collaboration throughout the sprint, kept the team unblocked.",Attention to detail,"Time estimation accuracy,Stakeholder updates",Document API endpoints before handoff,"Complete training,Review documentation",6,6,7,8,9,Low,,False,,,,Manager Only,2024-06-11 09:00:00,2024-06-19 11:15:00
FDB15754,Self Assessment,EMP095,EMP1184,2024-06-02,,,,Leadership,Showed great initiative in identifying and resolving blockers early.,"Strong collaboration,Attention to detail","Time estimation accuracy,Code readability",Request early feedback instead of waiting until delivery,"Enroll in leadership course,Improve delegation",6,6,7,6,7,High,2024-07-02,True,2024-06-05,,,Manager Only,2024-06-02 09:00:00,2024-06-11 10:15:00
FDB15788,Project Review,EMP418,EMP051,2023-11-26,,PRJ513,TEAM284,Communication,"Exceeded expectations on the technical front, peer feedback is very positive.","Initiative shown,Proactive problem solving,Reliable execution","Stakeholder updates,Cross-team alignment",Document API endpoints before handoff,"Improve test coverage,Update runbook",10,10,10,10,10,Medium,,False,,,,Private,2023-11-26 09:00:00,2023-11-26 16:15:00
FDB15812,Task Completion,EMP939,EMP1326,2024-11-07,TSK6795,PRJ136,,Quality,Showed great initiative in identifying and resolving blockers early.,"Attention to detail,High quality output","Code readability,Cross-team alignment",Schedule earlier check-ins with stakeholders,Attend communication workshop,8,8,9,8,7,Low,,True,2024-11-11,,,Team,2024-11-07 09:00:00,2024-11-15 18:30:00
FDB15816,Task Completion,EMP785,EMP251,2025-02-14,TSK4959,PRJ552,,Teamwork,Delivered the task with great attention to detail and minimal rework needed.,"Clear communication,High quality output,Strong collaboration","Proactive communication,Process adherence",Document API endpoints before handoff,"Enroll in leadership course,Improve delegation",10,10,10,10,9,High,2025-03-16,True,2025-02-17,,,Manager Only,2025-02-14 09:00:00,2025-02-16 18:00:00
FDB15841,Task Completion,EMP743,EMP084,2023-09-17,TSK9463,PRJ590,,Teamwork,"Strong collaboration throughout the sprint, kept the team unblocked.","Attention to detail,Technical depth","Process adherence,Testing coverage",,Attend communication workshop,8,8,7,8,6,Medium,,True,2023-09-22,,,Manager Only,2023-09-17 09:00:00,2023-09-22 09:15:00
FDB15848,Peer Feedback,EMP149,EMP595,2024-11-06,,,,Teamwork,"Quality of deliverables was high, stakeholders were satisfied.","Clear communication,Initiative shown,Strong collaboration","Stakeholder updates,Testing coverage",Break large tasks into smaller trackable subtasks,"Improve test coverage,Update runbook",8,9,7,7,8,Medium,,True,2024-11-09,,,Team,2024-11-06 09:00:00,2024-11-11 11:45:00
FDB15853,Task Completion,EMP382,EMP946,2023-09-10,TSK9107,PRJ447,,Teamwork,"Exceeded expectations on the technical front, peer feedback is very positive.","Reliable execution,Clear communication,On-time delivery","Deadline adherence,Technical depth",Conduct a brief knowledge-sharing session with the team,"Complete training,Review documentation",6,8,7,6,6,High,,True,2023-09-11,,,Manager Only,2023-09-10 09:00:00,2023-09-11 12:45:00
FDB15893,Peer Feedback,EMP841,EMP176,2024-11-29,,,,Communication,"Quality of deliverables was high, stakeholders were satisfied.",Clear communication,Code readability,Conduct a brief knowledge-sharing session with the team,"Improve test coverage,Update runbook",8,7,9,7,8,Low,,True,2024-12-03,,,Team,2024-11-29 09:00:00,2024-12-01 14:45:00
FDB15926,Peer Feedback,EMP866,EMP1326,2024-03-17,,,,Leadership,Communication was proactive and clear during the entire project phase.,Initiative shown,"Proactive communication,Cross-team alignment",Break large tasks into smaller trackable subtasks,"Improve test coverage,Update runbook",9,9,9,10,8,Medium,,True,2024-03-18,,,Private,2024-03-17 09:00:00,2024-03-21 11:00:00
FDB15938,Project Review,EMP051,EMP494,2024-01-19,,PRJ364,TEAM901,Technical Skills,"Exceeded expectations on the technical front, peer feedback is very positive.","Clear communication,Team support",Technical depth,Request early feedback instead of waiting until delivery,,8,8,9,9,7,High,2024-02-18,True,2024-01-23,,,Public,2024-01-19 09:00:00,2024-01-19 10:15:00
FDB16027,Self Assessment,EMP142,EMP899,2023-06-14,,,,Communication,Delivery was slightly delayed but final output quality was strong.,On-time delivery,Time estimation accuracy,Improve commit message quality for better traceability,Attend communication workshop,7,7,6,8,6,Medium,,True,2023-06-15,,,Private,2023-06-14 09:00:00,2023-06-15 14:45:00
FDB16066,Task Completion,EMP072,EMP702,2024-01-11,TSK9885,PRJ485,,Quality,Showed great initiative in identifying and resolving blockers early.,"Attention to detail,Proactive problem solving","Time estimation accuracy,Code readability",Request early feedback instead of waiting until delivery,"Schedule 1:1 with manager,Review goals",6,6,7,7,9,High,,False,,,,Public,2024-01-11 09:00:00,2024-01-17 14:00:00
FDB16076,Project Review,EMP841,EMP1420,2024-08-02,,PRJ501,TEAM313,Communication,Communication was proactive and clear during the entire project phase.,"Reliable execution,Proactive problem solving","Cross-team alignment,Proactive communication",Document API endpoints before handoff,Attend communication workshop,8,8,8,6,9,High,2024-09-01,True,2024-08-05,,,Manager Only,2024-08-02 09:00:00,2024-08-07 09:15:00
FDB16091,Project Review,EMP932,EMP450,2024-03-26,,PRJ753,TEAM407,Quality,"Good work overall, with some areas to improve in cross-team coordination.","Attention to detail,Initiative shown,High quality output","Cross-team alignment,Time estimation accuracy",,Attend communication workshop,9,8,8,9,8,High,2024-04-25,True,2024-03-30,"Thank you for the feedback, will work on documentation.",2024-04-04,Public,2024-03-26 09:00:00,2024-04-03 13:45:00
FDB16106,Peer Feedback,EMP806,EMP611,2024-03-27,,,,Communication,Delivered the task with great attention to detail and minimal rework needed.,"Clear communication,Technical depth,Attention to detail",Proactive communication,Conduct a brief knowledge-sharing session with the team,"Complete training,Review documentation",6,5,3,7,4,Low,,True,2024-03-31,Acknowledged — will focus on the suggested areas.,2024-04-04,Team,2024-03-27 09:00:00,2024-04-04 08:30:00
FDB16107,Peer Feedback,EMP1202,EMP149,2024-01-09,,,,Leadership,"Strong collaboration throughout the sprint, kept the team unblocked.","Strong collaboration,Team support",Proactive communication,Request early feedback instead of waiting until delivery,"Schedule 1:1 with manager,Review goals",10,10,10,9,10,High,,True,2024-01-13,,,Private,2024-01-09 09:00:00,2024-01-17 10:30:00
FDB16128,Peer Feedback,EMP1207,EMP391,2024-07-16,,,,Leadership,"Exceeded expectations on the technical front, peer feedback is very positive.","High quality output,Initiative shown,Technical depth",Code readability,Schedule earlier check-ins with stakeholders,"Schedule 1:1 with manager,Review goals",8,9,8,8,8,High,2024-08-15,True,2024-07-20,"Feedback received and noted, will discuss with manager.",2024-07-21,Team,2024-07-16 09:00:00,2024-07-25 09:15:00
FDB16144,Task Completion,EMP391,EMP651,2023-08-07,TSK8171,PRJ691,,Technical Skills,Showed great initiative in identifying and resolving blockers early.,"On-time delivery,Clear communication",Time estimation accuracy,Document API endpoints before handoff,"Improve test coverage,Update runbook",10,8,10,10,10,Low,,True,2023-08-08,,,Team,2023-08-07 09:00:00,2023-08-15 15:30:00
FDB16148,Peer Feedback,EMP562,EMP1041,2024-06-17,,,,Quality,"Quality of deliverables was high, stakeholders were satisfied.",High quality output,Proactive communication,Conduct a brief knowledge-sharing session with the team,Attend communication workshop,7,6,8,6,7,Low,,True,2024-06-20,,,Manager Only,2024-06-17 09:00:00,2024-06-23 18:00:00
FDB16179,Task Completion,EMP650,EMP076,2024-09-24,TSK1200,PRJ067,,Communication,Technical execution was excellent but documentation was lacking.,"On-time delivery,Clear communication,Team support",Process adherence,Conduct a brief knowledge-sharing session with the team,"Schedule 1:1 with manager,Review goals",8,6,8,7,9,Low,,True,2024-09-26,"Thank you for the feedback, will work on documentation.",2024-09-29,Team,2024-09-24 09:00:00,2024-09-24 10:30:00
FDB16203,Self Assessment,EMP936,EMP849,2025-01-27,,,,Communication,Technical execution was excellent but documentation was lacking.,Initiative shown,Stakeholder updates,Schedule earlier check-ins with stakeholders,"Enroll in leadership course,Improve delegation",6,5,7,7,5,Low,,True,2025-01-28,,,Private,2025-01-27 09:00:00,2025-01-28 11:45:00
FDB16204,Task Completion,EMP1041,EMP048,2023-09-06,TSK9046,PRJ351,,Quality,"Strong collaboration throughout the sprint, kept the team unblocked.","Clear communication,Strong collaboration",Technical depth,Improve commit message quality for better traceability,"Complete training,Review documentation",10,10,10,10,9,Medium,,True,2023-09-09,,,Private,2023-09-06 09:00:00,2023-09-14 08:00:00
FDB16213,Self Assessment,EMP936,EMP1282,2023-11-30,,,,Quality,"Exceeded expectations on the technical front, peer feedback is very positive.",Clear communication,"Documentation quality,Process adherence",Schedule earlier check-ins with stakeholders,"Complete training,Review documentation",9,8,6,10,7,Low,,True,2023-12-03,,,Public,2023-11-30 09:00:00,2023-12-09 16:30:00
FDB16216,Project Review,EMP1032,EMP611,2024-05-19,,PRJ111,TEAM390,Teamwork,"Good work overall, with some areas to improve in cross-team coordination.",Technical depth,"Proactive communication,Documentation quality",,,5,6,6,6,6,Medium,,True,2024-05-21,,,Team,2024-05-19 09:00:00,2024-05-20 17:00:00
FDB16295,Task Completion,EMP779,EMP1184,2023-11-02,TSK6841,PRJ154,,Quality,Met all deadlines and maintained consistent quality standards.,"On-time delivery,Initiative shown,High quality output",Technical depth,Consider adding more unit tests to improve coverage,Attend communication workshop,9,7,8,9,9,Low,,True,2023-11-05,,,Manager Only,2023-11-02 09:00:00,2023-11-09 17:45:00
FDB16300,Task Completion,EMP212,EMP1459,2024-07-05,TSK6626,PRJ427,,Leadership,Communication was proactive and clear during the entire project phase.,Attention to detail,Deadline adherence,Request early feedback instead of waiting until delivery,"Schedule 1:1 with manager,Review goals",9,7,9,10,9,Medium,,True,2024-07-08,,,Private,2024-07-05 09:00:00,2024-07-12 12:30:00
FDB16311,Peer Feedback,EMP1092,EMP1273,2024-07-19,,,,Leadership,Delivery was slightly delayed but final output quality was strong.,"Attention to detail,Reliable execution","Stakeholder updates,Process adherence",Document API endpoints before handoff,"Improve test coverage,Update runbook",8,9,8,8,8,High,2024-08-18,True,2024-07-20,Acknowledged — will focus on the suggested areas.,2024-07-22,Manager Only,2024-07-19 09:00:00,2024-07-27 10:00:00
FDB16359,Project Review,EMP945,EMP841,2023-09-18,,PRJ640,TEAM024,Communication,Showed great initiative in identifying and resolving blockers early.,"Reliable execution,On-time delivery","Time estimation accuracy,Testing coverage",Break large tasks into smaller trackable subtasks,"Complete training,Review documentation",8,8,6,8,8,Medium,,True,2023-09-19,,,Private,2023-09-18 09:00:00,2023-09-19 18:00:00
FDB16389,Peer Feedback,EMP801,EMP1041,2024-12-03,,,,Quality,Showed great initiative in identifying and resolving blockers early.,On-time delivery,"Time estimation accuracy,Testing coverage",Document API endpoints before handoff,"Schedule 1:1 with manager,Review goals",10,8,9,10,9,High,2025-01-02,False,,,,Private,2024-12-03 09:00:00,2024-12-04 15:15:00
FDB16390,Task Completion,EMP1388,EMP1041,2024-06-30,TSK4820,PRJ125,,Quality,Technical execution was excellent but documentation was lacking.,"On-time delivery,Initiative shown",Documentation quality,Improve commit message quality for better traceability,"Complete training,Review documentation",7,6,6,7,6,Medium,,True,2024-07-02,,,Team,2024-06-30 09:00:00,2024-07-05 14:45:00
FDB16398,Peer Feedback,EMP841,EMP1436,2023-08-11,,,,Leadership,Delivered the task with great attention to detail and minimal rework needed.,"On-time delivery,Team support","Code readability,Time estimation accuracy",Consider adding more unit tests to improve coverage,,6,8,6,5,3,Low,,True,2023-08-13,,,Team,2023-08-11 09:00:00,2023-08-17 18:45:00
FDB16404,Peer Feedback,EMP287,EMP1270,2023-09-07,,,,Teamwork,"Exceeded expectations on the technical front, peer feedback is very positive.","Technical depth,Attention to detail,Team support","Testing coverage,Stakeholder updates",Request early feedback instead of waiting until delivery,,3,6,6,4,4,High,2023-10-07,True,2023-09-08,"Thank you for the feedback, will work on documentation.",2023-09-13,Manager Only,2023-09-07 09:00:00,2023-09-07 16:00:00
FDB16412,Task Completion,EMP1054,EMP898,2024-09-30,TSK7396,PRJ021,,Quality,"Good work overall, with some areas to improve in cross-team coordination.",Team support,Code readability,Consider adding more unit tests to improve coverage,"Schedule 1:1 with manager,Review goals",5,5,6,6,6,Low,,True,2024-10-02,,,Manager Only,2024-09-30 09:00:00,2024-10-04 14:45:00
FDB16462,Task Completion,EMP1477,EMP1459,2023-06-16,TSK2371,PRJ225,,Quality,Showed great initiative in identifying and resolving blockers early.,"High quality output,Technical depth,Initiative shown",Cross-team alignment,Improve commit message quality for better traceability,,9,7,8,8,6,High,,False,,,,Private,2023-06-16 09:00:00,2023-06-26 08:30:00
FDB16478,Project Review,EMP1080,EMP149,2025-02-18,,PRJ620,TEAM059,Technical Skills,Communication was proactive and clear during the entire project phase.,Attention to detail,Deadline adherence,Request early feedback instead of waiting until delivery,"Complete training,Review documentation",8,7,6,7,8,Low,,True,2025-02-20,,,Team,2025-02-18 09:00:00,2025-02-20 08:15:00
FDB16495,Peer Feedback,EMP162,EMP1053,2023-11-09,,,,Teamwork,Delivery was slightly delayed but final output quality was strong.,Reliable execution,"Time estimation accuracy,Testing coverage",,,7,5,7,5,4,High,2023-12-09,True,2023-11-11,"Thank you for the feedback, will work on documentation.",2023-11-12,Team,2023-11-09 09:00:00,2023-11-09 18:30:00
FDB16503,Peer Feedback,EMP250,EMP287,2024-02-12,,,,Teamwork,Met all deadlines and maintained consistent quality standards.,Technical depth,Deadline adherence,Improve commit message quality for better traceability,"Complete training,Review documentation",7,8,8,6,8,High,2024-03-13,True,2024-02-14,,,Manager Only,2024-02-12 09:00:00,2024-02-17 09:15:00
FDB16535,Project Review,EMP529,EMP841,2023-07-12,,PRJ721,TEAM085,Teamwork,Communication was proactive and clear during the entire project phase.,Proactive problem solving,"Technical depth,Time estimation accuracy",,"Improve test coverage,Update runbook",6,6,6,7,7,Medium,,False,,,,Manager Only,2023-07-12 09:00:00,2023-07-14 11:45:00
FDB16539,Task Completion,EMP740,EMP1150,2023-09-11,TSK3845,PRJ257,,Communication,"Good work overall, with some areas to improve in cross-team coordination.",Team support,Stakeholder updates,Improve commit message quality for better traceability,Attend communication workshop,8,8,8,9,9,Medium,,True,2023-09-14,"Thank you for the feedback, will work on documentation.",2023-09-18,Team,2023-09-11 09:00:00,2023-09-19 14:15:00
FDB16541,Task Completion,EMP802,EMP611,2024-01-29,TSK1655,PRJ135,,Communication,Showed great initiative in identifying and resolving blockers early.,Attention to detail,"Time estimation accuracy,Proactive communication",Schedule earlier check-ins with stakeholders,Attend communication workshop,6,5,6,5,7,Medium,,False,,,,Private,2024-01-29 09:00:00,2024-02-08 17:30:00
FDB16545,Peer Feedback,EMP521,EMP679,2023-07-17,,,,Communication,Delivered the task with great attention to detail and minimal rework needed.,"Attention to detail,Initiative shown,On-time delivery",Documentation quality,Schedule earlier check-ins with stakeholders,"Complete training,Review documentation",10,9,10,10,10,Medium,,True,2023-07-21,,,Team,2023-07-17 09:00:00,2023-07-22 09:00:00
FDB16588,Peer Feedback,EMP843,EMP1459,2024-07-16,,,,Communication,Met all deadlines and maintained consistent quality standards.,Reliable execution,Stakeholder updates,Document API endpoints before handoff,"Complete training,Review documentation",10,10,9,10,10,Low,,True,2024-07-18,Acknowledged — will focus on the suggested areas.,2024-07-19,Manager Only,2024-07-16 09:00:00,2024-07-19 17:45:00
FDB16609,Project Review,EMP015,EMP051,2023-11-18,,PRJ198,TEAM829,Teamwork,"Strong collaboration throughout the sprint, kept the team unblocked.",High quality output,"Testing coverage,Proactive communication",Break large tasks into smaller trackable subtasks,"Enroll in leadership course,Improve delegation",9,9,7,8,5,Low,,True,2023-11-21,,,Manager Only,2023-11-18 09:00:00,2023-11-23 18:15:00
FDB16639,Project Review,EMP076,EMP402,2024-07-09,,PRJ772,TEAM473,Quality,"Quality of deliverables was high, stakeholders were satisfied.",Proactive problem solving,"Testing coverage,Time estimation accuracy",Improve commit message quality for better traceability,,9,8,8,8,8,High,2024-08-08,True,2024-07-10,"Appreciate the recognition, will continue improving.",2024-07-14,Team,2024-07-09 09:00:00,2024-07-10 11:45:00
FDB16643,Project Review,EMP1354,EMP611,2023-06-17,,PRJ720,TEAM360,Quality,Delivery was slightly delayed but final output quality was strong.,Initiative shown,"Documentation quality,Time estimation accuracy",Conduct a brief knowledge-sharing session with the team,,6,8,8,5,7,Low,,True,2023-06-19,,,Team,2023-06-17 09:00:00,2023-06-20 17:00:00
FDB16644,Task Completion,EMP1245,EMP372,2023-09-19,TSK1437,PRJ275,,Technical Skills,Technical execution was excellent but documentation was lacking.,"Attention to detail,On-time delivery","Deadline adherence,Cross-team alignment",Schedule earlier check-ins with stakeholders,"Improve test coverage,Update runbook",8,7,8,7,8,High,2023-10-19,True,2023-09-24,"Feedback received and noted, will discuss with manager.",2023-09-27,Manager Only,2023-09-19 09:00:00,2023-09-27 15:30:00
FDB16687,Task Completion,EMP197,EMP815,2023-09-11,TSK6751,PRJ177,,Technical Skills,"Exceeded expectations on the technical front, peer feedback is very positive.","Team support,Initiative shown,Technical depth","Code readability,Proactive communication",Improve commit message quality for better traceability,Attend communication workshop,7,8,8,9,7,Medium,,False,,,,Team,2023-09-11 09:00:00,2023-09-12 13:15:00
FDB16696,Task Completion,EMP711,EMP149,2024-11-27,TSK8629,PRJ671,,Leadership,Communication was proactive and clear during the entire project phase.,"Attention to detail,High quality output,Reliable execution","Documentation quality,Process adherence",Conduct a brief knowledge-sharing session with the team,,9,9,10,10,9,Low,,False,,,,Team,2024-11-27 09:00:00,2024-11-28 11:30:00
FDB16723,Task Completion,EMP450,EMP274,2023-10-27,TSK9877,PRJ675,,Teamwork,Delivery was slightly delayed but final output quality was strong.,"Attention to detail,On-time delivery",Stakeholder updates,,"Enroll in leadership course,Improve delegation",6,7,7,8,5,Medium,,True,2023-10-28,"Thank you for the feedback, will work on documentation.",2023-10-30,Manager Only,2023-10-27 09:00:00,2023-11-03 08:30:00
FDB16754,Peer Feedback,EMP149,EMP723,2024-03-19,,,,Teamwork,"Strong collaboration throughout the sprint, kept the team unblocked.","Strong collaboration,Attention to detail,Initiative shown","Code readability,Process adherence",Improve commit message quality for better traceability,"Complete training,Review documentation",9,9,10,9,8,Low,,True,2024-03-24,,,Team,2024-03-19 09:00:00,2024-03-25 16:30:00
FDB16766,Task Completion,EMP427,EMP261,2024-05-25,TSK1421,PRJ114,,Quality,"Quality of deliverables was high, stakeholders were satisfied.","Proactive problem solving,Attention to detail,High quality output",Cross-team alignment,Consider adding more unit tests to improve coverage,"Complete training,Review documentation",9,10,9,9,8,Low,,True,2024-05-27,,,Public,2024-05-25 09:00:00,2024-05-27 13:00:00
FDB16768,Peer Feedback,EMP952,EMP084,2024-05-10,,,,Technical Skills,Showed great initiative in identifying and resolving blockers early.,"High quality output,Attention to detail,Strong collaboration",Code readability,Conduct a brief knowledge-sharing session with the team,"Improve test coverage,Update runbook",8,9,8,7,6,High,,True,2024-05-14,"Appreciate the recognition, will continue improving.",2024-05-16,Manager Only,2024-05-10 09:00:00,2024-05-20 14:15:00
FDB16798,Task Completion,EMP815,EMP337,2024-11-16,TSK3964,PRJ237,,Communication,"Quality of deliverables was high, stakeholders were satisfied.","Reliable execution,Initiative shown,Proactive problem solving",Time estimation accuracy,,"Complete training,Review documentation",8,8,7,10,9,High,,False,,,,Manager Only,2024-11-16 09:00:00,2024-11-18 14:30:00
FDB16801,Project Review,EMP267,EMP308,2024-04-02,,PRJ301,TEAM554,Leadership,Communication was proactive and clear during the entire project phase.,"Team support,Technical depth,Attention to detail",Stakeholder updates,Improve commit message quality for better traceability,"Schedule 1:1 with manager,Review goals",9,9,10,10,10,Low,,True,2024-04-04,,,Private,2024-04-02 09:00:00,2024-04-06 08:00:00
FDB16845,Task Completion,EMP1038,EMP185,2024-05-13,TSK9341,PRJ100,,Communication,"Exceeded expectations on the technical front, peer feedback is very positive.","Reliable execution,Technical depth,On-time delivery",Process adherence,Conduct a brief knowledge-sharing session with the team,"Enroll in leadership course,Improve delegation",9,8,8,7,7,Medium,,True,2024-05-14,,,Public,2024-05-13 09:00:00,2024-05-15 13:00:00
FDB16862,Peer Feedback,EMP1156,EMP1459,2023-11-27,,,,Communication,"Strong collaboration throughout the sprint, kept the team unblocked.",Technical depth,Time estimation accuracy,Document API endpoints before handoff,"Improve test coverage,Update runbook",6,6,6,8,6,High,,False,,,,Private,2023-11-27 09:00:00,2023-11-30 09:30:00
FDB16889,Task Completion,EMP409,EMP912,2024-05-23,TSK8489,PRJ346,,Leadership,"Exceeded expectations on the technical front, peer feedback is very positive.","Technical depth,Strong collaboration,Attention to detail",Deadline adherence,Improve commit message quality for better traceability,Attend communication workshop,8,7,9,6,8,High,2024-06-22,True,2024-05-26,,,Private,2024-05-23 09:00:00,2024-05-25 10:45:00
FDB16890,Task Completion,EMP193,EMP1054,2024-07-05,TSK4533,PRJ668,,Leadership,"Quality of deliverables was high, stakeholders were satisfied.",Proactive problem solving,"Cross-team alignment,Documentation quality",Schedule earlier check-ins with stakeholders,"Complete training,Review documentation",6,8,6,6,7,Low,,True,2024-07-08,,,Public,2024-07-05 09:00:00,2024-07-13 11:30:00
FDB16922,Project Review,EMP391,EMP824,2023-09-03,,PRJ256,TEAM245,Leadership,"Exceeded expectations on the technical front, peer feedback is very positive.",Reliable execution,"Cross-team alignment,Testing coverage",Break large tasks into smaller trackable subtasks,Attend communication workshop,7,7,7,7,8,Medium,,True,2023-09-04,"Feedback received and noted, will discuss with manager.",2023-09-09,Private,2023-09-03 09:00:00,2023-09-11 09:15:00
FDB16943,Peer Feedback,EMP1041,EMP741,2024-06-09,,,,Quality,Met all deadlines and maintained consistent quality standards.,"Strong collaboration,Technical depth","Technical depth,Process adherence",Improve commit message quality for better traceability,,8,7,8,8,7,Medium,,False,,,,Private,2024-06-09 09:00:00,2024-06-17 12:30:00
FDB16944,Self Assessment,EMP147,EMP1325,2023-06-06,,,,Technical Skills,Delivered the task with great attention to detail and minimal rework needed.,"High quality output,Initiative shown,Proactive problem solving",Proactive communication,Document API endpoints before handoff,,7,7,8,9,7,Medium,,True,2023-06-07,Acknowledged — will focus on the suggested areas.,2023-06-12,Team,2023-06-06 09:00:00,2023-06-14 11:30:00
FDB16952,Peer Feedback,EMP1435,EMP149,2024-06-03,,,,Quality,Technical execution was excellent but documentation was lacking.,"Proactive problem solving,Clear communication","Stakeholder updates,Code readability",Break large tasks into smaller trackable subtasks,"Complete training,Review documentation",8,8,7,7,7,Low,,True,2024-06-06,"Thank you for the feedback, will work on documentation.",2024-06-09,Private,2024-06-03 09:00:00,2024-06-05 11:15:00
FDB16959,Task Completion,EMP841,EMP729,2024-07-23,TSK9714,PRJ789,,Leadership,"Strong collaboration throughout the sprint, kept the team unblocked.",Reliable execution,"Stakeholder updates,Technical depth",,"Complete training,Review documentation",7,9,10,9,8,Medium,,False,,,,Private,2024-07-23 09:00:00,2024-08-02 18:45:00
FDB16980,Peer Feedback,EMP493,EMP450,2024-06-09,,,,Quality,Showed great initiative in identifying and resolving blockers early.,"High quality output,Team support,Strong collaboration","Process adherence,Time estimation accuracy",Conduct a brief knowledge-sharing session with the team,"Complete training,Review documentation",6,7,6,7,9,High,2024-07-09,True,2024-06-13,,,Team,2024-06-09 09:00:00,2024-06-18 14:00:00
FDB17009,Task Completion,EMP516,EMP1325,2024-02-04,TSK7744,PRJ440,,Communication,"Strong collaboration throughout the sprint, kept the team unblocked.","Clear communication,Reliable execution,High quality output",Testing coverage,,,9,7,6,7,8,High,2024-03-05,True,2024-02-09,,,Private,2024-02-04 09:00:00,2024-02-14 11:00:00
FDB17033,Task Completion,EMP740,EMP001,2023-10-30,TSK1331,PRJ368,,Leadership,"Exceeded expectations on the technical front, peer feedback is very positive.",Team support,"Cross-team alignment,Deadline adherence",Improve commit message quality for better traceability,,6,7,7,9,7,Medium,,False,,,,Private,2023-10-30 09:00:00,2023-11-03 12:15:00
FDB17036,Project Review,EMP1369,EMP815,2023-09-03,,PRJ642,TEAM655,Technical Skills,"Good work overall, with some areas to improve in cross-team coordination.","Team support,Reliable execution,Technical depth",Stakeholder updates,Document API endpoints before handoff,"Enroll in leadership course,Improve delegation",5,6,7,7,8,Low,,True,2023-09-04,,,Team,2023-09-03 09:00:00,2023-09-13 17:30:00
FDB17047,Peer Feedback,EMP1092,EMP029,2024-02-04,,,,Communication,"Exceeded expectations on the technical front, peer feedback is very positive.",Proactive problem solving,"Documentation quality,Process adherence",Schedule earlier check-ins with stakeholders,"Enroll in leadership course,Improve delegation",5,6,7,5,6,Medium,,True,2024-02-07,,,Team,2024-02-04 09:00:00,2024-02-05 18:15:00
FDB17119,Task Completion,EMP1193,EMP563,2024-03-08,TSK9483,PRJ549,,Leadership,Showed great initiative in identifying and resolving blockers early.,"Attention to detail,Proactive problem solving,Clear communication","Process adherence,Testing coverage",Improve commit message quality for better traceability,,7,8,6,8,7,Low,,True,2024-03-12,,,Team,2024-03-08 09:00:00,2024-03-10 12:45:00
FDB17134,Task Completion,EMP084,EMP090,2023-06-23,TSK4659,PRJ759,,Quality,"Strong collaboration throughout the sprint, kept the team unblocked.",Clear communication,Technical depth,Improve commit message quality for better traceability,"Improve test coverage,Update runbook",10,8,9,8,8,High,2023-07-23,True,2023-06-28,,,Manager Only,2023-06-23 09:00:00,2023-06-26 12:45:00
FDB17140,Task Completion,EMP1184,EMP1458,2024-01-15,TSK6276,PRJ047,,Technical Skills,"Strong collaboration throughout the sprint, kept the team unblocked.",Attention to detail,Process adherence,Schedule earlier check-ins with stakeholders,,5,8,6,8,5,Medium,,True,2024-01-16,,,Manager Only,2024-01-15 09:00:00,2024-01-20 14:15:00
FDB17146,Peer Feedback,EMP1115,EMP936,2024-09-04,,,,Leadership,"Quality of deliverables was high, stakeholders were satisfied.","Attention to detail,Initiative shown",Stakeholder updates,Consider adding more unit tests to improve coverage,"Complete training,Review documentation",5,5,4,6,5,Medium,,True,2024-09-09,"Feedback received and noted, will discuss with manager.",2024-09-12,Team,2024-09-04 09:00:00,2024-09-04 16:30:00
FDB17196,Peer Feedback,EMP162,EMP1397,2024-06-20,,,,Teamwork,"Quality of deliverables was high, stakeholders were satisfied.",On-time delivery,"Stakeholder updates,Process adherence",Consider adding more unit tests to improve coverage,"Enroll in leadership course,Improve delegation",7,6,7,6,7,Medium,,True,2024-06-23,,,Manager Only,2024-06-20 09:00:00,2024-06-25 12:15:00
FDB17232,Task Completion,EMP427,EMP059,2024-04-19,TSK6808,PRJ727,,Quality,Showed great initiative in identifying and resolving blockers early.,"High quality output,Proactive problem solving,Reliable execution",Documentation quality,Document API endpoints before handoff,"Complete training,Review documentation",9,10,7,8,8,Medium,,True,2024-04-21,,,Private,2024-04-19 09:00:00,2024-04-22 18:45:00
FDB17244,Task Completion,EMP084,EMP678,2023-07-08,TSK4004,PRJ555,,Teamwork,Met all deadlines and maintained consistent quality standards.,"Proactive problem solving,Initiative shown,On-time delivery","Code readability,Deadline adherence",Request early feedback instead of waiting until delivery,Attend communication workshop,5,4,4,5,5,High,2023-08-07,False,,,,Manager Only,2023-07-08 09:00:00,2023-07-17 08:15:00
FDB17261,Project Review,EMP541,EMP251,2025-02-11,,PRJ014,TEAM141,Technical Skills,Delivered the task with great attention to detail and minimal rework needed.,"Strong collaboration,Attention to detail",Process adherence,Conduct a brief knowledge-sharing session with the team,"Improve test coverage,Update runbook",10,9,9,9,9,Medium,,True,2025-02-13,,,Team,2025-02-11 09:00:00,2025-02-13 15:45:00
FDB17263,Peer Feedback,EMP1369,EMP162,2024-07-18,,,,Teamwork,Showed great initiative in identifying and resolving blockers early.,Clear communication,Technical depth,Document API endpoints before handoff,"Complete training,Review documentation",9,10,9,7,8,Medium,,False,,,,Private,2024-07-18 09:00:00,2024-07-24 08:45:00
FDB17290,Peer Feedback,EMP356,EMP391,2024-10-23,,,,Teamwork,"Quality of deliverables was high, stakeholders were satisfied.","Strong collaboration,Clear communication,Team support",Process adherence,Conduct a brief knowledge-sharing session with the team,"Schedule 1:1 with manager,Review goals",9,10,10,9,10,Medium,,True,2024-10-24,,,Team,2024-10-23 09:00:00,2024-10-31 13:15:00
FDB17295,Project Review,EMP815,EMP1343,2024-01-01,,PRJ574,TEAM568,Leadership,Met all deadlines and maintained consistent quality standards.,High quality output,Deadline adherence,Break large tasks into smaller trackable subtasks,"Complete training,Review documentation",6,6,7,6,8,Medium,,True,2024-01-04,,,Public,2024-01-01 09:00:00,2024-01-06 14:00:00
FDB17297,Peer Feedback,EMP807,EMP051,2024-11-08,,,,Communication,Communication was proactive and clear during the entire project phase.,"High quality output,Technical depth",Documentation quality,Schedule earlier check-ins with stakeholders,"Improve test coverage,Update runbook",8,7,8,8,7,Medium,,True,2024-11-13,"Feedback received and noted, will discuss with manager.",2024-11-16,Private,2024-11-08 09:00:00,2024-11-16 09:45:00
FDB17312,Peer Feedback,EMP1041,EMP928,2024-05-08,,,,Quality,Showed great initiative in identifying and resolving blockers early.,"Team support,Clear communication,On-time delivery","Code readability,Technical depth",Consider adding more unit tests to improve coverage,"Complete training,Review documentation",6,5,6,5,7,Low,,True,2024-05-10,,,Team,2024-05-08 09:00:00,2024-05-13 17:45:00
FDB17346,Peer Feedback,EMP450,EMP533,2024-08-17,,,,Teamwork,Delivered the task with great attention to detail and minimal rework needed.,Team support,Proactive communication,Consider adding more unit tests to improve coverage,"Schedule 1:1 with manager,Review goals",8,7,10,7,8,Medium,,True,2024-08-21,,,Private,2024-08-17 09:00:00,2024-08-17 08:45:00
FDB17360,Project Review,EMP267,EMP007,2025-01-14,,PRJ359,TEAM463,Communication,Delivery was slightly delayed but final output quality was strong.,"Team support,Proactive problem solving,Clear communication","Testing coverage,Documentation quality",Schedule earlier check-ins with stakeholders,Attend communication workshop,6,7,8,7,7,Medium,,True,2025-01-17,,,Private,2025-01-14 09:00:00,2025-01-20 14:00:00
FDB17365,Peer Feedback,EMP1420,EMP1174,2024-09-14,,,,Communication,Delivered the task with great attention to detail and minimal rework needed.,"Technical depth,Team support",Code readability,Request early feedback instead of waiting until delivery,"Schedule 1:1 with manager,Review goals",10,9,10,8,10,High,2024-10-14,True,2024-09-15,,,Private,2024-09-14 09:00:00,2024-09-21 08:45:00
FDB17379,Project Review,EMP334,EMP740,2025-01-15,,PRJ693,TEAM048,Technical Skills,Showed great initiative in identifying and resolving blockers early.,Team support,Testing coverage,Request early feedback instead of waiting until delivery,,6,8,8,7,9,Medium,,True,2025-01-20,Acknowledged — will focus on the suggested areas.,2025-01-23,Private,2025-01-15 09:00:00,2025-01-21 16:45:00
FDB17389,Task Completion,EMP485,EMP1174,2023-10-22,TSK2489,PRJ387,,Technical Skills,"Strong collaboration throughout the sprint, kept the team unblocked.","Team support,Attention to detail",Technical depth,Consider adding more unit tests to improve coverage,Attend communication workshop,10,8,10,10,10,Medium,,True,2023-10-25,,,Manager Only,2023-10-22 09:00:00,2023-10-25 18:15:00
FDB17398,Peer Feedback,EMP740,EMP513,2024-11-27,,,,Communication,Met all deadlines and maintained consistent quality standards.,"Attention to detail,On-time delivery,High quality output",Cross-team alignment,Break large tasks into smaller trackable subtasks,Attend communication workshop,8,8,7,8,8,Medium,,True,2024-12-02,,,Private,2024-11-27 09:00:00,2024-11-28 08:45:00
FDB17401,Self Assessment,EMP1245,EMP931,2025-02-15,,,,Leadership,"Exceeded expectations on the technical front, peer feedback is very positive.","Strong collaboration,Team support,High quality output","Time estimation accuracy,Deadline adherence",Request early feedback instead of waiting until delivery,"Enroll in leadership course,Improve delegation",9,10,8,10,9,Low,,True,2025-02-19,"Thank you for the feedback, will work on documentation.",2025-02-22,Manager Only,2025-02-15 09:00:00,2025-02-21 15:30:00
FDB17416,Task Completion,EMP051,EMP970,2024-09-05,TSK2921,PRJ048,,Communication,Delivery was slightly delayed but final output quality was strong.,Reliable execution,"Time estimation accuracy,Stakeholder updates",Improve commit message quality for better traceability,Attend communication workshop,5,6,6,5,5,High,,False,,,,Public,2024-09-05 09:00:00,2024-09-14 12:00:00
FDB17430,Task Completion,EMP702,EMP903,2023-07-29,TSK4913,PRJ684,,Technical Skills,"Strong collaboration throughout the sprint, kept the team unblocked.","Team support,Clear communication,Technical depth",Deadline adherence,Schedule earlier check-ins with stakeholders,"Schedule 1:1 with manager,Review goals",9,10,9,10,10,Medium,,True,2023-08-03,,,Manager Only,2023-07-29 09:00:00,2023-08-08 15:15:00
FDB17458,Self Assessment,EMP815,EMP1202,2023-07-05,,,,Leadership,"Good work overall, with some areas to improve in cross-team coordination.","Proactive problem solving,Team support","Stakeholder updates,Testing coverage",Improve commit message quality for better traceability,Attend communication workshop,7,8,8,8,7,Low,,True,2023-07-08,,,Public,2023-07-05 09:00:00,2023-07-10 18:30:00
FDB17481,Task Completion,EMP899,EMP684,2024-02-07,TSK0864,PRJ277,,Technical Skills,"Strong collaboration throughout the sprint, kept the team unblocked.",Strong collaboration,"Documentation quality,Process adherence",,"Complete training,Review documentation",6,6,8,6,6,Medium,,True,2024-02-09,,,Team,2024-02-07 09:00:00,2024-02-15 11:00:00
FDB17485,Task Completion,EMP006,EMP1463,2023-08-02,TSK3994,PRJ466,,Teamwork,Technical execution was excellent but documentation was lacking.,"Strong collaboration,Team support,Reliable execution","Testing coverage,Process adherence",Document API endpoints before handoff,,7,8,9,7,8,Medium,,False,,,,Private,2023-08-02 09:00:00,2023-08-04 12:00:00
FDB17516,Task Completion,EMP521,EMP764,2024-07-11,TSK6330,PRJ002,,Communication,Met all deadlines and maintained consistent quality standards.,"High quality output,Technical depth",Documentation quality,Schedule earlier check-ins with stakeholders,"Schedule 1:1 with manager,Review goals",5,5,6,7,3,High,,False,,,,Private,2024-07-11 09:00:00,2024-07-14 09:00:00
FDB17520,Peer Feedback,EMP843,EMP998,2023-10-07,,,,Quality,"Good work overall, with some areas to improve in cross-team coordination.","Attention to detail,Technical depth","Process adherence,Time estimation accuracy",Conduct a brief knowledge-sharing session with the team,"Enroll in leadership course,Improve delegation",8,8,7,7,7,Low,,True,2023-10-11,"Feedback received and noted, will discuss with manager.",2023-10-15,Manager Only,2023-10-07 09:00:00,2023-10-10 17:15:00
FDB17548,Self Assessment,EMP267,EMP1344,2024-03-28,,,,Leadership,Technical execution was excellent but documentation was lacking.,Attention to detail,"Proactive communication,Deadline adherence",,"Schedule 1:1 with manager,Review goals",9,8,10,9,10,Medium,,True,2024-04-02,,,Manager Only,2024-03-28 09:00:00,2024-03-28 17:45:00
FDB17551,Task Completion,EMP1270,EMP084,2024-11-27,TSK7908,PRJ758,,Teamwork,Technical execution was excellent but documentation was lacking.,"High quality output,Strong collaboration,Technical depth","Cross-team alignment,Stakeholder updates",,Attend communication workshop,7,8,5,7,7,Medium,,True,2024-11-30,,,Manager Only,2024-11-27 09:00:00,2024-11-29 15:45:00
FDB17572,Task Completion,EMP578,EMP1092,2024-10-07,TSK3751,PRJ248,,Quality,Technical execution was excellent but documentation was lacking.,On-time delivery,"Process adherence,Code readability",Improve commit message quality for better traceability,,3,3,5,5,4,Medium,,False,,,,Team,2024-10-07 09:00:00,2024-10-11 13:30:00
FDB17578,Task Completion,EMP391,EMP067,2023-10-06,TSK4552,PRJ622,,Leadership,"Good work overall, with some areas to improve in cross-team coordination.","Team support,Initiative shown,On-time delivery","Process adherence,Proactive communication",Consider adding more unit tests to improve coverage,"Schedule 1:1 with manager,Review goals",6,7,6,6,5,Medium,,True,2023-10-08,"Thank you for the feedback, will work on documentation.",2023-10-13,Manager Only,2023-10-06 09:00:00,2023-10-10 14:45:00
FDB17592,Project Review,EMP1326,EMP068,2024-06-02,,PRJ009,TEAM099,Leadership,Communication was proactive and clear during the entire project phase.,"Strong collaboration,On-time delivery,Clear communication","Code readability,Documentation quality",Conduct a brief knowledge-sharing session with the team,,7,9,9,7,8,High,,True,2024-06-03,,,Manager Only,2024-06-02 09:00:00,2024-06-05 10:00:00
FDB17632,Task Completion,EMP843,EMP426,2024-06-04,TSK4983,PRJ650,,Communication,Delivered the task with great attention to detail and minimal rework needed.,"Team support,Attention to detail,Initiative shown","Testing coverage,Stakeholder updates",Improve commit message quality for better traceability,"Schedule 1:1 with manager,Review goals",9,10,9,9,7,Medium,,True,2024-06-08,,,Manager Only,2024-06-04 09:00:00,2024-06-08 12:30:00
FDB17664,Self Assessment,EMP843,EMP1478,2024-10-04,,,,Teamwork,Delivered the task with great attention to detail and minimal rework needed.,"Team support,Proactive problem solving,Attention to detail",Cross-team alignment,Request early feedback instead of waiting until delivery,"Improve test coverage,Update runbook",4,5,6,6,5,Low,,True,2024-10-07,,,Public,2024-10-04 09:00:00,2024-10-11 17:00:00
FDB17681,Peer Feedback,EMP251,EMP269,2024-04-19,,,,Quality,"Good work overall, with some areas to improve in cross-team coordination.","Team support,High quality output",Process adherence,,"Complete training,Review documentation",7,7,6,6,5,Medium,,True,2024-04-21,,,Team,2024-04-19 09:00:00,2024-04-27 08:30:00
FDB17696,Project Review,EMP028,EMP076,2024-01-06,,PRJ750,TEAM076,Communication,Showed great initiative in identifying and resolving blockers early.,"Strong collaboration,Team support,Reliable execution",Proactive communication,Break large tasks into smaller trackable subtasks,"Enroll in leadership course,Improve delegation",7,7,8,6,5,Low,,False,,,,Team,2024-01-06 09:00:00,2024-01-15 15:00:00
FDB17701,Project Review,EMP450,EMP728,2025-02-07,,PRJ582,TEAM591,Teamwork,"Good work overall, with some areas to improve in cross-team coordination.","Reliable execution,Initiative shown",Time estimation accuracy,Document API endpoints before handoff,"Enroll in leadership course,Improve delegation",10,10,10,9,10,Medium,,True,2025-02-10,,,Manager Only,2025-02-07 09:00:00,2025-02-14 10:45:00
FDB17723,Peer Feedback,EMP595,EMP1174,2024-10-31,,,,Leadership,Technical execution was excellent but documentation was lacking.,"Clear communication,Attention to detail",Stakeholder updates,Improve commit message quality for better traceability,Attend communication workshop,5,6,6,7,6,High,2024-11-30,False,,,,Manager Only,2024-10-31 09:00:00,2024-11-10 14:15:00
FDB17765,Project Review,EMP521,EMP1484,2024-11-04,,PRJ695,TEAM771,Technical Skills,"Strong collaboration throughout the sprint, kept the team unblocked.",High quality output,Code readability,,"Enroll in leadership course,Improve delegation",7,7,7,8,10,Medium,,True,2024-11-07,,,Team,2024-11-04 09:00:00,2024-11-14 10:45:00
FDB17774,Task Completion,EMP201,EMP251,2024-04-26,TSK8197,PRJ405,,Teamwork,"Exceeded expectations on the technical front, peer feedback is very positive.","Reliable execution,On-time delivery,Strong collaboration",Code readability,Conduct a brief knowledge-sharing session with the team,Attend communication workshop,7,6,7,8,7,Medium,,True,2024-04-30,,,Private,2024-04-26 09:00:00,2024-05-02 12:15:00
FDB17789,Project Review,EMP1054,EMP029,2024-11-05,,PRJ702,TEAM295,Quality,Delivery was slightly delayed but final output quality was strong.,"Reliable execution,Team support","Technical depth,Cross-team alignment",Schedule earlier check-ins with stakeholders,"Improve test coverage,Update runbook",6,8,7,7,9,Low,,True,2024-11-08,"Feedback received and noted, will discuss with manager.",2024-11-12,Manager Only,2024-11-05 09:00:00,2024-11-13 17:45:00
FDB17818,Task Completion,EMP1094,EMP149,2025-01-01,TSK4970,PRJ738,,Leadership,"Exceeded expectations on the technical front, peer feedback is very positive.","High quality output,Initiative shown","Cross-team alignment,Stakeholder updates",Request early feedback instead of waiting until delivery,"Improve test coverage,Update runbook",7,8,9,9,8,Low,,False,,,,Manager Only,2025-01-01 09:00:00,2025-01-01 12:30:00
FDB17911,Project Review,EMP921,EMP1326,2024-09-10,,PRJ534,TEAM811,Leadership,"Exceeded expectations on the technical front, peer feedback is very positive.",On-time delivery,Technical depth,Document API endpoints before handoff,"Improve test coverage,Update runbook",8,9,8,6,8,High,2024-10-10,False,,,,Private,2024-09-10 09:00:00,2024-09-15 08:30:00
FDB17912,Project Review,EMP084,EMP191,2023-08-17,,PRJ684,TEAM932,Leadership,"Good work overall, with some areas to improve in cross-team coordination.",Team support,"Process adherence,Deadline adherence",Consider adding more unit tests to improve coverage,"Schedule 1:1 with manager,Review goals",7,9,8,8,8,Medium,,True,2023-08-21,,,Private,2023-08-17 09:00:00,2023-08-22 08:00:00
FDB17943,Peer Feedback,EMP936,EMP015,2024-09-23,,,,Teamwork,Technical execution was excellent but documentation was lacking.,Proactive problem solving,Code readability,Improve commit message quality for better traceability,"Enroll in leadership course,Improve delegation",8,9,10,9,10,Low,,True,2024-09-26,,,Manager Only,2024-09-23 09:00:00,2024-09-28 17:15:00
FDB17945,Self Assessment,EMP084,EMP1180,2024-07-04,,,,Communication,Met all deadlines and maintained consistent quality standards.,Reliable execution,Time estimation accuracy,Consider adding more unit tests to improve coverage,"Complete training,Review documentation",8,9,8,8,6,High,2024-08-03,True,2024-07-09,,,Team,2024-07-04 09:00:00,2024-07-11 17:00:00
FDB17996,Self Assessment,EMP1325,EMP971,2024-01-08,,,,Teamwork,Delivered the task with great attention to detail and minimal rework needed.,"Reliable execution,Clear communication,Team support","Cross-team alignment,Time estimation accuracy",Improve commit message quality for better traceability,,6,6,7,6,7,High,,False,,,,Team,2024-01-08 09:00:00,2024-01-11 08:00:00
FDB18015,Task Completion,EMP511,EMP702,2025-02-19,TSK8838,PRJ315,,Leadership,Technical execution was excellent but documentation was lacking.,"Attention to detail,Clear communication,On-time delivery",Documentation quality,Document API endpoints before handoff,"Complete training,Review documentation",9,10,9,8,10,High,,True,2025-02-20,,,Manager Only,2025-02-19 09:00:00,2025-02-28 12:15:00
FDB18019,Project Review,EMP1137,EMP1325,2024-12-20,,PRJ302,TEAM317,Teamwork,Showed great initiative in identifying and resolving blockers early.,High quality output,Deadline adherence,Consider adding more unit tests to improve coverage,"Schedule 1:1 with manager,Review goals",5,5,6,6,6,Low,,False,,,,Manager Only,2024-12-20 09:00:00,2024-12-28 17:45:00
FDB18024,Task Completion,EMP420,EMP050,2023-12-19,TSK0601,PRJ375,,Teamwork,Technical execution was excellent but documentation was lacking.,"Clear communication,High quality output,Technical depth","Cross-team alignment,Technical depth",Document API endpoints before handoff,"Complete training,Review documentation",9,8,9,10,7,Medium,,True,2023-12-23,,,Private,2023-12-19 09:00:00,2023-12-20 08:30:00
FDB18032,Self Assessment,EMP521,EMP531,2023-07-25,,,,Teamwork,"Exceeded expectations on the technical front, peer feedback is very positive.","Technical depth,Initiative shown,Strong collaboration","Testing coverage,Deadline adherence",Break large tasks into smaller trackable subtasks,,8,9,8,8,7,Low,,True,2023-07-26,,,Manager Only,2023-07-25 09:00:00,2023-08-01 18:45:00
FDB18120,Peer Feedback,EMP841,EMP1112,2023-08-14,,,,Teamwork,Delivered the task with great attention to detail and minimal rework needed.,"Initiative shown,On-time delivery,High quality output",Technical depth,Document API endpoints before handoff,Attend communication workshop,7,7,8,7,8,Low,,True,2023-08-18,,,Team,2023-08-14 09:00:00,2023-08-19 10:45:00
FDB18145,Task Completion,EMP611,EMP1436,2023-08-12,TSK3745,PRJ140,,Communication,Delivered the task with great attention to detail and minimal rework needed.,Clear communication,"Time estimation accuracy,Documentation quality",Request early feedback instead of waiting until delivery,"Enroll in leadership course,Improve delegation",9,9,10,10,8,Low,,True,2023-08-17,,,Manager Only,2023-08-12 09:00:00,2023-08-16 12:30:00
FDB18150,Self Assessment,EMP1147,EMP050,2025-02-22,,,,Quality,"Strong collaboration throughout the sprint, kept the team unblocked.","Proactive problem solving,Clear communication,Attention to detail","Technical depth,Proactive communication",Request early feedback instead of waiting until delivery,"Schedule 1:1 with manager,Review goals",9,9,9,9,8,High,,True,2025-02-24,"Appreciate the recognition, will continue improving.",2025-03-01,Manager Only,2025-02-22 09:00:00,2025-03-02 13:30:00
FDB18182,Task Completion,EMP472,EMP740,2024-03-21,TSK2652,PRJ392,,Quality,Delivery was slightly delayed but final output quality was strong.,"Technical depth,On-time delivery,Initiative shown","Cross-team alignment,Time estimation accuracy",Break large tasks into smaller trackable subtasks,"Enroll in leadership course,Improve delegation",7,7,8,7,9,Low,,False,,,,Manager Only,2024-03-21 09:00:00,2024-03-30 17:15:00
FDB18204,Task Completion,EMP1054,EMP128,2023-09-11,TSK2728,PRJ382,,Technical Skills,"Good work overall, with some areas to improve in cross-team coordination.",Attention to detail,Testing coverage,Break large tasks into smaller trackable subtasks,Attend communication workshop,9,9,8,7,7,Medium,,True,2023-09-14,,,Team,2023-09-11 09:00:00,2023-09-20 13:00:00
FDB18239,Project Review,EMP391,EMP629,2023-07-10,,PRJ618,TEAM688,Leadership,"Exceeded expectations on the technical front, peer feedback is very positive.","Reliable execution,Clear communication","Time estimation accuracy,Documentation quality",Consider adding more unit tests to improve coverage,"Enroll in leadership course,Improve delegation",9,9,8,9,9,Low,,True,2023-07-13,,,Manager Only,2023-07-10 09:00:00,2023-07-17 15:45:00
FDB18245,Peer Feedback,EMP251,EMP147,2024-01-14,,,,Leadership,Communication was proactive and clear during the entire project phase.,Team support,Technical depth,Request early feedback instead of waiting until delivery,"Complete training,Review documentation",6,7,6,7,4,Medium,,True,2024-01-17,,,Team,2024-01-14 09:00:00,2024-01-14 10:00:00
FDB18247,Project Review,EMP797,EMP050,2024-07-13,,PRJ224,TEAM016,Teamwork,"Strong collaboration throughout the sprint, kept the team unblocked.",Clear communication,"Deadline adherence,Documentation quality",Break large tasks into smaller trackable subtasks,"Improve test coverage,Update runbook",10,9,8,9,10,Medium,,True,2024-07-18,,,Manager Only,2024-07-13 09:00:00,2024-07-23 10:15:00
FDB18263,Task Completion,EMP006,EMP147,2024-09-11,TSK7434,PRJ395,,Leadership,Delivery was slightly delayed but final output quality was strong.,"Clear communication,Attention to detail","Deadline adherence,Technical depth",Schedule earlier check-ins with stakeholders,"Improve test coverage,Update runbook",7,8,8,7,7,High,,False,,,,Manager Only,2024-09-11 09:00:00,2024-09-15 18:30:00
FDB18410,Task Completion,EMP1026,EMP1174,2024-01-22,TSK5518,PRJ156,,Communication,"Strong collaboration throughout the sprint, kept the team unblocked.","Clear communication,Technical depth,Strong collaboration","Code readability,Cross-team alignment",Schedule earlier check-ins with stakeholders,"Enroll in leadership course,Improve delegation",9,9,8,8,10,Medium,,True,2024-01-24,,,Team,2024-01-22 09:00:00,2024-01-27 08:15:00
FDB18424,Task Completion,EMP843,EMP559,2024-06-08,TSK4332,PRJ541,,Teamwork,Met all deadlines and maintained consistent quality standards.,"Clear communication,Proactive problem solving",Deadline adherence,Document API endpoints before handoff,"Complete training,Review documentation",9,10,9,8,9,Low,,True,2024-06-10,"Feedback received and noted, will discuss with manager.",2024-06-11,Manager Only,2024-06-08 09:00:00,2024-06-11 09:30:00
FDB18453,Peer Feedback,EMP391,EMP1110,2024-07-02,,,,Communication,"Exceeded expectations on the technical front, peer feedback is very positive.","Initiative shown,Technical depth,On-time delivery","Code readability,Time estimation accuracy",,"Improve test coverage,Update runbook",10,9,10,10,10,High,2024-08-01,False,,,,Private,2024-07-02 09:00:00,2024-07-05 11:45:00
FDB18506,Project Review,EMP084,EMP107,2024-07-27,,PRJ022,TEAM502,Communication,Delivered the task with great attention to detail and minimal rework needed.,"Attention to detail,Initiative shown","Stakeholder updates,Technical depth",Break large tasks into smaller trackable subtasks,,10,10,7,8,9,Medium,,True,2024-07-28,,,Private,2024-07-27 09:00:00,2024-07-29 13:30:00
FDB18547,Project Review,EMP185,EMP127,2024-09-13,,PRJ473,TEAM802,Technical Skills,"Quality of deliverables was high, stakeholders were satisfied.","Proactive problem solving,High quality output",Testing coverage,Document API endpoints before handoff,,8,6,6,7,6,Low,,True,2024-09-17,,,Manager Only,2024-09-13 09:00:00,2024-09-19 14:15:00
FDB18552,Project Review,EMP782,EMP162,2024-11-03,,PRJ019,TEAM408,Quality,"Exceeded expectations on the technical front, peer feedback is very positive.",Initiative shown,Stakeholder updates,Document API endpoints before handoff,"Schedule 1:1 with manager,Review goals",6,4,7,6,6,High,2024-12-03,False,,,,Team,2024-11-03 09:00:00,2024-11-12 09:45:00
FDB18594,Project Review,EMP084,EMP603,2024-12-07,,PRJ100,TEAM880,Technical Skills,"Quality of deliverables was high, stakeholders were satisfied.","Proactive problem solving,Team support",Proactive communication,Schedule earlier check-ins with stakeholders,,5,6,6,6,6,Medium,,True,2024-12-10,,,Manager Only,2024-12-07 09:00:00,2024-12-16 13:00:00
FDB18640,Peer Feedback,EMP185,EMP979,2024-09-03,,,,Technical Skills,Delivery was slightly delayed but final output quality was strong.,"Reliable execution,Clear communication,Strong collaboration",Documentation quality,,,8,8,8,6,7,Low,,True,2024-09-07,,,Manager Only,2024-09-03 09:00:00,2024-09-03 11:45:00
FDB18652,Task Completion,EMP509,EMP702,2024-10-05,TSK8802,PRJ468,,Leadership,Delivery was slightly delayed but final output quality was strong.,"Proactive problem solving,Clear communication,High quality output",Proactive communication,Request early feedback instead of waiting until delivery,"Enroll in leadership course,Improve delegation",6,8,8,7,9,Medium,,False,,,,Private,2024-10-05 09:00:00,2024-10-09 09:30:00
FDB18659,Project Review,EMP267,EMP1054,2024-04-24,,PRJ422,TEAM592,Quality,"Good work overall, with some areas to improve in cross-team coordination.","Team support,Attention to detail","Cross-team alignment,Code readability",Conduct a brief knowledge-sharing session with the team,"Improve test coverage,Update runbook",5,3,4,4,4,High,,True,2024-04-25,"Appreciate the recognition, will continue improving.",2024-04-30,Team,2024-04-24 09:00:00,2024-04-26 16:30:00
FDB18660,Task Completion,EMP251,EMP1276,2023-09-06,TSK6289,PRJ406,,Quality,Delivered the task with great attention to detail and minimal rework needed.,"Technical depth,Attention to detail,High quality output",Time estimation accuracy,Break large tasks into smaller trackable subtasks,"Enroll in leadership course,Improve delegation",8,8,8,8,7,Medium,,True,2023-09-09,,,Team,2023-09-06 09:00:00,2023-09-16 09:30:00
FDB18666,Project Review,EMP871,EMP391,2024-10-25,,PRJ360,TEAM376,Communication,"Good work overall, with some areas to improve in cross-team coordination.",On-time delivery,Code readability,Conduct a brief knowledge-sharing session with the team,"Enroll in leadership course,Improve delegation",5,6,7,5,4,Medium,,True,2024-10-26,"Thank you for the feedback, will work on documentation.",2024-10-31,Public,2024-10-25 09:00:00,2024-10-27 18:00:00
FDB18682,Task Completion,EMP1332,EMP1092,2024-12-21,TSK7517,PRJ628,,Teamwork,"Strong collaboration throughout the sprint, kept the team unblocked.","Team support,On-time delivery,Clear communication",Proactive communication,Document API endpoints before handoff,"Improve test coverage,Update runbook",8,9,10,9,10,Medium,,True,2024-12-24,,,Team,2024-12-21 09:00:00,2024-12-21 18:30:00
FDB18685,Self Assessment,EMP936,EMP365,2024-01-14,,,,Communication,Communication was proactive and clear during the entire project phase.,Initiative shown,"Stakeholder updates,Documentation quality",Document API endpoints before handoff,"Improve test coverage,Update runbook",4,5,5,5,5,Low,,True,2024-01-18,"Appreciate the recognition, will continue improving.",2024-01-20,Manager Only,2024-01-14 09:00:00,2024-01-23 16:30:00
FDB18698,Task Completion,EMP841,EMP896,2023-10-02,TSK1425,PRJ192,,Leadership,Technical execution was excellent but documentation was lacking.,Reliable execution,"Cross-team alignment,Testing coverage",Document API endpoints before handoff,,10,9,9,9,10,Low,,True,2023-10-07,,,Team,2023-10-02 09:00:00,2023-10-10 12:30:00
FDB18766,Task Completion,EMP1448,EMP1193,2024-03-10,TSK6092,PRJ766,,Teamwork,Communication was proactive and clear during the entire project phase.,"Reliable execution,High quality output,Technical depth",Documentation quality,Request early feedback instead of waiting until delivery,,9,10,8,10,10,Medium,,False,,,,Manager Only,2024-03-10 09:00:00,2024-03-13 16:30:00
FDB18772,Self Assessment,EMP050,EMP110,2024-07-27,,,,Technical Skills,Technical execution was excellent but documentation was lacking.,Team support,"Testing coverage,Cross-team alignment",Consider adding more unit tests to improve coverage,Attend communication workshop,9,9,8,8,8,Medium,,False,,,,Manager Only,2024-07-27 09:00:00,2024-08-02 17:00:00
FDB18778,Task Completion,EMP251,EMP1137,2024-06-23,TSK0241,PRJ688,,Teamwork,Delivered the task with great attention to detail and minimal rework needed.,"Attention to detail,Technical depth",Cross-team alignment,Request early feedback instead of waiting until delivery,,7,9,7,9,8,Medium,,True,2024-06-26,,,Team,2024-06-23 09:00:00,2024-07-03 13:15:00
FDB18783,Self Assessment,EMP051,EMP1035,2024-09-24,,,,Quality,Delivery was slightly delayed but final output quality was strong.,Technical depth,Deadline adherence,Consider adding more unit tests to improve coverage,"Complete training,Review documentation",8,7,7,6,8,Medium,,True,2024-09-25,Acknowledged — will focus on the suggested areas.,2024-09-29,Manager Only,2024-09-24 09:00:00,2024-09-28 18:00:00
FDB18791,Project Review,EMP843,EMP190,2024-02-09,,PRJ655,TEAM288,Communication,Delivered the task with great attention to detail and minimal rework needed.,Technical depth,"Proactive communication,Testing coverage",Schedule earlier check-ins with stakeholders,,9,9,9,8,10,High,2024-03-10,True,2024-02-12,Acknowledged — will focus on the suggested areas.,2024-02-15,Private,2024-02-09 09:00:00,2024-02-15 16:30:00
FDB18800,Task Completion,EMP788,EMP1325,2023-10-30,TSK2216,PRJ166,,Technical Skills,Met all deadlines and maintained consistent quality standards.,"On-time delivery,Reliable execution",Cross-team alignment,Consider adding more unit tests to improve coverage,Attend communication workshop,8,7,8,9,9,Medium,,True,2023-11-03,,,Team,2023-10-30 09:00:00,2023-11-05 17:15:00
FDB18802,Self Assessment,EMP006,EMP944,2024-02-16,,,,Technical Skills,Delivery was slightly delayed but final output quality was strong.,"Team support,Proactive problem solving,Strong collaboration",Process adherence,Consider adding more unit tests to improve coverage,"Improve test coverage,Update runbook",9,10,10,10,10,Medium,,True,2024-02-20,,,Private,2024-02-16 09:00:00,2024-02-18 14:15:00
FDB18866,Project Review,EMP162,EMP662,2024-07-13,,PRJ625,TEAM058,Technical Skills,Technical execution was excellent but documentation was lacking.,"Proactive problem solving,Attention to detail","Stakeholder updates,Code readability",Break large tasks into smaller trackable subtasks,"Improve test coverage,Update runbook",10,10,10,10,10,Medium,,False,,,,Manager Only,2024-07-13 09:00:00,2024-07-21 16:45:00
FDB18875,Task Completion,EMP1174,EMP801,2024-07-16,TSK7874,PRJ097,,Communication,"Good work overall, with some areas to improve in cross-team coordination.","Clear communication,Strong collaboration",Stakeholder updates,Conduct a brief knowledge-sharing session with the team,"Schedule 1:1 with manager,Review goals",7,7,5,6,8,Low,,False,,,,Manager Only,2024-07-16 09:00:00,2024-07-26 15:45:00
FDB18898,Project Review,EMP432,EMP051,2024-11-05,,PRJ248,TEAM222,Communication,"Quality of deliverables was high, stakeholders were satisfied.","High quality output,Clear communication,Attention to detail","Testing coverage,Code readability",Conduct a brief knowledge-sharing session with the team,"Enroll in leadership course,Improve delegation",8,8,8,8,6,High,,True,2024-11-08,,,Manager Only,2024-11-05 09:00:00,2024-11-06 08:15:00
FDB18917,Task Completion,EMP654,EMP084,2024-05-16,TSK0917,PRJ327,,Technical Skills,"Strong collaboration throughout the sprint, kept the team unblocked.",Strong collaboration,Process adherence,,"Enroll in leadership course,Improve delegation",8,7,5,7,6,Medium,,False,,,,Public,2024-05-16 09:00:00,2024-05-19 17:15:00
FDB19013,Peer Feedback,EMP899,EMP1218,2023-07-11,,,,Teamwork,Delivery was slightly delayed but final output quality was strong.,"High quality output,Strong collaboration",Process adherence,Schedule earlier check-ins with stakeholders,"Enroll in leadership course,Improve delegation",4,3,5,3,3,Medium,,True,2023-07-14,,,Manager Only,2023-07-11 09:00:00,2023-07-14 13:30:00
FDB19014,Task Completion,EMP409,EMP561,2024-02-24,TSK4275,PRJ531,,Teamwork,"Exceeded expectations on the technical front, peer feedback is very positive.",On-time delivery,Cross-team alignment,Conduct a brief knowledge-sharing session with the team,"Complete training,Review documentation",10,8,9,8,10,High,2024-03-25,False,,,,Manager Only,2024-02-24 09:00:00,2024-03-02 09:00:00
FDB19015,Self Assessment,EMP051,EMP169,2023-06-10,,,,Teamwork,Communication was proactive and clear during the entire project phase.,"Strong collaboration,Reliable execution","Testing coverage,Deadline adherence",Schedule earlier check-ins with stakeholders,"Complete training,Review documentation",9,8,9,8,9,Low,,True,2023-06-14,,,Private,2023-06-10 09:00:00,2023-06-19 11:30:00
FDB19021,Task Completion,EMP1459,EMP819,2025-02-12,TSK4243,PRJ749,,Leadership,Technical execution was excellent but documentation was lacking.,"Technical depth,Team support","Stakeholder updates,Testing coverage",Conduct a brief knowledge-sharing session with the team,"Schedule 1:1 with manager,Review goals",7,5,7,6,7,High,2025-03-14,False,,,,Public,2025-02-12 09:00:00,2025-02-21 18:15:00
FDB19055,Project Review,EMP740,EMP468,2024-05-19,,PRJ315,TEAM482,Technical Skills,Showed great initiative in identifying and resolving blockers early.,Strong collaboration,Time estimation accuracy,Conduct a brief knowledge-sharing session with the team,"Schedule 1:1 with manager,Review goals",8,10,8,9,8,Low,,True,2024-05-21,"Thank you for the feedback, will work on documentation.",2024-05-25,Public,2024-05-19 09:00:00,2024-05-28 09:45:00
FDB19067,Project Review,EMP909,EMP611,2025-02-17,,PRJ086,TEAM108,Teamwork,Delivery was slightly delayed but final output quality was strong.,"Attention to detail,Technical depth,On-time delivery","Proactive communication,Process adherence",Document API endpoints before handoff,Attend communication workshop,8,7,6,9,8,High,2025-03-19,False,,,,Manager Only,2025-02-17 09:00:00,2025-02-21 17:15:00
FDB19102,Project Review,EMP140,EMP1054,2023-09-08,,PRJ689,TEAM373,Quality,Delivered the task with great attention to detail and minimal rework needed.,Strong collaboration,Technical depth,,"Complete training,Review documentation",9,8,9,7,8,Medium,,True,2023-09-12,,,Team,2023-09-08 09:00:00,2023-09-18 10:00:00
FDB19117,Project Review,EMP746,EMP185,2025-01-11,,PRJ249,TEAM274,Technical Skills,Technical execution was excellent but documentation was lacking.,On-time delivery,Technical depth,Consider adding more unit tests to improve coverage,,7,7,7,8,9,Medium,,True,2025-01-14,,,Public,2025-01-11 09:00:00,2025-01-15 16:00:00
FDB19141,Task Completion,EMP429,EMP006,2024-11-07,TSK1810,PRJ579,,Quality,"Exceeded expectations on the technical front, peer feedback is very positive.",Strong collaboration,Documentation quality,Break large tasks into smaller trackable subtasks,,7,8,8,9,8,Medium,,True,2024-11-08,,,Team,2024-11-07 09:00:00,2024-11-07 09:00:00
FDB19146,Peer Feedback,EMP611,EMP563,2023-06-18,,,,Quality,Delivery was slightly delayed but final output quality was strong.,"Technical depth,On-time delivery,Attention to detail","Process adherence,Code readability",Consider adding more unit tests to improve coverage,,6,6,6,6,6,Medium,,True,2023-06-21,,,Team,2023-06-18 09:00:00,2023-06-23 17:15:00
FDB19149,Project Review,EMP562,EMP1174,2024-01-09,,PRJ321,TEAM835,Leadership,Delivered the task with great attention to detail and minimal rework needed.,"High quality output,Reliable execution,Technical depth",Stakeholder updates,Conduct a brief knowledge-sharing session with the team,"Complete training,Review documentation",10,9,10,10,10,Low,,True,2024-01-14,,,Private,2024-01-09 09:00:00,2024-01-12 08:30:00
FDB19153,Task Completion,EMP185,EMP831,2024-12-17,TSK4602,PRJ028,,Teamwork,Technical execution was excellent but documentation was lacking.,"Proactive problem solving,Technical depth","Proactive communication,Technical depth",Improve commit message quality for better traceability,"Complete training,Review documentation",8,9,8,8,8,Low,,False,,,,Team,2024-12-17 09:00:00,2024-12-20 10:00:00
FDB19158,Task Completion,EMP482,EMP1245,2023-08-01,TSK4227,PRJ069,,Leadership,"Exceeded expectations on the technical front, peer feedback is very positive.","Initiative shown,High quality output,Proactive problem solving",Cross-team alignment,,"Enroll in leadership course,Improve delegation",10,10,10,10,10,Low,,True,2023-08-03,,,Private,2023-08-01 09:00:00,2023-08-11 14:45:00
FDB19172,Task Completion,EMP899,EMP1208,2024-04-04,TSK8464,PRJ241,,Quality,Met all deadlines and maintained consistent quality standards.,"High quality output,Attention to detail",Technical depth,Conduct a brief knowledge-sharing session with the team,"Improve test coverage,Update runbook",8,7,8,8,8,Low,,True,2024-04-07,,,Manager Only,2024-04-04 09:00:00,2024-04-09 15:00:00
FDB19189,Task Completion,EMP936,EMP417,2024-08-20,TSK9478,PRJ115,,Quality,"Strong collaboration throughout the sprint, kept the team unblocked.","On-time delivery,Strong collaboration","Testing coverage,Proactive communication",Break large tasks into smaller trackable subtasks,"Schedule 1:1 with manager,Review goals",5,4,6,6,3,Low,,True,2024-08-21,,,Public,2024-08-20 09:00:00,2024-08-25 09:00:00
FDB19198,Project Review,EMP162,EMP274,2023-12-24,,PRJ640,TEAM856,Communication,"Exceeded expectations on the technical front, peer feedback is very positive.",Technical depth,Process adherence,Improve commit message quality for better traceability,,6,6,6,5,7,Medium,,True,2023-12-29,,,Private,2023-12-24 09:00:00,2023-12-25 12:45:00
FDB19200,Peer Feedback,EMP1078,EMP702,2024-05-11,,,,Teamwork,Showed great initiative in identifying and resolving blockers early.,Reliable execution,Documentation quality,,"Enroll in leadership course,Improve delegation",6,5,7,4,5,Medium,,True,2024-05-16,,,Team,2024-05-11 09:00:00,2024-05-15 12:45:00
FDB19201,Peer Feedback,EMP1459,EMP1021,2023-07-24,,,,Leadership,Delivery was slightly delayed but final output quality was strong.,Clear communication,Testing coverage,Request early feedback instead of waiting until delivery,"Enroll in leadership course,Improve delegation",6,6,7,6,7,Low,,False,,,,Private,2023-07-24 09:00:00,2023-08-03 11:00:00
FDB19228,Peer Feedback,EMP509,EMP1041,2025-01-14,,,,Quality,Met all deadlines and maintained consistent quality standards.,Strong collaboration,"Testing coverage,Time estimation accuracy",Improve commit message quality for better traceability,"Schedule 1:1 with manager,Review goals",5,5,6,4,7,Low,,True,2025-01-15,"Appreciate the recognition, will continue improving.",2025-01-16,Team,2025-01-14 09:00:00,2025-01-18 09:30:00
FDB19265,Peer Feedback,EMP427,EMP240,2024-03-26,,,,Communication,Met all deadlines and maintained consistent quality standards.,"Team support,Clear communication,Reliable execution",Technical depth,Improve commit message quality for better traceability,"Improve test coverage,Update runbook",7,6,8,6,9,Low,,True,2024-03-29,,,Team,2024-03-26 09:00:00,2024-03-27 17:00:00
FDB19270,Peer Feedback,EMP267,EMP053,2024-03-21,,,,Quality,Met all deadlines and maintained consistent quality standards.,"Technical depth,Clear communication",Testing coverage,Break large tasks into smaller trackable subtasks,"Enroll in leadership course,Improve delegation",6,7,8,7,7,Medium,,True,2024-03-26,"Thank you for the feedback, will work on documentation.",2024-03-29,Private,2024-03-21 09:00:00,2024-03-22 13:30:00
FDB19294,Project Review,EMP149,EMP1160,2024-02-09,,PRJ502,TEAM709,Leadership,"Good work overall, with some areas to improve in cross-team coordination.","Strong collaboration,Initiative shown",Deadline adherence,Conduct a brief knowledge-sharing session with the team,"Improve test coverage,Update runbook",5,7,8,5,5,Low,,True,2024-02-11,"Thank you for the feedback, will work on documentation.",2024-02-13,Public,2024-02-09 09:00:00,2024-02-14 18:30:00
FDB19301,Project Review,EMP006,EMP1387,2024-06-30,,PRJ751,TEAM890,Leadership,Delivery was slightly delayed but final output quality was strong.,"High quality output,Proactive problem solving,Strong collaboration",Technical depth,Improve commit message quality for better traceability,Attend communication workshop,8,7,9,8,10,High,2024-07-30,True,2024-07-03,,,Manager Only,2024-06-30 09:00:00,2024-07-08 13:30:00
FDB19332,Task Completion,EMP1193,EMP542,2024-03-21,TSK5150,PRJ053,,Teamwork,"Exceeded expectations on the technical front, peer feedback is very positive.","Reliable execution,Initiative shown,Proactive problem solving","Documentation quality,Cross-team alignment",Request early feedback instead of waiting until delivery,Attend communication workshop,8,8,9,7,7,Medium,,True,2024-03-26,,,Private,2024-03-21 09:00:00,2024-03-31 15:45:00
FDB19352,Project Review,EMP842,EMP051,2024-05-15,,PRJ019,TEAM854,Leadership,Met all deadlines and maintained consistent quality standards.,"Clear communication,High quality output,Reliable execution","Cross-team alignment,Testing coverage",,"Schedule 1:1 with manager,Review goals",6,5,7,4,5,Low,,True,2024-05-18,,,Manager Only,2024-05-15 09:00:00,2024-05-16 10:30:00
FDB19368,Project Review,EMP1459,EMP1071,2025-02-26,,PRJ648,TEAM936,Leadership,Delivered the task with great attention to detail and minimal rework needed.,"Attention to detail,On-time delivery,Strong collaboration","Proactive communication,Process adherence",Break large tasks into smaller trackable subtasks,"Complete training,Review documentation",9,8,9,8,7,Low,,True,2025-02-27,,,Public,2025-02-26 09:00:00,2025-03-04 17:15:00
FDB19378,Self Assessment,EMP696,EMP1459,2024-11-24,,,,Leadership,"Strong collaboration throughout the sprint, kept the team unblocked.","Reliable execution,On-time delivery","Time estimation accuracy,Technical depth",Schedule earlier check-ins with stakeholders,"Schedule 1:1 with manager,Review goals",10,10,9,10,10,High,2024-12-24,True,2024-11-29,,,Team,2024-11-24 09:00:00,2024-12-04 13:30:00
FDB19379,Task Completion,EMP899,EMP807,2023-06-26,TSK6582,PRJ740,,Technical Skills,Showed great initiative in identifying and resolving blockers early.,"Proactive problem solving,Technical depth","Deadline adherence,Testing coverage",Conduct a brief knowledge-sharing session with the team,Attend communication workshop,7,4,7,7,8,High,,True,2023-06-30,,,Manager Only,2023-06-26 09:00:00,2023-06-30 12:30:00
FDB19410,Project Review,EMP530,EMP051,2024-03-23,,PRJ640,TEAM707,Communication,Delivery was slightly delayed but final output quality was strong.,"High quality output,Technical depth","Proactive communication,Technical depth",Schedule earlier check-ins with stakeholders,,8,7,8,7,7,Medium,,False,,,,Team,2024-03-23 09:00:00,2024-03-25 10:00:00
FDB19421,Peer Feedback,EMP702,EMP1359,2025-02-10,,,,Communication,Met all deadlines and maintained consistent quality standards.,"Team support,Clear communication",Stakeholder updates,Request early feedback instead of waiting until delivery,Attend communication workshop,9,8,9,10,9,High,2025-03-12,True,2025-02-15,,,Private,2025-02-10 09:00:00,2025-02-13 08:30:00
FDB19448,Task Completion,EMP966,EMP267,2024-03-05,TSK9437,PRJ258,,Technical Skills,"Strong collaboration throughout the sprint, kept the team unblocked.",On-time delivery,Cross-team alignment,Schedule earlier check-ins with stakeholders,"Schedule 1:1 with manager,Review goals",6,7,8,7,6,Low,,True,2024-03-08,,,Team,2024-03-05 09:00:00,2024-03-15 10:15:00
FDB19485,Task Completion,EMP336,EMP841,2024-09-05,TSK7873,PRJ770,,Technical Skills,"Quality of deliverables was high, stakeholders were satisfied.","On-time delivery,High quality output,Clear communication",Proactive communication,Schedule earlier check-ins with stakeholders,Attend communication workshop,7,7,6,7,7,Medium,,False,,,,Manager Only,2024-09-05 09:00:00,2024-09-07 18:15:00
FDB19517,Project Review,EMP1441,EMP1459,2024-09-29,,PRJ278,TEAM329,Technical Skills,"Quality of deliverables was high, stakeholders were satisfied.","Technical depth,Clear communication","Testing coverage,Deadline adherence",Break large tasks into smaller trackable subtasks,Attend communication workshop,7,7,7,5,5,Medium,,True,2024-10-02,,,Public,2024-09-29 09:00:00,2024-10-03 16:30:00
FDB19528,Project Review,EMP391,EMP673,2024-08-03,,PRJ149,TEAM506,Leadership,Met all deadlines and maintained consistent quality standards.,Strong collaboration,Documentation quality,Document API endpoints before handoff,,7,7,7,7,7,Medium,,False,,,,Manager Only,2024-08-03 09:00:00,2024-08-03 12:15:00
FDB19546,Task Completion,EMP450,EMP1323,2024-11-05,TSK1820,PRJ074,,Teamwork,"Strong collaboration throughout the sprint, kept the team unblocked.","Technical depth,Clear communication,Initiative shown",Stakeholder updates,,"Enroll in leadership course,Improve delegation",5,5,7,6,7,Low,,True,2024-11-08,"Feedback received and noted, will discuss with manager.",2024-11-09,Manager Only,2024-11-05 09:00:00,2024-11-12 16:30:00
FDB19556,Project Review,EMP076,EMP975,2023-10-05,,PRJ109,TEAM958,Technical Skills,"Quality of deliverables was high, stakeholders were satisfied.","Team support,High quality output","Proactive communication,Testing coverage",,"Improve test coverage,Update runbook",6,7,3,7,6,Low,,False,,,,Private,2023-10-05 09:00:00,2023-10-08 17:45:00
FDB19572,Project Review,EMP454,EMP409,2023-06-27,,PRJ060,TEAM834,Communication,Showed great initiative in identifying and resolving blockers early.,"Reliable execution,Technical depth","Technical depth,Cross-team alignment",Schedule earlier check-ins with stakeholders,"Improve test coverage,Update runbook",8,8,9,8,8,Medium,,True,2023-07-01,,,Private,2023-06-27 09:00:00,2023-06-29 17:00:00
FDB19633,Peer Feedback,EMP841,EMP075,2024-01-24,,,,Technical Skills,Technical execution was excellent but documentation was lacking.,"Reliable execution,Team support","Documentation quality,Technical depth",Schedule earlier check-ins with stakeholders,,7,5,6,6,8,High,2024-02-23,False,,,,Private,2024-01-24 09:00:00,2024-02-02 13:00:00
FDB19687,Project Review,EMP1255,EMP382,2025-01-13,,PRJ497,TEAM119,Leadership,Technical execution was excellent but documentation was lacking.,"Reliable execution,Team support,Initiative shown","Deadline adherence,Cross-team alignment",Conduct a brief knowledge-sharing session with the team,"Schedule 1:1 with manager,Review goals",10,7,10,9,8,Low,,True,2025-01-14,,,Manager Only,2025-01-13 09:00:00,2025-01-13 16:15:00
FDB19689,Peer Feedback,EMP048,EMP185,2023-12-29,,,,Teamwork,Delivered the task with great attention to detail and minimal rework needed.,On-time delivery,Time estimation accuracy,,"Improve test coverage,Update runbook",5,4,6,6,7,High,2024-01-28,False,,,,Manager Only,2023-12-29 09:00:00,2023-12-30 17:15:00
FDB19750,Peer Feedback,EMP050,EMP308,2024-07-29,,,,Quality,"Exceeded expectations on the technical front, peer feedback is very positive.","Technical depth,Attention to detail,Initiative shown","Code readability,Stakeholder updates",Improve commit message quality for better traceability,"Complete training,Review documentation",7,5,5,5,5,High,,True,2024-08-01,"Appreciate the recognition, will continue improving.",2024-08-03,Private,2024-07-29 09:00:00,2024-07-31 13:45:00
FDB19807,Peer Feedback,EMP1352,EMP1041,2024-03-10,,,,Leadership,Technical execution was excellent but documentation was lacking.,"Clear communication,On-time delivery,High quality output",Deadline adherence,Consider adding more unit tests to improve coverage,,7,8,7,8,6,Medium,,True,2024-03-13,"Feedback received and noted, will discuss with manager.",2024-03-18,Team,2024-03-10 09:00:00,2024-03-20 15:00:00
FDB19826,Peer Feedback,EMP076,EMP717,2025-02-23,,,,Technical Skills,Technical execution was excellent but documentation was lacking.,Technical depth,"Technical depth,Time estimation accuracy",Conduct a brief knowledge-sharing session with the team,"Schedule 1:1 with manager,Review goals",5,5,5,6,7,Low,,True,2025-02-26,,,Manager Only,2025-02-23 09:00:00,2025-02-23 18:30:00
FDB19842,Project Review,EMP1193,EMP113,2023-07-04,,PRJ127,TEAM395,Communication,"Strong collaboration throughout the sprint, kept the team unblocked.",On-time delivery,"Deadline adherence,Code readability",Conduct a brief knowledge-sharing session with the team,"Schedule 1:1 with manager,Review goals",2,5,2,3,5,Medium,,True,2023-07-06,,,Public,2023-07-04 09:00:00,2023-07-09 13:00:00
FDB19855,Task Completion,EMP410,EMP1325,2024-03-24,TSK6797,PRJ686,,Leadership,Communication was proactive and clear during the entire project phase.,"High quality output,Clear communication","Technical depth,Testing coverage",Schedule earlier check-ins with stakeholders,"Complete training,Review documentation",3,6,5,5,4,Medium,,True,2024-03-27,,,Public,2024-03-24 09:00:00,2024-04-03 14:15:00
FDB19872,Project Review,EMP611,EMP047,2023-07-20,,PRJ719,TEAM575,Communication,"Quality of deliverables was high, stakeholders were satisfied.",Proactive problem solving,Documentation quality,,"Schedule 1:1 with manager,Review goals",7,7,7,7,7,High,2023-08-19,True,2023-07-24,,,Team,2023-07-20 09:00:00,2023-07-26 18:15:00
FDB19876,Task Completion,EMP861,EMP1459,2023-10-16,TSK3123,PRJ791,,Leadership,Technical execution was excellent but documentation was lacking.,"Strong collaboration,Team support",Stakeholder updates,Conduct a brief knowledge-sharing session with the team,,6,7,8,5,8,Medium,,True,2023-10-19,,,Public,2023-10-16 09:00:00,2023-10-21 08:30:00
FDB19889,Peer Feedback,EMP1184,EMP154,2024-03-11,,,,Communication,"Good work overall, with some areas to improve in cross-team coordination.","Team support,Reliable execution,Strong collaboration","Technical depth,Testing coverage",Consider adding more unit tests to improve coverage,"Complete training,Review documentation",9,6,8,9,7,Medium,,True,2024-03-14,,,Team,2024-03-11 09:00:00,2024-03-15 17:00:00
FDB19911,Task Completion,EMP205,EMP1041,2023-06-30,TSK2392,PRJ784,,Communication,Met all deadlines and maintained consistent quality standards.,Team support,Documentation quality,Conduct a brief knowledge-sharing session with the team,"Enroll in leadership course,Improve delegation",8,6,6,6,6,High,2023-07-30,True,2023-07-04,,,Public,2023-06-30 09:00:00,2023-07-04 11:45:00
FDB19935,Project Review,EMP697,EMP611,2024-12-07,,PRJ057,TEAM977,Technical Skills,Delivery was slightly delayed but final output quality was strong.,"Reliable execution,Clear communication",Process adherence,Consider adding more unit tests to improve coverage,"Complete training,Review documentation",5,6,8,8,7,High,2025-01-06,True,2024-12-12,,,Public,2024-12-07 09:00:00,2024-12-17 16:30:00
FDB19943,Peer Feedback,EMP1368,EMP1041,2024-04-29,,,,Technical Skills,Delivery was slightly delayed but final output quality was strong.,Technical depth,"Technical depth,Time estimation accuracy",Improve commit message quality for better traceability,"Enroll in leadership course,Improve delegation",7,6,7,7,8,High,,True,2024-04-30,"Appreciate the recognition, will continue improving.",2024-05-05,Manager Only,2024-04-29 09:00:00,2024-05-01 13:15:00
FDB19951,Peer Feedback,EMP508,EMP391,2024-11-21,,,,Communication,"Exceeded expectations on the technical front, peer feedback is very positive.",On-time delivery,"Technical depth,Testing coverage",Break large tasks into smaller trackable subtasks,"Schedule 1:1 with manager,Review goals",6,6,6,9,8,Medium,,True,2024-11-24,,,Team,2024-11-21 09:00:00,2024-11-23 14:00:00
FDB19970,Task Completion,EMP1323,EMP1245,2024-02-07,TSK7879,PRJ026,,Quality,Delivered the task with great attention to detail and minimal rework needed.,"Team support,Clear communication,High quality output","Documentation quality,Technical depth",Conduct a brief knowledge-sharing session with the team,Attend communication workshop,5,6,7,7,5,Medium,,True,2024-02-12,,,Manager Only,2024-02-07 09:00:00,2024-02-15 11:30:00
