task_id,task_name,task_description,task_type,project_id,priority,complexity,estimated_hours,actual_hours,story_points,required_skills,required_role,required_seniority,assigned_to,assigned_date,status,completion_percentage,start_date,due_date,actual_completion_date,is_overdue,days_overdue,buffer_days,dependent_task_ids,blocking_task_ids,parent_task_id,quality_score,rework_required,rework_count,review_rating,stakeholder_satisfaction,risk_level,business_impact,delay_risk_score,requires_collaboration,team_size_required,created_at,last_updated
TSK0015,Setup alerting rules #15,DevOps task — Moderate complexity.,DevOps,PRJ575,Medium,Moderate,8.2,,3,Linux,Developer,Mid,EMP1193,2023-06-20,Blocked,29.6,2023-07-25,2023-07-29,,True,627,2,"TSK0006,TSK0013",,TSK0006,,False,0,,,High,High,57.8,False,1,2023-03-27 18:00:00,2024-07-21 16:45:00
TSK0016,API contract testing #16,Testing task — Very Complex complexity.,Testing,PRJ243,Medium,Very Complex,183.8,151.7,13,"SQL,Docker,Python",Developer,Mid,EMP844,2024-08-25,Completed,100.0,2024-09-14,2024-10-11,2024-09-15,False,0,4,,"TSK0018,TSK0032",,5.0,True,2,8.0,8.0,Low,Medium,48.7,False,1,2024-08-23 11:15:00,2024-09-20 18:15:00
TSK0022,Research ML frameworks #22,Research task — Very Complex complexity.,Research,PRJ653,High,Very Complex,113.3,114.2,21,"Python,SQL",Analyst,Senior,EMP481,2024-10-04,Completed,100.0,2024-11-19,2024-12-06,2024-12-06,False,0,2,TSK0013,,,9.0,False,0,7.0,8.0,Medium,Low,16.8,False,1,2024-10-15 13:45:00,2025-03-05 08:15:00
TSK0047,Design onboarding flow #47,Design task — Moderate complexity.,Design,PRJ703,High,Moderate,13.9,,8,Prototyping,Designer,Mid,EMP251,2024-04-17,In Progress,35.5,2024-05-03,2024-05-06,,True,345,1,,,TSK0022,,False,0,,,High,High,71.2,False,1,2024-03-20 17:15:00,2024-06-07 16:15:00
TSK0080,Update onboarding guide #80,Documentation task — Complex complexity.,Documentation,PRJ487,Low,Complex,69.7,96.6,13,Excel,Developer,Senior,EMP1486,2024-02-04,Completed,100.0,2024-02-08,2024-02-23,2024-02-11,False,0,6,TSK0007,,,8.0,False,0,8.0,7.0,Medium,High,5.0,True,5,2023-11-27 18:15:00,2024-02-24 17:00:00
TSK0084,E2E test automation #84,Testing task — Moderate complexity.,Testing,PRJ417,High,Moderate,18.4,22.6,5,Python,Developer,Senior,EMP585,2024-08-01,Completed,100.0,2024-08-11,2024-08-20,2024-08-17,False,0,6,,,,7.0,False,0,7.0,6.0,Low,Critical,27.1,True,2,2024-07-16 14:15:00,2025-04-07 08:45:00
TSK0116,Configure monitoring #116,DevOps task — Simple complexity.,DevOps,PRJ224,Critical,Simple,7.8,10.0,1,"Linux,AWS,Git",Developer,Mid,EMP1184,2024-03-05,Completed,100.0,2024-04-21,2024-04-25,2024-05-01,True,6,3,,"TSK0131,TSK0117",TSK0110,8.0,False,0,7.0,9.0,Medium,Critical,74.4,False,1,2024-04-09 08:45:00,2024-08-02 10:30:00
TSK0135,Design critique #135,Meeting task — Complex complexity.,Meeting,PRJ075,Critical,Complex,44.9,40.9,13,Agile,Manager,Senior,,,Completed,100.0,2024-10-01,2024-10-08,2024-10-11,True,3,1,,,,7.0,False,0,8.0,9.0,Medium,Medium,44.0,False,1,2024-09-22 17:30:00,2024-11-27 18:15:00
TSK0164,Write release notes #164,Documentation task — Very Complex complexity.,Documentation,PRJ626,Medium,Very Complex,103.5,88.1,13,"Communication,Git",Developer,Senior,EMP391,2023-12-02,Completed,100.0,2023-12-30,2024-01-09,2024-01-11,True,2,7,TSK0116,,,9.0,False,0,6.0,6.0,High,High,29.6,True,5,2023-08-26 16:00:00,2024-10-08 14:45:00
TSK0198,Architecture review #198,Review task — Complex complexity.,Review,PRJ424,High,Complex,33.4,38.9,8,Python,Senior Engineer,Senior,EMP1436,2023-06-11,Completed,100.0,2023-06-25,2023-07-06,2023-07-02,False,0,6,,"TSK0214,TSK0216",TSK0102,9.0,False,0,9.0,8.0,Medium,High,33.0,True,2,2023-06-05 12:15:00,2023-09-19 18:45:00
TSK0206,Redesign settings page #206,Design task — Very Complex complexity.,Design,PRJ129,Critical,Very Complex,138.5,,21,CSS,Designer,Mid,EMP899,2023-04-01,In Progress,51.3,2023-05-18,2023-06-12,,True,674,7,,"TSK0208,TSK0222",,,False,0,,,Medium,Medium,95.0,True,5,2023-03-25 17:15:00,2024-11-24 13:30:00
TSK0233,API contract testing #233,Testing task — Simple complexity.,Testing,PRJ643,High,Simple,4.2,,3,"Git,Docker",Developer,Mid,EMP115,2024-08-24,In Progress,60.2,2024-09-02,2024-09-07,,True,221,4,,"TSK0252,TSK0244",,,False,0,,,Low,High,90.5,True,4,2024-07-19 10:30:00,2025-04-05 08:30:00
TSK0245,Security vulnerability scan #245,Testing task — Very Complex complexity.,Testing,PRJ466,Low,Very Complex,141.1,117.1,21,"SQL,Docker,Git",Developer,Mid,EMP1184,2024-08-05,Completed,100.0,2024-08-08,2024-08-23,2024-08-15,False,0,3,,,TSK0010,7.0,False,0,9.0,8.0,Low,Medium,14.7,True,4,2024-07-27 17:45:00,2025-04-11 09:15:00
TSK0282,Infrastructure as code #282,DevOps task — Complex complexity.,DevOps,PRJ116,High,Complex,66.6,70.8,13,"Docker,Git,Kubernetes",Developer,Senior,EMP740,2024-05-15,Completed,100.0,2024-05-21,2024-06-03,2024-05-24,False,0,4,,,,7.0,False,0,7.0,7.0,Medium,Low,9.0,True,5,2024-05-06 16:45:00,2024-10-16 14:15:00
TSK0291,API contract testing #291,Testing task — Very Complex complexity.,Testing,PRJ020,High,Very Complex,155.3,180.5,13,"Git,REST APIs,Docker",Developer,Senior,EMP958,2024-05-14,Completed,100.0,2024-08-01,2024-08-25,2024-08-14,False,0,4,,"TSK0298,TSK0303",,7.0,False,0,8.0,7.0,Low,Medium,38.5,False,1,2024-05-15 14:45:00,2025-01-11 09:15:00
TSK0307,Create wireframes #307,Design task — Moderate complexity.,Design,PRJ377,Critical,Moderate,16.2,14.4,5,"Illustrator,Sketch",Designer,Mid,EMP185,2023-09-30,Completed,100.0,2023-10-18,2023-10-25,2023-11-02,True,8,4,"TSK0048,TSK0021",,,6.0,False,0,8.0,7.0,High,Medium,53.7,True,3,2023-10-16 15:00:00,2024-08-10 15:45:00
TSK0313,Build design system #313,Design task — Very Complex complexity.,Design,PRJ275,Critical,Very Complex,187.1,212.5,21,"Figma,Adobe XD",Designer,Mid,EMP919,2024-01-08,Completed,100.0,2024-02-09,2024-03-05,2024-03-11,True,6,1,,,,7.0,False,0,9.0,5.0,High,Medium,50.1,False,1,2023-11-29 17:30:00,2024-12-13 18:45:00
TSK0342,Stakeholder review #342,Meeting task — Moderate complexity.,Meeting,PRJ758,High,Moderate,14.0,,5,Communication,Manager,Junior,EMP152,2023-07-09,In Progress,73.4,2023-07-10,2023-07-19,,True,637,7,"TSK0100,TSK0324",,,,False,0,,,Medium,Critical,64.3,False,1,2023-07-01 11:15:00,2024-04-25 10:15:00
TSK0348,Research ML frameworks #348,Research task — Simple complexity.,Research,PRJ692,Critical,Simple,3.3,,2,"Excel,Python,SQL",Analyst,Junior,EMP391,2023-12-16,In Progress,59.2,2023-12-21,2023-12-29,,True,474,7,,,,,False,0,,,Medium,Medium,69.5,True,5,2023-11-23 18:00:00,2024-08-18 18:15:00
TSK0356,Design review #356,Review task — Simple complexity.,Review,PRJ070,Medium,Simple,1.6,,3,"Python,Agile",Senior Engineer,Junior,EMP288,2024-07-22,Not Started,0.0,2024-09-24,2024-10-01,,False,0,6,,,,,False,0,,,Low,Critical,5.0,False,1,2024-08-24 10:00:00,2025-03-14 08:30:00
TSK0404,Build notification service #404,Development task — Simple complexity.,Development,PRJ782,Low,Simple,6.8,,1,Java,Developer,Mid,EMP1285,2024-08-19,In Review,86.6,2024-09-04,2024-09-07,,True,221,2,,,,,False,0,,,High,Low,37.6,False,1,2024-08-16 15:45:00,2025-03-31 10:30:00
TSK0418,Create database schema #418,Development task — Complex complexity.,Development,PRJ759,Low,Complex,68.3,61.7,8,TypeScript,Developer,Mid,EMP818,2023-10-05,Completed,100.0,2023-11-09,2023-11-25,2023-11-15,False,0,7,,,,9.0,False,0,7.0,10.0,Medium,High,5.0,True,5,2023-09-30 09:15:00,2024-02-27 14:45:00
TSK0424,Retrospective #424,Meeting task — Complex complexity.,Meeting,PRJ182,Critical,Complex,55.0,71.0,8,"Communication,Agile",Manager,Junior,EMP896,2023-08-09,Completed,100.0,2023-09-08,2023-09-19,2023-09-17,False,0,4,,"TSK0425,TSK0438",TSK0384,5.0,True,3,7.0,8.0,High,High,41.1,True,2,2023-08-02 15:00:00,2024-06-30 14:15:00
TSK0438,Create icon set #438,Design task — Simple complexity.,Design,PRJ271,Medium,Simple,6.4,8.2,3,"Adobe XD,Figma,Prototyping",Designer,Mid,EMP1326,2023-03-02,Completed,100.0,2023-03-09,2023-03-13,2023-03-26,True,13,3,TSK0344,,,8.0,False,0,8.0,9.0,Medium,Critical,35.8,False,1,2023-02-23 13:15:00,2024-11-02 16:30:00
TSK0441,Optimize Docker images #441,DevOps task — Moderate complexity.,DevOps,PRJ750,Low,Moderate,22.8,18.8,3,"Linux,Docker,AWS",Developer,Junior,EMP1245,2023-07-01,Completed,100.0,2023-07-25,2023-07-30,2023-08-06,True,7,2,TSK0057,,TSK0019,4.0,True,3,7.0,6.0,High,Medium,7.9,False,1,2023-03-06 16:00:00,2024-05-02 11:45:00
TSK0456,Research ML frameworks #456,Research task — Complex complexity.,Research,PRJ791,High,Complex,69.3,91.8,8,Communication,Analyst,Junior,EMP861,2024-01-11,Completed,100.0,2024-02-29,2024-03-11,2024-03-23,True,12,2,TSK0434,,,8.0,False,0,7.0,9.0,Medium,Critical,51.2,False,1,2024-02-09 08:15:00,2024-08-11 09:45:00
TSK0476,Architecture review #476,Review task — Complex complexity.,Review,PRJ759,Medium,Complex,70.7,,13,"Git,Python,Agile",Senior Engineer,Junior,EMP1208,2024-01-26,In Progress,18.6,2024-01-31,2024-02-15,,True,426,6,,,,,False,0,,,High,Critical,61.8,False,1,2024-01-14 10:30:00,2025-03-01 09:15:00
TSK0486,Create runbook #486,Documentation task — Simple complexity.,Documentation,PRJ768,Low,Simple,1.9,2.4,2,Excel,Developer,Mid,EMP174,2023-11-21,Completed,100.0,2024-04-17,2024-04-22,2024-04-21,False,0,4,TSK0049,,,6.0,False,0,7.0,4.0,Low,High,5.0,False,1,2024-03-29 12:30:00,2024-11-20 16:00:00
TSK0487,Document architecture #487,Documentation task — Moderate complexity.,Documentation,PRJ470,Medium,Moderate,11.2,,5,"Agile,Git,Excel",Developer,Junior,EMP456,2024-11-13,In Progress,34.1,2024-12-26,2025-01-01,,True,105,4,,,,,False,0,,,Medium,High,59.1,False,1,2024-11-29 14:30:00,2025-04-02 16:00:00
TSK0502,Benchmark database options #502,Research task — Complex complexity.,Research,PRJ479,High,Complex,38.6,32.1,8,"Python,Communication,Analytics",Analyst,Senior,,,Completed,100.0,2024-08-16,2024-08-27,2024-09-05,True,9,6,,,TSK0360,8.0,False,0,7.0,7.0,High,Medium,46.2,False,1,2024-07-19 08:15:00,2024-12-01 15:30:00
TSK0509,Optimize Docker images #509,DevOps task — Simple complexity.,DevOps,PRJ265,Medium,Simple,6.2,6.5,1,"AWS,Docker,Linux",Developer,Mid,EMP1459,2023-08-21,Completed,100.0,2023-09-07,2023-09-15,2023-09-21,True,6,7,,,,10.0,False,0,8.0,6.0,High,High,16.1,True,3,2023-07-24 13:30:00,2024-03-27 16:45:00
TSK0534,Competitive analysis #534,Research task — Moderate complexity.,Research,PRJ694,Low,Moderate,23.5,,5,Analytics,Analyst,Mid,,,In Progress,57.8,2023-02-07,2023-02-15,,True,791,5,,,,,False,0,,,High,High,55.3,True,2,2023-01-31 13:00:00,2024-09-08 14:00:00
TSK0577,Optimize Docker images #577,DevOps task — Simple complexity.,DevOps,PRJ053,High,Simple,2.4,,2,"Docker,Kubernetes",Developer,Senior,EMP885,2023-09-11,Blocked,34.7,2023-12-15,2023-12-18,,True,485,2,,,,,False,0,,,Medium,High,80.5,True,3,2023-10-30 17:15:00,2024-03-01 14:30:00
TSK0591,Deploy to staging #591,DevOps task — Complex complexity.,DevOps,PRJ503,Medium,Complex,24.7,,13,"Git,Docker",Developer,Senior,EMP637,2024-07-25,Not Started,0.0,2024-07-28,2024-08-03,,False,0,2,,,,,False,0,,,Medium,Critical,5.0,False,1,2024-03-14 13:45:00,2024-08-29 08:45:00
TSK0598,Create wireframes #598,Design task — Moderate complexity.,Design,PRJ782,High,Moderate,22.6,,5,"Prototyping,HTML,Figma",Designer,Mid,EMP050,2024-08-20,In Progress,13.6,2024-09-17,2024-09-22,,True,206,2,TSK0157,,TSK0328,,False,0,,,Medium,High,60.2,False,1,2024-09-06 08:30:00,2025-01-21 08:45:00
TSK0616,Design landing page #616,Design task — Moderate complexity.,Design,PRJ150,High,Moderate,18.7,,8,Prototyping,Designer,Junior,EMP149,2024-01-26,Blocked,39.2,2024-01-28,2024-02-07,,True,434,7,,,,,False,0,,,High,Medium,69.2,True,4,2023-12-30 08:45:00,2024-02-18 13:45:00
TSK0655,Design landing page #655,Design task — Simple complexity.,Design,PRJ372,High,Simple,1.8,1.5,2,Sketch,Designer,Mid,EMP162,2023-08-08,Completed,100.0,2023-10-03,2023-10-07,2023-10-06,False,0,3,,,,7.0,False,0,9.0,6.0,Medium,Critical,20.4,True,2,2023-10-02 16:30:00,2024-08-02 09:45:00
TSK0685,Write release notes #685,Documentation task — Complex complexity.,Documentation,PRJ349,High,Complex,43.9,44.1,13,"Excel,Git,Communication",Developer,Senior,,,Completed,100.0,2023-08-14,2023-08-25,2023-08-19,False,0,5,,,,7.0,False,0,8.0,9.0,High,Medium,5.9,False,1,2023-04-09 09:15:00,2024-06-20 16:00:00
TSK0702,Refactor legacy module #702,Development task — Moderate complexity.,Development,PRJ571,Critical,Moderate,17.5,19.9,8,Go,Developer,Mid,EMP1120,2024-07-25,Completed,100.0,2024-08-27,2024-09-01,2024-09-09,True,8,2,,"TSK0713,TSK0704",,8.0,False,0,7.0,8.0,Medium,Low,59.1,True,3,2024-08-20 14:30:00,2025-01-03 12:15:00
TSK0712,Stakeholder review #712,Meeting task — Complex complexity.,Meeting,PRJ792,Critical,Complex,56.7,,13,"Agile,Communication",Manager,Mid,EMP344,2023-12-02,Blocked,24.9,2024-06-14,2024-06-27,,True,293,5,,,,,False,0,,,Medium,Medium,86.5,True,5,2024-01-22 13:30:00,2024-09-13 16:15:00
TSK0715,Setup alerting rules #715,DevOps task — Complex complexity.,DevOps,PRJ154,Medium,Complex,65.8,,8,"Kubernetes,Docker",Developer,Mid,EMP344,2023-09-17,Blocked,28.2,2023-11-02,2023-11-18,,True,515,7,,,,,False,0,,,Medium,Low,62.9,True,2,2023-10-27 10:15:00,2024-01-05 10:15:00
TSK0716,Conduct load testing #716,Testing task — Moderate complexity.,Testing,PRJ661,High,Moderate,8.1,,5,REST APIs,Developer,Mid,EMP185,2024-08-28,In Progress,13.8,2024-09-23,2024-09-26,,True,202,1,TSK0209,,,,False,0,,,Medium,Low,85.4,False,1,2024-05-22 15:45:00,2025-02-02 09:45:00
TSK0724,PR review #724,Review task — Complex complexity.,Review,PRJ096,High,Complex,58.1,66.4,8,Git,Senior Engineer,Mid,EMP237,2023-08-13,Completed,100.0,2023-08-25,2023-09-06,2023-08-26,False,0,4,,,,10.0,False,0,7.0,7.0,High,High,18.3,True,3,2023-08-01 09:00:00,2023-12-21 09:45:00
TSK0739,Redesign settings page #739,Design task — Simple complexity.,Design,PRJ086,High,Simple,7.8,,1,"Figma,CSS,HTML",Designer,Mid,EMP594,2024-03-12,Blocked,29.2,2024-03-30,2024-04-07,,True,374,7,,,,,False,0,,,Medium,High,74.1,False,1,2023-10-23 10:00:00,2024-11-16 13:15:00
TSK0826,Create runbook #826,Documentation task — Moderate complexity.,Documentation,PRJ723,Medium,Moderate,13.8,13.5,5,"Agile,Communication,Excel",Developer,Mid,EMP149,2023-10-22,Completed,100.0,2023-11-08,2023-11-13,2023-11-18,True,5,3,,,,9.0,False,0,6.0,9.0,High,Medium,37.9,False,1,2023-10-16 08:15:00,2024-05-25 12:45:00
TSK0827,API contract testing #827,Testing task — Simple complexity.,Testing,PRJ272,Low,Simple,3.8,,3,"Git,REST APIs,Docker",Developer,Mid,EMP1359,2023-05-15,Not Started,0.0,2023-06-11,2023-06-13,,False,0,1,,,,,False,0,,,Medium,Medium,7.8,True,2,2023-04-12 16:30:00,2023-11-02 17:30:00
TSK0872,Setup alerting rules #872,DevOps task — Simple complexity.,DevOps,PRJ072,Medium,Simple,7.3,,3,Kubernetes,Developer,Junior,EMP287,2023-10-08,Blocked,14.3,2023-10-31,2023-11-05,,True,528,4,,,,,False,0,,,High,Critical,46.5,True,3,2023-09-09 11:00:00,2023-11-07 18:30:00
TSK0882,Research ML frameworks #882,Research task — Very Complex complexity.,Research,PRJ313,High,Very Complex,125.9,,21,Excel,Analyst,Senior,EMP103,2023-04-07,Not Started,0.0,2023-04-27,2023-05-19,,False,0,6,,,,,False,0,,,High,Medium,5.0,False,1,2023-03-10 08:00:00,2024-12-25 13:15:00
TSK0946,Research ML frameworks #946,Research task — Moderate complexity.,Research,PRJ489,Critical,Moderate,16.5,17.2,5,Python,Analyst,Mid,EMP841,2023-07-08,Completed,100.0,2023-07-15,2023-07-19,2023-07-24,True,5,1,"TSK0283,TSK0218",,,8.0,False,0,8.0,10.0,High,Low,41.3,False,1,2023-06-18 15:30:00,2024-09-12 12:45:00
TSK0957,Write unit tests #957,Testing task — Simple complexity.,Testing,PRJ529,Medium,Simple,4.6,,3,"Docker,Python,REST APIs",Developer,Junior,EMP1325,2024-07-23,Not Started,0.0,2024-09-15,2024-09-21,,False,0,5,,"TSK0976,TSK0961",,,False,0,,,Medium,High,37.5,True,5,2024-04-16 10:45:00,2024-12-27 14:15:00
TSK0984,Retrospective #984,Meeting task — Very Complex complexity.,Meeting,PRJ028,High,Very Complex,88.5,76.2,13,"Communication,Agile",Manager,Senior,EMP185,2023-09-15,Completed,100.0,2023-09-16,2023-09-29,2023-09-30,True,1,1,,,,7.0,False,0,8.0,7.0,High,High,11.2,False,1,2023-09-09 10:30:00,2024-07-21 09:15:00
TSK0991,Design review #991,Review task — Complex complexity.,Review,PRJ461,Medium,Complex,50.2,,8,"React,Java",Senior Engineer,Senior,EMP1434,2024-01-30,In Progress,36.5,2024-02-12,2024-02-20,,True,421,1,,"TSK1006,TSK0992",,,False,0,,,High,Medium,84.3,False,1,2024-01-30 14:00:00,2024-08-01 17:30:00
TSK1003,PR review #1003,Review task — Very Complex complexity.,Review,PRJ139,High,Very Complex,180.9,,21,"Agile,Git",Senior Engineer,Junior,EMP798,2024-09-29,In Progress,27.2,2024-09-29,2024-10-27,,True,171,5,,,,,False,0,,,High,High,74.5,False,1,2024-09-07 15:30:00,2025-02-06 08:30:00
TSK1010,Prototype user journey #1010,Design task — Moderate complexity.,Design,PRJ329,High,Moderate,15.9,15.2,3,CSS,Designer,Mid,EMP1459,2024-01-18,Completed,100.0,2024-03-01,2024-03-08,2024-03-10,True,2,5,,,,6.0,False,0,8.0,7.0,High,Medium,34.1,True,5,2023-11-25 16:00:00,2024-05-19 08:45:00
TSK1025,Evaluate third-party libraries #1025,Research task — Moderate complexity.,Research,PRJ561,High,Moderate,13.2,,3,"Python,Analytics",Analyst,Mid,EMP427,2023-08-21,In Progress,14.1,2023-12-01,2023-12-06,,True,497,3,,,,,False,0,,,Low,Low,67.2,False,1,2023-06-06 12:45:00,2024-12-21 11:15:00
TSK1032,Deploy to staging #1032,DevOps task — Moderate complexity.,DevOps,PRJ696,Medium,Moderate,12.5,13.1,3,"Linux,Docker",Developer,Mid,EMP611,2023-08-10,Completed,100.0,2023-08-26,2023-08-31,2023-08-31,False,0,3,"TSK0880,TSK0396",,,8.0,False,0,8.0,8.0,Medium,Critical,8.2,True,4,2023-07-10 14:45:00,2024-12-22 18:15:00
TSK1060,API contract testing #1060,Testing task — Complex complexity.,Testing,PRJ511,Critical,Complex,55.5,45.2,13,SQL,Developer,Mid,EMP490,2024-05-11,Completed,100.0,2024-05-12,2024-05-21,2024-05-20,False,0,2,,,,8.0,False,0,9.0,7.0,High,Medium,28.0,False,1,2024-05-07 09:30:00,2025-04-04 16:15:00
TSK1069,Infrastructure as code #1069,DevOps task — Complex complexity.,DevOps,PRJ390,High,Complex,58.3,62.7,8,"Kubernetes,Linux,Git",Developer,Mid,EMP1006,2023-05-11,Completed,100.0,2023-05-30,2023-06-14,2023-06-29,True,15,7,,"TSK1080,TSK1076",,8.0,False,0,9.0,6.0,Low,High,89.7,False,1,2023-04-04 09:30:00,2025-04-12 08:45:00
TSK1071,Code review #1071,Review task — Simple complexity.,Review,PRJ421,Critical,Simple,2.8,,2,"Java,Git,React",Senior Engineer,Mid,EMP1184,2024-05-26,In Review,81.4,2024-06-14,2024-06-20,,True,300,5,,,,,False,0,,,High,Medium,76.8,True,3,2024-06-06 14:30:00,2024-12-27 16:30:00
TSK1076,Deploy to staging #1076,DevOps task — Complex complexity.,DevOps,PRJ511,High,Complex,64.5,83.6,8,"Linux,Kubernetes",Developer,Senior,EMP519,2024-05-30,Completed,100.0,2024-06-06,2024-06-19,2024-06-06,False,0,4,"TSK0859,TSK0574",,,7.0,False,0,8.0,7.0,Medium,High,13.4,False,1,2024-05-16 10:30:00,2024-12-12 09:15:00
TSK1077,Refactor legacy module #1077,Development task — Complex complexity.,Development,PRJ669,High,Complex,78.3,70.8,8,"REST APIs,Python",Developer,Senior,,,Completed,100.0,2023-01-24,2023-02-04,2023-02-03,False,0,1,,"TSK1094,TSK1096",,9.0,False,0,6.0,8.0,Medium,High,45.8,True,2,2023-01-07 12:00:00,2023-03-27 12:00:00
TSK1091,Design onboarding flow #1091,Design task — Complex complexity.,Design,PRJ312,Low,Complex,61.3,46.6,13,"Sketch,Adobe XD",Designer,Mid,,,Completed,100.0,2023-05-25,2023-06-03,2023-06-04,True,1,1,,,TSK0416,8.0,False,0,9.0,6.0,High,Medium,5.0,True,3,2023-03-08 13:45:00,2025-03-26 11:45:00
TSK1108,Perform integration testing #1108,Testing task — Very Complex complexity.,Testing,PRJ472,Low,Very Complex,178.1,237.6,13,"Python,Docker,SQL",Developer,Senior,EMP705,2024-04-09,Completed,100.0,2024-07-31,2024-08-24,2024-08-24,False,0,4,TSK0717,,,8.0,False,0,7.0,9.0,High,Low,5.0,False,1,2024-06-23 08:00:00,2024-11-26 13:00:00
TSK1113,Design review #1113,Review task — Moderate complexity.,Review,PRJ388,Critical,Moderate,15.5,18.6,8,"Java,Python,Git",Senior Engineer,Mid,EMP050,2023-11-13,Completed,100.0,2024-02-04,2024-02-07,2024-02-07,False,0,1,,,,9.0,False,0,9.0,10.0,Medium,High,20.9,False,1,2024-01-29 13:15:00,2025-03-17 09:00:00
TSK1132,Team sync #1132,Meeting task — Complex complexity.,Meeting,PRJ796,Medium,Complex,77.8,,13,"Communication,Agile",Manager,Junior,,,Blocked,41.4,2024-04-01,2024-04-15,,True,366,4,,,,,False,0,,,High,Medium,47.9,True,4,2024-03-24 15:45:00,2024-07-01 09:15:00
TSK1202,PR review #1202,Review task — Moderate complexity.,Review,PRJ717,High,Moderate,8.4,,3,Python,Senior Engineer,Junior,EMP1174,2024-07-06,In Progress,42.0,2024-07-31,2024-08-06,,True,253,4,"TSK0010,TSK0676","TSK1215,TSK1211",,,False,0,,,Low,High,95.0,False,1,2024-07-20 18:30:00,2024-11-14 11:45:00
TSK1210,Benchmark database options #1210,Research task — Complex complexity.,Research,PRJ697,Medium,Complex,75.4,62.8,13,Communication,Analyst,Mid,EMP803,2023-08-11,Completed,100.0,2023-09-27,2023-10-13,2023-10-05,False,0,6,,"TSK1221,TSK1218",,6.0,False,0,8.0,8.0,Medium,High,43.2,True,2,2023-08-11 12:30:00,2025-03-23 16:30:00
TSK1219,Write release notes #1219,Documentation task — Moderate complexity.,Documentation,PRJ616,Critical,Moderate,10.6,,3,Agile,Developer,Senior,EMP620,2024-04-22,In Review,80.0,2024-05-15,2024-05-21,,True,330,4,,,,,False,0,,,Medium,High,68.0,True,5,2023-11-29 14:15:00,2024-11-08 17:00:00
TSK1239,Refactor legacy module #1239,Development task — Moderate complexity.,Development,PRJ674,Medium,Moderate,8.9,9.4,5,"REST APIs,React,C++",Developer,Senior,EMP075,2023-06-09,Completed,100.0,2023-06-16,2023-06-23,2023-06-17,False,0,5,,,,7.0,False,0,6.0,7.0,Medium,High,6.4,True,4,2023-04-15 09:45:00,2024-01-21 08:15:00
TSK1244,Architecture discussion #1244,Meeting task — Moderate complexity.,Meeting,PRJ043,High,Moderate,11.6,,3,"Communication,Agile",Manager,Mid,EMP1391,2024-04-23,In Review,75.5,2024-05-25,2024-06-01,,True,319,5,,,,,False,0,,,Low,Low,64.8,True,2,2024-05-11 09:00:00,2024-10-07 15:00:00
TSK1250,Redesign settings page #1250,Design task — Very Complex complexity.,Design,PRJ170,Medium,Very Complex,118.7,,21,"HTML,UI/UX",Designer,Senior,EMP044,2023-09-05,Not Started,0.0,2023-09-23,2023-10-12,,False,0,4,,,,,False,0,,,High,Critical,5.0,True,5,2023-09-21 18:30:00,2025-02-24 12:00:00
TSK1267,Evaluate third-party libraries #1267,Research task — Moderate complexity.,Research,PRJ213,Medium,Moderate,8.5,8.3,3,"Excel,Python,Analytics",Analyst,Mid,EMP1041,2023-01-19,Completed,100.0,2023-03-11,2023-03-14,2023-03-22,True,8,1,,,,7.0,False,0,8.0,9.0,High,High,25.8,True,3,2023-01-08 08:45:00,2025-02-07 16:15:00
TSK1269,Database backup automation #1269,DevOps task — Complex complexity.,DevOps,PRJ781,High,Complex,73.7,83.8,13,Docker,Developer,Mid,EMP724,2024-06-20,Completed,100.0,2024-06-30,2024-07-11,2024-07-05,False,0,1,"TSK0166,TSK0067",,,8.0,False,0,7.0,6.0,Low,Medium,23.5,True,4,2024-06-25 10:15:00,2025-02-04 10:15:00
TSK1290,Perform integration testing #1290,Testing task — Complex complexity.,Testing,PRJ040,Medium,Complex,27.1,19.6,8,REST APIs,Developer,Mid,EMP975,2024-08-19,Completed,100.0,2024-11-15,2024-11-22,2024-12-04,True,12,3,TSK1129,,,7.0,False,0,9.0,7.0,Low,High,30.5,True,3,2024-07-20 17:15:00,2025-04-11 14:15:00
TSK1299,Technology feasibility study #1299,Research task — Moderate complexity.,Research,PRJ721,Medium,Moderate,18.9,26.3,3,"Communication,Analytics,Excel",Analyst,Mid,EMP964,2023-04-06,Completed,100.0,2023-04-08,2023-04-12,2023-04-08,False,0,1,,,,7.0,False,0,7.0,8.0,Medium,Medium,5.0,True,4,2023-04-07 11:45:00,2024-03-02 17:45:00
TSK1334,Sprint planning #1334,Meeting task — Very Complex complexity.,Meeting,PRJ761,Medium,Very Complex,112.9,149.7,21,"Communication,Agile",Manager,Senior,EMP050,2023-04-19,Completed,100.0,2023-05-11,2023-05-28,2023-05-18,False,0,2,,,,7.0,False,0,7.0,8.0,Medium,Low,5.0,True,5,2023-04-18 14:15:00,2023-10-06 11:00:00
TSK1357,Sprint planning #1357,Meeting task — Complex complexity.,Meeting,PRJ662,Medium,Complex,51.3,,8,"Agile,Communication",Manager,Mid,EMP207,2023-09-24,Not Started,0.0,2023-09-25,2023-10-06,,False,0,4,,,,,False,0,,,High,Critical,21.5,True,5,2023-09-02 13:30:00,2024-08-04 12:15:00
TSK1440,Accessibility audit #1440,Testing task — Complex complexity.,Testing,PRJ466,Critical,Complex,64.5,85.9,8,"Git,REST APIs",Developer,Senior,EMP1404,2024-08-02,Completed,100.0,2024-08-02,2024-08-12,2024-08-13,True,1,1,TSK0654,,TSK0146,8.0,False,0,7.0,7.0,Medium,Low,20.0,True,2,2024-07-27 14:45:00,2024-11-13 10:15:00
TSK1443,Technology feasibility study #1443,Research task — Moderate complexity.,Research,PRJ195,Low,Moderate,12.6,10.6,5,"Python,Communication,SQL",Analyst,Mid,EMP647,2024-06-02,Completed,100.0,2024-06-03,2024-06-07,2024-06-16,True,9,2,,,TSK1107,7.0,False,0,8.0,5.0,High,Low,31.8,True,2,2024-05-21 12:15:00,2025-01-19 15:00:00
TSK1446,Research ML frameworks #1446,Research task — Complex complexity.,Research,PRJ385,Critical,Complex,40.1,48.1,13,"Python,Communication",Analyst,Senior,EMP615,2024-02-28,Completed,100.0,2024-03-06,2024-03-17,2024-03-25,True,8,5,,,,7.0,False,0,8.0,10.0,High,Low,56.6,True,4,2024-03-01 11:30:00,2024-10-31 08:45:00
TSK1457,Document review #1457,Review task — Moderate complexity.,Review,PRJ660,Low,Moderate,13.6,,5,React,Senior Engineer,Junior,EMP409,2024-04-24,Not Started,0.0,2024-05-05,2024-05-12,,False,0,5,,,,,False,0,,,Medium,Medium,5.0,True,4,2024-04-01 08:45:00,2025-02-22 12:15:00
TSK1464,Build design system #1464,Design task — Moderate complexity.,Design,PRJ599,Medium,Moderate,21.8,17.7,8,"Adobe XD,UI/UX,Figma",Designer,Mid,EMP1245,2023-07-26,Completed,100.0,2023-08-04,2023-08-13,2023-08-13,False,0,6,,,,10.0,False,0,7.0,9.0,Medium,Low,20.9,True,4,2023-07-27 17:15:00,2025-03-20 09:30:00
TSK1470,Architecture discussion #1470,Meeting task — Complex complexity.,Meeting,PRJ284,High,Complex,34.2,,13,"Communication,Agile",Manager,Mid,EMP1365,2023-07-23,Not Started,0.0,2023-07-26,2023-08-01,,False,0,1,,,,,False,0,,,High,Medium,5.0,True,3,2023-07-19 16:30:00,2024-01-31 11:00:00
TSK1481,Create wireframes #1481,Design task — Simple complexity.,Design,PRJ501,High,Simple,3.6,4.8,1,"HTML,Prototyping",Designer,Junior,EMP1193,2023-09-08,Completed,100.0,2023-10-18,2023-10-24,2023-11-06,True,13,5,,,,10.0,False,0,8.0,7.0,High,Medium,41.8,True,3,2023-08-19 15:45:00,2024-01-04 10:15:00
TSK1508,Architecture review #1508,Review task — Simple complexity.,Review,PRJ181,Medium,Simple,7.3,8.6,2,Agile,Senior Engineer,Mid,,,Completed,100.0,2023-03-09,2023-03-15,2023-03-18,True,3,5,,,,7.0,False,0,7.0,7.0,Medium,Medium,9.2,False,1,2023-02-27 10:00:00,2024-01-18 11:30:00
TSK1542,Database backup automation #1542,DevOps task — Simple complexity.,DevOps,PRJ469,Critical,Simple,5.8,4.7,1,"Git,AWS",Developer,Mid,EMP883,2023-07-20,Completed,100.0,2023-07-23,2023-07-28,2023-08-08,True,11,4,,,,7.0,False,0,9.0,10.0,Medium,High,57.8,True,4,2023-07-13 16:45:00,2024-12-21 10:30:00
TSK1547,Build REST API endpoint #1547,Development task — Very Complex complexity.,Development,PRJ094,High,Very Complex,173.1,130.5,13,Python,Developer,Senior,EMP1027,2024-02-07,Completed,100.0,2024-02-24,2024-03-24,2024-02-25,False,0,7,TSK0493,,,10.0,False,0,7.0,6.0,High,Medium,19.4,False,1,2024-01-20 11:45:00,2025-01-15 18:15:00
TSK1548,Write API documentation #1548,Documentation task — Simple complexity.,Documentation,PRJ787,Critical,Simple,1.0,1.0,3,"Excel,Git,Communication",Developer,Mid,EMP251,2024-05-09,Completed,100.0,2024-05-29,2024-05-31,2024-06-03,True,3,1,TSK0375,,,5.0,True,1,8.0,6.0,Medium,Low,24.9,False,1,2024-04-20 15:30:00,2024-12-19 17:00:00
TSK1549,Refactor legacy module #1549,Development task — Simple complexity.,Development,PRJ707,Critical,Simple,1.7,1.3,3,Node.js,Developer,Mid,EMP702,2023-09-25,Completed,100.0,2024-01-12,2024-01-20,2024-02-04,True,15,7,,,,6.0,False,0,6.0,9.0,High,Low,77.4,False,1,2023-12-03 15:00:00,2024-07-20 09:30:00
TSK1567,Write unit tests #1567,Testing task — Complex complexity.,Testing,PRJ704,Medium,Complex,74.3,,8,"Docker,SQL",Developer,Mid,EMP1143,2023-08-04,Not Started,0.0,2023-10-08,2023-10-22,,False,0,4,,"TSK1584,TSK1570",TSK0829,,False,0,,,Medium,High,27.5,True,3,2023-09-06 16:45:00,2024-03-28 12:15:00
TSK1604,Design critique #1604,Meeting task — Complex complexity.,Meeting,PRJ416,High,Complex,60.9,78.4,13,"Agile,Communication",Manager,Senior,EMP1207,2023-04-03,Completed,100.0,2023-06-15,2023-06-30,2023-06-24,False,0,7,,,,7.0,False,0,8.0,9.0,High,High,21.3,True,2,2023-05-14 12:00:00,2025-02-08 13:30:00
TSK1627,Design review #1627,Review task — Complex complexity.,Review,PRJ079,Medium,Complex,68.8,56.4,8,Git,Senior Engineer,Senior,EMP050,2023-08-31,Completed,100.0,2023-09-16,2023-09-29,2023-10-10,True,11,4,,,,6.0,False,0,10.0,7.0,Medium,Medium,30.0,True,5,2023-09-02 09:30:00,2025-03-22 13:15:00
TSK1637,Infrastructure as code #1637,DevOps task — Moderate complexity.,DevOps,PRJ043,High,Moderate,16.4,,8,"Docker,Git",Developer,Senior,EMP959,2024-05-29,In Review,77.7,2024-09-23,2024-09-28,,True,200,2,"TSK1475,TSK0624",,,,False,0,,,High,High,63.0,True,3,2024-09-11 18:45:00,2025-01-19 08:30:00
TSK1647,PR review #1647,Review task — Moderate complexity.,Review,PRJ106,Medium,Moderate,15.0,,3,"React,Python,Java",Senior Engineer,Mid,EMP606,2024-09-07,In Progress,36.3,2024-10-07,2024-10-10,,True,188,1,,,,,False,0,,,High,High,62.1,False,1,2024-09-24 18:00:00,2025-02-08 14:45:00
TSK1648,Write unit tests #1648,Testing task — Very Complex complexity.,Testing,PRJ172,Low,Very Complex,181.8,,21,"SQL,Python,Git",Developer,Senior,EMP148,2024-06-28,In Review,86.1,2024-06-28,2024-07-23,,True,267,2,,,,,False,0,,,Medium,Medium,40.8,True,4,2024-06-26 08:30:00,2025-01-10 15:15:00
TSK1663,Perform integration testing #1663,Testing task — Simple complexity.,Testing,PRJ246,Critical,Simple,3.9,4.0,1,"SQL,Docker,Git",Developer,Junior,EMP521,2024-06-14,Completed,100.0,2024-06-23,2024-07-01,2024-06-28,False,0,7,,,,7.0,False,0,6.0,8.0,Medium,High,13.7,True,2,2024-06-11 10:00:00,2024-08-07 15:45:00
TSK1665,Security vulnerability scan #1665,Testing task — Moderate complexity.,Testing,PRJ245,Critical,Moderate,19.8,24.2,3,"REST APIs,Git",Developer,Junior,EMP1174,2024-01-12,Completed,100.0,2024-09-13,2024-09-20,2024-10-04,True,14,4,,,,8.0,False,0,10.0,10.0,High,Medium,65.2,True,2,2024-01-29 09:00:00,2024-11-27 08:15:00
TSK1669,Build search feature #1669,Development task — Simple complexity.,Development,PRJ154,Medium,Simple,7.9,,2,"Node.js,TypeScript,C++",Developer,Junior,EMP1363,2023-09-30,In Progress,15.2,2023-10-19,2023-10-24,,True,540,4,,,,,False,0,,,High,Medium,75.7,True,5,2023-08-21 14:00:00,2024-06-05 17:30:00
TSK1677,Build REST API endpoint #1677,Development task — Complex complexity.,Development,PRJ486,High,Complex,78.3,,8,"Node.js,C++,TypeScript",Developer,Senior,EMP459,2023-12-16,In Review,82.5,2023-12-20,2024-01-05,,True,467,6,"TSK1535,TSK1390",,TSK1393,,False,0,,,Medium,High,58.7,False,1,2023-12-07 17:15:00,2024-11-20 14:15:00
TSK1679,Build search feature #1679,Development task — Simple complexity.,Development,PRJ368,High,Simple,5.8,6.1,2,"REST APIs,Java",Developer,Mid,EMP1459,2024-03-23,Completed,100.0,2024-04-22,2024-04-24,2024-05-06,True,12,1,"TSK1568,TSK1544",,,8.0,False,0,8.0,9.0,Medium,High,34.8,True,3,2024-04-20 14:30:00,2024-07-12 15:15:00
TSK1680,Team sync #1680,Meeting task — Moderate complexity.,Meeting,PRJ595,Low,Moderate,20.0,23.8,5,"Communication,Agile",Manager,Senior,EMP611,2023-07-31,Completed,100.0,2023-09-15,2023-09-22,2023-09-30,True,8,4,TSK1421,,,9.0,False,0,7.0,8.0,Medium,Medium,25.3,True,2,2023-06-29 12:15:00,2025-01-16 08:00:00
TSK1689,Evaluate third-party libraries #1689,Research task — Very Complex complexity.,Research,PRJ399,High,Very Complex,132.3,,13,"Communication,Python",Analyst,Senior,EMP1074,2024-04-10,In Review,84.7,2024-04-21,2024-04-30,,True,351,4,,,,,False,0,,,Medium,High,65.4,False,1,2024-04-15 17:30:00,2024-09-02 12:45:00
TSK1716,Implement caching layer #1716,Development task — Moderate complexity.,Development,PRJ196,High,Moderate,9.2,12.1,3,"React,Node.js",Developer,Junior,EMP1223,2023-03-26,Completed,100.0,2023-06-24,2023-07-02,2023-06-30,False,0,6,TSK1136,,,8.0,False,0,8.0,7.0,Medium,Low,5.0,False,1,2023-06-09 13:00:00,2024-11-29 08:00:00
TSK1730,Document architecture #1730,Documentation task — Complex complexity.,Documentation,PRJ084,Low,Complex,61.2,,8,"Excel,Agile,Git",Developer,Mid,EMP310,2023-12-25,In Progress,15.5,2024-03-12,2024-03-24,,True,388,4,,,,,False,0,,,High,Medium,37.4,False,1,2023-12-17 13:45:00,2024-12-04 17:00:00
TSK1739,Stakeholder review #1739,Meeting task — Moderate complexity.,Meeting,PRJ160,Medium,Moderate,21.4,26.9,5,"Communication,Agile",Manager,Mid,EMP521,2024-04-28,Completed,100.0,2024-06-28,2024-07-02,2024-07-13,True,11,1,TSK1062,,,8.0,False,0,8.0,7.0,Low,Medium,38.3,True,5,2024-05-25 18:00:00,2024-12-28 10:00:00
TSK1755,Write API documentation #1755,Documentation task — Moderate complexity.,Documentation,PRJ285,High,Moderate,13.1,,5,Excel,Developer,Mid,EMP1474,2024-02-28,In Progress,73.9,2024-03-21,2024-03-27,,True,385,4,TSK0069,,,,False,0,,,Medium,Critical,52.8,True,4,2023-12-25 13:30:00,2024-10-21 15:30:00
TSK1781,Redesign settings page #1781,Design task — Moderate complexity.,Design,PRJ278,High,Moderate,12.0,,8,"Figma,CSS,HTML",Designer,Mid,EMP132,2023-11-12,In Progress,27.7,2023-11-16,2023-11-25,,True,508,7,,,TSK0647,,False,0,,,High,Low,71.7,True,2,2023-11-10 09:30:00,2025-01-05 08:15:00
TSK1796,Perform integration testing #1796,Testing task — Moderate complexity.,Testing,PRJ497,Low,Moderate,12.9,,5,Docker,Developer,Mid,EMP006,2023-09-26,In Progress,20.5,2023-10-08,2023-10-15,,True,549,5,,,,,False,0,,,High,Critical,61.9,False,1,2023-09-25 13:00:00,2024-08-30 13:00:00
TSK1797,Research ML frameworks #1797,Research task — Complex complexity.,Research,PRJ338,Low,Complex,32.8,,13,"SQL,Python",Analyst,Senior,EMP971,2024-03-31,In Review,87.0,2024-03-31,2024-04-06,,True,375,1,TSK1087,,TSK0051,,False,0,,,High,Low,40.6,False,1,2024-03-20 12:00:00,2024-06-04 08:00:00
TSK1818,Sprint planning #1818,Meeting task — Complex complexity.,Meeting,PRJ063,Critical,Complex,71.5,,8,Agile,Manager,Senior,EMP540,2023-08-10,In Progress,66.9,2023-09-10,2023-09-23,,True,571,4,"TSK1436,TSK1174",,,,False,0,,,High,High,90.4,True,5,2023-08-19 13:45:00,2024-07-30 17:15:00
TSK1830,Technology feasibility study #1830,Research task — Very Complex complexity.,Research,PRJ526,High,Very Complex,187.7,156.8,13,Analytics,Analyst,Mid,EMP006,2023-10-16,Completed,100.0,2023-11-26,2023-12-10,2023-12-09,False,0,7,,,,8.0,False,0,6.0,8.0,High,Medium,20.2,False,1,2023-11-07 15:15:00,2024-11-22 15:30:00
TSK1844,Redesign settings page #1844,Design task — Moderate complexity.,Design,PRJ721,Medium,Moderate,18.0,18.1,3,CSS,Designer,Mid,EMP1222,2023-04-10,Completed,100.0,2023-06-22,2023-07-01,2023-06-27,False,0,6,,"TSK1858,TSK1861",TSK1706,7.0,False,0,7.0,10.0,Medium,High,27.6,False,1,2023-04-07 14:45:00,2024-07-24 09:00:00
TSK1847,Design email templates #1847,Design task — Complex complexity.,Design,PRJ625,Critical,Complex,39.1,32.3,13,Adobe XD,Designer,Senior,EMP1227,2024-01-04,Completed,100.0,2024-01-08,2024-01-15,2024-01-14,False,0,5,"TSK0476,TSK0435",,,8.0,False,0,8.0,7.0,High,High,26.3,False,1,2023-12-23 15:45:00,2024-12-30 15:00:00
TSK1871,Refactor legacy module #1871,Development task — Moderate complexity.,Development,PRJ437,High,Moderate,19.5,,5,"Go,Node.js",Developer,Senior,EMP521,2024-03-03,In Review,77.9,2024-05-03,2024-05-10,,True,341,4,TSK0078,,,,False,0,,,High,Medium,66.5,True,3,2024-03-12 13:00:00,2025-03-29 16:00:00
TSK1879,Stakeholder review #1879,Meeting task — Moderate complexity.,Meeting,PRJ424,High,Moderate,15.9,18.1,8,Communication,Manager,Senior,EMP369,2023-07-05,Completed,100.0,2023-07-19,2023-07-26,2023-08-02,True,7,5,,,,9.0,False,0,8.0,7.0,High,Critical,42.1,True,5,2023-06-04 11:00:00,2025-02-22 18:00:00
TSK1892,Team sync #1892,Meeting task — Complex complexity.,Meeting,PRJ792,High,Complex,50.6,44.3,8,"Communication,Agile",Manager,Mid,EMP851,2024-02-08,Completed,100.0,2024-05-26,2024-06-07,2024-06-12,True,5,5,,,,7.0,False,0,8.0,6.0,Medium,Critical,42.1,True,4,2024-01-19 11:30:00,2025-01-27 15:45:00
TSK1908,Document review #1908,Review task — Moderate complexity.,Review,PRJ069,Medium,Moderate,16.3,19.8,3,"Python,Agile",Senior Engineer,Mid,EMP843,2024-02-11,Completed,100.0,2024-05-17,2024-05-24,2024-05-31,True,7,4,,,,6.0,False,0,8.0,6.0,Medium,Medium,31.0,False,1,2024-01-28 11:15:00,2024-12-12 10:30:00
TSK1914,Update onboarding guide #1914,Documentation task — Very Complex complexity.,Documentation,PRJ756,Low,Very Complex,197.5,174.2,21,"Git,Agile,Communication",Developer,Mid,EMP156,2024-05-01,Completed,100.0,2024-05-06,2024-05-28,2024-06-02,True,5,2,,,,7.0,False,0,10.0,8.0,High,Critical,10.5,True,4,2024-04-26 12:15:00,2024-10-28 18:45:00
TSK1917,Update README #1917,Documentation task — Very Complex complexity.,Documentation,PRJ234,Medium,Very Complex,195.9,212.1,21,Git,Developer,Senior,EMP521,2023-11-21,Completed,100.0,2024-01-27,2024-02-28,2024-02-04,False,0,7,,,,7.0,False,0,7.0,7.0,Medium,Medium,5.0,True,2,2024-01-11 16:45:00,2024-05-30 08:30:00
TSK1924,Setup CI/CD pipeline #1924,DevOps task — Complex complexity.,DevOps,PRJ426,High,Complex,61.1,,13,"Kubernetes,Linux",Developer,Senior,EMP1174,2023-07-01,In Review,89.9,2023-08-17,2023-08-26,,True,599,1,,,,,False,0,,,Medium,Low,68.0,True,3,2023-06-23 18:15:00,2023-08-28 18:00:00
TSK1927,Redesign settings page #1927,Design task — Complex complexity.,Design,PRJ041,Medium,Complex,27.4,31.9,8,"Adobe XD,Illustrator,Figma",Designer,Senior,EMP1092,2024-07-05,Completed,100.0,2024-09-15,2024-09-20,2024-10-01,True,11,1,,,,10.0,False,0,8.0,9.0,High,Critical,32.3,False,1,2024-09-12 18:45:00,2025-03-23 13:30:00
TSK1938,Deploy to staging #1938,DevOps task — Complex complexity.,DevOps,PRJ293,Low,Complex,52.0,41.5,8,"Linux,Docker,AWS",Developer,Senior,EMP1494,2023-09-06,Completed,100.0,2023-09-25,2023-10-05,2023-10-01,False,0,6,,,,4.0,True,2,6.0,8.0,High,Critical,16.2,False,1,2023-09-23 10:00:00,2025-04-16 12:30:00
TSK1946,Setup CI/CD pipeline #1946,DevOps task — Complex complexity.,DevOps,PRJ183,Medium,Complex,79.5,76.0,8,"Git,Docker,Linux",Developer,Senior,EMP1371,2024-03-02,Completed,100.0,2024-03-03,2024-03-18,2024-03-03,False,0,5,,"TSK1957,TSK1953",,7.0,False,0,7.0,8.0,Medium,Critical,25.6,False,1,2024-03-01 16:45:00,2025-01-19 10:15:00
TSK1981,API contract testing #1981,Testing task — Very Complex complexity.,Testing,PRJ759,Medium,Very Complex,163.8,,13,"Docker,Git,SQL",Developer,Mid,EMP144,2023-10-04,In Review,82.2,2023-10-04,2023-10-26,,True,538,1,,,,,False,0,,,High,Critical,58.0,True,3,2023-10-03 09:30:00,2025-04-16 11:30:00
TSK1983,Update onboarding guide #1983,Documentation task — Moderate complexity.,Documentation,PRJ074,High,Moderate,10.3,13.7,8,"Communication,Agile",Developer,Senior,EMP1326,2023-11-13,Completed,100.0,2023-12-15,2023-12-21,2023-12-28,True,7,4,,,,8.0,False,0,8.0,8.0,Medium,High,40.6,False,1,2023-10-19 12:15:00,2025-02-17 12:30:00
TSK1987,Code review #1987,Review task — Very Complex complexity.,Review,PRJ315,Critical,Very Complex,166.0,,13,Git,Senior Engineer,Senior,,,In Review,78.8,2024-05-21,2024-06-14,,True,306,3,,,,,False,0,,,Medium,Critical,84.5,True,4,2024-05-17 10:00:00,2024-10-13 17:15:00
TSK1997,Code review #1997,Review task — Moderate complexity.,Review,PRJ401,Low,Moderate,22.4,,3,"Agile,Java,Git",Senior Engineer,Mid,EMP424,2024-04-07,In Progress,59.6,2024-05-16,2024-05-20,,True,331,1,,,,,False,0,,,High,High,42.6,True,2,2024-05-07 13:30:00,2024-05-26 16:00:00
TSK2015,Technology feasibility study #2015,Research task — Complex complexity.,Research,PRJ062,Critical,Complex,66.7,,8,"Python,SQL",Analyst,Senior,EMP061,2023-09-28,Not Started,0.0,2023-11-23,2023-12-09,,False,0,7,,,,,False,0,,,High,Medium,34.1,False,1,2023-09-30 13:45:00,2024-11-03 16:15:00
TSK2038,Accessibility audit #2038,Testing task — Moderate complexity.,Testing,PRJ335,High,Moderate,20.4,21.6,8,SQL,Developer,Mid,EMP1465,2023-12-24,Completed,100.0,2024-01-16,2024-01-22,2024-01-31,True,9,3,,,,8.0,False,0,9.0,6.0,High,High,42.0,True,3,2023-08-13 13:45:00,2024-11-01 18:30:00
TSK2044,Develop payment gateway #2044,Development task — Simple complexity.,Development,PRJ322,High,Simple,7.9,8.7,3,"Python,Node.js",Developer,Mid,EMP702,2024-07-27,Completed,100.0,2024-08-11,2024-08-19,2024-09-03,True,15,7,TSK0893,,,8.0,False,0,7.0,8.0,Medium,High,54.7,False,1,2024-06-07 15:15:00,2024-09-01 08:45:00
TSK2050,Implement caching layer #2050,Development task — Complex complexity.,Development,PRJ674,Critical,Complex,77.1,59.1,13,"Python,Node.js",Developer,Senior,,,Completed,100.0,2023-04-20,2023-05-02,2023-04-21,False,0,2,"TSK0916,TSK0965",,,9.0,False,0,5.0,7.0,High,High,11.8,False,1,2023-03-20 09:30:00,2023-12-13 11:00:00
TSK2061,Build search feature #2061,Development task — Very Complex complexity.,Development,PRJ694,Low,Very Complex,100.5,,21,"Go,React",Developer,Mid,EMP610,2023-01-09,Not Started,0.0,2023-03-09,2023-03-26,,False,0,4,,"TSK2073,TSK2065",,,False,0,,,Medium,High,14.0,True,4,2023-01-14 17:45:00,2024-07-05 17:15:00
TSK2066,Code review #2066,Review task — Complex complexity.,Review,PRJ686,Critical,Complex,45.3,52.7,8,"Git,Agile",Senior Engineer,Senior,EMP752,2024-03-11,Completed,100.0,2024-04-02,2024-04-13,2024-04-15,True,2,5,,,,7.0,False,0,8.0,9.0,High,Critical,34.8,True,3,2024-03-27 18:45:00,2024-11-22 08:30:00
TSK2072,Accessibility audit #2072,Testing task — Moderate complexity.,Testing,PRJ511,Critical,Moderate,21.2,25.0,3,"Docker,Git,SQL",Developer,Senior,EMP1441,2024-05-27,Completed,100.0,2024-06-02,2024-06-11,2024-06-06,False,0,6,"TSK0516,TSK1010",,,8.0,False,0,9.0,9.0,Medium,High,27.8,True,3,2024-05-08 12:00:00,2025-01-29 10:00:00
TSK2112,Update README #2112,Documentation task — Moderate complexity.,Documentation,PRJ622,High,Moderate,14.8,16.2,3,"Communication,Git",Developer,Senior,EMP198,2023-05-27,Completed,100.0,2023-09-06,2023-09-15,2023-09-06,False,0,7,,,,7.0,False,0,7.0,6.0,Low,Medium,16.3,False,1,2023-08-30 09:45:00,2024-06-07 08:00:00
TSK2121,Update README #2121,Documentation task — Very Complex complexity.,Documentation,PRJ784,High,Very Complex,91.7,,13,Git,Developer,Senior,EMP458,2024-08-20,In Progress,44.5,2024-08-30,2024-09-12,,True,216,1,,,,,False,0,,,High,High,64.9,False,1,2024-06-01 13:45:00,2025-01-23 10:30:00
TSK2137,Build notification service #2137,Development task — Moderate complexity.,Development,PRJ762,Medium,Moderate,21.9,21.2,8,TypeScript,Developer,Senior,EMP051,2023-12-20,Completed,100.0,2023-12-26,2023-12-30,2023-12-30,False,0,1,,,,7.0,False,0,8.0,8.0,Medium,High,7.8,True,4,2023-12-13 10:15:00,2024-06-09 12:45:00
TSK2140,PR review #2140,Review task — Complex complexity.,Review,PRJ546,High,Complex,26.9,30.5,13,Python,Senior Engineer,Mid,EMP1342,2024-06-07,Completed,100.0,2024-07-10,2024-07-18,2024-07-12,False,0,4,,,,7.0,False,0,8.0,9.0,Medium,Critical,8.2,True,3,2024-05-14 09:45:00,2024-08-02 09:30:00
TSK2154,Write unit tests #2154,Testing task — Moderate complexity.,Testing,PRJ018,High,Moderate,14.4,,8,Python,Developer,Mid,EMP267,2024-05-22,Not Started,0.0,2024-06-17,2024-06-24,,False,0,5,,,,,False,0,,,High,High,16.3,True,5,2024-06-01 12:15:00,2024-09-16 16:45:00
TSK2188,Sprint planning #2188,Meeting task — Very Complex complexity.,Meeting,PRJ099,High,Very Complex,82.5,,13,"Agile,Communication",Manager,Junior,EMP815,2023-09-05,In Progress,41.6,2023-09-10,2023-09-28,,True,566,7,TSK0938,,,,False,0,,,High,Low,65.2,True,2,2023-09-06 11:00:00,2024-07-30 10:30:00
TSK2202,Competitive analysis #2202,Research task — Simple complexity.,Research,PRJ571,Medium,Simple,7.1,,2,Python,Analyst,Mid,EMP370,2024-08-11,In Progress,68.3,2024-09-30,2024-10-02,,True,196,1,TSK1966,,,,False,0,,,Medium,Critical,49.8,True,4,2024-08-03 09:00:00,2025-01-04 16:30:00
TSK2207,Refactor legacy module #2207,Development task — Very Complex complexity.,Development,PRJ028,Low,Very Complex,149.5,121.5,21,"Python,SQL",Developer,Mid,EMP549,2024-02-26,Completed,100.0,2024-04-23,2024-05-18,2024-05-29,True,11,6,"TSK0118,TSK1272",,,9.0,False,0,8.0,5.0,High,Critical,47.0,False,1,2024-03-09 17:45:00,2024-10-31 12:15:00
TSK2217,Sprint planning #2217,Meeting task — Simple complexity.,Meeting,PRJ713,Medium,Simple,4.2,3.6,2,Communication,Manager,Mid,EMP1174,2024-11-13,Completed,100.0,2024-12-18,2024-12-24,2025-01-05,True,12,5,,,,7.0,False,0,7.0,8.0,Medium,High,49.6,True,2,2024-09-26 13:15:00,2024-12-28 17:45:00
TSK2247,Create icon set #2247,Design task — Very Complex complexity.,Design,PRJ679,High,Very Complex,85.4,106.0,13,Illustrator,Designer,Mid,EMP1175,2024-05-09,Completed,100.0,2024-07-16,2024-07-28,2024-08-06,True,9,1,,,,9.0,False,0,7.0,9.0,High,High,59.8,True,4,2024-03-09 12:15:00,2024-10-20 09:30:00
TSK2266,Build design system #2266,Design task — Very Complex complexity.,Design,PRJ297,High,Very Complex,187.8,,13,Figma,Designer,Senior,EMP841,2023-03-18,In Review,89.4,2023-03-20,2023-04-10,,True,737,6,,,,,False,0,,,Low,Medium,62.3,True,4,2023-03-20 13:00:00,2024-01-03 12:15:00
TSK2270,Create wireframes #2270,Design task — Complex complexity.,Design,PRJ101,High,Complex,54.9,,8,"CSS,Figma",Designer,Junior,EMP109,2023-03-28,Not Started,0.0,2023-05-19,2023-05-26,,False,0,1,"TSK1024,TSK1384",,,,False,0,,,High,High,22.0,False,1,2023-04-04 16:00:00,2023-08-26 12:00:00
TSK2292,Architecture review #2292,Review task — Moderate complexity.,Review,PRJ627,Critical,Moderate,22.8,,5,Java,Senior Engineer,Mid,EMP382,2024-02-06,Blocked,29.5,2024-03-09,2024-03-19,,True,393,7,,"TSK2310,TSK2309",,,False,0,,,Medium,Medium,86.1,True,5,2024-02-10 13:45:00,2025-01-27 12:45:00
TSK2293,Retrospective #2293,Meeting task — Moderate complexity.,Meeting,PRJ693,Medium,Moderate,20.0,19.1,8,"Communication,Agile",Manager,Mid,EMP1192,2024-08-03,Completed,100.0,2024-10-15,2024-10-22,2024-10-24,True,2,4,,,,7.0,False,0,8.0,6.0,Medium,High,12.4,False,1,2024-09-26 17:30:00,2024-11-07 14:30:00
TSK2353,Evaluate third-party libraries #2353,Research task — Moderate complexity.,Research,PRJ183,Critical,Moderate,21.5,27.9,5,Excel,Analyst,Mid,EMP1315,2024-03-02,Completed,100.0,2024-03-08,2024-03-16,2024-03-08,False,0,5,,,,8.0,False,0,7.0,7.0,Medium,High,29.8,True,2,2024-03-01 16:30:00,2024-05-22 12:45:00
TSK2360,Create runbook #2360,Documentation task — Simple complexity.,Documentation,PRJ278,Medium,Simple,2.6,,2,Communication,Developer,Mid,EMP1165,2024-01-14,Not Started,0.0,2024-04-20,2024-04-28,,False,0,7,,,,,False,0,,,Medium,Low,6.3,False,1,2024-01-10 09:45:00,2025-02-20 09:30:00
TSK2406,Write API documentation #2406,Documentation task — Moderate complexity.,Documentation,PRJ555,Critical,Moderate,23.0,27.1,3,"Agile,Git,Excel",Developer,Mid,EMP362,2024-04-02,Completed,100.0,2024-05-15,2024-05-20,2024-05-21,True,1,2,"TSK0333,TSK0186",,TSK2085,6.0,False,0,7.0,7.0,Medium,Medium,31.1,True,3,2023-12-17 11:15:00,2024-12-29 13:15:00
TSK2415,Security vulnerability scan #2415,Testing task — Moderate complexity.,Testing,PRJ535,Medium,Moderate,11.8,,8,"Python,REST APIs,Git",Developer,Mid,EMP1184,2023-07-05,In Progress,64.0,2023-09-15,2023-09-22,,True,572,5,"TSK1885,TSK2302",,,,False,0,,,High,Medium,61.7,False,1,2023-07-14 16:00:00,2024-10-15 17:00:00
TSK2429,Design critique #2429,Meeting task — Simple complexity.,Meeting,PRJ323,Critical,Simple,5.4,,1,"Agile,Communication",Manager,Senior,EMP677,2024-05-15,Blocked,30.9,2024-05-16,2024-05-21,,True,330,4,"TSK1810,TSK1987",,,,False,0,,,High,Low,74.6,True,4,2024-05-07 14:15:00,2025-02-18 08:45:00
TSK2457,Database backup automation #2457,DevOps task — Very Complex complexity.,DevOps,PRJ774,Medium,Very Complex,152.7,,21,Docker,Developer,Mid,EMP1081,2023-04-26,Not Started,0.0,2023-05-03,2023-05-24,,False,0,1,,,,,False,0,,,High,Medium,12.5,False,1,2023-04-29 08:00:00,2023-11-09 14:15:00
TSK2458,Design email templates #2458,Design task — Simple complexity.,Design,PRJ365,Critical,Simple,6.3,,1,Illustrator,Designer,Mid,,,Not Started,0.0,2023-06-23,2023-06-26,,False,0,2,,,,,False,0,,,Low,Medium,24.8,True,5,2023-05-20 17:00:00,2024-06-08 12:15:00
TSK2478,Security vulnerability scan #2478,Testing task — Complex complexity.,Testing,PRJ556,Low,Complex,59.1,,13,REST APIs,Developer,Senior,EMP1311,2024-08-02,In Review,83.5,2024-08-29,2024-09-12,,True,216,6,,,,,False,0,,,Medium,Medium,53.9,False,1,2024-06-07 08:45:00,2024-12-18 15:00:00
TSK2488,E2E test automation #2488,Testing task — Complex complexity.,Testing,PRJ792,Medium,Complex,48.2,34.2,8,"SQL,Git,Docker",Developer,Senior,,,Completed,100.0,2023-12-11,2023-12-20,2023-12-28,True,8,2,TSK1777,,,7.0,False,0,6.0,6.0,High,Medium,32.4,True,3,2023-12-04 14:00:00,2024-05-12 08:30:00
TSK2522,Create database schema #2522,Development task — Simple complexity.,Development,PRJ636,Low,Simple,3.1,,3,"React,TypeScript,Java",Developer,Junior,EMP1214,2024-08-18,In Progress,58.5,2024-11-18,2024-11-23,,True,144,4,,,,,False,0,,,High,Medium,53.1,True,2,2024-11-17 15:15:00,2025-04-12 14:45:00
TSK2536,Document architecture #2536,Documentation task — Very Complex complexity.,Documentation,PRJ407,Critical,Very Complex,136.2,103.4,21,"Communication,Git",Developer,Junior,EMP224,2024-05-27,Completed,100.0,2024-06-05,2024-06-25,2024-06-25,False,0,2,,,,10.0,False,0,8.0,9.0,High,Medium,35.8,False,1,2024-05-18 17:45:00,2025-03-25 10:30:00
TSK2545,Evaluate third-party libraries #2545,Research task — Moderate complexity.,Research,PRJ144,Medium,Moderate,19.2,,8,"SQL,Analytics",Analyst,Junior,EMP1321,2024-01-20,Not Started,0.0,2024-09-28,2024-10-08,,False,0,7,"TSK0727,TSK0562","TSK2549,TSK2548",,,False,0,,,Medium,High,26.6,True,4,2024-06-07 18:30:00,2024-12-16 18:30:00
TSK2554,Retrospective #2554,Meeting task — Simple complexity.,Meeting,PRJ794,High,Simple,6.0,,1,"Agile,Communication",Manager,Senior,EMP430,2024-08-08,In Review,85.5,2024-09-03,2024-09-09,,True,219,5,,,,,False,0,,,Medium,High,69.5,True,5,2024-08-30 10:30:00,2025-03-19 10:30:00
TSK2592,Redesign settings page #2592,Design task — Very Complex complexity.,Design,PRJ632,High,Very Complex,81.6,86.7,21,"UI/UX,HTML",Designer,Senior,EMP601,2023-10-23,Completed,100.0,2024-02-26,2024-03-11,2024-03-22,True,11,3,,,,9.0,False,0,9.0,7.0,High,Low,42.6,False,1,2023-10-30 08:45:00,2025-02-25 18:30:00
TSK2605,Design email templates #2605,Design task — Simple complexity.,Design,PRJ662,Medium,Simple,2.1,1.6,1,Illustrator,Designer,Junior,,,Completed,100.0,2023-09-19,2023-09-23,2023-10-06,True,13,3,,,TSK1274,8.0,False,0,7.0,8.0,Medium,Low,29.1,True,5,2023-09-05 14:00:00,2025-04-06 12:45:00
TSK2607,Develop admin dashboard #2607,Development task — Complex complexity.,Development,PRJ495,Medium,Complex,48.1,,13,Python,Developer,Mid,EMP941,2024-06-17,In Review,76.5,2024-06-25,2024-07-03,,True,287,1,,,,,False,0,,,Medium,Medium,50.9,False,1,2024-06-12 12:00:00,2025-04-01 18:30:00
TSK2631,Update README #2631,Documentation task — Complex complexity.,Documentation,PRJ101,Low,Complex,54.6,,8,"Agile,Excel,Communication",Developer,Mid,EMP022,2023-03-23,Not Started,0.0,2023-05-11,2023-05-21,,False,0,3,,,TSK2480,,False,0,,,Low,Medium,5.4,False,1,2023-03-25 08:45:00,2025-01-30 14:00:00
TSK2651,Create runbook #2651,Documentation task — Complex complexity.,Documentation,PRJ013,Critical,Complex,35.9,35.8,13,"Git,Agile,Excel",Developer,Senior,EMP724,2023-01-30,Completed,100.0,2023-02-23,2023-03-02,2023-02-26,False,0,2,,,,7.0,False,0,9.0,10.0,Medium,Low,16.9,False,1,2023-02-05 09:00:00,2023-03-11 12:15:00
TSK2697,Create icon set #2697,Design task — Simple complexity.,Design,PRJ448,Critical,Simple,7.3,,3,"Illustrator,Adobe XD,Prototyping",Designer,Senior,,,In Review,77.1,2024-09-20,2024-09-22,,True,206,1,TSK2103,,TSK2397,,False,0,,,High,High,60.4,True,3,2024-09-19 15:15:00,2024-09-26 09:45:00
TSK2704,Perform integration testing #2704,Testing task — Very Complex complexity.,Testing,PRJ522,Medium,Very Complex,120.9,,13,"Docker,REST APIs",Developer,Mid,EMP416,2023-03-11,Blocked,45.2,2023-06-14,2023-07-01,,True,655,1,,,,,False,0,,,Low,Medium,58.4,True,3,2023-01-28 13:45:00,2023-09-23 18:15:00
TSK2710,Design critique #2710,Meeting task — Simple complexity.,Meeting,PRJ248,Medium,Simple,3.9,5.2,3,"Agile,Communication",Manager,Junior,EMP534,2023-04-01,Completed,100.0,2023-04-14,2023-04-21,2023-04-19,False,0,6,,"TSK2726,TSK2722",,9.0,False,0,9.0,7.0,Medium,Medium,26.8,True,5,2023-04-09 09:30:00,2024-02-21 18:45:00
TSK2734,Write unit tests #2734,Testing task — Moderate complexity.,Testing,PRJ476,Medium,Moderate,21.1,25.2,8,Docker,Developer,Mid,,,Completed,100.0,2023-04-19,2023-04-29,2023-04-27,False,0,7,,,,10.0,False,0,9.0,6.0,High,Low,5.0,False,1,2023-04-16 10:30:00,2025-01-23 17:45:00
TSK2748,Write API documentation #2748,Documentation task — Complex complexity.,Documentation,PRJ392,Medium,Complex,40.9,47.8,13,"Excel,Communication",Developer,Mid,EMP926,2023-02-18,Completed,100.0,2023-03-13,2023-03-20,2023-03-29,True,9,1,"TSK0831,TSK2709","TSK2758,TSK2753",,6.0,False,0,7.0,8.0,High,Medium,50.3,True,3,2023-01-26 15:00:00,2024-12-08 18:15:00
TSK2752,Research ML frameworks #2752,Research task — Moderate complexity.,Research,PRJ767,Critical,Moderate,9.9,9.3,5,"SQL,Python,Communication",Analyst,Junior,EMP1326,2023-07-26,Completed,100.0,2023-07-26,2023-08-01,2023-07-26,False,0,4,,,,8.0,False,0,7.0,8.0,High,High,33.0,False,1,2023-06-15 14:15:00,2024-06-04 17:30:00
TSK2791,Redesign settings page #2791,Design task — Complex complexity.,Design,PRJ211,High,Complex,79.4,77.4,13,HTML,Designer,Junior,EMP267,2024-07-31,Completed,100.0,2024-08-14,2024-08-29,2024-09-01,True,3,5,,"TSK2804,TSK2794",TSK2341,6.0,False,0,8.0,6.0,Medium,High,46.5,True,3,2024-06-14 16:00:00,2024-10-28 18:30:00
TSK2806,Setup alerting rules #2806,DevOps task — Complex complexity.,DevOps,PRJ620,Low,Complex,24.0,24.6,13,"Docker,AWS,Kubernetes",Developer,Mid,EMP899,2024-08-14,Completed,100.0,2024-09-26,2024-10-03,2024-10-18,True,15,3,,,,9.0,False,0,9.0,7.0,High,High,40.8,False,1,2024-08-09 14:45:00,2024-11-09 14:15:00
TSK2810,Retrospective #2810,Meeting task — Complex complexity.,Meeting,PRJ759,High,Complex,44.7,,8,"Agile,Communication",Manager,Mid,EMP405,2024-01-26,In Progress,59.2,2024-02-07,2024-02-18,,True,423,5,,"TSK2814,TSK2811",,,False,0,,,Medium,High,90.0,False,1,2023-10-24 14:00:00,2024-10-17 15:15:00
TSK2818,Run regression suite #2818,Testing task — Moderate complexity.,Testing,PRJ538,High,Moderate,17.7,19.5,8,"Git,REST APIs",Developer,Junior,EMP185,2024-08-02,Completed,100.0,2024-08-12,2024-08-17,2024-08-20,True,3,2,,,TSK0909,7.0,False,0,9.0,8.0,Medium,High,31.7,False,1,2024-08-10 17:45:00,2024-09-14 12:30:00
TSK2819,Create wireframes #2819,Design task — Moderate complexity.,Design,PRJ127,Medium,Moderate,22.6,28.0,5,"Adobe XD,Illustrator",Designer,Senior,EMP370,2024-02-27,Completed,100.0,2024-02-27,2024-03-06,2024-03-02,False,0,5,"TSK1677,TSK1734",,,7.0,False,0,7.0,10.0,Medium,Critical,5.0,False,1,2024-02-19 13:30:00,2024-03-14 12:15:00
TSK2848,Update README #2848,Documentation task — Complex complexity.,Documentation,PRJ146,Medium,Complex,60.8,,8,Agile,Developer,Senior,EMP156,2023-06-06,Blocked,10.9,2023-08-17,2023-09-01,,True,593,7,,,TSK0023,,False,0,,,High,High,45.2,False,1,2023-07-16 13:45:00,2024-11-21 14:00:00
TSK2870,Perform integration testing #2870,Testing task — Very Complex complexity.,Testing,PRJ279,Critical,Very Complex,86.7,,13,"Python,REST APIs,Git",Developer,Senior,EMP180,2024-02-10,In Progress,63.9,2024-03-24,2024-04-06,,True,375,2,,,TSK2353,,False,0,,,Low,Low,62.7,True,4,2024-03-01 18:00:00,2024-11-11 15:15:00
TSK2878,Architecture review #2878,Review task — Moderate complexity.,Review,PRJ507,High,Moderate,22.1,,8,"Java,React",Senior Engineer,Junior,EMP841,2023-11-17,In Review,86.6,2023-12-13,2023-12-18,,True,485,2,"TSK1493,TSK1836",,,,False,0,,,High,Medium,70.0,False,1,2023-11-10 10:45:00,2025-02-28 14:45:00
TSK2917,Create wireframes #2917,Design task — Complex complexity.,Design,PRJ785,High,Complex,62.9,83.0,8,"Figma,Prototyping",Designer,Junior,EMP1184,2024-02-21,Completed,100.0,2024-03-27,2024-04-10,2024-04-15,True,5,6,"TSK1491,TSK0411",,TSK0986,7.0,False,0,8.0,7.0,Medium,High,39.1,True,5,2024-03-08 16:45:00,2024-07-04 13:30:00
TSK2919,Build design system #2919,Design task — Simple complexity.,Design,PRJ159,Critical,Simple,1.4,1.1,3,"Sketch,Figma",Designer,Mid,EMP162,2024-05-10,Completed,100.0,2024-06-01,2024-06-05,2024-06-09,True,4,3,"TSK1114,TSK0421",,,6.0,False,0,9.0,8.0,Low,High,42.0,False,1,2024-05-07 13:15:00,2024-08-09 15:00:00
TSK2939,Conduct load testing #2939,Testing task — Moderate complexity.,Testing,PRJ595,Medium,Moderate,8.8,10.1,3,"Docker,Python,Git",Developer,Junior,EMP1356,2023-08-08,Completed,100.0,2023-09-18,2023-09-22,2023-09-27,True,5,2,,,TSK0215,6.0,False,0,9.0,9.0,High,Medium,24.7,True,4,2023-07-04 10:00:00,2023-09-26 11:30:00
TSK2969,Design critique #2969,Meeting task — Moderate complexity.,Meeting,PRJ539,Medium,Moderate,9.7,,5,Communication,Manager,Senior,EMP611,2023-10-09,In Progress,11.9,2023-11-25,2023-11-28,,True,505,1,,,,,False,0,,,High,Low,63.5,False,1,2023-08-26 09:00:00,2025-03-17 11:30:00
TSK2972,Create icon set #2972,Design task — Simple complexity.,Design,PRJ206,High,Simple,3.8,4.2,1,Illustrator,Designer,Junior,EMP1480,2023-10-28,Completed,100.0,2023-12-01,2023-12-05,2023-12-01,False,0,3,,,,7.0,False,0,7.0,5.0,Low,High,7.5,True,4,2023-10-27 09:15:00,2024-02-20 14:30:00
TSK2980,Develop payment gateway #2980,Development task — Complex complexity.,Development,PRJ434,High,Complex,71.4,,8,"C++,Docker,REST APIs",Developer,Senior,EMP050,2023-12-06,Blocked,42.7,2023-12-06,2023-12-22,,True,481,7,,,,,False,0,,,High,Medium,74.5,False,1,2023-12-05 15:15:00,2025-03-23 14:30:00
TSK3001,Architecture discussion #3001,Meeting task — Complex complexity.,Meeting,PRJ757,High,Complex,62.5,48.9,13,"Agile,Communication",Manager,Mid,EMP448,2024-04-13,Completed,100.0,2024-05-06,2024-05-17,2024-05-10,False,0,3,,,,8.0,False,0,6.0,8.0,High,High,5.0,True,2,2024-01-24 08:30:00,2024-07-04 18:00:00
TSK3005,Create icon set #3005,Design task — Moderate complexity.,Design,PRJ092,Critical,Moderate,20.3,16.6,3,Adobe XD,Designer,Mid,,,Completed,100.0,2023-07-07,2023-07-17,2023-07-21,True,4,7,,,,6.0,False,0,8.0,9.0,Medium,Medium,49.1,True,3,2023-06-29 17:15:00,2024-10-10 11:15:00
TSK3013,Database backup automation #3013,DevOps task — Complex complexity.,DevOps,PRJ399,Critical,Complex,54.8,,13,Git,Developer,Senior,EMP1325,2024-03-14,In Progress,23.3,2024-03-16,2024-03-27,,True,385,4,,"TSK3030,TSK3020",TSK2479,,False,0,,,High,High,95.0,True,3,2024-03-13 17:30:00,2024-07-19 12:15:00
TSK3020,Accessibility audit #3020,Testing task — Moderate complexity.,Testing,PRJ402,Low,Moderate,14.8,,5,Git,Developer,Senior,EMP329,2024-05-28,In Progress,27.2,2024-10-14,2024-10-20,,True,178,4,,,,,False,0,,,Low,Critical,36.5,False,1,2024-02-25 09:45:00,2025-03-08 13:30:00
TSK3034,Team sync #3034,Meeting task — Moderate complexity.,Meeting,PRJ626,Low,Moderate,22.4,29.2,5,Agile,Manager,Senior,EMP392,2023-10-06,Completed,100.0,2023-11-11,2023-11-21,2023-11-28,True,7,7,,,,5.0,True,3,6.0,6.0,High,Medium,15.7,True,4,2023-10-13 16:15:00,2024-04-06 10:00:00
TSK3051,Stakeholder review #3051,Meeting task — Moderate complexity.,Meeting,PRJ225,Medium,Moderate,8.2,10.1,8,"Agile,Communication",Manager,Mid,EMP076,2023-07-23,Completed,100.0,2023-09-04,2023-09-08,2023-09-16,True,8,2,,,TSK2606,8.0,False,0,7.0,7.0,Medium,High,28.8,True,3,2023-09-04 15:00:00,2024-05-07 10:15:00
TSK3068,Build REST API endpoint #3068,Development task — Moderate complexity.,Development,PRJ195,High,Moderate,8.5,9.4,3,Go,Developer,Junior,EMP1005,2024-05-26,Completed,100.0,2024-07-18,2024-07-22,2024-07-18,False,0,2,"TSK1457,TSK0628","TSK3074,TSK3079",,6.0,False,0,8.0,6.0,High,Medium,36.2,True,2,2024-06-30 14:00:00,2025-02-25 10:15:00
TSK3080,Stakeholder review #3080,Meeting task — Complex complexity.,Meeting,PRJ343,Medium,Complex,57.0,43.1,13,Agile,Manager,Mid,EMP986,2024-05-04,Completed,100.0,2024-05-10,2024-05-25,2024-06-08,True,14,7,,,,8.0,False,0,9.0,8.0,Low,Low,39.0,True,5,2024-04-17 11:45:00,2025-03-28 16:45:00
TSK3090,Design review #3090,Review task — Moderate complexity.,Review,PRJ409,Medium,Moderate,15.0,,5,"React,Agile",Senior Engineer,Mid,EMP061,2024-02-19,In Progress,64.2,2024-03-15,2024-03-20,,True,392,3,,,,,False,0,,,Medium,Low,55.6,False,1,2024-01-22 14:00:00,2024-04-06 13:30:00
TSK3095,Update onboarding guide #3095,Documentation task — Moderate complexity.,Documentation,PRJ401,High,Moderate,17.6,,8,"Excel,Communication,Agile",Developer,Mid,,,Not Started,0.0,2024-05-17,2024-05-26,,False,0,6,,,,,False,0,,,Medium,High,12.4,True,3,2024-04-30 11:15:00,2024-08-18 11:30:00
TSK3110,Architecture discussion #3110,Meeting task — Complex complexity.,Meeting,PRJ031,Critical,Complex,28.5,38.4,8,Agile,Manager,Mid,EMP1156,2023-12-10,Completed,100.0,2024-02-20,2024-02-28,2024-03-10,True,11,4,,,TSK1640,8.0,False,0,7.0,7.0,High,Medium,58.0,False,1,2023-12-04 08:00:00,2024-10-08 15:30:00
TSK3124,Research ML frameworks #3124,Research task — Complex complexity.,Research,PRJ100,Critical,Complex,37.8,50.5,8,"SQL,Analytics,Communication",Analyst,Senior,EMP970,2023-08-07,Completed,100.0,2024-01-12,2024-01-23,2024-01-13,False,0,6,"TSK2754,TSK3122",,,6.0,False,0,8.0,8.0,High,High,24.9,True,3,2023-08-23 16:45:00,2024-07-13 16:15:00
TSK3133,Team sync #3133,Meeting task — Moderate complexity.,Meeting,PRJ139,High,Moderate,17.5,,5,"Agile,Communication",Manager,Mid,EMP1342,2024-10-09,In Progress,62.2,2024-11-03,2024-11-08,,True,159,2,,,,,False,0,,,Medium,Low,66.6,True,4,2024-10-22 14:15:00,2025-02-26 12:15:00
TSK3147,Design onboarding flow #3147,Design task — Complex complexity.,Design,PRJ769,High,Complex,75.5,76.0,13,HTML,Designer,Senior,EMP1215,2024-08-03,Completed,100.0,2024-09-04,2024-09-11,2024-09-08,False,0,3,,,,8.0,False,0,8.0,7.0,Medium,Low,22.1,False,1,2024-08-15 11:15:00,2025-01-01 08:00:00
TSK3170,Build notification service #3170,Development task — Simple complexity.,Development,PRJ401,Medium,Simple,7.7,,2,"Java,C++",Developer,Mid,EMP137,2024-04-15,Not Started,0.0,2024-05-03,2024-05-08,,False,0,4,,"TSK3178,TSK3172",TSK0562,,False,0,,,High,High,19.4,True,3,2024-04-04 17:15:00,2025-02-01 12:30:00
TSK3173,Sprint planning #3173,Meeting task — Complex complexity.,Meeting,PRJ635,Medium,Complex,48.2,38.1,8,Agile,Manager,Senior,EMP409,2024-01-27,Completed,100.0,2024-01-27,2024-02-07,2024-01-31,False,0,4,"TSK0137,TSK1476",,,7.0,False,0,8.0,7.0,Medium,High,6.6,False,1,2023-10-28 13:45:00,2024-07-08 16:00:00
TSK3178,Create icon set #3178,Design task — Complex complexity.,Design,PRJ276,High,Complex,46.1,,8,Prototyping,Designer,Mid,EMP1276,2023-09-01,In Review,83.8,2023-09-12,2023-09-24,,True,570,6,,"TSK3195,TSK3185",,,False,0,,,High,Low,95.0,True,2,2023-08-29 09:45:00,2024-07-03 18:45:00
TSK3188,Security vulnerability scan #3188,Testing task — Moderate complexity.,Testing,PRJ385,High,Moderate,14.3,,8,"REST APIs,SQL,Python",Developer,Junior,EMP899,2024-04-08,In Progress,41.0,2024-07-29,2024-08-01,,True,258,1,TSK2282,,TSK0529,,False,0,,,High,High,56.0,True,3,2024-03-10 14:30:00,2024-08-22 09:15:00
TSK3214,Create icon set #3214,Design task — Very Complex complexity.,Design,PRJ556,Medium,Very Complex,101.8,,13,Figma,Designer,Junior,,,Not Started,0.0,2024-08-22,2024-09-05,,False,0,1,TSK2388,,TSK0419,,False,0,,,High,Critical,5.0,True,2,2024-07-25 11:30:00,2025-01-12 16:15:00
TSK3226,Run regression suite #3226,Testing task — Complex complexity.,Testing,PRJ451,Medium,Complex,58.3,,8,"Docker,REST APIs,Git",Developer,Senior,EMP076,2023-09-25,Not Started,0.0,2023-10-09,2023-10-18,,False,0,1,,"TSK3245,TSK3233",,,False,0,,,Medium,Low,25.1,False,1,2023-08-13 11:15:00,2024-08-23 18:30:00
TSK3239,Conduct load testing #3239,Testing task — Very Complex complexity.,Testing,PRJ656,Medium,Very Complex,116.1,159.3,13,SQL,Developer,Mid,EMP723,2024-06-09,Completed,100.0,2024-09-07,2024-09-25,2024-09-07,False,0,3,,,,6.0,False,0,7.0,8.0,Medium,High,5.0,True,2,2024-07-10 10:45:00,2025-03-16 17:30:00
TSK3265,Security vulnerability scan #3265,Testing task — Moderate complexity.,Testing,PRJ287,Critical,Moderate,18.0,19.0,8,Python,Developer,Junior,EMP491,2024-07-07,Completed,100.0,2024-09-17,2024-09-27,2024-10-09,True,12,7,,,,10.0,False,0,9.0,7.0,High,Critical,62.1,True,4,2024-08-06 16:15:00,2025-04-11 16:00:00
TSK3275,Conduct user research #3275,Research task — Moderate complexity.,Research,PRJ213,Medium,Moderate,20.1,21.8,3,Communication,Analyst,Senior,EMP185,2023-01-01,Completed,100.0,2023-01-05,2023-01-09,2023-01-21,True,12,1,,,,9.0,False,0,7.0,6.0,High,Critical,42.3,False,1,2023-01-02 14:45:00,2025-01-10 18:30:00
TSK3280,Benchmark database options #3280,Research task — Complex complexity.,Research,PRJ517,Medium,Complex,71.9,,13,"Excel,Python",Analyst,Mid,EMP842,2023-07-10,In Progress,22.2,2023-07-11,2023-07-25,,True,631,5,,,,,False,0,,,Medium,Medium,52.1,True,5,2023-07-10 15:15:00,2023-11-04 14:45:00
TSK3308,Architecture review #3308,Review task — Very Complex complexity.,Review,PRJ244,Medium,Very Complex,111.6,143.7,21,"React,Git",Senior Engineer,Senior,,,Completed,100.0,2023-03-25,2023-04-09,2023-03-31,False,0,1,,,,9.0,False,0,8.0,7.0,High,Low,5.8,False,1,2023-03-19 09:45:00,2023-11-02 18:15:00
TSK3322,Design landing page #3322,Design task — Simple complexity.,Design,PRJ306,Medium,Simple,3.5,3.2,1,"CSS,Figma",Designer,Senior,EMP1054,2024-07-19,Completed,100.0,2024-08-13,2024-08-20,2024-08-24,True,4,6,,,,7.0,False,0,9.0,8.0,High,High,21.4,True,4,2024-06-09 09:00:00,2024-11-29 08:00:00
TSK3330,Create runbook #3330,Documentation task — Moderate complexity.,Documentation,PRJ235,Medium,Moderate,22.4,,8,"Communication,Excel",Developer,Senior,EMP1174,2023-02-05,In Progress,59.6,2023-05-19,2023-05-28,,True,689,6,"TSK1525,TSK3290",,,,False,0,,,Medium,Critical,52.1,False,1,2023-01-08 18:00:00,2024-01-27 16:45:00
TSK3338,Document review #3338,Review task — Very Complex complexity.,Review,PRJ294,High,Very Complex,87.4,74.5,13,"Git,Python,Java",Senior Engineer,Mid,EMP051,2024-08-05,Completed,100.0,2024-08-28,2024-09-13,2024-09-28,True,15,5,TSK2134,,,10.0,False,0,8.0,5.0,High,High,51.6,False,1,2024-07-12 17:00:00,2025-04-06 12:45:00
TSK3341,Document review #3341,Review task — Moderate complexity.,Review,PRJ689,Critical,Moderate,16.7,13.9,3,"Git,Java",Senior Engineer,Mid,,,Completed,100.0,2024-10-05,2024-10-10,2024-10-24,True,14,2,,,,10.0,False,0,8.0,8.0,Medium,Low,61.9,False,1,2024-10-04 12:45:00,2025-03-02 15:15:00
TSK3362,Write release notes #3362,Documentation task — Complex complexity.,Documentation,PRJ238,High,Complex,30.2,32.7,13,"Agile,Communication",Developer,Junior,,,Completed,100.0,2023-12-16,2023-12-27,2024-01-05,True,9,7,,"TSK3376,TSK3364",,9.0,False,0,8.0,8.0,Medium,Critical,73.0,True,2,2023-08-03 10:00:00,2025-01-06 10:30:00
TSK3371,Conduct user research #3371,Research task — Moderate complexity.,Research,PRJ423,Medium,Moderate,20.6,,8,"Python,Communication,SQL",Analyst,Junior,EMP527,2023-06-20,Not Started,0.0,2023-07-04,2023-07-13,,False,0,6,,,TSK1815,,False,0,,,Low,High,14.6,False,1,2023-06-28 18:00:00,2024-07-06 11:00:00
TSK3378,Conduct load testing #3378,Testing task — Complex complexity.,Testing,PRJ679,Medium,Complex,41.8,45.1,13,"Docker,Python,REST APIs",Developer,Mid,EMP006,2024-03-05,Completed,100.0,2024-04-29,2024-05-11,2024-05-14,True,3,6,,,,6.0,False,0,8.0,9.0,Medium,Medium,15.2,True,2,2024-03-02 11:30:00,2024-05-09 18:30:00
TSK3379,Write release notes #3379,Documentation task — Complex complexity.,Documentation,PRJ143,Critical,Complex,47.8,52.5,13,"Communication,Excel",Developer,Mid,EMP843,2024-02-20,Completed,100.0,2024-02-28,2024-03-09,2024-03-12,True,3,7,,,,9.0,False,0,7.0,7.0,High,Low,39.6,True,5,2023-12-10 12:00:00,2025-03-24 11:45:00
TSK3385,Retrospective #3385,Meeting task — Moderate complexity.,Meeting,PRJ639,Critical,Moderate,10.8,14.5,8,"Agile,Communication",Manager,Senior,EMP681,2023-02-09,Completed,100.0,2023-03-04,2023-03-12,2023-03-27,True,15,6,,,TSK2856,8.0,False,0,6.0,8.0,Medium,Low,70.1,False,1,2023-01-01 14:30:00,2023-06-05 13:00:00
TSK3393,Architecture discussion #3393,Meeting task — Simple complexity.,Meeting,PRJ135,High,Simple,5.9,6.7,1,"Agile,Communication",Manager,Junior,,,Completed,100.0,2024-02-12,2024-02-15,2024-02-26,True,11,2,TSK2187,"TSK3405,TSK3404",,7.0,False,0,9.0,6.0,High,High,73.0,True,4,2024-02-09 16:15:00,2024-06-04 09:00:00
TSK3441,Database backup automation #3441,DevOps task — Very Complex complexity.,DevOps,PRJ195,High,Very Complex,161.5,124.9,21,"Kubernetes,Docker",Developer,Senior,EMP837,2024-06-01,Completed,100.0,2024-06-07,2024-07-05,2024-07-09,True,4,7,,,TSK2218,6.0,False,0,7.0,9.0,Medium,Medium,30.9,False,1,2024-05-05 13:45:00,2025-01-25 11:30:00
TSK3444,Competitive analysis #3444,Research task — Simple complexity.,Research,PRJ660,High,Simple,2.1,2.5,3,Python,Analyst,Senior,EMP1020,2024-04-15,Completed,100.0,2024-07-04,2024-07-10,2024-07-19,True,9,5,,,,9.0,False,0,7.0,8.0,High,Medium,33.8,False,1,2024-05-29 17:15:00,2024-11-25 15:30:00
TSK3481,Security vulnerability scan #3481,Testing task — Complex complexity.,Testing,PRJ443,High,Complex,56.8,47.3,8,REST APIs,Developer,Mid,EMP1020,2024-05-29,Completed,100.0,2024-05-31,2024-06-12,2024-06-20,True,8,4,,"TSK3499,TSK3494",TSK0732,8.0,False,0,7.0,7.0,Medium,High,52.9,False,1,2024-05-19 10:30:00,2024-07-09 14:30:00
TSK3491,PR review #3491,Review task — Simple complexity.,Review,PRJ142,Medium,Simple,1.5,1.9,3,"Java,Python,Agile",Senior Engineer,Senior,EMP1459,2024-09-03,Completed,100.0,2024-09-27,2024-10-02,2024-10-10,True,8,4,,,,7.0,False,0,8.0,7.0,Medium,High,22.0,False,1,2024-09-03 13:45:00,2025-02-27 15:00:00
TSK3505,Prototype user journey #3505,Design task — Moderate complexity.,Design,PRJ164,Medium,Moderate,17.6,,8,"UI/UX,HTML",Designer,Mid,EMP823,2023-04-16,Not Started,0.0,2023-10-12,2023-10-22,,False,0,7,,,,,False,0,,,Medium,Low,20.6,False,1,2023-05-18 18:00:00,2025-03-26 12:45:00
TSK3516,Create runbook #3516,Documentation task — Simple complexity.,Documentation,PRJ110,Low,Simple,5.5,6.2,2,"Excel,Agile",Developer,Senior,EMP1127,2023-03-04,Completed,100.0,2023-03-18,2023-03-24,2023-03-19,False,0,5,,,,8.0,False,0,8.0,8.0,Low,Critical,5.0,False,1,2023-03-05 12:15:00,2023-05-12 18:45:00
TSK3520,Retrospective #3520,Meeting task — Complex complexity.,Meeting,PRJ799,Low,Complex,56.6,57.1,8,"Agile,Communication",Manager,Mid,EMP740,2023-07-24,Completed,100.0,2023-07-30,2023-08-08,2023-08-10,True,2,1,,,,9.0,False,0,8.0,9.0,High,Medium,22.1,False,1,2023-07-04 16:30:00,2024-06-23 12:30:00
TSK3548,Research ML frameworks #3548,Research task — Simple complexity.,Research,PRJ606,Critical,Simple,3.6,,2,Analytics,Analyst,Mid,EMP526,2023-11-17,In Progress,10.9,2023-11-17,2023-11-24,,True,509,6,"TSK0685,TSK2388","TSK3564,TSK3550",,,False,0,,,High,Low,91.4,True,2,2023-10-19 10:45:00,2024-10-05 13:15:00
TSK3566,Document architecture #3566,Documentation task — Moderate complexity.,Documentation,PRJ216,Low,Moderate,22.2,,5,"Excel,Agile",Developer,Senior,EMP1184,2024-08-05,In Progress,66.0,2024-10-31,2024-11-07,,True,160,7,,,,,False,0,,,High,Medium,62.3,True,2,2024-08-15 08:15:00,2024-11-26 16:15:00
TSK3572,Design email templates #3572,Design task — Very Complex complexity.,Design,PRJ556,Critical,Very Complex,153.8,116.1,21,"CSS,Sketch,UI/UX",Designer,Junior,EMP409,2024-07-08,Completed,100.0,2024-08-01,2024-08-24,2024-08-31,True,7,3,,,,7.0,False,0,7.0,6.0,High,High,46.8,False,1,2024-06-18 12:45:00,2025-03-16 09:45:00
TSK3606,Database backup automation #3606,DevOps task — Complex complexity.,DevOps,PRJ591,Low,Complex,66.0,,8,"Kubernetes,AWS,Docker",Developer,Junior,EMP551,2024-07-18,Not Started,0.0,2024-09-27,2024-10-07,,False,0,1,,,,,False,0,,,High,High,5.0,False,1,2024-08-12 17:45:00,2024-10-14 18:15:00
TSK3613,Create icon set #3613,Design task — Moderate complexity.,Design,PRJ552,Medium,Moderate,10.2,,8,"Figma,Prototyping",Designer,Senior,EMP781,2023-08-29,In Progress,47.1,2023-09-15,2023-09-18,,True,576,1,,,,,False,0,,,High,Medium,53.4,False,1,2023-06-30 10:15:00,2024-05-30 15:00:00
TSK3625,E2E test automation #3625,Testing task — Moderate complexity.,Testing,PRJ448,High,Moderate,21.5,27.1,3,"Python,REST APIs",Developer,Mid,EMP506,2024-10-10,Completed,100.0,2024-11-07,2024-11-11,2024-11-16,True,5,1,,,,10.0,False,0,8.0,7.0,Medium,Low,19.0,True,4,2024-09-28 08:45:00,2025-04-06 09:15:00
TSK3649,Accessibility audit #3649,Testing task — Very Complex complexity.,Testing,PRJ040,High,Very Complex,193.4,224.5,13,"Python,REST APIs",Developer,Junior,EMP1103,2024-07-10,Completed,100.0,2025-02-05,2025-03-08,2025-03-18,True,10,6,,,TSK2146,9.0,False,0,7.0,8.0,Medium,Low,40.5,False,1,2024-11-14 13:15:00,2025-02-23 15:15:00
TSK3652,Write unit tests #3652,Testing task — Moderate complexity.,Testing,PRJ062,Medium,Moderate,15.3,,5,"Docker,SQL",Developer,Mid,EMP287,2023-11-17,Blocked,43.5,2024-01-19,2024-01-23,,True,449,2,,"TSK3658,TSK3671",,,False,0,,,High,Medium,72.1,True,5,2023-12-03 09:15:00,2025-03-17 18:45:00
TSK3654,Design landing page #3654,Design task — Very Complex complexity.,Design,PRJ088,High,Very Complex,141.9,,21,"HTML,Illustrator,Sketch",Designer,Junior,EMP1174,2023-02-20,In Progress,47.9,2023-03-26,2023-04-15,,True,732,2,TSK1979,,,,False,0,,,Medium,Low,75.2,False,1,2023-03-13 15:45:00,2025-01-15 11:00:00
TSK3694,Benchmark database options #3694,Research task — Simple complexity.,Research,PRJ021,Low,Simple,1.3,1.8,3,"SQL,Python,Analytics",Analyst,Junior,,,Completed,100.0,2023-07-12,2023-07-17,2023-07-21,True,4,4,,,TSK2549,8.0,False,0,8.0,9.0,High,Critical,5.0,True,5,2023-07-08 14:15:00,2023-09-29 17:30:00
TSK3710,Benchmark database options #3710,Research task — Moderate complexity.,Research,PRJ078,Low,Moderate,12.1,,3,"Excel,Communication,Python",Analyst,Mid,EMP841,2023-11-09,Not Started,0.0,2024-01-12,2024-01-18,,False,0,4,,,,,False,0,,,Medium,Medium,5.0,True,3,2023-10-27 15:30:00,2024-02-04 12:45:00
TSK3726,Architecture discussion #3726,Meeting task — Simple complexity.,Meeting,PRJ460,Critical,Simple,4.7,5.4,3,"Communication,Agile",Manager,Junior,EMP300,2024-07-20,Completed,100.0,2024-08-15,2024-08-20,2024-08-18,False,0,4,,"TSK3741,TSK3730",,4.0,True,2,9.0,7.0,Medium,Critical,47.8,True,3,2024-06-21 13:45:00,2025-03-13 13:45:00
TSK3729,Setup alerting rules #3729,DevOps task — Moderate complexity.,DevOps,PRJ713,Medium,Moderate,15.0,13.9,5,Git,Developer,Mid,EMP736,2024-10-13,Completed,100.0,2024-10-20,2024-10-28,2024-10-22,False,0,6,,,,8.0,False,0,5.0,6.0,Low,Low,5.4,True,4,2024-09-22 18:00:00,2025-02-15 12:15:00
TSK3734,Build design system #3734,Design task — Complex complexity.,Design,PRJ656,Critical,Complex,46.9,51.7,13,"CSS,Figma,UI/UX",Designer,Mid,EMP1125,2024-06-11,Completed,100.0,2024-06-17,2024-06-25,2024-06-17,False,0,2,,"TSK3753,TSK3750",,8.0,False,0,7.0,7.0,High,Critical,46.3,True,2,2024-06-04 09:30:00,2024-08-05 14:45:00
TSK3736,Run regression suite #3736,Testing task — Moderate complexity.,Testing,PRJ204,Medium,Moderate,17.1,,5,"Docker,REST APIs,Python",Developer,Mid,EMP1086,2023-07-02,Not Started,0.0,2023-08-06,2023-08-15,,False,0,6,"TSK3447,TSK3573",,,,False,0,,,Medium,High,5.5,True,4,2023-07-21 13:15:00,2025-03-31 12:45:00
TSK3753,Optimize Docker images #3753,DevOps task — Very Complex complexity.,DevOps,PRJ279,High,Very Complex,176.0,,13,"Docker,Git,Linux",Developer,Mid,EMP796,2023-12-28,Not Started,0.0,2024-02-22,2024-03-21,,False,0,5,,,,,False,0,,,Medium,Critical,14.0,True,4,2023-12-30 14:30:00,2024-04-20 09:00:00
TSK3792,Technology feasibility study #3792,Research task — Complex complexity.,Research,PRJ282,High,Complex,50.3,69.1,8,SQL,Analyst,Mid,EMP076,2024-02-13,Completed,100.0,2024-05-04,2024-05-13,2024-05-27,True,14,2,,,,7.0,False,0,6.0,8.0,Medium,High,50.4,True,5,2023-09-26 10:15:00,2024-07-18 15:30:00
TSK3808,Team sync #3808,Meeting task — Simple complexity.,Meeting,PRJ459,Low,Simple,6.6,,1,Agile,Manager,Junior,EMP391,2023-10-27,In Review,85.7,2023-11-27,2023-11-29,,True,504,1,,,TSK3697,,False,0,,,High,Medium,46.0,False,1,2023-10-02 12:30:00,2024-06-19 14:00:00
TSK3814,Update README #3814,Documentation task — Simple complexity.,Documentation,PRJ511,High,Simple,6.1,8.5,2,Excel,Developer,Junior,EMP940,2024-06-19,Completed,100.0,2024-07-11,2024-07-13,2024-07-26,True,13,1,TSK2190,,,8.0,False,0,9.0,8.0,High,Low,53.3,True,4,2024-05-11 15:15:00,2025-03-31 16:45:00
TSK3819,Infrastructure as code #3819,DevOps task — Very Complex complexity.,DevOps,PRJ218,Medium,Very Complex,87.2,75.6,13,"AWS,Docker",Developer,Senior,EMP225,2024-06-08,Completed,100.0,2024-06-14,2024-06-26,2024-06-15,False,0,1,TSK0038,,TSK0916,6.0,False,0,8.0,7.0,Medium,Low,5.0,False,1,2024-06-09 08:45:00,2024-08-25 17:30:00
TSK3839,Setup alerting rules #3839,DevOps task — Very Complex complexity.,DevOps,PRJ406,High,Very Complex,188.3,,21,"Docker,AWS,Git",Developer,Senior,EMP521,2023-03-18,Blocked,18.8,2023-03-29,2023-04-29,,True,718,7,,,,,False,0,,,High,Critical,71.7,True,5,2023-03-17 14:30:00,2024-02-16 14:00:00
TSK3876,Configure monitoring #3876,DevOps task — Very Complex complexity.,DevOps,PRJ312,Critical,Very Complex,111.8,106.8,13,Kubernetes,Developer,Mid,EMP1447,2023-02-26,Completed,100.0,2023-04-05,2023-04-22,2023-04-30,True,8,3,,"TSK3880,TSK3890",,8.0,False,0,7.0,8.0,Medium,High,73.1,True,4,2023-02-23 16:15:00,2024-04-19 15:30:00
TSK3882,Design onboarding flow #3882,Design task — Complex complexity.,Design,PRJ715,High,Complex,54.4,58.1,8,CSS,Designer,Mid,EMP351,2023-09-05,Completed,100.0,2023-09-18,2023-09-27,2023-09-18,False,0,2,,,TSK0485,8.0,False,0,8.0,7.0,High,Critical,17.3,True,4,2023-09-05 09:15:00,2025-02-26 12:15:00
TSK3898,Research ML frameworks #3898,Research task — Moderate complexity.,Research,PRJ201,Medium,Moderate,14.8,,5,Excel,Analyst,Junior,EMP1250,2023-10-10,Blocked,48.8,2023-10-27,2023-11-03,,True,530,5,,"TSK3911,TSK3912",,,False,0,,,High,High,86.4,True,2,2023-08-27 10:30:00,2025-01-09 16:30:00
TSK3908,Setup alerting rules #3908,DevOps task — Simple complexity.,DevOps,PRJ485,High,Simple,7.6,,3,Docker,Developer,Mid,EMP853,2024-02-15,Not Started,0.0,2024-02-24,2024-02-28,,False,0,3,,,,,False,0,,,Low,Medium,19.0,True,3,2024-02-21 15:00:00,2024-03-06 18:45:00
TSK3920,Architecture review #3920,Review task — Moderate complexity.,Review,PRJ538,High,Moderate,11.6,12.8,8,Agile,Senior Engineer,Mid,EMP924,2024-07-26,Completed,100.0,2024-07-29,2024-08-05,2024-07-29,False,0,5,TSK3374,,,9.0,False,0,10.0,7.0,Medium,Critical,14.6,False,1,2024-07-21 15:00:00,2024-09-25 09:00:00
TSK3939,Setup alerting rules #3939,DevOps task — Very Complex complexity.,DevOps,PRJ284,Critical,Very Complex,163.2,,21,Kubernetes,Developer,Senior,EMP409,2023-07-12,Blocked,24.4,2023-07-24,2023-08-20,,True,605,6,,,TSK0668,,False,0,,,High,High,79.1,False,1,2023-06-21 10:45:00,2023-07-29 09:00:00
TSK3953,Create wireframes #3953,Design task — Moderate complexity.,Design,PRJ146,High,Moderate,20.9,16.1,5,UI/UX,Designer,Senior,,,Completed,100.0,2023-06-05,2023-06-11,2023-06-11,False,0,3,,,,5.0,True,1,7.0,8.0,Medium,Medium,16.6,True,3,2023-05-29 12:00:00,2024-08-26 09:00:00
TSK3969,Run regression suite #3969,Testing task — Simple complexity.,Testing,PRJ387,Medium,Simple,6.6,,1,"Docker,REST APIs,SQL",Developer,Mid,EMP612,2023-04-29,In Progress,36.6,2023-05-06,2023-05-12,,True,705,5,,,,,False,0,,,High,High,54.3,True,3,2023-03-21 14:30:00,2024-10-28 12:00:00
TSK3973,Write API documentation #3973,Documentation task — Moderate complexity.,Documentation,PRJ020,Medium,Moderate,9.3,,8,"Communication,Agile,Git",Developer,Mid,EMP1221,2024-03-07,Blocked,27.1,2024-03-10,2024-03-18,,True,394,6,,,,,False,0,,,Medium,High,50.5,True,4,2024-03-07 14:30:00,2024-04-15 11:45:00
TSK3993,Create wireframes #3993,Design task — Simple complexity.,Design,PRJ272,Medium,Simple,4.1,,3,"Adobe XD,CSS",Designer,Mid,,,Not Started,0.0,2024-01-07,2024-01-13,,False,0,5,,,,,False,0,,,High,Critical,7.6,False,1,2023-07-20 17:45:00,2024-11-15 12:30:00
TSK3994,Retrospective #3994,Meeting task — Moderate complexity.,Meeting,PRJ117,High,Moderate,18.7,,5,"Communication,Agile",Manager,Mid,EMP1054,2024-07-24,In Progress,16.5,2024-07-26,2024-07-31,,True,259,2,,"TSK4007,TSK4000",,,False,0,,,Medium,Medium,95.0,False,1,2024-07-11 18:15:00,2025-04-04 09:15:00
TSK3995,PR review #3995,Review task — Simple complexity.,Review,PRJ407,Critical,Simple,4.0,3.8,1,"Java,Git",Senior Engineer,Junior,,,Completed,100.0,2024-07-07,2024-07-12,2024-07-23,True,11,4,"TSK2907,TSK0779",,,6.0,False,0,8.0,5.0,High,Medium,58.2,True,5,2024-06-20 08:15:00,2024-11-24 18:45:00
TSK4001,Configure monitoring #4001,DevOps task — Simple complexity.,DevOps,PRJ477,Medium,Simple,6.7,,3,"Kubernetes,Docker,AWS",Developer,Junior,EMP072,2023-05-25,In Progress,57.5,2023-07-10,2023-07-15,,True,641,4,,,,,False,0,,,High,Medium,58.6,False,1,2023-05-11 18:45:00,2024-12-23 11:15:00
TSK4025,Deploy to staging #4025,DevOps task — Moderate complexity.,DevOps,PRJ415,Medium,Moderate,11.8,,8,Docker,Developer,Mid,EMP1377,2023-06-20,In Progress,35.1,2023-09-12,2023-09-16,,True,578,2,"TSK1587,TSK1896",,TSK0543,,False,0,,,High,High,62.9,True,5,2023-07-28 16:00:00,2024-11-10 15:00:00
TSK4036,Design email templates #4036,Design task — Very Complex complexity.,Design,PRJ151,Medium,Very Complex,141.9,,13,"Adobe XD,UI/UX,Prototyping",Designer,Mid,EMP652,2023-03-31,In Progress,52.9,2023-05-21,2023-06-10,,True,676,2,TSK0290,,,,False,0,,,High,Critical,49.8,False,1,2023-04-04 14:30:00,2024-09-22 14:45:00
TSK4063,E2E test automation #4063,Testing task — Complex complexity.,Testing,PRJ461,Medium,Complex,57.6,,8,"Python,Git,Docker",Developer,Senior,EMP1327,2024-02-20,In Review,77.7,2024-02-23,2024-03-06,,True,406,4,,,TSK1871,,False,0,,,Medium,Critical,65.3,True,5,2024-01-24 12:00:00,2025-04-01 16:45:00
TSK4072,Benchmark database options #4072,Research task — Simple complexity.,Research,PRJ639,Medium,Simple,7.1,5.8,1,Communication,Analyst,Junior,EMP654,2023-01-20,Completed,100.0,2023-02-17,2023-02-20,2023-02-25,True,5,2,"TSK0529,TSK3242",,,8.0,False,0,8.0,8.0,High,Medium,29.6,True,3,2023-01-20 13:45:00,2024-10-25 16:00:00
TSK4101,Team sync #4101,Meeting task — Complex complexity.,Meeting,PRJ666,Medium,Complex,45.6,33.1,13,"Agile,Communication",Manager,Mid,EMP251,2023-10-09,Completed,100.0,2023-12-11,2023-12-24,2023-12-21,False,0,7,,,,8.0,False,0,9.0,5.0,Medium,Medium,12.3,False,1,2023-11-27 15:00:00,2024-08-21 14:00:00
TSK4135,Design review #4135,Review task — Complex complexity.,Review,PRJ259,Medium,Complex,76.9,92.6,8,Python,Senior Engineer,Mid,,,Completed,100.0,2023-08-07,2023-08-19,2023-08-20,True,1,7,,,,6.0,False,0,6.0,7.0,Medium,High,5.0,False,1,2023-04-22 14:15:00,2024-05-15 11:45:00
TSK4184,PR review #4184,Review task — Moderate complexity.,Review,PRJ060,Medium,Moderate,19.6,19.3,8,"Java,React,Agile",Senior Engineer,Mid,EMP1311,2023-07-03,Completed,100.0,2023-12-15,2023-12-20,2023-12-23,True,3,2,TSK3098,,,6.0,False,0,8.0,7.0,High,High,22.2,True,2,2023-08-14 15:00:00,2025-02-04 12:15:00
TSK4196,PR review #4196,Review task — Complex complexity.,Review,PRJ136,High,Complex,50.8,,8,"React,Git",Senior Engineer,Mid,EMP605,2024-07-16,Blocked,14.6,2024-09-16,2024-09-25,,True,203,2,,,,,False,0,,,High,Low,71.5,True,2,2024-04-06 14:45:00,2024-10-20 10:00:00
TSK4202,Design critique #4202,Meeting task — Very Complex complexity.,Meeting,PRJ703,High,Very Complex,89.6,98.8,13,Agile,Manager,Senior,EMP450,2024-03-27,Completed,100.0,2024-03-31,2024-04-16,2024-04-17,True,1,4,,,,8.0,False,0,8.0,6.0,High,Critical,24.6,False,1,2024-03-28 12:45:00,2024-04-28 15:45:00
TSK4224,Setup alerting rules #4224,DevOps task — Moderate complexity.,DevOps,PRJ583,Critical,Moderate,19.9,,3,"Git,AWS",Developer,Mid,EMP050,2024-06-18,In Review,87.6,2024-10-02,2024-10-12,,True,186,7,TSK1727,,,,False,0,,,High,High,64.2,False,1,2024-08-07 17:00:00,2025-01-24 18:15:00
TSK4234,Create database schema #4234,Development task — Simple complexity.,Development,PRJ497,Medium,Simple,4.1,,2,"Go,C++",Developer,Junior,,,In Review,88.7,2024-01-14,2024-01-17,,True,455,2,"TSK3622,TSK2445","TSK4236,TSK4245",,,False,0,,,Medium,High,75.3,True,2,2023-11-15 08:15:00,2024-01-15 17:00:00
TSK4268,Research ML frameworks #4268,Research task — Complex complexity.,Research,PRJ002,High,Complex,27.5,,8,Communication,Analyst,Mid,EMP883,2023-08-11,In Progress,55.9,2023-08-17,2023-08-24,,True,601,3,,,,,False,0,,,High,Medium,75.0,False,1,2023-08-07 16:45:00,2024-12-12 12:30:00
TSK4278,Setup alerting rules #4278,DevOps task — Moderate complexity.,DevOps,PRJ099,High,Moderate,20.6,,3,"Docker,Git,AWS",Developer,Mid,EMP740,2023-08-26,In Progress,43.9,2023-11-18,2023-11-22,,True,511,1,,,,,False,0,,,High,High,65.7,False,1,2023-08-21 17:00:00,2025-03-06 10:45:00
TSK4304,Conduct load testing #4304,Testing task — Moderate complexity.,Testing,PRJ110,Critical,Moderate,8.2,7.1,3,Python,Developer,Mid,,,Completed,100.0,2023-04-09,2023-04-15,2023-04-18,True,3,4,,,TSK0974,5.0,True,2,8.0,7.0,Medium,Medium,21.9,False,1,2023-03-09 13:30:00,2024-01-31 09:00:00
TSK4316,Competitive analysis #4316,Research task — Moderate complexity.,Research,PRJ492,Medium,Moderate,8.7,7.1,5,"Excel,Communication,SQL",Analyst,Mid,EMP747,2024-05-23,Completed,100.0,2024-05-27,2024-05-30,2024-06-07,True,8,1,TSK3612,,TSK1437,9.0,False,0,8.0,6.0,Medium,Medium,33.9,True,5,2024-05-05 12:45:00,2025-01-17 16:00:00
TSK4346,Setup alerting rules #4346,DevOps task — Complex complexity.,DevOps,PRJ245,High,Complex,61.0,75.8,13,"Docker,Linux,AWS",Developer,Mid,EMP479,2024-01-10,Completed,100.0,2024-03-27,2024-04-11,2024-04-05,False,0,7,,"TSK4350,TSK4361",,9.0,False,0,10.0,7.0,High,High,44.3,False,1,2023-12-28 16:30:00,2024-04-12 17:15:00
TSK4365,Redesign settings page #4365,Design task — Complex complexity.,Design,PRJ513,Critical,Complex,48.5,,13,Prototyping,Designer,Senior,EMP382,2024-04-16,In Progress,50.7,2024-05-30,2024-06-11,,True,309,5,TSK3563,,,,False,0,,,Medium,Medium,67.7,False,1,2024-05-12 16:00:00,2024-12-10 10:00:00
TSK4424,Benchmark database options #4424,Research task — Moderate complexity.,Research,PRJ285,High,Moderate,14.2,13.5,3,Python,Analyst,Mid,,,Completed,100.0,2023-12-25,2023-12-31,2023-12-30,False,0,4,,,,9.0,False,0,8.0,9.0,Low,Critical,5.0,False,1,2023-12-23 14:00:00,2025-02-07 18:00:00
TSK4425,Conduct load testing #4425,Testing task — Complex complexity.,Testing,PRJ464,Critical,Complex,38.5,33.0,13,"Python,Docker,REST APIs",Developer,Senior,EMP1054,2024-06-06,Completed,100.0,2024-06-12,2024-06-19,2024-07-02,True,13,2,,,,5.0,True,1,7.0,7.0,High,Medium,64.3,True,5,2024-05-20 14:15:00,2024-09-07 18:30:00
TSK4484,Refactor legacy module #4484,Development task — Moderate complexity.,Development,PRJ629,High,Moderate,12.1,11.7,5,Docker,Developer,Mid,EMP1403,2024-05-14,Completed,100.0,2024-05-21,2024-05-25,2024-05-21,False,0,2,,,,6.0,False,0,7.0,9.0,Low,Medium,14.6,True,4,2024-04-28 18:30:00,2024-11-19 10:00:00
TSK4491,Setup CI/CD pipeline #4491,DevOps task — Moderate complexity.,DevOps,PRJ682,High,Moderate,21.9,,3,"Docker,Kubernetes,AWS",Developer,Junior,EMP1133,2024-04-29,Blocked,25.1,2024-10-04,2024-10-09,,True,189,2,"TSK3988,TSK0524",,,,False,0,,,Medium,Medium,62.0,True,3,2024-04-04 18:45:00,2024-10-30 17:30:00
TSK4496,Design critique #4496,Meeting task — Very Complex complexity.,Meeting,PRJ521,High,Very Complex,151.3,,13,"Communication,Agile",Manager,Mid,EMP450,2024-05-14,Blocked,31.1,2024-05-17,2024-06-06,,True,314,1,,,,,False,0,,,High,Medium,60.6,True,5,2024-05-04 12:30:00,2024-09-26 18:15:00
TSK4520,Design email templates #4520,Design task — Very Complex complexity.,Design,PRJ458,Medium,Very Complex,180.8,,21,"Adobe XD,Prototyping,CSS",Designer,Senior,EMP1008,2024-08-21,In Review,89.8,2024-08-21,2024-09-15,,True,213,2,"TSK3091,TSK0795",,,,False,0,,,Medium,Critical,55.7,False,1,2024-08-16 08:30:00,2025-01-28 14:00:00
TSK4528,Architecture review #4528,Review task — Moderate complexity.,Review,PRJ213,Critical,Moderate,12.3,16.0,3,"Python,React",Senior Engineer,Senior,EMP1325,2023-01-14,Completed,100.0,2023-01-26,2023-02-03,2023-02-02,False,0,6,,,,9.0,False,0,7.0,8.0,High,High,28.4,False,1,2023-01-15 11:00:00,2024-02-12 08:30:00
TSK4532,Team sync #4532,Meeting task — Very Complex complexity.,Meeting,PRJ392,Critical,Very Complex,161.5,195.9,13,"Communication,Agile",Manager,Senior,EMP515,2023-02-03,Completed,100.0,2023-02-17,2023-03-12,2023-03-08,False,0,2,"TSK2419,TSK3026",,,10.0,False,0,7.0,5.0,High,Low,30.4,True,5,2023-01-24 16:15:00,2023-07-12 16:30:00
TSK4569,Perform integration testing #4569,Testing task — Very Complex complexity.,Testing,PRJ426,High,Very Complex,113.5,,13,"Git,REST APIs,Docker",Developer,Mid,EMP1093,2023-08-04,In Review,87.4,2023-08-25,2023-09-13,,True,581,4,,"TSK4575,TSK4570",,,False,0,,,High,Low,82.4,True,4,2023-07-01 11:15:00,2023-12-23 16:00:00
TSK4580,Design landing page #4580,Design task — Moderate complexity.,Design,PRJ563,Medium,Moderate,15.0,,5,Figma,Designer,Mid,EMP382,2023-08-28,In Progress,53.5,2023-11-01,2023-11-09,,True,524,6,TSK1211,,,,False,0,,,Medium,High,51.2,False,1,2023-07-29 08:15:00,2024-04-17 09:00:00
TSK4618,Implement caching layer #4618,Development task — Moderate complexity.,Development,PRJ406,Medium,Moderate,13.0,,8,"Docker,Node.js",Developer,Junior,EMP231,2023-03-18,In Progress,24.3,2023-03-26,2023-03-29,,True,749,1,"TSK2982,TSK3573",,,,False,0,,,Medium,High,51.1,False,1,2023-03-26 18:45:00,2024-09-29 09:30:00
TSK4627,Code review #4627,Review task — Moderate complexity.,Review,PRJ084,Medium,Moderate,15.0,,5,Python,Senior Engineer,Senior,,,Not Started,0.0,2024-02-12,2024-02-16,,False,0,2,,,,,False,0,,,Low,High,5.0,True,2,2024-01-20 08:00:00,2024-08-06 11:15:00
TSK4638,Security vulnerability scan #4638,Testing task — Simple complexity.,Testing,PRJ003,High,Simple,2.7,3.7,1,"SQL,Python",Developer,Mid,EMP567,2024-09-18,Completed,100.0,2025-03-19,2025-03-22,2025-03-20,False,0,2,,,,8.0,False,0,9.0,10.0,Low,High,24.5,False,1,2024-12-26 09:15:00,2025-04-06 15:45:00
TSK4654,Build REST API endpoint #4654,Development task — Simple complexity.,Development,PRJ601,High,Simple,1.6,1.2,3,"Node.js,TypeScript,Python",Developer,Mid,EMP1092,2023-08-15,Completed,100.0,2023-08-15,2023-08-17,2023-08-30,True,13,1,,,,8.0,False,0,8.0,7.0,High,Critical,41.7,True,2,2023-08-14 18:30:00,2025-02-24 11:00:00
TSK4707,Update onboarding guide #4707,Documentation task — Simple complexity.,Documentation,PRJ487,Critical,Simple,3.3,3.4,1,Agile,Developer,Mid,EMP936,2024-01-03,Completed,100.0,2024-05-22,2024-05-30,2024-06-05,True,6,7,,,,9.0,False,0,8.0,7.0,High,High,40.3,True,2,2024-01-12 15:45:00,2024-07-14 14:45:00
TSK4717,Sprint planning #4717,Meeting task — Simple complexity.,Meeting,PRJ639,High,Simple,5.7,7.2,1,Agile,Manager,Mid,EMP1310,2023-02-16,Completed,100.0,2023-06-17,2023-06-21,2023-06-28,True,7,3,,,,6.0,False,0,7.0,8.0,Medium,High,43.0,False,1,2023-05-03 10:45:00,2024-01-22 17:00:00
TSK4729,Implement caching layer #4729,Development task — Complex complexity.,Development,PRJ447,Medium,Complex,64.1,74.2,13,Docker,Developer,Senior,EMP829,2024-05-16,Completed,100.0,2024-07-19,2024-08-01,2024-07-30,False,0,6,,,,7.0,False,0,7.0,8.0,Medium,High,5.0,False,1,2024-05-20 12:30:00,2024-09-18 13:45:00
TSK4748,Create data pipeline #4748,Development task — Complex complexity.,Development,PRJ041,Critical,Complex,74.8,100.5,8,Java,Developer,Mid,EMP841,2024-08-10,Completed,100.0,2024-08-12,2024-08-25,2024-08-24,False,0,3,,,,7.0,False,0,6.0,7.0,Medium,High,26.0,True,5,2024-07-03 10:00:00,2024-08-16 14:45:00
TSK4769,Build design system #4769,Design task — Moderate complexity.,Design,PRJ689,Critical,Moderate,21.8,,3,"Sketch,CSS,Adobe XD",Designer,Mid,EMP456,2024-09-10,In Progress,29.2,2024-09-14,2024-09-22,,True,206,5,,,,,False,0,,,High,Low,71.4,True,4,2024-08-24 14:15:00,2025-01-10 11:00:00
TSK4777,Accessibility audit #4777,Testing task — Complex complexity.,Testing,PRJ700,High,Complex,57.9,,13,REST APIs,Developer,Senior,EMP050,2023-04-18,In Review,87.2,2023-05-12,2023-05-27,,True,690,7,,"TSK4785,TSK4779",,,False,0,,,Medium,Low,95.0,False,1,2023-04-28 18:30:00,2023-05-28 14:30:00
TSK4784,Implement caching layer #4784,Development task — Very Complex complexity.,Development,PRJ127,Low,Very Complex,137.3,166.1,13,"TypeScript,Docker,SQL",Developer,Mid,EMP1405,2024-02-09,Completed,100.0,2024-02-20,2024-03-14,2024-02-26,False,0,5,,"TSK4791,TSK4802",,7.0,False,0,8.0,8.0,Medium,Critical,22.1,False,1,2024-02-07 10:45:00,2024-09-10 17:45:00
TSK4786,Write API documentation #4786,Documentation task — Moderate complexity.,Documentation,PRJ782,High,Moderate,20.8,,8,Communication,Developer,Junior,EMP1355,2024-08-30,In Progress,47.0,2024-08-31,2024-09-10,,True,218,7,,,,,False,0,,,High,Low,72.2,False,1,2024-08-30 10:00:00,2024-09-26 17:15:00
TSK4792,Research ML frameworks #4792,Research task — Simple complexity.,Research,PRJ093,Medium,Simple,7.5,9.4,3,SQL,Analyst,Mid,EMP457,2023-02-08,Completed,100.0,2023-02-14,2023-02-16,2023-03-01,True,13,1,TSK0155,"TSK4805,TSK4808",,8.0,False,0,7.0,8.0,High,Medium,70.0,False,1,2023-02-11 15:00:00,2023-06-07 18:45:00
TSK4803,Architecture review #4803,Review task — Simple complexity.,Review,PRJ206,High,Simple,5.2,,2,"Agile,Java,React",Senior Engineer,Mid,,,Blocked,22.1,2023-11-11,2023-11-16,,True,517,4,,,TSK1943,,False,0,,,High,High,72.6,True,2,2023-11-08 17:15:00,2025-02-14 09:45:00
TSK4844,API contract testing #4844,Testing task — Moderate complexity.,Testing,PRJ527,High,Moderate,8.0,,5,"SQL,REST APIs",Developer,Senior,EMP051,2024-04-11,In Progress,33.8,2024-06-07,2024-06-16,,True,304,7,TSK1404,,,,False,0,,,High,Low,50.0,True,2,2024-04-13 11:45:00,2024-11-11 17:30:00
TSK4845,Database backup automation #4845,DevOps task — Very Complex complexity.,DevOps,PRJ697,Critical,Very Complex,98.7,,21,"Git,AWS,Linux",Developer,Senior,EMP572,2023-07-20,Blocked,38.4,2023-08-28,2023-09-12,,True,582,2,,,,,False,0,,,High,High,82.2,True,2,2023-08-18 09:30:00,2023-10-21 11:00:00
TSK4847,Build search feature #4847,Development task — Moderate complexity.,Development,PRJ453,Medium,Moderate,8.7,8.4,8,"C++,Node.js",Developer,Mid,EMP1312,2023-03-19,Completed,100.0,2023-04-15,2023-04-22,2023-04-18,False,0,7,,,TSK1243,7.0,False,0,8.0,9.0,Medium,High,9.6,True,2,2023-03-28 18:00:00,2023-05-14 10:45:00
TSK4868,Build search feature #4868,Development task — Complex complexity.,Development,PRJ726,Critical,Complex,76.9,91.8,13,React,Developer,Senior,,,Completed,100.0,2023-04-27,2023-05-11,2023-05-12,True,1,4,TSK3876,,,7.0,False,0,7.0,6.0,High,High,32.0,False,1,2023-04-24 11:15:00,2024-08-02 10:30:00
TSK4891,Research ML frameworks #4891,Research task — Moderate complexity.,Research,PRJ547,Medium,Moderate,23.2,26.0,3,Python,Analyst,Senior,EMP621,2023-11-05,Completed,100.0,2023-11-12,2023-11-22,2023-12-03,True,11,7,,,,9.0,False,0,8.0,8.0,High,Medium,32.4,False,1,2023-10-16 17:45:00,2024-06-21 09:45:00
TSK4922,Infrastructure as code #4922,DevOps task — Moderate complexity.,DevOps,PRJ509,Medium,Moderate,9.2,12.2,8,"AWS,Linux",Developer,Mid,EMP427,2024-03-20,Completed,100.0,2024-04-16,2024-04-21,2024-05-06,True,15,3,,,,8.0,False,0,9.0,8.0,Medium,Medium,56.0,False,1,2024-04-10 12:30:00,2024-06-21 11:00:00
TSK4957,Document architecture #4957,Documentation task — Simple complexity.,Documentation,PRJ187,Critical,Simple,5.5,,3,Git,Developer,Mid,EMP006,2024-04-15,In Review,82.2,2024-07-07,2024-07-09,,True,281,1,,,TSK0199,,False,0,,,High,High,64.9,True,4,2024-05-01 16:00:00,2024-09-05 15:00:00
TSK4969,Code review #4969,Review task — Simple complexity.,Review,PRJ689,High,Simple,5.5,7.6,3,"Git,Agile",Senior Engineer,Senior,EMP951,2024-09-18,Completed,100.0,2024-10-28,2024-11-01,2024-11-14,True,13,3,,,,7.0,False,0,7.0,10.0,Medium,High,52.7,True,2,2024-10-28 09:15:00,2024-11-24 16:15:00
TSK4994,Document architecture #4994,Documentation task — Moderate complexity.,Documentation,PRJ552,Medium,Moderate,12.4,,5,Git,Developer,Junior,EMP789,2023-07-14,Not Started,0.0,2023-08-15,2023-08-18,,False,0,1,,,,,False,0,,,Medium,Medium,5.0,True,3,2023-08-09 11:15:00,2024-07-03 16:45:00
TSK4997,Write unit tests #4997,Testing task — Complex complexity.,Testing,PRJ571,High,Complex,72.6,,8,"Docker,Python,Git",Developer,Senior,EMP548,2024-08-15,Blocked,27.5,2024-09-21,2024-10-06,,True,192,5,TSK0273,,,,False,0,,,High,High,70.7,True,2,2024-08-24 09:30:00,2025-04-15 12:15:00
TSK5008,Accessibility audit #5008,Testing task — Complex complexity.,Testing,PRJ702,High,Complex,51.9,,8,"Python,Git",Developer,Mid,EMP1243,2024-09-19,In Progress,17.9,2024-11-19,2024-11-27,,True,140,1,,,,,False,0,,,Medium,Low,67.2,False,1,2024-10-21 11:30:00,2025-01-02 15:15:00
TSK5034,Accessibility audit #5034,Testing task — Complex complexity.,Testing,PRJ303,High,Complex,68.5,,13,"REST APIs,SQL,Git",Developer,Senior,EMP1305,2023-10-04,Not Started,0.0,2023-11-06,2023-11-17,,False,0,2,,,,,False,0,,,Low,Medium,13.9,True,4,2023-06-06 12:00:00,2024-06-05 18:00:00
TSK5035,Configure monitoring #5035,DevOps task — Very Complex complexity.,DevOps,PRJ386,High,Very Complex,130.0,142.6,21,"Linux,Kubernetes,Docker",Developer,Senior,EMP815,2023-06-26,Completed,100.0,2023-08-08,2023-08-30,2023-08-12,False,0,5,,,,7.0,False,0,8.0,7.0,High,High,5.5,False,1,2023-06-26 10:00:00,2024-02-05 11:30:00
TSK5046,Build search feature #5046,Development task — Simple complexity.,Development,PRJ375,Medium,Simple,5.9,,1,"Java,Docker",Developer,Junior,EMP051,2023-07-17,Not Started,0.0,2023-07-21,2023-07-29,,False,0,7,,,,,False,0,,,High,Low,5.0,True,2,2023-07-16 13:15:00,2024-09-17 15:30:00
TSK5047,PR review #5047,Review task — Complex complexity.,Review,PRJ391,Medium,Complex,26.8,25.8,13,Git,Senior Engineer,Junior,EMP267,2024-06-19,Completed,100.0,2024-06-28,2024-07-08,2024-07-22,True,14,6,,"TSK5061,TSK5049",,9.0,False,0,8.0,8.0,Medium,Medium,72.7,True,5,2024-05-08 12:00:00,2024-07-18 10:30:00
TSK5053,E2E test automation #5053,Testing task — Moderate complexity.,Testing,PRJ636,Medium,Moderate,20.8,,8,Python,Developer,Junior,EMP162,2024-09-04,In Progress,38.7,2024-09-09,2024-09-17,,True,211,5,"TSK1889,TSK4698",,,,False,0,,,Medium,High,53.0,True,2,2024-07-06 08:30:00,2024-09-24 12:00:00
TSK5074,Setup alerting rules #5074,DevOps task — Complex complexity.,DevOps,PRJ127,Medium,Complex,44.1,54.0,8,AWS,Developer,Senior,EMP051,2024-03-26,Completed,100.0,2024-04-06,2024-04-15,2024-04-10,False,0,3,"TSK4377,TSK1200",,,8.0,False,0,7.0,9.0,Medium,High,11.5,True,2,2024-03-21 18:00:00,2024-12-04 10:00:00
TSK5094,Sprint planning #5094,Meeting task — Moderate complexity.,Meeting,PRJ497,High,Moderate,11.7,9.9,8,"Agile,Communication",Manager,Senior,,,Completed,100.0,2023-11-05,2023-11-10,2023-11-14,True,4,3,TSK1154,,,8.0,False,0,10.0,9.0,Low,High,36.9,True,5,2023-10-12 10:00:00,2024-01-12 17:15:00
TSK5109,Update onboarding guide #5109,Documentation task — Complex complexity.,Documentation,PRJ376,High,Complex,79.6,,13,"Git,Excel",Developer,Mid,EMP167,2023-12-25,In Progress,61.1,2024-01-10,2024-01-22,,True,450,2,,,,,False,0,,,Medium,High,68.2,True,2,2023-11-08 15:00:00,2025-02-07 15:00:00
TSK5120,Build REST API endpoint #5120,Development task — Moderate complexity.,Development,PRJ015,Critical,Moderate,16.7,,5,"Go,C++",Developer,Mid,EMP1041,2024-07-31,Blocked,8.4,2024-10-31,2024-11-05,,True,162,2,,,,,False,0,,,High,High,71.4,True,3,2024-09-02 08:15:00,2025-04-08 17:45:00
TSK5122,Infrastructure as code #5122,DevOps task — Simple complexity.,DevOps,PRJ469,Low,Simple,1.2,,2,"Docker,Git",Developer,Senior,EMP402,2023-09-01,In Review,81.3,2023-11-06,2023-11-09,,True,524,2,,"TSK5136,TSK5132",,,False,0,,,High,High,67.8,True,5,2023-08-16 10:15:00,2024-08-24 10:30:00
TSK5142,Infrastructure as code #5142,DevOps task — Moderate complexity.,DevOps,PRJ358,Medium,Moderate,8.7,8.9,3,"AWS,Kubernetes,Git",Developer,Senior,EMP1325,2024-07-16,Completed,100.0,2024-12-03,2024-12-10,2024-12-25,True,15,5,"TSK2577,TSK4883","TSK5144,TSK5146",,7.0,False,0,8.0,9.0,Medium,High,68.4,True,4,2024-11-09 09:15:00,2025-04-11 12:30:00
TSK5199,Create runbook #5199,Documentation task — Moderate complexity.,Documentation,PRJ398,Medium,Moderate,16.4,20.0,5,"Communication,Git",Developer,Mid,EMP162,2023-10-22,Completed,100.0,2023-11-06,2023-11-12,2023-11-19,True,7,3,,,TSK2326,8.0,False,0,8.0,8.0,Medium,Critical,22.7,True,2,2023-10-22 10:15:00,2023-11-10 12:15:00
TSK5225,Create runbook #5225,Documentation task — Very Complex complexity.,Documentation,PRJ127,Medium,Very Complex,112.7,108.8,21,"Git,Agile,Excel",Developer,Mid,EMP262,2024-03-22,Completed,100.0,2024-05-10,2024-05-30,2024-05-18,False,0,5,TSK0475,,,9.0,False,0,9.0,6.0,High,Medium,8.8,False,1,2024-04-01 10:30:00,2024-08-16 12:15:00
TSK5252,Sprint planning #5252,Meeting task — Complex complexity.,Meeting,PRJ279,Medium,Complex,24.9,,13,"Agile,Communication",Manager,Mid,EMP1174,2024-02-10,In Review,76.0,2024-04-16,2024-04-21,,True,360,1,,,,,False,0,,,High,Medium,65.4,False,1,2024-01-26 14:45:00,2024-07-21 11:00:00
TSK5265,Conduct load testing #5265,Testing task — Moderate complexity.,Testing,PRJ020,Medium,Moderate,19.0,16.6,3,Docker,Developer,Junior,EMP542,2024-03-12,Completed,100.0,2024-07-29,2024-08-08,2024-08-12,True,4,7,,,,10.0,False,0,7.0,6.0,High,Critical,10.7,True,5,2024-04-06 17:45:00,2025-01-30 08:15:00
TSK5267,Build search feature #5267,Development task — Complex complexity.,Development,PRJ768,Medium,Complex,54.0,40.0,8,Java,Developer,Senior,EMP1160,2024-02-20,Completed,100.0,2024-03-16,2024-03-27,2024-04-08,True,12,4,TSK3135,,TSK2459,6.0,False,0,7.0,9.0,High,Critical,41.5,False,1,2023-11-06 13:30:00,2024-05-13 08:30:00
TSK5273,Architecture discussion #5273,Meeting task — Very Complex complexity.,Meeting,PRJ401,Low,Very Complex,137.8,,13,"Agile,Communication",Manager,Senior,EMP392,2024-04-08,In Review,89.2,2024-04-27,2024-05-19,,True,332,4,,,TSK4828,,False,0,,,Low,Medium,47.5,True,4,2024-04-04 17:30:00,2024-04-29 17:30:00
TSK5293,Design review #5293,Review task — Moderate complexity.,Review,PRJ208,Medium,Moderate,18.2,,5,Git,Senior Engineer,Senior,EMP1401,2024-07-20,In Progress,52.6,2024-09-10,2024-09-18,,True,210,5,TSK1498,,,,False,0,,,High,Medium,39.7,True,4,2024-07-14 15:15:00,2024-12-31 16:15:00
TSK5318,PR review #5318,Review task — Complex complexity.,Review,PRJ163,Medium,Complex,51.5,,13,"React,Java,Git",Senior Engineer,Senior,EMP290,2023-03-18,In Review,75.6,2023-03-21,2023-04-04,,True,743,7,,,,,False,0,,,High,High,52.2,False,1,2023-03-21 14:15:00,2024-09-14 12:15:00
TSK5327,E2E test automation #5327,Testing task — Moderate complexity.,Testing,PRJ162,Critical,Moderate,9.2,,3,"REST APIs,Python,SQL",Developer,Junior,EMP409,2023-04-29,Not Started,0.0,2023-04-29,2023-05-03,,False,0,2,"TSK3649,TSK2380",,,,False,0,,,High,Critical,39.2,True,2,2023-04-28 11:00:00,2024-12-17 08:15:00
TSK5346,E2E test automation #5346,Testing task — Simple complexity.,Testing,PRJ173,High,Simple,1.2,,2,Python,Developer,Junior,EMP1012,2023-03-01,Not Started,0.0,2023-03-11,2023-03-14,,False,0,2,"TSK4105,TSK4793",,,,False,0,,,Low,High,14.5,True,5,2023-03-07 10:00:00,2023-07-19 08:30:00
TSK5412,Document review #5412,Review task — Simple complexity.,Review,PRJ767,Medium,Simple,6.5,,2,Java,Senior Engineer,Junior,EMP565,2023-05-19,In Review,79.3,2023-05-31,2023-06-02,,True,684,1,,,,,False,0,,,Medium,High,61.0,False,1,2023-05-18 08:45:00,2024-09-28 18:00:00
TSK5423,Benchmark database options #5423,Research task — Simple complexity.,Research,PRJ112,Medium,Simple,7.5,,3,"SQL,Analytics",Analyst,Junior,EMP450,2024-08-22,Not Started,0.0,2024-10-14,2024-10-18,,False,0,3,,,,,False,0,,,Low,High,5.0,True,4,2024-10-06 15:00:00,2025-01-04 14:30:00
TSK5425,Conduct load testing #5425,Testing task — Complex complexity.,Testing,PRJ601,High,Complex,58.4,69.6,13,"Git,SQL,Docker",Developer,Junior,EMP1218,2023-08-10,Completed,100.0,2023-08-22,2023-08-29,2023-09-05,True,7,4,,"TSK5431,TSK5438",TSK4941,8.0,False,0,8.0,9.0,Medium,Critical,70.2,True,2,2023-08-06 09:00:00,2024-09-17 18:30:00
TSK5432,Implement caching layer #5432,Development task — Complex complexity.,Development,PRJ590,Low,Complex,42.6,,8,Node.js,Developer,Senior,EMP450,2023-10-18,In Review,84.3,2024-01-03,2024-01-14,,True,458,5,,,,,False,0,,,High,High,38.2,True,3,2023-09-23 18:45:00,2024-07-16 14:30:00
TSK5446,Code review #5446,Review task — Complex complexity.,Review,PRJ712,High,Complex,44.0,36.3,8,"React,Python",Senior Engineer,Senior,EMP1134,2023-08-15,Completed,100.0,2023-09-21,2023-09-28,2023-10-07,True,9,1,"TSK4313,TSK4468",,,8.0,False,0,9.0,7.0,High,Critical,26.9,True,4,2023-09-04 18:15:00,2025-03-22 09:15:00
TSK5459,Architecture discussion #5459,Meeting task — Very Complex complexity.,Meeting,PRJ113,Low,Very Complex,186.1,,21,Agile,Manager,Mid,EMP084,2023-05-19,In Progress,26.2,2023-06-10,2023-07-05,,True,651,1,"TSK4792,TSK1882",,,,False,0,,,High,Medium,30.6,False,1,2023-05-15 10:15:00,2025-03-16 15:45:00
TSK5475,Develop admin dashboard #5475,Development task — Complex complexity.,Development,PRJ545,Medium,Complex,53.3,,8,TypeScript,Developer,Senior,EMP840,2024-08-12,In Progress,14.4,2024-11-23,2024-12-02,,True,135,2,,,,,False,0,,,Medium,Medium,55.3,True,5,2024-11-17 11:45:00,2025-02-25 16:15:00
TSK5487,Design email templates #5487,Design task — Moderate complexity.,Design,PRJ135,High,Moderate,16.0,,8,"Prototyping,Figma",Designer,Mid,EMP300,2024-02-09,In Progress,33.3,2024-02-11,2024-02-21,,True,420,7,,"TSK5490,TSK5494",,,False,0,,,Medium,High,87.3,True,3,2024-02-07 11:45:00,2024-08-11 08:30:00
TSK5501,Architecture review #5501,Review task — Complex complexity.,Review,PRJ522,High,Complex,33.9,,13,"React,Git,Java",Senior Engineer,Mid,EMP1097,2023-04-01,In Progress,41.0,2023-05-07,2023-05-17,,True,700,5,,"TSK5512,TSK5515",,,False,0,,,High,Critical,95.0,False,1,2023-04-11 15:30:00,2024-09-23 12:15:00
TSK5550,Setup CI/CD pipeline #5550,DevOps task — Simple complexity.,DevOps,PRJ656,Critical,Simple,2.6,,2,Docker,Developer,Mid,EMP1416,2024-06-22,Not Started,0.0,2024-07-29,2024-08-03,,False,0,4,TSK2428,,,,False,0,,,Low,High,25.4,False,1,2024-07-24 10:45:00,2024-10-08 17:30:00
TSK5552,Create data pipeline #5552,Development task — Simple complexity.,Development,PRJ470,Medium,Simple,1.4,1.8,2,"Java,Node.js",Developer,Junior,EMP1387,2024-09-10,Completed,100.0,2024-10-24,2024-10-29,2024-10-27,False,0,4,,,,6.0,False,0,7.0,8.0,Medium,Medium,13.6,False,1,2024-10-12 08:00:00,2025-01-30 18:00:00
TSK5610,Code review #5610,Review task — Moderate complexity.,Review,PRJ699,Medium,Moderate,23.8,,8,Agile,Senior Engineer,Junior,EMP193,2024-07-29,In Progress,52.9,2024-12-19,2024-12-24,,True,113,2,,"TSK5617,TSK5626",,,False,0,,,High,Medium,63.8,True,4,2024-11-14 15:15:00,2025-04-16 17:00:00
TSK5629,Competitive analysis #5629,Research task — Moderate complexity.,Research,PRJ723,Medium,Moderate,22.8,26.2,8,SQL,Analyst,Junior,EMP076,2023-10-15,Completed,100.0,2023-11-24,2023-11-29,2023-12-06,True,7,2,,"TSK5630,TSK5632",,7.0,False,0,9.0,8.0,Medium,High,59.9,True,3,2023-11-14 18:00:00,2024-03-20 15:30:00
TSK5640,Write unit tests #5640,Testing task — Very Complex complexity.,Testing,PRJ674,Medium,Very Complex,99.2,126.2,13,"Git,REST APIs",Developer,Senior,EMP022,2023-02-10,Completed,100.0,2023-02-17,2023-03-05,2023-03-18,True,13,3,,,,6.0,False,0,9.0,6.0,High,Medium,31.8,True,5,2023-02-09 15:15:00,2024-10-13 15:15:00
TSK5655,Create runbook #5655,Documentation task — Moderate complexity.,Documentation,PRJ485,Critical,Moderate,11.8,,3,Agile,Developer,Senior,EMP1046,2024-02-19,In Review,84.5,2024-03-09,2024-03-14,,True,398,3,,,,,False,0,,,High,High,65.8,True,3,2024-03-02 11:45:00,2024-04-08 10:15:00
TSK5661,Setup alerting rules #5661,DevOps task — Complex complexity.,DevOps,PRJ713,High,Complex,49.2,59.4,13,"AWS,Git",Developer,Senior,EMP678,2024-08-27,Completed,100.0,2024-11-04,2024-11-14,2024-11-05,False,0,3,,,,7.0,False,0,8.0,7.0,High,Medium,21.8,False,1,2024-08-09 18:00:00,2025-03-21 12:45:00
TSK5663,Write release notes #5663,Documentation task — Complex complexity.,Documentation,PRJ302,Critical,Complex,37.6,28.5,8,"Excel,Communication,Git",Developer,Mid,EMP391,2023-03-09,Completed,100.0,2023-03-15,2023-03-22,2023-04-06,True,15,2,"TSK4379,TSK0887",,,9.0,False,0,9.0,9.0,High,High,61.4,True,4,2023-03-15 13:15:00,2024-09-22 18:00:00
TSK5704,Write unit tests #5704,Testing task — Very Complex complexity.,Testing,PRJ556,Medium,Very Complex,191.8,,13,"REST APIs,Docker",Developer,Senior,EMP825,2024-06-16,In Progress,31.4,2024-08-24,2024-09-20,,True,208,3,,,,,False,0,,,High,High,47.6,False,1,2024-08-06 11:45:00,2025-04-07 16:15:00
TSK5716,Conduct user research #5716,Research task — Very Complex complexity.,Research,PRJ584,High,Very Complex,99.5,130.8,13,"Excel,SQL,Analytics",Analyst,Senior,,,Completed,100.0,2024-03-09,2024-03-29,2024-03-25,False,0,7,,"TSK5735,TSK5728",,7.0,False,0,7.0,7.0,High,High,47.0,False,1,2023-11-21 17:45:00,2024-07-29 13:30:00
TSK5733,Architecture review #5733,Review task — Complex complexity.,Review,PRJ700,High,Complex,63.4,54.6,8,"React,Git",Senior Engineer,Senior,EMP151,2023-04-25,Completed,100.0,2023-08-04,2023-08-16,2023-08-15,False,0,4,,,,8.0,False,0,6.0,6.0,High,High,21.3,True,3,2023-04-11 16:15:00,2023-12-24 09:15:00
TSK5741,Security vulnerability scan #5741,Testing task — Simple complexity.,Testing,PRJ527,Medium,Simple,6.6,,3,REST APIs,Developer,Senior,EMP382,2024-04-08,In Progress,38.5,2024-04-16,2024-04-20,,True,361,3,"TSK0640,TSK5308",,,,False,0,,,High,Medium,41.2,True,4,2024-04-15 18:45:00,2024-05-17 17:30:00
TSK5792,Design review #5792,Review task — Complex complexity.,Review,PRJ470,Medium,Complex,68.5,75.6,13,"Agile,React",Senior Engineer,Senior,EMP693,2024-09-03,Completed,100.0,2024-09-17,2024-10-03,2024-10-12,True,9,7,,,,7.0,False,0,9.0,8.0,Medium,Critical,42.7,True,4,2024-09-11 12:45:00,2024-11-14 10:15:00
TSK5818,Design critique #5818,Meeting task — Moderate complexity.,Meeting,PRJ284,Critical,Moderate,21.7,19.4,8,"Communication,Agile",Manager,Mid,EMP448,2023-06-27,Completed,100.0,2023-09-15,2023-09-25,2023-09-27,True,2,7,TSK4499,,,6.0,False,0,9.0,8.0,High,Medium,23.9,True,4,2023-07-31 08:30:00,2024-11-02 15:15:00
TSK5860,Retrospective #5860,Meeting task — Very Complex complexity.,Meeting,PRJ179,High,Very Complex,116.8,,13,"Agile,Communication",Manager,Senior,EMP268,2023-06-26,In Review,89.1,2023-06-28,2023-07-13,,True,643,5,,,,,False,0,,,Medium,Medium,72.3,True,3,2023-06-18 16:00:00,2024-11-27 11:30:00
TSK5863,Prototype user journey #5863,Design task — Very Complex complexity.,Design,PRJ617,Low,Very Complex,193.1,217.2,21,Sketch,Designer,Mid,EMP1395,2023-10-17,Completed,100.0,2023-10-27,2023-11-27,2023-11-24,False,0,6,TSK4220,,,6.0,False,0,8.0,5.0,High,Medium,5.0,False,1,2023-07-20 14:15:00,2024-11-04 08:15:00
TSK5864,Update onboarding guide #5864,Documentation task — Complex complexity.,Documentation,PRJ346,Medium,Complex,49.1,61.6,13,Communication,Developer,Senior,EMP084,2024-03-22,Completed,100.0,2024-04-22,2024-05-04,2024-04-28,False,0,5,,,,8.0,False,0,8.0,8.0,Medium,Medium,5.0,False,1,2024-03-15 11:30:00,2025-04-08 12:00:00
TSK5866,Technology feasibility study #5866,Research task — Complex complexity.,Research,PRJ680,Medium,Complex,78.2,,8,"Excel,Analytics,Communication",Analyst,Senior,,,In Progress,34.2,2023-06-07,2023-06-24,,True,662,7,TSK3024,,,,False,0,,,Medium,Critical,53.3,False,1,2023-05-09 18:45:00,2024-01-19 12:00:00
TSK5877,Code review #5877,Review task — Complex complexity.,Review,PRJ232,Critical,Complex,38.1,,13,"Git,Agile,Python",Senior Engineer,Senior,EMP899,2024-08-26,In Progress,70.1,2024-09-03,2024-09-15,,True,213,7,"TSK4374,TSK2406",,,,False,0,,,High,Critical,86.4,True,2,2024-08-18 18:15:00,2025-01-16 17:30:00
TSK5880,Architecture review #5880,Review task — Complex complexity.,Review,PRJ513,Low,Complex,28.0,,8,"Python,Java,Agile",Senior Engineer,Senior,EMP391,2024-02-28,In Progress,39.8,2024-03-09,2024-03-14,,True,398,1,,,,,False,0,,,High,High,52.5,True,2,2024-02-22 13:15:00,2024-12-26 10:15:00
TSK5896,Optimize Docker images #5896,DevOps task — Moderate complexity.,DevOps,PRJ252,Critical,Moderate,17.4,24.3,8,AWS,Developer,Mid,EMP004,2024-03-24,Completed,100.0,2024-05-27,2024-06-02,2024-06-13,True,11,3,,"TSK5903,TSK5913",,7.0,False,0,7.0,7.0,Medium,Low,91.4,False,1,2024-03-15 16:00:00,2025-03-26 09:00:00
TSK5902,Retrospective #5902,Meeting task — Moderate complexity.,Meeting,PRJ276,Critical,Moderate,14.1,17.7,5,"Communication,Agile",Manager,Mid,EMP702,2023-09-24,Completed,100.0,2023-09-24,2023-09-28,2023-10-13,True,15,2,,,TSK4576,8.0,False,0,6.0,6.0,High,High,79.2,True,5,2023-09-10 14:30:00,2025-03-24 14:15:00
TSK5906,Develop admin dashboard #5906,Development task — Very Complex complexity.,Development,PRJ342,Medium,Very Complex,112.4,128.1,13,REST APIs,Developer,Senior,EMP771,2024-01-17,Completed,100.0,2024-05-30,2024-06-18,2024-06-15,False,0,4,,"TSK5923,TSK5918",,9.0,False,0,8.0,9.0,Medium,High,22.2,True,5,2023-12-24 11:15:00,2025-01-03 12:30:00
TSK5920,Infrastructure as code #5920,DevOps task — Complex complexity.,DevOps,PRJ552,Critical,Complex,29.8,22.1,8,"Linux,Docker",Developer,Senior,EMP1258,2023-07-12,Completed,100.0,2023-08-01,2023-08-07,2023-08-15,True,8,2,,,,9.0,False,0,7.0,8.0,Medium,High,53.5,True,4,2023-07-01 10:00:00,2024-08-02 18:45:00
TSK5927,E2E test automation #5927,Testing task — Moderate complexity.,Testing,PRJ026,Low,Moderate,17.6,,3,SQL,Developer,Mid,EMP991,2024-02-29,Not Started,0.0,2024-03-17,2024-03-26,,False,0,6,,,,,False,0,,,Low,Low,5.0,True,3,2024-03-09 11:30:00,2024-03-26 10:00:00
TSK5943,Team sync #5943,Meeting task — Simple complexity.,Meeting,PRJ479,Critical,Simple,5.3,7.0,2,"Communication,Agile",Manager,Senior,EMP195,2024-08-09,Completed,100.0,2024-08-24,2024-08-30,2024-08-24,False,0,5,,,,9.0,False,0,9.0,7.0,Low,High,28.8,True,3,2024-07-12 16:15:00,2025-01-06 16:45:00
TSK5950,Design onboarding flow #5950,Design task — Complex complexity.,Design,PRJ704,Critical,Complex,75.7,,13,"CSS,Prototyping",Designer,Senior,EMP1175,2023-08-20,Not Started,0.0,2023-10-14,2023-10-28,,False,0,4,,,,,False,0,,,Medium,Medium,21.5,True,4,2023-09-17 16:45:00,2023-11-06 18:45:00
TSK5965,Document review #5965,Review task — Simple complexity.,Review,PRJ757,High,Simple,2.1,,3,"Java,Python",Senior Engineer,Junior,EMP125,2024-01-17,In Review,82.3,2024-01-27,2024-01-30,,True,442,2,,"TSK5973,TSK5976",,,False,0,,,Medium,Low,77.4,True,2,2024-01-17 14:30:00,2024-04-28 12:45:00
TSK5982,Write release notes #5982,Documentation task — Moderate complexity.,Documentation,PRJ695,Medium,Moderate,17.8,,3,"Excel,Communication",Developer,Junior,EMP936,2023-05-09,In Review,79.1,2023-06-03,2023-06-12,,True,674,6,"TSK3807,TSK0799","TSK6000,TSK5994",,,False,0,,,Low,Medium,74.7,True,2,2023-05-12 10:15:00,2024-05-04 11:00:00
TSK5985,Sprint planning #5985,Meeting task — Complex complexity.,Meeting,PRJ125,Medium,Complex,58.9,,13,Communication,Manager,Mid,EMP394,2024-06-21,In Review,79.5,2024-07-12,2024-07-21,,True,269,7,,"TSK6004,TSK5998",,,False,0,,,Medium,High,81.8,True,2,2024-06-21 15:30:00,2024-08-11 08:30:00
TSK5987,Team sync #5987,Meeting task — Moderate complexity.,Meeting,PRJ426,Critical,Moderate,21.4,,8,"Communication,Agile",Manager,Junior,EMP1479,2023-06-28,In Review,83.8,2023-07-02,2023-07-08,,True,648,3,"TSK5784,TSK0810",,,,False,0,,,High,Medium,75.7,True,3,2023-06-17 13:00:00,2024-05-04 08:00:00
TSK6016,Infrastructure as code #6016,DevOps task — Complex complexity.,DevOps,PRJ100,High,Complex,40.0,28.6,13,"Docker,Linux,Kubernetes",Developer,Mid,EMP702,2023-07-26,Completed,100.0,2023-10-05,2023-10-18,2023-10-22,True,4,7,,"TSK6026,TSK6021",,9.0,False,0,7.0,7.0,Medium,Critical,53.0,False,1,2023-08-27 12:30:00,2024-06-16 09:45:00
TSK6029,Sprint planning #6029,Meeting task — Simple complexity.,Meeting,PRJ620,High,Simple,1.8,,2,Communication,Manager,Junior,EMP740,2024-10-13,Not Started,0.0,2025-01-11,2025-01-13,,False,0,1,"TSK2536,TSK1285",,,,False,0,,,Low,Low,8.5,False,1,2024-12-01 18:30:00,2025-03-12 12:15:00
TSK6055,Develop admin dashboard #6055,Development task — Moderate complexity.,Development,PRJ759,Critical,Moderate,8.6,,5,"REST APIs,TypeScript",Developer,Senior,EMP1182,2023-10-15,Blocked,21.0,2023-10-23,2023-10-29,,True,535,4,TSK0189,,,,False,0,,,Medium,Low,82.6,True,4,2023-10-07 10:30:00,2024-04-12 09:45:00
TSK6113,Build REST API endpoint #6113,Development task — Simple complexity.,Development,PRJ571,High,Simple,4.1,,2,"REST APIs,Python",Developer,Mid,EMP426,2024-09-24,In Progress,48.7,2024-10-07,2024-10-13,,True,185,5,,"TSK6126,TSK6119",,,False,0,,,High,Medium,93.8,True,3,2024-09-07 17:45:00,2024-11-25 11:30:00
TSK6120,E2E test automation #6120,Testing task — Complex complexity.,Testing,PRJ783,High,Complex,27.5,,13,"REST APIs,Docker,Git",Developer,Mid,EMP391,2024-05-18,In Progress,74.0,2024-06-18,2024-06-26,,True,294,4,,,,,False,0,,,Low,High,66.7,True,4,2024-05-22 13:15:00,2024-12-28 14:00:00
TSK6144,Document review #6144,Review task — Moderate complexity.,Review,PRJ285,High,Moderate,10.5,9.9,8,"React,Git,Agile",Senior Engineer,Mid,EMP996,2024-01-08,Completed,100.0,2024-02-09,2024-02-14,2024-02-20,True,6,3,,,,8.0,False,0,8.0,8.0,High,High,44.8,True,5,2023-12-27 11:45:00,2024-09-24 15:45:00
TSK6180,Research ML frameworks #6180,Research task — Simple complexity.,Research,PRJ621,High,Simple,5.0,,1,Python,Analyst,Senior,EMP1248,2023-06-22,In Progress,47.0,2023-09-17,2023-09-25,,True,569,7,,,TSK3716,,False,0,,,Medium,Critical,59.8,True,3,2023-07-26 16:45:00,2024-06-21 10:00:00
TSK6181,Create data pipeline #6181,Development task — Simple complexity.,Development,PRJ768,High,Simple,3.3,2.7,3,Go,Developer,Mid,EMP831,2023-11-05,Completed,100.0,2024-03-12,2024-03-18,2024-04-01,True,14,5,,,,7.0,False,0,7.0,9.0,Medium,High,60.6,True,3,2023-12-08 15:45:00,2025-04-09 08:00:00
TSK6245,Code review #6245,Review task — Complex complexity.,Review,PRJ101,Medium,Complex,60.6,,8,Java,Senior Engineer,Senior,EMP611,2023-03-24,Blocked,5.5,2023-04-15,2023-04-29,,True,718,6,"TSK0655,TSK2650",,TSK6133,,False,0,,,High,Medium,69.9,False,1,2023-03-19 09:15:00,2023-07-16 14:45:00
TSK6256,Redesign settings page #6256,Design task — Very Complex complexity.,Design,PRJ195,High,Very Complex,100.3,112.1,13,"UI/UX,Figma",Designer,Mid,EMP1126,2024-05-15,Completed,100.0,2024-07-21,2024-08-08,2024-08-18,True,10,5,,,,6.0,False,0,8.0,6.0,High,High,63.9,True,4,2024-06-26 12:15:00,2025-02-22 16:30:00
TSK6290,Setup alerting rules #6290,DevOps task — Complex complexity.,DevOps,PRJ768,Medium,Complex,76.9,86.9,13,"AWS,Git,Docker",Developer,Mid,EMP1056,2024-01-28,Completed,100.0,2024-04-28,2024-05-13,2024-05-18,True,5,5,,,TSK1894,7.0,False,0,8.0,9.0,Medium,High,33.2,True,4,2023-12-07 09:00:00,2024-05-05 09:15:00
TSK6323,Stakeholder review #6323,Meeting task — Complex complexity.,Meeting,PRJ752,Critical,Complex,59.3,,13,"Agile,Communication",Manager,Senior,EMP611,2023-12-02,In Progress,16.8,2024-01-02,2024-01-11,,True,461,1,TSK3376,,,,False,0,,,Medium,Medium,75.2,False,1,2023-12-03 11:30:00,2025-03-23 10:30:00
TSK6372,Update README #6372,Documentation task — Moderate complexity.,Documentation,PRJ679,High,Moderate,17.9,,5,"Communication,Git,Agile",Developer,Senior,EMP442,2024-02-17,Blocked,15.6,2024-03-08,2024-03-12,,True,400,1,,,,,False,0,,,High,Medium,51.5,True,5,2024-02-10 10:00:00,2024-10-07 11:15:00
TSK6395,Retrospective #6395,Meeting task — Moderate complexity.,Meeting,PRJ538,High,Moderate,15.4,17.2,8,"Communication,Agile",Manager,Senior,EMP1438,2024-08-28,Completed,100.0,2024-08-29,2024-09-07,2024-09-09,True,2,7,,"TSK6405,TSK6406",,9.0,False,0,6.0,8.0,High,High,33.0,True,3,2024-08-28 17:45:00,2025-03-11 13:30:00
TSK6434,Build design system #6434,Design task — Very Complex complexity.,Design,PRJ301,High,Very Complex,176.6,218.1,21,"Adobe XD,HTML",Designer,Senior,EMP162,2024-07-19,Completed,100.0,2024-07-25,2024-08-18,2024-07-29,False,0,1,TSK0903,"TSK6439,TSK6440",,8.0,False,0,7.0,7.0,High,Medium,44.1,True,2,2024-07-13 18:45:00,2024-11-12 12:15:00
TSK6442,Infrastructure as code #6442,DevOps task — Complex complexity.,DevOps,PRJ456,Low,Complex,27.3,,13,"Docker,AWS,Linux",Developer,Senior,EMP1365,2024-08-18,Not Started,0.0,2024-10-01,2024-10-10,,False,0,5,,,,,False,0,,,High,Medium,5.0,True,3,2024-08-08 17:00:00,2025-04-07 13:15:00
TSK6467,Benchmark database options #6467,Research task — Complex complexity.,Research,PRJ769,Critical,Complex,74.2,84.0,13,Python,Analyst,Senior,EMP1078,2024-08-09,Completed,100.0,2024-08-31,2024-09-11,2024-09-10,False,0,4,,,TSK2196,7.0,False,0,7.0,6.0,High,Medium,21.8,False,1,2024-08-11 17:00:00,2025-02-12 17:00:00
TSK6486,Write unit tests #6486,Testing task — Simple complexity.,Testing,PRJ139,Critical,Simple,6.7,,1,"REST APIs,Python,Git",Developer,Mid,EMP1041,2024-08-29,In Progress,32.4,2024-12-02,2024-12-08,,True,129,5,TSK3171,,,,False,0,,,High,Medium,77.8,True,5,2024-10-23 13:00:00,2024-12-13 10:45:00
TSK6496,Database backup automation #6496,DevOps task — Complex complexity.,DevOps,PRJ181,High,Complex,30.9,34.6,8,"Docker,Git,Kubernetes",Developer,Senior,EMP051,2023-02-26,Completed,100.0,2023-03-13,2023-03-18,2023-03-31,True,13,1,"TSK0896,TSK2011",,,7.0,False,0,7.0,7.0,High,Medium,62.0,False,1,2023-01-16 11:15:00,2023-10-28 10:30:00
TSK6554,Build design system #6554,Design task — Moderate complexity.,Design,PRJ662,Low,Moderate,11.3,15.6,3,"Figma,Adobe XD",Designer,Mid,,,Completed,100.0,2023-08-26,2023-09-04,2023-08-30,False,0,7,,"TSK6555,TSK6573",TSK0317,9.0,False,0,8.0,10.0,High,High,23.3,True,5,2023-08-25 10:45:00,2024-06-16 13:00:00
TSK6609,Design review #6609,Review task — Moderate complexity.,Review,PRJ034,Critical,Moderate,19.9,,8,Agile,Senior Engineer,Junior,EMP1459,2023-08-20,Not Started,0.0,2023-08-22,2023-08-26,,False,0,1,"TSK5623,TSK0007",,TSK4123,,False,0,,,Low,Low,26.3,True,3,2023-08-12 16:30:00,2024-05-07 10:30:00
TSK6613,Architecture discussion #6613,Meeting task — Moderate complexity.,Meeting,PRJ146,Medium,Moderate,22.8,,3,"Communication,Agile",Manager,Junior,EMP1467,2023-08-14,Blocked,31.2,2023-09-02,2023-09-08,,True,586,3,,"TSK6615,TSK6629",,,False,0,,,High,Medium,63.3,False,1,2023-06-02 08:00:00,2024-11-02 15:15:00
TSK6620,Evaluate third-party libraries #6620,Research task — Complex complexity.,Research,PRJ624,High,Complex,66.9,,13,"Python,Excel,Communication",Analyst,Mid,EMP177,2024-06-30,Blocked,42.4,2024-07-01,2024-07-09,,True,281,5,,,,,False,0,,,High,Critical,53.0,True,2,2024-05-25 13:30:00,2024-12-06 15:15:00
TSK6633,Create runbook #6633,Documentation task — Moderate complexity.,Documentation,PRJ638,High,Moderate,22.4,19.3,5,Excel,Developer,Mid,,,Completed,100.0,2024-09-11,2024-09-15,2024-09-14,False,0,1,,,,6.0,False,0,7.0,8.0,High,High,26.6,False,1,2024-08-27 17:00:00,2025-03-15 10:45:00
TSK6657,Technology feasibility study #6657,Research task — Moderate complexity.,Research,PRJ398,High,Moderate,23.9,29.3,8,"SQL,Communication,Analytics",Analyst,Mid,EMP1169,2023-09-24,Completed,100.0,2023-10-09,2023-10-18,2023-10-11,False,0,6,TSK5945,,TSK4627,7.0,False,0,8.0,9.0,Low,Critical,7.0,True,3,2023-10-02 13:00:00,2024-03-28 16:45:00
TSK6671,Develop admin dashboard #6671,Development task — Complex complexity.,Development,PRJ495,Medium,Complex,47.0,54.1,13,"Docker,C++",Developer,Mid,EMP006,2024-06-24,Completed,100.0,2024-06-25,2024-07-07,2024-07-05,False,0,6,,,,10.0,False,0,10.0,7.0,High,Low,9.6,False,1,2024-06-19 14:30:00,2025-02-28 13:45:00
TSK6679,Team sync #6679,Meeting task — Complex complexity.,Meeting,PRJ653,High,Complex,66.9,,13,"Communication,Agile",Manager,Senior,EMP084,2024-10-18,In Progress,46.8,2024-11-10,2024-11-22,,True,145,3,,,TSK5838,,False,0,,,High,Low,68.5,False,1,2024-09-18 14:15:00,2025-04-14 17:00:00
TSK6684,Setup alerting rules #6684,DevOps task — Complex complexity.,DevOps,PRJ536,High,Complex,39.1,34.5,8,"Linux,Git",Developer,Senior,EMP857,2023-02-27,Completed,100.0,2023-04-28,2023-05-08,2023-05-12,True,4,5,,"TSK6694,TSK6686",,9.0,False,0,8.0,7.0,Medium,High,42.3,True,4,2023-01-23 18:00:00,2024-07-26 16:15:00
TSK6697,Build search feature #6697,Development task — Complex complexity.,Development,PRJ025,Medium,Complex,58.1,,8,"Java,REST APIs,Node.js",Developer,Junior,EMP1041,2023-06-09,Blocked,37.5,2023-06-19,2023-06-28,,True,658,1,,,TSK5725,,False,0,,,High,Medium,56.6,True,5,2023-06-15 11:00:00,2024-12-26 15:45:00
TSK6702,Write unit tests #6702,Testing task — Moderate complexity.,Testing,PRJ104,Medium,Moderate,23.1,,3,"Docker,Python,REST APIs",Developer,Junior,EMP1092,2023-01-09,In Progress,46.6,2023-01-14,2023-01-21,,True,816,4,,,,,False,0,,,High,High,50.1,True,5,2023-01-09 08:30:00,2024-03-24 13:15:00
TSK6703,Team sync #6703,Meeting task — Complex complexity.,Meeting,PRJ788,Medium,Complex,69.5,58.9,13,Communication,Manager,Mid,EMP843,2023-01-20,Completed,100.0,2023-01-28,2023-02-09,2023-02-21,True,12,3,,,,9.0,False,0,8.0,8.0,High,High,45.7,True,3,2023-01-19 17:15:00,2025-04-15 10:15:00
TSK6719,Implement user authentication #6719,Development task — Simple complexity.,Development,PRJ784,Medium,Simple,3.0,,2,"Docker,Node.js",Developer,Junior,EMP578,2024-06-01,Not Started,0.0,2024-06-24,2024-06-28,,False,0,3,,,,,False,0,,,High,Critical,5.0,False,1,2024-05-28 10:30:00,2025-01-15 15:00:00
TSK6727,Build design system #6727,Design task — Complex complexity.,Design,PRJ545,High,Complex,68.4,,13,Figma,Designer,Senior,,,Not Started,0.0,2025-01-17,2025-02-02,,False,0,7,,,TSK4638,,False,0,,,High,Medium,21.8,True,2,2024-11-08 08:45:00,2025-01-17 14:15:00
TSK6751,Team sync #6751,Meeting task — Moderate complexity.,Meeting,PRJ334,Critical,Moderate,21.0,,5,Communication,Manager,Mid,EMP1092,2024-06-09,In Review,82.6,2024-07-11,2024-07-18,,True,272,4,TSK5878,,,,False,0,,,High,Critical,81.9,True,3,2024-06-15 12:30:00,2024-10-09 08:15:00
TSK6753,Accessibility audit #6753,Testing task — Moderate complexity.,Testing,PRJ466,Medium,Moderate,15.9,19.6,5,Git,Developer,Mid,EMP836,2024-08-02,Completed,100.0,2024-08-04,2024-08-12,2024-08-23,True,11,6,,"TSK6767,TSK6770",,9.0,False,0,7.0,7.0,High,High,69.2,False,1,2024-08-01 12:15:00,2024-11-13 08:00:00
TSK6758,Architecture discussion #6758,Meeting task — Complex complexity.,Meeting,PRJ285,High,Complex,55.1,46.1,13,"Communication,Agile",Manager,Senior,,,Completed,100.0,2024-01-25,2024-02-05,2024-02-06,True,1,4,,"TSK6760,TSK6765",,8.0,False,0,8.0,9.0,High,Critical,56.5,False,1,2023-12-30 12:45:00,2024-06-02 14:30:00
TSK6762,Develop admin dashboard #6762,Development task — Moderate complexity.,Development,PRJ362,High,Moderate,8.8,,3,SQL,Developer,Junior,EMP327,2024-03-28,In Review,83.5,2024-04-08,2024-04-14,,True,367,4,,,TSK1655,,False,0,,,High,Low,56.8,True,2,2024-02-28 16:00:00,2025-04-13 14:00:00
TSK6786,Conduct user research #6786,Research task — Simple complexity.,Research,PRJ146,High,Simple,3.2,3.6,3,"Analytics,Communication,SQL",Analyst,Mid,EMP1245,2023-06-11,Completed,100.0,2023-07-04,2023-07-12,2023-07-19,True,7,7,,,,9.0,False,0,8.0,6.0,High,Medium,38.7,False,1,2023-06-04 10:15:00,2025-03-14 11:15:00
TSK6831,Design review #6831,Review task — Complex complexity.,Review,PRJ407,Medium,Complex,31.8,,8,"Git,Python",Senior Engineer,Senior,EMP309,2024-05-22,Blocked,11.1,2024-05-23,2024-06-03,,True,317,7,"TSK0834,TSK4812",,,,False,0,,,Medium,High,69.6,True,5,2024-05-19 11:15:00,2024-12-10 13:30:00
TSK6851,Evaluate third-party libraries #6851,Research task — Simple complexity.,Research,PRJ332,Medium,Simple,2.6,2.7,2,"Python,Communication,SQL",Analyst,Senior,EMP450,2024-09-04,Completed,100.0,2024-10-18,2024-10-21,2024-11-05,True,15,2,TSK0357,,,9.0,False,0,7.0,8.0,High,High,54.4,True,3,2024-09-25 17:30:00,2024-10-21 09:15:00
TSK6852,Configure monitoring #6852,DevOps task — Simple complexity.,DevOps,PRJ533,Medium,Simple,7.9,8.5,1,"Git,Linux",Developer,Junior,EMP1182,2023-05-03,Completed,100.0,2023-06-02,2023-06-05,2023-06-04,False,0,2,,"TSK6869,TSK6864",,7.0,False,0,9.0,8.0,High,Critical,34.5,True,4,2023-05-03 13:30:00,2024-02-27 12:45:00
TSK6860,Benchmark database options #6860,Research task — Moderate complexity.,Research,PRJ161,Critical,Moderate,22.9,,5,"SQL,Analytics,Communication",Analyst,Mid,EMP899,2024-01-26,In Progress,16.3,2024-02-24,2024-03-01,,True,411,3,,,,,False,0,,,High,Low,85.8,True,2,2024-01-23 14:00:00,2024-04-15 16:30:00
TSK6878,Design email templates #6878,Design task — Moderate complexity.,Design,PRJ069,High,Moderate,18.8,19.0,8,"Sketch,CSS,UI/UX",Designer,Mid,EMP104,2024-04-15,Completed,100.0,2024-07-12,2024-07-21,2024-07-15,False,0,6,,"TSK6895,TSK6887",,8.0,False,0,8.0,8.0,Medium,High,32.5,False,1,2024-05-21 18:15:00,2024-07-25 13:45:00
TSK6912,Develop admin dashboard #6912,Development task — Complex complexity.,Development,PRJ650,High,Complex,63.5,83.9,13,"C++,SQL",Developer,Mid,EMP785,2023-05-07,Completed,100.0,2023-05-11,2023-05-24,2023-05-23,False,0,5,,,,8.0,False,0,8.0,7.0,High,High,14.0,True,2,2023-02-15 13:30:00,2025-02-06 09:30:00
TSK6927,Benchmark database options #6927,Research task — Moderate complexity.,Research,PRJ351,Medium,Moderate,13.2,13.6,5,Python,Analyst,Senior,EMP1174,2024-04-03,Completed,100.0,2024-04-20,2024-04-24,2024-04-23,False,0,2,,,,7.0,False,0,8.0,7.0,Medium,High,5.0,True,3,2024-03-11 16:30:00,2024-06-04 16:00:00
TSK6940,Build design system #6940,Design task — Complex complexity.,Design,PRJ072,Critical,Complex,28.6,28.9,13,"Sketch,Adobe XD",Designer,Senior,,,Completed,100.0,2023-11-02,2023-11-07,2023-11-12,True,5,1,,,,7.0,False,0,9.0,8.0,Low,Medium,36.8,False,1,2023-09-28 12:15:00,2024-01-18 10:15:00
TSK6961,Design onboarding flow #6961,Design task — Moderate complexity.,Design,PRJ072,Medium,Moderate,10.0,12.2,8,Sketch,Designer,Junior,EMP726,2023-08-16,Completed,100.0,2023-11-27,2023-12-04,2023-12-09,True,5,5,TSK4661,,,7.0,False,0,8.0,6.0,Low,Medium,18.1,True,5,2023-07-26 09:30:00,2025-03-19 15:45:00
TSK6974,Design review #6974,Review task — Complex complexity.,Review,PRJ244,Low,Complex,28.1,,13,"Python,React,Agile",Senior Engineer,Senior,EMP819,2023-03-30,Not Started,0.0,2023-07-15,2023-07-25,,False,0,6,,"TSK6976,TSK6982",,,False,0,,,High,High,21.1,True,4,2023-04-22 14:00:00,2024-03-07 13:00:00
TSK6983,Design review #6983,Review task — Complex complexity.,Review,PRJ687,Medium,Complex,40.4,38.1,8,Agile,Senior Engineer,Mid,EMP251,2023-04-02,Completed,100.0,2023-04-06,2023-04-18,2023-04-19,True,1,6,,"TSK6985,TSK6992",,7.0,False,0,8.0,7.0,High,Medium,36.4,True,4,2023-03-29 08:45:00,2023-04-14 13:45:00
TSK7025,Perform integration testing #7025,Testing task — Simple complexity.,Testing,PRJ333,Medium,Simple,7.9,8.2,1,"REST APIs,Docker",Developer,Mid,EMP450,2023-12-10,Completed,100.0,2024-01-02,2024-01-08,2024-01-23,True,15,5,,,TSK2814,5.0,True,1,7.0,8.0,High,High,49.2,True,5,2023-11-25 17:15:00,2024-10-19 15:45:00
TSK7068,Setup CI/CD pipeline #7068,DevOps task — Simple complexity.,DevOps,PRJ704,Medium,Simple,1.5,,3,Linux,Developer,Mid,,,Not Started,0.0,2023-12-30,2024-01-07,,False,0,7,,,,,False,0,,,Medium,High,6.9,True,5,2023-11-14 09:15:00,2024-11-24 14:30:00
TSK7077,Perform integration testing #7077,Testing task — Complex complexity.,Testing,PRJ790,Low,Complex,59.5,81.5,8,"SQL,Python",Developer,Mid,EMP998,2024-04-19,Completed,100.0,2024-05-13,2024-05-23,2024-05-20,False,0,2,,"TSK7081,TSK7078",TSK1113,6.0,False,0,9.0,9.0,Medium,High,21.0,False,1,2024-04-09 08:45:00,2025-03-05 15:00:00
TSK7105,Infrastructure as code #7105,DevOps task — Moderate complexity.,DevOps,PRJ409,Critical,Moderate,20.6,28.0,5,Git,Developer,Senior,EMP1237,2024-01-21,Completed,100.0,2024-01-28,2024-02-07,2024-02-22,True,15,7,,,,7.0,False,0,8.0,9.0,High,Medium,71.7,False,1,2024-01-20 16:15:00,2025-04-10 15:15:00
TSK7150,Infrastructure as code #7150,DevOps task — Complex complexity.,DevOps,PRJ092,Critical,Complex,44.7,,13,"Docker,Kubernetes",Developer,Mid,EMP1131,2023-06-24,Not Started,0.0,2023-07-19,2023-07-30,,False,0,5,,,,,False,0,,,Medium,Low,17.4,True,4,2023-07-08 16:45:00,2025-04-03 10:15:00
TSK7158,Database backup automation #7158,DevOps task — Moderate complexity.,DevOps,PRJ020,Medium,Moderate,21.3,15.2,3,AWS,Developer,Junior,EMP344,2024-05-01,Completed,100.0,2024-07-31,2024-08-05,2024-08-03,False,0,2,TSK0143,"TSK7168,TSK7167",TSK1531,6.0,False,0,9.0,7.0,High,High,12.9,False,1,2024-05-10 10:00:00,2025-03-07 18:00:00
TSK7169,Implement caching layer #7169,Development task — Moderate complexity.,Development,PRJ283,High,Moderate,15.1,,3,"TypeScript,React,SQL",Developer,Mid,EMP376,2023-08-09,In Review,88.4,2023-08-31,2023-09-06,,True,588,4,,,,,False,0,,,Medium,High,58.4,True,2,2023-08-20 14:45:00,2024-02-05 17:45:00
TSK7180,Conduct load testing #7180,Testing task — Simple complexity.,Testing,PRJ589,Medium,Simple,1.3,,1,"REST APIs,Python",Developer,Junior,EMP936,2024-09-11,In Progress,40.5,2024-11-19,2024-11-24,,True,143,4,,,TSK5114,,False,0,,,Medium,Low,53.3,True,4,2024-08-03 10:30:00,2024-12-16 08:00:00
TSK7240,Conduct load testing #7240,Testing task — Moderate complexity.,Testing,PRJ460,High,Moderate,9.7,12.6,5,"Docker,Git",Developer,Mid,EMP1344,2024-06-15,Completed,100.0,2024-06-17,2024-06-22,2024-07-02,True,10,3,"TSK3680,TSK6522",,,6.0,False,0,8.0,8.0,High,Medium,41.7,False,1,2024-06-07 18:15:00,2024-08-10 12:15:00
TSK7264,Conduct user research #7264,Research task — Complex complexity.,Research,PRJ612,Medium,Complex,36.1,,8,"Analytics,Excel,Communication",Analyst,Senior,EMP277,2024-05-10,In Progress,23.4,2024-05-30,2024-06-06,,True,314,2,,,,,False,0,,,Medium,High,48.8,False,1,2024-05-29 14:00:00,2024-07-02 09:30:00
TSK7277,Retrospective #7277,Meeting task — Complex complexity.,Meeting,PRJ285,Medium,Complex,50.1,63.8,8,"Agile,Communication",Manager,Mid,EMP1095,2024-01-18,Completed,100.0,2024-01-26,2024-02-09,2024-02-19,True,10,7,,,,7.0,False,0,9.0,6.0,High,Low,40.2,True,3,2023-12-30 10:15:00,2024-04-26 14:30:00
TSK7298,Create runbook #7298,Documentation task — Simple complexity.,Documentation,PRJ401,Medium,Simple,4.0,,3,Agile,Developer,Mid,EMP1331,2024-04-06,In Progress,36.5,2024-05-14,2024-05-17,,True,334,2,,,TSK2203,,False,0,,,Medium,Critical,52.8,True,4,2024-04-13 09:30:00,2025-02-19 16:45:00
TSK7307,Design onboarding flow #7307,Design task — Moderate complexity.,Design,PRJ703,Critical,Moderate,23.6,16.6,5,"Figma,HTML",Designer,Mid,EMP1127,2024-03-21,Completed,100.0,2024-03-28,2024-04-02,2024-04-16,True,14,2,,"TSK7309,TSK7326",,9.0,False,0,8.0,9.0,Medium,High,77.8,True,3,2024-03-28 08:15:00,2024-05-24 11:00:00
TSK7309,Write API documentation #7309,Documentation task — Complex complexity.,Documentation,PRJ410,High,Complex,31.2,22.6,8,Excel,Developer,Senior,EMP450,2024-06-27,Completed,100.0,2024-09-18,2024-09-27,2024-10-04,True,7,5,"TSK3911,TSK1622","TSK7319,TSK7324",,7.0,False,0,9.0,8.0,High,Low,55.8,True,3,2024-07-29 11:45:00,2024-10-20 09:15:00
TSK7340,Design review #7340,Review task — Moderate complexity.,Review,PRJ393,Critical,Moderate,18.8,19.0,5,"Agile,Git",Senior Engineer,Mid,,,Completed,100.0,2024-07-28,2024-08-03,2024-08-04,True,1,3,TSK1728,,,8.0,False,0,7.0,8.0,High,Medium,27.0,False,1,2024-07-27 14:15:00,2024-09-30 17:45:00
TSK7359,Research ML frameworks #7359,Research task — Very Complex complexity.,Research,PRJ206,Medium,Very Complex,85.3,82.7,13,"Communication,Python",Analyst,Senior,EMP361,2023-11-27,Completed,100.0,2023-12-08,2023-12-26,2023-12-14,False,0,7,,,,6.0,False,0,7.0,6.0,High,High,8.2,False,1,2023-11-16 17:45:00,2024-07-04 17:30:00
TSK7383,Configure monitoring #7383,DevOps task — Moderate complexity.,DevOps,PRJ447,Medium,Moderate,19.8,,8,"Git,Linux",Developer,Junior,EMP169,2024-04-24,In Progress,26.6,2024-07-01,2024-07-09,,True,281,5,,,,,False,0,,,Medium,Critical,49.2,True,3,2024-04-24 11:00:00,2024-08-13 12:00:00
TSK7459,Document review #7459,Review task — Complex complexity.,Review,PRJ171,High,Complex,26.4,26.2,13,"Agile,React",Senior Engineer,Senior,EMP799,2024-12-17,Completed,100.0,2025-01-20,2025-01-27,2025-02-11,True,15,3,TSK6942,,,6.0,False,0,7.0,9.0,High,Low,60.7,True,5,2024-12-30 12:15:00,2025-01-27 15:30:00
TSK7489,Perform integration testing #7489,Testing task — Complex complexity.,Testing,PRJ768,High,Complex,66.3,62.7,8,"Python,REST APIs",Developer,Senior,EMP591,2024-01-01,Completed,100.0,2024-02-22,2024-03-09,2024-02-28,False,0,7,TSK3097,,TSK1007,9.0,False,0,8.0,8.0,Low,High,9.3,False,1,2024-01-16 09:00:00,2024-11-02 13:45:00
TSK7495,Architecture discussion #7495,Meeting task — Moderate complexity.,Meeting,PRJ230,Medium,Moderate,16.7,17.9,5,"Communication,Agile",Manager,Mid,EMP278,2023-05-01,Completed,100.0,2023-05-12,2023-05-19,2023-05-15,False,0,4,,"TSK7499,TSK7508",,10.0,False,0,8.0,8.0,Medium,Medium,27.2,True,4,2023-05-05 13:30:00,2023-07-27 15:15:00
TSK7509,Update onboarding guide #7509,Documentation task — Complex complexity.,Documentation,PRJ396,Medium,Complex,61.4,,8,"Communication,Excel",Developer,Senior,EMP409,2024-08-05,Not Started,0.0,2024-08-07,2024-08-21,,False,0,6,,"TSK7527,TSK7528",TSK1269,,False,0,,,High,Medium,16.7,False,1,2024-07-26 16:15:00,2024-11-15 11:15:00
TSK7525,Write API documentation #7525,Documentation task — Moderate complexity.,Documentation,PRJ622,High,Moderate,19.5,21.0,8,Agile,Developer,Mid,EMP050,2023-06-21,Completed,100.0,2023-09-10,2023-09-19,2023-09-21,True,2,6,,,,7.0,False,0,7.0,9.0,Medium,Medium,16.0,False,1,2023-08-07 09:30:00,2025-04-01 08:00:00
TSK7532,Develop admin dashboard #7532,Development task — Moderate complexity.,Development,PRJ670,Critical,Moderate,10.5,,8,"SQL,Python",Developer,Senior,EMP1189,2024-07-15,In Review,82.5,2024-09-24,2024-09-29,,True,199,3,,,,,False,0,,,Medium,High,72.8,True,3,2024-07-16 16:15:00,2024-10-28 11:30:00
TSK7534,Develop admin dashboard #7534,Development task — Simple complexity.,Development,PRJ677,High,Simple,3.5,,1,"Docker,TypeScript,Java",Developer,Junior,EMP169,2024-01-25,In Progress,53.3,2024-04-28,2024-05-05,,True,346,6,,,,,False,0,,,High,High,83.0,True,4,2024-01-23 10:00:00,2024-11-27 10:45:00
TSK7563,Deploy to staging #7563,DevOps task — Complex complexity.,DevOps,PRJ506,High,Complex,63.7,,13,"AWS,Docker",Developer,Mid,EMP815,2023-09-26,Blocked,31.8,2023-10-22,2023-11-01,,True,532,2,,"TSK7569,TSK7564",,,False,0,,,Medium,Medium,88.4,True,3,2023-08-03 15:15:00,2024-05-08 14:00:00
TSK7581,Prototype user journey #7581,Design task — Moderate complexity.,Design,PRJ791,Critical,Moderate,22.2,27.9,5,"Sketch,UI/UX",Designer,Junior,,,Completed,100.0,2024-09-18,2024-09-25,2024-09-22,False,0,4,,,,8.0,False,0,7.0,8.0,Low,Medium,33.3,False,1,2024-03-25 14:15:00,2024-12-18 18:00:00
TSK7582,Create database schema #7582,Development task — Complex complexity.,Development,PRJ759,High,Complex,68.8,79.0,8,"TypeScript,Node.js",Developer,Junior,EMP992,2023-11-15,Completed,100.0,2024-03-12,2024-03-23,2024-03-13,False,0,6,TSK4706,,,10.0,False,0,9.0,9.0,High,Critical,17.0,True,5,2024-01-18 17:45:00,2025-01-03 13:30:00
TSK7621,Database backup automation #7621,DevOps task — Moderate complexity.,DevOps,PRJ407,Medium,Moderate,19.7,26.9,3,Kubernetes,Developer,Mid,EMP811,2024-05-31,Completed,100.0,2024-06-03,2024-06-13,2024-06-06,False,0,7,"TSK2817,TSK3488",,,6.0,False,0,7.0,7.0,Medium,Low,5.0,True,2,2024-05-20 12:30:00,2024-08-19 08:45:00
TSK7632,Infrastructure as code #7632,DevOps task — Very Complex complexity.,DevOps,PRJ296,Low,Very Complex,97.7,89.5,21,Linux,Developer,Senior,EMP076,2023-12-27,Completed,100.0,2023-12-29,2024-01-16,2023-12-31,False,0,5,,,,8.0,False,0,8.0,9.0,High,Medium,5.0,True,4,2023-11-10 11:30:00,2024-12-30 15:15:00
TSK7645,Run regression suite #7645,Testing task — Simple complexity.,Testing,PRJ777,High,Simple,6.1,,2,"REST APIs,Docker,SQL",Developer,Junior,EMP730,2024-03-29,In Progress,28.8,2024-04-14,2024-04-18,,True,363,3,"TSK0775,TSK6230",,,,False,0,,,High,High,68.2,True,3,2024-04-11 15:30:00,2025-02-25 08:30:00
TSK7655,Research ML frameworks #7655,Research task — Complex complexity.,Research,PRJ522,High,Complex,44.7,36.5,8,"SQL,Excel",Analyst,Senior,EMP939,2023-02-24,Completed,100.0,2023-09-18,2023-09-25,2023-10-07,True,12,1,,,TSK3369,9.0,False,0,9.0,9.0,High,High,47.5,True,2,2023-04-16 16:30:00,2024-03-17 12:00:00
TSK7667,Retrospective #7667,Meeting task — Moderate complexity.,Meeting,PRJ510,Medium,Moderate,12.7,,5,"Agile,Communication",Manager,Mid,EMP1041,2024-04-15,In Progress,56.7,2024-04-19,2024-04-22,,True,359,1,,,,,False,0,,,High,Medium,54.2,False,1,2024-04-13 13:30:00,2025-03-04 18:45:00
TSK7684,Create data pipeline #7684,Development task — Complex complexity.,Development,PRJ740,Critical,Complex,27.1,37.2,8,"TypeScript,React,REST APIs",Developer,Senior,,,Completed,100.0,2024-03-28,2024-04-05,2024-04-04,False,0,4,"TSK1090,TSK3322","TSK7701,TSK7690",,7.0,False,0,8.0,8.0,Medium,High,69.8,True,4,2024-02-22 14:45:00,2024-08-20 15:15:00
TSK7693,Design email templates #7693,Design task — Complex complexity.,Design,PRJ067,Medium,Complex,27.1,,13,Prototyping,Designer,Senior,EMP705,2023-11-03,In Review,81.6,2023-11-07,2023-11-15,,True,518,4,,,,,False,0,,,High,Medium,46.1,False,1,2023-11-03 12:45:00,2024-02-19 14:30:00
TSK7694,Security vulnerability scan #7694,Testing task — Moderate complexity.,Testing,PRJ744,High,Moderate,10.8,12.8,8,"SQL,Python",Developer,Junior,EMP698,2024-02-19,Completed,100.0,2024-02-19,2024-02-27,2024-02-21,False,0,6,"TSK2553,TSK3230",,,6.0,False,0,7.0,8.0,Medium,Critical,10.1,True,3,2024-02-13 11:45:00,2025-01-23 14:15:00
TSK7710,Refactor legacy module #7710,Development task — Moderate complexity.,Development,PRJ341,High,Moderate,21.1,,8,"Node.js,TypeScript,C++",Developer,Mid,EMP1287,2023-10-06,In Progress,61.7,2023-10-31,2023-11-04,,True,529,1,,,,,False,0,,,Low,Medium,67.9,True,5,2023-10-06 09:30:00,2024-06-06 08:30:00
TSK7730,Configure monitoring #7730,DevOps task — Moderate complexity.,DevOps,PRJ349,Medium,Moderate,10.4,11.9,3,"Docker,Git,Kubernetes",Developer,Senior,EMP1341,2023-04-06,Completed,100.0,2023-04-26,2023-05-01,2023-05-11,True,10,3,TSK1616,"TSK7745,TSK7734",,6.0,False,0,9.0,8.0,Low,Medium,67.4,False,1,2023-04-02 15:15:00,2023-07-16 09:30:00
TSK7763,Implement user authentication #7763,Development task — Moderate complexity.,Development,PRJ049,Medium,Moderate,12.4,9.7,3,SQL,Developer,Mid,EMP297,2023-07-14,Completed,100.0,2023-07-18,2023-07-21,2023-08-03,True,13,1,,"TSK7779,TSK7765",,8.0,False,0,6.0,7.0,Medium,High,84.3,True,4,2023-07-15 17:00:00,2024-07-17 11:15:00
TSK7769,Competitive analysis #7769,Research task — Simple complexity.,Research,PRJ608,High,Simple,2.8,3.2,1,SQL,Analyst,Junior,EMP741,2023-07-08,Completed,100.0,2023-09-01,2023-09-08,2023-09-11,True,3,6,"TSK4737,TSK4316",,,6.0,False,0,8.0,6.0,Medium,Medium,18.7,True,5,2023-08-15 10:00:00,2024-10-16 12:15:00
TSK7776,Run regression suite #7776,Testing task — Very Complex complexity.,Testing,PRJ690,Critical,Very Complex,125.5,130.6,21,Python,Developer,Mid,EMP427,2024-09-17,Completed,100.0,2024-09-25,2024-10-10,2024-10-06,False,0,5,"TSK1746,TSK2915",,TSK1019,9.0,False,0,7.0,8.0,Medium,Medium,13.7,False,1,2024-06-12 18:30:00,2025-01-01 09:30:00
TSK7798,Build notification service #7798,Development task — Moderate complexity.,Development,PRJ226,Medium,Moderate,14.2,,5,"Docker,Java",Developer,Mid,EMP267,2024-05-02,Not Started,0.0,2024-06-04,2024-06-11,,False,0,5,,,,,False,0,,,Low,Medium,5.0,True,4,2024-05-13 14:30:00,2024-10-26 14:45:00
TSK7800,Build REST API endpoint #7800,Development task — Very Complex complexity.,Development,PRJ240,High,Very Complex,101.7,,13,REST APIs,Developer,Mid,EMP084,2024-03-01,In Progress,61.3,2024-03-30,2024-04-18,,True,363,6,,,,,False,0,,,Medium,High,65.7,True,4,2023-12-19 11:15:00,2024-09-15 17:00:00
TSK7819,Perform integration testing #7819,Testing task — Moderate complexity.,Testing,PRJ429,High,Moderate,13.8,,3,"SQL,REST APIs,Docker",Developer,Mid,EMP409,2023-02-12,Not Started,0.0,2023-03-08,2023-03-17,,False,0,7,,"TSK7835,TSK7827",,,False,0,,,Medium,Low,34.4,True,2,2023-01-10 14:45:00,2025-03-26 16:45:00
TSK7842,Develop admin dashboard #7842,Development task — Complex complexity.,Development,PRJ571,High,Complex,37.7,,8,"React,Python,Node.js",Developer,Mid,EMP295,2024-09-21,In Progress,36.5,2024-09-22,2024-10-02,,True,196,5,,,,,False,0,,,Medium,Medium,72.4,True,4,2024-09-22 15:30:00,2024-11-11 18:45:00
TSK7916,Stakeholder review #7916,Meeting task — Moderate complexity.,Meeting,PRJ493,Medium,Moderate,11.8,14.3,3,"Communication,Agile",Manager,Mid,,,Completed,100.0,2024-06-30,2024-07-08,2024-07-05,False,0,6,,,,9.0,False,0,9.0,7.0,High,High,12.6,True,5,2024-05-03 12:15:00,2025-03-08 16:30:00
TSK7920,Implement caching layer #7920,Development task — Moderate complexity.,Development,PRJ263,Medium,Moderate,8.7,8.1,5,Java,Developer,Mid,EMP050,2023-06-29,Completed,100.0,2023-07-13,2023-07-21,2023-07-28,True,7,6,,,,4.0,True,2,9.0,6.0,Low,Medium,27.0,False,1,2023-06-23 13:45:00,2024-11-17 15:30:00
TSK7921,Implement user authentication #7921,Development task — Simple complexity.,Development,PRJ734,Medium,Simple,3.5,,3,"Docker,SQL",Developer,Mid,EMP1326,2024-07-22,Not Started,0.0,2024-09-01,2024-09-06,,False,0,4,,,TSK3286,,False,0,,,Low,Medium,16.7,True,2,2024-08-03 12:30:00,2024-10-24 15:45:00
TSK7933,Conduct load testing #7933,Testing task — Complex complexity.,Testing,PRJ040,Medium,Complex,32.3,25.7,8,"REST APIs,Git",Developer,Mid,EMP1439,2024-07-14,Completed,100.0,2024-07-22,2024-07-31,2024-07-22,False,0,4,,,,7.0,False,0,7.0,7.0,Medium,Medium,5.0,False,1,2024-07-06 14:15:00,2025-01-16 17:30:00
TSK7937,Code review #7937,Review task — Simple complexity.,Review,PRJ571,Low,Simple,7.1,,3,"React,Git",Senior Engineer,Senior,EMP592,2024-09-19,In Progress,53.1,2024-10-04,2024-10-07,,True,191,2,TSK4387,,TSK7804,,False,0,,,High,Critical,57.8,True,5,2024-08-25 08:45:00,2024-12-18 18:00:00
TSK7938,Design critique #7938,Meeting task — Complex complexity.,Meeting,PRJ750,Low,Complex,58.5,,8,"Communication,Agile",Manager,Senior,EMP1236,2023-07-06,In Progress,27.0,2023-09-28,2023-10-08,,True,556,2,,,,,False,0,,,Medium,Medium,44.1,False,1,2023-05-01 13:15:00,2024-02-24 18:00:00
TSK7939,Create icon set #7939,Design task — Moderate complexity.,Design,PRJ411,Medium,Moderate,11.1,,8,"HTML,UI/UX,CSS",Designer,Mid,EMP899,2023-11-18,Not Started,0.0,2023-12-06,2023-12-14,,False,0,6,,,,,False,0,,,Low,Medium,17.6,False,1,2023-11-06 12:45:00,2025-02-17 08:30:00
TSK7964,Document review #7964,Review task — Simple complexity.,Review,PRJ071,High,Simple,5.5,,2,"Agile,Git",Senior Engineer,Mid,EMP613,2023-08-26,In Progress,11.1,2023-09-13,2023-09-20,,True,574,6,,"TSK7969,TSK7967",TSK6060,,False,0,,,Medium,Medium,91.3,True,4,2023-08-26 16:15:00,2024-11-30 08:00:00
TSK8038,Architecture discussion #8038,Meeting task — Simple complexity.,Meeting,PRJ300,Low,Simple,1.2,,2,"Agile,Communication",Manager,Senior,EMP005,2023-02-16,In Progress,14.1,2023-02-26,2023-03-04,,True,774,5,TSK5936,,,,False,0,,,High,High,44.4,True,3,2023-02-21 11:30:00,2024-01-28 08:30:00
TSK8053,Write release notes #8053,Documentation task — Moderate complexity.,Documentation,PRJ784,High,Moderate,19.9,,8,Git,Developer,Senior,,,In Progress,56.1,2024-06-13,2024-06-21,,True,299,5,,,,,False,0,,,High,Critical,66.2,True,5,2024-05-28 11:45:00,2025-02-16 16:45:00
TSK8060,Create icon set #8060,Design task — Moderate complexity.,Design,PRJ034,Medium,Moderate,22.8,,3,HTML,Designer,Mid,EMP836,2023-08-26,In Progress,10.5,2023-09-02,2023-09-08,,True,586,3,,"TSK8072,TSK8064",TSK1831,,False,0,,,Medium,High,73.7,False,1,2023-08-12 08:45:00,2023-09-19 11:15:00
TSK8083,Design landing page #8083,Design task — Complex complexity.,Design,PRJ248,High,Complex,62.8,,13,"Figma,UI/UX",Designer,Junior,EMP1418,2023-03-28,In Review,85.7,2023-04-14,2023-04-27,,True,720,5,,,,,False,0,,,High,Low,51.6,True,5,2023-03-24 09:00:00,2024-02-16 13:00:00
TSK8099,Create icon set #8099,Design task — Complex complexity.,Design,PRJ621,Critical,Complex,35.1,39.0,13,"Illustrator,HTML,CSS",Designer,Junior,EMP604,2023-04-10,Completed,100.0,2023-04-10,2023-04-21,2023-04-28,True,7,6,,"TSK8106,TSK8114",,9.0,False,0,9.0,9.0,High,Low,75.7,False,1,2023-03-30 18:30:00,2023-11-02 12:45:00
TSK8119,Design onboarding flow #8119,Design task — Moderate complexity.,Design,PRJ421,High,Moderate,14.4,20.1,5,HTML,Designer,Junior,EMP1499,2024-06-01,Completed,100.0,2024-06-18,2024-06-24,2024-07-08,True,14,4,,,,6.0,False,0,8.0,7.0,Medium,Low,47.2,True,3,2024-06-14 08:45:00,2024-08-02 08:15:00
TSK8140,Competitive analysis #8140,Research task — Complex complexity.,Research,PRJ449,Medium,Complex,31.0,,8,"SQL,Analytics,Communication",Analyst,Senior,EMP1054,2024-03-21,In Progress,40.6,2024-06-23,2024-07-03,,True,287,6,,,,,False,0,,,Medium,Medium,51.5,True,5,2024-05-01 11:30:00,2025-03-03 15:15:00
TSK8160,Redesign settings page #8160,Design task — Moderate complexity.,Design,PRJ324,High,Moderate,16.9,15.7,5,"CSS,Figma,HTML",Designer,Senior,EMP761,2023-02-12,Completed,100.0,2023-03-04,2023-03-08,2023-03-14,True,6,1,,,,8.0,False,0,8.0,7.0,High,High,17.9,False,1,2023-01-28 13:00:00,2023-03-23 15:45:00
TSK8161,Update README #8161,Documentation task — Simple complexity.,Documentation,PRJ721,High,Simple,2.7,2.4,3,"Communication,Excel,Agile",Developer,Junior,EMP402,2023-05-20,Completed,100.0,2023-06-23,2023-07-01,2023-06-29,False,0,7,TSK5111,,,8.0,False,0,8.0,8.0,Low,Medium,5.2,True,2,2023-05-23 11:30:00,2024-08-18 09:45:00
TSK8167,Build design system #8167,Design task — Simple complexity.,Design,PRJ381,Low,Simple,6.7,6.9,3,"Illustrator,Adobe XD",Designer,Mid,EMP391,2024-09-16,Completed,100.0,2024-10-03,2024-10-08,2024-10-14,True,6,4,,"TSK8175,TSK8170",TSK1455,6.0,False,0,9.0,7.0,High,High,14.2,True,3,2024-08-11 13:30:00,2024-10-14 13:30:00
TSK8186,Technology feasibility study #8186,Research task — Very Complex complexity.,Research,PRJ323,Medium,Very Complex,87.4,,13,"Excel,SQL",Analyst,Mid,,,Blocked,27.4,2024-09-04,2024-09-16,,True,212,1,,,,,False,0,,,High,High,69.4,True,2,2024-05-09 18:15:00,2024-12-18 09:45:00
TSK8194,Deploy to staging #8194,DevOps task — Complex complexity.,DevOps,PRJ747,Critical,Complex,74.3,,13,Docker,Developer,Senior,EMP1326,2023-04-12,In Review,87.3,2023-08-03,2023-08-14,,True,611,1,,,TSK4649,,False,0,,,Medium,High,73.9,True,3,2023-04-06 11:00:00,2024-09-07 14:45:00
TSK8210,Write unit tests #8210,Testing task — Complex complexity.,Testing,PRJ230,Low,Complex,28.3,,8,Python,Developer,Senior,,,In Progress,65.2,2023-05-10,2023-05-18,,True,699,4,,,TSK1468,,False,0,,,Medium,High,48.8,False,1,2023-04-24 13:30:00,2024-07-04 16:30:00
TSK8213,Architecture discussion #8213,Meeting task — Very Complex complexity.,Meeting,PRJ314,High,Very Complex,190.5,,21,"Agile,Communication",Manager,Mid,EMP1459,2024-06-09,In Review,76.4,2024-06-17,2024-07-17,,True,273,6,,"TSK8223,TSK8232",,,False,0,,,Medium,Low,80.7,False,1,2024-06-06 14:45:00,2024-12-08 15:00:00
TSK8239,Setup alerting rules #8239,DevOps task — Complex complexity.,DevOps,PRJ014,Medium,Complex,47.1,39.4,8,"Docker,Git,Kubernetes",Developer,Senior,EMP1107,2023-02-27,Completed,100.0,2023-03-01,2023-03-10,2023-03-08,False,0,3,,,,8.0,False,0,8.0,7.0,Medium,Medium,5.0,True,3,2023-02-24 14:00:00,2024-09-26 14:00:00
TSK8244,Competitive analysis #8244,Research task — Moderate complexity.,Research,PRJ673,Medium,Moderate,12.8,,5,"SQL,Analytics,Excel",Analyst,Mid,EMP777,2023-06-23,In Review,80.2,2023-07-10,2023-07-14,,True,642,2,,,,,False,0,,,High,Medium,50.9,False,1,2023-02-19 13:15:00,2023-11-21 17:15:00
TSK8254,Deploy to staging #8254,DevOps task — Moderate complexity.,DevOps,PRJ121,Critical,Moderate,17.9,21.1,8,"Docker,Kubernetes",Developer,Senior,EMP1300,2023-04-21,Completed,100.0,2023-07-02,2023-07-11,2023-07-02,False,0,6,TSK2303,,,7.0,False,0,9.0,9.0,Medium,High,11.6,True,5,2023-03-10 08:30:00,2024-08-02 15:30:00
TSK8267,Stakeholder review #8267,Meeting task — Moderate complexity.,Meeting,PRJ639,Medium,Moderate,20.8,25.4,8,Communication,Manager,Mid,EMP634,2023-03-08,Completed,100.0,2023-05-23,2023-05-28,2023-05-29,True,1,2,,,,7.0,False,0,8.0,9.0,Medium,Medium,5.0,True,5,2023-03-21 12:00:00,2024-07-03 11:00:00
TSK8283,Architecture discussion #8283,Meeting task — Simple complexity.,Meeting,PRJ424,Critical,Simple,7.9,6.1,2,"Agile,Communication",Manager,Mid,EMP1312,2023-06-26,Completed,100.0,2023-08-08,2023-08-16,2023-08-10,False,0,7,"TSK6259,TSK7573",,,8.0,False,0,8.0,6.0,Low,Low,27.7,False,1,2023-07-29 13:30:00,2024-12-01 09:00:00
TSK8289,PR review #8289,Review task — Complex complexity.,Review,PRJ759,Medium,Complex,38.2,46.3,13,Python,Senior Engineer,Senior,EMP1151,2023-12-29,Completed,100.0,2024-02-20,2024-02-26,2024-03-03,True,6,1,,,,7.0,False,0,9.0,8.0,Medium,Medium,9.7,True,2,2023-10-02 16:30:00,2024-08-10 15:30:00
TSK8310,Build notification service #8310,Development task — Very Complex complexity.,Development,PRJ279,Medium,Very Complex,151.1,123.9,21,"REST APIs,Node.js",Developer,Senior,EMP1296,2023-12-19,Completed,100.0,2024-05-20,2024-06-10,2024-06-20,True,10,2,,,,7.0,False,0,9.0,9.0,Medium,Medium,49.9,True,4,2024-02-18 08:45:00,2025-02-26 16:15:00
TSK8326,Evaluate third-party libraries #8326,Research task — Very Complex complexity.,Research,PRJ639,Critical,Very Complex,189.2,,21,"Communication,SQL",Analyst,Senior,EMP1264,2023-04-15,In Review,76.0,2023-06-05,2023-07-06,,True,650,7,,,,,False,0,,,High,High,66.3,True,3,2023-03-28 12:45:00,2023-07-21 12:30:00
TSK8336,Setup alerting rules #8336,DevOps task — Simple complexity.,DevOps,PRJ070,High,Simple,1.7,,1,Linux,Developer,Junior,EMP1299,2024-05-26,Not Started,0.0,2024-05-27,2024-06-04,,False,0,7,,,,,False,0,,,High,High,15.0,False,1,2024-05-18 16:15:00,2024-10-26 13:15:00
TSK8367,Configure monitoring #8367,DevOps task — Complex complexity.,DevOps,PRJ309,Critical,Complex,44.8,62.4,13,AWS,Developer,Mid,EMP899,2023-06-08,Completed,100.0,2023-12-14,2023-12-26,2024-01-02,True,7,6,,"TSK8369,TSK8378",,8.0,False,0,6.0,9.0,High,High,75.7,True,5,2023-09-30 10:45:00,2024-03-13 14:15:00
TSK8462,Prototype user journey #8462,Design task — Complex complexity.,Design,PRJ290,Critical,Complex,55.4,53.1,13,"Adobe XD,Illustrator,Sketch",Designer,Senior,EMP222,2024-02-10,Completed,100.0,2024-03-12,2024-03-26,2024-03-28,True,2,7,,,,8.0,False,0,7.0,7.0,Medium,High,22.1,False,1,2024-01-26 16:45:00,2025-02-06 09:45:00
TSK8464,Create icon set #8464,Design task — Simple complexity.,Design,PRJ548,Medium,Simple,4.0,,1,"Sketch,Adobe XD,UI/UX",Designer,Junior,EMP1376,2024-01-12,In Progress,71.1,2024-03-15,2024-03-19,,True,393,3,TSK4020,,,,False,0,,,High,High,46.5,True,2,2024-02-26 18:00:00,2024-12-20 11:15:00
TSK8465,Write API documentation #8465,Documentation task — Simple complexity.,Documentation,PRJ584,Medium,Simple,3.9,3.0,2,"Agile,Git,Excel",Developer,Mid,EMP503,2023-11-02,Completed,100.0,2023-12-10,2023-12-16,2023-12-31,True,15,5,,,,8.0,False,0,9.0,7.0,High,Medium,51.7,False,1,2023-10-28 10:00:00,2024-05-09 08:00:00
TSK8492,Create wireframes #8492,Design task — Complex complexity.,Design,PRJ725,Medium,Complex,59.8,,8,"Illustrator,HTML,Sketch",Designer,Senior,EMP216,2023-11-11,In Progress,40.8,2023-11-14,2023-11-24,,True,509,2,,,TSK1364,,False,0,,,Medium,High,59.8,True,2,2023-11-06 17:30:00,2024-11-30 09:15:00
TSK8503,Configure monitoring #8503,DevOps task — Very Complex complexity.,DevOps,PRJ621,Medium,Very Complex,150.1,,21,Git,Developer,Junior,EMP1224,2023-07-27,Not Started,0.0,2023-09-22,2023-10-12,,False,0,1,,,,,False,0,,,Medium,High,9.7,True,3,2023-04-11 16:30:00,2023-12-05 11:45:00
TSK8522,Update onboarding guide #8522,Documentation task — Complex complexity.,Documentation,PRJ135,Medium,Complex,33.0,42.6,13,Git,Developer,Senior,EMP014,2024-02-13,Completed,100.0,2024-02-16,2024-02-28,2024-02-24,False,0,7,,,,6.0,False,0,7.0,8.0,High,High,5.0,True,2,2024-02-10 15:30:00,2025-01-25 14:00:00
TSK8542,Stakeholder review #8542,Meeting task — Complex complexity.,Meeting,PRJ338,Medium,Complex,35.8,,13,"Agile,Communication",Manager,Senior,,,In Progress,37.7,2024-03-30,2024-04-10,,True,371,6,"TSK2086,TSK7117",,TSK3788,,False,0,,,High,Critical,51.5,False,1,2024-03-20 15:30:00,2024-07-25 10:15:00
TSK8564,Create runbook #8564,Documentation task — Moderate complexity.,Documentation,PRJ260,Critical,Moderate,11.2,,3,"Communication,Excel,Agile",Developer,Junior,EMP936,2024-07-27,Not Started,0.0,2024-08-07,2024-08-14,,False,0,5,,,,,False,0,,,Medium,High,19.9,True,4,2024-06-23 11:45:00,2024-08-29 08:15:00
TSK8572,Database backup automation #8572,DevOps task — Moderate complexity.,DevOps,PRJ416,Medium,Moderate,22.7,21.8,3,"AWS,Docker,Kubernetes",Developer,Mid,EMP427,2023-04-25,Completed,100.0,2023-06-11,2023-06-17,2023-06-29,True,12,3,"TSK8553,TSK3267",,,7.0,False,0,8.0,10.0,Medium,High,30.6,False,1,2023-04-17 16:30:00,2023-08-30 16:00:00
TSK8585,Design review #8585,Review task — Simple complexity.,Review,PRJ176,High,Simple,4.4,5.5,3,"React,Python,Java",Senior Engineer,Mid,EMP451,2023-01-04,Completed,100.0,2023-01-04,2023-01-06,2023-01-05,False,0,1,"TSK2872,TSK4921",,,7.0,False,0,7.0,7.0,Low,High,16.9,False,1,2022-12-30 13:15:00,2024-05-09 11:00:00
TSK8600,Architecture review #8600,Review task — Moderate complexity.,Review,PRJ093,High,Moderate,14.5,,3,React,Senior Engineer,Junior,,,In Progress,59.2,2023-02-22,2023-03-02,,True,776,6,,,,,False,0,,,High,High,58.3,True,4,2023-02-17 09:30:00,2025-02-16 08:15:00
TSK8611,Design review #8611,Review task — Complex complexity.,Review,PRJ202,Low,Complex,45.5,,8,"Java,Python",Senior Engineer,Junior,EMP076,2024-02-04,In Review,75.0,2024-02-20,2024-02-28,,True,413,2,TSK5571,"TSK8618,TSK8612",TSK6846,,False,0,,,Medium,High,76.7,False,1,2023-11-25 09:15:00,2024-03-21 08:45:00
TSK8614,Write release notes #8614,Documentation task — Moderate complexity.,Documentation,PRJ416,Medium,Moderate,12.0,12.6,5,"Git,Excel",Developer,Senior,EMP267,2023-02-16,Completed,100.0,2023-03-11,2023-03-15,2023-03-27,True,12,2,TSK6464,,,10.0,False,0,7.0,7.0,High,Critical,45.2,True,2,2023-02-06 11:00:00,2024-08-12 14:15:00
TSK8657,Document review #8657,Review task — Complex complexity.,Review,PRJ526,High,Complex,75.2,61.6,13,React,Senior Engineer,Senior,EMP723,2023-12-03,Completed,100.0,2023-12-03,2023-12-10,2023-12-07,False,0,2,,,,7.0,False,0,10.0,7.0,Medium,Medium,8.5,True,5,2023-11-16 11:30:00,2025-04-06 13:30:00
TSK8661,Optimize Docker images #8661,DevOps task — Complex complexity.,DevOps,PRJ292,Low,Complex,38.7,,8,"AWS,Kubernetes,Git",Developer,Senior,EMP450,2023-10-09,In Progress,63.0,2023-10-19,2023-10-30,,True,534,6,,,,,False,0,,,Medium,Medium,44.8,True,5,2023-09-07 10:45:00,2024-01-15 13:15:00
TSK8685,Document review #8685,Review task — Simple complexity.,Review,PRJ234,Low,Simple,6.4,8.2,1,"Python,React,Agile",Senior Engineer,Mid,EMP1245,2023-12-10,Completed,100.0,2024-01-16,2024-01-24,2024-01-20,False,0,7,,,,8.0,False,0,9.0,8.0,Low,Medium,5.0,True,4,2023-11-19 17:45:00,2024-07-15 16:45:00
TSK8698,Redesign settings page #8698,Design task — Very Complex complexity.,Design,PRJ533,Medium,Very Complex,141.4,108.5,13,"Figma,HTML,Adobe XD",Designer,Junior,EMP1317,2023-06-09,Completed,100.0,2023-06-19,2023-07-12,2023-07-08,False,0,5,,,TSK3946,9.0,False,0,6.0,8.0,High,High,5.0,True,3,2023-04-29 10:15:00,2023-07-25 17:45:00
TSK8703,Optimize Docker images #8703,DevOps task — Moderate complexity.,DevOps,PRJ492,High,Moderate,20.3,20.8,8,"Kubernetes,AWS,Docker",Developer,Junior,EMP569,2024-06-19,Completed,100.0,2024-07-27,2024-08-04,2024-08-10,True,6,5,,,,10.0,False,0,8.0,8.0,High,Critical,49.2,True,4,2024-06-02 18:30:00,2024-12-20 10:30:00
TSK8725,Deploy to staging #8725,DevOps task — Complex complexity.,DevOps,PRJ120,High,Complex,35.8,,8,Linux,Developer,Senior,EMP1315,2024-07-02,Not Started,0.0,2024-08-31,2024-09-06,,False,0,1,,,,,False,0,,,High,Medium,9.5,False,1,2024-07-30 13:00:00,2024-11-20 15:45:00
TSK8739,Develop payment gateway #8739,Development task — Moderate complexity.,Development,PRJ691,High,Moderate,9.1,10.0,8,Docker,Developer,Mid,EMP1193,2024-06-22,Completed,100.0,2024-12-22,2024-12-29,2025-01-02,True,4,5,,,,8.0,False,0,7.0,7.0,Medium,High,28.0,False,1,2024-05-30 17:30:00,2025-02-14 10:00:00
TSK8743,E2E test automation #8743,Testing task — Complex complexity.,Testing,PRJ507,Critical,Complex,25.1,,13,"Docker,Git,SQL",Developer,Mid,EMP333,2024-01-05,In Progress,50.0,2024-01-12,2024-01-17,,True,455,1,TSK1251,,,,False,0,,,High,High,71.3,True,3,2023-11-10 08:00:00,2024-11-28 16:45:00
TSK8815,Design critique #8815,Meeting task — Complex complexity.,Meeting,PRJ067,Medium,Complex,70.4,,8,"Communication,Agile",Manager,Senior,EMP427,2023-10-06,In Review,79.7,2023-10-18,2023-10-29,,True,535,2,,,,,False,0,,,Medium,Critical,43.7,False,1,2023-09-29 13:45:00,2023-11-14 08:30:00
TSK8846,Conduct load testing #8846,Testing task — Moderate complexity.,Testing,PRJ106,High,Moderate,22.7,,8,"REST APIs,SQL",Developer,Senior,EMP882,2024-08-30,In Progress,23.2,2024-09-12,2024-09-17,,True,211,2,,,,,False,0,,,High,High,70.0,False,1,2024-09-02 10:30:00,2024-10-26 18:00:00
TSK8848,Code review #8848,Review task — Complex complexity.,Review,PRJ481,Critical,Complex,79.1,,13,"Agile,React",Senior Engineer,Senior,EMP834,2024-04-06,In Progress,65.4,2024-09-04,2024-09-21,,True,207,7,,"TSK8858,TSK8866",TSK1389,,False,0,,,Low,Medium,95.0,False,1,2024-06-10 11:00:00,2025-04-15 14:00:00
TSK8918,Update onboarding guide #8918,Documentation task — Complex complexity.,Documentation,PRJ481,Critical,Complex,25.8,23.8,13,"Git,Agile",Developer,Senior,EMP1092,2024-03-10,Completed,100.0,2024-07-20,2024-07-29,2024-07-28,False,0,5,,"TSK8935,TSK8937",,7.0,False,0,8.0,8.0,Medium,Medium,51.5,True,2,2024-04-10 10:15:00,2024-12-04 11:00:00
TSK8924,Create database schema #8924,Development task — Complex complexity.,Development,PRJ670,Medium,Complex,60.2,,13,"Java,Docker,Python",Developer,Senior,,,Not Started,0.0,2024-08-28,2024-09-10,,False,0,5,,,,,False,0,,,Medium,High,6.6,True,3,2024-08-04 11:30:00,2025-02-16 13:45:00
TSK8954,Run regression suite #8954,Testing task — Complex complexity.,Testing,PRJ121,High,Complex,47.8,54.5,8,"SQL,REST APIs,Python",Developer,Senior,EMP1245,2023-06-10,Completed,100.0,2023-07-13,2023-07-26,2023-07-21,False,0,7,TSK5072,,,8.0,False,0,6.0,8.0,High,Critical,26.5,True,3,2023-03-04 08:00:00,2024-05-07 15:15:00
TSK8987,Create database schema #8987,Development task — Complex complexity.,Development,PRJ502,Medium,Complex,30.8,39.3,13,"REST APIs,Python",Developer,Senior,EMP172,2024-08-14,Completed,100.0,2024-09-05,2024-09-12,2024-09-25,True,13,3,,,,8.0,False,0,8.0,9.0,High,Critical,51.7,True,2,2024-08-05 08:15:00,2024-10-27 15:15:00
TSK9004,Stakeholder review #9004,Meeting task — Simple complexity.,Meeting,PRJ176,Critical,Simple,1.4,1.2,3,"Agile,Communication",Manager,Mid,EMP391,2023-03-05,Completed,100.0,2023-03-25,2023-03-28,2023-04-10,True,13,2,,,,8.0,False,0,7.0,8.0,Medium,High,74.3,False,1,2023-03-16 15:30:00,2023-09-09 18:30:00
TSK9007,Stakeholder review #9007,Meeting task — Complex complexity.,Meeting,PRJ679,Medium,Complex,78.2,82.0,8,Agile,Manager,Senior,,,Completed,100.0,2024-06-02,2024-06-16,2024-06-19,True,3,4,,,,7.0,False,0,9.0,6.0,High,Critical,21.4,True,2,2024-04-14 16:30:00,2024-07-02 09:30:00
TSK9021,Sprint planning #9021,Meeting task — Moderate complexity.,Meeting,PRJ623,Medium,Moderate,12.2,12.5,3,Communication,Manager,Mid,EMP1377,2023-07-02,Completed,100.0,2023-08-27,2023-09-02,2023-09-07,True,5,4,,,TSK8226,6.0,False,0,9.0,8.0,High,Critical,12.8,False,1,2023-07-03 08:30:00,2024-03-08 18:15:00
TSK9027,Architecture review #9027,Review task — Moderate complexity.,Review,PRJ075,High,Moderate,12.9,,5,"Python,Java,React",Senior Engineer,Junior,EMP1054,2024-09-05,In Review,76.5,2024-09-18,2024-09-21,,True,207,1,"TSK1715,TSK6224","TSK9032,TSK9043",,,False,0,,,Low,Medium,95.0,True,2,2024-09-10 15:15:00,2024-12-03 17:45:00
TSK9047,Conduct user research #9047,Research task — Complex complexity.,Research,PRJ163,Medium,Complex,34.4,31.7,13,"SQL,Analytics",Analyst,Senior,EMP084,2023-03-18,Completed,100.0,2023-03-27,2023-04-03,2023-04-01,False,0,2,,,,9.0,False,0,7.0,9.0,Medium,Medium,10.9,False,1,2023-03-17 14:45:00,2024-08-09 13:15:00
TSK9065,Stakeholder review #9065,Meeting task — Complex complexity.,Meeting,PRJ139,High,Complex,75.6,100.4,8,Communication,Manager,Senior,EMP110,2024-09-18,Completed,100.0,2024-10-18,2024-11-04,2024-10-22,False,0,7,,,TSK7759,10.0,False,0,9.0,6.0,Low,High,9.7,False,1,2024-08-31 18:45:00,2024-12-23 11:30:00
TSK9134,Design onboarding flow #9134,Design task — Complex complexity.,Design,PRJ639,High,Complex,32.7,28.8,13,Sketch,Designer,Senior,EMP096,2023-05-27,Completed,100.0,2023-06-01,2023-06-11,2023-06-23,True,12,5,TSK1782,,,8.0,False,0,10.0,7.0,Medium,Medium,45.1,False,1,2023-05-11 08:30:00,2023-06-06 14:00:00
TSK9143,Conduct load testing #9143,Testing task — Moderate complexity.,Testing,PRJ447,Medium,Moderate,9.8,,5,"Python,REST APIs,SQL",Developer,Mid,EMP238,2024-03-30,Blocked,29.0,2024-04-19,2024-04-23,,True,358,2,,"TSK9160,TSK9147",TSK1199,,False,0,,,Low,Low,63.4,False,1,2024-03-30 15:00:00,2024-11-17 08:45:00
TSK9223,Setup CI/CD pipeline #9223,DevOps task — Moderate complexity.,DevOps,PRJ134,High,Moderate,19.7,,3,"Kubernetes,AWS,Docker",Developer,Mid,EMP1108,2024-01-25,In Progress,73.6,2024-02-06,2024-02-14,,True,427,5,,,,,False,0,,,High,High,60.6,True,2,2023-11-15 08:00:00,2025-04-12 08:15:00
TSK9224,Conduct user research #9224,Research task — Moderate complexity.,Research,PRJ084,Medium,Moderate,19.2,,3,"Python,Excel",Analyst,Senior,EMP358,2023-12-13,Blocked,20.7,2023-12-24,2023-12-28,,True,475,1,"TSK7123,TSK9109",,TSK7872,,False,0,,,High,Low,50.9,True,4,2023-12-22 16:45:00,2024-04-25 12:15:00
TSK9235,Design onboarding flow #9235,Design task — Simple complexity.,Design,PRJ176,Critical,Simple,2.7,2.5,3,"UI/UX,Illustrator",Designer,Junior,EMP005,2023-03-28,Completed,100.0,2023-04-15,2023-04-21,2023-04-26,True,5,5,,,TSK5304,8.0,False,0,8.0,7.0,High,High,44.3,True,4,2022-12-31 14:45:00,2024-01-19 16:45:00
TSK9248,Conduct load testing #9248,Testing task — Moderate complexity.,Testing,PRJ746,High,Moderate,16.7,14.6,3,"REST APIs,Git",Developer,Junior,EMP936,2023-12-25,Completed,100.0,2023-12-27,2024-01-06,2024-01-18,True,12,7,,,,8.0,False,0,8.0,5.0,Medium,High,46.0,True,4,2023-11-27 12:45:00,2025-03-07 11:00:00
TSK9251,Security vulnerability scan #9251,Testing task — Complex complexity.,Testing,PRJ726,High,Complex,33.2,33.5,13,"Docker,Git",Developer,Mid,EMP1000,2023-04-25,Completed,100.0,2023-05-02,2023-05-13,2023-05-28,True,15,6,,,,9.0,False,0,8.0,7.0,High,High,62.8,False,1,2023-04-20 13:30:00,2023-05-30 13:00:00
TSK9261,Setup CI/CD pipeline #9261,DevOps task — Moderate complexity.,DevOps,PRJ792,High,Moderate,16.9,,3,"Kubernetes,Linux",Developer,Senior,EMP649,2024-03-24,In Review,77.1,2024-04-07,2024-04-13,,True,368,3,,"TSK9273,TSK9274",,,False,0,,,Medium,High,94.6,False,1,2024-04-04 12:15:00,2025-02-23 14:45:00
TSK9263,Database backup automation #9263,DevOps task — Simple complexity.,DevOps,PRJ384,High,Simple,5.6,4.2,1,"Linux,Docker",Developer,Mid,EMP1041,2023-10-07,Completed,100.0,2023-10-08,2023-10-15,2023-10-26,True,11,6,,,,9.0,False,0,7.0,6.0,High,Critical,36.7,False,1,2023-10-02 14:45:00,2024-08-21 18:15:00
TSK9269,PR review #9269,Review task — Complex complexity.,Review,PRJ247,High,Complex,69.2,82.9,8,Java,Senior Engineer,Senior,EMP162,2023-04-10,Completed,100.0,2023-04-17,2023-05-03,2023-04-25,False,0,7,"TSK2661,TSK5477",,,9.0,False,0,8.0,7.0,High,High,15.4,True,2,2023-04-15 12:30:00,2023-11-22 17:15:00
TSK9319,Create database schema #9319,Development task — Moderate complexity.,Development,PRJ324,Critical,Moderate,17.9,16.2,8,"Python,Java,Go",Developer,Mid,EMP222,2023-03-17,Completed,100.0,2023-03-30,2023-04-08,2023-04-02,False,0,6,,,TSK4825,8.0,False,0,7.0,8.0,Medium,Low,27.2,True,5,2023-03-02 15:30:00,2023-10-03 17:30:00
TSK9348,Team sync #9348,Meeting task — Moderate complexity.,Meeting,PRJ459,Critical,Moderate,16.4,,5,"Communication,Agile",Manager,Junior,EMP1355,2023-07-25,In Review,88.3,2023-10-21,2023-10-25,,True,539,1,,,TSK3435,,False,0,,,Medium,Low,80.5,True,3,2023-09-12 08:30:00,2024-07-21 08:15:00
TSK9355,API contract testing #9355,Testing task — Moderate complexity.,Testing,PRJ403,Medium,Moderate,10.0,11.7,8,"Git,Docker,Python",Developer,Senior,EMP815,2023-12-05,Completed,100.0,2023-12-15,2023-12-19,2023-12-20,True,1,2,,,,7.0,False,0,8.0,8.0,High,Medium,5.0,False,1,2023-11-30 18:45:00,2024-02-08 18:30:00
TSK9370,Update README #9370,Documentation task — Complex complexity.,Documentation,PRJ070,High,Complex,55.4,,13,"Excel,Communication,Agile",Developer,Senior,EMP1326,2024-09-24,Not Started,0.0,2025-03-04,2025-03-17,,False,0,6,TSK1763,,,,False,0,,,Low,High,13.4,False,1,2024-07-30 08:45:00,2025-03-06 08:00:00
TSK9428,Design email templates #9428,Design task — Complex complexity.,Design,PRJ682,Low,Complex,64.0,,8,"CSS,UI/UX",Designer,Senior,,,Not Started,0.0,2024-06-17,2024-06-29,,False,0,3,,,,,False,0,,,High,Low,5.0,True,4,2024-05-31 08:45:00,2024-11-21 16:30:00
TSK9447,API contract testing #9447,Testing task — Simple complexity.,Testing,PRJ636,Low,Simple,7.5,,3,"Python,Git,SQL",Developer,Mid,EMP115,2025-02-15,Not Started,0.0,2025-03-09,2025-03-14,,False,0,4,TSK6513,,,,False,0,,,Low,Low,6.6,True,2,2024-07-20 09:30:00,2025-04-10 10:15:00
TSK9457,Benchmark database options #9457,Research task — Complex complexity.,Research,PRJ092,Medium,Complex,36.7,39.2,13,"Python,SQL",Analyst,Senior,EMP1073,2023-06-02,Completed,100.0,2023-06-22,2023-06-30,2023-07-01,True,1,3,"TSK8624,TSK1965",,,5.0,True,2,9.0,6.0,Medium,Medium,12.7,True,3,2023-06-20 12:00:00,2024-05-17 16:45:00
TSK9466,Retrospective #9466,Meeting task — Moderate complexity.,Meeting,PRJ589,High,Moderate,18.4,,5,"Communication,Agile",Manager,Mid,EMP1041,2024-07-08,In Progress,46.4,2024-07-30,2024-08-03,,True,256,1,TSK1363,,,,False,0,,,High,Medium,57.6,True,5,2024-07-11 14:15:00,2024-12-26 16:30:00
TSK9482,Design email templates #9482,Design task — Complex complexity.,Design,PRJ127,High,Complex,56.5,40.8,8,"HTML,Illustrator,Adobe XD",Designer,Senior,EMP1291,2024-03-10,Completed,100.0,2024-03-12,2024-03-22,2024-04-02,True,11,2,,,,7.0,False,0,9.0,7.0,Low,Critical,38.5,True,3,2024-02-13 11:45:00,2025-03-01 13:45:00
TSK9492,PR review #9492,Review task — Moderate complexity.,Review,PRJ365,Critical,Moderate,11.1,13.7,5,"Java,Python,Git",Senior Engineer,Mid,,,Completed,100.0,2023-03-07,2023-03-10,2023-03-24,True,14,1,TSK0719,"TSK9502,TSK9501",,5.0,True,1,5.0,8.0,High,Medium,92.1,True,2,2023-02-23 13:45:00,2025-03-17 09:15:00
TSK9526,Design email templates #9526,Design task — Moderate complexity.,Design,PRJ494,Low,Moderate,12.6,11.7,5,"Illustrator,Adobe XD",Designer,Senior,,,Completed,100.0,2024-06-01,2024-06-04,2024-06-08,True,4,1,,,,6.0,False,0,8.0,7.0,High,Medium,10.8,False,1,2024-05-22 16:45:00,2024-07-05 14:30:00
TSK9529,Refactor legacy module #9529,Development task — Very Complex complexity.,Development,PRJ792,Medium,Very Complex,139.1,179.0,13,"React,Go,Node.js",Developer,Senior,EMP545,2023-11-07,Completed,100.0,2024-04-12,2024-05-01,2024-05-14,True,13,1,TSK6107,,,8.0,False,0,7.0,8.0,High,Critical,42.6,True,2,2023-11-19 10:00:00,2024-09-26 15:30:00
TSK9536,Conduct user research #9536,Research task — Very Complex complexity.,Research,PRJ673,High,Very Complex,187.5,,13,"Excel,Communication,Python",Analyst,Senior,EMP1092,2023-01-23,In Progress,17.0,2023-08-24,2023-09-18,,True,576,1,,,TSK9186,,False,0,,,Medium,High,56.1,True,4,2023-02-22 09:15:00,2025-01-31 16:15:00
TSK9583,Sprint planning #9583,Meeting task — Moderate complexity.,Meeting,PRJ106,Critical,Moderate,12.5,,5,Agile,Manager,Junior,,,In Progress,53.7,2024-11-14,2024-11-19,,True,148,3,,,TSK7613,,False,0,,,Medium,Low,81.1,True,4,2024-10-11 12:30:00,2025-01-25 13:30:00
TSK9591,Architecture discussion #9591,Meeting task — Simple complexity.,Meeting,PRJ401,Low,Simple,1.4,,3,"Agile,Communication",Manager,Senior,EMP006,2024-05-23,Not Started,0.0,2024-05-26,2024-06-03,,False,0,7,"TSK7242,TSK2581","TSK9601,TSK9608",,,False,0,,,High,Medium,28.1,True,4,2024-05-01 14:00:00,2024-10-01 08:15:00
TSK9619,Retrospective #9619,Meeting task — Complex complexity.,Meeting,PRJ106,Low,Complex,70.9,,8,"Communication,Agile",Manager,Mid,EMP1253,2024-10-09,In Progress,28.9,2024-11-24,2024-12-03,,True,134,1,,,,,False,0,,,High,Low,48.8,False,1,2024-09-29 09:30:00,2024-12-22 16:00:00
TSK9637,Conduct user research #9637,Research task — Moderate complexity.,Research,PRJ356,Medium,Moderate,10.3,7.3,8,"Python,SQL",Analyst,Mid,EMP506,2023-02-21,Completed,100.0,2023-03-11,2023-03-19,2023-03-27,True,8,6,"TSK1353,TSK1822",,,7.0,False,0,7.0,9.0,Medium,High,26.4,True,5,2023-02-26 18:45:00,2023-11-29 08:45:00
TSK9638,Refactor legacy module #9638,Development task — Complex complexity.,Development,PRJ597,Low,Complex,29.6,35.0,8,"C++,TypeScript",Developer,Mid,EMP084,2024-07-04,Completed,100.0,2024-09-02,2024-09-07,2024-09-15,True,8,1,"TSK1447,TSK9407",,,7.0,False,0,7.0,7.0,Medium,Critical,29.6,False,1,2024-08-19 16:45:00,2024-12-12 15:00:00
TSK9653,Run regression suite #9653,Testing task — Moderate complexity.,Testing,PRJ135,High,Moderate,12.4,12.5,8,"Git,Python,REST APIs",Developer,Senior,,,Completed,100.0,2024-02-17,2024-02-20,2024-02-25,True,5,1,,,,7.0,False,0,8.0,9.0,Medium,High,23.1,True,2,2024-02-06 14:45:00,2024-05-05 15:15:00
TSK9661,Document review #9661,Review task — Complex complexity.,Review,PRJ686,High,Complex,62.1,57.2,8,Python,Senior Engineer,Junior,EMP911,2024-04-21,Completed,100.0,2024-05-23,2024-06-05,2024-06-08,True,3,5,"TSK6767,TSK8225",,,8.0,False,0,9.0,8.0,Medium,Medium,33.9,False,1,2024-04-08 12:15:00,2025-01-19 17:00:00
TSK9672,Stakeholder review #9672,Meeting task — Complex complexity.,Meeting,PRJ626,High,Complex,40.2,35.3,13,"Communication,Agile",Manager,Senior,EMP079,2023-10-28,Completed,100.0,2023-10-30,2023-11-08,2023-11-07,False,0,3,"TSK0189,TSK4938",,,6.0,False,0,8.0,8.0,High,Medium,18.6,True,5,2023-09-27 13:15:00,2025-02-24 14:30:00
TSK9677,Technology feasibility study #9677,Research task — Very Complex complexity.,Research,PRJ689,Low,Very Complex,198.5,209.3,13,"SQL,Python",Analyst,Senior,EMP238,2024-09-13,Completed,100.0,2024-12-25,2025-01-21,2025-01-26,True,5,2,,,,7.0,False,0,7.0,8.0,Low,High,20.6,True,2,2024-12-16 09:15:00,2025-02-23 10:45:00
TSK9744,Run regression suite #9744,Testing task — Moderate complexity.,Testing,PRJ059,Medium,Moderate,13.1,,8,"Python,SQL",Developer,Junior,EMP076,2024-08-05,In Review,77.6,2024-09-02,2024-09-09,,True,219,5,,,TSK9023,,False,0,,,Medium,High,65.3,False,1,2024-08-21 08:15:00,2025-03-03 08:45:00
TSK9764,Setup CI/CD pipeline #9764,DevOps task — Complex complexity.,DevOps,PRJ003,Critical,Complex,36.1,,8,"Linux,AWS",Developer,Senior,EMP920,2024-10-01,Not Started,0.0,2025-03-22,2025-04-03,,False,0,7,"TSK1697,TSK7121","TSK9776,TSK9782",,,False,0,,,Medium,High,35.3,True,3,2024-09-09 10:00:00,2025-04-12 09:45:00
TSK9776,Architecture discussion #9776,Meeting task — Moderate complexity.,Meeting,PRJ767,Low,Moderate,20.2,15.4,3,"Communication,Agile",Manager,Mid,EMP899,2023-06-24,Completed,100.0,2023-09-04,2023-09-13,2023-09-06,False,0,6,"TSK4780,TSK1685",,TSK6381,9.0,False,0,7.0,10.0,Low,Medium,8.0,True,4,2023-04-15 11:15:00,2024-07-27 10:30:00
TSK9786,PR review #9786,Review task — Moderate complexity.,Review,PRJ486,Medium,Moderate,18.5,17.2,5,"React,Python",Senior Engineer,Junior,EMP1116,2023-12-17,Completed,100.0,2024-02-07,2024-02-17,2024-02-21,True,4,7,,,,7.0,False,0,8.0,6.0,Medium,Critical,17.8,False,1,2023-12-30 11:00:00,2025-01-25 17:00:00
TSK9803,E2E test automation #9803,Testing task — Complex complexity.,Testing,PRJ096,Medium,Complex,39.1,36.4,13,"SQL,REST APIs",Developer,Senior,EMP349,2023-09-12,Completed,100.0,2023-09-29,2023-10-09,2023-10-15,True,6,5,"TSK3562,TSK1892",,,7.0,False,0,8.0,6.0,Medium,High,18.4,True,2,2023-09-21 12:15:00,2023-11-09 09:00:00
TSK9805,Design review #9805,Review task — Simple complexity.,Review,PRJ099,High,Simple,6.6,,2,"React,Git,Java",Senior Engineer,Senior,EMP450,2023-08-28,In Review,77.3,2023-09-11,2023-09-13,,True,581,1,"TSK4590,TSK6220",,TSK1560,,False,0,,,High,Medium,71.5,True,3,2023-08-30 16:45:00,2024-10-10 08:30:00
TSK9888,Architecture review #9888,Review task — Simple complexity.,Review,PRJ324,Low,Simple,4.7,3.5,3,"React,Agile,Git",Senior Engineer,Senior,,,Completed,100.0,2023-03-15,2023-03-22,2023-03-16,False,0,6,,"TSK9906,TSK9896",,6.0,False,0,6.0,7.0,Medium,Medium,5.6,False,1,2023-02-11 18:30:00,2025-03-28 16:45:00
TSK9922,Write API documentation #9922,Documentation task — Simple complexity.,Documentation,PRJ639,Critical,Simple,2.3,2.6,3,"Excel,Agile",Developer,Junior,EMP1205,2023-01-27,Completed,100.0,2023-06-07,2023-06-15,2023-06-07,False,0,7,,"TSK9936,TSK9941",,8.0,False,0,9.0,5.0,Medium,Medium,57.2,False,1,2023-04-25 09:15:00,2023-12-04 10:15:00
TSK9957,Design landing page #9957,Design task — Moderate complexity.,Design,PRJ216,High,Moderate,13.3,,5,"UI/UX,Sketch",Designer,Mid,EMP267,2024-06-26,Not Started,0.0,2024-10-22,2024-10-28,,False,0,4,"TSK4483,TSK0772",,,,False,0,,,Medium,Critical,23.4,True,4,2024-08-11 10:00:00,2024-10-30 15:15:00
TSK9960,Design onboarding flow #9960,Design task — Simple complexity.,Design,PRJ653,Medium,Simple,2.8,,1,Adobe XD,Designer,Senior,EMP287,2024-10-23,In Progress,57.3,2024-11-28,2024-12-01,,True,136,2,,,,,False,0,,,Medium,Medium,50.0,False,1,2024-10-24 11:45:00,2025-01-31 17:30:00
TSK9999,PR review #9999,Review task — Moderate complexity.,Review,PRJ466,High,Moderate,22.7,21.5,5,"Agile,Python,React",Senior Engineer,Senior,EMP1040,2024-08-07,Completed,100.0,2024-08-12,2024-08-18,2024-08-26,True,8,3,TSK2233,,TSK2955,8.0,False,0,8.0,7.0,Low,Low,34.6,True,3,2024-08-09 09:15:00,2024-10-14 14:15:00
