record_id,employee_id,date,week_number,total_hours_worked,overtime_hours,billable_hours,non_billable_hours,meeting_hours,focused_work_hours,context_switching_count,active_tasks_count,active_projects_count,tasks_completed,tasks_started,blocked_tasks_count,high_priority_tasks,workload_intensity_score,deadline_pressure_score,productivity_score,efficiency_ratio,task_completion_rate,quality_of_work,rework_time_hours,meetings_attended,collaboration_hours,stress_level,weekend_work_indicator,break_time_minutes,productivity_vs_avg,workload_vs_capacity,burnout_risk_today,special_circumstances,out_of_office,worked_from,created_at
WH00166,EMP006,2024-02-15,7,5.5,0.0,4.6,0.9,1.6,3.1,16,2,2,0,2,2,1,19.2,49.7,27.2,20.0,0.0,,0.0,1,2.7,Low,False,48.0,-40.0,91.7,21.3,,False,Office,2024-02-15 09:00:00
WH00167,EMP006,2024-04-03,14,5.4,0.0,4.9,0.5,0.6,3.9,17,1,1,1,1,0,1,17.2,13.1,53.7,20.0,50.0,7.8,0.0,0,2.0,Low,False,52.0,-15.1,90.0,8.9,,False,Office,2024-04-03 09:00:00
WH00168,EMP006,2024-04-11,15,5.1,0.0,4.6,0.5,0.7,3.6,24,6,3,2,1,0,2,50.0,25.6,55.2,41.4,25.0,8.0,0.0,1,1.7,Low,False,49.0,-17.0,85.0,17.9,,False,Office,2024-04-11 09:00:00
WH00169,EMP006,2024-04-29,18,5.7,0.0,4.6,1.1,3.0,1.8,21,3,3,3,2,0,2,33.7,42.3,53.0,53.2,50.0,7.9,0.0,4,3.8,Low,False,57.0,-13.0,95.0,18.5,Holiday,False,Office,2024-04-29 09:00:00
WH00170,EMP006,2024-05-03,18,6.5,0.5,5.7,0.8,1.4,4.0,20,4,2,0,2,1,0,19.5,23.5,32.2,20.0,0.0,,0.0,1,2.8,Low,False,67.0,-37.5,108.3,19.0,Holiday,False,Office,2024-05-03 09:00:00
WH00171,EMP006,2024-05-09,19,5.2,0.0,4.5,0.7,1.3,3.4,23,1,3,1,0,0,1,25.4,21.6,60.0,21.5,50.0,7.2,0.0,0,2.0,Low,False,31.0,-13.3,86.7,15.6,Team Offsite,False,Office,2024-05-09 09:00:00
WH00172,EMP006,2024-05-13,20,5.9,0.0,4.8,1.1,2.9,2.0,12,8,3,2,1,2,2,46.1,75.4,29.2,33.6,20.0,7.0,0.0,0,3.7,Low,False,59.0,-40.0,98.3,47.9,,False,Office,2024-05-13 09:00:00
WH00173,EMP006,2024-05-28,22,5.0,0.0,4.1,0.9,2.7,1.6,7,6,2,0,1,2,3,52.4,88.0,39.9,20.0,0.0,,0.0,1,3.5,Low,False,41.0,-31.7,83.3,37.6,Client Visit,False,Office,2024-05-28 09:00:00
WH00174,EMP006,2024-06-04,23,0.0,0.0,0.0,0.0,0.0,0.0,0,0,0,0,0,0,0,0.0,0.0,0.0,0.0,0.0,,0.0,0,0.0,Low,False,0.0,0.0,0.0,0.0,Leave,True,Home,2024-06-04 09:00:00
WH00175,EMP006,2024-06-20,25,5.5,0.0,5.0,0.5,2.3,2.1,14,7,1,2,2,1,2,58.3,45.0,33.0,33.8,22.2,7.1,0.0,0,3.6,Low,False,65.0,-40.0,91.7,32.5,Team Offsite,False,Office,2024-06-20 09:00:00
WH00176,EMP006,2024-06-26,26,5.6,0.0,4.9,0.7,1.3,3.3,22,8,3,2,2,1,1,47.7,44.3,48.9,37.6,20.0,7.7,0.0,1,2.3,Low,False,58.0,-22.5,93.3,21.5,Holiday,False,Office,2024-06-26 09:00:00
WH00177,EMP006,2024-07-29,31,5.8,0.0,5.4,0.4,2.4,2.4,7,1,2,0,0,0,0,0.0,9.2,32.1,20.0,0.0,,0.0,3,3.7,Low,False,62.0,-40.0,96.7,10.2,,False,Office,2024-07-29 09:00:00
WH00178,EMP006,2024-08-19,34,5.3,0.0,4.8,0.5,0.8,4.0,23,5,3,0,2,1,1,31.6,33.6,34.5,20.0,0.0,,0.0,0,1.1,Low,False,33.0,-40.0,88.3,20.1,Client Visit,False,Office,2024-08-19 09:00:00
WH00179,EMP006,2024-08-20,34,5.0,0.0,4.5,0.5,1.7,2.2,18,2,2,1,1,1,2,29.2,70.2,49.5,23.8,33.3,8.0,0.0,0,3.0,Low,False,65.0,-29.6,83.3,27.2,,False,Office,2024-08-20 09:00:00
WH00180,EMP006,2024-09-12,37,5.0,0.0,4.7,0.3,2.1,2.1,9,2,1,0,1,1,1,18.6,28.9,31.7,20.0,0.0,,0.0,0,2.9,Low,False,47.0,-40.0,83.3,14.1,,False,Office,2024-09-12 09:00:00
WH00181,EMP006,2024-09-24,39,5.0,0.0,4.4,0.6,1.2,3.5,25,1,2,1,1,0,1,15.4,22.1,58.8,26.3,50.0,9.1,0.0,2,2.6,Low,False,19.0,-19.4,83.3,6.7,Holiday,False,Office,2024-09-24 09:00:00
WH00182,EMP006,2024-09-30,40,5.0,0.0,4.3,0.7,1.6,2.2,15,2,1,0,1,1,2,29.7,52.3,38.4,20.0,0.0,,0.0,1,2.3,Low,False,69.0,-30.4,83.3,29.4,,False,Office,2024-09-30 09:00:00
WH00183,EMP006,2024-10-10,41,5.0,0.0,4.2,0.8,4.0,0.5,24,1,3,1,2,0,1,21.5,22.4,54.7,20.0,50.0,6.8,0.2,5,4.6,Low,False,42.0,-29.1,83.3,19.3,Holiday,False,Office,2024-10-10 09:00:00
WH00184,EMP006,2024-10-24,43,5.0,0.0,4.6,0.4,1.0,3.1,19,2,2,0,1,1,2,38.7,43.4,36.1,20.0,0.0,,0.0,2,1.9,Low,False,51.0,-39.9,83.3,26.6,Holiday,False,Office,2024-10-24 09:00:00
WH00185,EMP006,2024-10-28,44,5.0,0.0,4.3,0.7,2.5,1.5,4,7,2,2,1,0,2,60.3,53.1,50.6,42.7,22.2,6.7,0.6,0,3.8,Low,False,58.0,-17.8,83.3,31.5,Training Day,False,Office,2024-10-28 09:00:00
WH00186,EMP006,2024-11-04,45,5.0,0.0,4.5,0.5,1.6,2.6,12,5,2,3,2,0,3,62.0,69.6,52.8,56.6,37.5,6.4,0.1,2,2.5,Low,False,46.0,-21.4,83.3,35.2,,False,Office,2024-11-04 09:00:00
WH00187,EMP006,2024-12-04,49,5.4,0.0,4.9,0.5,1.0,3.8,14,6,2,1,1,1,0,34.7,28.3,36.8,20.0,14.3,8.4,0.0,0,1.5,Low,False,36.0,-35.9,90.0,15.6,,False,Office,2024-12-04 09:00:00
WH00188,EMP006,2024-12-05,49,5.2,0.0,4.5,0.7,2.6,1.4,23,2,2,0,0,2,0,6.2,23.7,40.9,20.0,0.0,,0.0,1,3.5,Low,False,70.0,-40.0,86.7,10.7,,False,Office,2024-12-05 09:00:00
WH00189,EMP006,2024-12-11,50,5.4,0.0,4.5,0.9,3.7,0.7,11,3,3,0,1,0,0,10.5,15.9,38.1,20.0,0.0,,0.0,0,4.2,Low,False,58.0,-38.7,90.0,0.9,,False,Office,2024-12-11 09:00:00
WH00190,EMP006,2024-12-24,52,5.0,0.0,4.3,0.7,2.3,1.8,8,3,1,1,2,2,1,27.6,47.6,42.5,20.0,25.0,7.1,0.0,0,2.7,Low,False,54.0,-36.7,83.3,20.1,,False,Office,2024-12-24 09:00:00
WH00191,EMP006,2024-12-25,52,5.0,0.0,4.1,0.9,2.8,1.5,3,2,2,0,1,0,1,23.1,26.3,33.6,20.0,0.0,,0.0,3,3.6,Low,False,42.0,-40.0,83.3,6.9,Training Day,False,Office,2024-12-25 09:00:00
WH00192,EMP006,2024-12-27,52,5.0,0.0,4.3,0.7,2.3,1.6,10,6,1,1,2,2,0,27.5,21.3,36.9,25.6,14.3,7.0,0.0,0,2.9,Low,False,66.0,-40.0,83.3,15.4,Team Offsite,False,Office,2024-12-27 09:00:00
WH00193,EMP006,2025-01-14,3,5.7,0.0,4.8,0.9,0.5,4.5,8,5,2,2,1,0,2,50.3,53.4,43.1,39.4,28.6,7.2,0.0,1,1.0,Low,False,40.0,-38.8,95.0,27.0,Training Day,False,Office,2025-01-14 09:00:00
WH00194,EMP006,2025-01-30,5,5.0,0.0,4.3,0.7,0.6,3.6,10,6,1,2,0,2,2,52.7,68.1,46.2,41.2,25.0,7.7,0.0,0,0.9,Low,False,51.0,-27.2,83.3,33.6,,False,Office,2025-01-30 09:00:00
WH00195,EMP006,2025-01-31,5,5.0,0.0,4.7,0.3,3.0,1.1,12,7,2,0,1,0,3,61.6,78.8,37.3,20.0,0.0,,0.0,2,3.4,Low,False,51.0,-38.9,83.3,39.6,,False,Office,2025-01-31 09:00:00
WH00196,EMP006,2025-02-04,6,6.0,0.0,5.1,0.9,0.0,5.1,25,7,1,0,1,2,1,51.1,55.3,29.8,20.0,0.0,,0.0,1,1.2,Low,False,54.0,-40.0,100.0,26.3,,False,Office,2025-02-04 09:00:00
WH00197,EMP006,2025-02-10,7,5.6,0.0,4.8,0.8,2.9,2.2,22,6,3,3,0,0,0,41.3,0.0,51.6,51.7,33.3,7.5,0.0,2,3.3,Low,False,31.0,-26.3,93.3,10.4,Training Day,False,Office,2025-02-10 09:00:00
WH00198,EMP006,2025-02-26,9,5.5,0.0,4.5,1.0,2.6,2.4,25,7,1,1,1,0,3,66.2,73.3,42.3,20.0,12.5,8.3,0.0,1,4.0,Low,False,30.0,-31.8,91.7,37.0,,False,Office,2025-02-26 09:00:00
WH01618,EMP050,2024-01-10,2,6.4,0.0,4.9,1.5,1.6,4.0,20,7,1,2,2,2,2,61.0,77.3,49.8,34.1,22.2,8.9,0.0,1,1.9,Low,False,47.0,-30.9,80.0,41.4,Team Offsite,False,Home,2024-01-10 09:00:00
WH01619,EMP050,2024-01-23,4,7.3,0.0,6.0,1.3,1.6,5.0,7,4,2,3,0,0,1,37.2,46.0,50.9,43.4,42.9,7.8,0.0,2,2.2,Low,False,39.0,-34.9,91.2,16.9,,False,Remote,2024-01-23 09:00:00
WH01620,EMP050,2024-02-07,6,0.0,0.0,0.0,0.0,0.0,0.0,0,0,0,0,0,0,0,0.0,0.0,0.0,0.0,0.0,,0.0,0,0.0,Low,False,0.0,0.0,0.0,0.0,Leave,True,Home,2024-02-07 09:00:00
WH01621,EMP050,2024-02-27,9,7.3,0.0,5.6,1.7,3.5,3.0,18,4,1,0,1,2,0,16.6,33.1,30.0,20.0,0.0,,0.0,4,4.7,Low,False,46.0,-40.0,91.2,14.7,Holiday,False,Home,2024-02-27 09:00:00
WH01622,EMP050,2024-03-13,11,6.4,0.0,4.7,1.7,3.7,1.7,11,8,1,3,2,1,0,25.6,11.4,52.0,46.5,27.3,7.0,0.0,0,4.8,Low,False,60.0,-25.3,80.0,9.9,Client Visit,False,Home,2024-03-13 09:00:00
WH01623,EMP050,2024-03-14,11,7.1,0.0,5.6,1.5,0.1,6.0,9,1,3,1,0,0,0,1.3,19.5,45.9,20.0,50.0,7.3,0.0,1,0.5,Medium,False,59.0,-34.6,88.8,3.9,Training Day,False,Home,2024-03-14 09:00:00
WH01624,EMP050,2024-04-05,14,7.8,0.0,5.6,2.2,2.1,4.8,6,8,2,3,0,0,3,72.2,72.8,36.0,38.2,27.3,6.0,0.0,1,3.3,Low,False,55.0,-40.0,97.5,48.5,,False,Remote,2024-04-05 09:00:00
WH01625,EMP050,2024-04-12,15,6.6,0.0,5.2,1.4,1.6,4.3,9,2,3,1,2,1,0,0.0,7.9,45.4,20.3,33.3,7.2,0.0,2,2.4,Low,False,42.0,-40.0,82.5,4.4,,False,Remote,2024-04-12 09:00:00
WH01626,EMP050,2024-04-17,16,6.7,0.0,5.0,1.7,1.0,5.5,21,1,1,0,1,1,1,23.4,19.9,31.9,20.0,0.0,,0.0,0,1.8,Low,False,10.0,-40.0,83.8,19.4,,False,Home,2024-04-17 09:00:00
WH01627,EMP050,2024-05-22,21,7.7,0.0,6.4,1.3,1.0,6.0,23,7,3,3,2,2,2,51.4,56.6,48.9,40.8,30.0,8.1,0.0,2,1.3,Low,False,41.0,-38.4,96.2,42.2,,False,Home,2024-05-22 09:00:00
WH01628,EMP050,2024-05-29,22,6.9,0.0,5.3,1.6,1.3,5.0,18,8,3,0,2,2,2,61.1,63.7,36.1,20.0,0.0,,0.0,1,2.8,Low,False,38.0,-40.0,86.2,50.8,,False,Remote,2024-05-29 09:00:00
WH01629,EMP050,2024-06-04,23,6.0,0.0,5.0,1.0,2.0,3.6,13,8,3,0,0,2,1,47.8,56.6,28.4,20.0,0.0,,0.0,2,2.6,Medium,False,25.0,-40.0,75.0,18.9,,False,Home,2024-06-04 09:00:00
WH01630,EMP050,2024-06-14,24,5.9,0.0,4.6,1.3,3.0,2.0,19,2,2,2,2,0,2,34.2,55.3,51.1,36.9,50.0,8.2,0.0,3,3.8,Low,False,52.0,-33.0,73.8,26.7,,False,Home,2024-06-14 09:00:00
WH01631,EMP050,2024-06-21,25,7.2,0.0,5.2,2.0,2.5,3.7,14,4,1,1,2,0,0,16.4,10.5,46.4,20.0,20.0,7.9,0.0,2,2.9,Low,False,58.0,-38.2,90.0,14.2,Holiday,False,Home,2024-06-21 09:00:00
WH01632,EMP050,2024-06-27,26,5.7,0.0,4.5,1.2,0.6,4.3,8,7,1,1,2,1,2,67.5,63.2,46.2,20.0,12.5,6.8,0.1,1,0.7,Low,False,46.0,-34.4,71.2,35.6,Training Day,False,Home,2024-06-27 09:00:00
WH01633,EMP050,2024-07-15,29,7.4,0.0,5.7,1.7,3.2,3.4,9,6,1,0,0,2,1,36.8,54.2,24.7,20.0,0.0,,0.0,2,4.0,Low,False,47.0,-40.0,92.5,31.0,Client Visit,False,Home,2024-07-15 09:00:00
WH01634,EMP050,2024-07-17,29,5.7,0.0,4.5,1.2,1.4,3.5,10,5,1,3,1,2,3,52.6,71.0,46.2,49.1,37.5,6.5,0.3,2,2.0,Low,False,50.0,-39.0,71.2,33.5,Training Day,False,Remote,2024-07-17 09:00:00
WH01635,EMP050,2024-08-13,33,5.8,0.0,4.3,1.5,3.6,1.5,16,5,1,3,0,2,2,37.2,58.4,54.9,52.5,37.5,7.0,0.0,4,4.8,Low,False,43.0,-28.4,72.5,27.1,,False,Home,2024-08-13 09:00:00
WH01636,EMP050,2024-08-20,34,0.0,0.0,0.0,0.0,0.0,0.0,0,0,0,0,0,0,0,0.0,0.0,0.0,0.0,0.0,,0.0,0,0.0,Low,False,0.0,0.0,0.0,0.0,Leave,True,Home,2024-08-20 09:00:00
WH01637,EMP050,2024-09-02,36,7.2,0.0,5.1,2.1,1.3,5.2,14,5,1,2,0,1,2,45.6,52.5,47.5,32.9,28.6,7.5,0.0,0,1.8,Low,False,41.0,-32.6,90.0,33.6,,False,Home,2024-09-02 09:00:00
WH01638,EMP050,2024-10-11,41,7.5,0.0,5.4,2.1,2.9,3.5,17,5,2,0,0,1,2,46.2,54.4,36.6,20.0,0.0,,0.0,2,3.7,Low,False,68.0,-40.0,93.8,28.5,Holiday,False,Remote,2024-10-11 09:00:00
WH01639,EMP050,2024-10-21,43,7.5,0.0,6.0,1.5,1.1,5.7,6,8,1,3,1,1,2,57.4,68.9,47.6,46.3,27.3,7.1,0.0,2,1.7,Low,False,44.0,-37.0,93.8,37.7,,False,Remote,2024-10-21 09:00:00
WH01640,EMP050,2024-11-04,45,6.9,0.0,5.0,1.9,4.0,1.9,20,7,3,0,2,1,2,63.2,61.3,31.2,20.0,0.0,,0.0,2,4.6,Low,False,62.0,-40.0,86.2,41.7,Team Offsite,False,Remote,2024-11-04 09:00:00
WH01641,EMP050,2024-11-12,46,7.6,0.0,6.1,1.5,1.9,5.0,16,5,2,1,0,0,3,43.0,65.5,29.9,20.0,16.7,6.7,0.4,2,2.2,Low,False,40.0,-40.0,95.0,36.0,Training Day,False,Remote,2024-11-12 09:00:00
WH01642,EMP050,2024-11-14,46,7.1,0.0,5.9,1.2,2.0,3.9,10,4,2,0,1,0,3,46.2,61.7,27.5,20.0,0.0,,0.0,1,2.2,Low,False,69.0,-40.0,88.8,36.3,Holiday,False,Home,2024-11-14 09:00:00
WH01643,EMP050,2024-11-21,47,0.0,0.0,0.0,0.0,0.0,0.0,0,0,0,0,0,0,0,0.0,0.0,0.0,0.0,0.0,,0.0,0,0.0,Low,False,0.0,0.0,0.0,0.0,Leave,True,Home,2024-11-21 09:00:00
WH01644,EMP050,2024-11-25,48,7.6,0.0,5.5,2.1,2.3,4.3,23,7,3,1,1,0,1,41.1,30.8,42.0,25.0,12.5,8.4,0.0,3,3.4,Low,False,60.0,-40.0,95.0,26.2,,False,Home,2024-11-25 09:00:00
WH01645,EMP050,2024-12-10,50,6.9,0.0,5.2,1.7,2.1,3.9,18,1,1,1,0,0,0,0.0,0.0,50.0,20.0,50.0,7.8,0.0,2,3.3,Low,False,54.0,-32.1,86.2,0.0,,False,Home,2024-12-10 09:00:00
WH01646,EMP050,2024-12-13,50,7.1,0.0,5.6,1.5,2.2,4.2,21,1,3,0,0,1,1,20.7,35.4,36.8,20.0,0.0,,0.0,0,3.0,Low,False,39.0,-40.0,88.8,8.9,Holiday,False,Home,2024-12-13 09:00:00
WH01647,EMP050,2025-01-06,2,6.8,0.0,5.6,1.2,2.2,3.7,6,1,3,1,1,0,0,5.9,1.9,52.2,20.0,50.0,8.1,0.0,0,2.9,Low,False,52.0,-37.7,85.0,5.9,,False,Remote,2025-01-06 09:00:00
WH01648,EMP050,2025-01-21,4,0.0,0.0,0.0,0.0,0.0,0.0,0,0,0,0,0,0,0,0.0,0.0,0.0,0.0,0.0,,0.0,0,0.0,Low,False,0.0,0.0,0.0,0.0,Leave,True,Home,2025-01-21 09:00:00
WH01649,EMP050,2025-02-04,6,7.2,0.0,5.3,1.9,3.0,3.7,9,1,1,1,2,0,1,5.4,19.8,47.7,20.0,50.0,6.1,0.1,0,3.8,Low,False,32.0,-25.8,90.0,7.5,,False,Home,2025-02-04 09:00:00
WH01650,EMP050,2025-02-07,6,7.9,0.0,5.7,2.2,2.2,5.2,14,7,3,3,1,2,0,36.5,30.7,54.0,38.5,30.0,7.6,0.0,0,3.3,Low,False,32.0,-31.4,98.8,16.8,Client Visit,False,Remote,2025-02-07 09:00:00
WH01651,EMP051,2024-09-11,37,7.3,0.0,5.6,1.7,1.2,5.3,7,6,1,1,2,1,1,29.9,44.4,43.7,20.0,14.3,8.0,0.0,2,2.7,Low,False,46.0,-26.2,91.2,25.9,,False,Remote,2024-09-11 09:00:00
WH01652,EMP051,2024-10-01,40,7.1,0.0,5.7,1.4,0.0,6.3,22,1,3,1,1,0,1,15.5,30.7,52.4,20.0,50.0,7.4,0.0,0,1.0,Low,False,48.0,-14.1,88.8,11.4,Team Offsite,False,Home,2024-10-01 09:00:00
WH01653,EMP051,2024-10-02,40,7.6,0.0,5.5,2.1,0.0,7.1,20,4,1,3,1,0,3,39.1,62.3,46.6,34.2,42.9,6.9,0.8,0,1.0,Low,False,29.0,-11.6,95.0,33.6,Holiday,False,Remote,2024-10-02 09:00:00
WH01654,EMP051,2024-10-09,41,7.1,0.0,5.6,1.5,1.4,5.0,24,8,3,3,0,2,0,40.3,30.2,54.0,47.0,27.3,7.9,0.0,0,2.4,Low,False,39.0,-20.5,88.8,21.2,,False,Remote,2024-10-09 09:00:00
WH01655,EMP051,2024-10-16,42,0.0,0.0,0.0,0.0,0.0,0.0,0,0,0,0,0,0,0,0.0,0.0,0.0,0.0,0.0,,0.0,0,0.0,Low,False,0.0,0.0,0.0,0.0,Leave,True,Home,2024-10-16 09:00:00
WH01656,EMP051,2024-10-21,43,7.5,0.0,5.5,2.0,1.1,5.8,21,5,2,3,2,0,3,62.6,57.1,45.4,40.4,37.5,6.5,0.1,1,1.2,Low,False,39.0,-21.3,93.8,36.8,,False,Home,2024-10-21 09:00:00
WH01657,EMP051,2024-10-24,43,7.0,0.0,5.4,1.6,2.1,4.2,14,8,3,3,1,0,3,69.3,83.7,47.6,34.2,27.3,8.5,0.0,2,3.3,Low,False,39.0,-18.7,87.5,50.7,Team Offsite,False,Remote,2024-10-24 09:00:00
WH01658,EMP051,2024-10-25,43,6.9,0.0,5.5,1.4,1.4,4.2,19,4,1,1,0,2,1,30.9,53.0,44.6,20.0,20.0,7.5,0.0,1,2.4,Low,False,75.0,-21.9,86.2,20.2,Team Offsite,False,Home,2024-10-25 09:00:00
WH01659,EMP051,2024-11-19,47,6.3,0.0,4.4,1.9,3.1,1.9,11,7,1,1,2,1,1,40.6,36.2,51.0,20.0,12.5,7.2,0.0,1,3.9,Low,False,77.0,-23.0,78.8,27.6,,False,Home,2024-11-19 09:00:00
WH01660,EMP051,2024-11-21,47,6.7,0.0,4.9,1.8,0.9,4.9,22,6,1,3,2,1,2,51.9,51.3,50.3,40.0,33.3,8.2,0.0,1,1.2,Low,False,56.0,-17.1,83.8,33.6,,False,Home,2024-11-21 09:00:00
WH01661,EMP051,2024-11-22,47,0.0,0.0,0.0,0.0,0.0,0.0,0,0,0,0,0,0,0,0.0,0.0,0.0,0.0,0.0,,0.0,0,0.0,Low,False,0.0,0.0,0.0,0.0,Leave,True,Home,2024-11-22 09:00:00
WH01662,EMP051,2024-11-26,48,5.9,0.0,4.5,1.4,2.8,2.2,6,7,1,3,0,2,0,36.9,42.1,62.2,60.3,30.0,9.1,0.0,0,4.2,Low,False,53.0,-3.8,73.8,31.6,,False,Home,2024-11-26 09:00:00
WH01663,EMP051,2024-12-04,49,7.4,0.0,6.2,1.2,2.3,4.7,23,3,1,3,1,0,3,46.9,76.7,55.6,46.5,50.0,7.7,0.0,1,3.5,Low,False,24.0,-11.5,92.5,36.9,Team Offsite,False,Remote,2024-12-04 09:00:00
WH01664,EMP051,2024-12-09,50,7.0,0.0,5.4,1.6,1.4,5.4,8,8,3,0,2,0,0,46.0,25.5,24.1,20.0,0.0,,0.0,1,2.0,Low,False,10.0,-40.0,87.5,25.8,,False,Home,2024-12-09 09:00:00
WH01665,EMP051,2024-12-11,50,6.5,0.0,5.4,1.1,1.6,4.5,5,7,2,2,0,0,2,49.4,54.5,41.5,33.4,22.2,8.0,0.0,0,3.0,Low,False,22.0,-24.3,81.2,30.7,Training Day,False,Home,2024-12-11 09:00:00
WH01666,EMP051,2024-12-16,51,0.0,0.0,0.0,0.0,0.0,0.0,0,0,0,0,0,0,0,0.0,0.0,0.0,0.0,0.0,,0.0,0,0.0,Low,False,0.0,0.0,0.0,0.0,Leave,True,Home,2024-12-16 09:00:00
WH01667,EMP051,2024-12-18,51,6.4,0.0,4.6,1.8,1.9,3.9,25,6,1,0,2,1,2,53.7,67.7,34.4,20.0,0.0,,0.0,1,2.3,Low,False,39.0,-34.0,80.0,40.1,,False,Home,2024-12-18 09:00:00
WH01668,EMP051,2024-12-26,52,8.2,0.2,6.0,2.2,1.0,6.4,9,7,2,1,1,1,0,41.2,22.6,35.0,20.0,12.5,6.5,0.2,0,1.3,Low,False,49.0,-31.1,102.5,14.9,,False,Home,2024-12-26 09:00:00
WH01669,EMP051,2025-01-08,2,6.8,0.0,5.4,1.4,3.6,2.3,14,3,3,3,2,0,3,36.7,54.8,50.2,51.3,50.0,7.6,0.0,4,4.2,Low,False,54.0,-15.0,85.0,28.7,Training Day,False,Remote,2025-01-08 09:00:00
WH01670,EMP051,2025-01-10,2,6.6,0.0,5.3,1.3,2.2,3.6,10,6,3,0,1,0,3,61.0,79.3,34.9,20.0,0.0,,0.0,0,3.1,Low,False,45.0,-32.6,82.5,37.9,,False,Remote,2025-01-10 09:00:00
WH01671,EMP051,2025-01-14,3,7.1,0.0,5.7,1.4,2.6,3.5,10,3,3,3,2,0,1,29.0,23.6,53.5,38.6,50.0,6.7,0.3,2,3.9,Low,False,59.0,-10.1,88.8,18.5,,False,Remote,2025-01-14 09:00:00
WH01672,EMP051,2025-01-17,3,0.0,0.0,0.0,0.0,0.0,0.0,0,0,0,0,0,0,0,0.0,0.0,0.0,0.0,0.0,,0.0,0,0.0,Low,False,0.0,0.0,0.0,0.0,Leave,True,Home,2025-01-17 09:00:00
WH01673,EMP051,2025-01-21,4,6.5,0.0,5.0,1.5,2.2,3.6,21,3,3,3,2,0,2,38.8,39.6,56.5,40.4,50.0,7.3,0.0,0,2.6,Low,False,39.0,-17.8,81.2,19.8,,False,Home,2025-01-21 09:00:00
WH01674,EMP051,2025-01-22,4,5.5,0.0,4.4,1.1,0.6,4.1,19,2,1,0,1,2,2,27.3,66.5,34.4,20.0,0.0,,0.0,1,1.8,Low,False,50.0,-28.6,68.8,22.4,,False,Home,2025-01-22 09:00:00
WH01675,EMP051,2025-01-24,4,7.9,0.0,6.1,1.8,2.1,5.0,3,4,3,2,2,1,3,44.9,73.9,53.7,20.0,33.3,8.0,0.0,1,2.6,Low,False,48.0,-10.9,98.8,38.6,,False,Home,2025-01-24 09:00:00
WH01676,EMP051,2025-02-03,6,6.2,0.0,5.3,0.9,2.7,2.6,21,4,3,1,1,1,0,18.9,16.4,45.7,20.0,20.0,8.3,0.0,1,3.5,Low,False,56.0,-16.4,77.5,8.7,Client Visit,False,Remote,2025-02-03 09:00:00
WH01677,EMP051,2025-02-10,7,6.5,0.0,4.7,1.8,1.7,3.9,22,3,2,0,0,2,1,24.7,46.4,33.4,20.0,0.0,,0.0,0,2.6,Low,False,51.0,-29.2,81.2,16.9,,False,Remote,2025-02-10 09:00:00
WH01678,EMP051,2025-02-13,7,7.2,0.0,5.8,1.4,1.2,5.3,5,4,2,1,1,2,0,19.5,33.9,42.3,20.0,20.0,6.5,0.1,0,1.3,Low,False,40.0,-25.4,90.0,15.5,Holiday,False,Remote,2025-02-13 09:00:00
WH01679,EMP051,2025-02-14,7,6.6,0.0,4.8,1.8,1.9,4.1,6,1,2,1,1,0,0,10.9,12.2,57.2,21.3,50.0,7.0,0.0,0,2.1,Low,False,35.0,-17.0,82.5,6.7,Team Offsite,False,Home,2025-02-14 09:00:00
WH01680,EMP051,2025-02-17,8,6.1,0.0,5.1,1.0,0.0,5.4,17,8,3,3,2,1,2,56.9,56.5,45.6,54.5,27.3,7.9,0.0,1,1.1,Low,False,41.0,-13.7,76.2,36.0,Client Visit,False,Home,2025-02-17 09:00:00
WH01681,EMP051,2025-02-20,8,6.3,0.0,4.5,1.8,3.9,1.5,9,1,1,1,1,0,1,10.0,13.7,46.3,20.0,50.0,7.8,0.0,2,4.9,Low,False,51.0,-16.6,78.8,1.7,Holiday,False,Home,2025-02-20 09:00:00
WH01682,EMP051,2025-02-25,9,6.8,0.0,5.4,1.4,0.0,6.1,5,8,3,3,0,0,0,40.6,14.5,45.8,38.7,27.3,7.7,0.0,0,1.0,Low,False,43.0,-17.2,85.0,20.8,Holiday,False,Remote,2025-02-25 09:00:00
WH01683,EMP051,2025-02-28,9,6.4,0.0,5.1,1.3,0.8,5.3,24,5,2,3,2,1,3,55.0,75.8,56.8,52.9,37.5,7.4,0.0,0,1.6,Low,False,21.0,-11.9,80.0,28.5,Team Offsite,False,Home,2025-02-28 09:00:00
WH02476,EMP076,2024-01-12,2,7.1,0.0,5.4,1.7,1.3,4.9,11,7,3,0,1,2,0,38.1,17.0,21.3,20.0,0.0,,0.0,2,1.5,Medium,False,56.0,-40.0,88.8,14.7,Training Day,False,Home,2024-01-12 09:00:00
WH02477,EMP076,2024-01-17,3,7.4,0.0,5.7,1.7,1.9,4.9,13,1,3,0,1,1,1,20.2,39.9,26.5,20.0,0.0,,0.0,1,2.9,Medium,False,34.0,-40.0,92.5,16.4,,False,Remote,2024-01-17 09:00:00
WH02478,EMP076,2024-01-26,4,7.6,0.0,6.1,1.5,2.2,4.3,20,7,1,2,1,2,3,64.7,95.8,34.1,29.7,22.2,6.1,0.6,3,2.8,Medium,False,65.0,-40.0,95.0,53.1,Training Day,False,Home,2024-01-26 09:00:00
WH02479,EMP076,2024-02-12,7,0.0,0.0,0.0,0.0,0.0,0.0,0,0,0,0,0,0,0,0.0,0.0,0.0,0.0,0.0,,0.0,0,0.0,Low,False,0.0,0.0,0.0,0.0,Leave,True,Home,2024-02-12 09:00:00
WH02480,EMP076,2024-02-21,8,8.0,0.0,6.7,1.3,1.4,5.7,21,3,1,0,0,1,3,36.4,63.9,23.6,20.0,0.0,,0.0,2,2.3,Medium,False,55.0,-40.0,100.0,30.2,Client Visit,False,Remote,2024-02-21 09:00:00
WH02481,EMP076,2024-03-14,11,8.1,0.1,5.8,2.3,0.0,7.4,11,2,1,0,0,2,2,32.9,64.5,28.3,20.0,0.0,,0.0,0,1.1,Medium,False,41.0,-40.0,101.2,33.6,,False,Home,2024-03-14 09:00:00
WH02482,EMP076,2024-03-26,13,6.8,0.0,4.9,1.9,1.9,4.1,23,7,2,2,1,0,2,60.4,45.5,45.0,35.2,22.2,6.3,0.2,0,2.1,Medium,False,49.0,-40.0,85.0,29.3,Holiday,False,Home,2024-03-26 09:00:00
WH02483,EMP076,2024-03-29,13,7.6,0.0,5.8,1.8,2.5,4.5,4,3,3,0,1,1,3,42.7,77.3,27.0,20.0,0.0,,0.0,3,2.7,Medium,False,36.0,-40.0,95.0,39.0,,False,Remote,2024-03-29 09:00:00
WH02484,EMP076,2024-04-10,15,6.4,0.0,4.9,1.5,2.4,3.8,20,8,3,1,2,0,0,40.4,16.2,25.7,20.0,11.1,6.4,1.7,0,3.8,Medium,False,10.0,-40.0,80.0,21.2,Holiday,False,Home,2024-04-10 09:00:00
WH02485,EMP076,2024-04-16,16,7.2,0.0,5.5,1.7,1.5,5.2,21,4,1,2,1,0,3,42.8,59.0,42.6,32.2,33.3,6.9,0.3,2,1.7,Medium,False,32.0,-36.7,90.0,28.7,,False,Home,2024-04-16 09:00:00
WH02486,EMP076,2024-05-27,22,7.8,0.0,6.2,1.6,2.0,4.9,18,1,3,0,2,0,1,12.9,15.6,32.8,20.0,0.0,,0.0,1,2.2,Medium,False,56.0,-40.0,97.5,2.9,,False,Remote,2024-05-27 09:00:00
WH02487,EMP076,2024-06-07,23,8.4,0.4,6.7,1.7,2.2,5.8,8,6,2,3,0,0,0,29.6,3.6,33.9,39.1,33.3,7.0,0.0,3,3.5,Medium,False,26.0,-40.0,105.0,22.2,,False,Home,2024-06-07 09:00:00
WH02488,EMP076,2024-06-19,25,8.2,0.2,6.9,1.3,3.5,4.2,19,8,3,1,0,0,1,48.7,27.3,35.1,20.0,11.1,7.1,0.0,3,3.9,Medium,False,31.0,-40.0,102.5,20.5,,False,Home,2024-06-19 09:00:00
WH02489,EMP076,2024-06-21,25,0.0,0.0,0.0,0.0,0.0,0.0,0,0,0,0,0,0,0,0.0,0.0,0.0,0.0,0.0,,0.0,0,0.0,Low,False,0.0,0.0,0.0,0.0,Leave,True,Home,2024-06-21 09:00:00
WH02490,EMP076,2024-07-25,30,7.7,0.0,5.7,2.0,2.5,4.2,15,4,2,0,0,0,1,30.0,21.2,21.0,20.0,0.0,,0.0,2,3.4,Medium,False,61.0,-40.0,96.2,19.9,,False,Remote,2024-07-25 09:00:00
WH02491,EMP076,2024-07-26,30,8.9,0.9,6.4,2.5,2.0,6.2,13,4,3,1,1,2,0,43.7,34.4,16.6,20.0,20.0,6.6,0.8,0,2.5,Medium,False,44.0,-40.0,111.2,30.5,,False,Home,2024-07-26 09:00:00
WH02492,EMP076,2024-08-02,31,8.9,0.9,6.6,2.3,1.2,6.9,10,5,1,0,0,1,3,65.9,83.2,19.1,20.0,0.0,,0.0,0,1.5,Medium,False,47.0,-40.0,111.2,55.0,,False,Remote,2024-08-02 09:00:00
WH02493,EMP076,2024-08-20,34,6.7,0.0,5.0,1.7,1.7,3.9,7,4,1,2,1,2,1,23.7,46.4,45.4,31.4,33.3,8.4,0.0,0,1.9,Medium,False,64.0,-35.9,83.8,13.8,Holiday,False,Home,2024-08-20 09:00:00
WH02494,EMP076,2024-09-10,37,8.1,0.1,6.2,1.9,2.0,5.5,5,2,2,2,2,0,2,27.3,36.1,44.1,20.4,50.0,6.7,0.3,0,2.0,Medium,False,38.0,-35.4,101.2,16.0,,False,Remote,2024-09-10 09:00:00
WH02495,EMP076,2024-09-25,39,7.2,0.0,5.8,1.4,4.0,2.5,13,2,2,1,2,1,1,29.0,20.7,29.0,21.4,33.3,6.1,0.5,2,4.0,Medium,False,42.0,-40.0,90.0,17.1,,False,Remote,2024-09-25 09:00:00
WH02496,EMP076,2024-09-30,40,7.9,0.0,6.5,1.4,2.1,5.2,23,2,3,1,2,1,2,33.8,51.4,40.9,20.0,33.3,7.5,0.0,3,2.4,Medium,False,37.0,-37.4,98.8,22.3,,False,Home,2024-09-30 09:00:00
WH02497,EMP076,2024-10-01,40,7.3,0.0,5.9,1.4,2.1,4.4,7,5,1,0,1,1,3,46.9,67.3,16.0,20.0,0.0,,0.0,3,3.1,Medium,False,45.0,-40.0,91.2,32.5,,False,Home,2024-10-01 09:00:00
WH02498,EMP076,2024-10-08,41,7.8,0.0,5.9,1.9,3.5,3.2,14,2,2,0,1,2,1,15.6,41.8,14.5,20.0,0.0,,0.0,4,3.6,Medium,False,65.0,-40.0,97.5,11.1,,False,Remote,2024-10-08 09:00:00
WH02499,EMP076,2024-10-17,42,9.3,1.3,7.7,1.6,2.5,6.0,22,8,1,0,0,0,1,60.2,28.2,18.7,20.0,0.0,,0.0,1,3.5,High,False,51.0,-40.0,116.3,42.8,,False,Home,2024-10-17 09:00:00
WH02500,EMP076,2024-10-21,43,0.0,0.0,0.0,0.0,0.0,0.0,0,0,0,0,0,0,0,0.0,0.0,0.0,0.0,0.0,,0.0,0,0.0,Low,False,0.0,0.0,0.0,0.0,Leave,True,Home,2024-10-21 09:00:00
WH02501,EMP076,2024-11-01,44,9.0,1.0,7.2,1.8,1.1,7.2,13,5,2,0,1,0,0,35.9,22.2,12.6,20.0,0.0,,0.0,1,1.5,High,False,41.0,-40.0,112.5,21.4,,False,Remote,2024-11-01 09:00:00
WH02502,EMP076,2024-11-28,48,9.1,1.1,6.6,2.5,2.8,5.5,11,5,1,3,1,2,0,32.1,37.9,52.6,36.7,37.5,7.1,0.0,2,3.9,Medium,False,46.0,-25.1,113.8,27.8,,False,Home,2024-11-28 09:00:00
WH02503,EMP076,2024-12-10,50,8.2,0.2,6.9,1.3,1.7,5.7,24,8,3,2,1,0,2,61.8,61.5,22.7,30.3,20.0,6.3,0.0,1,2.5,Medium,False,50.0,-40.0,102.5,37.7,Training Day,False,Home,2024-12-10 09:00:00
WH02504,EMP076,2025-01-08,2,7.3,0.0,5.6,1.7,2.0,4.8,15,8,1,0,1,1,3,69.4,75.8,27.9,20.0,0.0,,0.0,1,2.6,Medium,False,32.0,-40.0,91.2,42.2,Client Visit,False,Remote,2025-01-08 09:00:00
WH02505,EMP076,2025-01-23,4,8.0,0.0,6.7,1.3,2.0,5.3,17,2,2,1,1,1,1,20.6,22.7,31.9,20.0,33.3,6.9,0.4,3,2.5,High,False,40.0,-40.0,100.0,17.5,,False,Remote,2025-01-23 09:00:00
WH02506,EMP076,2025-02-06,6,7.8,0.0,6.1,1.7,1.6,5.2,15,7,3,3,0,1,2,58.3,56.1,26.0,40.0,30.0,5.7,0.2,2,2.5,Medium,False,61.0,-40.0,97.5,34.5,Training Day,False,Remote,2025-02-06 09:00:00
WH02507,EMP076,2025-02-07,6,6.9,0.0,5.0,1.9,1.4,4.8,10,5,1,0,1,0,1,33.6,10.8,18.8,20.0,0.0,,0.0,0,2.5,High,False,43.0,-40.0,86.2,15.3,,False,Remote,2025-02-07 09:00:00
WH02508,EMP076,2025-02-12,7,9.0,1.0,6.6,2.4,1.6,6.5,25,8,1,2,1,0,2,68.8,51.4,21.5,24.5,20.0,6.4,0.1,2,2.9,High,False,55.0,-40.0,112.5,45.8,,False,Home,2025-02-12 09:00:00
WH02740,EMP084,2024-01-01,1,7.5,0.0,5.9,1.6,3.5,3.4,17,2,2,2,1,0,0,15.8,19.6,47.1,26.5,50.0,7.1,0.0,1,3.6,Low,False,36.0,-35.3,93.8,10.2,,False,Remote,2024-01-01 09:00:00
WH02741,EMP084,2024-02-14,7,7.8,0.0,6.3,1.5,1.1,6.2,16,5,1,1,1,1,1,25.4,33.0,41.4,20.0,16.7,8.2,0.0,2,2.0,Low,False,32.0,-40.0,97.5,19.4,Holiday,False,Remote,2024-02-14 09:00:00
WH02742,EMP084,2024-02-16,7,7.1,0.0,5.7,1.4,3.1,3.4,24,4,2,2,2,1,3,49.8,68.3,44.4,30.3,33.3,7.1,0.0,0,3.8,Low,False,38.0,-37.9,88.8,32.8,,False,Home,2024-02-16 09:00:00
WH02743,EMP084,2024-02-19,8,0.0,0.0,0.0,0.0,0.0,0.0,0,0,0,0,0,0,0,0.0,0.0,0.0,0.0,0.0,,0.0,0,0.0,Low,False,0.0,0.0,0.0,0.0,Leave,True,Home,2024-02-19 09:00:00
WH02744,EMP084,2024-02-29,9,6.8,0.0,5.7,1.1,2.9,2.8,22,6,1,3,1,2,2,57.0,67.8,41.2,47.0,33.3,7.4,0.0,0,4.1,Medium,False,68.0,-40.0,85.0,32.8,,False,Remote,2024-02-29 09:00:00
WH02745,EMP084,2024-03-05,10,6.8,0.0,5.6,1.2,3.1,3.3,16,1,1,1,2,0,0,15.1,0.0,44.8,20.0,50.0,6.9,0.3,0,4.4,Low,False,23.0,-40.0,85.0,4.0,,False,Home,2024-03-05 09:00:00
WH02746,EMP084,2024-03-07,10,6.3,0.0,4.5,1.8,2.3,3.3,13,7,2,1,2,1,1,31.9,24.9,29.8,20.0,12.5,7.9,0.0,3,3.1,Low,False,43.0,-40.0,78.8,16.9,Client Visit,False,Home,2024-03-07 09:00:00
WH02747,EMP084,2024-03-13,11,7.7,0.0,6.4,1.3,1.8,4.7,14,5,2,0,1,2,1,29.5,57.5,35.8,20.0,0.0,,0.0,0,1.9,Low,False,70.0,-40.0,96.2,13.9,Training Day,False,Remote,2024-03-13 09:00:00
WH02748,EMP084,2024-03-20,12,6.3,0.0,5.1,1.2,1.2,4.2,18,7,1,1,2,0,2,56.2,44.5,28.2,20.0,12.5,6.1,0.1,0,2.2,Low,False,51.0,-40.0,78.8,39.9,Holiday,False,Home,2024-03-20 09:00:00
WH02749,EMP084,2024-03-29,13,7.2,0.0,5.6,1.6,3.0,3.7,9,6,2,2,0,1,2,46.1,54.6,31.3,30.8,25.0,7.3,0.0,4,3.1,Medium,False,28.0,-40.0,90.0,36.4,Training Day,False,Home,2024-03-29 09:00:00
WH02750,EMP084,2024-04-15,16,6.6,0.0,5.2,1.4,3.2,2.3,25,5,1,1,1,0,1,42.4,12.1,43.5,20.0,16.7,8.0,0.0,0,4.4,Medium,False,63.0,-40.0,82.5,13.2,Team Offsite,False,Home,2024-04-15 09:00:00
WH02751,EMP084,2024-04-16,16,7.2,0.0,5.1,2.1,2.7,4.0,5,7,3,3,1,0,3,57.5,67.6,49.8,43.6,30.0,6.9,0.1,0,2.8,Low,False,31.0,-32.4,90.0,28.9,Team Offsite,False,Home,2024-04-16 09:00:00
WH02752,EMP084,2024-05-09,19,0.0,0.0,0.0,0.0,0.0,0.0,0,0,0,0,0,0,0,0.0,0.0,0.0,0.0,0.0,,0.0,0,0.0,Low,False,0.0,0.0,0.0,0.0,Leave,True,Home,2024-05-09 09:00:00
WH02753,EMP084,2024-05-27,22,6.9,0.0,5.3,1.6,2.0,4.0,16,6,3,2,0,0,3,65.4,75.8,38.7,35.0,25.0,8.0,0.0,3,2.0,Medium,False,55.0,-40.0,86.2,28.4,,False,Remote,2024-05-27 09:00:00
WH02754,EMP084,2024-06-11,24,6.1,0.0,4.3,1.8,2.5,2.7,22,4,1,0,0,2,3,46.6,77.6,24.8,20.0,0.0,,0.0,1,3.3,Medium,False,51.0,-40.0,76.2,40.3,Team Offsite,False,Home,2024-06-11 09:00:00
WH02755,EMP084,2024-06-24,26,7.2,0.0,5.0,2.2,3.4,2.7,21,6,1,3,2,1,3,66.4,79.6,48.7,42.4,33.3,7.8,0.0,4,3.9,Medium,False,68.0,-31.5,90.0,39.2,,False,Home,2024-06-24 09:00:00
WH02756,EMP084,2024-06-27,26,7.4,0.0,5.8,1.6,2.6,4.0,24,5,2,2,2,0,1,25.4,22.1,27.6,25.6,28.6,6.2,0.6,3,3.8,Medium,False,48.0,-40.0,92.5,3.6,Client Visit,False,Home,2024-06-27 09:00:00
WH02757,EMP084,2024-07-10,28,7.4,0.0,5.7,1.7,2.7,3.5,23,1,3,0,2,0,0,4.8,0.0,24.4,20.0,0.0,,0.0,2,3.0,Medium,False,71.0,-40.0,92.5,3.8,,False,Remote,2024-07-10 09:00:00
WH02758,EMP084,2024-07-12,28,6.5,0.0,4.8,1.7,1.9,3.6,15,1,3,0,2,0,0,15.4,0.0,30.1,20.0,0.0,,0.0,2,2.7,Medium,False,60.0,-40.0,81.2,0.0,Client Visit,False,Home,2024-07-12 09:00:00
WH02759,EMP084,2024-08-07,32,6.9,0.0,5.0,1.9,2.0,4.1,11,1,1,0,2,1,0,3.0,21.5,24.4,20.0,0.0,,0.0,1,2.6,Medium,False,47.0,-40.0,86.2,7.4,Holiday,False,Remote,2024-08-07 09:00:00
WH02760,EMP084,2024-08-19,34,6.8,0.0,5.3,1.5,1.6,4.2,9,4,2,3,0,0,2,42.9,41.8,47.2,42.5,42.9,6.9,0.0,0,2.8,Medium,False,57.0,-40.0,85.0,7.1,Holiday,False,Home,2024-08-19 09:00:00
WH02761,EMP084,2024-08-20,34,0.0,0.0,0.0,0.0,0.0,0.0,0,0,0,0,0,0,0,0.0,0.0,0.0,0.0,0.0,,0.0,0,0.0,Low,False,0.0,0.0,0.0,0.0,Leave,True,Home,2024-08-20 09:00:00
WH02762,EMP084,2024-08-26,35,0.0,0.0,0.0,0.0,0.0,0.0,0,0,0,0,0,0,0,0.0,0.0,0.0,0.0,0.0,,0.0,0,0.0,Low,False,0.0,0.0,0.0,0.0,Leave,True,Home,2024-08-26 09:00:00
WH02763,EMP084,2024-09-03,36,7.3,0.0,5.3,2.0,0.8,5.7,13,2,1,2,0,0,2,32.5,47.7,56.1,22.7,50.0,6.9,0.3,0,1.4,Medium,False,49.0,-24.4,91.2,22.0,,False,Home,2024-09-03 09:00:00
WH02764,EMP084,2024-09-05,36,8.0,0.0,6.3,1.7,2.5,5.1,23,3,3,2,2,0,0,11.8,11.7,40.0,30.3,40.0,5.5,0.1,3,3.7,Medium,False,26.0,-40.0,100.0,5.5,,False,Home,2024-09-05 09:00:00
WH02765,EMP084,2024-09-16,38,0.0,0.0,0.0,0.0,0.0,0.0,0,0,0,0,0,0,0,0.0,0.0,0.0,0.0,0.0,,0.0,0,0.0,Low,False,0.0,0.0,0.0,0.0,Leave,True,Home,2024-09-16 09:00:00
WH02766,EMP084,2024-10-04,40,7.0,0.0,5.1,1.9,1.5,4.9,21,6,2,1,2,1,1,44.6,42.7,32.9,20.0,14.3,7.8,0.0,0,1.8,Medium,False,38.0,-40.0,87.5,23.4,,False,Home,2024-10-04 09:00:00
WH02767,EMP084,2024-11-15,46,6.3,0.0,4.7,1.6,3.0,2.5,19,3,3,0,2,0,1,29.7,34.1,30.4,20.0,0.0,,0.0,4,3.9,Medium,False,46.0,-40.0,78.8,17.7,,False,Home,2024-11-15 09:00:00
WH02768,EMP084,2024-12-05,49,0.0,0.0,0.0,0.0,0.0,0.0,0,0,0,0,0,0,0,0.0,0.0,0.0,0.0,0.0,,0.0,0,0.0,Low,False,0.0,0.0,0.0,0.0,Leave,True,Home,2024-12-05 09:00:00
WH02769,EMP084,2024-12-10,50,8.8,0.8,6.3,2.5,2.9,5.6,23,7,2,0,1,0,3,67.8,63.9,17.1,20.0,0.0,,0.0,2,3.0,Medium,False,16.0,-40.0,110.0,54.8,Training Day,False,Home,2024-12-10 09:00:00
WH02770,EMP084,2024-12-11,50,6.2,0.0,4.8,1.4,2.3,3.1,8,3,1,0,0,2,0,17.4,30.6,35.0,20.0,0.0,,0.0,3,2.6,Medium,False,46.0,-40.0,77.5,16.2,Training Day,False,Remote,2024-12-11 09:00:00
WH02771,EMP084,2025-01-09,2,0.0,0.0,0.0,0.0,0.0,0.0,0,0,0,0,0,0,0,0.0,0.0,0.0,0.0,0.0,,0.0,0,0.0,Low,False,0.0,0.0,0.0,0.0,Leave,True,Home,2025-01-09 09:00:00
WH02772,EMP084,2025-02-26,9,6.7,0.0,5.1,1.6,1.6,4.5,10,6,1,3,1,1,2,37.8,58.1,47.5,40.7,33.3,7.7,0.0,2,2.0,Medium,False,36.0,-40.0,83.8,25.6,,False,Home,2025-02-26 09:00:00
WH04885,EMP149,2024-01-12,2,6.9,0.0,5.1,1.8,2.8,3.5,13,6,1,3,1,2,1,35.3,49.8,42.5,40.5,33.3,7.6,0.0,0,3.9,Low,False,36.0,-14.6,86.2,21.5,,False,Office,2024-01-12 09:00:00
WH04886,EMP149,2024-01-18,3,7.0,0.0,5.9,1.1,2.2,3.9,15,7,1,1,2,1,1,57.2,38.5,28.4,20.0,12.5,6.9,0.2,2,2.4,Medium,False,53.0,-39.4,87.5,32.0,,False,Home,2024-01-18 09:00:00
WH04887,EMP149,2024-01-26,4,6.2,0.0,4.5,1.7,1.4,4.4,16,6,1,2,2,0,0,28.4,0.4,32.6,24.3,25.0,6.8,0.1,1,2.2,Low,False,27.0,-30.7,77.5,3.8,,False,Home,2024-01-26 09:00:00
WH04888,EMP149,2024-02-22,8,6.9,0.0,5.2,1.7,1.3,4.8,9,5,2,0,0,1,3,63.7,81.7,30.2,20.0,0.0,,0.0,1,2.3,Low,False,47.0,-26.8,86.2,32.4,Team Offsite,False,Office,2024-02-22 09:00:00
WH04889,EMP149,2024-03-08,10,6.4,0.0,5.3,1.1,3.1,2.8,9,4,3,3,1,0,1,27.7,22.9,44.0,49.1,42.9,7.5,0.0,1,4.3,Low,False,29.0,-24.4,80.0,19.4,Client Visit,False,Home,2024-03-08 09:00:00
WH04890,EMP149,2024-03-11,11,6.4,0.0,5.2,1.2,3.1,2.6,8,3,3,1,2,0,0,9.2,0.4,38.9,20.0,25.0,7.7,0.0,4,3.4,Low,False,41.0,-20.5,80.0,0.0,Training Day,False,Office,2024-03-11 09:00:00
WH04891,EMP149,2024-03-29,13,7.3,0.0,5.5,1.8,0.8,5.8,20,4,3,1,2,2,3,41.5,78.4,41.4,20.0,20.0,7.0,0.0,0,1.7,Medium,False,40.0,-25.0,91.2,32.1,,False,Office,2024-03-29 09:00:00
WH04892,EMP149,2024-04-05,14,5.5,0.0,4.6,0.9,1.1,4.1,24,7,3,1,2,1,0,32.4,12.6,37.0,20.0,12.5,7.1,0.0,0,2.6,Low,False,19.0,-26.7,68.8,13.7,,False,Home,2024-04-05 09:00:00
WH04893,EMP149,2024-04-15,16,6.7,0.0,5.2,1.5,1.9,4.2,5,4,1,1,1,2,3,44.6,75.4,40.4,23.0,20.0,7.3,0.0,0,3.2,Medium,False,38.0,-24.8,83.8,30.7,Training Day,False,Office,2024-04-15 09:00:00
WH04894,EMP149,2024-04-29,18,6.4,0.0,4.7,1.7,3.9,1.8,18,3,3,0,2,0,2,35.4,24.5,29.9,20.0,0.0,,0.0,1,5.4,Low,False,41.0,-32.3,80.0,16.0,Client Visit,False,Home,2024-04-29 09:00:00
WH04895,EMP149,2024-05-09,19,6.8,0.0,5.4,1.4,0.0,6.0,4,3,1,3,0,0,3,50.1,61.9,51.7,44.1,50.0,7.5,0.0,1,1.3,Medium,False,49.0,-19.2,85.0,31.4,,False,Office,2024-05-09 09:00:00
WH04896,EMP149,2024-05-28,22,6.0,0.0,4.3,1.7,0.8,5.0,3,4,2,1,1,1,3,55.9,89.5,38.0,24.8,20.0,8.1,0.0,1,1.3,Low,False,10.0,-28.6,75.0,37.4,,False,Office,2024-05-28 09:00:00
WH04897,EMP149,2024-06-03,23,7.1,0.0,5.8,1.3,0.8,5.2,14,1,3,0,2,0,0,10.5,0.0,23.3,20.0,0.0,,0.0,0,2.2,Low,False,66.0,-40.0,88.8,0.0,,False,Office,2024-06-03 09:00:00
WH04898,EMP149,2024-06-11,24,6.9,0.0,5.3,1.6,1.9,4.0,10,8,2,1,1,2,1,53.6,47.2,33.5,20.0,11.1,6.7,0.1,0,2.6,Medium,False,59.0,-27.0,86.2,43.7,,False,Home,2024-06-11 09:00:00
WH04899,EMP149,2024-06-17,25,6.2,0.0,5.3,0.9,1.2,4.2,24,6,2,1,2,2,3,58.4,88.1,36.1,20.0,14.3,8.4,0.0,2,1.5,Low,False,48.0,-28.4,77.5,52.2,,False,Office,2024-06-17 09:00:00
WH04900,EMP149,2024-06-20,25,6.1,0.0,5.1,1.0,2.6,2.6,4,5,2,1,2,1,0,35.0,15.0,37.8,20.0,16.7,6.7,0.1,2,3.7,Medium,False,51.0,-25.6,76.2,16.8,Holiday,False,Office,2024-06-20 09:00:00
WH04901,EMP149,2024-07-08,28,7.3,0.0,6.2,1.1,2.7,4.1,12,8,1,2,0,2,3,62.8,85.7,35.3,23.4,20.0,6.4,0.5,1,3.5,Low,False,31.0,-31.8,91.2,37.2,,False,Office,2024-07-08 09:00:00
WH04902,EMP149,2024-07-10,28,6.8,0.0,5.5,1.3,0.9,5.2,3,8,1,3,0,2,1,58.3,57.7,37.5,48.7,27.3,6.3,0.8,0,1.5,Low,False,44.0,-31.1,85.0,32.9,,False,Home,2024-07-10 09:00:00
WH04903,EMP149,2024-07-17,29,7.7,0.0,5.7,2.0,3.2,3.6,13,4,3,0,1,1,1,30.4,39.0,29.1,20.0,0.0,,0.0,1,3.6,Low,False,51.0,-34.9,96.2,23.1,,False,Home,2024-07-17 09:00:00
WH04904,EMP149,2024-07-24,30,7.0,0.0,5.7,1.3,2.6,3.6,20,8,3,3,2,1,1,55.3,34.2,41.3,34.3,27.3,6.6,0.6,2,2.7,Low,False,48.0,-17.6,87.5,38.2,,False,Office,2024-07-24 09:00:00
WH04905,EMP149,2024-07-30,31,5.8,0.0,4.5,1.3,2.0,3.0,3,2,1,1,1,0,1,11.5,20.3,47.7,23.1,33.3,7.5,0.0,1,3.1,Low,False,49.0,-16.1,72.5,9.7,,False,Home,2024-07-30 09:00:00
WH04906,EMP149,2024-08-08,32,6.3,0.0,4.6,1.7,2.6,2.6,13,1,3,0,1,0,1,11.6,14.6,28.8,20.0,0.0,,0.0,2,3.2,Low,False,65.0,-40.0,78.8,11.4,Team Offsite,False,Office,2024-08-08 09:00:00
WH04907,EMP149,2024-08-22,34,6.3,0.0,4.5,1.8,3.2,1.9,6,4,3,0,1,2,1,35.6,39.1,28.7,20.0,0.0,,0.0,2,3.9,Medium,False,72.0,-36.6,78.8,25.8,Team Offsite,False,Home,2024-08-22 09:00:00
WH04908,EMP149,2024-09-10,37,7.4,0.0,5.5,1.9,2.3,4.3,24,6,2,0,0,2,0,33.9,24.3,29.7,20.0,0.0,,0.0,2,2.7,Low,False,47.0,-40.0,92.5,17.7,Holiday,False,Office,2024-09-10 09:00:00
WH04909,EMP149,2024-10-30,44,7.6,0.0,5.8,1.8,1.6,5.0,11,3,2,3,0,0,0,14.0,0.0,58.2,41.6,50.0,9.0,0.0,0,2.8,Low,False,63.0,-5.5,95.0,0.0,Team Offsite,False,Home,2024-10-30 09:00:00
WH04910,EMP149,2024-11-13,46,7.0,0.0,5.6,1.4,0.7,5.8,9,5,3,2,2,0,3,50.0,71.3,36.4,35.3,28.6,6.3,0.6,0,2.0,Low,False,32.0,-33.5,87.5,33.3,,False,Home,2024-11-13 09:00:00
WH04911,EMP149,2024-12-11,50,6.2,0.0,4.7,1.5,2.2,3.4,11,6,1,1,2,0,0,28.8,6.0,33.5,20.0,14.3,8.3,0.0,0,2.4,Low,False,36.0,-28.8,77.5,8.4,,False,Office,2024-12-11 09:00:00
WH04912,EMP149,2024-12-12,50,7.7,0.0,6.2,1.5,2.4,4.6,15,4,1,2,1,0,2,40.6,37.7,49.1,30.5,33.3,7.6,0.0,0,2.5,Low,False,43.0,-9.0,96.2,19.6,Holiday,False,Office,2024-12-12 09:00:00
WH04913,EMP149,2024-12-30,1,7.1,0.0,5.5,1.6,1.4,4.7,5,3,2,2,2,0,1,16.9,26.7,47.7,26.9,40.0,7.7,0.0,0,2.9,Low,False,57.0,-14.0,88.8,9.4,Training Day,False,Office,2024-12-30 09:00:00
WH04914,EMP149,2025-01-01,1,7.3,0.0,5.5,1.8,2.6,3.8,13,4,2,1,0,0,2,45.6,66.4,37.8,20.0,20.0,7.2,0.0,1,2.8,Low,False,55.0,-22.3,91.2,35.7,,False,Home,2025-01-01 09:00:00
WH04915,EMP149,2025-01-30,5,7.1,0.0,5.8,1.3,1.2,5.0,4,1,3,1,0,0,0,0.0,12.5,39.6,20.0,50.0,6.4,0.0,0,1.4,Medium,False,51.0,-21.1,88.8,1.5,,False,Office,2025-01-30 09:00:00
WH04916,EMP149,2025-02-17,8,8.1,0.1,6.4,1.7,1.7,5.6,10,6,3,1,2,1,0,33.1,10.3,29.6,20.0,14.3,6.6,0.5,0,2.4,Low,False,47.0,-25.1,101.2,17.0,,False,Office,2025-02-17 09:00:00
WH04917,EMP149,2025-02-27,9,6.2,0.0,4.4,1.8,1.0,4.6,12,6,3,1,0,1,2,44.1,52.5,39.3,20.0,14.3,8.0,0.0,2,1.5,Low,False,34.0,-21.5,77.5,30.0,,False,Office,2025-02-27 09:00:00
WH05314,EMP162,2024-01-22,4,5.5,0.0,4.5,1.0,2.4,2.5,15,2,3,0,2,0,1,30.0,13.7,26.8,20.0,0.0,,0.0,2,2.6,Medium,False,38.0,-40.0,68.8,16.0,Team Offsite,False,Home,2024-01-22 09:00:00
WH05315,EMP162,2024-03-21,12,8.0,0.0,6.5,1.5,2.7,4.4,8,1,3,1,0,0,1,21.8,25.0,41.0,20.0,50.0,6.5,0.0,2,2.9,Medium,False,54.0,-26.6,100.0,9.0,,False,Home,2024-03-21 09:00:00
WH05316,EMP162,2024-04-24,17,8.0,0.0,5.7,2.3,1.5,5.8,3,1,1,0,0,1,0,18.6,11.7,27.0,20.0,0.0,,0.0,0,1.6,Medium,False,40.0,-35.2,100.0,7.5,,False,Office,2024-04-24 09:00:00
WH05317,EMP162,2024-04-26,17,6.6,0.0,5.5,1.1,2.2,3.6,10,4,2,2,2,2,3,53.8,86.8,34.4,22.2,33.3,5.9,0.1,3,3.0,Medium,False,50.0,-30.0,82.5,44.3,,False,Office,2024-04-26 09:00:00
WH05318,EMP162,2024-04-30,18,6.5,0.0,5.3,1.2,0.0,6.2,22,2,1,2,1,0,2,23.6,35.7,48.7,29.6,50.0,7.4,0.0,0,0.2,Low,False,20.0,-22.5,81.2,20.4,Client Visit,False,Home,2024-04-30 09:00:00
WH05319,EMP162,2024-05-13,20,7.6,0.0,6.4,1.2,0.0,7.0,18,6,3,3,1,2,3,61.2,82.2,43.3,36.2,33.3,7.4,0.0,0,1.2,Medium,False,33.0,-12.1,95.0,35.2,Client Visit,False,Home,2024-05-13 09:00:00
WH05320,EMP162,2024-05-20,21,7.2,0.0,5.9,1.3,0.0,6.5,10,3,3,0,1,1,1,23.6,35.5,21.9,20.0,0.0,,0.0,1,0.4,Medium,False,42.0,-40.0,90.0,17.3,,False,Home,2024-05-20 09:00:00
WH05321,EMP162,2024-05-21,21,6.8,0.0,5.4,1.4,2.8,3.0,23,1,1,0,1,0,1,15.0,14.7,20.4,20.0,0.0,,0.0,2,4.3,Medium,False,62.0,-40.0,85.0,10.5,Client Visit,False,Home,2024-05-21 09:00:00
WH05322,EMP162,2024-05-24,21,8.5,0.5,7.0,1.5,1.9,5.8,22,4,1,3,0,1,0,21.8,22.0,47.0,41.2,42.9,7.5,0.0,1,2.0,Medium,False,50.0,-25.5,106.2,17.1,Training Day,False,Office,2024-05-24 09:00:00
WH05323,EMP162,2024-06-03,23,7.2,0.0,5.2,2.0,1.4,5.1,22,6,3,1,2,0,3,52.7,58.1,30.3,21.9,14.3,7.8,0.0,0,1.9,Medium,False,42.0,-37.9,90.0,41.7,,False,Home,2024-06-03 09:00:00
WH05324,EMP162,2024-06-06,23,7.4,0.0,5.2,2.2,1.8,4.9,10,1,2,1,2,0,0,2.7,2.6,44.6,20.0,50.0,7.7,0.0,1,3.0,Low,False,44.0,-26.9,92.5,3.6,,False,Office,2024-06-06 09:00:00
WH05325,EMP162,2024-06-25,26,6.6,0.0,4.7,1.9,2.2,3.7,17,2,2,2,1,0,0,10.0,15.3,50.7,28.7,50.0,7.2,0.0,3,3.2,Medium,False,40.0,-8.8,82.5,10.8,,False,Office,2024-06-25 09:00:00
WH05326,EMP162,2024-06-26,26,6.5,0.0,5.1,1.4,1.0,4.2,13,7,2,2,2,2,2,55.6,55.0,30.3,33.7,22.2,5.7,0.4,2,2.0,Low,False,78.0,-40.0,81.2,37.1,,False,Office,2024-06-26 09:00:00
WH05327,EMP162,2024-07-02,27,0.0,0.0,0.0,0.0,0.0,0.0,0,0,0,0,0,0,0,0.0,0.0,0.0,0.0,0.0,,0.0,0,0.0,Low,False,0.0,0.0,0.0,0.0,Leave,True,Home,2024-07-02 09:00:00
WH05328,EMP162,2024-07-03,27,7.6,0.0,6.0,1.6,2.5,4.2,10,5,2,1,0,1,0,28.3,25.5,27.6,20.0,16.7,6.6,0.1,3,3.2,Medium,False,52.0,-40.0,95.0,13.3,Team Offsite,False,Home,2024-07-03 09:00:00
WH05329,EMP162,2024-07-08,28,0.0,0.0,0.0,0.0,0.0,0.0,0,0,0,0,0,0,0,0.0,0.0,0.0,0.0,0.0,,0.0,0,0.0,Low,False,0.0,0.0,0.0,0.0,Leave,True,Home,2024-07-08 09:00:00
WH05330,EMP162,2024-07-11,28,6.8,0.0,5.6,1.2,2.2,3.9,20,7,3,1,0,1,0,39.6,18.7,24.8,20.0,12.5,6.4,0.2,1,2.4,Medium,False,43.0,-40.0,85.0,20.3,Client Visit,False,Office,2024-07-11 09:00:00
WH05331,EMP162,2024-07-24,30,6.4,0.0,4.8,1.6,3.1,2.2,14,1,1,0,1,0,0,5.9,0.0,16.5,20.0,0.0,,0.0,1,3.3,Medium,False,67.0,-40.0,80.0,3.3,Holiday,False,Office,2024-07-24 09:00:00
WH05332,EMP162,2024-07-26,30,7.9,0.0,6.2,1.7,1.5,5.7,16,6,1,1,1,0,2,50.6,57.0,37.6,20.0,14.3,7.3,0.0,1,2.9,Medium,False,45.0,-33.8,98.8,27.0,Team Offsite,False,Home,2024-07-26 09:00:00
WH05333,EMP162,2024-09-12,37,7.5,0.0,5.4,2.1,1.3,5.7,19,3,3,2,1,1,1,27.4,45.7,35.5,29.1,40.0,6.8,0.1,2,2.5,Medium,False,30.0,-32.9,93.8,21.5,Team Offsite,False,Home,2024-09-12 09:00:00
WH05334,EMP162,2024-09-20,38,6.0,0.0,4.2,1.8,0.9,4.4,22,6,2,0,0,0,3,62.0,77.5,30.4,20.0,0.0,,0.0,1,1.9,Medium,False,43.0,-37.5,75.0,37.7,Client Visit,False,Home,2024-09-20 09:00:00
WH05335,EMP162,2024-10-08,41,7.9,0.0,6.5,1.4,2.2,4.6,11,4,3,1,2,1,0,24.4,6.1,35.3,20.0,20.0,7.6,0.0,1,3.4,Medium,False,65.0,-35.3,98.8,3.3,Team Offsite,False,Home,2024-10-08 09:00:00
WH05336,EMP162,2024-10-09,41,6.6,0.0,5.6,1.0,1.8,4.2,10,7,1,0,0,2,2,54.9,71.4,25.8,20.0,0.0,,0.0,0,2.6,Medium,False,36.0,-35.2,82.5,32.9,,False,Office,2024-10-09 09:00:00
WH05337,EMP162,2024-10-21,43,7.2,0.0,6.1,1.1,2.3,4.3,6,7,1,1,1,1,0,25.0,20.8,37.3,20.0,12.5,8.2,0.0,1,2.8,Medium,False,34.0,-35.8,90.0,17.1,Training Day,False,Home,2024-10-21 09:00:00
WH05338,EMP162,2024-10-29,44,8.0,0.0,6.1,1.9,2.9,4.4,6,2,2,1,1,1,0,6.4,9.0,32.8,20.0,33.3,7.0,0.0,2,4.0,Medium,False,39.0,-36.5,100.0,7.9,Client Visit,False,Office,2024-10-29 09:00:00
WH05339,EMP162,2024-11-06,45,7.0,0.0,5.4,1.6,2.6,3.2,19,2,2,0,1,2,2,28.4,70.9,12.7,20.0,0.0,,0.0,1,3.8,Medium,False,74.0,-40.0,87.5,26.2,Team Offsite,False,Home,2024-11-06 09:00:00
WH05340,EMP162,2024-11-28,48,7.4,0.0,5.5,1.9,1.3,5.4,10,4,1,0,1,1,3,51.1,70.2,19.3,20.0,0.0,,0.0,2,1.8,Medium,False,40.0,-40.0,92.5,46.3,,False,Office,2024-11-28 09:00:00
WH05341,EMP162,2024-12-06,49,8.2,0.2,6.5,1.7,1.0,6.4,21,1,3,1,1,0,0,13.9,11.3,48.4,20.0,50.0,6.1,0.9,0,1.6,Medium,False,45.0,-22.7,102.5,5.9,,False,Office,2024-12-06 09:00:00
WH05342,EMP162,2025-01-09,2,6.8,0.0,5.3,1.5,2.5,3.9,9,8,3,2,1,1,3,71.9,80.5,29.0,41.0,20.0,6.6,0.2,1,3.9,Medium,False,26.0,-39.1,85.0,46.5,,False,Office,2025-01-09 09:00:00
WH05343,EMP162,2025-01-15,3,7.8,0.0,6.2,1.6,1.2,6.0,20,5,2,2,2,1,0,22.3,9.9,28.4,27.1,28.6,7.6,0.0,2,2.4,Medium,False,38.0,-40.0,97.5,7.9,Holiday,False,Office,2025-01-15 09:00:00
WH05344,EMP162,2025-01-24,4,7.4,0.0,5.5,1.9,1.3,5.1,11,5,2,2,2,2,1,35.7,54.8,38.0,33.4,28.6,6.3,0.3,1,2.4,Medium,False,62.0,-38.3,92.5,33.5,,False,Home,2025-01-24 09:00:00
WH05345,EMP162,2025-02-11,7,8.1,0.1,6.1,2.0,1.8,5.5,14,2,2,1,0,1,0,8.6,6.3,37.0,20.0,33.3,6.1,0.1,2,3.2,Medium,False,50.0,-24.6,101.2,7.1,Team Offsite,False,Office,2025-02-11 09:00:00
WH05346,EMP162,2025-02-13,7,7.7,0.0,6.5,1.2,1.6,5.4,8,3,1,3,2,0,2,32.2,48.3,47.1,36.3,50.0,7.1,0.0,1,2.5,Medium,False,41.0,-15.1,96.2,26.0,,False,Office,2025-02-13 09:00:00
WH06073,EMP185,2024-01-10,2,7.1,0.0,5.7,1.4,1.7,5.2,10,6,1,1,2,2,3,58.6,81.7,31.1,20.0,14.3,6.6,0.1,1,2.8,Low,False,10.0,-40.0,88.8,41.6,,False,Office,2024-01-10 09:00:00
WH06074,EMP185,2024-01-26,4,7.5,0.0,6.3,1.2,1.7,5.0,10,5,3,1,0,0,3,51.8,69.4,32.3,20.0,16.7,7.0,0.0,2,2.2,Medium,False,47.0,-38.3,93.8,39.5,Holiday,False,Home,2024-01-26 09:00:00
WH06075,EMP185,2024-01-30,5,0.0,0.0,0.0,0.0,0.0,0.0,0,0,0,0,0,0,0,0.0,0.0,0.0,0.0,0.0,,0.0,0,0.0,Low,False,0.0,0.0,0.0,0.0,Leave,True,Home,2024-01-30 09:00:00
WH06076,EMP185,2024-02-12,7,7.0,0.0,5.8,1.2,1.8,4.4,19,5,3,0,1,0,3,60.8,70.3,32.8,20.0,0.0,,0.0,0,2.5,Low,False,48.0,-40.0,87.5,43.0,Holiday,False,Home,2024-02-12 09:00:00
WH06077,EMP185,2024-02-16,7,6.8,0.0,5.6,1.2,0.4,5.6,19,4,1,2,0,1,2,46.0,64.2,33.5,21.2,33.3,7.4,0.0,1,1.7,Medium,False,49.0,-35.7,85.0,25.1,Client Visit,False,Home,2024-02-16 09:00:00
WH06078,EMP185,2024-03-13,11,6.4,0.0,5.2,1.2,3.4,2.4,22,1,2,1,2,0,1,5.8,4.6,45.9,20.1,50.0,6.1,0.3,4,4.4,Low,False,35.0,-13.1,80.0,6.3,,False,Home,2024-03-13 09:00:00
WH06079,EMP185,2024-03-15,11,0.0,0.0,0.0,0.0,0.0,0.0,0,0,0,0,0,0,0,0.0,0.0,0.0,0.0,0.0,,0.0,0,0.0,Low,False,0.0,0.0,0.0,0.0,Leave,True,Home,2024-03-15 09:00:00
WH06080,EMP185,2024-03-21,12,7.1,0.0,5.2,1.9,0.8,5.4,10,3,3,3,2,0,1,17.9,26.7,38.6,44.2,50.0,8.2,0.0,0,1.7,Low,False,53.0,-40.0,88.8,9.7,,False,Home,2024-03-21 09:00:00
WH06081,EMP185,2024-04-24,17,7.1,0.0,5.4,1.7,1.6,5.2,20,6,1,1,1,2,1,45.5,43.6,37.0,20.0,14.3,6.9,0.8,1,2.4,Low,False,17.0,-35.7,88.8,26.1,Team Offsite,False,Home,2024-04-24 09:00:00
WH06082,EMP185,2024-04-29,18,6.5,0.0,5.5,1.0,0.0,5.9,3,7,2,2,0,0,1,50.3,16.0,37.1,40.6,22.2,6.9,0.1,1,0.3,Medium,False,34.0,-37.5,81.2,24.8,Holiday,False,Home,2024-04-29 09:00:00
WH06083,EMP185,2024-04-30,18,7.1,0.0,5.0,2.1,2.1,4.2,9,8,1,0,2,2,1,50.9,50.8,35.4,20.0,0.0,,0.0,3,3.1,Medium,False,48.0,-32.0,88.8,35.6,,False,Office,2024-04-30 09:00:00
WH06084,EMP185,2024-05-07,19,6.7,0.0,5.7,1.0,0.9,4.6,3,4,1,0,2,2,3,49.6,83.5,23.5,20.0,0.0,,0.0,0,1.0,Medium,False,70.0,-40.0,83.8,38.4,,False,Home,2024-05-07 09:00:00
WH06085,EMP185,2024-05-09,19,8.0,0.0,6.2,1.8,2.5,4.5,14,3,2,0,1,2,0,11.1,13.5,23.8,20.0,0.0,,0.0,2,2.9,Medium,False,61.0,-40.0,100.0,6.8,,False,Home,2024-05-09 09:00:00
WH06086,EMP185,2024-05-24,21,7.8,0.0,6.4,1.4,2.2,4.8,15,3,2,1,1,1,1,27.2,34.3,29.4,20.0,25.0,7.3,0.0,0,2.7,Medium,False,50.0,-40.0,97.5,23.6,Team Offsite,False,Office,2024-05-24 09:00:00
WH06087,EMP185,2024-05-31,22,6.2,0.0,4.4,1.8,0.4,5.0,16,4,1,3,0,0,0,11.7,13.7,46.3,44.7,42.9,6.4,0.0,0,0.5,Medium,False,48.0,-24.6,77.5,14.0,,False,Home,2024-05-31 09:00:00
WH06088,EMP185,2024-06-18,25,7.3,0.0,5.4,1.9,1.5,5.1,23,3,3,3,0,0,0,22.0,0.0,43.0,46.5,50.0,5.9,0.4,2,1.9,Medium,False,43.0,-34.7,91.2,8.9,,False,Home,2024-06-18 09:00:00
WH06089,EMP185,2024-06-28,26,7.6,0.0,5.3,2.3,1.1,5.6,22,6,2,3,2,2,0,27.9,31.9,39.6,43.0,33.3,6.5,0.2,2,1.4,Medium,False,53.0,-25.4,95.0,21.2,,False,Office,2024-06-28 09:00:00
WH06090,EMP185,2024-07-17,29,6.8,0.0,5.3,1.5,1.4,4.6,14,4,2,3,1,1,0,9.7,26.1,43.1,43.4,42.9,6.7,0.2,2,2.7,Medium,False,51.0,-24.4,85.0,8.1,Team Offsite,False,Office,2024-07-17 09:00:00
WH06091,EMP185,2024-07-22,30,0.0,0.0,0.0,0.0,0.0,0.0,0,0,0,0,0,0,0,0.0,0.0,0.0,0.0,0.0,,0.0,0,0.0,Low,False,0.0,0.0,0.0,0.0,Leave,True,Home,2024-07-22 09:00:00
WH06092,EMP185,2024-07-29,31,7.3,0.0,6.1,1.2,0.8,5.6,12,6,2,1,1,0,1,40.6,42.9,30.3,20.0,14.3,5.8,0.2,0,1.0,Medium,False,54.0,-39.7,91.2,24.6,Client Visit,False,Office,2024-07-29 09:00:00
WH06093,EMP185,2024-08-07,32,7.3,0.0,6.1,1.2,2.9,3.6,22,2,3,2,2,0,2,23.9,28.6,44.1,25.0,50.0,7.2,0.0,1,3.6,Medium,False,50.0,-28.6,91.2,24.1,Client Visit,False,Home,2024-08-07 09:00:00
WH06094,EMP185,2024-09-02,36,7.9,0.0,6.1,1.8,0.3,6.6,18,3,2,2,1,1,2,40.1,42.0,52.9,27.9,40.0,8.5,0.0,1,1.6,Medium,False,59.0,-15.3,98.8,32.3,,False,Office,2024-09-02 09:00:00
WH06095,EMP185,2024-09-05,36,0.0,0.0,0.0,0.0,0.0,0.0,0,0,0,0,0,0,0,0.0,0.0,0.0,0.0,0.0,,0.0,0,0.0,Low,False,0.0,0.0,0.0,0.0,Leave,True,Home,2024-09-05 09:00:00
WH06096,EMP185,2024-09-17,38,7.2,0.0,5.4,1.8,1.7,4.6,12,8,2,0,2,1,0,48.7,25.5,24.2,20.0,0.0,,0.0,2,3.1,Medium,False,52.0,-40.0,90.0,18.6,Training Day,False,Office,2024-09-17 09:00:00
WH06097,EMP185,2024-09-26,39,6.8,0.0,5.2,1.6,3.2,2.7,14,7,3,0,2,1,3,71.6,80.5,29.1,20.0,0.0,,0.0,1,3.9,Medium,False,56.0,-36.1,85.0,41.2,,False,Office,2024-09-26 09:00:00
WH06098,EMP185,2024-09-27,39,8.2,0.2,6.4,1.8,2.0,5.7,10,4,1,1,2,0,2,44.2,50.7,33.0,20.0,20.0,6.6,0.3,1,3.0,Medium,False,30.0,-40.0,102.5,36.1,Holiday,False,Home,2024-09-27 09:00:00
WH06099,EMP185,2024-10-08,41,8.2,0.2,6.1,2.1,1.2,6.5,14,2,1,2,1,0,1,23.5,29.8,40.4,23.2,50.0,5.6,0.1,2,1.5,Medium,False,27.0,-32.4,102.5,19.9,,False,Home,2024-10-08 09:00:00
WH06100,EMP185,2024-10-29,44,7.6,0.0,5.5,2.1,3.6,3.6,5,8,1,0,0,2,0,37.9,32.5,29.7,20.0,0.0,,0.0,1,4.6,Medium,False,22.0,-40.0,95.0,26.7,Client Visit,False,Office,2024-10-29 09:00:00
WH06101,EMP185,2024-11-12,46,7.8,0.0,6.5,1.3,1.2,6.1,11,8,1,3,2,1,3,63.0,90.7,33.8,37.8,27.3,7.5,0.0,1,2.4,Medium,False,28.0,-31.1,97.5,41.3,,False,Office,2024-11-12 09:00:00
WH06102,EMP185,2024-12-20,51,6.7,0.0,5.3,1.4,2.4,3.3,17,4,2,2,0,2,2,35.9,64.7,36.6,29.1,33.3,6.0,0.2,2,3.2,Medium,False,61.0,-27.4,83.8,31.7,,False,Home,2024-12-20 09:00:00
WH06103,EMP185,2025-01-27,5,5.4,0.0,4.2,1.2,1.4,3.2,13,1,1,0,2,1,0,5.0,7.0,18.3,20.0,0.0,,0.0,2,2.1,Medium,False,47.0,-40.0,67.5,2.3,,False,Office,2025-01-27 09:00:00
WH06104,EMP185,2025-02-07,6,8.1,0.1,6.4,1.7,1.1,5.9,14,8,3,3,1,0,2,73.2,49.2,32.4,36.0,27.3,7.8,0.0,2,1.9,Medium,False,64.0,-34.8,101.2,45.3,,False,Office,2025-02-07 09:00:00
WH06105,EMP185,2025-02-20,8,7.9,0.0,5.6,2.3,2.2,4.8,24,3,1,3,0,0,1,31.9,23.5,39.6,41.0,50.0,6.9,0.1,3,2.2,Medium,False,52.0,-24.6,98.8,22.8,Training Day,False,Home,2025-02-20 09:00:00
WH08251,EMP251,2024-01-04,1,7.0,0.0,5.6,1.4,1.4,5.3,6,4,3,2,0,0,2,34.4,38.4,37.9,31.4,33.3,7.3,0.0,1,2.9,Low,False,18.0,-2.0,87.5,23.9,,False,Home,2024-01-04 09:00:00
WH08252,EMP251,2024-01-11,2,7.1,0.0,5.1,2.0,3.6,3.0,3,4,3,1,0,1,3,52.7,71.3,42.5,20.0,20.0,7.8,0.0,1,3.8,Low,False,31.0,2.6,88.8,28.7,Training Day,False,Home,2024-01-11 09:00:00
WH08253,EMP251,2024-01-24,4,0.0,0.0,0.0,0.0,0.0,0.0,0,0,0,0,0,0,0,0.0,0.0,0.0,0.0,0.0,,0.0,0,0.0,Low,False,0.0,0.0,0.0,0.0,Leave,True,Home,2024-01-24 09:00:00
WH08254,EMP251,2024-01-30,5,6.0,0.0,4.3,1.7,1.0,4.3,16,8,3,1,1,1,0,43.1,26.0,39.1,20.0,11.1,7.9,0.0,2,1.4,Low,False,43.0,-7.6,75.0,15.0,Training Day,False,Remote,2024-01-30 09:00:00
WH08255,EMP251,2024-01-31,5,7.4,0.0,6.0,1.4,2.3,4.8,5,6,3,2,1,0,3,52.7,76.4,47.8,33.8,25.0,8.0,0.0,1,3.4,Low,False,16.0,7.3,92.5,44.3,Training Day,False,Home,2024-01-31 09:00:00
WH08256,EMP251,2024-02-02,5,7.3,0.0,5.9,1.4,0.8,5.6,24,4,2,0,0,0,0,16.1,7.7,23.2,20.0,0.0,,0.0,0,1.2,Low,False,52.0,-9.4,91.2,10.5,Holiday,False,Remote,2024-02-02 09:00:00
WH08257,EMP251,2024-02-08,6,5.8,0.0,4.4,1.4,2.5,3.1,17,6,3,0,1,2,1,37.3,29.8,23.4,20.0,0.0,,0.0,0,2.6,Low,False,14.0,-13.3,72.5,22.0,,False,Remote,2024-02-08 09:00:00
WH08258,EMP251,2024-02-09,6,6.7,0.0,4.8,1.9,3.7,1.8,24,1,1,1,0,0,0,8.3,0.0,52.4,20.0,50.0,7.5,0.0,1,4.9,Low,False,71.0,11.4,83.8,6.1,,False,Remote,2024-02-09 09:00:00
WH08259,EMP251,2024-03-14,11,0.0,0.0,0.0,0.0,0.0,0.0,0,0,0,0,0,0,0,0.0,0.0,0.0,0.0,0.0,,0.0,0,0.0,Low,False,0.0,0.0,0.0,0.0,Leave,True,Home,2024-03-14 09:00:00
WH08260,EMP251,2024-03-21,12,6.9,0.0,5.1,1.8,3.2,2.7,5,2,3,1,0,0,2,26.6,45.4,49.4,20.0,33.3,7.8,0.0,3,4.3,Low,False,63.0,3.7,86.2,17.1,Client Visit,False,Remote,2024-03-21 09:00:00
WH08261,EMP251,2024-03-25,13,6.3,0.0,4.7,1.6,2.9,2.4,13,7,1,2,0,1,2,62.0,65.1,39.1,28.7,22.2,6.9,0.6,1,3.3,Low,False,59.0,-5.2,78.8,43.0,Training Day,False,Remote,2024-03-25 09:00:00
WH08262,EMP251,2024-04-11,15,7.7,0.0,5.8,1.9,2.1,4.9,18,7,2,2,2,2,2,56.5,72.4,35.9,20.0,22.2,6.9,0.2,3,2.8,Low,False,41.0,-1.7,96.2,32.9,Training Day,False,Home,2024-04-11 09:00:00
WH08263,EMP251,2024-04-26,17,7.9,0.0,5.6,2.3,1.6,5.8,4,4,3,1,0,2,3,49.7,87.0,37.2,20.0,20.0,7.2,0.0,1,2.9,Low,False,32.0,-2.0,98.8,37.0,,False,Remote,2024-04-26 09:00:00
WH08264,EMP251,2024-05-27,22,7.9,0.0,6.1,1.8,3.2,3.6,24,5,3,1,2,0,2,51.1,39.2,40.9,20.0,16.7,7.9,0.0,1,4.2,Low,False,66.0,-7.0,98.8,28.4,,False,Remote,2024-05-27 09:00:00
WH08265,EMP251,2024-05-29,22,6.9,0.0,4.9,2.0,0.0,6.2,18,7,2,0,1,2,2,63.4,66.2,31.9,20.0,0.0,,0.0,1,0.9,Low,False,40.0,-12.2,86.2,36.8,Holiday,False,Home,2024-05-29 09:00:00
WH08266,EMP251,2024-06-06,23,7.6,0.0,6.2,1.4,0.1,6.5,12,2,1,2,1,0,2,40.5,37.5,49.3,21.3,50.0,7.6,0.0,0,1.1,Low,False,60.0,9.4,95.0,27.1,Team Offsite,False,Home,2024-06-06 09:00:00
WH08267,EMP251,2024-08-07,32,6.5,0.0,5.3,1.2,3.1,2.5,24,2,3,0,2,0,2,28.7,37.0,29.6,20.0,0.0,,0.0,2,4.6,Low,False,57.0,-7.6,81.2,13.7,,False,Home,2024-08-07 09:00:00
WH08268,EMP251,2024-08-12,33,6.6,0.0,4.9,1.7,1.7,4.6,16,1,2,1,1,0,1,17.6,22.8,51.4,22.8,50.0,8.6,0.0,2,2.6,Low,False,15.0,11.2,82.5,3.9,Team Offsite,False,Home,2024-08-12 09:00:00
WH08269,EMP251,2024-08-27,35,7.2,0.0,6.0,1.2,2.0,4.8,4,8,3,3,0,0,2,63.6,55.0,51.6,48.0,27.3,8.7,0.0,1,3.5,Low,False,25.0,15.7,90.0,35.4,,False,Home,2024-08-27 09:00:00
WH08270,EMP251,2024-09-09,37,7.5,0.0,5.9,1.6,1.4,5.6,19,8,3,1,2,0,3,70.6,67.5,28.8,20.0,11.1,7.1,0.0,2,2.8,Low,False,30.0,-14.3,93.8,33.4,Client Visit,False,Remote,2024-09-09 09:00:00
WH08271,EMP251,2024-10-28,44,6.1,0.0,4.9,1.2,2.2,3.0,25,2,3,1,2,1,2,33.3,50.3,43.4,20.0,33.3,6.6,0.5,2,3.0,Low,False,53.0,5.5,76.2,27.1,Holiday,False,Home,2024-10-28 09:00:00
WH08272,EMP251,2024-11-12,46,6.1,0.0,5.1,1.0,3.4,2.2,15,7,3,2,1,1,3,53.4,97.4,39.2,30.7,22.2,7.8,0.0,0,4.6,Low,False,32.0,-11.0,76.2,46.8,Client Visit,False,Home,2024-11-12 09:00:00
WH08273,EMP251,2024-11-20,47,5.5,0.0,4.3,1.2,3.1,1.8,18,2,2,2,2,0,0,9.1,0.0,47.5,30.9,50.0,8.1,0.0,2,4.5,Low,False,39.0,10.4,68.8,4.6,Holiday,False,Home,2024-11-20 09:00:00
WH08274,EMP251,2024-11-29,48,6.7,0.0,5.6,1.1,1.3,4.6,21,2,1,0,0,2,1,19.4,40.9,28.9,20.0,0.0,,0.0,1,1.5,Low,False,48.0,-13.2,83.8,14.4,Holiday,False,Home,2024-11-29 09:00:00
WH08275,EMP251,2024-12-05,49,7.0,0.0,5.2,1.8,2.0,4.3,14,2,3,1,1,1,1,18.4,30.3,53.4,20.0,33.3,8.1,0.0,3,3.1,Low,False,43.0,14.1,87.5,11.5,Client Visit,False,Home,2024-12-05 09:00:00
WH08276,EMP251,2024-12-09,50,6.3,0.0,4.7,1.6,0.9,4.9,11,4,3,2,1,0,0,22.1,0.0,30.5,22.3,33.3,7.2,0.0,1,1.9,Low,False,32.0,-16.1,78.8,3.6,,False,Home,2024-12-09 09:00:00
WH08277,EMP251,2024-12-23,52,6.1,0.0,4.4,1.7,1.9,3.3,13,4,1,3,1,1,2,41.9,64.1,57.4,53.8,42.9,8.0,0.0,1,2.4,Low,False,54.0,15.9,76.2,36.2,,False,Home,2024-12-23 09:00:00
WH08278,EMP251,2025-01-03,1,6.0,0.0,4.8,1.2,1.1,3.7,24,7,3,1,2,2,2,47.3,67.8,30.9,20.0,12.5,7.0,0.0,0,2.0,Low,False,71.0,-9.6,75.0,26.6,,False,Remote,2025-01-03 09:00:00
WH08279,EMP251,2025-01-27,5,6.4,0.0,5.1,1.3,1.5,4.4,16,8,3,3,0,1,1,48.6,53.0,43.9,41.1,27.3,8.7,0.0,1,2.1,Low,False,33.0,7.1,80.0,38.7,,False,Home,2025-01-27 09:00:00
WH08280,EMP251,2025-01-28,5,7.7,0.0,5.7,2.0,2.8,4.5,11,7,2,2,1,2,2,51.6,69.0,31.8,22.2,22.2,7.0,0.0,0,3.8,Low,False,23.0,-3.3,96.2,32.7,,False,Home,2025-01-28 09:00:00
WH08281,EMP251,2025-02-07,6,7.1,0.0,5.8,1.3,2.8,3.2,17,6,1,0,0,0,0,30.9,18.2,27.6,20.0,0.0,,0.0,3,4.0,Low,False,68.0,-20.2,88.8,12.4,Holiday,False,Home,2025-02-07 09:00:00
WH08282,EMP251,2025-02-21,8,6.6,0.0,4.7,1.9,3.6,2.0,4,6,3,2,0,1,0,28.8,4.9,41.0,35.0,25.0,7.6,0.0,2,3.9,Low,False,59.0,-9.5,82.5,16.9,,False,Home,2025-02-21 09:00:00
WH08283,EMP251,2025-02-27,9,8.0,0.0,6.3,1.7,2.7,4.1,6,6,3,3,2,1,2,59.9,66.7,36.7,31.1,33.3,7.2,0.0,1,3.3,Low,False,73.0,-3.7,100.0,36.3,,False,Home,2025-02-27 09:00:00
WH08779,EMP267,2024-05-07,19,5.6,0.0,5.0,0.6,0.6,4.2,25,1,3,0,1,0,1,15.8,24.7,30.6,20.0,0.0,,0.0,1,1.9,Low,False,49.0,-40.0,93.3,5.6,Client Visit,False,Office,2024-05-07 09:00:00
WH08780,EMP267,2024-05-08,19,5.3,0.0,5.0,0.3,0.6,4.2,8,6,2,1,2,1,1,42.3,46.8,36.3,29.4,14.3,7.2,0.0,0,1.4,Low,False,30.0,-40.0,88.3,27.6,,False,Office,2024-05-08 09:00:00
WH08781,EMP267,2024-06-03,23,5.0,0.0,4.1,0.9,1.2,3.1,7,8,3,1,1,0,3,61.7,72.5,34.9,20.0,11.1,6.7,0.8,1,2.6,Low,False,41.0,-40.0,83.3,43.4,Holiday,False,Office,2024-06-03 09:00:00
WH08782,EMP267,2024-06-07,23,5.0,0.0,4.1,0.9,0.7,3.4,8,4,2,3,2,0,0,11.5,0.0,57.7,53.6,42.9,7.7,0.0,0,2.0,Low,False,55.0,-24.5,83.3,5.3,Team Offsite,False,Office,2024-06-07 09:00:00
WH08783,EMP267,2024-06-13,24,5.7,0.0,5.2,0.5,2.7,2.5,13,7,1,2,2,0,2,58.1,56.3,51.0,27.4,22.2,8.3,0.0,1,3.3,Low,False,32.0,-27.3,95.0,29.7,Team Offsite,False,Office,2024-06-13 09:00:00
WH08784,EMP267,2024-06-20,25,5.0,0.0,4.4,0.6,1.2,3.3,20,4,3,2,1,1,2,45.2,62.9,51.5,44.4,33.3,7.1,0.0,1,1.5,Low,False,30.0,-34.9,83.3,35.4,Client Visit,False,Office,2024-06-20 09:00:00
WH08785,EMP267,2024-07-11,28,5.2,0.0,4.2,1.0,3.0,1.3,7,6,1,0,1,2,1,39.4,51.7,40.5,20.0,0.0,,0.0,1,3.1,Low,False,52.0,-37.1,86.7,25.3,Holiday,False,Office,2024-07-11 09:00:00
WH08786,EMP267,2024-07-19,29,5.7,0.0,5.3,0.4,2.6,1.9,14,6,2,3,0,2,2,45.6,71.3,51.6,59.9,33.3,7.8,0.0,0,3.2,Low,False,70.0,-40.0,95.0,30.3,Holiday,False,Home,2024-07-19 09:00:00
WH08787,EMP267,2024-07-29,31,5.0,0.0,4.3,0.7,2.9,1.5,9,6,2,1,1,0,1,46.0,39.3,42.7,20.8,14.3,7.2,0.0,3,3.1,Low,False,35.0,-36.3,83.3,23.6,Team Offsite,False,Office,2024-07-29 09:00:00
WH08788,EMP267,2024-08-05,32,5.8,0.0,5.4,0.4,0.4,5.1,11,2,3,0,0,1,0,13.4,18.5,40.7,20.0,0.0,,0.0,0,1.4,Low,False,19.0,-39.2,96.7,3.1,,False,Office,2024-08-05 09:00:00
WH08789,EMP267,2024-08-13,33,5.0,0.0,4.5,0.5,1.9,2.2,5,6,1,1,2,0,2,51.2,47.5,37.5,22.8,14.3,7.8,0.0,1,2.9,Low,False,57.0,-37.9,83.3,28.0,Training Day,False,Home,2024-08-13 09:00:00
WH08790,EMP267,2024-08-30,35,5.1,0.0,4.2,0.9,2.1,2.2,4,2,2,0,1,2,0,6.0,24.3,29.8,20.0,0.0,,0.0,0,2.6,Low,False,50.0,-40.0,85.0,4.1,Team Offsite,False,Home,2024-08-30 09:00:00
WH08791,EMP267,2024-09-11,37,5.6,0.0,4.8,0.8,1.2,3.3,10,7,3,0,2,2,2,60.6,75.3,30.2,20.0,0.0,,0.0,2,2.6,Low,False,66.0,-40.0,93.3,41.4,Holiday,False,Office,2024-09-11 09:00:00
WH08792,EMP267,2024-09-23,39,0.0,0.0,0.0,0.0,0.0,0.0,0,0,0,0,0,0,0,0.0,0.0,0.0,0.0,0.0,,0.0,0,0.0,Low,False,0.0,0.0,0.0,0.0,Leave,True,Home,2024-09-23 09:00:00
WH08793,EMP267,2024-10-01,40,6.1,0.1,5.5,0.6,0.9,4.4,7,7,1,3,2,2,3,64.6,91.3,44.2,45.3,30.0,7.4,0.0,1,1.1,Low,False,48.0,-27.9,101.7,38.0,Team Offsite,False,Office,2024-10-01 09:00:00
WH08794,EMP267,2024-10-03,40,5.0,0.0,4.6,0.4,2.3,2.3,12,6,1,1,2,2,2,51.9,67.5,39.9,25.4,14.3,8.3,0.0,0,2.9,Low,False,26.0,-39.2,83.3,29.8,Holiday,False,Office,2024-10-03 09:00:00
WH08795,EMP267,2024-10-10,41,5.0,0.0,4.5,0.5,2.5,1.7,7,4,2,0,0,0,3,44.6,49.0,33.8,20.0,0.0,,0.0,1,3.0,Low,False,48.0,-40.0,83.3,25.8,Training Day,False,Office,2024-10-10 09:00:00
WH08796,EMP267,2024-10-29,44,5.2,0.0,4.9,0.3,2.1,2.2,7,7,1,2,1,0,1,52.5,42.2,44.8,41.1,22.2,7.7,0.0,0,3.5,Low,False,52.0,-36.0,86.7,40.0,,False,Home,2024-10-29 09:00:00
WH08797,EMP267,2024-11-08,45,5.0,0.0,4.5,0.5,3.0,0.9,21,7,1,1,0,2,3,63.9,89.2,39.7,25.3,12.5,6.9,0.5,0,4.3,Low,False,66.0,-32.7,83.3,35.9,Training Day,False,Office,2024-11-08 09:00:00
WH08798,EMP267,2024-11-11,46,5.0,0.0,4.1,0.9,2.4,1.7,25,6,2,0,2,0,2,48.7,55.3,32.8,20.0,0.0,,0.0,1,3.5,Low,False,57.0,-40.0,83.3,33.7,,False,Office,2024-11-11 09:00:00
WH08799,EMP267,2024-11-13,46,5.0,0.0,4.1,0.9,1.2,3.1,22,4,2,1,0,2,3,46.8,79.4,40.1,25.9,20.0,8.5,0.0,2,2.5,Low,False,43.0,-36.1,83.3,33.1,,False,Home,2024-11-13 09:00:00
WH08800,EMP267,2024-11-22,47,5.0,0.0,4.2,0.8,3.5,0.6,5,5,1,1,1,1,1,29.3,30.8,32.9,20.0,16.7,7.7,0.0,2,3.8,Low,False,54.0,-40.0,83.3,17.9,Training Day,False,Office,2024-11-22 09:00:00
WH08801,EMP267,2024-11-27,48,6.3,0.3,5.9,0.4,2.2,3.5,4,5,1,2,0,2,1,39.5,45.1,36.7,38.8,28.6,6.4,0.2,3,3.4,Low,False,34.0,-40.0,105.0,29.3,Team Offsite,False,Office,2024-11-27 09:00:00
WH08802,EMP267,2024-12-04,49,5.5,0.0,5.0,0.5,3.6,1.6,19,7,3,2,1,0,0,32.0,0.9,43.0,40.9,22.2,7.4,0.0,2,3.7,Low,False,20.0,-38.3,91.7,10.8,,False,Home,2024-12-04 09:00:00
WH08803,EMP267,2024-12-19,51,5.3,0.0,4.8,0.5,1.6,3.2,7,5,1,1,0,2,0,31.3,30.5,49.3,23.2,16.7,6.7,0.0,1,2.2,Low,False,27.0,-25.4,88.3,18.9,,False,Office,2024-12-19 09:00:00
WH08804,EMP267,2025-01-07,2,0.0,0.0,0.0,0.0,0.0,0.0,0,0,0,0,0,0,0,0.0,0.0,0.0,0.0,0.0,,0.0,0,0.0,Low,False,0.0,0.0,0.0,0.0,Leave,True,Home,2025-01-07 09:00:00
WH08805,EMP267,2025-01-08,2,5.3,0.0,4.6,0.7,2.2,2.4,16,7,1,0,1,0,3,64.8,65.8,29.1,20.0,0.0,,0.0,0,2.7,Low,False,41.0,-40.0,88.3,37.2,,False,Office,2025-01-08 09:00:00
WH08806,EMP267,2025-01-13,3,5.0,0.0,4.4,0.6,2.0,2.4,9,7,2,2,2,1,3,73.4,87.9,44.5,50.9,22.2,6.9,0.2,2,3.3,Medium,False,37.0,-40.0,83.3,44.6,Holiday,False,Home,2025-01-13 09:00:00
WH08807,EMP267,2025-02-05,6,5.0,0.0,4.3,0.7,2.7,1.3,15,2,1,2,1,0,1,17.2,18.6,57.6,35.8,50.0,9.0,0.0,1,2.9,Low,False,61.0,-22.6,83.3,7.1,Training Day,False,Home,2025-02-05 09:00:00
WH08808,EMP267,2025-02-06,6,5.0,0.0,4.7,0.3,3.0,0.9,15,5,1,3,2,0,0,22.8,6.6,47.2,59.3,37.5,7.4,0.0,3,4.3,Low,False,67.0,-34.1,83.3,11.0,,False,Office,2025-02-06 09:00:00
WH08809,EMP267,2025-02-19,8,0.0,0.0,0.0,0.0,0.0,0.0,0,0,0,0,0,0,0,0.0,0.0,0.0,0.0,0.0,,0.0,0,0.0,Low,False,0.0,0.0,0.0,0.0,Leave,True,Home,2025-02-19 09:00:00
WH08810,EMP267,2025-02-24,9,5.0,0.0,4.7,0.3,1.4,2.6,11,4,3,2,1,0,3,54.1,74.1,57.3,36.4,33.3,7.5,0.0,1,1.5,Low,False,62.0,-21.0,83.3,30.1,,False,Home,2025-02-24 09:00:00
WH08811,EMP267,2025-02-26,9,5.4,0.0,4.7,0.7,2.2,2.4,11,6,2,1,2,0,3,56.2,65.1,44.0,30.3,14.3,7.9,0.0,0,2.9,Low,False,47.0,-37.8,90.0,27.2,,False,Home,2025-02-26 09:00:00
WH09439,EMP287,2024-01-02,1,6.3,0.0,4.5,1.8,1.8,4.0,16,1,2,1,2,0,1,13.2,21.6,58.4,20.0,50.0,8.0,0.0,0,2.4,Low,False,31.0,-24.3,78.8,7.9,,False,Office,2024-01-02 09:00:00
WH09440,EMP287,2024-01-04,1,6.4,0.0,4.9,1.5,3.2,2.5,25,1,2,0,1,0,0,0.0,6.6,37.6,20.0,0.0,,0.0,2,3.7,Low,False,41.0,-40.0,80.0,0.0,,False,Office,2024-01-04 09:00:00
WH09441,EMP287,2024-01-18,3,7.4,0.0,5.9,1.5,0.0,6.7,21,4,1,0,0,2,3,55.5,88.2,42.6,20.0,0.0,,0.0,0,0.8,Low,False,45.0,-40.0,92.5,27.3,,False,Office,2024-01-18 09:00:00
WH09442,EMP287,2024-01-24,4,6.5,0.0,4.9,1.6,1.6,4.0,14,1,3,1,0,0,0,13.9,3.1,53.7,20.0,50.0,7.2,0.0,2,1.7,Low,False,52.0,-22.9,81.2,0.0,,False,Office,2024-01-24 09:00:00
WH09443,EMP287,2024-01-26,4,6.5,0.0,4.7,1.8,2.7,2.3,10,2,2,2,1,0,0,0.6,0.0,53.6,24.6,50.0,7.6,0.0,2,3.6,Low,False,90.0,-29.9,81.2,2.5,Training Day,False,Office,2024-01-26 09:00:00
WH09444,EMP287,2024-02-07,6,5.6,0.0,4.3,1.3,1.0,3.9,8,6,1,3,1,2,2,46.6,80.0,57.7,53.6,33.3,7.3,0.0,0,2.1,Low,False,40.0,-24.8,70.0,39.8,,False,Office,2024-02-07 09:00:00
WH09445,EMP287,2024-03-06,10,6.6,0.0,4.8,1.8,1.8,3.9,10,7,3,0,1,1,0,34.4,19.7,30.6,20.0,0.0,,0.0,0,2.4,Low,False,54.0,-40.0,82.5,26.1,,False,Office,2024-03-06 09:00:00
WH09446,EMP287,2024-03-29,13,6.8,0.0,5.4,1.4,1.6,4.6,10,6,2,0,1,0,2,35.8,37.6,18.1,20.0,0.0,,0.0,2,2.0,Medium,False,35.0,-40.0,85.0,25.0,Holiday,False,Office,2024-03-29 09:00:00
WH09447,EMP287,2024-04-03,14,5.8,0.0,4.6,1.2,0.1,5.1,6,3,2,3,2,0,0,15.5,0.0,61.4,56.8,50.0,6.8,0.7,1,0.5,Low,False,36.0,-25.2,72.5,12.5,,False,Office,2024-04-03 09:00:00
WH09448,EMP287,2024-04-09,15,7.6,0.0,6.4,1.2,3.6,3.1,21,6,3,0,0,0,3,59.7,47.5,25.2,20.0,0.0,,0.0,4,5.0,Medium,False,52.0,-40.0,95.0,31.8,,False,Office,2024-04-09 09:00:00
WH09449,EMP287,2024-04-12,15,0.0,0.0,0.0,0.0,0.0,0.0,0,0,0,0,0,0,0,0.0,0.0,0.0,0.0,0.0,,0.0,0,0.0,Low,False,0.0,0.0,0.0,0.0,Leave,True,Home,2024-04-12 09:00:00
WH09450,EMP287,2024-05-14,20,7.1,0.0,5.4,1.7,2.7,3.5,4,7,3,1,0,2,3,73.3,100.0,42.0,20.0,12.5,7.7,0.0,1,3.8,Medium,False,55.0,-40.0,88.8,60.3,,False,Office,2024-05-14 09:00:00
WH09451,EMP287,2024-05-16,20,7.2,0.0,5.2,2.0,1.7,5.0,10,6,3,2,1,1,1,43.1,38.6,48.5,29.6,25.0,10.0,0.0,2,2.3,Low,False,32.0,-37.9,90.0,24.9,,False,Office,2024-05-16 09:00:00
WH09452,EMP287,2024-05-31,22,7.6,0.0,5.4,2.2,3.3,3.5,24,2,1,2,0,0,1,6.9,21.7,52.2,24.8,50.0,7.3,0.0,3,4.6,Medium,False,45.0,-34.3,95.0,5.5,Training Day,False,Office,2024-05-31 09:00:00
WH09453,EMP287,2024-06-06,23,6.7,0.0,5.0,1.7,2.7,3.3,12,6,2,1,0,1,0,26.2,14.5,39.9,20.0,14.3,8.0,0.0,0,3.1,Low,False,42.0,-40.0,83.8,16.2,Training Day,False,Office,2024-06-06 09:00:00
WH09454,EMP287,2024-06-12,24,7.9,0.0,6.4,1.5,1.3,5.5,14,7,2,1,0,1,3,58.8,73.8,26.7,20.0,12.5,8.6,0.0,1,2.1,Medium,False,65.0,-40.0,98.8,39.7,,False,Office,2024-06-12 09:00:00
WH09455,EMP287,2024-06-13,24,7.4,0.0,5.2,2.2,3.5,3.5,24,2,2,1,0,1,1,19.1,20.4,41.1,20.0,33.3,6.8,0.3,2,3.9,Medium,False,24.0,-40.0,92.5,0.0,,False,Office,2024-06-13 09:00:00
WH09456,EMP287,2024-06-17,25,0.0,0.0,0.0,0.0,0.0,0.0,0,0,0,0,0,0,0,0.0,0.0,0.0,0.0,0.0,,0.0,0,0.0,Low,False,0.0,0.0,0.0,0.0,Leave,True,Home,2024-06-17 09:00:00
WH09457,EMP287,2024-06-18,25,6.5,0.0,4.7,1.8,3.0,3.1,11,5,3,2,2,1,2,43.7,46.5,37.9,36.9,28.6,7.7,0.0,3,3.3,Low,False,24.0,-40.0,81.2,25.4,Client Visit,False,Office,2024-06-18 09:00:00
WH09458,EMP287,2024-07-10,28,6.9,0.0,5.4,1.5,1.5,4.3,23,3,1,2,0,0,0,10.6,0.0,47.0,31.8,40.0,7.2,0.0,1,2.2,Medium,False,64.0,-30.9,86.2,2.7,Holiday,False,Office,2024-07-10 09:00:00
WH09459,EMP287,2024-08-13,33,6.3,0.0,4.6,1.7,1.4,4.4,15,5,1,0,1,0,2,40.8,49.5,23.1,20.0,0.0,,0.0,0,2.4,Medium,False,29.0,-40.0,78.8,25.6,,False,Office,2024-08-13 09:00:00
WH09460,EMP287,2024-08-27,35,7.1,0.0,5.1,2.0,2.9,3.0,18,1,3,0,2,0,1,14.7,25.9,28.4,20.0,0.0,,0.0,2,3.6,Medium,False,71.0,-40.0,88.8,8.4,,False,Office,2024-08-27 09:00:00
WH09461,EMP287,2024-10-30,44,7.3,0.0,5.2,2.1,3.1,3.3,23,5,1,3,1,0,2,55.6,52.2,40.2,33.2,37.5,7.7,0.0,2,3.4,Medium,False,55.0,-39.7,91.2,31.0,,False,Office,2024-10-30 09:00:00
WH09462,EMP287,2024-11-15,46,6.8,0.0,5.2,1.6,0.0,6.1,18,7,2,2,0,1,1,45.1,40.1,39.9,23.7,22.2,8.4,0.0,0,0.2,Medium,False,41.0,-40.0,85.0,26.8,,False,Office,2024-11-15 09:00:00
WH09463,EMP287,2024-11-27,48,7.8,0.0,5.6,2.2,2.3,4.6,14,3,3,2,0,1,3,40.6,76.9,45.6,32.3,40.0,7.9,0.0,1,2.7,Medium,False,54.0,-40.0,97.5,36.2,,False,Office,2024-11-27 09:00:00
WH09464,EMP287,2024-12-04,49,7.3,0.0,5.8,1.5,2.6,4.3,4,1,3,1,2,0,0,5.3,0.0,58.7,20.0,50.0,8.0,0.0,0,3.2,Medium,False,24.0,-26.5,91.2,2.9,,False,Office,2024-12-04 09:00:00
WH09465,EMP287,2024-12-05,49,8.0,0.0,6.8,1.2,3.2,3.7,9,1,3,1,1,0,0,6.6,0.0,41.1,20.0,50.0,6.6,0.1,3,4.5,Medium,False,64.0,-40.0,100.0,0.0,,False,Office,2024-12-05 09:00:00
WH09466,EMP287,2024-12-10,50,6.7,0.0,4.9,1.8,2.6,3.6,3,8,3,1,2,2,1,52.4,43.7,27.4,27.4,11.1,6.3,0.5,1,3.1,Medium,False,28.0,-40.0,83.8,26.4,,False,Office,2024-12-10 09:00:00
WH09467,EMP287,2024-12-23,52,0.0,0.0,0.0,0.0,0.0,0.0,0,0,0,0,0,0,0,0.0,0.0,0.0,0.0,0.0,,0.0,0,0.0,Low,False,0.0,0.0,0.0,0.0,Leave,True,Home,2024-12-23 09:00:00
WH09468,EMP287,2024-12-24,52,7.2,0.0,5.5,1.7,1.3,5.5,6,4,1,1,1,2,1,32.0,57.6,47.1,20.0,20.0,6.5,0.9,1,2.1,Medium,False,22.0,-40.0,90.0,24.8,,False,Office,2024-12-24 09:00:00
WH09469,EMP287,2025-01-22,4,7.2,0.0,5.7,1.5,1.1,5.6,12,1,3,1,1,0,1,18.8,15.8,45.4,20.9,50.0,6.2,0.8,0,1.3,Medium,False,32.0,-38.7,90.0,4.1,Client Visit,False,Office,2025-01-22 09:00:00
WH09470,EMP287,2025-02-05,6,6.6,0.0,5.6,1.0,1.4,4.7,16,2,3,2,2,0,1,25.5,12.6,49.3,30.9,50.0,6.7,0.6,1,1.5,Medium,False,31.0,-29.3,82.5,18.4,,False,Office,2025-02-05 09:00:00
WH09471,EMP287,2025-02-25,9,6.7,0.0,5.0,1.7,2.7,3.1,25,1,1,1,2,0,0,3.8,0.0,46.8,20.0,50.0,6.7,0.4,1,3.5,Medium,False,53.0,-33.4,83.8,0.0,Training Day,False,Office,2025-02-25 09:00:00
WH12574,EMP382,2024-01-17,3,5.0,0.0,4.7,0.3,1.9,2.5,9,2,2,1,2,1,2,33.0,43.3,43.8,25.6,33.3,7.4,0.0,1,2.6,Medium,False,36.0,-19.3,83.3,22.1,Client Visit,False,Home,2024-01-17 09:00:00
WH12575,EMP382,2024-01-22,4,5.4,0.0,4.5,0.9,1.3,3.4,8,8,2,3,2,1,0,41.2,29.9,37.6,54.8,27.3,7.4,0.0,1,1.8,Low,False,42.0,-35.4,90.0,20.1,,False,Remote,2024-01-22 09:00:00
WH12576,EMP382,2024-01-23,4,6.1,0.1,5.8,0.3,1.8,3.7,22,3,2,2,1,0,2,38.7,37.9,39.6,39.0,40.0,6.5,0.1,0,2.6,Medium,False,34.0,-27.1,101.7,22.4,Client Visit,False,Home,2024-01-23 09:00:00
WH12577,EMP382,2024-01-26,4,5.8,0.0,5.1,0.7,2.3,3.0,11,7,3,3,0,1,1,52.8,46.1,27.1,56.3,30.0,5.9,0.1,3,3.3,Medium,False,29.0,-40.0,96.7,17.6,Holiday,False,Remote,2024-01-26 09:00:00
WH12578,EMP382,2024-01-31,5,6.2,0.2,5.5,0.7,3.0,1.7,17,8,3,2,1,1,1,48.7,31.9,33.3,31.9,20.0,7.7,0.0,2,4.4,Medium,False,90.0,-40.0,103.3,29.1,Training Day,False,Home,2024-01-31 09:00:00
WH12579,EMP382,2024-02-21,8,5.6,0.0,4.9,0.7,1.2,4.0,17,6,3,0,1,0,0,20.6,2.8,33.6,20.0,0.0,,0.0,2,1.3,Medium,False,26.0,-35.4,93.3,8.4,,False,Home,2024-02-21 09:00:00
WH12580,EMP382,2024-02-27,9,6.3,0.3,6.0,0.3,1.9,4.0,25,5,2,0,2,1,2,50.1,65.5,19.5,20.0,0.0,,0.0,0,3.4,Medium,False,24.0,-40.0,105.0,34.7,Team Offsite,False,Home,2024-02-27 09:00:00
WH12581,EMP382,2024-02-28,9,5.0,0.0,4.2,0.8,0.4,3.3,19,7,1,1,0,1,2,56.1,71.3,28.4,20.0,12.5,6.8,0.0,0,0.5,Medium,False,79.0,-40.0,83.3,28.6,Training Day,False,Home,2024-02-28 09:00:00
WH12582,EMP382,2024-03-07,10,6.9,0.9,5.6,1.3,1.0,5.1,10,4,2,0,0,2,3,61.9,87.2,20.2,20.0,0.0,,0.0,0,2.0,Medium,False,48.0,-40.0,115.0,53.8,,False,Remote,2024-03-07 09:00:00
WH12583,EMP382,2024-03-22,12,0.0,0.0,0.0,0.0,0.0,0.0,0,0,0,0,0,0,0,0.0,0.0,0.0,0.0,0.0,,0.0,0,0.0,Low,False,0.0,0.0,0.0,0.0,Leave,True,Home,2024-03-22 09:00:00
WH12584,EMP382,2024-04-01,14,5.0,0.0,4.5,0.5,3.4,0.8,10,4,2,3,1,1,1,36.1,42.3,38.7,57.3,42.9,5.7,0.1,3,3.8,Medium,False,46.0,-30.6,83.3,24.2,Client Visit,False,Remote,2024-04-01 09:00:00
WH12585,EMP382,2024-04-17,16,5.0,0.0,4.3,0.7,2.3,1.7,8,1,1,1,1,0,1,24.2,17.4,50.3,20.0,50.0,7.4,0.0,3,3.2,Medium,False,62.0,-16.7,83.3,13.3,Training Day,False,Home,2024-04-17 09:00:00
WH12586,EMP382,2024-04-23,17,5.3,0.0,4.5,0.8,2.9,1.5,23,3,3,3,1,0,0,17.2,0.0,47.1,52.7,50.0,6.5,0.0,1,2.9,Medium,False,51.0,-25.7,88.3,17.6,Team Offsite,False,Home,2024-04-23 09:00:00
WH12587,EMP382,2024-04-30,18,5.5,0.0,5.0,0.5,2.2,2.8,13,4,2,1,1,0,2,31.4,39.8,35.7,20.0,20.0,7.7,0.0,3,3.1,Medium,False,31.0,-34.6,91.7,12.6,,False,Home,2024-04-30 09:00:00
WH12588,EMP382,2024-05-15,20,5.0,0.0,4.5,0.5,3.2,1.4,20,3,2,1,0,1,0,5.9,13.7,33.9,20.1,25.0,6.5,0.1,1,4.0,Medium,False,23.0,-24.5,83.3,1.7,Team Offsite,False,Home,2024-05-15 09:00:00
WH12589,EMP382,2024-05-22,21,5.5,0.0,4.6,0.9,2.4,1.9,18,6,3,3,2,2,1,33.1,50.8,37.1,48.6,33.3,7.2,0.0,3,2.9,Medium,False,70.0,-39.6,91.7,35.1,,False,Remote,2024-05-22 09:00:00
WH12590,EMP382,2024-05-31,22,5.7,0.0,5.4,0.3,1.9,3.0,7,1,3,1,2,0,0,1.0,0.0,44.1,20.0,50.0,7.0,0.0,1,1.9,Medium,False,46.0,-27.6,95.0,4.3,,False,Home,2024-05-31 09:00:00
WH12591,EMP382,2024-06-13,24,0.0,0.0,0.0,0.0,0.0,0.0,0,0,0,0,0,0,0,0.0,0.0,0.0,0.0,0.0,,0.0,0,0.0,Low,False,0.0,0.0,0.0,0.0,Leave,True,Home,2024-06-13 09:00:00
WH12592,EMP382,2024-07-23,30,6.8,0.8,5.5,1.3,1.8,4.0,13,2,3,1,2,0,1,27.4,28.5,37.3,20.0,33.3,6.3,0.7,2,3.2,Medium,False,57.0,-33.3,113.3,28.0,,False,Home,2024-07-23 09:00:00
WH12593,EMP382,2024-08-09,32,5.9,0.0,5.1,0.8,0.2,4.9,3,2,3,1,0,0,0,14.8,11.0,34.4,20.3,33.3,6.2,1.1,0,0.5,Medium,False,48.0,-36.1,98.3,6.2,Holiday,False,Home,2024-08-09 09:00:00
WH12594,EMP382,2024-08-13,33,6.1,0.1,5.7,0.4,0.1,5.1,15,1,1,1,0,0,0,0.0,0.0,38.5,20.0,50.0,6.4,0.0,1,0.5,Medium,False,54.0,-26.1,101.7,0.0,,False,Home,2024-08-13 09:00:00
WH12595,EMP382,2024-08-19,34,5.9,0.0,5.6,0.3,1.6,3.6,25,4,2,0,0,0,3,45.3,66.3,29.1,20.0,0.0,,0.0,2,2.4,Medium,False,41.0,-40.0,98.3,35.6,,False,Remote,2024-08-19 09:00:00
WH12596,EMP382,2024-10-03,40,5.9,0.0,5.4,0.5,3.6,1.6,12,8,1,1,1,2,1,52.9,50.2,27.2,20.0,11.1,6.8,0.1,0,3.9,Medium,False,45.0,-40.0,98.3,34.2,Team Offsite,False,Remote,2024-10-03 09:00:00
WH12597,EMP382,2024-10-09,41,6.1,0.1,5.3,0.8,1.0,4.1,10,3,3,2,1,1,0,16.5,18.1,35.3,34.4,40.0,7.4,0.0,2,1.5,Medium,False,60.0,-30.6,101.7,16.7,Training Day,False,Home,2024-10-09 09:00:00
WH12598,EMP382,2024-10-15,42,6.5,0.5,5.3,1.2,0.8,4.8,20,3,2,3,0,0,3,58.1,65.1,31.2,42.3,50.0,5.9,0.2,0,1.8,Medium,False,54.0,-40.0,108.3,48.4,Team Offsite,False,Home,2024-10-15 09:00:00
WH12599,EMP382,2024-10-31,44,5.8,0.0,5.2,0.6,0.1,4.6,14,6,2,0,0,0,1,43.9,22.6,20.6,20.0,0.0,,0.0,0,1.2,Medium,False,66.0,-40.0,96.7,21.1,,False,Remote,2024-10-31 09:00:00
WH12600,EMP382,2024-12-06,49,5.7,0.0,5.1,0.6,1.7,3.4,17,2,3,2,2,0,0,11.7,2.1,41.0,31.5,50.0,7.1,0.0,2,2.0,Medium,False,38.0,-27.0,95.0,1.6,,False,Remote,2024-12-06 09:00:00
WH12601,EMP382,2024-12-17,51,6.6,0.6,5.8,0.8,3.0,3.1,21,7,1,2,0,2,2,57.0,42.8,44.8,21.8,22.2,7.3,0.0,2,4.1,Medium,False,30.0,-25.7,110.0,43.8,Team Offsite,False,Home,2024-12-17 09:00:00
WH12602,EMP382,2025-01-09,2,5.8,0.0,4.9,0.9,2.2,3.1,4,6,1,1,1,1,3,55.9,75.1,18.9,22.3,14.3,6.4,0.3,1,2.8,High,False,28.0,-40.0,96.7,42.2,,False,Home,2025-01-09 09:00:00
WH12603,EMP382,2025-02-03,6,5.6,0.0,5.0,0.6,1.7,3.5,20,7,2,3,0,2,2,58.9,71.5,28.2,55.2,30.0,5.9,0.1,2,3.2,Medium,False,24.0,-36.2,93.3,46.6,Training Day,False,Home,2025-02-03 09:00:00
WH12604,EMP382,2025-02-05,6,6.1,0.1,5.1,1.0,3.4,1.7,20,5,3,1,2,2,1,34.3,38.3,22.5,25.7,16.7,6.0,0.1,4,4.4,High,False,58.0,-40.0,101.7,16.8,,False,Remote,2025-02-05 09:00:00
WH12605,EMP382,2025-02-17,8,6.0,0.0,5.6,0.4,1.2,4.0,9,8,1,1,0,0,0,35.8,6.2,22.2,20.0,11.1,6.5,1.1,2,1.8,High,False,46.0,-40.0,100.0,14.1,,False,Home,2025-02-17 09:00:00
WH12606,EMP382,2025-02-28,9,6.3,0.3,5.7,0.6,4.0,1.6,21,7,1,1,1,2,0,35.4,35.6,21.5,20.0,12.5,5.6,0.0,3,4.7,Medium,False,43.0,-40.0,105.0,17.7,,False,Remote,2025-02-28 09:00:00
WH12871,EMP391,2024-01-04,1,6.7,0.0,4.8,1.9,1.7,4.4,19,3,1,0,0,0,1,21.1,23.8,31.5,20.0,0.0,,0.0,2,1.8,Low,False,38.0,-40.0,83.8,15.5,,False,Remote,2024-01-04 09:00:00
WH12872,EMP391,2024-01-16,3,7.0,0.0,5.8,1.2,3.1,3.0,21,4,1,1,0,0,0,22.5,0.0,28.5,20.0,20.0,5.5,0.2,2,4.1,Medium,False,57.0,-40.0,87.5,0.0,,False,Home,2024-01-16 09:00:00
WH12873,EMP391,2024-01-23,4,6.8,0.0,5.6,1.2,1.7,4.3,10,3,3,0,0,2,1,26.1,42.3,34.1,20.0,0.0,,0.0,0,1.9,Low,False,49.0,-38.2,85.0,22.8,,False,Home,2024-01-23 09:00:00
WH12874,EMP391,2024-02-09,6,6.7,0.0,4.8,1.9,0.9,5.0,14,2,1,0,1,2,0,0.0,37.0,26.2,20.0,0.0,,0.0,1,1.9,Medium,False,47.0,-40.0,83.8,7.7,,False,Home,2024-02-09 09:00:00
WH12875,EMP391,2024-02-16,7,7.0,0.0,5.3,1.7,2.3,4.0,24,7,2,3,2,0,1,42.4,38.7,49.0,38.8,30.0,6.9,0.0,2,3.0,Low,False,44.0,-33.3,87.5,22.6,Holiday,False,Home,2024-02-16 09:00:00
WH12876,EMP391,2024-02-29,9,7.5,0.0,5.8,1.7,2.5,4.0,6,7,2,1,1,2,1,45.7,58.2,33.7,20.0,12.5,7.8,0.0,0,3.2,Medium,False,58.0,-40.0,93.8,31.6,Training Day,False,Home,2024-02-29 09:00:00
WH12877,EMP391,2024-04-03,14,7.1,0.0,5.5,1.6,2.5,3.5,3,5,1,0,1,1,3,56.3,79.9,36.7,20.0,0.0,,0.0,2,2.7,Low,False,68.0,-40.0,88.8,34.6,,False,Remote,2024-04-03 09:00:00
WH12878,EMP391,2024-04-23,17,6.3,0.0,4.5,1.8,2.6,3.2,14,3,3,0,0,1,3,39.6,71.4,20.1,20.0,0.0,,0.0,0,3.4,Low,False,28.0,-40.0,78.8,32.9,Holiday,False,Remote,2024-04-23 09:00:00
WH12879,EMP391,2024-04-29,18,6.6,0.0,5.2,1.4,2.2,3.4,12,2,2,0,0,2,0,18.0,32.8,37.1,20.0,0.0,,0.0,2,3.3,Medium,False,57.0,-40.0,82.5,16.9,,False,Home,2024-04-29 09:00:00
WH12880,EMP391,2024-05-06,19,6.4,0.0,5.2,1.2,1.6,4.2,25,7,2,2,1,0,2,56.0,49.5,44.9,26.5,22.2,7.6,0.0,0,2.8,Medium,False,36.0,-33.5,80.0,32.9,Client Visit,False,Home,2024-05-06 09:00:00
WH12881,EMP391,2024-06-03,23,6.3,0.0,4.5,1.8,2.1,3.4,17,1,3,0,1,0,1,13.9,17.1,34.6,20.0,0.0,,0.0,3,2.9,Medium,False,50.0,-40.0,78.8,7.1,,False,Remote,2024-06-03 09:00:00
WH12882,EMP391,2024-06-14,24,7.3,0.0,6.1,1.2,2.7,3.8,17,1,1,0,0,0,0,0.0,2.9,21.0,20.0,0.0,,0.0,3,3.2,Medium,False,46.0,-40.0,91.2,4.2,,False,Remote,2024-06-14 09:00:00
WH12883,EMP391,2024-06-26,26,7.5,0.0,5.8,1.7,1.7,4.8,21,7,3,0,0,0,3,71.1,81.9,25.6,20.0,0.0,,0.0,0,2.6,Medium,False,57.0,-40.0,93.8,51.4,Holiday,False,Remote,2024-06-26 09:00:00
WH12884,EMP391,2024-08-01,31,7.4,0.0,5.2,2.2,0.1,6.5,8,6,3,3,0,0,3,57.4,63.9,38.0,33.8,33.3,6.9,0.9,0,0.8,Medium,False,50.0,-38.7,92.5,28.9,Holiday,False,Home,2024-08-01 09:00:00
WH12885,EMP391,2024-09-20,38,6.6,0.0,5.0,1.6,1.7,3.7,19,4,3,1,2,0,0,22.7,0.0,43.6,20.0,20.0,7.7,0.0,1,3.2,Medium,False,69.0,-40.0,82.5,6.8,Team Offsite,False,Home,2024-09-20 09:00:00
WH12886,EMP391,2024-09-23,39,6.7,0.0,4.8,1.9,2.3,3.4,18,1,3,1,0,0,0,11.6,0.0,46.2,20.0,50.0,7.3,0.0,1,3.0,Low,False,59.0,-33.3,83.8,5.7,Client Visit,False,Remote,2024-09-23 09:00:00
WH12887,EMP391,2024-09-25,39,7.1,0.0,5.6,1.5,0.6,5.9,24,6,3,2,2,0,1,33.2,38.0,42.0,26.1,25.0,8.3,0.0,0,1.0,Medium,False,37.0,-34.9,88.8,28.3,Training Day,False,Home,2024-09-25 09:00:00
WH12888,EMP391,2024-09-27,39,6.1,0.0,4.6,1.5,2.1,3.4,16,8,2,1,1,1,1,47.6,41.1,39.1,20.0,11.1,7.5,0.0,3,2.4,Medium,False,33.0,-38.2,76.2,35.2,,False,Home,2024-09-27 09:00:00
WH12889,EMP391,2024-10-11,41,6.4,0.0,4.7,1.7,1.8,3.8,11,1,2,0,1,1,0,9.4,2.7,30.7,20.0,0.0,,0.0,0,2.6,Medium,False,47.0,-40.0,80.0,1.9,,False,Home,2024-10-11 09:00:00
WH12890,EMP391,2024-10-14,42,6.1,0.0,4.8,1.3,2.5,2.8,15,6,3,0,2,2,3,62.7,89.8,30.3,20.0,0.0,,0.0,0,2.6,Medium,False,48.0,-40.0,76.2,35.4,Holiday,False,Home,2024-10-14 09:00:00
WH12891,EMP391,2024-10-24,43,5.8,0.0,4.5,1.3,2.9,1.8,22,4,3,1,1,0,1,30.1,27.1,39.2,20.0,20.0,6.9,0.4,2,4.3,Low,False,64.0,-40.0,72.5,14.1,Training Day,False,Remote,2024-10-24 09:00:00
WH12892,EMP391,2024-10-29,44,7.7,0.0,5.7,2.0,1.3,5.5,6,6,1,3,0,0,2,42.6,46.2,37.9,47.5,33.3,6.8,0.2,2,2.8,Medium,False,56.0,-40.0,96.2,20.2,Client Visit,False,Remote,2024-10-29 09:00:00
WH12893,EMP391,2024-11-08,45,6.8,0.0,5.3,1.5,0.9,4.8,4,3,2,1,2,0,2,35.6,34.5,50.6,20.0,25.0,7.7,0.0,1,2.2,Low,False,64.0,-35.1,85.0,22.7,,False,Home,2024-11-08 09:00:00
WH12894,EMP391,2024-11-11,46,5.6,0.0,4.6,1.0,3.1,1.5,7,8,2,0,1,2,3,73.5,96.2,32.9,20.0,0.0,,0.0,3,3.9,Low,False,58.0,-40.0,70.0,49.1,,False,Remote,2024-11-11 09:00:00
WH12895,EMP391,2024-11-28,48,7.4,0.0,5.3,2.1,3.7,2.4,20,8,2,2,2,0,1,54.1,43.3,45.8,30.7,20.0,7.2,0.0,4,4.0,Medium,False,76.0,-36.7,92.5,40.6,Client Visit,False,Home,2024-11-28 09:00:00
WH12896,EMP391,2024-12-26,52,8.3,0.3,5.9,2.4,1.6,5.9,22,3,3,2,0,1,2,41.6,49.8,61.4,29.4,40.0,8.6,0.0,2,3.1,Low,False,46.0,-20.7,103.8,26.2,,False,Home,2024-12-26 09:00:00
WH12897,EMP391,2025-01-14,3,6.4,0.0,4.8,1.6,2.2,3.5,21,7,3,2,0,2,0,27.1,30.6,40.9,39.8,22.2,7.7,0.0,0,2.7,Low,False,45.0,-40.0,80.0,12.9,Team Offsite,False,Home,2025-01-14 09:00:00
WH12898,EMP391,2025-01-16,3,0.0,0.0,0.0,0.0,0.0,0.0,0,0,0,0,0,0,0,0.0,0.0,0.0,0.0,0.0,,0.0,0,0.0,Low,False,0.0,0.0,0.0,0.0,Leave,True,Home,2025-01-16 09:00:00
WH12899,EMP391,2025-01-31,5,6.5,0.0,5.3,1.2,2.5,3.4,4,6,1,3,0,2,2,47.1,58.7,47.7,50.3,33.3,6.7,0.7,2,3.2,Low,False,37.0,-24.1,81.2,34.4,,False,Home,2025-01-31 09:00:00
WH12900,EMP391,2025-02-10,7,7.1,0.0,5.1,2.0,2.8,3.4,12,7,2,0,0,2,2,52.2,68.4,26.2,20.0,0.0,,0.0,3,4.1,Low,False,54.0,-40.0,88.8,36.2,,False,Remote,2025-02-10 09:00:00
WH12901,EMP391,2025-02-11,7,7.5,0.0,5.6,1.9,1.3,5.3,18,2,3,2,2,0,1,24.5,19.9,57.0,29.3,50.0,7.3,0.0,1,1.8,Low,False,52.0,-22.4,93.8,12.9,,False,Remote,2025-02-11 09:00:00
WH12902,EMP391,2025-02-18,8,6.9,0.0,5.2,1.7,3.3,2.9,23,4,3,0,0,0,3,55.0,60.5,36.7,20.0,0.0,,0.0,3,3.7,Low,False,42.0,-40.0,86.2,32.6,Team Offsite,False,Remote,2025-02-18 09:00:00
WH12903,EMP391,2025-02-25,9,7.7,0.0,6.2,1.5,2.2,4.7,22,7,2,3,0,2,0,30.6,24.0,46.4,42.6,30.0,8.1,0.0,0,3.3,Medium,False,47.0,-28.3,96.2,20.0,,False,Remote,2025-02-25 09:00:00
WH13465,EMP409,2024-01-11,2,5.9,0.0,4.9,1.0,2.6,2.3,3,3,3,1,0,2,3,45.2,86.3,38.4,20.0,25.0,7.3,0.0,1,2.7,Low,False,61.0,-40.0,73.8,36.9,,False,Home,2024-01-11 09:00:00
WH13466,EMP409,2024-01-18,3,6.3,0.0,5.1,1.2,1.6,3.9,10,4,2,2,0,2,0,19.6,27.8,45.0,36.3,33.3,7.2,0.0,2,2.7,Low,False,46.0,-40.0,78.8,15.5,,False,Home,2024-01-18 09:00:00
WH13467,EMP409,2024-02-05,6,6.3,0.0,5.3,1.0,1.0,4.5,23,5,1,0,2,0,2,45.0,34.6,37.3,20.0,0.0,,0.0,1,2.0,Low,False,46.0,-40.0,78.8,26.9,,False,Remote,2024-02-05 09:00:00
WH13468,EMP409,2024-02-09,6,7.4,0.0,5.9,1.5,0.7,5.9,11,5,2,2,2,1,2,46.4,63.4,47.3,24.5,28.6,7.7,0.0,1,1.3,Low,False,47.0,-40.0,92.5,36.4,Client Visit,False,Home,2024-02-09 09:00:00
WH13469,EMP409,2024-02-23,8,7.2,0.0,5.3,1.9,1.8,4.4,7,3,1,3,1,0,2,44.6,55.3,59.3,33.0,50.0,9.4,0.0,0,2.5,Low,False,63.0,-40.0,90.0,32.6,Holiday,False,Remote,2024-02-23 09:00:00
WH13470,EMP409,2024-03-05,10,0.0,0.0,0.0,0.0,0.0,0.0,0,0,0,0,0,0,0,0.0,0.0,0.0,0.0,0.0,,0.0,0,0.0,Low,False,0.0,0.0,0.0,0.0,Leave,True,Home,2024-03-05 09:00:00
WH13471,EMP409,2024-03-12,11,7.7,0.0,5.9,1.8,1.6,5.3,10,3,1,3,0,0,3,49.8,74.7,63.6,31.5,50.0,8.2,0.0,2,2.8,Low,False,46.0,-31.8,96.2,31.6,Holiday,False,Home,2024-03-12 09:00:00
WH13472,EMP409,2024-03-14,11,5.7,0.0,4.3,1.4,1.3,3.5,8,4,1,3,0,0,2,40.1,43.4,61.1,59.1,42.9,8.0,0.0,0,2.7,Low,False,56.0,-31.8,71.2,27.5,,False,Home,2024-03-14 09:00:00
WH13473,EMP409,2024-04-17,16,6.1,0.0,4.9,1.2,2.0,3.3,13,8,2,3,1,1,0,35.9,15.9,48.1,53.6,27.3,7.9,0.0,2,3.3,Low,False,48.0,-37.1,76.2,21.3,,False,Remote,2024-04-17 09:00:00
WH13474,EMP409,2024-04-24,17,7.3,0.0,6.1,1.2,3.1,3.3,3,5,3,2,2,2,2,43.4,66.0,41.2,22.8,28.6,6.8,0.7,1,3.8,Low,False,53.0,-40.0,91.2,29.2,Holiday,False,Home,2024-04-24 09:00:00
WH13475,EMP409,2024-05-28,22,6.7,0.0,5.2,1.5,2.1,3.6,20,4,2,0,2,1,3,46.8,71.7,32.1,20.0,0.0,,0.0,2,2.8,Low,False,60.0,-40.0,83.8,34.6,,False,Remote,2024-05-28 09:00:00
WH13476,EMP409,2024-07-10,28,7.3,0.0,5.4,1.9,1.9,4.6,13,7,1,0,2,0,1,52.0,34.4,37.0,20.0,0.0,,0.0,0,3.2,Low,False,49.0,-40.0,91.2,26.4,,False,Home,2024-07-10 09:00:00
WH13477,EMP409,2024-07-15,29,7.6,0.0,5.7,1.9,1.0,6.4,7,1,2,1,0,0,0,6.3,2.9,46.5,20.0,50.0,7.7,0.0,1,2.3,Low,False,14.0,-40.0,95.0,1.0,Training Day,False,Home,2024-07-15 09:00:00
WH13478,EMP409,2024-07-16,29,8.6,0.6,7.2,1.4,3.2,4.4,4,7,1,2,2,0,0,45.2,4.3,48.0,24.1,22.2,7.6,0.0,3,4.4,Low,False,60.0,-40.0,107.5,19.2,Client Visit,False,Remote,2024-07-16 09:00:00
WH13479,EMP409,2024-07-17,29,5.7,0.0,4.6,1.1,0.7,4.4,11,4,3,0,0,2,2,41.0,78.8,38.5,20.0,0.0,,0.0,1,1.0,Low,False,37.0,-40.0,71.2,31.6,Training Day,False,Home,2024-07-17 09:00:00
WH13480,EMP409,2024-07-25,30,6.9,0.0,5.7,1.2,1.3,4.8,5,4,1,2,1,2,1,24.2,60.7,49.2,27.7,33.3,6.8,0.2,0,2.6,Low,False,49.0,-40.0,86.2,18.3,,False,Home,2024-07-25 09:00:00
WH13481,EMP409,2024-08-16,33,5.6,0.0,4.4,1.2,2.3,2.1,12,1,2,1,0,0,0,11.4,11.5,47.2,20.7,50.0,6.7,0.0,0,3.2,Medium,False,72.0,-40.0,70.0,14.2,Team Offsite,False,Home,2024-08-16 09:00:00
WH13482,EMP409,2024-08-26,35,0.0,0.0,0.0,0.0,0.0,0.0,0,0,0,0,0,0,0,0.0,0.0,0.0,0.0,0.0,,0.0,0,0.0,Low,False,0.0,0.0,0.0,0.0,Leave,True,Home,2024-08-26 09:00:00
WH13483,EMP409,2024-08-30,35,5.6,0.0,4.7,0.9,3.6,0.9,17,7,1,1,2,0,2,57.3,52.1,42.9,20.0,12.5,7.5,0.0,4,3.7,Low,False,64.0,-40.0,70.0,30.2,,False,Home,2024-08-30 09:00:00
WH13484,EMP409,2024-09-03,36,6.5,0.0,5.5,1.0,2.2,3.7,21,2,3,0,1,2,2,28.4,58.9,29.9,20.0,0.0,,0.0,0,3.3,Low,False,38.0,-40.0,81.2,28.0,,False,Remote,2024-09-03 09:00:00
WH13485,EMP409,2024-09-09,37,7.0,0.0,5.4,1.6,2.8,3.7,18,3,3,1,0,0,1,26.2,17.8,46.3,20.0,25.0,7.0,0.0,2,2.9,Medium,False,31.0,-40.0,87.5,16.6,Training Day,False,Remote,2024-09-09 09:00:00
WH13486,EMP409,2024-09-27,39,7.4,0.0,5.8,1.6,0.7,5.5,12,5,3,3,2,1,1,29.6,30.8,48.3,46.3,37.5,7.7,0.0,0,1.5,Low,False,73.0,-37.7,92.5,24.5,,False,Home,2024-09-27 09:00:00
WH13487,EMP409,2024-10-30,44,5.9,0.0,4.6,1.3,2.0,2.9,5,8,3,3,1,2,0,36.5,47.2,51.8,45.5,27.3,6.4,0.3,0,2.5,Medium,False,58.0,-39.9,73.8,20.4,Team Offsite,False,Remote,2024-10-30 09:00:00
WH13488,EMP409,2024-11-06,45,7.3,0.0,5.6,1.7,2.1,4.3,12,4,2,0,1,0,1,31.6,20.5,27.8,20.0,0.0,,0.0,3,2.6,Medium,False,53.0,-40.0,91.2,16.9,,False,Remote,2024-11-06 09:00:00
WH13489,EMP409,2024-11-18,47,6.9,0.0,5.3,1.6,3.9,2.3,11,2,3,2,1,0,0,5.5,1.9,52.5,24.3,50.0,6.4,0.4,4,5.2,Medium,False,45.0,-40.0,86.2,0.0,,False,Remote,2024-11-18 09:00:00
WH13490,EMP409,2024-11-20,47,7.6,0.0,6.0,1.6,1.6,5.7,12,7,2,1,0,0,0,30.4,13.7,33.4,20.0,12.5,7.7,0.0,1,2.2,Medium,False,18.0,-40.0,95.0,12.0,Training Day,False,Remote,2024-11-20 09:00:00
WH13491,EMP409,2025-01-10,2,7.2,0.0,5.2,2.0,1.7,4.1,16,4,3,3,2,1,0,24.7,23.4,54.7,56.9,42.9,6.7,0.3,1,2.9,Medium,False,84.0,-40.0,90.0,12.8,,False,Remote,2025-01-10 09:00:00
WH13492,EMP409,2025-01-13,3,6.2,0.0,4.6,1.6,3.1,1.9,9,8,1,0,2,1,3,64.9,79.9,35.7,20.0,0.0,,0.0,4,4.2,Low,False,71.0,-40.0,77.5,42.2,,False,Home,2025-01-13 09:00:00
WH13493,EMP409,2025-01-20,4,7.4,0.0,6.0,1.4,3.4,3.4,15,1,2,1,2,0,0,0.0,7.5,49.0,24.1,50.0,7.3,0.0,3,4.4,Low,False,38.0,-40.0,92.5,4.7,,False,Home,2025-01-20 09:00:00
WH13494,EMP409,2025-01-24,4,6.9,0.0,5.2,1.7,1.3,5.1,11,8,1,3,2,1,1,47.6,39.2,33.8,43.1,27.3,6.1,0.8,1,1.9,Medium,False,28.0,-40.0,86.2,25.8,Team Offsite,False,Home,2025-01-24 09:00:00
WH13495,EMP409,2025-02-07,6,7.2,0.0,5.3,1.9,3.8,2.5,13,1,3,0,2,0,0,4.2,3.2,34.8,20.0,0.0,,0.0,0,4.1,Medium,False,52.0,-40.0,90.0,1.4,Holiday,False,Home,2025-02-07 09:00:00
WH13496,EMP409,2025-02-21,8,8.8,0.8,7.4,1.4,2.3,5.6,9,3,2,0,0,1,2,45.7,61.1,31.0,20.0,0.0,,0.0,2,3.5,Medium,False,56.0,-40.0,110.0,34.2,Team Offsite,False,Remote,2025-02-21 09:00:00
WH13497,EMP409,2025-02-28,9,6.8,0.0,5.4,1.4,1.9,4.0,16,8,2,0,2,2,2,62.6,73.7,34.1,20.0,0.0,,0.0,0,3.1,Medium,False,54.0,-40.0,85.0,50.5,,False,Home,2025-02-28 09:00:00
WH14059,EMP427,2024-02-02,5,7.4,0.0,5.4,2.0,1.9,5.0,8,2,1,2,2,0,0,16.0,0.0,58.3,31.2,50.0,8.3,0.0,2,2.8,Low,False,31.0,-26.5,92.5,10.8,,False,Remote,2024-02-02 09:00:00
WH14060,EMP427,2024-02-20,8,0.0,0.0,0.0,0.0,0.0,0.0,0,0,0,0,0,0,0,0.0,0.0,0.0,0.0,0.0,,0.0,0,0.0,Low,False,0.0,0.0,0.0,0.0,Leave,True,Home,2024-02-20 09:00:00
WH14061,EMP427,2024-04-01,14,8.2,0.2,6.1,2.1,1.9,5.6,3,1,1,1,2,0,1,17.4,34.6,63.2,20.0,50.0,6.8,0.2,1,2.6,Low,False,42.0,-23.2,102.5,11.0,,False,Home,2024-04-01 09:00:00
WH14062,EMP427,2024-04-08,15,6.2,0.0,4.5,1.7,2.2,3.4,17,2,1,0,0,1,2,31.9,52.1,44.8,20.0,0.0,,0.0,1,2.5,Low,False,38.0,-40.0,77.5,27.5,,False,Remote,2024-04-08 09:00:00
WH14063,EMP427,2024-04-12,15,6.8,0.0,5.5,1.3,1.8,4.0,17,7,3,2,2,1,3,71.0,66.8,48.0,32.5,22.2,8.2,0.0,0,3.0,Low,False,58.0,-37.1,85.0,40.2,,False,Home,2024-04-12 09:00:00
WH14064,EMP427,2024-04-26,17,6.9,0.0,5.6,1.3,2.1,4.3,21,2,1,1,2,1,2,36.6,59.3,45.1,20.0,33.3,7.7,0.0,1,2.2,Low,False,33.0,-39.5,86.2,26.8,,False,Remote,2024-04-26 09:00:00
WH14065,EMP427,2024-04-30,18,6.7,0.0,5.2,1.5,0.5,5.4,14,8,3,1,2,2,1,47.1,57.5,36.7,20.0,11.1,7.3,0.0,0,1.0,Low,False,49.0,-40.0,83.8,26.1,,False,Home,2024-04-30 09:00:00
WH14066,EMP427,2024-05-07,19,6.3,0.0,4.8,1.5,2.6,3.2,22,6,3,0,2,1,3,55.2,79.7,28.7,20.0,0.0,,0.0,0,3.3,Low,False,32.0,-40.0,78.8,46.6,Holiday,False,Home,2024-05-07 09:00:00
WH14067,EMP427,2024-05-10,19,6.5,0.0,4.6,1.9,1.3,4.8,9,3,2,3,2,0,2,31.7,30.8,51.3,50.9,50.0,6.5,0.7,1,1.8,Low,False,22.0,-37.7,81.2,17.9,,False,Remote,2024-05-10 09:00:00
WH14068,EMP427,2024-05-31,22,6.6,0.0,5.2,1.4,2.1,3.5,18,5,3,1,1,2,0,34.5,36.3,46.3,21.4,16.7,7.8,0.0,0,3.5,Low,False,58.0,-40.0,82.5,23.0,,False,Remote,2024-05-31 09:00:00
WH14069,EMP427,2024-06-24,26,5.9,0.0,4.2,1.7,2.9,1.8,13,3,2,0,2,0,0,12.9,2.8,39.1,20.0,0.0,,0.0,2,3.0,Low,False,71.0,-40.0,73.8,1.7,,False,Home,2024-06-24 09:00:00
WH14070,EMP427,2024-07-22,30,7.3,0.0,5.8,1.5,1.9,5.0,6,2,3,1,0,0,2,43.0,60.7,39.0,20.0,33.3,6.9,0.2,0,2.0,Low,False,25.0,-40.0,91.2,30.2,,False,Home,2024-07-22 09:00:00
WH14071,EMP427,2024-09-06,36,8.0,0.0,6.0,2.0,1.4,5.8,7,4,2,2,1,0,2,37.9,52.0,41.7,30.3,33.3,7.3,0.0,2,2.2,Low,False,51.0,-40.0,100.0,27.0,,False,Home,2024-09-06 09:00:00
WH14072,EMP427,2024-09-19,38,6.5,0.0,4.7,1.8,3.6,2.4,9,2,3,2,2,0,0,13.2,0.0,48.8,33.6,50.0,6.7,0.1,3,4.2,Low,False,30.0,-39.8,81.2,12.2,,False,Home,2024-09-19 09:00:00
WH14073,EMP427,2024-09-20,38,6.1,0.0,4.7,1.4,1.6,4.2,4,2,3,0,1,2,0,5.1,20.9,29.4,20.0,0.0,,0.0,1,2.5,Low,False,18.0,-40.0,76.2,10.6,,False,Home,2024-09-20 09:00:00
WH14074,EMP427,2024-09-25,39,7.8,0.0,5.8,2.0,0.8,6.0,19,1,2,1,0,0,0,0.0,0.0,48.9,20.0,50.0,7.0,0.0,1,1.9,Low,False,57.0,-40.0,97.5,6.4,Holiday,False,Remote,2024-09-25 09:00:00
WH14075,EMP427,2024-09-26,39,6.7,0.0,5.2,1.5,1.2,5.0,21,2,1,1,0,0,1,17.2,21.3,40.1,20.0,33.3,6.6,0.5,1,2.3,Medium,False,30.0,-40.0,83.8,9.9,Holiday,False,Home,2024-09-26 09:00:00
WH14076,EMP427,2024-10-10,41,6.3,0.0,4.5,1.8,2.4,3.0,10,6,2,2,2,1,3,55.7,80.7,44.3,24.7,25.0,6.6,0.5,3,2.9,Low,False,55.0,-38.8,78.8,38.1,Client Visit,False,Home,2024-10-10 09:00:00
WH14077,EMP427,2024-11-04,45,7.9,0.0,6.7,1.2,1.8,5.1,3,4,3,0,2,0,3,46.7,50.6,34.0,20.0,0.0,,0.0,1,2.6,Low,False,58.0,-40.0,98.8,32.1,Client Visit,False,Remote,2024-11-04 09:00:00
WH14078,EMP427,2024-11-14,46,7.1,0.0,5.5,1.6,1.7,4.8,16,6,3,1,1,1,3,58.1,72.9,29.4,20.0,14.3,6.9,0.2,1,3.2,Medium,False,37.0,-40.0,88.8,49.7,Team Offsite,False,Home,2024-11-14 09:00:00
WH14079,EMP427,2024-11-15,46,8.2,0.2,6.0,2.2,1.1,6.4,17,4,1,0,2,0,0,27.1,7.2,35.2,20.0,0.0,,0.0,1,1.8,Medium,False,41.0,-40.0,102.5,13.5,,False,Home,2024-11-15 09:00:00
WH14080,EMP427,2024-11-20,47,7.7,0.0,5.4,2.3,1.9,5.2,24,3,3,1,1,0,0,15.8,2.1,48.3,20.0,25.0,8.1,0.0,0,2.6,Medium,False,36.0,-40.0,96.2,0.0,Client Visit,False,Home,2024-11-20 09:00:00
WH14081,EMP427,2024-11-21,47,6.7,0.0,4.9,1.8,3.2,2.5,19,1,2,1,1,0,1,14.7,19.2,50.3,20.6,50.0,7.5,0.0,2,4.5,Medium,False,58.0,-37.3,83.8,17.4,,False,Home,2024-11-21 09:00:00
WH14082,EMP427,2024-12-02,49,7.5,0.0,5.6,1.9,1.6,5.6,16,7,1,0,0,2,3,53.4,83.7,33.6,20.0,0.0,,0.0,2,1.8,Low,False,20.0,-40.0,93.8,42.1,Client Visit,False,Remote,2024-12-02 09:00:00
WH14083,EMP427,2024-12-05,49,6.8,0.0,5.4,1.4,1.5,4.9,11,2,3,1,1,1,1,25.3,36.8,39.5,20.0,33.3,6.6,0.0,1,2.3,Medium,False,25.0,-40.0,85.0,21.1,,False,Remote,2024-12-05 09:00:00
WH14084,EMP427,2024-12-13,50,8.2,0.2,6.4,1.8,2.2,5.3,13,6,1,3,1,2,3,62.8,97.0,39.7,36.5,33.3,6.0,0.2,0,3.3,Low,False,42.0,-40.0,102.5,49.9,,False,Home,2024-12-13 09:00:00
WH14085,EMP427,2024-12-27,52,6.5,0.0,5.3,1.2,0.1,5.7,11,5,2,0,0,0,1,30.9,20.3,31.6,20.0,0.0,,0.0,0,1.0,Medium,False,42.0,-40.0,81.2,17.4,,False,Home,2024-12-27 09:00:00
WH14086,EMP427,2024-12-31,1,7.3,0.0,5.9,1.4,0.1,6.3,17,5,1,1,0,0,1,36.0,16.8,34.5,20.0,16.7,6.8,0.1,0,0.5,Medium,False,56.0,-40.0,91.2,23.2,Holiday,False,Home,2024-12-31 09:00:00
WH14087,EMP427,2025-01-16,3,7.6,0.0,5.7,1.9,3.0,4.3,5,7,2,1,0,1,1,50.0,41.7,43.0,20.0,12.5,7.9,0.0,1,4.2,Medium,False,19.0,-40.0,95.0,22.3,Holiday,False,Home,2025-01-16 09:00:00
WH14088,EMP427,2025-01-17,3,7.2,0.0,5.7,1.5,3.4,2.9,12,8,3,0,0,1,3,68.1,83.3,27.8,20.0,0.0,,0.0,2,4.2,Low,False,55.0,-40.0,90.0,46.9,Holiday,False,Home,2025-01-17 09:00:00
WH14089,EMP427,2025-01-20,4,0.0,0.0,0.0,0.0,0.0,0.0,0,0,0,0,0,0,0,0.0,0.0,0.0,0.0,0.0,,0.0,0,0.0,Low,False,0.0,0.0,0.0,0.0,Leave,True,Home,2025-01-20 09:00:00
WH14090,EMP427,2025-01-27,5,8.1,0.1,6.7,1.4,4.0,3.2,19,8,2,1,0,0,0,37.4,12.3,29.4,20.0,11.1,5.3,0.1,0,4.5,Medium,False,55.0,-40.0,101.2,13.9,Client Visit,False,Remote,2025-01-27 09:00:00
WH14091,EMP427,2025-02-12,7,7.4,0.0,5.5,1.9,2.7,3.7,5,3,1,2,2,1,1,37.5,29.4,52.1,24.8,40.0,6.9,0.1,0,3.8,Medium,False,59.0,-25.9,92.5,17.5,Team Offsite,False,Home,2025-02-12 09:00:00
WH14818,EMP450,2024-01-15,3,7.5,0.0,6.0,1.5,3.2,3.6,12,1,2,1,2,0,1,22.5,25.6,55.3,20.0,50.0,7.4,0.0,2,3.4,Low,False,41.0,-15.8,93.8,16.5,Training Day,False,Office,2024-01-15 09:00:00
WH14819,EMP450,2024-01-18,3,6.9,0.0,5.3,1.6,2.9,3.1,16,3,1,0,0,0,1,24.0,17.7,29.3,20.0,0.0,,0.0,2,3.1,Low,False,52.0,-40.0,86.2,14.1,Training Day,False,Office,2024-01-18 09:00:00
WH14820,EMP450,2024-02-14,7,6.4,0.0,5.2,1.2,3.4,2.2,6,3,3,3,0,0,2,28.6,44.9,45.0,38.0,50.0,8.0,0.0,4,4.8,Low,False,47.0,-25.8,80.0,16.2,,False,Office,2024-02-14 09:00:00
WH14821,EMP450,2024-02-15,7,6.7,0.0,5.5,1.2,4.0,1.9,6,5,1,0,2,1,3,60.3,78.6,39.6,20.0,0.0,,0.0,4,4.6,Low,False,50.0,-25.2,83.8,32.8,Client Visit,False,Office,2024-02-15 09:00:00
WH14822,EMP450,2024-03-05,10,7.4,0.0,5.8,1.6,0.1,6.8,9,5,2,3,0,2,2,42.1,58.2,46.4,40.0,37.5,7.9,0.0,1,0.9,Low,False,28.0,-24.5,92.5,26.9,,False,Office,2024-03-05 09:00:00
WH14823,EMP450,2024-04-04,14,6.4,0.0,5.2,1.2,0.1,5.5,23,1,2,1,2,0,0,9.0,0.0,51.9,20.0,50.0,7.4,0.0,0,1.0,Low,False,47.0,-24.9,80.0,1.5,,False,Office,2024-04-04 09:00:00
WH14824,EMP450,2024-04-16,16,6.4,0.0,5.2,1.2,2.1,3.6,19,1,2,0,1,0,1,21.2,26.3,33.3,20.0,0.0,,0.0,3,2.1,Low,False,40.0,-38.0,80.0,17.7,,False,Office,2024-04-16 09:00:00
WH14825,EMP450,2024-04-19,16,6.9,0.0,5.3,1.6,2.4,3.7,6,4,2,1,1,2,2,45.7,61.0,51.8,20.0,20.0,8.0,0.0,1,2.4,Low,False,48.0,-13.4,86.2,28.6,Client Visit,False,Office,2024-04-19 09:00:00
WH14826,EMP450,2024-04-22,17,7.1,0.0,5.3,1.8,2.6,4.1,15,3,3,1,1,2,0,14.5,34.4,56.8,20.0,25.0,9.5,0.0,1,3.0,Low,False,25.0,-10.8,88.8,16.4,Holiday,False,Office,2024-04-22 09:00:00
WH14827,EMP450,2024-04-29,18,7.2,0.0,6.0,1.2,0.8,5.7,11,1,1,1,1,0,0,0.0,0.0,56.0,20.0,50.0,6.5,0.9,0,1.2,Low,False,43.0,-18.4,90.0,0.0,,False,Office,2024-04-29 09:00:00
WH14828,EMP450,2024-05-03,18,6.8,0.0,4.8,2.0,1.1,4.9,10,8,1,0,1,2,1,50.3,58.8,28.6,20.0,0.0,,0.0,1,2.4,Low,False,45.0,-37.4,85.0,24.7,Training Day,False,Office,2024-05-03 09:00:00
WH14829,EMP450,2024-05-10,19,7.6,0.0,5.4,2.2,1.8,5.2,10,8,1,0,1,2,3,61.8,92.5,26.2,20.0,0.0,,0.0,2,3.1,Low,False,37.0,-40.0,95.0,45.9,,False,Office,2024-05-10 09:00:00
WH14830,EMP450,2024-05-21,21,7.0,0.0,5.5,1.5,2.4,3.6,23,8,2,0,2,2,0,34.4,19.8,33.8,20.0,0.0,,0.0,2,3.6,Low,False,62.0,-32.8,87.5,23.7,,False,Office,2024-05-21 09:00:00
WH14831,EMP450,2024-05-28,22,5.8,0.0,4.4,1.4,1.0,3.9,25,7,3,1,2,0,2,54.7,46.1,42.7,20.0,12.5,6.9,0.3,1,1.6,Low,False,52.0,-28.5,72.5,31.9,Holiday,False,Office,2024-05-28 09:00:00
WH14832,EMP450,2024-06-19,25,5.7,0.0,4.6,1.1,1.1,3.7,19,4,2,0,0,1,1,27.6,31.9,35.1,20.0,0.0,,0.0,0,2.4,Low,False,53.0,-32.4,71.2,17.6,Holiday,False,Office,2024-06-19 09:00:00
WH14833,EMP450,2024-07-26,30,6.5,0.0,4.9,1.6,3.5,2.2,16,2,3,1,1,1,2,25.5,50.2,50.7,20.0,33.3,8.2,0.0,1,4.1,Low,False,46.0,-17.9,81.2,19.0,Client Visit,False,Office,2024-07-26 09:00:00
WH14834,EMP450,2024-08-27,35,7.2,0.0,5.8,1.4,1.8,4.3,5,4,2,3,1,0,2,35.4,46.1,52.2,49.6,42.9,6.3,0.3,1,3.0,Low,False,68.0,-15.8,90.0,22.0,Training Day,False,Office,2024-08-27 09:00:00
WH14835,EMP450,2024-08-29,35,7.8,0.0,5.6,2.2,2.5,4.7,20,7,1,1,0,2,0,28.1,34.1,32.4,20.0,12.5,7.4,0.0,0,2.8,Low,False,34.0,-36.4,97.5,11.3,Team Offsite,False,Office,2024-08-29 09:00:00
WH14836,EMP450,2024-09-03,36,6.6,0.0,5.5,1.1,1.4,4.5,14,3,1,3,0,0,3,46.4,62.3,60.5,48.0,50.0,8.5,0.0,0,2.5,Low,False,40.0,-10.1,82.5,32.7,Team Offsite,False,Office,2024-09-03 09:00:00
WH14837,EMP450,2024-09-12,37,7.4,0.0,5.3,2.1,1.3,5.6,16,5,3,3,1,0,1,33.8,23.2,50.0,45.9,37.5,7.2,0.0,1,2.6,Low,False,33.0,-28.6,92.5,11.3,,False,Office,2024-09-12 09:00:00
WH14838,EMP450,2024-10-07,41,6.7,0.0,4.8,1.9,0.2,5.9,12,6,3,0,1,2,0,30.1,36.8,32.7,20.0,0.0,,0.0,0,0.8,Low,False,37.0,-40.0,83.8,25.1,,False,Office,2024-10-07 09:00:00
WH14839,EMP450,2024-10-14,42,6.4,0.0,5.4,1.0,0.1,5.8,6,6,1,0,2,2,0,25.4,21.6,33.4,20.0,0.0,,0.0,0,0.6,Low,False,28.0,-38.8,80.0,11.7,,False,Office,2024-10-14 09:00:00
WH14840,EMP450,2024-10-16,42,6.8,0.0,5.2,1.6,3.9,2.0,23,7,2,1,0,1,1,48.4,29.2,33.9,20.0,12.5,6.0,0.2,4,4.7,Low,False,53.0,-26.9,85.0,21.1,Client Visit,False,Office,2024-10-16 09:00:00
WH14841,EMP450,2024-10-17,42,7.9,0.0,5.7,2.2,1.0,6.2,4,5,2,0,1,1,1,35.4,27.6,24.1,20.0,0.0,,0.0,1,1.1,Low,False,44.0,-40.0,98.8,18.7,Holiday,False,Office,2024-10-17 09:00:00
WH14842,EMP450,2024-10-25,43,7.0,0.0,5.2,1.8,1.5,4.8,20,5,3,1,2,1,1,34.0,30.4,47.3,20.0,16.7,8.3,0.0,1,2.1,Low,False,44.0,-18.3,87.5,18.8,Training Day,False,Office,2024-10-25 09:00:00
WH14843,EMP450,2024-11-25,48,6.8,0.0,4.9,1.9,2.5,3.2,20,2,3,0,2,2,2,25.1,44.5,30.7,20.0,0.0,,0.0,1,3.8,Low,False,63.0,-40.0,85.0,17.8,Holiday,False,Office,2024-11-25 09:00:00
WH14844,EMP450,2024-11-28,48,7.2,0.0,5.3,1.9,3.7,2.6,4,5,2,2,1,2,2,36.6,72.7,49.3,23.2,28.6,8.6,0.0,2,5.1,Low,False,55.0,-24.4,90.0,34.0,Client Visit,False,Office,2024-11-28 09:00:00
WH14845,EMP450,2025-01-10,2,6.4,0.0,4.8,1.6,2.9,2.9,7,8,2,1,2,0,1,47.1,27.7,47.4,20.0,11.1,7.6,0.0,0,3.7,Low,False,36.0,-23.0,80.0,25.7,,False,Office,2025-01-10 09:00:00
WH14846,EMP450,2025-01-24,4,7.4,0.0,5.7,1.7,0.7,5.7,23,3,1,3,2,0,1,19.1,25.7,47.3,42.3,50.0,7.0,0.0,1,1.5,Low,False,59.0,-24.9,92.5,18.8,,False,Office,2025-01-24 09:00:00
WH14847,EMP450,2025-01-28,5,0.0,0.0,0.0,0.0,0.0,0.0,0,0,0,0,0,0,0,0.0,0.0,0.0,0.0,0.0,,0.0,0,0.0,Low,False,0.0,0.0,0.0,0.0,Leave,True,Home,2025-01-28 09:00:00
WH14848,EMP450,2025-02-13,7,6.5,0.0,5.2,1.3,1.0,5.2,13,2,1,1,0,0,2,27.0,47.9,52.8,24.9,33.3,7.4,0.0,0,1.7,Low,False,21.0,-10.3,81.2,26.0,Team Offsite,False,Office,2025-02-13 09:00:00
WH14849,EMP450,2025-02-18,8,7.8,0.0,6.0,1.8,1.6,5.9,13,1,2,0,0,0,1,19.0,17.7,28.3,20.0,0.0,,0.0,2,2.6,Low,False,20.0,-31.1,97.5,14.1,,False,Office,2025-02-18 09:00:00
WH14850,EMP450,2025-02-21,8,7.3,0.0,5.9,1.4,2.0,4.7,22,1,3,1,1,0,1,17.6,7.4,57.9,20.0,50.0,8.3,0.0,2,2.8,Low,False,38.0,-9.9,91.2,3.9,,False,Office,2025-02-21 09:00:00
WH17161,EMP521,2024-01-04,1,6.9,0.0,5.1,1.8,2.8,3.6,5,2,3,1,2,0,0,0.0,0.0,61.6,20.0,33.3,9.1,0.0,0,3.2,Low,False,28.0,-8.6,86.2,0.0,Team Offsite,False,Office,2024-01-04 09:00:00
WH17162,EMP521,2024-01-05,1,6.8,0.0,5.8,1.0,2.5,3.5,9,8,2,2,1,1,1,47.4,57.2,42.7,29.4,20.0,8.5,0.0,0,2.9,Low,False,50.0,-31.9,85.0,30.9,,False,Office,2024-01-05 09:00:00
WH17163,EMP521,2024-01-09,2,0.0,0.0,0.0,0.0,0.0,0.0,0,0,0,0,0,0,0,0.0,0.0,0.0,0.0,0.0,,0.0,0,0.0,Low,False,0.0,0.0,0.0,0.0,Leave,True,Home,2024-01-09 09:00:00
WH17164,EMP521,2024-01-19,3,0.0,0.0,0.0,0.0,0.0,0.0,0,0,0,0,0,0,0,0.0,0.0,0.0,0.0,0.0,,0.0,0,0.0,Low,False,0.0,0.0,0.0,0.0,Leave,True,Home,2024-01-19 09:00:00
WH17165,EMP521,2024-01-31,5,6.4,0.0,4.8,1.6,1.6,4.1,5,1,2,0,1,0,1,14.5,22.0,35.2,20.0,0.0,,0.0,1,2.7,Low,False,41.0,-28.0,80.0,6.9,,False,Office,2024-01-31 09:00:00
WH17166,EMP521,2024-04-08,15,0.0,0.0,0.0,0.0,0.0,0.0,0,0,0,0,0,0,0,0.0,0.0,0.0,0.0,0.0,,0.0,0,0.0,Low,False,0.0,0.0,0.0,0.0,Leave,True,Home,2024-04-08 09:00:00
WH17167,EMP521,2024-04-11,15,6.1,0.0,4.5,1.6,2.6,2.7,24,1,2,0,1,0,0,0.7,0.9,33.9,20.0,0.0,,0.0,0,3.4,Low,False,47.0,-27.9,76.2,7.3,,False,Office,2024-04-11 09:00:00
WH17168,EMP521,2024-04-15,16,6.0,0.0,4.3,1.7,0.9,4.5,23,8,2,3,2,1,1,50.2,43.4,37.2,55.4,27.3,5.3,0.4,0,2.2,Low,False,37.0,-36.6,75.0,29.0,Training Day,False,Office,2024-04-15 09:00:00
WH17169,EMP521,2024-04-18,16,7.4,0.0,5.7,1.7,3.0,3.9,22,2,1,2,2,0,0,11.9,3.4,65.2,37.8,50.0,7.0,0.0,2,4.0,Low,False,33.0,-8.3,92.5,3.5,,False,Office,2024-04-18 09:00:00
WH17170,EMP521,2024-06-05,23,6.7,0.0,5.3,1.4,2.4,3.4,18,2,2,1,2,0,1,10.7,12.5,56.5,20.0,33.3,7.3,0.0,3,3.0,Low,False,52.0,-14.4,83.8,7.5,Team Offsite,False,Office,2024-06-05 09:00:00
WH17171,EMP521,2024-06-07,23,6.6,0.0,5.3,1.3,1.1,4.7,24,2,3,0,1,0,0,4.3,13.5,41.0,20.0,0.0,,0.0,0,1.8,Low,False,46.0,-19.7,82.5,0.0,,False,Office,2024-06-07 09:00:00
WH17172,EMP521,2024-06-14,24,7.0,0.0,5.3,1.7,3.0,3.2,9,7,2,0,0,1,1,51.2,44.8,28.6,20.0,0.0,,0.0,4,3.0,Low,False,46.0,-35.8,87.5,34.5,,False,Office,2024-06-14 09:00:00
WH17173,EMP521,2024-06-24,26,7.3,0.0,5.2,2.1,1.2,5.4,5,2,2,1,1,1,1,15.9,29.2,43.6,20.0,33.3,7.7,0.0,1,2.5,Low,False,40.0,-23.9,91.2,13.2,,False,Office,2024-06-24 09:00:00
WH17174,EMP521,2024-06-25,26,6.0,0.0,4.2,1.8,1.0,4.5,6,5,2,2,1,1,3,54.7,73.3,47.4,42.3,28.6,7.8,0.0,2,1.1,Low,False,31.0,-22.3,75.0,32.3,,False,Office,2024-06-25 09:00:00
WH17175,EMP521,2024-08-09,32,7.0,0.0,5.4,1.6,1.8,4.9,5,7,1,3,2,1,0,32.9,23.1,58.0,37.5,30.0,7.7,0.0,0,3.2,Low,False,21.0,-6.6,87.5,14.9,Client Visit,False,Office,2024-08-09 09:00:00
WH17176,EMP521,2024-08-15,33,7.5,0.0,5.7,1.8,1.9,4.9,25,4,3,2,0,1,1,30.1,50.4,40.7,22.0,33.3,6.4,1.0,1,2.2,Low,False,42.0,-28.9,93.8,24.6,,False,Office,2024-08-15 09:00:00
WH17177,EMP521,2024-09-06,36,6.8,0.0,5.3,1.5,0.6,5.9,9,1,3,1,0,0,1,16.9,17.8,52.8,20.0,50.0,7.3,0.0,0,1.7,Low,False,21.0,-15.5,85.0,16.4,,False,Office,2024-09-06 09:00:00
WH17178,EMP521,2024-09-10,37,7.5,0.0,5.6,1.9,3.1,3.6,24,7,2,3,1,0,3,66.5,77.5,45.8,48.9,30.0,5.9,0.1,2,3.2,Low,False,47.0,-25.8,93.8,38.2,,False,Office,2024-09-10 09:00:00
WH17179,EMP521,2024-09-13,37,6.9,0.0,5.7,1.2,1.2,4.9,25,2,1,2,1,0,2,22.0,44.6,52.9,28.0,50.0,7.2,0.0,2,1.7,Low,False,48.0,-20.2,86.2,18.4,Team Offsite,False,Office,2024-09-13 09:00:00
WH17180,EMP521,2024-09-24,39,7.9,0.0,6.6,1.3,1.6,5.4,3,6,1,1,2,0,2,51.0,42.3,41.0,20.0,14.3,6.9,0.1,0,1.9,Low,False,52.0,-31.7,98.8,21.9,,False,Office,2024-09-24 09:00:00
WH17181,EMP521,2024-10-16,42,6.0,0.0,4.9,1.1,3.7,1.8,14,4,2,0,0,2,1,34.2,23.1,38.1,20.0,0.0,,0.0,1,4.4,Low,False,31.0,-29.0,75.0,16.8,,False,Office,2024-10-16 09:00:00
WH17182,EMP521,2024-11-04,45,7.1,0.0,5.0,2.1,3.5,2.6,11,1,3,0,0,0,0,5.5,1.7,35.5,20.0,0.0,,0.0,3,3.8,Low,False,62.0,-31.0,88.8,0.0,,False,Office,2024-11-04 09:00:00
WH17183,EMP521,2024-11-28,48,0.0,0.0,0.0,0.0,0.0,0.0,0,0,0,0,0,0,0,0.0,0.0,0.0,0.0,0.0,,0.0,0,0.0,Low,False,0.0,0.0,0.0,0.0,Leave,True,Home,2024-11-28 09:00:00
WH17184,EMP521,2024-12-02,49,6.3,0.0,4.8,1.5,2.3,2.8,8,2,2,2,1,0,1,23.4,42.1,49.2,33.7,50.0,6.7,0.1,2,3.7,Low,False,72.0,-14.1,78.8,16.6,Training Day,False,Office,2024-12-02 09:00:00
WH17185,EMP521,2024-12-18,51,0.0,0.0,0.0,0.0,0.0,0.0,0,0,0,0,0,0,0,0.0,0.0,0.0,0.0,0.0,,0.0,0,0.0,Low,False,0.0,0.0,0.0,0.0,Leave,True,Home,2024-12-18 09:00:00
WH17186,EMP521,2024-12-19,51,6.0,0.0,4.9,1.1,3.3,1.3,24,8,1,3,2,0,2,56.2,46.6,40.4,38.5,27.3,6.8,0.2,0,3.5,Low,False,82.0,-29.3,75.0,29.9,,False,Office,2024-12-19 09:00:00
WH17187,EMP521,2024-12-27,52,5.4,0.0,4.1,1.3,1.5,3.2,19,5,3,3,2,0,2,47.6,32.4,51.5,51.4,37.5,8.1,0.0,0,1.6,Low,False,45.0,-23.1,67.5,21.7,Holiday,False,Office,2024-12-27 09:00:00
WH17188,EMP521,2025-01-07,2,6.6,0.0,5.5,1.1,1.8,3.8,16,5,3,2,2,0,2,48.9,43.1,41.3,26.9,28.6,6.6,0.2,1,2.2,Low,False,58.0,-34.6,82.5,31.7,,False,Office,2025-01-07 09:00:00
WH17189,EMP521,2025-01-08,2,7.6,0.0,5.4,2.2,2.0,4.8,6,8,1,2,1,2,0,46.4,28.9,45.8,35.2,20.0,7.6,0.0,0,3.2,Low,False,48.0,-23.0,95.0,16.3,Holiday,False,Office,2025-01-08 09:00:00
WH17190,EMP521,2025-01-14,3,0.0,0.0,0.0,0.0,0.0,0.0,0,0,0,0,0,0,0,0.0,0.0,0.0,0.0,0.0,,0.0,0,0.0,Low,False,0.0,0.0,0.0,0.0,Leave,True,Home,2025-01-14 09:00:00
WH17191,EMP521,2025-02-04,6,6.1,0.0,4.8,1.3,2.1,3.5,7,8,1,0,0,2,3,72.2,87.4,36.8,20.0,0.0,,0.0,1,2.8,Low,False,28.0,-34.0,76.2,47.6,Training Day,False,Office,2025-02-04 09:00:00
WH17192,EMP521,2025-02-12,7,6.1,0.0,4.5,1.6,1.1,4.2,5,4,1,1,0,2,3,45.3,89.9,39.1,20.0,20.0,8.2,0.0,2,1.8,Low,False,46.0,-22.8,76.2,40.9,Client Visit,False,Office,2025-02-12 09:00:00
WH17193,EMP521,2025-02-21,8,6.1,0.0,4.9,1.2,3.1,2.4,3,6,3,1,0,0,3,60.0,66.0,28.2,22.1,14.3,7.1,0.0,0,3.2,Low,False,36.0,-40.0,76.2,41.7,,False,Office,2025-02-21 09:00:00
WH20131,EMP611,2024-01-08,2,5.0,1.0,3.6,1.4,2.5,1.9,8,6,2,1,0,2,1,50.6,45.2,40.2,28.8,14.3,7.2,0.0,0,3.8,Low,False,33.0,-13.8,125.0,29.8,,False,Home,2024-01-08 09:00:00
WH20132,EMP611,2024-01-11,2,5.0,1.0,3.2,1.8,1.3,3.1,11,5,1,0,1,0,3,60.6,66.1,20.4,20.0,0.0,,0.0,2,1.5,Low,False,37.0,-39.0,125.0,43.4,Training Day,False,Home,2024-01-11 09:00:00
WH20133,EMP611,2024-01-12,2,5.0,1.0,3.5,1.5,1.8,2.2,13,4,3,0,2,2,3,54.9,100.0,30.1,20.0,0.0,,0.0,0,3.2,Low,False,63.0,-30.1,125.0,53.3,Training Day,False,Remote,2024-01-12 09:00:00
WH20134,EMP611,2024-02-12,7,5.0,1.0,3.1,1.9,1.9,2.7,12,5,3,1,2,0,3,57.8,62.2,29.0,26.0,16.7,7.4,0.0,1,2.4,Low,False,22.0,-26.4,125.0,52.2,,False,Home,2024-02-12 09:00:00
WH20135,EMP611,2024-02-27,9,5.0,1.0,3.3,1.7,2.7,1.4,4,1,3,0,0,0,0,13.3,12.8,30.4,20.0,0.0,,0.0,1,3.1,Low,False,51.0,-23.1,125.0,3.4,Training Day,False,Home,2024-02-27 09:00:00
WH20136,EMP611,2024-03-07,10,5.0,1.0,3.3,1.7,1.8,2.1,10,4,1,1,2,1,0,26.1,7.0,36.7,20.0,20.0,8.3,0.0,1,2.9,Low,False,66.0,-20.2,125.0,21.6,Team Offsite,False,Home,2024-03-07 09:00:00
WH20137,EMP611,2024-03-22,12,5.0,1.0,3.2,1.8,2.0,2.2,22,7,2,2,1,0,1,53.2,27.4,48.7,49.6,22.2,7.3,0.0,0,2.7,Low,False,49.0,-15.9,125.0,33.7,Client Visit,False,Home,2024-03-22 09:00:00
WH20138,EMP611,2024-03-27,13,5.0,1.0,3.6,1.4,1.7,2.1,10,5,1,1,0,2,1,49.2,65.1,32.9,29.1,16.7,7.2,0.0,2,2.7,Low,False,73.0,-27.0,125.0,49.3,Holiday,False,Home,2024-03-27 09:00:00
WH20139,EMP611,2024-03-28,13,5.0,1.0,3.0,2.0,1.1,3.0,3,5,3,2,2,2,1,47.2,55.2,32.0,44.4,28.6,8.4,0.0,2,2.5,Medium,False,55.0,-29.2,125.0,41.3,Client Visit,False,Remote,2024-03-28 09:00:00
WH20140,EMP611,2024-04-09,15,5.0,1.0,3.7,1.3,3.7,0.5,25,5,1,1,0,1,0,33.7,19.5,22.4,20.0,16.7,7.0,0.0,0,4.5,Low,False,63.0,-29.4,125.0,23.9,,False,Remote,2024-04-09 09:00:00
WH20141,EMP611,2024-04-15,16,5.0,1.0,3.3,1.7,2.7,1.4,17,6,3,3,2,1,1,43.8,48.4,46.5,64.6,33.3,7.6,0.0,1,4.2,Medium,False,53.0,-8.1,125.0,38.3,Holiday,False,Home,2024-04-15 09:00:00
WH20142,EMP611,2024-04-22,17,5.0,1.0,3.2,1.8,3.3,0.9,11,7,3,1,1,0,3,81.3,66.1,26.4,24.0,12.5,7.5,0.0,1,4.8,Medium,False,47.0,-39.4,125.0,48.6,,False,Home,2024-04-22 09:00:00
WH20143,EMP611,2024-05-17,20,0.0,0.0,0.0,0.0,0.0,0.0,0,0,0,0,0,0,0,0.0,0.0,0.0,0.0,0.0,,0.0,0,0.0,Low,False,0.0,0.0,0.0,0.0,Leave,True,Home,2024-05-17 09:00:00
WH20144,EMP611,2024-06-27,26,5.0,1.0,3.5,1.5,0.5,4.2,7,4,3,0,2,1,2,45.8,57.2,22.8,20.0,0.0,,0.0,1,1.0,Low,False,17.0,-34.1,125.0,35.6,,False,Home,2024-06-27 09:00:00
WH20145,EMP611,2024-07-08,28,5.0,1.0,3.5,1.5,3.1,1.3,12,2,2,2,1,0,2,46.1,40.9,46.8,37.4,50.0,7.0,0.0,2,3.3,Medium,False,34.0,-20.2,125.0,29.4,,False,Home,2024-07-08 09:00:00
WH20146,EMP611,2024-07-17,29,5.0,1.0,3.7,1.3,1.6,2.5,23,3,3,1,0,2,2,38.1,70.5,33.0,33.2,25.0,7.1,0.0,2,2.2,Medium,False,51.0,-21.2,125.0,26.3,Team Offsite,False,Home,2024-07-17 09:00:00
WH20147,EMP611,2024-08-01,31,0.0,0.0,0.0,0.0,0.0,0.0,0,0,0,0,0,0,0,0.0,0.0,0.0,0.0,0.0,,0.0,0,0.0,Low,False,0.0,0.0,0.0,0.0,Leave,True,Home,2024-08-01 09:00:00
WH20148,EMP611,2024-08-13,33,5.0,1.0,3.3,1.7,2.6,1.4,24,3,2,2,1,1,2,41.9,47.1,48.1,35.4,40.0,7.1,0.0,3,3.8,Medium,False,62.0,-12.5,125.0,31.2,,False,Home,2024-08-13 09:00:00
WH20149,EMP611,2024-08-20,34,5.0,1.0,3.4,1.6,2.1,2.4,15,3,2,3,0,0,0,25.4,6.9,52.9,58.4,50.0,6.9,0.0,1,2.4,Medium,False,32.0,0.7,125.0,18.5,Holiday,False,Remote,2024-08-20 09:00:00
WH20150,EMP611,2024-08-22,34,5.0,1.0,3.6,1.4,0.7,3.2,24,8,1,1,2,0,1,63.6,40.0,28.7,23.0,11.1,7.4,0.0,0,2.0,Medium,False,67.0,-33.0,125.0,40.9,,False,Remote,2024-08-22 09:00:00
WH20151,EMP611,2024-09-04,36,5.0,1.0,3.2,1.8,0.4,4.0,13,3,1,3,2,0,0,27.5,11.9,53.4,60.8,50.0,6.3,1.0,1,1.4,Medium,False,38.0,-8.3,125.0,19.9,,False,Remote,2024-09-04 09:00:00
WH20152,EMP611,2024-09-11,37,5.0,1.0,3.4,1.6,3.3,1.0,13,3,1,1,1,0,0,26.4,0.7,28.8,22.4,25.0,7.1,0.0,2,3.5,Medium,False,45.0,-15.0,125.0,10.1,Holiday,False,Remote,2024-09-11 09:00:00
WH20153,EMP611,2024-10-24,43,5.0,1.0,3.1,1.9,3.1,1.1,8,8,2,1,0,0,3,75.6,70.1,21.9,21.8,11.1,6.3,0.8,2,4.0,Medium,False,49.0,-35.1,125.0,52.7,,False,Home,2024-10-24 09:00:00
WH20154,EMP611,2024-10-31,44,5.0,1.0,3.0,2.0,2.5,1.5,19,5,2,0,1,0,2,60.0,66.1,19.0,20.0,0.0,,0.0,0,3.2,Medium,False,60.0,-33.2,125.0,46.8,Team Offsite,False,Remote,2024-10-31 09:00:00
WH20155,EMP611,2024-11-12,46,5.0,1.0,3.1,1.9,2.2,2.1,16,8,1,0,0,1,3,76.7,84.0,18.2,20.0,0.0,,0.0,1,3.1,Medium,False,41.0,-40.0,125.0,56.5,Training Day,False,Home,2024-11-12 09:00:00
WH20156,EMP611,2024-11-27,48,5.0,1.0,3.6,1.4,0.6,3.6,13,6,1,3,1,1,1,46.9,48.5,43.7,55.5,33.3,7.0,0.0,1,1.2,Medium,False,48.0,-8.4,125.0,34.5,,False,Home,2024-11-27 09:00:00
WH20157,EMP611,2024-12-26,52,5.0,1.0,3.6,1.4,1.8,2.0,23,6,1,1,0,2,2,58.6,74.6,31.8,28.0,14.3,7.3,0.0,0,3.1,Medium,False,72.0,-26.9,125.0,45.2,,False,Home,2024-12-26 09:00:00
WH20158,EMP611,2025-01-08,2,5.0,1.0,3.5,1.5,1.4,2.8,10,1,3,0,2,1,0,9.2,6.6,25.0,20.0,0.0,,0.0,1,1.8,Medium,False,46.0,-27.7,125.0,7.4,Training Day,False,Home,2025-01-08 09:00:00
WH20159,EMP611,2025-01-10,2,5.0,1.0,3.4,1.6,1.8,2.3,21,4,2,0,2,0,1,39.4,47.8,17.7,20.0,0.0,,0.0,0,2.1,Medium,False,56.0,-35.1,125.0,35.0,,False,Home,2025-01-10 09:00:00
WH20160,EMP611,2025-02-07,6,5.0,1.0,3.5,1.5,0.9,3.5,3,4,1,1,0,1,2,42.2,57.9,29.0,20.0,20.0,7.1,0.0,0,2.1,Medium,False,36.0,-29.5,125.0,36.3,,False,Home,2025-02-07 09:00:00
WH20161,EMP611,2025-02-13,7,5.0,1.0,3.0,2.0,4.0,0.5,24,8,2,0,2,0,3,74.1,83.3,22.7,20.0,0.0,,0.0,2,4.9,Medium,False,33.0,-27.2,125.0,50.1,Team Offsite,False,Remote,2025-02-13 09:00:00
WH20162,EMP611,2025-02-26,9,5.0,1.0,3.7,1.3,2.9,1.0,6,7,1,3,2,2,3,67.3,81.3,28.9,62.3,30.0,5.5,0.1,1,3.4,Medium,False,69.0,-31.9,125.0,51.1,,False,Home,2025-02-26 09:00:00
WH20163,EMP611,2025-02-28,9,5.0,1.0,3.1,1.9,2.7,1.5,8,4,3,3,1,1,0,26.4,24.1,36.7,58.4,42.9,5.4,0.1,0,3.3,Medium,False,47.0,-17.2,125.0,23.9,,False,Remote,2025-02-28 09:00:00
WH23134,EMP702,2024-12-10,50,8.2,0.2,6.9,1.3,2.7,4.9,6,4,3,0,2,2,1,26.4,44.7,24.9,20.0,0.0,,0.0,3,3.7,Low,False,33.0,-40.0,102.5,29.0,Training Day,False,Home,2024-12-10 09:00:00
WH23135,EMP702,2024-12-13,50,7.4,0.0,5.7,1.7,1.2,5.3,5,3,3,2,2,0,1,26.3,13.8,39.1,28.9,40.0,7.3,0.0,0,1.3,Low,False,55.0,-39.3,92.5,10.2,,False,Remote,2024-12-13 09:00:00
WH23136,EMP702,2024-12-16,51,7.3,0.0,5.2,2.1,1.9,5.0,25,4,1,3,1,1,0,26.5,12.9,52.2,39.9,42.9,8.4,0.0,0,2.2,Low,False,23.0,-24.0,91.2,4.7,Team Offsite,False,Home,2024-12-16 09:00:00
WH23137,EMP702,2024-12-18,51,7.3,0.0,5.6,1.7,0.7,5.9,11,5,3,0,0,2,0,22.3,25.2,43.6,20.0,0.0,,0.0,0,1.1,Low,False,42.0,-36.3,91.2,19.4,,False,Home,2024-12-18 09:00:00
WH23138,EMP702,2024-12-19,51,6.3,0.0,5.3,1.0,2.0,3.8,18,7,1,2,2,2,0,33.0,29.0,45.9,28.9,22.2,7.1,0.0,3,3.2,Low,False,31.0,-33.4,78.8,13.6,,False,Home,2024-12-19 09:00:00
WH23139,EMP702,2024-12-20,51,6.9,0.0,5.8,1.1,1.5,4.3,15,2,2,0,1,0,0,5.5,14.0,33.3,20.0,0.0,,0.0,2,2.6,Low,False,67.0,-29.8,86.2,16.3,Client Visit,False,Remote,2024-12-20 09:00:00
WH23140,EMP702,2024-12-24,52,6.1,0.0,4.8,1.3,2.1,3.5,23,8,2,2,1,2,0,39.8,29.8,40.4,27.0,20.0,8.9,0.0,3,2.3,Low,False,32.0,-29.7,76.2,25.4,Client Visit,False,Home,2024-12-24 09:00:00
WH23141,EMP702,2024-12-30,1,6.3,0.0,4.8,1.5,3.2,2.7,21,6,1,3,0,0,2,55.7,45.9,41.6,42.0,33.3,7.2,0.0,3,3.4,Medium,False,26.0,-28.7,78.8,34.1,Training Day,False,Remote,2024-12-30 09:00:00
WH23142,EMP702,2025-01-03,1,5.9,0.0,4.8,1.1,1.3,3.4,7,5,2,3,2,2,1,34.5,37.3,55.8,53.4,37.5,7.3,0.0,1,2.4,Low,False,72.0,-15.0,73.8,22.0,Holiday,False,Home,2025-01-03 09:00:00
WH23143,EMP702,2025-01-06,2,7.9,0.0,6.5,1.4,1.6,5.6,7,2,1,2,1,0,2,20.0,32.6,43.6,21.0,50.0,7.3,0.0,1,1.8,Medium,False,41.0,-31.2,98.8,14.6,,False,Remote,2025-01-06 09:00:00
WH23144,EMP702,2025-01-08,2,6.4,0.0,5.0,1.4,2.1,3.9,12,7,2,1,0,1,1,38.4,34.3,31.9,20.0,12.5,7.6,0.0,0,3.4,Medium,False,27.0,-40.0,80.0,21.3,Training Day,False,Remote,2025-01-08 09:00:00
WH23145,EMP702,2025-01-09,2,6.0,0.0,4.3,1.7,2.5,2.7,18,3,2,2,2,0,3,41.4,59.9,51.1,42.1,40.0,6.9,0.6,2,2.7,Medium,False,49.0,-20.3,75.0,23.4,Training Day,False,Home,2025-01-09 09:00:00
WH23146,EMP702,2025-01-13,3,7.3,0.0,5.8,1.5,3.0,3.5,13,1,3,1,1,0,1,15.0,28.5,49.2,20.0,50.0,6.1,0.0,2,3.5,Medium,False,49.0,-28.2,91.2,16.0,Client Visit,False,Remote,2025-01-13 09:00:00
WH23147,EMP702,2025-01-14,3,7.8,0.0,6.4,1.4,1.3,5.5,5,2,3,2,0,0,0,16.8,2.4,53.5,28.9,50.0,7.9,0.0,0,2.0,Medium,False,60.0,-22.5,97.5,10.5,,False,Remote,2025-01-14 09:00:00
WH23148,EMP702,2025-01-15,3,6.5,0.0,5.5,1.0,1.5,4.3,11,4,3,0,0,2,1,34.1,57.5,30.5,20.0,0.0,,0.0,0,1.5,Low,False,39.0,-38.7,81.2,33.3,Client Visit,False,Home,2025-01-15 09:00:00
WH23149,EMP702,2025-01-21,4,7.2,0.0,5.4,1.8,3.2,3.4,7,7,3,2,2,2,3,63.0,92.0,34.4,24.1,22.2,6.5,0.2,2,4.1,Medium,False,38.0,-39.3,90.0,52.6,,False,Home,2025-01-21 09:00:00
WH23150,EMP702,2025-01-22,4,7.4,0.0,5.6,1.8,1.6,5.3,9,6,2,0,1,0,2,48.0,48.0,34.8,20.0,0.0,,0.0,2,3.1,Medium,False,33.0,-40.0,92.5,32.3,Training Day,False,Remote,2025-01-22 09:00:00
WH23151,EMP702,2025-01-23,4,6.9,0.0,5.6,1.3,2.2,3.5,9,3,1,0,1,0,3,46.5,64.7,23.5,20.0,0.0,,0.0,2,3.0,Medium,False,70.0,-40.0,86.2,35.1,Holiday,False,Remote,2025-01-23 09:00:00
WH23152,EMP702,2025-01-24,4,0.0,0.0,0.0,0.0,0.0,0.0,0,0,0,0,0,0,0,0.0,0.0,0.0,0.0,0.0,,0.0,0,0.0,Low,False,0.0,0.0,0.0,0.0,Leave,True,Home,2025-01-24 09:00:00
WH23153,EMP702,2025-01-27,5,6.5,0.0,4.6,1.9,2.3,3.6,4,4,1,0,0,1,3,50.5,66.5,25.2,20.0,0.0,,0.0,1,3.7,Medium,False,36.0,-40.0,81.2,31.8,,False,Home,2025-01-27 09:00:00
WH23154,EMP702,2025-02-05,6,6.8,0.0,4.9,1.9,1.7,4.5,16,6,1,3,2,0,1,32.8,31.3,46.1,44.5,33.3,7.4,0.0,2,3.1,Low,False,33.0,-23.2,85.0,23.6,,False,Home,2025-02-05 09:00:00
WH23155,EMP702,2025-02-06,6,7.3,0.0,5.2,2.1,2.0,4.4,6,6,3,1,0,0,1,43.0,14.0,28.0,20.5,14.3,7.3,0.0,2,2.5,Medium,False,56.0,-40.0,91.2,17.5,Training Day,False,Home,2025-02-06 09:00:00
WH23156,EMP702,2025-02-07,6,7.4,0.0,5.8,1.6,2.1,4.4,8,6,1,1,2,0,1,45.5,37.1,26.4,20.0,14.3,8.6,0.0,1,3.5,Medium,False,53.0,-40.0,92.5,22.8,,False,Home,2025-02-07 09:00:00
WH23157,EMP702,2025-02-10,7,6.5,0.0,5.1,1.4,1.1,5.1,19,8,1,2,1,1,1,46.2,41.6,39.7,28.1,20.0,6.7,0.1,1,2.5,Medium,False,18.0,-35.5,81.2,22.3,Team Offsite,False,Home,2025-02-10 09:00:00
WH23158,EMP702,2025-02-11,7,6.8,0.0,5.0,1.8,1.8,4.5,15,2,1,2,0,0,2,38.8,35.0,47.1,32.3,50.0,7.2,0.0,0,3.2,Medium,False,28.0,-27.7,85.0,18.0,Team Offsite,False,Home,2025-02-11 09:00:00
WH23159,EMP702,2025-02-12,7,6.8,0.0,5.0,1.8,0.9,5.2,17,7,1,2,0,1,3,72.3,83.0,28.4,28.7,22.2,6.8,0.9,1,1.0,Medium,False,43.0,-40.0,85.0,46.8,Client Visit,False,Remote,2025-02-12 09:00:00
WH23160,EMP702,2025-02-13,7,7.4,0.0,6.0,1.4,2.4,4.2,14,3,3,3,1,0,3,38.8,64.8,40.3,42.5,50.0,7.5,0.0,1,3.1,Medium,False,48.0,-31.3,92.5,36.0,,False,Remote,2025-02-13 09:00:00
WH23161,EMP702,2025-02-14,7,7.8,0.0,6.1,1.7,1.3,5.7,9,8,3,2,2,0,0,42.9,25.7,29.8,20.5,20.0,5.8,0.3,1,1.6,Medium,False,49.0,-38.7,97.5,27.9,,False,Home,2025-02-14 09:00:00
WH23162,EMP702,2025-02-17,8,7.3,0.0,6.2,1.1,4.0,2.8,3,1,3,0,0,1,1,19.8,25.6,23.2,20.0,0.0,,0.0,3,4.7,Medium,False,32.0,-40.0,91.2,20.0,,False,Remote,2025-02-17 09:00:00
WH23163,EMP702,2025-02-18,8,7.8,0.0,6.5,1.3,2.6,4.7,6,4,3,2,0,2,0,13.9,23.2,36.9,24.1,33.3,6.7,0.3,1,3.7,Medium,False,29.0,-37.3,97.5,7.3,Client Visit,False,Remote,2025-02-18 09:00:00
WH23164,EMP702,2025-02-19,8,7.7,0.0,5.6,2.1,1.6,5.5,20,2,2,2,1,0,2,31.4,35.7,38.1,24.4,50.0,6.1,0.1,1,2.1,Medium,False,38.0,-40.0,96.2,19.7,,False,Home,2025-02-19 09:00:00
WH23165,EMP702,2025-02-25,9,8.1,0.1,5.7,2.4,0.7,6.6,13,5,3,1,2,1,1,27.5,29.6,26.0,20.0,16.7,6.3,0.1,0,1.1,Medium,False,50.0,-40.0,101.2,12.9,Team Offsite,False,Remote,2025-02-25 09:00:00
WH23166,EMP702,2025-02-27,9,8.3,0.3,7.0,1.3,2.1,5.4,5,2,3,1,2,0,2,33.9,46.0,37.6,20.0,33.3,7.2,0.0,3,2.8,Medium,False,51.0,-35.0,103.8,19.9,Team Offsite,False,Home,2025-02-27 09:00:00
WH24388,EMP740,2024-01-11,2,6.7,0.0,5.2,1.5,2.4,3.4,19,2,3,1,2,1,1,15.6,44.3,51.8,20.0,33.3,10.0,0.0,0,3.0,Low,False,53.0,-5.7,83.8,10.4,,False,Remote,2024-01-11 09:00:00
WH24389,EMP740,2024-01-18,3,8.0,0.0,6.3,1.7,2.8,4.2,25,3,1,2,0,1,2,31.2,46.8,45.2,29.2,40.0,7.2,0.0,0,3.4,Low,False,62.0,-12.0,100.0,20.4,Training Day,False,Home,2024-01-18 09:00:00
WH24390,EMP740,2024-01-23,4,7.0,0.0,5.9,1.1,2.4,3.8,18,3,1,3,2,0,1,17.2,31.6,44.2,34.4,50.0,6.3,0.7,1,3.1,Low,False,45.0,-17.1,87.5,8.9,Team Offsite,False,Remote,2024-01-23 09:00:00
WH24391,EMP740,2024-01-29,5,5.6,0.0,4.2,1.4,2.8,2.1,6,1,2,1,2,0,1,19.2,37.4,53.0,25.1,50.0,6.6,0.3,2,3.9,Low,False,43.0,1.4,70.0,21.4,,False,Home,2024-01-29 09:00:00
WH24392,EMP740,2024-02-05,6,0.0,0.0,0.0,0.0,0.0,0.0,0,0,0,0,0,0,0,0.0,0.0,0.0,0.0,0.0,,0.0,0,0.0,Low,False,0.0,0.0,0.0,0.0,Leave,True,Home,2024-02-05 09:00:00
WH24393,EMP740,2024-02-16,7,6.7,0.0,5.3,1.4,1.4,4.7,17,7,3,0,1,2,3,67.9,90.8,24.8,20.0,0.0,,0.0,2,1.4,Low,False,38.0,-30.2,83.8,34.9,Client Visit,False,Remote,2024-02-16 09:00:00
WH24394,EMP740,2024-02-20,8,7.8,0.0,5.8,2.0,3.0,3.9,24,6,3,1,1,1,2,49.9,53.2,41.2,20.0,14.3,7.5,0.0,0,3.8,Low,False,51.0,-16.3,97.5,32.5,Team Offsite,False,Home,2024-02-20 09:00:00
WH24395,EMP740,2024-02-21,8,6.8,0.0,5.3,1.5,2.1,4.0,4,1,1,0,1,0,1,17.8,13.9,29.0,20.0,0.0,,0.0,0,3.1,Low,False,43.0,-20.7,85.0,0.0,,False,Home,2024-02-21 09:00:00
WH24396,EMP740,2024-02-27,9,6.0,0.0,4.5,1.5,1.2,4.0,6,8,2,0,1,1,2,67.5,67.4,37.1,20.0,0.0,,0.0,1,1.5,Low,False,46.0,-26.0,75.0,37.3,,False,Home,2024-02-27 09:00:00
WH24397,EMP740,2024-03-08,10,7.4,0.0,5.8,1.6,3.8,2.7,9,7,3,0,2,1,0,39.6,19.4,36.0,20.0,0.0,,0.0,3,5.1,Low,False,52.0,-21.2,92.5,16.3,,False,Home,2024-03-08 09:00:00
WH24398,EMP740,2024-03-19,12,6.0,0.0,4.8,1.2,2.8,2.8,13,2,3,2,2,0,0,15.5,11.1,51.5,36.6,50.0,8.0,0.0,0,3.8,Low,False,24.0,-8.1,75.0,9.0,Holiday,False,Remote,2024-03-19 09:00:00
WH24399,EMP740,2024-03-20,12,0.0,0.0,0.0,0.0,0.0,0.0,0,0,0,0,0,0,0,0.0,0.0,0.0,0.0,0.0,,0.0,0,0.0,Low,False,0.0,0.0,0.0,0.0,Leave,True,Home,2024-03-20 09:00:00
WH24400,EMP740,2024-05-03,18,6.1,0.0,4.6,1.5,0.2,5.0,23,8,2,1,2,1,0,39.4,19.8,30.2,20.0,11.1,7.3,0.0,1,0.9,Low,False,53.0,-29.9,76.2,23.9,Client Visit,False,Home,2024-05-03 09:00:00
WH24401,EMP740,2024-05-22,21,5.8,0.0,4.3,1.5,0.8,4.0,25,6,3,1,2,2,0,22.8,23.9,27.1,24.2,14.3,7.0,0.0,1,1.9,Low,False,57.0,-28.5,72.5,13.0,Team Offsite,False,Home,2024-05-22 09:00:00
WH24402,EMP740,2024-05-24,21,6.0,0.0,5.0,1.0,2.4,3.2,3,8,2,1,2,1,1,53.5,55.8,36.8,20.0,11.1,8.6,0.0,0,2.7,Low,False,26.0,-18.5,75.0,32.3,,False,Home,2024-05-24 09:00:00
WH24403,EMP740,2024-05-31,22,5.8,0.0,4.5,1.3,1.7,3.7,3,1,2,0,2,0,0,4.2,0.0,24.3,20.0,0.0,,0.0,1,2.0,Low,False,25.0,-24.2,72.5,7.3,Client Visit,False,Remote,2024-05-31 09:00:00
WH24404,EMP740,2024-06-05,23,7.6,0.0,5.5,2.1,1.0,5.9,22,8,3,0,1,2,3,81.5,89.7,25.4,20.0,0.0,,0.0,1,1.9,Low,False,39.0,-37.9,95.0,46.3,,False,Home,2024-06-05 09:00:00
WH24405,EMP740,2024-06-19,25,8.1,0.1,6.3,1.8,1.4,6.1,16,8,3,1,0,0,1,60.3,31.0,37.1,20.0,11.1,7.4,0.0,1,2.8,Low,False,36.0,-17.7,101.2,28.8,Training Day,False,Home,2024-06-19 09:00:00
WH24406,EMP740,2024-07-16,29,5.5,0.0,4.2,1.3,2.2,2.5,4,8,3,0,0,1,1,48.4,25.1,22.9,20.0,0.0,,0.0,2,2.7,Low,False,45.0,-40.0,68.8,30.0,,False,Home,2024-07-16 09:00:00
WH24407,EMP740,2024-07-29,31,5.9,0.0,4.1,1.8,3.7,1.3,12,8,3,1,2,2,1,50.7,43.7,42.8,22.2,11.1,7.4,0.0,0,4.5,Low,False,53.0,-13.5,73.8,36.9,Team Offsite,False,Home,2024-07-29 09:00:00
WH24408,EMP740,2024-08-29,35,7.9,0.0,5.8,2.1,2.3,4.8,5,5,3,0,1,2,0,27.5,27.4,26.6,20.0,0.0,,0.0,2,3.7,Low,False,50.0,-23.1,98.8,19.3,Holiday,False,Remote,2024-08-29 09:00:00
WH24409,EMP740,2024-09-05,36,7.3,0.0,6.2,1.1,1.2,5.6,22,5,2,3,1,2,0,21.0,11.6,41.7,40.0,37.5,7.5,0.0,2,2.1,Medium,False,27.0,-14.2,91.2,13.6,,False,Home,2024-09-05 09:00:00
WH24410,EMP740,2024-10-01,40,6.8,0.0,5.0,1.8,2.2,3.5,13,2,1,1,1,1,2,34.0,57.9,38.3,20.0,33.3,7.0,0.0,1,2.3,Low,False,63.0,-16.2,85.0,22.0,Training Day,False,Home,2024-10-01 09:00:00
WH24411,EMP740,2024-10-02,40,5.9,0.0,4.3,1.6,1.6,3.6,9,2,2,0,1,2,2,28.6,60.3,23.1,20.0,0.0,,0.0,2,2.5,Low,False,45.0,-38.2,73.8,30.8,,False,Home,2024-10-02 09:00:00
WH24412,EMP740,2024-10-10,41,6.8,0.0,5.7,1.1,0.9,5.5,8,1,2,1,0,0,1,17.0,16.5,53.9,20.0,50.0,7.7,0.0,0,1.8,Low,False,23.0,-15.3,85.0,12.1,,False,Home,2024-10-10 09:00:00
WH24413,EMP740,2024-11-04,45,6.8,0.0,5.2,1.6,2.7,3.8,24,4,1,3,1,1,2,34.7,47.4,36.0,44.9,42.9,6.7,0.1,1,4.0,Medium,False,15.0,-17.6,85.0,24.2,Training Day,False,Remote,2024-11-04 09:00:00
WH24414,EMP740,2024-11-13,46,7.7,0.0,6.4,1.3,1.9,4.8,23,1,3,0,1,0,1,8.9,20.5,21.4,20.0,0.0,,0.0,1,2.2,Medium,False,58.0,-29.5,96.2,7.3,Team Offsite,False,Remote,2024-11-13 09:00:00
WH24415,EMP740,2024-11-18,47,0.0,0.0,0.0,0.0,0.0,0.0,0,0,0,0,0,0,0,0.0,0.0,0.0,0.0,0.0,,0.0,0,0.0,Low,False,0.0,0.0,0.0,0.0,Leave,True,Home,2024-11-18 09:00:00
WH24416,EMP740,2024-12-24,52,7.7,0.0,5.7,2.0,0.7,6.5,8,1,2,1,2,0,0,9.5,0.0,43.4,20.0,50.0,7.4,0.0,1,1.5,Medium,False,32.0,-6.4,96.2,0.0,,False,Remote,2024-12-24 09:00:00
WH24417,EMP740,2025-01-09,2,8.1,0.1,6.1,2.0,2.1,5.7,13,3,1,0,0,2,1,20.4,42.6,22.1,20.0,0.0,,0.0,0,2.3,Medium,False,16.0,-39.0,101.2,21.2,Client Visit,False,Home,2025-01-09 09:00:00
WH24418,EMP740,2025-01-15,3,6.4,0.0,5.4,1.0,3.4,2.2,8,6,2,2,2,0,1,36.3,30.5,36.8,37.0,25.0,5.1,0.5,3,4.3,Medium,False,51.0,-17.7,80.0,24.1,,False,Home,2025-01-15 09:00:00
WH24419,EMP740,2025-02-13,7,6.2,0.0,5.1,1.1,1.4,3.9,10,3,3,1,2,1,0,22.3,4.9,31.2,20.0,25.0,7.7,0.0,1,2.8,Medium,False,52.0,-28.2,77.5,12.5,,False,Home,2025-02-13 09:00:00
WH24420,EMP740,2025-02-27,9,0.0,0.0,0.0,0.0,0.0,0.0,0,0,0,0,0,0,0,0.0,0.0,0.0,0.0,0.0,,0.0,0,0.0,Low,False,0.0,0.0,0.0,0.0,Leave,True,Home,2025-02-27 09:00:00
WH26863,EMP815,2024-03-04,10,7.1,0.0,5.5,1.6,3.0,3.7,12,1,2,0,2,0,0,4.5,7.1,28.2,20.0,0.0,,0.0,0,4.2,Low,False,21.0,-40.0,88.8,2.4,,False,Office,2024-03-04 09:00:00
WH26864,EMP815,2024-03-28,13,5.9,0.0,4.8,1.1,0.2,5.1,16,6,1,0,0,1,1,38.7,32.5,35.8,20.0,0.0,,0.0,0,1.6,Low,False,37.0,-40.0,73.8,31.3,,False,Office,2024-03-28 09:00:00
WH26865,EMP815,2024-04-16,16,6.7,0.0,4.8,1.9,1.4,4.6,10,8,3,1,1,0,2,61.9,44.3,40.0,20.0,11.1,7.1,0.0,0,1.9,Low,False,42.0,-40.0,83.8,30.0,,False,Home,2024-04-16 09:00:00
WH26866,EMP815,2024-05-23,21,6.9,0.0,5.2,1.7,2.1,4.1,11,8,2,0,0,0,2,61.5,54.2,23.4,20.0,0.0,,0.0,0,2.5,Medium,False,44.0,-40.0,86.2,38.2,Training Day,False,Office,2024-05-23 09:00:00
WH26867,EMP815,2024-05-28,22,6.6,0.0,5.2,1.4,1.9,3.9,21,1,2,1,1,0,0,4.5,3.2,59.8,20.0,50.0,8.1,0.0,1,2.8,Medium,False,49.0,-27.6,82.5,0.0,,False,Office,2024-05-28 09:00:00
WH26868,EMP815,2024-06-03,23,6.8,0.0,5.1,1.7,3.0,3.5,22,4,2,0,1,0,0,20.4,9.8,32.2,20.0,0.0,,0.0,3,4.4,Low,False,19.0,-40.0,85.0,12.8,Holiday,False,Home,2024-06-03 09:00:00
WH26869,EMP815,2024-06-04,23,7.2,0.0,5.4,1.8,1.2,4.9,9,6,2,0,1,0,2,53.2,40.9,35.3,20.0,0.0,,0.0,1,2.2,Low,False,68.0,-40.0,90.0,33.3,,False,Home,2024-06-04 09:00:00
WH26870,EMP815,2024-06-10,24,7.1,0.0,5.9,1.2,2.6,3.9,10,1,2,1,2,0,1,9.9,16.6,50.4,20.0,50.0,6.9,0.2,0,4.0,Medium,False,36.0,-36.9,88.8,9.8,Client Visit,False,Office,2024-06-10 09:00:00
WH26871,EMP815,2024-07-01,27,6.5,0.0,5.1,1.4,2.6,3.1,6,6,2,3,0,0,0,28.4,7.7,45.7,44.2,33.3,6.0,0.0,0,3.1,Low,False,48.0,-40.0,81.2,12.2,Training Day,False,Office,2024-07-01 09:00:00
WH26872,EMP815,2024-07-10,28,6.9,0.0,5.1,1.8,2.6,3.3,14,4,3,2,0,2,0,15.7,21.8,47.9,29.2,33.3,8.0,0.0,3,3.6,Low,False,61.0,-40.0,86.2,10.7,,False,Home,2024-07-10 09:00:00
WH26873,EMP815,2024-07-22,30,8.7,0.7,6.5,2.2,3.1,5.3,11,8,1,0,2,1,2,65.4,57.2,27.1,20.0,0.0,,0.0,0,3.2,Medium,False,20.0,-40.0,108.7,44.2,Holiday,False,Home,2024-07-22 09:00:00
WH26874,EMP815,2024-07-23,30,7.0,0.0,5.5,1.5,0.1,6.2,19,3,1,3,0,0,1,19.9,35.5,49.3,36.0,50.0,7.3,0.0,0,1.6,Low,False,45.0,-36.0,87.5,10.1,,False,Home,2024-07-23 09:00:00
WH26875,EMP815,2024-07-31,31,7.9,0.0,5.6,2.3,2.1,5.1,5,4,1,2,1,0,1,37.5,23.7,39.2,21.9,33.3,8.4,0.0,2,2.2,Medium,False,44.0,-40.0,98.8,19.8,Client Visit,False,Home,2024-07-31 09:00:00
WH26876,EMP815,2024-08-12,33,7.7,0.0,6.3,1.4,1.2,6.1,3,8,3,0,1,0,3,70.5,63.2,34.5,20.0,0.0,,0.0,0,1.4,Medium,False,26.0,-40.0,96.2,42.5,,False,Office,2024-08-12 09:00:00
WH26877,EMP815,2024-08-23,34,7.0,0.0,5.4,1.6,1.8,4.5,6,1,1,0,1,0,1,13.7,20.6,32.7,20.0,0.0,,0.0,2,1.8,Medium,False,44.0,-40.0,87.5,8.1,,False,Office,2024-08-23 09:00:00
WH26878,EMP815,2024-09-03,36,8.1,0.1,6.5,1.6,2.2,5.1,20,1,2,1,1,0,0,8.2,0.0,51.7,20.0,50.0,8.5,0.0,1,3.0,Low,False,47.0,-40.0,101.2,7.6,Client Visit,False,Office,2024-09-03 09:00:00
WH26879,EMP815,2024-09-04,36,7.0,0.0,5.5,1.5,3.4,2.9,5,3,2,2,2,0,3,46.3,63.3,43.2,23.7,40.0,6.7,0.2,0,4.0,Low,False,41.0,-40.0,87.5,37.0,Holiday,False,Office,2024-09-04 09:00:00
WH26880,EMP815,2024-09-18,38,7.0,0.0,5.8,1.2,2.0,3.9,9,5,2,0,2,0,1,35.4,23.8,29.6,20.0,0.0,,0.0,0,2.6,Low,False,65.0,-40.0,87.5,25.4,Training Day,False,Home,2024-09-18 09:00:00
WH26881,EMP815,2024-09-27,39,7.3,0.0,5.8,1.5,1.9,4.2,5,2,3,1,1,1,1,10.6,41.1,48.8,20.0,33.3,7.4,0.0,2,3.2,Low,False,70.0,-31.5,91.2,20.0,,False,Office,2024-09-27 09:00:00
WH26882,EMP815,2024-09-30,40,7.0,0.0,5.0,2.0,2.9,3.4,6,4,3,3,1,1,3,46.9,65.4,54.9,48.8,42.9,6.4,0.3,1,3.9,Medium,False,40.0,-35.1,87.5,37.6,Training Day,False,Home,2024-09-30 09:00:00
WH26883,EMP815,2024-10-02,40,7.1,0.0,5.6,1.5,3.0,3.6,13,8,2,3,0,2,1,52.1,48.8,31.0,36.8,27.3,6.3,0.1,0,4.2,Medium,False,27.0,-40.0,88.8,32.2,,False,Office,2024-10-02 09:00:00
WH26884,EMP815,2024-10-11,41,7.1,0.0,6.0,1.1,3.2,2.8,15,1,3,0,2,1,0,0.0,17.4,31.0,20.0,0.0,,0.0,3,3.5,Low,False,66.0,-40.0,88.8,5.7,,False,Office,2024-10-11 09:00:00
WH26885,EMP815,2024-10-21,43,0.0,0.0,0.0,0.0,0.0,0.0,0,0,0,0,0,0,0,0.0,0.0,0.0,0.0,0.0,,0.0,0,0.0,Low,False,0.0,0.0,0.0,0.0,Leave,True,Home,2024-10-21 09:00:00
WH26886,EMP815,2024-11-19,47,7.8,0.0,6.0,1.8,1.5,6.1,13,2,1,0,2,2,2,25.3,53.1,27.5,20.0,0.0,,0.0,2,3.0,Medium,False,12.0,-40.0,97.5,23.4,,False,Office,2024-11-19 09:00:00
WH26887,EMP815,2024-12-10,50,7.1,0.0,5.9,1.2,1.8,4.6,24,8,2,3,2,1,1,46.5,34.9,51.5,47.5,27.3,7.3,0.0,1,2.4,Low,False,44.0,-40.0,88.8,18.1,,False,Office,2024-12-10 09:00:00
WH26888,EMP815,2024-12-12,50,6.6,0.0,5.6,1.0,0.9,5.0,13,1,3,0,1,1,0,9.1,33.5,29.8,20.0,0.0,,0.0,0,1.9,Low,False,40.0,-40.0,82.5,17.6,,False,Office,2024-12-12 09:00:00
WH26889,EMP815,2024-12-25,52,6.8,0.0,5.5,1.3,2.6,3.7,3,8,1,1,1,1,3,67.9,84.2,28.9,22.2,11.1,6.9,0.1,2,3.7,Medium,False,27.0,-40.0,85.0,52.5,,False,Office,2024-12-25 09:00:00
WH26890,EMP815,2024-12-30,1,7.5,0.0,5.3,2.2,3.3,3.4,21,1,1,0,1,1,1,20.2,20.5,37.1,20.0,0.0,,0.0,2,4.7,Low,False,48.0,-40.0,93.8,3.3,Training Day,False,Home,2024-12-30 09:00:00
WH26891,EMP815,2025-01-02,1,6.8,0.0,5.7,1.1,4.0,1.8,15,6,3,3,2,1,1,34.3,29.3,58.5,46.0,33.3,6.9,0.1,4,5.0,Low,False,62.0,-32.1,85.0,14.0,Training Day,False,Office,2025-01-02 09:00:00
WH26892,EMP815,2025-01-06,2,7.6,0.0,6.1,1.5,1.0,5.3,8,2,1,1,2,1,1,24.5,29.1,40.2,20.9,33.3,7.7,0.0,2,2.1,Medium,False,76.0,-40.0,95.0,14.0,,False,Home,2025-01-06 09:00:00
WH26893,EMP815,2025-01-16,3,8.5,0.5,6.5,2.0,1.0,6.5,6,4,1,0,1,0,1,34.5,29.6,27.9,20.0,0.0,,0.0,0,1.1,Medium,False,59.0,-40.0,106.2,29.9,,False,Office,2025-01-16 09:00:00
WH26894,EMP815,2025-01-23,4,0.0,0.0,0.0,0.0,0.0,0.0,0,0,0,0,0,0,0,0.0,0.0,0.0,0.0,0.0,,0.0,0,0.0,Low,False,0.0,0.0,0.0,0.0,Leave,True,Home,2025-01-23 09:00:00
WH26895,EMP815,2025-02-11,7,6.2,0.0,5.2,1.0,1.3,4.2,24,6,2,1,0,0,3,60.4,54.4,33.7,20.0,14.3,7.2,0.0,2,2.4,Low,False,42.0,-40.0,77.5,40.2,,False,Office,2025-02-11 09:00:00
WH27721,EMP841,2024-01-01,1,5.0,1.0,3.0,2.0,0.5,3.5,20,2,2,1,1,1,2,43.4,56.0,35.7,20.0,33.3,7.1,0.0,1,1.3,Low,False,61.0,-4.6,125.0,45.5,,False,Office,2024-01-01 09:00:00
WH27722,EMP841,2024-02-01,5,5.0,1.0,3.4,1.6,1.3,2.5,19,5,3,3,0,2,1,36.0,47.5,55.4,60.5,37.5,7.1,0.0,2,2.3,Low,False,70.0,26.9,125.0,32.8,Client Visit,False,Office,2024-02-01 09:00:00
WH27723,EMP841,2024-02-05,6,5.0,1.0,3.3,1.7,1.2,3.4,17,6,2,3,1,2,1,42.5,56.0,47.7,57.9,33.3,7.4,0.0,0,1.8,Low,False,26.0,4.0,125.0,33.2,Client Visit,False,Office,2024-02-05 09:00:00
WH27724,EMP841,2024-02-23,8,5.0,1.0,3.1,1.9,2.3,1.6,7,4,1,2,1,1,1,31.0,38.6,41.7,33.7,33.3,7.9,0.0,3,2.8,Low,False,64.0,-2.7,125.0,29.6,Client Visit,False,Office,2024-02-23 09:00:00
WH27725,EMP841,2024-03-06,10,5.0,1.0,3.7,1.3,1.0,3.2,11,4,1,3,1,1,0,36.3,18.6,55.4,68.0,42.9,8.8,0.0,2,1.1,Low,False,47.0,-1.4,125.0,27.2,Holiday,False,Office,2024-03-06 09:00:00
WH27726,EMP841,2024-03-11,11,5.0,1.0,3.6,1.4,1.1,3.2,15,1,2,1,2,0,1,24.8,37.5,56.9,20.0,50.0,7.9,0.0,0,2.5,Low,False,42.0,10.3,125.0,28.1,,False,Office,2024-03-11 09:00:00
WH27727,EMP841,2024-03-12,11,0.0,0.0,0.0,0.0,0.0,0.0,0,0,0,0,0,0,0,0.0,0.0,0.0,0.0,0.0,,0.0,0,0.0,Low,False,0.0,0.0,0.0,0.0,Leave,True,Home,2024-03-12 09:00:00
WH27728,EMP841,2024-03-28,13,5.0,1.0,3.4,1.6,1.7,2.4,15,2,3,0,1,2,2,37.6,63.3,34.3,20.0,0.0,,0.0,1,2.2,Low,False,54.0,-8.3,125.0,39.9,Training Day,False,Office,2024-03-28 09:00:00
WH27729,EMP841,2024-05-14,20,5.0,1.0,3.3,1.7,1.7,2.3,9,6,2,3,2,0,3,68.0,70.2,37.5,52.6,33.3,7.0,0.0,2,3.2,Low,False,57.0,-10.8,125.0,50.3,Holiday,False,Office,2024-05-14 09:00:00
WH27730,EMP841,2024-05-24,21,5.0,1.0,3.3,1.7,3.1,1.0,8,3,2,3,0,0,3,45.2,57.7,54.9,59.1,50.0,7.3,0.0,1,3.3,Low,False,52.0,8.5,125.0,40.4,Client Visit,False,Office,2024-05-24 09:00:00
WH27731,EMP841,2024-06-04,23,5.0,1.0,3.4,1.6,2.1,2.1,12,3,2,3,1,0,2,40.5,59.6,38.9,59.0,50.0,6.8,0.4,2,3.5,Low,False,48.0,-8.4,125.0,37.3,,False,Office,2024-06-04 09:00:00
WH27732,EMP841,2024-06-28,26,5.0,1.0,3.2,1.8,1.6,2.5,17,7,3,0,0,0,3,75.7,67.2,22.5,20.0,0.0,,0.0,2,1.9,Low,False,57.0,-23.7,125.0,40.7,,False,Office,2024-06-28 09:00:00
WH27733,EMP841,2024-07-01,27,5.0,1.0,3.2,1.8,0.0,4.0,25,1,1,1,0,0,1,26.7,21.6,59.0,20.0,50.0,7.7,0.0,1,1.3,Low,False,57.0,16.1,125.0,21.6,Client Visit,False,Office,2024-07-01 09:00:00
WH27734,EMP841,2024-07-05,27,5.0,1.0,3.1,1.9,2.5,1.4,25,1,1,0,1,1,0,12.4,2.1,31.5,20.0,0.0,,0.0,0,3.3,Low,False,67.0,-15.9,125.0,13.1,,False,Office,2024-07-05 09:00:00
WH27735,EMP841,2024-07-30,31,5.0,1.0,3.3,1.7,0.3,3.6,19,2,2,0,2,0,0,24.9,13.8,31.9,20.0,0.0,,0.0,0,0.8,Low,False,69.0,-12.2,125.0,18.2,,False,Office,2024-07-30 09:00:00
WH27736,EMP841,2024-08-06,32,5.0,1.0,3.1,1.9,3.2,1.1,6,1,3,0,1,0,1,20.6,17.2,13.1,20.0,0.0,,0.0,1,4.0,Low,False,42.0,-37.1,125.0,22.7,Team Offsite,False,Office,2024-08-06 09:00:00
WH27737,EMP841,2024-08-14,33,5.0,1.0,3.3,1.7,1.8,2.6,13,7,3,3,0,1,3,73.5,79.2,29.6,51.6,30.0,7.0,0.0,0,3.1,Medium,False,36.0,-21.6,125.0,74.6,Client Visit,False,Office,2024-08-14 09:00:00
WH27738,EMP841,2024-08-16,33,5.0,1.0,3.6,1.4,3.0,1.1,24,8,3,3,1,2,3,84.5,100.0,54.9,63.7,27.3,8.4,0.0,2,4.0,Low,False,51.0,8.5,125.0,67.5,Client Visit,False,Office,2024-08-16 09:00:00
WH27739,EMP841,2024-08-28,35,5.0,1.0,3.6,1.4,1.3,2.9,25,6,1,1,2,0,2,65.9,50.6,40.3,31.4,14.3,7.6,0.0,1,2.1,Low,False,47.0,-14.1,125.0,38.1,,False,Office,2024-08-28 09:00:00
WH27740,EMP841,2024-09-11,37,5.0,1.0,3.1,1.9,1.9,1.9,7,4,2,1,1,1,0,29.0,23.1,28.1,20.0,20.0,7.9,0.0,2,2.6,Low,False,74.0,-10.0,125.0,20.6,,False,Office,2024-09-11 09:00:00
WH27741,EMP841,2024-10-15,42,5.0,1.0,3.5,1.5,1.0,3.6,23,7,1,0,0,1,0,32.3,20.8,34.1,20.0,0.0,,0.0,2,1.0,Low,False,26.0,-10.8,125.0,32.2,,False,Office,2024-10-15 09:00:00
WH27742,EMP841,2024-10-18,42,5.0,1.0,3.6,1.4,1.7,2.3,8,5,2,0,1,2,0,29.1,12.2,34.9,20.0,0.0,,0.0,1,1.8,Medium,False,61.0,-8.0,125.0,20.9,,False,Office,2024-10-18 09:00:00
WH27743,EMP841,2024-10-22,43,0.0,0.0,0.0,0.0,0.0,0.0,0,0,0,0,0,0,0,0.0,0.0,0.0,0.0,0.0,,0.0,0,0.0,Low,False,0.0,0.0,0.0,0.0,Leave,True,Home,2024-10-22 09:00:00
WH27744,EMP841,2024-10-23,43,5.0,1.0,3.6,1.4,1.8,2.2,21,5,3,1,1,2,0,31.6,25.1,34.7,26.7,16.7,6.9,0.3,2,2.1,Medium,False,60.0,-8.2,125.0,25.7,,False,Office,2024-10-23 09:00:00
WH27745,EMP841,2024-11-01,44,5.0,1.0,3.2,1.8,3.6,0.6,13,7,1,0,1,1,2,60.1,54.2,18.9,20.0,0.0,,0.0,4,4.4,Medium,False,46.0,-23.2,125.0,41.6,,False,Office,2024-11-01 09:00:00
WH27746,EMP841,2024-11-22,47,5.0,1.0,3.4,1.6,0.1,4.0,20,8,2,0,2,0,3,73.5,80.7,14.7,20.0,0.0,,0.0,1,1.5,Medium,False,56.0,-32.6,125.0,46.2,,False,Office,2024-11-22 09:00:00
WH27747,EMP841,2024-12-18,51,5.0,1.0,3.7,1.3,1.6,2.4,3,8,2,2,1,0,0,47.4,14.0,32.5,45.5,20.0,5.9,0.1,0,2.0,Medium,False,62.0,-8.4,125.0,35.4,,False,Office,2024-12-18 09:00:00
WH27748,EMP841,2025-01-17,3,5.0,1.0,3.6,1.4,1.9,2.1,22,8,1,3,1,2,3,76.4,84.9,39.8,56.1,27.3,6.9,0.8,0,3.2,Medium,False,61.0,0.4,125.0,62.3,,False,Office,2025-01-17 09:00:00
WH27749,EMP841,2025-01-20,4,0.0,0.0,0.0,0.0,0.0,0.0,0,0,0,0,0,0,0,0.0,0.0,0.0,0.0,0.0,,0.0,0,0.0,Low,False,0.0,0.0,0.0,0.0,Leave,True,Home,2025-01-20 09:00:00
WH27750,EMP841,2025-01-29,5,5.0,1.0,3.2,1.8,0.7,3.2,15,8,3,0,2,2,0,41.0,34.6,31.7,20.0,0.0,,0.0,1,1.4,Medium,False,66.0,-15.2,125.0,32.8,,False,Office,2025-01-29 09:00:00
WH27751,EMP841,2025-01-30,5,5.0,1.0,3.7,1.3,1.0,3.4,23,3,1,2,1,0,0,27.4,1.2,32.4,33.8,40.0,6.1,0.5,1,1.4,Medium,False,34.0,-15.7,125.0,18.2,Team Offsite,False,Office,2025-01-30 09:00:00
WH27752,EMP841,2025-02-10,7,5.0,1.0,3.2,1.8,1.4,2.7,16,5,3,1,1,1,1,41.0,42.7,27.2,20.0,16.7,6.7,0.4,2,1.9,Medium,False,52.0,-29.7,125.0,29.1,Holiday,False,Office,2025-02-10 09:00:00
WH27753,EMP841,2025-02-27,9,5.0,1.0,3.2,1.8,2.4,2.1,19,3,2,2,0,1,3,60.1,91.7,51.8,37.0,40.0,8.2,0.0,1,2.8,Medium,False,30.0,6.2,125.0,51.0,,False,Office,2025-02-27 09:00:00
WH27787,EMP843,2024-01-08,2,8.0,0.0,5.8,2.2,1.3,6.0,14,3,2,3,1,0,1,20.9,20.0,56.8,37.8,50.0,7.0,0.0,0,2.7,Low,False,41.0,-40.0,100.0,11.6,Training Day,False,Office,2024-01-08 09:00:00
WH27788,EMP843,2024-01-23,4,6.6,0.0,5.2,1.4,0.0,6.2,24,7,1,2,1,1,0,29.9,24.3,33.9,37.9,22.2,6.6,1.3,0,0.3,Medium,False,22.0,-40.0,82.5,21.7,Team Offsite,False,Office,2024-01-23 09:00:00
WH27789,EMP843,2024-01-25,4,7.6,0.0,6.4,1.2,2.3,4.9,5,8,2,2,0,1,2,63.7,51.9,36.5,28.2,20.0,6.9,0.2,0,3.1,Medium,False,23.0,-40.0,95.0,33.9,,False,Office,2024-01-25 09:00:00
WH27790,EMP843,2024-01-26,4,6.2,0.0,4.5,1.7,2.6,2.6,19,4,1,2,0,2,0,19.4,26.0,56.2,31.4,33.3,7.5,0.0,3,3.1,Low,False,59.0,-34.7,77.5,17.2,,False,Office,2024-01-26 09:00:00
WH27791,EMP843,2024-03-04,10,5.9,0.0,4.6,1.3,2.4,2.7,18,6,2,1,2,2,1,39.7,51.2,41.6,20.0,14.3,6.9,0.1,2,3.0,Medium,False,48.0,-40.0,73.8,28.0,,False,Office,2024-03-04 09:00:00
WH27792,EMP843,2024-03-15,11,6.8,0.0,5.3,1.5,2.5,3.3,15,5,1,3,1,1,2,51.5,62.9,44.9,48.0,37.5,7.6,0.0,2,3.9,Medium,False,57.0,-40.0,85.0,29.7,,False,Office,2024-03-15 09:00:00
WH27793,EMP843,2024-03-21,12,6.5,0.0,4.8,1.7,2.4,3.3,18,2,3,0,1,1,1,18.8,37.6,26.1,20.0,0.0,,0.0,3,3.3,Medium,False,47.0,-40.0,81.2,16.0,,False,Office,2024-03-21 09:00:00
WH27794,EMP843,2024-03-25,13,7.6,0.0,6.4,1.2,2.3,4.6,13,4,1,3,2,0,2,46.2,38.9,59.3,41.7,42.9,8.0,0.0,2,2.3,Low,False,39.0,-32.3,95.0,38.3,Team Offsite,False,Office,2024-03-25 09:00:00
WH27795,EMP843,2024-05-08,19,0.0,0.0,0.0,0.0,0.0,0.0,0,0,0,0,0,0,0,0.0,0.0,0.0,0.0,0.0,,0.0,0,0.0,Low,False,0.0,0.0,0.0,0.0,Leave,True,Home,2024-05-08 09:00:00
WH27796,EMP843,2024-05-31,22,6.4,0.0,5.3,1.1,0.7,5.0,4,8,2,1,2,2,1,48.1,52.6,34.7,20.0,11.1,6.1,0.2,0,0.9,Low,False,42.0,-40.0,80.0,33.9,,False,Home,2024-05-31 09:00:00
WH27797,EMP843,2024-06-21,25,6.8,0.0,5.5,1.3,2.1,3.4,11,2,3,0,0,0,2,25.7,34.7,32.6,20.0,0.0,,0.0,3,2.2,Low,False,76.0,-40.0,85.0,7.5,Holiday,False,Office,2024-06-21 09:00:00
WH27798,EMP843,2024-06-24,26,6.6,0.0,5.5,1.1,2.0,3.9,17,5,3,3,1,2,3,54.1,81.8,51.2,50.5,37.5,8.1,0.0,0,2.7,Low,False,42.0,-35.9,82.5,34.2,,False,Home,2024-06-24 09:00:00
WH27799,EMP843,2024-06-28,26,6.4,0.0,4.8,1.6,2.3,3.7,13,3,1,3,2,0,2,36.6,42.0,59.2,49.3,50.0,7.1,0.0,1,3.3,Low,False,27.0,-37.0,80.0,27.0,Team Offsite,False,Office,2024-06-28 09:00:00
WH27800,EMP843,2024-07-03,27,6.1,0.0,5.1,1.0,0.5,4.7,23,7,1,2,2,1,0,38.1,47.3,55.7,44.4,22.2,8.5,0.0,1,1.2,Low,False,55.0,-39.9,76.2,26.0,Team Offsite,False,Office,2024-07-03 09:00:00
WH27801,EMP843,2024-07-04,27,7.2,0.0,5.6,1.6,2.7,3.9,22,7,3,1,0,0,2,56.4,58.2,43.2,20.0,12.5,7.1,0.0,2,3.0,Low,False,36.0,-40.0,90.0,38.8,,False,Office,2024-07-04 09:00:00
WH27802,EMP843,2024-07-26,30,6.3,0.0,4.9,1.4,2.5,2.9,5,7,3,3,0,1,2,46.7,56.0,56.6,50.4,30.0,8.2,0.0,2,2.9,Low,False,51.0,-22.4,78.8,34.9,Holiday,False,Home,2024-07-26 09:00:00
WH27803,EMP843,2024-09-09,37,5.6,0.0,4.5,1.1,1.4,3.3,9,2,3,2,2,0,0,0.3,4.5,49.7,27.4,50.0,6.5,0.2,1,2.5,Low,False,55.0,-40.0,70.0,11.3,Training Day,False,Home,2024-09-09 09:00:00
WH27804,EMP843,2024-09-30,40,0.0,0.0,0.0,0.0,0.0,0.0,0,0,0,0,0,0,0,0.0,0.0,0.0,0.0,0.0,,0.0,0,0.0,Low,False,0.0,0.0,0.0,0.0,Leave,True,Home,2024-09-30 09:00:00
WH27805,EMP843,2024-10-01,40,6.9,0.0,5.8,1.1,0.7,5.5,15,1,3,0,0,1,1,11.0,38.9,41.4,20.0,0.0,,0.0,0,2.2,Low,False,39.0,-40.0,86.2,16.1,Holiday,False,Office,2024-10-01 09:00:00
WH27806,EMP843,2024-10-14,42,6.6,0.0,4.9,1.7,0.0,6.0,23,2,3,1,2,1,1,19.1,32.0,46.3,20.0,33.3,7.5,0.0,1,1.1,Low,False,36.0,-40.0,82.5,26.9,,False,Office,2024-10-14 09:00:00
WH27807,EMP843,2024-10-18,42,6.9,0.0,5.4,1.5,3.3,2.4,20,4,3,3,2,1,2,32.0,61.8,62.5,38.4,42.9,7.4,0.0,3,3.9,Low,False,70.0,-32.7,86.2,16.6,,False,Office,2024-10-18 09:00:00
WH27808,EMP843,2024-10-24,43,6.4,0.0,5.1,1.3,0.0,5.9,20,8,2,1,0,1,3,70.5,66.5,45.5,20.0,11.1,7.4,0.0,0,1.1,Low,False,33.0,-40.0,80.0,46.4,Client Visit,False,Office,2024-10-24 09:00:00
WH27809,EMP843,2024-11-01,44,8.2,0.2,6.0,2.2,0.8,6.9,18,8,3,2,2,1,3,76.9,85.3,43.4,20.0,20.0,6.3,0.6,1,1.1,Low,False,29.0,-40.0,102.5,55.0,Holiday,False,Home,2024-11-01 09:00:00
WH27810,EMP843,2024-11-08,45,7.2,0.0,5.5,1.7,2.3,4.2,19,8,2,3,2,2,0,30.2,54.7,59.0,39.0,27.3,8.3,0.0,1,3.0,Low,False,40.0,-39.3,90.0,25.2,Holiday,False,Home,2024-11-08 09:00:00
WH27811,EMP843,2024-12-17,51,6.9,0.0,5.8,1.1,2.0,4.2,16,4,1,0,2,2,1,27.7,43.2,41.4,20.0,0.0,,0.0,0,3.5,Low,False,45.0,-40.0,86.2,14.3,,False,Office,2024-12-17 09:00:00
WH27812,EMP843,2025-01-02,1,6.7,0.0,5.6,1.1,1.2,5.1,17,2,2,0,0,0,2,32.8,38.4,32.0,20.0,0.0,,0.0,2,2.5,Low,False,24.0,-40.0,83.8,32.2,,False,Home,2025-01-02 09:00:00
WH27813,EMP843,2025-01-06,2,6.2,0.0,4.9,1.3,1.0,4.5,14,4,3,1,0,2,1,23.3,45.5,35.4,20.0,20.0,6.9,0.5,1,1.8,Low,False,41.0,-40.0,77.5,15.7,,False,Home,2025-01-06 09:00:00
WH27814,EMP843,2025-01-21,4,5.7,0.0,4.4,1.3,3.1,1.7,3,7,3,0,2,1,1,33.9,37.8,40.1,20.0,0.0,,0.0,2,3.4,Low,False,52.0,-40.0,71.2,21.4,Training Day,False,Office,2025-01-21 09:00:00
WH27815,EMP843,2025-01-24,4,7.3,0.0,5.6,1.7,2.9,3.8,12,7,3,2,2,0,3,75.6,81.4,40.7,20.5,22.2,7.0,0.0,2,3.1,Low,False,36.0,-40.0,91.2,47.4,,False,Office,2025-01-24 09:00:00
WH27816,EMP843,2025-01-28,5,6.9,0.0,5.6,1.3,1.5,4.2,22,4,1,0,2,0,0,19.6,11.8,47.3,20.0,0.0,,0.0,2,2.4,Low,False,70.0,-40.0,86.2,10.6,Team Offsite,False,Office,2025-01-28 09:00:00
WH27817,EMP843,2025-01-31,5,6.6,0.0,5.3,1.3,0.7,5.3,12,1,3,1,1,0,0,3.6,0.0,64.8,20.0,50.0,8.7,0.0,0,0.7,Low,False,34.0,-32.4,82.5,5.4,Client Visit,False,Home,2025-01-31 09:00:00
WH27818,EMP843,2025-02-03,6,7.0,0.0,5.5,1.5,2.9,3.9,17,8,1,2,1,1,0,40.5,18.6,50.2,41.9,20.0,8.4,0.0,3,3.9,Low,False,13.0,-34.8,87.5,14.2,,False,Office,2025-02-03 09:00:00
WH27819,EMP843,2025-02-13,7,6.6,0.0,5.4,1.2,0.9,5.2,18,5,1,3,2,2,1,36.7,53.0,52.2,40.6,37.5,8.1,0.0,1,2.1,Low,False,32.0,-39.6,82.5,38.7,Training Day,False,Home,2025-02-13 09:00:00
WH29635,EMP899,2024-01-04,1,7.5,0.0,5.5,2.0,0.0,6.5,23,1,3,0,2,1,1,9.8,18.2,22.1,20.0,0.0,,0.0,0,0.5,Medium,False,62.0,-40.0,93.8,7.3,Holiday,False,Office,2024-01-04 09:00:00
WH29636,EMP899,2024-02-09,6,8.2,0.2,6.8,1.4,3.1,4.5,6,7,1,0,0,1,1,42.2,40.9,28.1,20.0,0.0,,0.0,0,3.7,Medium,False,35.0,-40.0,102.5,29.1,,False,Office,2024-02-09 09:00:00
WH29637,EMP899,2024-02-22,8,8.2,0.2,6.1,2.1,3.4,4.4,22,4,3,0,1,2,3,57.5,86.7,24.5,20.0,0.0,,0.0,0,4.2,Medium,False,21.0,-40.0,102.5,43.3,,False,Office,2024-02-22 09:00:00
WH29638,EMP899,2024-03-05,10,9.5,1.5,7.1,2.4,2.8,6.0,22,5,2,0,0,1,3,62.3,70.8,26.6,20.0,0.0,,0.0,0,3.4,Medium,False,41.0,-40.0,118.8,60.7,Holiday,False,Office,2024-03-05 09:00:00
WH29639,EMP899,2024-04-08,15,8.4,0.4,6.6,1.8,0.3,7.2,23,4,2,1,0,0,3,49.5,75.7,18.9,20.0,20.0,6.1,0.5,0,0.7,Medium,False,52.0,-40.0,105.0,38.4,Training Day,False,Office,2024-04-08 09:00:00
WH29640,EMP899,2024-04-15,16,8.3,0.3,5.9,2.4,1.2,6.6,13,1,1,1,2,0,0,5.5,0.0,40.4,20.0,50.0,6.6,0.5,0,2.3,Medium,False,32.0,-40.0,103.8,0.0,Client Visit,False,Office,2024-04-15 09:00:00
WH29641,EMP899,2024-04-25,17,7.7,0.0,6.3,1.4,0.9,6.2,20,2,1,2,0,0,2,36.6,48.4,44.1,25.3,50.0,5.4,0.2,0,2.0,Medium,False,33.0,-40.0,96.2,30.0,,False,Office,2024-04-25 09:00:00
WH29642,EMP899,2024-05-01,18,6.6,0.0,5.0,1.6,1.4,3.9,17,3,2,1,2,2,3,43.4,91.1,27.3,20.0,25.0,6.4,0.0,1,2.3,Medium,False,75.0,-40.0,82.5,36.0,,False,Office,2024-05-01 09:00:00
WH29643,EMP899,2024-05-28,22,7.8,0.0,5.7,2.1,1.8,4.9,23,7,2,1,1,2,3,59.0,84.9,38.3,20.0,12.5,6.8,0.4,1,2.5,Medium,False,68.0,-40.0,97.5,53.7,,False,Office,2024-05-28 09:00:00
WH29644,EMP899,2024-05-31,22,8.4,0.4,5.9,2.5,1.6,6.1,24,4,1,1,2,2,3,46.3,85.9,35.9,20.0,20.0,6.9,0.9,1,3.1,Medium,False,43.0,-40.0,105.0,43.0,,False,Office,2024-05-31 09:00:00
WH29645,EMP899,2024-06-03,23,8.1,0.1,5.8,2.3,2.0,5.2,5,2,2,2,1,0,1,18.2,20.6,46.5,26.7,50.0,8.0,0.0,0,3.2,Medium,False,53.0,-40.0,101.2,11.7,Training Day,False,Office,2024-06-03 09:00:00
WH29646,EMP899,2024-06-17,25,8.8,0.8,7.2,1.6,1.9,6.4,4,2,3,1,2,0,1,21.6,25.4,36.3,20.0,33.3,7.8,0.0,2,3.2,Medium,False,32.0,-40.0,110.0,21.6,,False,Office,2024-06-17 09:00:00
WH29647,EMP899,2024-06-24,26,7.7,0.0,6.1,1.6,2.6,3.8,4,2,2,1,1,1,2,34.1,56.4,44.4,20.0,33.3,6.8,0.2,3,3.5,High,False,75.0,-40.0,96.2,33.0,,False,Office,2024-06-24 09:00:00
WH29648,EMP899,2024-07-08,28,9.1,1.1,7.6,1.5,1.4,6.8,15,4,1,1,0,2,0,24.5,33.0,49.0,20.0,20.0,7.8,0.0,2,1.8,Medium,False,54.0,-40.0,113.8,27.8,,False,Office,2024-07-08 09:00:00
WH29649,EMP899,2024-07-15,29,9.2,1.2,7.4,1.8,2.9,5.8,9,8,2,3,1,1,2,71.4,75.2,34.5,35.9,27.3,6.0,0.0,1,4.4,High,False,31.0,-40.0,115.0,51.8,,False,Office,2024-07-15 09:00:00
WH29650,EMP899,2024-07-22,30,7.9,0.0,6.5,1.4,3.2,3.8,10,1,3,0,2,0,0,7.5,6.7,14.4,20.0,0.0,,0.0,2,3.9,Medium,False,53.0,-40.0,98.8,8.8,,False,Office,2024-07-22 09:00:00
WH29651,EMP899,2024-07-23,30,9.9,1.9,8.4,1.5,1.7,7.7,17,8,1,3,2,1,1,51.5,41.7,27.4,40.0,27.3,6.7,0.1,0,2.7,High,False,31.0,-40.0,123.8,47.0,Holiday,False,Office,2024-07-23 09:00:00
WH29652,EMP899,2024-08-05,32,8.2,0.2,6.4,1.8,0.8,6.9,21,4,1,0,2,2,1,25.2,58.7,21.4,20.0,0.0,,0.0,0,1.9,High,False,28.0,-40.0,102.5,29.9,Team Offsite,False,Office,2024-08-05 09:00:00
WH29653,EMP899,2024-08-06,32,8.4,0.4,6.9,1.5,2.5,5.1,5,5,2,2,0,1,3,60.8,74.8,31.3,32.1,28.6,6.2,0.0,1,4.0,Medium,False,48.0,-40.0,105.0,49.0,Holiday,False,Office,2024-08-06 09:00:00
WH29654,EMP899,2024-08-12,33,0.0,0.0,0.0,0.0,0.0,0.0,0,0,0,0,0,0,0,0.0,0.0,0.0,0.0,0.0,,0.0,0,0.0,Low,False,0.0,0.0,0.0,0.0,Leave,True,Home,2024-08-12 09:00:00
WH29655,EMP899,2024-08-16,33,8.5,0.5,6.5,2.0,1.0,6.6,18,3,3,0,2,0,3,47.6,75.0,24.0,20.0,0.0,,0.0,2,1.4,High,False,53.0,-40.0,106.2,45.5,,False,Office,2024-08-16 09:00:00
WH29656,EMP899,2024-09-16,38,8.5,0.5,6.9,1.6,0.2,7.5,14,5,1,1,1,1,2,39.0,45.7,19.3,20.0,16.7,6.3,0.8,1,0.3,Medium,False,49.0,-40.0,106.2,33.0,Team Offsite,False,Office,2024-09-16 09:00:00
WH29657,EMP899,2024-09-19,38,8.0,0.0,6.4,1.6,3.0,4.6,16,7,1,3,0,0,0,35.9,21.6,23.0,26.0,30.0,4.6,0.0,2,3.0,High,False,22.0,-40.0,100.0,19.4,Client Visit,False,Office,2024-09-19 09:00:00
WH29658,EMP899,2024-09-23,39,8.3,0.3,6.4,1.9,1.3,6.7,14,6,3,0,1,0,1,51.8,29.4,23.9,20.0,0.0,,0.0,1,2.7,High,False,16.0,-40.0,103.8,26.0,,False,Office,2024-09-23 09:00:00
WH29659,EMP899,2024-10-14,42,8.0,0.0,6.4,1.6,3.0,4.1,11,2,2,0,1,2,2,37.1,73.8,30.1,20.0,0.0,,0.0,2,3.6,High,False,55.0,-40.0,100.0,19.2,,False,Office,2024-10-14 09:00:00
WH29660,EMP899,2024-10-16,42,8.4,0.4,6.4,2.0,1.8,6.3,20,8,3,0,2,2,2,53.5,76.5,23.3,20.0,0.0,,0.0,0,3.0,High,False,21.0,-40.0,105.0,35.4,Client Visit,False,Office,2024-10-16 09:00:00
WH29661,EMP899,2024-10-25,43,9.1,1.1,6.7,2.4,3.1,5.3,15,6,2,1,2,1,0,39.9,27.2,19.3,20.0,14.3,5.7,0.3,2,3.6,High,False,39.0,-40.0,113.8,24.8,Client Visit,False,Office,2024-10-25 09:00:00
WH29662,EMP899,2024-11-07,45,8.4,0.4,6.3,2.1,1.9,6.0,3,2,1,2,0,0,2,38.2,47.5,37.9,29.1,50.0,6.2,0.5,1,2.1,High,False,33.0,-40.0,105.0,26.9,,False,Office,2024-11-07 09:00:00
WH29663,EMP899,2024-11-13,46,8.4,0.4,6.0,2.4,2.2,5.5,8,5,2,3,0,0,1,31.7,9.0,21.7,40.0,37.5,5.0,0.3,2,2.2,High,False,40.0,-40.0,105.0,14.6,Client Visit,False,Office,2024-11-13 09:00:00
WH29664,EMP899,2024-11-15,46,8.7,0.7,7.0,1.7,2.3,5.8,25,7,2,3,2,2,0,34.3,18.4,28.6,42.2,30.0,5.6,1.0,3,2.5,High,False,34.0,-40.0,108.7,18.9,,False,Office,2024-11-15 09:00:00
WH29665,EMP899,2025-01-02,1,8.7,0.7,6.6,2.1,0.6,7.2,12,5,2,3,0,0,1,38.6,29.7,37.5,34.5,37.5,5.8,0.0,1,0.9,High,False,51.0,-40.0,108.7,27.8,,False,Office,2025-01-02 09:00:00
WH29666,EMP899,2025-01-13,3,0.0,0.0,0.0,0.0,0.0,0.0,0,0,0,0,0,0,0,0.0,0.0,0.0,0.0,0.0,,0.0,0,0.0,Low,False,0.0,0.0,0.0,0.0,Leave,True,Home,2025-01-13 09:00:00
WH29667,EMP899,2025-02-11,7,9.0,1.0,7.0,2.0,1.4,6.8,8,2,2,0,0,0,2,38.7,31.4,17.3,20.0,0.0,,0.0,2,1.9,High,False,50.0,-40.0,112.5,32.7,Training Day,False,Office,2025-02-11 09:00:00
WH30856,EMP936,2024-08-02,31,5.0,1.0,3.5,1.5,1.8,2.7,12,8,2,1,1,2,1,63.4,68.0,38.0,23.4,11.1,7.7,0.0,1,3.0,Low,False,33.0,-34.2,125.0,50.2,,False,Office,2024-08-02 09:00:00
WH30857,EMP936,2024-08-12,33,5.0,1.0,3.6,1.4,2.6,1.4,17,1,3,0,0,0,1,20.2,23.0,35.6,20.0,0.0,,0.0,3,3.9,Low,False,57.0,-36.9,125.0,19.6,,False,Office,2024-08-12 09:00:00
WH30858,EMP936,2024-08-23,34,0.0,0.0,0.0,0.0,0.0,0.0,0,0,0,0,0,0,0,0.0,0.0,0.0,0.0,0.0,,0.0,0,0.0,Low,False,0.0,0.0,0.0,0.0,Leave,True,Home,2024-08-23 09:00:00
WH30859,EMP936,2024-08-26,35,5.0,1.0,3.7,1.3,1.2,2.4,3,3,3,0,2,1,1,42.8,39.3,31.3,20.0,0.0,,0.0,0,2.7,Low,False,82.0,-40.0,125.0,38.8,,False,Office,2024-08-26 09:00:00
WH30860,EMP936,2024-08-27,35,5.0,1.0,3.3,1.7,2.3,2.5,12,3,2,0,1,2,3,59.2,87.1,34.1,20.0,0.0,,0.0,0,3.1,Low,False,10.0,-40.0,125.0,45.9,,False,Office,2024-08-27 09:00:00
WH30861,EMP936,2024-08-28,35,5.0,1.0,3.6,1.4,0.7,3.5,15,2,2,2,0,0,1,29.2,18.5,60.3,49.6,50.0,8.0,0.0,0,1.4,Low,False,45.0,-21.6,125.0,24.6,Training Day,False,Office,2024-08-28 09:00:00
WH30862,EMP936,2024-08-30,35,5.0,1.0,3.7,1.3,1.5,2.8,20,6,3,0,2,0,3,69.1,62.9,27.9,20.0,0.0,,0.0,0,1.9,Low,False,41.0,-40.0,125.0,52.2,Team Offsite,False,Office,2024-08-30 09:00:00
WH30863,EMP936,2024-09-04,36,5.0,1.0,3.0,2.0,0.9,3.1,8,6,1,0,2,2,3,70.0,93.6,29.1,20.0,0.0,,0.0,0,2.1,Low,False,57.0,-40.0,125.0,59.7,,False,Office,2024-09-04 09:00:00
WH30864,EMP936,2024-09-16,38,5.0,1.0,3.2,1.8,1.1,3.2,3,6,2,1,0,1,2,64.1,55.3,52.3,20.0,14.3,8.3,0.0,2,1.2,Low,False,39.0,-28.8,125.0,57.7,,False,Office,2024-09-16 09:00:00
WH30865,EMP936,2024-09-17,38,5.0,1.0,3.5,1.5,2.8,1.5,20,8,1,1,0,0,1,64.8,49.1,43.8,20.0,11.1,8.2,0.0,2,3.7,Low,False,44.0,-27.5,125.0,38.0,,False,Office,2024-09-17 09:00:00
WH30866,EMP936,2024-09-18,38,5.0,1.0,3.1,1.9,2.0,2.0,4,8,2,3,2,2,3,75.9,97.3,46.3,59.7,27.3,8.8,0.0,0,2.1,Low,False,60.0,-40.0,125.0,65.4,Client Visit,False,Office,2024-09-18 09:00:00
WH30867,EMP936,2024-09-24,39,5.0,1.0,3.1,1.9,2.2,2.1,15,6,2,1,0,2,2,55.5,69.5,44.8,20.0,14.3,8.9,0.0,1,2.7,Low,False,40.0,-35.0,125.0,49.0,,False,Office,2024-09-24 09:00:00
WH30868,EMP936,2024-09-30,40,5.0,1.0,3.1,1.9,3.3,1.1,18,6,3,2,1,1,2,56.1,64.6,53.3,35.1,25.0,8.0,0.0,4,3.8,Low,False,38.0,-25.2,125.0,43.3,,False,Office,2024-09-30 09:00:00
WH30869,EMP936,2024-10-08,41,5.0,1.0,3.1,1.9,2.9,1.3,10,8,3,0,1,2,1,57.2,60.0,32.4,20.0,0.0,,0.0,0,3.4,Low,False,50.0,-40.0,125.0,39.1,,False,Office,2024-10-08 09:00:00
WH30870,EMP936,2024-10-16,42,5.0,1.0,3.6,1.4,2.2,2.3,5,7,3,0,0,1,1,50.6,37.5,27.9,20.0,0.0,,0.0,3,3.7,Low,False,31.0,-40.0,125.0,44.5,Client Visit,False,Office,2024-10-16 09:00:00
WH30871,EMP936,2024-10-21,43,5.0,1.0,3.5,1.5,2.3,1.5,11,5,1,1,0,0,2,51.8,49.5,43.4,20.0,16.7,8.1,0.0,2,3.1,Low,False,70.0,-35.8,125.0,41.5,Client Visit,False,Office,2024-10-21 09:00:00
WH30872,EMP936,2024-10-23,43,5.0,1.0,3.5,1.5,2.5,1.5,10,1,3,1,1,0,0,9.2,13.1,59.0,20.0,50.0,7.0,0.0,1,3.2,Low,False,62.0,-20.9,125.0,10.1,,False,Office,2024-10-23 09:00:00
WH30873,EMP936,2024-10-29,44,0.0,0.0,0.0,0.0,0.0,0.0,0,0,0,0,0,0,0,0.0,0.0,0.0,0.0,0.0,,0.0,0,0.0,Low,False,0.0,0.0,0.0,0.0,Leave,True,Home,2024-10-29 09:00:00
WH30874,EMP936,2024-10-31,44,5.0,1.0,3.6,1.4,2.3,1.7,24,3,1,3,1,0,1,37.9,26.1,56.1,55.8,50.0,7.5,0.0,3,3.6,Low,False,58.0,-14.4,125.0,39.0,Client Visit,False,Office,2024-10-31 09:00:00
WH30875,EMP936,2024-11-18,47,5.0,1.0,3.7,1.3,3.3,1.3,6,1,3,0,2,0,0,5.4,13.8,35.8,20.0,0.0,,0.0,4,4.3,Low,False,27.0,-30.0,125.0,10.7,,False,Office,2024-11-18 09:00:00
WH30876,EMP936,2024-11-22,47,5.0,1.0,3.7,1.3,2.4,2.0,10,3,1,3,1,0,0,28.4,0.0,71.6,54.7,50.0,9.0,0.0,3,2.5,Low,False,36.0,-15.5,125.0,15.3,,False,Office,2024-11-22 09:00:00
WH30877,EMP936,2024-11-26,48,5.0,1.0,3.2,1.8,1.9,2.3,5,7,1,0,1,2,1,56.5,63.1,32.5,20.0,0.0,,0.0,0,2.0,Low,False,47.0,-40.0,125.0,46.3,,False,Office,2024-11-26 09:00:00
WH30878,EMP936,2024-12-04,49,5.0,1.0,3.2,1.8,1.6,2.8,23,1,2,0,1,0,1,23.4,26.9,43.9,20.0,0.0,,0.0,1,2.2,Low,False,34.0,-28.2,125.0,24.0,Training Day,False,Office,2024-12-04 09:00:00
WH30879,EMP936,2024-12-10,50,5.0,1.0,3.5,1.5,1.9,2.9,9,5,1,2,0,2,1,42.3,47.1,52.2,43.6,28.6,7.8,0.0,0,2.5,Low,False,13.0,-28.8,125.0,23.8,,False,Office,2024-12-10 09:00:00
WH30880,EMP936,2024-12-13,50,5.9,1.9,3.9,2.0,1.6,3.6,23,4,2,2,2,0,0,36.3,5.1,47.7,34.4,33.3,6.8,0.3,0,1.6,Low,False,41.0,-31.0,140.0,30.7,Holiday,False,Office,2024-12-13 09:00:00
WH30881,EMP936,2024-12-24,52,5.0,1.0,3.2,1.8,2.1,1.9,13,6,1,3,0,2,0,35.1,35.3,56.3,57.0,33.3,7.9,0.0,3,2.9,Low,False,62.0,-23.1,125.0,28.9,,False,Office,2024-12-24 09:00:00
WH30882,EMP936,2025-01-01,1,5.0,1.0,3.7,1.3,0.5,3.5,3,2,1,1,0,0,2,41.5,44.8,49.7,20.0,33.3,8.3,0.0,1,0.6,Low,False,57.0,-22.2,125.0,33.3,,False,Office,2025-01-01 09:00:00
WH30883,EMP936,2025-01-21,4,5.0,1.0,3.7,1.3,3.2,1.1,9,2,1,0,2,2,2,41.7,73.4,32.1,20.0,0.0,,0.0,2,3.8,Low,False,42.0,-40.0,125.0,42.8,Holiday,False,Office,2025-01-21 09:00:00
WH30884,EMP936,2025-01-28,5,5.0,1.0,3.2,1.8,1.9,2.2,24,6,2,2,0,0,0,43.9,20.0,42.0,41.4,25.0,7.2,0.0,0,2.8,Low,False,56.0,-33.1,125.0,29.2,,False,Office,2025-01-28 09:00:00
WH30885,EMP936,2025-02-10,7,5.0,1.0,3.2,1.8,2.8,1.4,7,7,1,1,0,2,0,49.7,36.6,36.1,20.0,12.5,7.4,0.0,0,2.9,Low,False,51.0,-36.7,125.0,40.3,Holiday,False,Office,2025-02-10 09:00:00
WH30886,EMP936,2025-02-19,8,5.0,1.0,3.5,1.5,2.7,1.3,25,5,3,1,0,2,3,55.5,94.3,48.8,30.0,16.7,8.7,0.0,0,2.8,Low,False,57.0,-31.7,125.0,59.2,,False,Office,2025-02-19 09:00:00
WH30887,EMP936,2025-02-25,9,5.0,1.0,3.2,1.8,2.2,2.0,12,5,1,1,0,2,1,41.3,44.5,40.1,24.1,16.7,7.8,0.0,3,2.3,Low,False,46.0,-35.9,125.0,29.1,,False,Office,2025-02-25 09:00:00
WH30888,EMP936,2025-02-26,9,0.0,0.0,0.0,0.0,0.0,0.0,0,0,0,0,0,0,0,0.0,0.0,0.0,0.0,0.0,,0.0,0,0.0,Low,False,0.0,0.0,0.0,0.0,Leave,True,Home,2025-02-26 09:00:00
WH34321,EMP1041,2024-01-30,5,0.0,0.0,0.0,0.0,0.0,0.0,0,0,0,0,0,0,0,0.0,0.0,0.0,0.0,0.0,,0.0,0,0.0,Low,False,0.0,0.0,0.0,0.0,Leave,True,Home,2024-01-30 09:00:00
WH34322,EMP1041,2024-03-01,9,6.0,0.0,5.0,1.0,1.3,4.0,4,5,2,2,0,1,2,46.4,35.1,43.7,34.0,28.6,7.9,0.0,0,2.1,Low,False,42.0,-40.0,75.0,20.7,Team Offsite,False,Remote,2024-03-01 09:00:00
WH34323,EMP1041,2024-03-13,11,6.7,0.0,5.0,1.7,3.0,2.8,13,6,1,0,2,2,3,71.0,84.4,36.9,20.0,0.0,,0.0,3,4.0,Low,False,53.0,-40.0,83.8,41.5,,False,Remote,2024-03-13 09:00:00
WH34324,EMP1041,2024-04-05,14,6.3,0.0,4.8,1.5,0.4,5.3,15,8,1,2,0,1,1,44.1,41.6,48.6,31.0,20.0,7.0,0.0,0,1.0,Low,False,35.0,-40.0,78.8,29.9,,False,Home,2024-04-05 09:00:00
WH34325,EMP1041,2024-04-30,18,0.0,0.0,0.0,0.0,0.0,0.0,0,0,0,0,0,0,0,0.0,0.0,0.0,0.0,0.0,,0.0,0,0.0,Low,False,0.0,0.0,0.0,0.0,Leave,True,Home,2024-04-30 09:00:00
WH34326,EMP1041,2024-05-08,19,0.0,0.0,0.0,0.0,0.0,0.0,0,0,0,0,0,0,0,0.0,0.0,0.0,0.0,0.0,,0.0,0,0.0,Low,False,0.0,0.0,0.0,0.0,Leave,True,Home,2024-05-08 09:00:00
WH34327,EMP1041,2024-05-13,20,6.8,0.0,5.1,1.7,3.6,2.1,15,3,3,3,2,0,1,29.4,17.6,51.6,39.7,50.0,6.5,0.3,4,3.7,Low,False,64.0,-30.9,85.0,18.7,,False,Home,2024-05-13 09:00:00
WH34328,EMP1041,2024-05-23,21,7.3,0.0,6.1,1.2,0.2,6.5,16,6,3,0,1,0,0,16.7,0.0,32.9,20.0,0.0,,0.0,0,1.6,Medium,False,34.0,-40.0,91.2,11.4,Holiday,False,Home,2024-05-23 09:00:00
WH34329,EMP1041,2024-06-21,25,7.0,0.0,5.2,1.8,1.8,4.5,5,4,3,2,2,0,3,49.0,57.2,41.3,27.8,33.3,6.7,0.3,0,2.6,Low,False,45.0,-40.0,87.5,40.2,Client Visit,False,Home,2024-06-21 09:00:00
WH34330,EMP1041,2024-08-09,32,6.5,0.0,5.4,1.1,2.9,2.7,9,4,3,0,0,0,0,22.3,14.4,24.3,20.0,0.0,,0.0,2,3.7,Medium,False,56.0,-40.0,81.2,8.1,Client Visit,False,Remote,2024-08-09 09:00:00
WH34331,EMP1041,2024-08-16,33,7.4,0.0,5.6,1.8,2.0,5.1,19,5,1,2,1,1,0,27.9,18.0,35.6,29.4,28.6,6.4,0.5,3,3.3,Low,False,18.0,-40.0,92.5,13.2,,False,Home,2024-08-16 09:00:00
WH34332,EMP1041,2024-08-26,35,7.3,0.0,5.9,1.4,2.2,4.4,25,7,3,0,2,2,1,40.8,49.0,28.3,20.0,0.0,,0.0,2,3.3,Medium,False,44.0,-40.0,91.2,17.6,,False,Remote,2024-08-26 09:00:00
WH34333,EMP1041,2024-08-30,35,8.2,0.2,6.9,1.3,2.7,4.7,23,6,1,0,0,2,1,40.0,59.5,35.6,20.0,0.0,,0.0,3,3.8,Medium,False,46.0,-40.0,102.5,24.8,Team Offsite,False,Home,2024-08-30 09:00:00
WH34334,EMP1041,2024-09-03,36,7.0,0.0,5.3,1.7,4.0,2.3,16,6,1,0,0,0,1,44.5,25.2,31.6,20.0,0.0,,0.0,1,4.8,Medium,False,43.0,-40.0,87.5,24.2,,False,Remote,2024-09-03 09:00:00
WH34335,EMP1041,2024-09-20,38,0.0,0.0,0.0,0.0,0.0,0.0,0,0,0,0,0,0,0,0.0,0.0,0.0,0.0,0.0,,0.0,0,0.0,Low,False,0.0,0.0,0.0,0.0,Leave,True,Home,2024-09-20 09:00:00
WH34336,EMP1041,2024-10-21,43,7.0,0.0,5.0,2.0,1.4,5.2,4,7,1,0,2,1,1,42.8,32.4,33.0,20.0,0.0,,0.0,1,2.6,Medium,False,24.0,-40.0,87.5,15.6,Team Offsite,False,Remote,2024-10-21 09:00:00
WH34337,EMP1041,2024-10-25,43,6.3,0.0,5.2,1.1,3.3,2.4,25,4,2,0,1,2,0,11.7,20.6,31.4,20.0,0.0,,0.0,0,4.0,Low,False,35.0,-40.0,78.8,3.7,Client Visit,False,Home,2024-10-25 09:00:00
WH34338,EMP1041,2024-11-19,47,6.0,0.0,4.4,1.6,1.7,3.5,25,5,2,3,2,1,2,50.7,60.4,54.2,45.7,37.5,6.8,0.1,0,3.0,Medium,False,50.0,-39.2,75.0,28.9,Team Offsite,False,Remote,2024-11-19 09:00:00
WH34339,EMP1041,2024-11-21,47,7.2,0.0,5.4,1.8,1.7,4.8,9,4,3,0,2,2,3,53.1,95.7,30.3,20.0,0.0,,0.0,2,2.5,Medium,False,39.0,-40.0,90.0,46.4,Client Visit,False,Home,2024-11-21 09:00:00
WH34340,EMP1041,2024-11-26,48,0.0,0.0,0.0,0.0,0.0,0.0,0,0,0,0,0,0,0,0.0,0.0,0.0,0.0,0.0,,0.0,0,0.0,Low,False,0.0,0.0,0.0,0.0,Leave,True,Home,2024-11-26 09:00:00
WH34341,EMP1041,2024-11-28,48,7.5,0.0,5.4,2.1,1.6,5.0,6,8,3,2,0,0,3,76.0,69.7,42.5,22.9,20.0,6.8,1.4,1,2.1,Medium,False,52.0,-40.0,93.8,44.7,Holiday,False,Remote,2024-11-28 09:00:00
WH34342,EMP1041,2024-12-26,52,6.6,0.0,5.3,1.3,0.7,5.1,19,5,3,1,2,0,2,37.4,50.0,33.6,20.0,16.7,5.7,0.4,1,1.4,Medium,False,50.0,-40.0,82.5,33.0,Holiday,False,Remote,2024-12-26 09:00:00
WH34343,EMP1041,2025-01-01,1,7.4,0.0,6.2,1.2,0.9,6.1,23,2,1,2,1,0,1,21.3,2.4,59.1,20.4,50.0,7.8,0.0,0,1.4,Low,False,22.0,-29.7,92.5,5.2,,False,Home,2025-01-01 09:00:00
WH34344,EMP1041,2025-01-02,1,7.2,0.0,5.4,1.8,2.8,3.4,14,5,3,1,2,0,1,34.4,20.2,34.3,25.5,16.7,6.9,0.3,2,3.0,Medium,False,60.0,-40.0,90.0,16.7,,False,Remote,2025-01-02 09:00:00
WH34345,EMP1041,2025-01-03,1,0.0,0.0,0.0,0.0,0.0,0.0,0,0,0,0,0,0,0,0.0,0.0,0.0,0.0,0.0,,0.0,0,0.0,Low,False,0.0,0.0,0.0,0.0,Leave,True,Home,2025-01-03 09:00:00
WH34346,EMP1041,2025-01-13,3,6.8,0.0,5.7,1.1,2.6,3.8,4,5,2,1,0,1,0,15.7,21.7,36.0,20.0,16.7,6.7,0.5,2,3.5,Medium,False,24.0,-40.0,85.0,11.8,,False,Home,2025-01-13 09:00:00
WH34347,EMP1041,2025-01-15,3,7.9,0.0,5.6,2.3,1.9,4.9,23,7,3,3,0,1,3,58.8,86.0,50.5,44.9,30.0,8.2,0.0,1,2.7,Medium,False,65.0,-38.5,98.8,37.9,Team Offsite,False,Home,2025-01-15 09:00:00
WH34348,EMP1041,2025-01-21,4,6.5,0.0,5.1,1.4,1.8,3.9,6,5,2,2,2,2,3,62.5,65.2,22.8,26.8,28.6,7.3,0.0,0,2.0,Medium,False,48.0,-40.0,81.2,36.8,,False,Home,2025-01-21 09:00:00
WH34349,EMP1041,2025-01-22,4,7.9,0.0,6.3,1.6,1.0,6.4,8,7,2,2,1,1,0,39.3,12.4,36.2,28.2,22.2,7.3,0.0,2,1.3,Medium,False,32.0,-40.0,98.8,23.2,,False,Remote,2025-01-22 09:00:00
WH34350,EMP1041,2025-02-03,6,8.4,0.4,6.2,2.2,2.9,4.4,11,8,2,1,0,1,3,70.8,79.8,30.2,20.0,11.1,7.0,0.0,2,2.9,Medium,False,66.0,-40.0,105.0,40.6,,False,Home,2025-02-03 09:00:00
WH34351,EMP1041,2025-02-14,7,7.5,0.0,5.4,2.1,0.2,6.5,5,1,3,1,2,0,1,21.0,13.5,42.6,20.0,50.0,5.7,0.2,1,0.4,Medium,False,46.0,-40.0,93.8,2.5,,False,Home,2025-02-14 09:00:00
WH34352,EMP1041,2025-02-27,9,7.1,0.0,5.4,1.7,1.9,4.5,18,5,1,2,1,1,2,42.8,46.7,35.6,20.4,28.6,6.9,0.2,1,3.1,Medium,False,40.0,-40.0,88.8,27.0,Holiday,False,Home,2025-02-27 09:00:00
WH34353,EMP1041,2025-02-28,9,7.7,0.0,6.2,1.5,1.3,5.4,3,5,2,1,1,0,0,32.8,18.7,30.8,20.0,16.7,5.9,0.4,1,2.3,Medium,False,59.0,-40.0,96.2,15.5,Holiday,False,Home,2025-02-28 09:00:00
WH34750,EMP1054,2024-03-22,12,6.9,0.0,5.8,1.1,1.9,4.2,3,2,3,1,1,0,0,5.0,14.5,37.0,20.0,33.3,7.8,0.0,0,3.2,Low,False,49.0,-22.1,86.2,14.2,,False,Remote,2024-03-22 09:00:00
WH34751,EMP1054,2024-03-26,13,7.0,0.0,4.9,2.1,0.7,5.3,20,8,2,2,2,0,3,70.3,59.3,36.4,30.0,20.0,7.7,0.0,0,1.1,Low,False,59.0,-26.8,87.5,43.5,,False,Remote,2024-03-26 09:00:00
WH34752,EMP1054,2024-03-29,13,7.3,0.0,5.9,1.4,2.3,4.1,18,7,1,1,2,0,3,60.3,68.3,43.3,20.0,12.5,8.7,0.0,0,3.0,Medium,False,54.0,-15.0,91.2,43.5,,False,Home,2024-03-29 09:00:00
WH34753,EMP1054,2024-05-06,19,7.4,0.0,6.1,1.3,3.8,2.9,15,4,3,1,0,1,1,31.2,31.5,40.9,20.0,20.0,8.9,0.0,1,5.2,Low,False,44.0,-19.4,92.5,19.3,,False,Home,2024-05-06 09:00:00
WH34754,EMP1054,2024-05-09,19,0.0,0.0,0.0,0.0,0.0,0.0,0,0,0,0,0,0,0,0.0,0.0,0.0,0.0,0.0,,0.0,0,0.0,Low,False,0.0,0.0,0.0,0.0,Leave,True,Home,2024-05-09 09:00:00
WH34755,EMP1054,2024-05-13,20,0.0,0.0,0.0,0.0,0.0,0.0,0,0,0,0,0,0,0,0.0,0.0,0.0,0.0,0.0,,0.0,0,0.0,Low,False,0.0,0.0,0.0,0.0,Leave,True,Home,2024-05-13 09:00:00
WH34756,EMP1054,2024-05-14,20,6.6,0.0,4.7,1.9,2.8,3.5,22,3,2,1,2,2,1,26.6,55.6,43.0,20.0,25.0,7.7,0.0,1,3.6,Low,False,19.0,-25.1,82.5,20.3,,False,Home,2024-05-14 09:00:00
WH34757,EMP1054,2024-05-20,21,6.7,0.0,5.4,1.3,2.1,3.6,24,7,3,0,0,0,2,54.6,64.8,33.1,20.0,0.0,,0.0,3,3.2,Medium,False,58.0,-31.0,83.8,37.1,Training Day,False,Home,2024-05-20 09:00:00
WH34758,EMP1054,2024-07-02,27,7.7,0.0,5.6,2.1,2.3,4.7,9,5,2,1,2,0,2,41.2,47.3,41.9,20.0,16.7,7.2,0.0,1,3.2,Medium,False,42.0,-18.5,96.2,26.6,Training Day,False,Remote,2024-07-02 09:00:00
WH34759,EMP1054,2024-07-03,27,6.4,0.0,4.7,1.7,0.5,5.2,19,8,2,2,1,1,1,54.7,43.0,30.4,40.9,20.0,7.3,0.0,1,1.6,Low,False,42.0,-20.1,80.0,18.5,,False,Home,2024-07-03 09:00:00
WH34760,EMP1054,2024-07-09,28,6.4,0.0,4.6,1.8,3.1,2.3,9,7,3,3,1,2,3,59.4,82.2,39.2,45.0,30.0,6.2,0.2,2,3.7,Medium,False,60.0,-22.6,80.0,35.6,,False,Remote,2024-07-09 09:00:00
WH34761,EMP1054,2024-07-18,29,0.0,0.0,0.0,0.0,0.0,0.0,0,0,0,0,0,0,0,0.0,0.0,0.0,0.0,0.0,,0.0,0,0.0,Low,False,0.0,0.0,0.0,0.0,Leave,True,Home,2024-07-18 09:00:00
WH34762,EMP1054,2024-07-23,30,6.4,0.0,4.5,1.9,1.1,4.6,5,7,3,2,0,0,2,62.1,73.2,46.2,27.1,22.2,7.7,0.0,2,2.6,Low,False,42.0,-7.1,80.0,32.4,Training Day,False,Remote,2024-07-23 09:00:00
WH34763,EMP1054,2024-08-22,34,6.0,0.0,4.3,1.7,0.7,4.3,9,3,1,0,2,0,1,22.0,30.6,33.9,20.0,0.0,,0.0,0,1.4,Low,False,60.0,-26.4,75.0,14.1,Holiday,False,Remote,2024-08-22 09:00:00
WH34764,EMP1054,2024-08-26,35,7.2,0.0,5.6,1.6,1.5,4.5,17,6,1,0,0,2,1,44.2,45.2,30.4,20.0,0.0,,0.0,1,2.3,Low,False,70.0,-21.7,90.0,34.2,Client Visit,False,Home,2024-08-26 09:00:00
WH34765,EMP1054,2024-09-04,36,6.8,0.0,5.6,1.2,2.6,3.5,24,3,1,1,2,1,2,41.3,52.4,26.7,20.0,25.0,6.5,0.2,2,3.0,Medium,False,40.0,-39.2,85.0,29.3,Client Visit,False,Home,2024-09-04 09:00:00
WH34766,EMP1054,2024-09-17,38,7.3,0.0,5.7,1.6,3.5,3.0,14,8,2,2,0,2,0,43.5,32.3,47.2,22.7,20.0,8.2,0.0,4,4.6,Low,False,45.0,-7.6,91.2,30.6,Holiday,False,Remote,2024-09-17 09:00:00
WH34767,EMP1054,2024-09-26,39,6.3,0.0,5.2,1.1,3.7,2.1,5,8,1,3,2,2,1,65.0,50.8,42.5,50.9,27.3,8.4,0.0,3,4.5,Low,False,28.0,-20.6,78.8,32.2,Client Visit,False,Remote,2024-09-26 09:00:00
WH34768,EMP1054,2024-10-04,40,8.0,0.0,6.5,1.5,1.5,6.1,21,7,3,3,0,0,1,49.2,21.2,35.3,37.9,30.0,5.8,0.0,1,1.9,Medium,False,22.0,-23.2,100.0,23.1,,False,Remote,2024-10-04 09:00:00
WH34769,EMP1054,2024-10-10,41,8.3,0.3,6.8,1.5,3.0,4.4,21,7,3,0,1,1,0,38.6,26.1,25.9,20.0,0.0,,0.0,1,3.3,Medium,False,57.0,-40.0,103.8,25.6,Holiday,False,Home,2024-10-10 09:00:00
WH34770,EMP1054,2024-10-15,42,6.1,0.0,4.7,1.4,2.4,3.2,15,7,2,3,1,0,3,62.6,62.9,44.9,55.5,30.0,7.2,0.0,1,3.3,Low,False,27.0,-23.7,76.2,34.8,,False,Home,2024-10-15 09:00:00
WH34771,EMP1054,2024-10-25,43,6.3,0.0,5.0,1.3,1.7,4.1,19,6,1,0,1,1,1,39.7,40.0,36.4,20.0,0.0,,0.0,1,2.5,Low,False,30.0,-16.4,78.8,20.7,,False,Remote,2024-10-25 09:00:00
WH34772,EMP1054,2024-11-04,45,6.8,0.0,5.4,1.4,1.3,5.0,23,6,3,0,0,2,2,48.5,68.0,20.9,20.0,0.0,,0.0,1,1.9,Medium,False,27.0,-36.3,85.0,30.0,,False,Home,2024-11-04 09:00:00
WH34773,EMP1054,2024-11-07,45,7.7,0.0,6.3,1.4,1.1,5.9,15,3,2,3,0,0,0,13.6,1.2,52.7,29.9,50.0,7.9,0.0,0,1.5,Low,False,43.0,-5.9,96.2,6.0,,False,Home,2024-11-07 09:00:00
WH34774,EMP1054,2024-11-11,46,5.7,0.0,4.4,1.3,3.4,1.4,8,5,1,0,2,2,3,48.8,93.6,26.7,20.0,0.0,,0.0,4,3.4,Low,False,54.0,-22.5,71.2,42.5,,False,Home,2024-11-11 09:00:00
WH34775,EMP1054,2024-11-22,47,7.0,0.0,5.0,2.0,2.2,3.9,21,1,2,1,1,0,1,9.9,17.2,50.5,20.0,50.0,7.8,0.0,0,2.9,Low,False,55.0,-14.0,87.5,14.0,,False,Home,2024-11-22 09:00:00
WH34776,EMP1054,2024-11-28,48,6.7,0.0,5.1,1.6,1.7,4.0,20,5,3,2,2,1,1,31.1,41.6,49.0,34.4,28.6,7.4,0.0,1,2.9,Low,False,59.0,-1.9,83.8,17.8,Client Visit,False,Remote,2024-11-28 09:00:00
WH34777,EMP1054,2024-12-02,49,8.0,0.0,6.6,1.4,0.9,5.8,21,1,1,0,2,0,0,3.0,0.0,29.2,20.0,0.0,,0.0,0,2.1,Medium,False,78.0,-29.3,100.0,3.1,Holiday,False,Home,2024-12-02 09:00:00
WH34778,EMP1054,2024-12-03,49,7.0,0.0,5.8,1.2,2.8,2.8,13,1,1,0,2,0,1,13.4,14.4,29.5,20.0,0.0,,0.0,2,3.7,Medium,False,82.0,-26.9,87.5,6.8,Training Day,False,Home,2024-12-03 09:00:00
WH34779,EMP1054,2024-12-13,50,6.1,0.0,5.2,0.9,4.0,1.2,19,8,2,3,2,2,2,65.3,71.7,43.4,54.8,27.3,6.2,0.2,2,5.0,Low,False,55.0,-14.0,76.2,46.3,,False,Home,2024-12-13 09:00:00
WH34780,EMP1054,2025-01-15,3,7.0,0.0,5.6,1.4,3.1,3.0,5,2,1,1,0,0,2,35.7,38.2,47.9,20.0,33.3,7.6,0.0,2,4.2,Medium,False,52.0,-7.0,87.5,28.7,,False,Remote,2025-01-15 09:00:00
WH34781,EMP1054,2025-01-16,3,7.8,0.0,6.5,1.3,2.5,4.6,17,1,1,0,1,1,1,7.4,28.6,24.9,20.0,0.0,,0.0,0,3.3,Low,False,42.0,-38.0,97.5,10.9,,False,Home,2025-01-16 09:00:00
WH34782,EMP1054,2025-02-12,7,6.3,0.0,4.8,1.5,3.1,2.2,5,8,1,2,0,2,0,29.6,47.5,32.0,27.4,20.0,6.5,0.4,1,3.6,Low,False,57.0,-27.5,78.8,24.1,Client Visit,False,Home,2025-02-12 09:00:00
WH36004,EMP1092,2024-01-05,1,8.3,0.3,6.1,2.2,1.7,6.1,7,8,2,3,2,1,3,72.1,85.2,53.5,31.4,27.3,9.3,0.0,1,1.9,Low,False,31.0,-0.9,103.8,54.2,,False,Office,2024-01-05 09:00:00
WH36005,EMP1092,2024-01-25,4,7.0,0.0,5.2,1.8,2.0,3.8,25,6,2,0,0,1,1,44.5,36.0,33.2,20.0,0.0,,0.0,3,3.1,Low,False,71.0,-22.3,87.5,23.3,,False,Office,2024-01-25 09:00:00
WH36006,EMP1092,2024-02-09,6,7.5,0.0,6.0,1.5,2.4,4.5,24,2,3,1,1,1,0,1.5,24.6,49.2,20.0,33.3,6.6,0.1,1,3.7,Low,False,36.0,1.3,93.8,9.6,Holiday,False,Home,2024-02-09 09:00:00
WH36007,EMP1092,2024-02-28,9,7.2,0.0,6.0,1.2,2.4,4.1,24,1,1,0,0,0,1,10.1,15.1,27.0,20.0,0.0,,0.0,0,2.8,Low,False,44.0,-25.8,90.0,3.7,Holiday,False,Home,2024-02-28 09:00:00
WH36008,EMP1092,2024-03-08,10,6.9,0.0,5.7,1.2,0.4,6.0,11,2,3,2,0,0,1,24.0,21.0,52.5,23.2,50.0,7.4,0.0,0,1.2,Low,False,31.0,-4.4,86.2,5.9,Training Day,False,Office,2024-03-08 09:00:00
WH36009,EMP1092,2024-03-11,11,8.1,0.1,6.3,1.8,2.4,4.8,6,6,1,2,1,1,1,38.8,51.0,48.0,26.5,25.0,7.6,0.0,1,3.7,Low,False,55.0,-11.9,101.2,26.0,Holiday,False,Office,2024-03-11 09:00:00
WH36010,EMP1092,2024-03-15,11,6.8,0.0,5.1,1.7,2.3,4.2,23,6,1,1,2,2,2,57.8,78.0,37.2,20.0,14.3,6.7,0.4,1,3.5,Low,False,17.0,-13.6,85.0,36.7,,False,Office,2024-03-15 09:00:00
WH36011,EMP1092,2024-04-04,14,0.0,0.0,0.0,0.0,0.0,0.0,0,0,0,0,0,0,0,0.0,0.0,0.0,0.0,0.0,,0.0,0,0.0,Low,False,0.0,0.0,0.0,0.0,Leave,True,Home,2024-04-04 09:00:00
WH36012,EMP1092,2024-04-11,15,6.2,0.0,5.2,1.0,2.3,3.0,6,2,3,0,0,0,0,5.7,0.0,31.9,20.0,0.0,,0.0,1,2.3,Low,False,55.0,-21.9,77.5,4.9,Holiday,False,Office,2024-04-11 09:00:00
WH36013,EMP1092,2024-04-30,18,6.9,0.0,5.5,1.4,3.0,3.3,6,4,3,1,2,0,2,30.1,34.1,44.3,20.0,20.0,7.0,0.0,2,3.1,Low,False,39.0,-15.2,86.2,21.8,Client Visit,False,Office,2024-04-30 09:00:00
WH36014,EMP1092,2024-05-20,21,5.9,0.0,4.5,1.4,2.7,2.4,19,3,1,0,1,0,0,24.9,6.9,40.4,20.0,0.0,,0.0,3,2.8,Low,False,47.0,-17.5,73.8,15.2,,False,Home,2024-05-20 09:00:00
WH36015,EMP1092,2024-05-29,22,6.6,0.0,5.0,1.6,3.0,3.1,9,2,2,0,0,1,0,5.1,19.1,37.7,20.0,0.0,,0.0,0,4.3,Low,False,27.0,-15.8,82.5,17.4,Team Offsite,False,Office,2024-05-29 09:00:00
WH36016,EMP1092,2024-06-03,23,6.0,0.0,4.5,1.5,2.6,2.5,19,4,3,0,2,0,2,42.5,50.1,30.6,20.0,0.0,,0.0,3,3.4,Low,False,56.0,-22.9,75.0,33.3,Team Offsite,False,Office,2024-06-03 09:00:00
WH36017,EMP1092,2024-07-02,27,7.5,0.0,6.1,1.4,0.0,6.8,18,5,2,3,2,0,1,36.3,37.6,57.3,36.8,37.5,8.3,0.0,0,1.1,Low,False,42.0,7.6,93.8,21.0,,False,Home,2024-07-02 09:00:00
WH36018,EMP1092,2024-07-09,28,7.1,0.0,6.0,1.1,2.3,4.0,23,2,2,0,0,0,1,12.5,19.5,35.2,20.0,0.0,,0.0,1,2.8,Low,False,50.0,-16.6,88.8,3.0,Client Visit,False,Home,2024-07-09 09:00:00
WH36019,EMP1092,2024-07-11,28,6.9,0.0,5.3,1.6,0.3,5.5,4,1,3,0,1,0,1,17.3,14.6,35.6,20.0,0.0,,0.0,1,0.6,Low,False,65.0,-9.3,86.2,11.4,Client Visit,False,Home,2024-07-11 09:00:00
WH36020,EMP1092,2024-07-18,29,0.0,0.0,0.0,0.0,0.0,0.0,0,0,0,0,0,0,0,0.0,0.0,0.0,0.0,0.0,,0.0,0,0.0,Low,False,0.0,0.0,0.0,0.0,Leave,True,Home,2024-07-18 09:00:00
WH36021,EMP1092,2024-08-15,33,7.3,0.0,5.2,2.1,2.2,4.5,9,1,2,0,2,0,0,1.7,5.3,31.2,20.0,0.0,,0.0,3,3.7,Low,False,36.0,-23.9,91.2,0.3,,False,Office,2024-08-15 09:00:00
WH36022,EMP1092,2024-08-16,33,6.8,0.0,4.8,2.0,0.1,6.1,18,2,3,1,2,1,2,21.3,52.0,49.1,20.0,33.3,8.1,0.0,0,0.6,Low,False,36.0,-9.8,85.0,16.0,,False,Home,2024-08-16 09:00:00
WH36023,EMP1092,2024-08-23,34,6.5,0.0,4.8,1.7,3.1,2.9,3,2,3,0,1,2,2,40.4,55.2,34.0,20.0,0.0,,0.0,3,4.3,Low,False,28.0,-16.6,81.2,23.3,Team Offsite,False,Office,2024-08-23 09:00:00
WH36024,EMP1092,2024-08-29,35,6.1,0.0,4.9,1.2,1.2,4.0,23,8,1,2,0,2,2,57.9,57.1,35.2,32.4,20.0,7.7,0.0,1,1.9,Low,False,53.0,-18.3,76.2,31.4,Client Visit,False,Home,2024-08-29 09:00:00
WH36025,EMP1092,2024-09-02,36,7.0,0.0,5.4,1.6,1.3,4.9,16,5,2,1,0,0,0,25.1,0.0,46.9,20.0,16.7,7.5,0.0,1,2.1,Low,False,47.0,-7.6,87.5,15.5,,False,Home,2024-09-02 09:00:00
WH36026,EMP1092,2024-09-12,37,7.2,0.0,5.1,2.1,3.0,3.4,18,7,2,1,0,1,1,47.2,32.4,42.1,20.0,12.5,8.3,0.0,0,4.3,Low,False,50.0,-23.4,90.0,26.4,Training Day,False,Office,2024-09-12 09:00:00
WH36027,EMP1092,2024-10-02,40,6.4,0.0,4.7,1.7,3.0,2.3,22,6,1,3,1,0,1,45.4,28.4,49.4,49.3,33.3,7.8,0.0,0,3.7,Low,False,69.0,-7.2,80.0,27.0,Client Visit,False,Home,2024-10-02 09:00:00
WH36028,EMP1092,2024-10-09,41,6.1,0.0,5.2,0.9,3.2,1.8,17,6,1,2,0,0,3,60.8,67.8,41.2,28.8,25.0,8.4,0.0,2,4.6,Low,False,63.0,-15.0,76.2,29.5,Holiday,False,Office,2024-10-09 09:00:00
WH36029,EMP1092,2024-10-16,42,7.0,0.0,5.0,2.0,3.8,2.7,11,6,3,0,2,0,1,40.0,28.9,21.2,20.0,0.0,,0.0,0,4.8,Low,False,33.0,-40.0,87.5,17.9,Training Day,False,Office,2024-10-16 09:00:00
WH36030,EMP1092,2024-10-17,42,6.7,0.0,5.6,1.1,0.0,6.3,12,5,2,0,0,1,2,47.3,58.8,30.8,20.0,0.0,,0.0,0,0.4,Low,False,23.0,-34.2,83.8,36.4,,False,Home,2024-10-17 09:00:00
WH36031,EMP1092,2024-10-29,44,7.5,0.0,5.5,2.0,2.2,4.2,6,1,2,1,0,0,0,17.4,15.7,53.8,20.0,50.0,7.2,0.0,0,3.2,Low,False,67.0,-7.1,93.8,5.5,Holiday,False,Home,2024-10-29 09:00:00
WH36032,EMP1092,2024-12-11,50,7.2,0.0,5.6,1.6,3.4,3.2,11,5,1,1,0,1,1,34.6,43.0,39.4,20.0,16.7,7.9,0.0,4,3.7,Low,False,34.0,-13.0,90.0,24.7,Client Visit,False,Home,2024-12-11 09:00:00
WH36033,EMP1092,2025-01-03,1,7.6,0.0,5.6,2.0,0.3,6.5,18,4,1,0,2,1,2,45.9,51.7,36.8,20.0,0.0,,0.0,0,1.7,Low,False,49.0,-24.3,95.0,31.6,Team Offsite,False,Office,2025-01-03 09:00:00
WH36034,EMP1092,2025-01-06,2,7.2,0.0,6.0,1.2,0.8,6.0,18,7,1,3,1,0,3,63.2,69.6,41.6,47.3,30.0,8.3,0.0,1,0.9,Low,False,27.0,-18.1,90.0,39.0,,False,Home,2025-01-06 09:00:00
WH36035,EMP1092,2025-02-14,7,7.2,0.0,5.6,1.6,3.1,3.1,13,1,2,0,0,0,0,8.2,0.0,30.6,20.0,0.0,,0.0,2,3.1,Low,False,60.0,-21.5,90.0,7.8,,False,Office,2025-02-14 09:00:00
WH36036,EMP1092,2025-02-20,8,6.1,0.0,4.5,1.6,3.1,2.3,25,3,2,2,0,0,1,28.2,14.2,46.7,34.1,40.0,8.2,0.0,2,4.0,Low,False,43.0,-8.9,76.2,7.5,,False,Home,2025-02-20 09:00:00
WH38710,EMP1174,2024-06-19,25,6.7,0.0,5.5,1.2,1.6,4.1,13,6,2,3,0,2,1,30.1,41.2,47.4,42.1,33.3,7.2,0.0,1,2.3,Medium,False,62.0,-6.2,83.8,15.9,,False,Office,2024-06-19 09:00:00
WH38711,EMP1174,2024-06-21,25,6.8,0.0,4.8,2.0,1.7,4.0,22,7,2,2,2,2,3,71.2,98.7,45.2,28.7,22.2,6.8,0.2,1,1.8,Low,False,64.0,-22.5,85.0,50.1,Training Day,False,Office,2024-06-21 09:00:00
WH38712,EMP1174,2024-07-01,27,7.4,0.0,5.6,1.8,1.6,4.6,17,4,3,2,1,0,1,35.8,42.8,42.7,29.4,33.3,7.3,0.0,0,2.6,Medium,False,70.0,-23.5,92.5,18.6,Holiday,False,Office,2024-07-01 09:00:00
WH38713,EMP1174,2024-07-02,27,7.1,0.0,5.4,1.7,2.8,3.2,11,8,1,3,2,0,2,61.1,53.3,36.7,50.1,27.3,6.7,0.2,3,3.7,Medium,False,66.0,-31.1,88.8,29.2,Client Visit,False,Office,2024-07-02 09:00:00
WH38714,EMP1174,2024-07-05,27,7.1,0.0,5.9,1.2,4.0,2.4,21,2,2,1,1,0,1,14.1,17.7,35.6,20.0,33.3,6.7,0.1,2,4.9,Medium,False,43.0,-33.7,88.8,11.9,Holiday,False,Office,2024-07-05 09:00:00
WH38715,EMP1174,2024-07-12,28,6.4,0.0,5.4,1.0,3.8,1.7,10,1,2,1,0,0,0,7.8,2.3,47.6,20.0,50.0,7.2,0.0,0,3.9,Medium,False,53.0,-23.0,80.0,3.4,,False,Office,2024-07-12 09:00:00
WH38716,EMP1174,2024-08-05,32,6.8,0.0,5.5,1.3,1.1,4.5,6,2,3,0,1,2,1,15.2,47.3,21.4,20.0,0.0,,0.0,2,1.5,Low,False,70.0,-40.0,85.0,10.2,Client Visit,False,Office,2024-08-05 09:00:00
WH38717,EMP1174,2024-08-09,32,0.0,0.0,0.0,0.0,0.0,0.0,0,0,0,0,0,0,0,0.0,0.0,0.0,0.0,0.0,,0.0,0,0.0,Low,False,0.0,0.0,0.0,0.0,Leave,True,Home,2024-08-09 09:00:00
WH38718,EMP1174,2024-08-28,35,7.8,0.0,6.4,1.4,2.6,4.4,14,2,2,1,0,1,2,25.1,62.4,48.2,20.0,33.3,6.2,0.4,1,2.8,Medium,False,47.0,-27.7,97.5,24.5,Team Offsite,False,Office,2024-08-28 09:00:00
WH38719,EMP1174,2024-09-09,37,6.2,0.0,4.8,1.4,1.6,3.3,22,3,3,0,1,0,2,33.2,45.9,26.7,20.0,0.0,,0.0,0,2.6,Medium,False,77.0,-40.0,77.5,14.2,,False,Office,2024-09-09 09:00:00
WH38720,EMP1174,2024-09-13,37,8.3,0.3,6.9,1.4,2.7,4.7,18,6,2,2,2,1,1,45.9,48.6,33.3,21.5,25.0,6.4,0.1,3,3.9,Medium,False,53.0,-28.7,103.8,27.6,Client Visit,False,Office,2024-09-13 09:00:00
WH38721,EMP1174,2024-10-03,40,6.8,0.0,5.3,1.5,2.3,3.8,10,1,2,1,0,0,1,18.2,6.5,55.6,20.0,50.0,7.2,0.0,1,2.7,Medium,False,41.0,-12.0,85.0,9.2,,False,Office,2024-10-03 09:00:00
WH38722,EMP1174,2024-10-08,41,6.9,0.0,5.1,1.8,0.6,5.4,25,4,1,0,0,1,0,22.8,9.6,36.8,20.0,0.0,,0.0,0,1.7,Medium,False,52.0,-26.5,86.2,21.1,Team Offsite,False,Office,2024-10-08 09:00:00
WH38723,EMP1174,2024-10-17,42,7.2,0.0,5.2,2.0,2.2,4.2,3,2,2,0,0,1,0,8.1,11.9,24.4,20.0,0.0,,0.0,2,3.0,Medium,False,50.0,-40.0,90.0,0.4,Team Offsite,False,Office,2024-10-17 09:00:00
WH38724,EMP1174,2024-10-21,43,7.3,0.0,5.8,1.5,3.5,3.1,22,2,1,2,2,0,0,3.4,10.6,52.3,26.7,50.0,8.4,0.0,4,3.7,Medium,False,39.0,-22.3,91.2,6.9,Team Offsite,False,Office,2024-10-21 09:00:00
WH38725,EMP1174,2024-10-28,44,7.0,0.0,5.6,1.4,0.7,5.6,16,7,1,3,1,2,1,37.4,53.0,40.3,44.4,30.0,7.4,0.0,0,2.1,Medium,False,40.0,-28.6,87.5,26.5,Team Offsite,False,Office,2024-10-28 09:00:00
WH38726,EMP1174,2024-10-29,44,7.3,0.0,5.4,1.9,0.1,6.7,8,6,1,0,0,1,0,30.2,8.6,26.7,20.0,0.0,,0.0,1,1.1,Medium,False,33.0,-31.9,91.2,15.2,,False,Office,2024-10-29 09:00:00
WH38727,EMP1174,2024-11-04,45,7.3,0.0,6.2,1.1,1.8,4.7,17,2,2,2,0,0,0,6.2,0.5,45.0,22.7,50.0,8.0,0.0,1,3.0,Medium,False,47.0,-24.1,91.2,9.7,Team Offsite,False,Office,2024-11-04 09:00:00
WH38728,EMP1174,2024-11-22,47,7.9,0.0,5.9,2.0,1.3,6.1,22,3,2,0,0,0,0,11.4,4.8,26.7,20.0,0.0,,0.0,1,1.6,Medium,False,28.0,-28.1,98.8,3.7,,False,Office,2024-11-22 09:00:00
WH38729,EMP1174,2024-11-29,48,7.7,0.0,6.1,1.6,1.6,4.9,7,1,1,1,0,0,0,8.2,8.3,52.2,20.0,50.0,7.5,0.0,2,1.9,Medium,False,69.0,-14.4,96.2,4.9,,False,Office,2024-11-29 09:00:00
WH38730,EMP1174,2024-12-02,49,7.3,0.0,5.8,1.5,1.9,4.9,13,1,2,1,2,0,1,14.1,20.4,38.3,20.0,50.0,6.5,0.2,0,2.7,Medium,False,31.0,-31.0,91.2,5.9,Team Offsite,False,Office,2024-12-02 09:00:00
WH38731,EMP1174,2024-12-04,49,7.5,0.0,5.9,1.6,0.7,6.3,8,1,3,1,1,0,1,4.3,21.3,40.6,20.0,50.0,6.3,0.1,0,1.0,Medium,False,28.0,-31.4,93.8,13.3,,False,Office,2024-12-04 09:00:00
WH38732,EMP1174,2024-12-09,50,7.3,0.0,6.0,1.3,1.0,5.7,20,8,2,0,2,2,0,39.6,41.5,22.1,20.0,0.0,,0.0,2,2.3,Medium,False,38.0,-40.0,91.2,27.5,,False,Office,2024-12-09 09:00:00
WH38733,EMP1174,2024-12-12,50,7.0,0.0,5.0,2.0,1.6,4.1,12,4,1,1,1,0,2,39.0,53.7,30.6,20.0,20.0,7.3,0.0,0,1.6,Medium,False,76.0,-40.0,87.5,22.4,,False,Office,2024-12-12 09:00:00
WH38734,EMP1174,2024-12-24,52,7.4,0.0,5.6,1.8,0.7,6.0,6,2,2,1,0,1,0,4.7,19.6,35.7,20.0,33.3,7.0,0.0,1,1.7,Medium,False,40.0,-36.7,92.5,16.3,Client Visit,False,Office,2024-12-24 09:00:00
WH38735,EMP1174,2024-12-27,52,6.2,0.0,5.0,1.2,1.7,4.1,3,3,1,0,2,0,3,48.1,56.0,23.5,20.0,0.0,,0.0,1,2.2,Medium,False,26.0,-40.0,77.5,23.8,Team Offsite,False,Office,2024-12-27 09:00:00
WH38736,EMP1174,2025-01-07,2,7.0,0.0,5.8,1.2,0.8,5.6,22,3,2,3,1,0,1,19.1,1.3,47.9,50.7,50.0,7.2,0.0,0,1.6,Medium,False,36.0,-21.4,87.5,10.1,Client Visit,False,Office,2025-01-07 09:00:00
WH38737,EMP1174,2025-01-08,2,7.8,0.0,5.6,2.2,2.0,4.6,24,4,3,3,1,1,2,48.3,65.7,29.3,46.7,42.9,6.0,0.1,1,3.3,Medium,False,70.0,-34.8,97.5,46.3,,False,Office,2025-01-08 09:00:00
WH38738,EMP1174,2025-01-16,3,8.1,0.1,6.0,2.1,3.3,4.2,18,5,2,3,2,0,1,35.0,24.1,26.6,39.8,37.5,5.9,0.1,4,4.7,Medium,False,33.0,-36.6,101.2,22.1,Holiday,False,Office,2025-01-16 09:00:00
WH38739,EMP1174,2025-01-28,5,9.0,1.0,6.8,2.2,2.8,5.2,16,8,2,3,1,2,3,79.8,82.8,42.4,28.5,27.3,6.4,0.1,2,4.0,High,False,57.0,-24.0,112.5,54.6,,False,Office,2025-01-28 09:00:00
WH38740,EMP1174,2025-01-31,5,8.3,0.3,6.5,1.8,2.4,4.9,10,7,1,3,2,1,2,53.3,47.2,33.0,39.8,30.0,6.5,0.4,0,3.4,Medium,False,59.0,-37.8,103.8,35.6,,False,Office,2025-01-31 09:00:00
WH38741,EMP1174,2025-02-12,7,7.8,0.0,6.0,1.8,0.1,7.0,9,6,1,1,2,2,1,40.9,60.8,19.4,20.0,14.3,6.0,0.4,0,0.4,Medium,False,45.0,-40.0,97.5,39.1,Team Offsite,False,Office,2025-02-12 09:00:00
WH38742,EMP1174,2025-02-13,7,8.0,0.0,6.7,1.3,3.7,3.5,6,4,3,3,0,0,2,39.9,44.9,33.5,38.7,42.9,7.2,0.0,0,5.0,Medium,False,46.0,-25.6,100.0,26.7,,False,Office,2025-02-13 09:00:00
WH39040,EMP1184,2024-01-15,3,6.1,0.0,4.8,1.3,2.3,3.3,8,4,2,3,1,0,3,50.7,52.7,54.8,39.7,42.9,8.7,0.0,2,3.7,Low,False,32.0,-23.0,76.2,30.4,Client Visit,False,Home,2024-01-15 09:00:00
WH39041,EMP1184,2024-02-09,6,7.3,0.0,6.2,1.1,2.5,3.8,12,7,2,2,1,2,1,51.0,49.8,36.6,34.8,22.2,7.6,0.0,3,3.0,Low,False,60.0,-40.0,91.2,25.3,Client Visit,False,Home,2024-02-09 09:00:00
WH39042,EMP1184,2024-02-15,7,6.6,0.0,5.2,1.4,2.3,3.3,3,1,1,0,0,0,1,17.2,10.0,37.8,20.0,0.0,,0.0,2,2.8,Low,False,62.0,-40.0,82.5,12.6,Client Visit,False,Remote,2024-02-15 09:00:00
WH39043,EMP1184,2024-02-26,9,5.9,0.0,4.3,1.6,1.4,3.9,20,7,2,0,2,0,3,67.5,73.6,38.9,20.0,0.0,,0.0,2,1.7,Low,False,37.0,-40.0,73.8,43.1,Holiday,False,Remote,2024-02-26 09:00:00
WH39044,EMP1184,2024-02-28,9,6.5,0.0,4.6,1.9,1.1,4.4,22,6,2,1,1,2,0,35.8,35.5,40.5,20.0,14.3,7.0,0.0,0,1.9,Low,False,59.0,-40.0,81.2,11.4,Training Day,False,Home,2024-02-28 09:00:00
WH39045,EMP1184,2024-03-19,12,6.5,0.0,4.7,1.8,0.0,6.0,17,8,1,0,1,1,0,40.3,27.1,28.1,20.0,0.0,,0.0,1,0.8,Low,False,31.0,-40.0,81.2,13.9,,False,Home,2024-03-19 09:00:00
WH39046,EMP1184,2024-04-26,17,7.2,0.0,5.3,1.9,2.7,4.0,25,1,1,0,2,0,1,20.0,22.3,27.4,20.0,0.0,,0.0,2,3.3,Low,False,29.0,-40.0,90.0,9.9,Holiday,False,Home,2024-04-26 09:00:00
WH39047,EMP1184,2024-05-01,18,7.0,0.0,5.3,1.7,1.7,4.1,8,7,2,3,0,2,0,32.0,25.2,44.2,42.7,30.0,6.8,0.2,1,3.0,Low,False,70.0,-34.0,87.5,21.4,,False,Remote,2024-05-01 09:00:00
WH39048,EMP1184,2024-05-08,19,0.0,0.0,0.0,0.0,0.0,0.0,0,0,0,0,0,0,0,0.0,0.0,0.0,0.0,0.0,,0.0,0,0.0,Low,False,0.0,0.0,0.0,0.0,Leave,True,Home,2024-05-08 09:00:00
WH39049,EMP1184,2024-06-21,25,7.0,0.0,5.4,1.6,2.4,4.1,6,1,3,1,2,0,1,14.0,20.1,50.2,20.0,50.0,7.9,0.0,2,3.3,Low,False,30.0,-35.8,87.5,3.1,,False,Home,2024-06-21 09:00:00
WH39050,EMP1184,2024-07-02,27,7.1,0.0,5.1,2.0,1.6,4.2,17,5,2,0,1,2,1,37.0,28.5,36.0,20.0,0.0,,0.0,2,2.2,Low,False,77.0,-40.0,88.8,21.0,Team Offsite,False,Remote,2024-07-02 09:00:00
WH39051,EMP1184,2024-07-04,27,6.5,0.0,5.5,1.0,2.8,2.9,23,5,1,1,0,1,3,56.0,74.6,34.3,20.0,16.7,6.9,0.1,1,2.9,Low,False,48.0,-40.0,81.2,43.4,,False,Home,2024-07-04 09:00:00
WH39052,EMP1184,2024-08-27,35,6.6,0.0,5.1,1.5,1.2,4.8,15,1,2,0,0,1,0,9.5,0.5,32.8,20.0,0.0,,0.0,2,1.7,Low,False,36.0,-40.0,82.5,0.0,,False,Remote,2024-08-27 09:00:00
WH39053,EMP1184,2024-08-30,35,6.1,0.0,5.1,1.0,3.5,1.5,23,1,3,1,1,0,1,14.7,22.8,52.4,20.0,50.0,7.2,0.0,0,4.7,Low,False,63.0,-32.5,76.2,7.2,Training Day,False,Home,2024-08-30 09:00:00
WH39054,EMP1184,2024-09-06,36,0.0,0.0,0.0,0.0,0.0,0.0,0,0,0,0,0,0,0,0.0,0.0,0.0,0.0,0.0,,0.0,0,0.0,Low,False,0.0,0.0,0.0,0.0,Leave,True,Home,2024-09-06 09:00:00
WH39055,EMP1184,2024-09-09,37,6.9,0.0,5.3,1.6,1.3,5.1,13,4,2,0,1,1,0,17.1,36.7,36.7,20.0,0.0,,0.0,0,2.5,Low,False,33.0,-40.0,86.2,17.1,,False,Remote,2024-09-09 09:00:00
WH39056,EMP1184,2024-09-10,37,7.2,0.0,5.3,1.9,2.6,3.9,12,1,1,0,1,0,0,0.0,9.9,23.6,20.0,0.0,,0.0,0,2.9,Low,False,42.0,-40.0,90.0,0.0,Client Visit,False,Remote,2024-09-10 09:00:00
WH39057,EMP1184,2024-09-12,37,6.3,0.0,5.3,1.0,0.3,5.1,21,4,3,3,2,0,2,40.0,55.4,56.5,48.0,42.9,7.8,0.0,0,0.9,Low,False,54.0,-26.7,78.8,27.0,Holiday,False,Home,2024-09-12 09:00:00
WH39058,EMP1184,2024-09-13,37,6.7,0.0,4.8,1.9,1.8,4.2,21,6,1,3,1,1,0,40.9,34.3,54.7,43.8,33.3,8.0,0.0,2,2.0,Low,False,41.0,-35.1,83.8,29.7,Client Visit,False,Remote,2024-09-13 09:00:00
WH39059,EMP1184,2024-09-18,38,7.2,0.0,5.2,2.0,4.0,2.5,15,4,1,3,2,0,3,46.7,66.3,51.7,38.3,42.9,8.7,0.0,0,4.5,Low,False,40.0,-37.7,90.0,33.6,,False,Remote,2024-09-18 09:00:00
WH39060,EMP1184,2024-09-24,39,6.3,0.0,5.0,1.3,2.5,3.1,16,7,3,1,2,0,2,59.1,47.3,31.8,20.0,12.5,6.9,0.1,3,4.0,Low,False,42.0,-40.0,78.8,32.5,,False,Home,2024-09-24 09:00:00
WH39061,EMP1184,2024-09-25,39,0.0,0.0,0.0,0.0,0.0,0.0,0,0,0,0,0,0,0,0.0,0.0,0.0,0.0,0.0,,0.0,0,0.0,Low,False,0.0,0.0,0.0,0.0,Leave,True,Home,2024-09-25 09:00:00
WH39062,EMP1184,2024-09-26,39,6.3,0.0,4.6,1.7,1.8,4.1,13,7,3,0,1,1,2,58.3,53.1,41.8,20.0,0.0,,0.0,2,1.9,Low,False,23.0,-40.0,78.8,28.7,Team Offsite,False,Remote,2024-09-26 09:00:00
WH39063,EMP1184,2024-09-27,39,6.1,0.0,4.6,1.5,1.6,4.2,4,3,3,1,0,2,1,21.7,41.5,49.7,20.0,25.0,7.6,0.0,1,2.7,Low,False,15.0,-28.9,76.2,14.8,,False,Remote,2024-09-27 09:00:00
WH39064,EMP1184,2024-10-03,40,0.0,0.0,0.0,0.0,0.0,0.0,0,0,0,0,0,0,0,0.0,0.0,0.0,0.0,0.0,,0.0,0,0.0,Low,False,0.0,0.0,0.0,0.0,Leave,True,Home,2024-10-03 09:00:00
WH39065,EMP1184,2024-10-09,41,6.3,0.0,5.0,1.3,2.7,2.9,6,6,1,0,0,2,2,57.6,90.0,34.2,20.0,0.0,,0.0,1,3.0,Low,False,40.0,-40.0,78.8,45.3,Team Offsite,False,Home,2024-10-09 09:00:00
WH39066,EMP1184,2024-10-30,44,7.6,0.0,6.4,1.2,4.0,2.8,23,4,1,2,1,2,2,47.3,77.6,54.1,24.3,33.3,8.4,0.0,3,4.5,Low,False,49.0,-27.5,95.0,36.8,Training Day,False,Remote,2024-10-30 09:00:00
WH39067,EMP1184,2024-11-29,48,7.2,0.0,5.7,1.5,2.5,3.4,4,7,3,0,0,0,1,45.8,35.6,40.3,20.0,0.0,,0.0,1,3.6,Low,False,77.0,-40.0,90.0,26.2,,False,Home,2024-11-29 09:00:00
WH39068,EMP1184,2024-12-04,49,6.5,0.0,5.2,1.3,3.1,2.8,6,3,2,1,0,0,2,37.2,60.4,44.7,25.6,25.0,7.4,0.0,1,4.5,Low,False,33.0,-40.0,81.2,26.0,,False,Home,2024-12-04 09:00:00
WH39069,EMP1184,2025-01-17,3,0.0,0.0,0.0,0.0,0.0,0.0,0,0,0,0,0,0,0,0.0,0.0,0.0,0.0,0.0,,0.0,0,0.0,Low,False,0.0,0.0,0.0,0.0,Leave,True,Home,2025-01-17 09:00:00
WH39070,EMP1184,2025-02-07,6,6.5,0.0,4.8,1.7,1.9,3.6,16,4,1,3,0,1,0,19.4,7.6,60.4,46.2,42.9,8.3,0.0,1,3.1,Low,False,57.0,-16.6,81.2,6.8,Client Visit,False,Remote,2025-02-07 09:00:00
WH39071,EMP1184,2025-02-10,7,6.4,0.0,5.3,1.1,2.4,3.5,10,2,3,0,0,2,1,13.6,50.4,35.2,20.0,0.0,,0.0,2,3.5,Low,False,33.0,-40.0,80.0,21.9,Training Day,False,Remote,2025-02-10 09:00:00
WH39072,EMP1184,2025-02-18,8,6.1,0.0,4.6,1.5,0.1,5.4,13,4,2,3,1,0,1,20.5,21.9,58.7,49.2,42.9,7.8,0.0,1,0.6,Low,False,34.0,-24.8,76.2,9.8,Team Offsite,False,Home,2025-02-18 09:00:00
WH39337,EMP1193,2024-01-03,1,6.9,0.0,5.7,1.2,1.7,4.3,9,5,1,2,0,0,2,33.3,45.4,25.7,30.5,28.6,7.8,0.0,1,3.2,Medium,False,52.0,-32.0,86.2,26.3,,False,Home,2024-01-03 09:00:00
WH39338,EMP1193,2024-02-05,6,7.3,0.0,6.2,1.1,3.9,2.8,8,1,2,0,2,0,1,18.2,23.3,42.5,20.0,0.0,,0.0,1,5.0,Low,False,39.0,-19.9,91.2,11.4,,False,Remote,2024-02-05 09:00:00
WH39339,EMP1193,2024-02-13,7,7.4,0.0,5.9,1.5,1.5,5.0,22,1,1,1,2,0,1,16.6,20.6,46.8,20.0,50.0,7.0,0.0,1,2.3,Medium,False,57.0,-8.1,92.5,17.6,Holiday,False,Remote,2024-02-13 09:00:00
WH39340,EMP1193,2024-02-15,7,7.3,0.0,5.6,1.7,0.0,6.6,16,6,3,1,2,0,1,44.9,32.5,37.3,20.0,14.3,6.5,0.2,0,0.1,Low,False,42.0,-17.9,91.2,24.7,Team Offsite,False,Remote,2024-02-15 09:00:00
WH39341,EMP1193,2024-02-22,8,7.1,0.0,5.2,1.9,2.9,3.4,15,3,1,2,0,0,2,47.2,52.3,35.6,28.4,40.0,7.4,0.0,3,4.3,Medium,False,45.0,-22.1,88.8,33.0,,False,Remote,2024-02-22 09:00:00
WH39342,EMP1193,2024-02-28,9,7.9,0.0,5.8,2.1,2.6,4.8,10,1,2,0,0,1,0,0.1,11.0,23.6,20.0,0.0,,0.0,3,2.7,Medium,False,33.0,-27.9,98.8,5.1,Training Day,False,Remote,2024-02-28 09:00:00
WH39343,EMP1193,2024-03-06,10,7.9,0.0,5.7,2.2,1.9,5.2,23,2,3,2,1,0,0,0.4,12.3,35.5,20.0,50.0,7.3,0.0,2,1.9,Medium,False,45.0,-21.3,98.8,3.2,Client Visit,False,Remote,2024-03-06 09:00:00
WH39344,EMP1193,2024-04-04,14,7.1,0.0,5.8,1.3,3.0,3.3,18,7,1,2,2,0,1,52.4,27.1,37.3,32.8,22.2,7.2,0.0,3,3.8,Medium,False,47.0,-17.9,88.8,33.1,Holiday,False,Home,2024-04-04 09:00:00
WH39345,EMP1193,2024-05-14,20,7.4,0.0,5.5,1.9,1.9,4.7,21,7,1,1,1,2,3,61.0,87.5,25.4,20.0,12.5,6.4,0.6,0,3.1,Low,False,51.0,-27.2,92.5,37.8,Training Day,False,Home,2024-05-14 09:00:00
WH39346,EMP1193,2024-05-29,22,6.7,0.0,4.9,1.8,4.0,2.0,13,1,2,1,0,0,1,15.6,19.3,45.1,20.0,50.0,6.6,0.2,1,5.4,Low,False,40.0,-6.7,83.8,11.1,Client Visit,False,Home,2024-05-29 09:00:00
WH39347,EMP1193,2024-06-12,24,6.7,0.0,5.1,1.6,3.7,2.6,25,3,3,1,2,0,1,19.2,14.6,37.1,20.0,25.0,6.7,0.3,1,4.4,Low,False,21.0,-16.4,83.8,6.9,,False,Home,2024-06-12 09:00:00
WH39348,EMP1193,2024-07-08,28,7.2,0.0,5.8,1.4,2.5,3.6,4,2,2,1,1,0,2,27.2,42.6,33.6,20.0,33.3,7.3,0.0,2,3.6,Low,False,69.0,-25.4,90.0,26.4,Client Visit,False,Remote,2024-07-08 09:00:00
WH39349,EMP1193,2024-07-23,30,7.4,0.0,6.2,1.2,0.7,5.8,5,5,2,3,0,1,3,62.6,77.1,40.1,44.1,37.5,6.6,0.1,1,1.8,Low,False,52.0,-16.6,92.5,41.4,,False,Home,2024-07-23 09:00:00
WH39350,EMP1193,2024-07-24,30,6.6,0.0,5.0,1.6,0.5,5.2,20,3,1,1,1,0,3,42.1,64.7,35.8,20.6,25.0,6.8,0.1,1,0.9,Low,False,55.0,-29.1,82.5,33.3,Holiday,False,Home,2024-07-24 09:00:00
WH39351,EMP1193,2024-07-25,30,7.2,0.0,6.0,1.2,3.4,3.2,6,2,1,2,2,0,0,20.5,11.8,53.1,29.4,50.0,7.9,0.0,3,4.2,Low,False,39.0,-0.2,90.0,10.6,,False,Remote,2024-07-25 09:00:00
WH39352,EMP1193,2024-08-02,31,7.0,0.0,5.5,1.5,2.4,3.7,3,2,3,0,0,2,1,20.6,33.8,30.7,20.0,0.0,,0.0,0,2.4,Low,False,51.0,-28.3,87.5,14.1,Holiday,False,Home,2024-08-02 09:00:00
WH39353,EMP1193,2024-08-21,34,7.7,0.0,6.1,1.6,0.5,6.2,11,5,3,2,1,1,3,49.8,69.2,40.8,25.6,28.6,6.3,0.1,0,1.3,Low,False,59.0,-12.7,96.2,38.3,,False,Home,2024-08-21 09:00:00
WH39354,EMP1193,2024-08-23,34,7.5,0.0,5.4,2.1,0.4,6.0,10,6,1,2,0,0,0,32.9,3.4,33.0,20.0,25.0,7.5,0.0,1,1.8,Low,False,65.0,-24.4,93.8,10.4,,False,Remote,2024-08-23 09:00:00
WH39355,EMP1193,2024-09-10,37,7.0,0.0,4.9,2.1,1.8,4.6,11,8,1,0,2,1,2,59.6,66.9,26.9,20.0,0.0,,0.0,2,2.0,Low,False,37.0,-26.8,87.5,41.0,,False,Remote,2024-09-10 09:00:00
WH39356,EMP1193,2024-09-20,38,0.0,0.0,0.0,0.0,0.0,0.0,0,0,0,0,0,0,0,0.0,0.0,0.0,0.0,0.0,,0.0,0,0.0,Low,False,0.0,0.0,0.0,0.0,Leave,True,Home,2024-09-20 09:00:00
WH39357,EMP1193,2024-09-25,39,6.9,0.0,5.0,1.9,3.8,2.1,7,8,3,2,1,1,3,68.6,89.5,44.9,26.6,20.0,8.3,0.0,4,4.6,Low,False,58.0,-11.8,86.2,44.4,,False,Remote,2024-09-25 09:00:00
WH39358,EMP1193,2024-09-27,39,6.4,0.0,5.0,1.4,1.6,4.1,6,5,2,2,0,1,1,47.2,49.2,43.0,34.6,28.6,7.2,0.0,1,2.6,Low,False,41.0,-12.1,80.0,22.0,,False,Home,2024-09-27 09:00:00
WH39359,EMP1193,2024-09-30,40,6.9,0.0,5.0,1.9,2.9,3.2,14,7,2,3,2,0,3,64.8,59.7,46.3,40.7,30.0,7.2,0.0,3,3.7,Low,False,50.0,-5.8,86.2,44.8,,False,Home,2024-09-30 09:00:00
WH39360,EMP1193,2024-10-03,40,6.7,0.0,5.1,1.6,1.6,4.3,24,3,1,0,2,2,0,14.2,22.9,31.2,20.0,0.0,,0.0,2,2.5,Low,False,47.0,-31.9,83.8,9.8,Team Offsite,False,Remote,2024-10-03 09:00:00
WH39361,EMP1193,2024-10-08,41,7.2,0.0,5.2,2.0,2.5,3.8,15,6,2,2,2,1,0,35.9,17.7,43.1,25.6,25.0,8.4,0.0,3,2.8,Low,False,54.0,-19.7,90.0,22.1,,False,Home,2024-10-08 09:00:00
WH39362,EMP1193,2024-10-16,42,5.9,0.0,4.4,1.5,0.8,4.3,14,5,1,1,1,0,0,30.0,8.5,36.0,20.0,16.7,7.9,0.0,1,1.5,Low,False,51.0,-23.0,73.8,7.2,Client Visit,False,Home,2024-10-16 09:00:00
WH39363,EMP1193,2024-11-04,45,6.9,0.0,5.1,1.8,1.8,4.2,5,2,3,1,1,1,2,36.7,35.8,47.2,20.0,33.3,7.1,0.0,1,2.3,Low,False,53.0,-3.8,86.2,20.1,,False,Home,2024-11-04 09:00:00
WH39364,EMP1193,2024-12-06,49,6.0,0.0,4.4,1.6,3.2,2.0,4,5,2,1,0,2,1,29.5,34.1,38.9,29.5,16.7,7.4,0.0,0,4.3,Low,False,45.0,-24.2,75.0,18.4,,False,Remote,2024-12-06 09:00:00
WH39365,EMP1193,2024-12-10,50,6.6,0.0,5.3,1.3,2.4,3.4,9,5,1,0,2,1,2,53.6,50.5,35.5,20.0,0.0,,0.0,2,3.8,Low,False,47.0,-16.7,82.5,24.3,Training Day,False,Home,2024-12-10 09:00:00
WH39366,EMP1193,2024-12-19,51,6.6,0.0,5.3,1.3,1.9,3.8,4,8,1,1,1,2,2,66.6,72.7,35.2,20.0,11.1,7.6,0.0,0,2.8,Low,False,52.0,-24.9,82.5,38.6,,False,Home,2024-12-19 09:00:00
WH39367,EMP1193,2025-01-21,4,7.3,0.0,6.0,1.3,2.1,4.2,22,3,1,0,2,0,0,19.6,1.5,34.6,20.0,0.0,,0.0,0,2.7,Low,False,58.0,-15.8,91.2,0.0,,False,Home,2025-01-21 09:00:00
WH39368,EMP1193,2025-02-12,7,6.5,0.0,4.6,1.9,1.7,4.1,17,5,3,0,0,0,0,24.2,8.8,38.2,20.0,0.0,,0.0,0,3.0,Low,False,42.0,-19.1,81.2,11.2,Team Offsite,False,Home,2025-02-12 09:00:00
WH39369,EMP1193,2025-02-14,7,6.8,0.0,5.1,1.7,2.5,3.5,16,2,3,2,0,0,2,29.4,37.5,55.3,32.8,50.0,8.3,0.0,3,2.9,Low,False,49.0,-3.6,85.0,18.0,,False,Remote,2025-02-14 09:00:00
WH41053,EMP1245,2024-01-23,4,5.8,0.0,4.4,1.4,0.9,4.1,6,7,2,2,1,1,1,37.3,22.3,59.7,37.0,22.2,9.1,0.0,1,2.0,Low,False,48.0,-26.0,72.5,11.6,Holiday,False,Home,2024-01-23 09:00:00
WH41054,EMP1245,2024-02-05,6,7.0,0.0,5.6,1.4,1.9,4.5,11,4,2,3,0,1,3,59.4,81.1,58.3,45.4,42.9,7.6,0.0,0,2.5,Low,False,34.0,-29.0,87.5,42.0,Holiday,False,Remote,2024-02-05 09:00:00
WH41055,EMP1245,2024-02-16,7,7.0,0.0,5.4,1.6,2.8,3.7,25,4,3,0,2,0,2,34.9,32.6,40.5,20.0,0.0,,0.0,0,3.7,Low,False,29.0,-40.0,87.5,17.7,,False,Remote,2024-02-16 09:00:00
WH41056,EMP1245,2024-02-28,9,6.7,0.0,5.0,1.7,2.3,3.6,7,1,2,1,0,0,0,4.6,0.0,52.1,20.0,50.0,7.2,0.0,0,2.8,Medium,False,49.0,-33.0,83.8,2.8,,False,Remote,2024-02-28 09:00:00
WH41057,EMP1245,2024-03-01,9,6.5,0.0,5.2,1.3,1.3,4.6,25,5,1,2,0,2,2,45.6,67.7,53.1,20.0,28.6,7.6,0.0,2,2.0,Low,False,34.0,-36.8,81.2,33.8,,False,Home,2024-03-01 09:00:00
WH41058,EMP1245,2024-04-01,14,6.2,0.0,5.1,1.1,2.0,3.8,15,3,3,1,1,1,1,30.6,43.3,42.3,20.0,25.0,8.1,0.0,2,3.3,Low,False,23.0,-40.0,77.5,23.3,,False,Home,2024-04-01 09:00:00
WH41059,EMP1245,2024-04-03,14,6.8,0.0,5.0,1.8,2.3,3.9,18,3,3,3,2,0,1,28.0,28.3,56.6,43.2,50.0,7.9,0.0,3,3.7,Low,False,37.0,-40.0,85.0,13.8,,False,Home,2024-04-03 09:00:00
WH41060,EMP1245,2024-04-15,16,7.2,0.0,5.8,1.4,2.2,4.1,4,5,2,0,1,1,2,45.2,71.6,41.7,20.0,0.0,,0.0,3,3.0,Low,False,54.0,-40.0,90.0,37.6,Holiday,False,Remote,2024-04-15 09:00:00
WH41061,EMP1245,2024-05-09,19,5.8,0.0,4.7,1.1,1.5,3.6,5,4,3,0,1,1,0,19.2,23.4,32.6,20.0,0.0,,0.0,2,2.7,Low,False,44.0,-40.0,72.5,21.6,Client Visit,False,Remote,2024-05-09 09:00:00
WH41062,EMP1245,2024-05-20,21,7.0,0.0,5.7,1.3,0.3,6.3,4,5,1,0,1,1,0,21.5,20.3,24.3,20.0,0.0,,0.0,0,1.1,Medium,False,25.0,-40.0,87.5,8.8,,False,Home,2024-05-20 09:00:00
WH41063,EMP1245,2024-05-21,21,6.6,0.0,5.2,1.4,2.8,2.8,23,4,1,0,0,2,3,46.5,83.0,34.9,20.0,0.0,,0.0,0,3.1,Low,False,63.0,-40.0,82.5,41.9,Team Offsite,False,Remote,2024-05-21 09:00:00
WH41064,EMP1245,2024-06-04,23,8.1,0.1,6.7,1.4,1.6,6.0,22,4,2,0,1,2,2,40.4,63.3,28.8,20.0,0.0,,0.0,0,2.3,Medium,False,27.0,-40.0,101.2,34.7,Client Visit,False,Remote,2024-06-04 09:00:00
WH41065,EMP1245,2024-06-11,24,0.0,0.0,0.0,0.0,0.0,0.0,0,0,0,0,0,0,0,0.0,0.0,0.0,0.0,0.0,,0.0,0,0.0,Low,False,0.0,0.0,0.0,0.0,Leave,True,Home,2024-06-11 09:00:00
WH41066,EMP1245,2024-06-14,24,6.8,0.0,5.4,1.4,1.7,4.1,22,7,2,1,1,2,2,55.8,62.8,34.6,20.0,12.5,5.8,0.1,2,2.6,Medium,False,58.0,-40.0,85.0,43.0,,False,Home,2024-06-14 09:00:00
WH41067,EMP1245,2024-06-21,25,8.1,0.1,5.7,2.4,0.9,6.2,6,3,3,3,0,0,1,25.5,26.8,51.8,35.0,50.0,7.6,0.0,1,1.9,Medium,False,58.0,-32.5,101.2,20.4,Training Day,False,Remote,2024-06-21 09:00:00
WH41068,EMP1245,2024-07-09,28,6.3,0.0,4.4,1.9,1.3,4.0,5,1,1,0,1,0,0,3.9,0.0,37.9,20.0,0.0,,0.0,0,2.2,Medium,False,60.0,-40.0,78.8,13.0,,False,Remote,2024-07-09 09:00:00
WH41069,EMP1245,2024-09-02,36,7.5,0.0,6.2,1.3,3.0,3.8,17,5,1,2,1,2,2,45.6,80.1,45.5,21.2,28.6,7.2,0.0,1,3.6,Medium,False,44.0,-40.0,93.8,32.4,,False,Home,2024-09-02 09:00:00
WH41070,EMP1245,2024-09-03,36,6.8,0.0,5.6,1.2,3.0,2.8,19,8,3,3,2,0,2,61.8,57.7,45.1,50.9,27.3,6.2,0.4,2,4.0,Medium,False,57.0,-40.0,85.0,40.9,Training Day,False,Home,2024-09-03 09:00:00
WH41071,EMP1245,2024-09-16,38,6.5,0.0,4.6,1.9,0.0,6.2,13,6,3,1,1,0,3,54.9,67.7,39.8,20.0,14.3,7.8,0.0,1,0.3,Low,False,21.0,-40.0,81.2,36.9,Team Offsite,False,Remote,2024-09-16 09:00:00
WH41072,EMP1245,2024-09-24,39,7.4,0.0,6.2,1.2,1.8,4.8,12,3,2,1,1,0,0,15.9,0.0,36.7,20.0,25.0,7.3,0.0,0,3.2,Medium,False,46.0,-40.0,92.5,9.1,,False,Remote,2024-09-24 09:00:00
WH41073,EMP1245,2024-10-14,42,6.7,0.0,5.4,1.3,2.4,3.5,8,4,1,2,1,0,2,46.2,41.3,42.8,38.8,33.3,7.8,0.0,1,2.6,Medium,False,50.0,-40.0,83.8,23.3,Client Visit,False,Remote,2024-10-14 09:00:00
WH41074,EMP1245,2024-10-16,42,8.0,0.0,6.1,1.9,1.2,5.8,8,4,1,3,0,1,3,53.8,70.8,46.7,43.8,42.9,7.3,0.0,0,1.7,Medium,False,60.0,-40.0,100.0,31.2,,False,Home,2024-10-16 09:00:00
WH41075,EMP1245,2024-10-24,43,7.9,0.0,6.7,1.2,2.3,4.9,10,7,2,3,1,2,2,49.2,47.8,45.7,42.2,30.0,5.8,0.1,3,3.2,Medium,False,45.0,-40.0,98.8,36.8,Holiday,False,Home,2024-10-24 09:00:00
WH41076,EMP1245,2024-10-28,44,7.3,0.0,5.4,1.9,1.3,5.3,7,5,1,1,1,0,1,28.2,36.5,19.8,22.8,16.7,6.5,0.4,0,2.3,Medium,False,44.0,-40.0,91.2,22.2,,False,Home,2024-10-28 09:00:00
WH41077,EMP1245,2024-11-05,45,7.1,0.0,5.8,1.3,0.2,6.1,7,3,3,0,2,1,2,34.5,47.3,31.1,20.0,0.0,,0.0,0,0.6,Medium,False,47.0,-40.0,88.8,19.6,,False,Remote,2024-11-05 09:00:00
WH41078,EMP1245,2024-11-08,45,6.8,0.0,5.3,1.5,2.2,3.5,15,7,3,0,1,1,2,53.1,61.7,31.9,20.0,0.0,,0.0,1,3.4,Medium,False,68.0,-40.0,85.0,29.0,,False,Remote,2024-11-08 09:00:00
WH41079,EMP1245,2024-12-13,50,6.0,0.0,4.5,1.5,2.3,3.1,15,4,2,2,2,1,0,25.0,34.1,47.7,31.5,33.3,6.4,0.2,2,2.7,Medium,False,35.0,-40.0,75.0,19.6,,False,Home,2024-12-13 09:00:00
WH41080,EMP1245,2024-12-30,1,6.8,0.0,5.7,1.1,3.0,3.4,25,5,1,1,0,1,3,54.5,75.9,32.9,20.0,16.7,7.0,0.0,3,3.6,Medium,False,22.0,-40.0,85.0,32.6,Team Offsite,False,Remote,2024-12-30 09:00:00
WH41081,EMP1245,2025-01-13,3,7.4,0.0,5.5,1.9,2.3,4.1,8,1,3,1,2,0,1,21.3,26.9,55.2,20.0,50.0,6.3,0.1,1,3.6,Medium,False,59.0,-32.4,92.5,16.2,,False,Home,2025-01-13 09:00:00
WH41082,EMP1245,2025-01-31,5,8.4,0.4,7.1,1.3,0.5,7.0,9,7,1,2,0,0,0,31.3,0.0,35.5,24.9,22.2,8.4,0.0,0,0.6,Medium,False,53.0,-40.0,105.0,12.8,Training Day,False,Home,2025-01-31 09:00:00
WH41083,EMP1245,2025-02-05,6,7.9,0.0,6.5,1.4,2.6,4.9,18,2,2,1,2,0,2,33.6,39.3,43.4,20.0,33.3,7.2,0.0,0,2.8,Medium,False,26.0,-40.0,98.8,17.0,,False,Home,2025-02-05 09:00:00
WH41084,EMP1245,2025-02-14,7,7.4,0.0,5.3,2.1,2.7,4.0,20,1,3,0,1,0,0,6.4,1.9,32.5,20.0,0.0,,0.0,0,3.6,Medium,False,39.0,-40.0,92.5,1.8,Team Offsite,False,Remote,2025-02-14 09:00:00
WH41085,EMP1245,2025-02-28,9,8.0,0.0,6.1,1.9,2.2,5.0,18,2,2,1,1,1,2,31.5,47.2,38.5,20.0,33.3,6.7,0.1,3,3.5,Medium,False,49.0,-40.0,100.0,17.0,Team Offsite,False,Home,2025-02-28 09:00:00
WH43693,EMP1325,2024-01-10,2,6.9,0.0,4.9,2.0,1.5,4.8,7,8,3,0,1,0,0,39.7,1.8,26.2,20.0,0.0,,0.0,2,2.5,Low,False,39.0,-25.7,86.2,17.4,Team Offsite,False,Office,2024-01-10 09:00:00
WH43694,EMP1325,2024-01-31,5,5.9,0.0,4.9,1.0,2.5,2.9,17,7,1,0,1,0,1,39.7,31.6,11.9,20.0,0.0,,0.0,2,3.5,Low,False,28.0,-30.8,73.8,20.3,Client Visit,False,Office,2024-01-31 09:00:00
WH43695,EMP1325,2024-02-05,6,6.8,0.0,4.9,1.9,2.7,3.2,4,7,3,3,0,2,0,39.3,36.9,43.3,47.4,30.0,7.8,0.0,1,2.8,Medium,False,56.0,-8.3,85.0,29.5,,False,Office,2024-02-05 09:00:00
WH43696,EMP1325,2024-02-14,7,6.2,0.0,5.2,1.0,3.5,1.9,10,5,3,1,0,1,1,28.9,25.6,30.3,20.6,16.7,7.2,0.0,0,4.8,Low,False,51.0,-21.2,77.5,18.7,Holiday,False,Office,2024-02-14 09:00:00
WH43697,EMP1325,2024-02-15,7,6.7,0.0,4.9,1.8,0.7,5.0,6,3,2,3,2,0,0,17.6,7.1,50.1,45.6,50.0,7.6,0.0,1,1.7,Low,False,63.0,-7.7,83.8,4.2,Holiday,False,Home,2024-02-15 09:00:00
WH43698,EMP1325,2024-03-15,11,5.9,0.0,4.6,1.3,2.3,3.0,16,5,3,1,2,1,1,39.2,60.6,29.7,20.0,16.7,7.1,0.0,2,3.1,Low,False,36.0,-21.2,73.8,27.3,Client Visit,False,Home,2024-03-15 09:00:00
WH43699,EMP1325,2024-03-28,13,6.9,0.0,4.9,2.0,1.1,4.8,7,5,1,1,0,0,0,28.7,16.2,28.8,20.0,16.7,7.6,0.0,1,2.1,Low,False,60.0,-17.1,86.2,14.2,Team Offsite,False,Office,2024-03-28 09:00:00
WH43700,EMP1325,2024-04-10,15,6.5,0.0,4.7,1.8,2.7,3.2,5,4,1,0,1,0,2,37.5,41.8,26.3,20.0,0.0,,0.0,0,3.7,Medium,False,33.0,-24.0,81.2,22.6,,False,Office,2024-04-10 09:00:00
WH43701,EMP1325,2024-04-18,16,6.2,0.0,5.3,0.9,1.4,4.0,10,3,1,1,2,2,1,24.7,41.9,36.5,20.0,25.0,5.7,0.0,0,1.7,Medium,False,51.0,-15.3,77.5,27.4,Holiday,False,Home,2024-04-18 09:00:00
WH43702,EMP1325,2024-04-23,17,0.0,0.0,0.0,0.0,0.0,0.0,0,0,0,0,0,0,0,0.0,0.0,0.0,0.0,0.0,,0.0,0,0.0,Low,False,0.0,0.0,0.0,0.0,Leave,True,Home,2024-04-23 09:00:00
WH43703,EMP1325,2024-04-26,17,6.6,0.0,4.7,1.9,2.5,3.6,9,6,3,3,2,1,2,47.9,48.9,44.6,41.9,33.3,8.2,0.0,1,3.0,Low,False,31.0,-1.4,82.5,34.5,Team Offsite,False,Office,2024-04-26 09:00:00
WH43704,EMP1325,2024-05-07,19,7.0,0.0,5.1,1.9,2.2,4.3,8,1,1,1,1,0,1,20.4,16.8,48.2,20.0,50.0,8.3,0.0,0,2.5,Low,False,30.0,-10.6,87.5,16.7,,False,Office,2024-05-07 09:00:00
WH43705,EMP1325,2024-05-09,19,6.8,0.0,5.0,1.8,1.5,4.1,5,4,1,3,1,1,3,50.3,83.4,43.2,47.7,42.9,6.3,0.2,0,1.5,Low,False,72.0,-5.3,85.0,40.3,,False,Office,2024-05-09 09:00:00
WH43706,EMP1325,2024-05-16,20,7.3,0.0,5.2,2.1,2.4,3.9,25,7,2,2,2,2,0,35.3,19.0,35.7,29.8,22.2,8.1,0.0,0,3.1,Medium,False,59.0,-16.6,91.2,16.9,Team Offsite,False,Home,2024-05-16 09:00:00
WH43707,EMP1325,2024-05-17,20,7.2,0.0,5.7,1.5,2.3,4.6,3,4,1,0,2,1,0,22.0,0.0,33.6,20.0,0.0,,0.0,2,2.8,Low,False,19.0,-17.2,90.0,10.1,,False,Office,2024-05-17 09:00:00
WH43708,EMP1325,2024-06-05,23,7.6,0.0,6.0,1.6,2.7,3.8,20,5,3,3,1,2,2,45.0,74.6,51.6,33.0,37.5,7.4,0.0,1,2.9,Low,False,67.0,8.0,95.0,32.6,,False,Home,2024-06-05 09:00:00
WH43709,EMP1325,2024-06-07,23,8.1,0.1,6.6,1.5,2.1,4.8,5,8,2,2,2,2,0,47.0,19.9,39.3,25.1,20.0,8.0,0.0,0,3.6,Low,False,70.0,-12.7,101.2,19.2,Holiday,False,Home,2024-06-07 09:00:00
WH43710,EMP1325,2024-06-11,24,7.0,0.0,5.2,1.8,2.8,3.5,8,5,1,0,1,2,3,55.6,86.8,35.0,20.0,0.0,,0.0,2,3.7,Low,False,44.0,-17.4,87.5,43.9,,False,Office,2024-06-11 09:00:00
WH43711,EMP1325,2024-06-13,24,6.9,0.0,5.6,1.3,1.4,4.4,24,3,2,2,2,1,1,18.4,27.3,31.6,26.7,40.0,8.0,0.0,0,2.7,Medium,False,64.0,-17.1,86.2,11.8,,False,Office,2024-06-13 09:00:00
WH43712,EMP1325,2024-06-25,26,6.0,0.0,4.6,1.4,1.9,3.6,4,4,1,1,0,2,3,40.8,75.0,42.4,20.0,20.0,7.3,0.0,2,2.9,Low,False,31.0,-13.1,75.0,23.4,,False,Office,2024-06-25 09:00:00
WH43713,EMP1325,2024-07-30,31,6.5,0.0,5.0,1.5,0.0,6.2,16,5,2,2,1,0,3,48.5,61.1,44.6,26.9,28.6,7.2,0.0,0,1.2,Low,False,21.0,-13.3,81.2,35.3,Training Day,False,Home,2024-07-30 09:00:00
WH43714,EMP1325,2024-08-29,35,7.4,0.0,5.5,1.9,2.9,3.7,19,8,1,1,1,0,1,53.2,41.7,28.4,20.0,11.1,8.2,0.0,3,4.3,Low,False,48.0,-19.9,92.5,26.4,,False,Home,2024-08-29 09:00:00
WH43715,EMP1325,2024-08-30,35,6.3,0.0,4.6,1.7,1.7,3.8,17,4,1,1,0,2,0,17.6,42.9,32.8,20.0,20.0,6.7,0.0,2,2.0,Low,False,47.0,-15.7,78.8,17.1,,False,Office,2024-08-30 09:00:00
WH43716,EMP1325,2024-10-15,42,7.9,0.0,6.0,1.9,1.6,6.0,4,2,1,0,2,0,0,9.7,0.0,22.4,20.0,0.0,,0.0,0,2.5,Low,False,21.0,-28.9,98.8,0.9,Client Visit,False,Office,2024-10-15 09:00:00
WH43717,EMP1325,2024-11-11,46,6.2,0.0,4.7,1.5,2.1,3.5,18,3,1,1,1,0,0,14.9,0.0,42.8,20.0,25.0,7.6,0.0,0,3.0,Low,False,34.0,-13.3,77.5,8.4,Team Offsite,False,Office,2024-11-11 09:00:00
WH43718,EMP1325,2024-11-26,48,7.2,0.0,6.0,1.2,1.1,5.4,17,6,1,0,1,0,0,24.4,12.8,34.1,20.0,0.0,,0.0,1,2.1,Low,False,43.0,-10.0,90.0,2.7,Training Day,False,Office,2024-11-26 09:00:00
WH43719,EMP1325,2024-11-27,48,7.7,0.0,5.9,1.8,0.6,6.2,11,7,2,0,2,1,0,36.0,24.8,26.3,20.0,0.0,,0.0,0,2.0,Low,False,53.0,-28.8,96.2,9.4,Team Offsite,False,Home,2024-11-27 09:00:00
WH43720,EMP1325,2024-11-28,48,7.0,0.0,5.4,1.6,3.2,2.8,17,7,2,2,2,1,0,29.6,20.9,38.0,32.4,22.2,7.2,0.0,2,3.4,Low,False,62.0,-11.4,87.5,22.3,,False,Home,2024-11-28 09:00:00
WH43721,EMP1325,2024-12-12,50,6.1,0.0,4.9,1.2,0.7,5.0,25,6,2,3,0,0,2,59.1,54.1,59.4,45.5,33.3,7.5,0.0,1,1.0,Low,False,26.0,-2.5,76.2,43.7,,False,Office,2024-12-12 09:00:00
WH43722,EMP1325,2024-12-17,51,7.2,0.0,5.3,1.9,1.9,4.6,12,5,3,1,1,2,2,39.3,72.1,35.8,20.0,16.7,6.9,0.2,2,2.2,Low,False,43.0,-17.6,90.0,35.4,Holiday,False,Home,2024-12-17 09:00:00
WH43723,EMP1325,2025-01-02,1,6.0,0.0,5.0,1.0,1.9,3.0,18,5,1,0,2,1,2,53.4,64.3,29.4,20.0,0.0,,0.0,0,3.0,Low,False,64.0,-24.4,75.0,37.3,Training Day,False,Office,2025-01-02 09:00:00
WH43724,EMP1325,2025-01-15,3,7.9,0.0,6.2,1.7,1.7,5.1,23,3,3,2,0,1,0,15.3,17.8,48.9,30.5,40.0,7.3,0.0,0,3.0,Low,False,64.0,-7.0,98.8,9.7,,False,Home,2025-01-15 09:00:00
WH43725,EMP1325,2025-01-31,5,7.7,0.0,5.6,2.1,2.9,3.9,5,7,1,0,0,0,1,52.3,28.0,29.3,20.0,0.0,,0.0,2,3.6,Low,False,52.0,-26.2,96.2,16.9,Team Offsite,False,Office,2025-01-31 09:00:00
WH43726,EMP1326,2024-01-08,2,5.0,1.0,3.1,1.9,2.0,2.1,4,8,2,1,0,0,1,53.8,39.5,37.4,20.9,11.1,7.0,0.0,3,2.2,Medium,False,54.0,-40.0,125.0,37.2,Team Offsite,False,Office,2024-01-08 09:00:00
WH43727,EMP1326,2024-01-10,2,5.0,1.0,3.5,1.5,1.4,3.0,13,4,1,2,0,2,3,47.1,77.5,39.7,41.8,33.3,7.3,0.0,0,1.8,Medium,False,37.0,-40.0,125.0,45.3,Team Offsite,False,Home,2024-01-10 09:00:00
WH43728,EMP1326,2024-01-26,4,5.0,1.0,3.4,1.6,3.3,1.0,18,4,3,3,2,0,2,44.0,49.0,39.6,65.7,42.9,7.0,0.0,1,4.7,Medium,False,43.0,-24.2,125.0,37.8,,False,Office,2024-01-26 09:00:00
WH43729,EMP1326,2024-02-05,6,5.0,1.0,3.0,2.0,1.6,2.6,5,1,1,0,1,1,0,6.9,21.1,32.2,20.0,0.0,,0.0,2,2.4,Low,False,48.0,-40.0,125.0,20.1,,False,Office,2024-02-05 09:00:00
WH43730,EMP1326,2024-02-08,6,0.0,0.0,0.0,0.0,0.0,0.0,0,0,0,0,0,0,0,0.0,0.0,0.0,0.0,0.0,,0.0,0,0.0,Low,False,0.0,0.0,0.0,0.0,Leave,True,Home,2024-02-08 09:00:00
WH43731,EMP1326,2024-02-22,8,5.0,1.0,3.5,1.5,1.3,3.0,19,1,2,0,0,0,1,22.3,35.9,34.8,20.0,0.0,,0.0,2,2.7,Low,False,41.0,-40.0,125.0,18.8,Holiday,False,Home,2024-02-22 09:00:00
WH43732,EMP1326,2024-02-23,8,5.0,1.0,3.3,1.7,2.4,1.8,25,5,1,0,2,2,2,60.9,66.0,38.4,20.0,0.0,,0.0,3,2.9,Low,False,51.0,-38.5,125.0,39.0,Client Visit,False,Office,2024-02-23 09:00:00
WH43733,EMP1326,2024-03-05,10,5.0,1.0,3.4,1.6,3.6,0.9,18,6,2,0,1,2,3,67.5,95.8,22.0,20.0,0.0,,0.0,4,4.0,Medium,False,27.0,-40.0,125.0,54.1,,False,Home,2024-03-05 09:00:00
WH43734,EMP1326,2024-03-08,10,5.0,1.0,3.6,1.4,2.5,2.1,3,6,1,2,2,2,0,41.5,27.6,39.4,31.7,25.0,7.7,0.0,3,3.7,Medium,False,25.0,-35.4,125.0,20.0,Team Offsite,False,Office,2024-03-08 09:00:00
WH43735,EMP1326,2024-03-11,11,0.0,0.0,0.0,0.0,0.0,0.0,0,0,0,0,0,0,0,0.0,0.0,0.0,0.0,0.0,,0.0,0,0.0,Low,False,0.0,0.0,0.0,0.0,Leave,True,Home,2024-03-11 09:00:00
WH43736,EMP1326,2024-03-12,11,5.0,1.0,3.7,1.3,3.6,0.6,14,4,3,1,2,1,0,21.1,24.2,34.7,22.1,20.0,7.2,0.0,4,4.3,Medium,False,46.0,-40.0,125.0,20.2,,False,Office,2024-03-12 09:00:00
WH43737,EMP1326,2024-03-15,11,5.0,1.0,3.2,1.8,1.7,2.9,4,3,3,2,0,1,0,25.5,17.7,33.3,30.0,40.0,6.7,0.6,2,2.2,Medium,False,25.0,-40.0,125.0,18.4,Training Day,False,Home,2024-03-15 09:00:00
WH43738,EMP1326,2024-04-29,18,5.0,1.0,3.3,1.7,2.7,1.3,21,2,3,2,1,0,2,44.7,49.8,46.4,42.5,50.0,6.1,0.3,1,3.1,Medium,False,59.0,-28.4,125.0,36.2,Training Day,False,Office,2024-04-29 09:00:00
WH43739,EMP1326,2024-05-14,20,5.0,1.0,3.3,1.7,1.5,2.4,20,1,2,0,2,0,1,20.7,13.6,29.4,20.0,0.0,,0.0,0,1.6,Medium,False,69.0,-40.0,125.0,25.2,Holiday,False,Office,2024-05-14 09:00:00
WH43740,EMP1326,2024-05-22,21,5.0,1.0,3.7,1.3,1.9,2.7,15,8,3,1,0,0,0,49.2,7.8,39.2,20.0,11.1,8.9,0.0,1,2.3,Medium,False,23.0,-38.1,125.0,22.8,Holiday,False,Office,2024-05-22 09:00:00
WH43741,EMP1326,2024-05-30,22,5.0,1.0,3.4,1.6,1.8,2.4,7,6,2,1,0,1,1,47.5,47.8,37.1,25.4,14.3,6.3,0.2,0,2.3,Medium,False,48.0,-34.2,125.0,35.1,,False,Office,2024-05-30 09:00:00
WH43742,EMP1326,2024-06-03,23,5.0,1.0,3.4,1.6,1.0,3.5,24,5,3,2,0,0,2,49.8,47.6,39.5,36.3,28.6,7.6,0.0,0,1.3,Medium,False,28.0,-34.9,125.0,45.6,Holiday,False,Home,2024-06-03 09:00:00
WH43743,EMP1326,2024-06-05,23,5.0,1.0,3.2,1.8,1.5,2.9,3,3,2,3,0,0,3,48.1,71.4,56.0,57.7,50.0,6.2,0.6,2,2.6,Low,False,35.0,-18.3,125.0,45.7,,False,Office,2024-06-05 09:00:00
WH43744,EMP1326,2024-07-01,27,5.0,1.0,3.0,2.0,1.7,2.5,12,2,3,1,0,1,1,23.9,34.6,42.8,22.8,33.3,6.9,0.5,0,1.8,Low,False,50.0,-40.0,125.0,21.7,Training Day,False,Office,2024-07-01 09:00:00
WH43745,EMP1326,2024-07-05,27,5.0,1.0,3.1,1.9,2.5,2.2,6,7,2,1,2,0,2,60.8,48.7,37.1,20.0,12.5,7.4,0.0,0,2.6,Low,False,20.0,-39.3,125.0,42.8,,False,Office,2024-07-05 09:00:00
WH43746,EMP1326,2024-07-12,28,5.0,1.0,3.1,1.9,4.0,0.5,22,3,3,1,0,0,0,26.9,7.7,31.2,20.1,25.0,5.6,0.1,2,4.3,Medium,False,38.0,-40.0,125.0,19.3,Holiday,False,Home,2024-07-12 09:00:00
WH43747,EMP1326,2024-07-15,29,0.0,0.0,0.0,0.0,0.0,0.0,0,0,0,0,0,0,0,0.0,0.0,0.0,0.0,0.0,,0.0,0,0.0,Low,False,0.0,0.0,0.0,0.0,Leave,True,Home,2024-07-15 09:00:00
WH43748,EMP1326,2024-08-09,32,5.0,1.0,3.3,1.7,2.2,2.2,15,6,2,1,1,0,2,55.0,66.9,38.5,26.0,14.3,6.7,0.1,2,2.3,Medium,False,34.0,-36.2,125.0,47.4,Holiday,False,Home,2024-08-09 09:00:00
WH43749,EMP1326,2024-09-02,36,5.0,1.0,3.2,1.8,0.5,3.9,24,3,1,0,1,2,3,53.7,86.2,27.2,20.0,0.0,,0.0,1,1.3,Low,False,37.0,-40.0,125.0,54.2,Holiday,False,Office,2024-09-02 09:00:00
WH43750,EMP1326,2024-09-19,38,5.0,1.0,3.3,1.7,2.1,1.9,24,4,3,0,2,2,1,38.0,51.4,43.6,20.0,0.0,,0.0,1,3.0,Medium,False,57.0,-39.8,125.0,36.4,,False,Office,2024-09-19 09:00:00
WH43751,EMP1326,2024-09-27,39,5.0,1.0,3.1,1.9,2.2,2.0,9,8,3,2,2,2,1,61.6,46.2,47.9,45.5,20.0,8.4,0.0,1,2.7,Low,False,50.0,-32.7,125.0,44.2,,False,Home,2024-09-27 09:00:00
WH43752,EMP1326,2024-10-02,40,5.0,1.0,3.2,1.8,3.0,0.8,7,8,3,3,0,2,3,74.2,95.5,42.7,53.6,27.3,7.7,0.0,0,4.1,Medium,False,73.0,-30.0,125.0,62.4,,False,Home,2024-10-02 09:00:00
WH43753,EMP1326,2024-10-22,43,5.0,1.0,3.5,1.5,0.7,3.3,14,4,2,2,2,2,1,49.6,45.0,50.5,36.4,33.3,7.8,0.0,1,1.1,Low,False,59.0,-20.2,125.0,45.1,Team Offsite,False,Office,2024-10-22 09:00:00
WH43754,EMP1326,2024-11-15,46,5.0,1.0,3.3,1.7,0.0,4.2,11,7,2,2,1,1,2,71.8,69.2,38.8,40.6,22.2,6.0,0.1,1,0.2,Low,False,48.0,-37.1,125.0,43.8,,False,Office,2024-11-15 09:00:00
WH43755,EMP1326,2024-12-31,1,5.0,1.0,3.7,1.3,2.3,2.4,5,4,1,1,0,0,3,56.7,75.5,38.2,23.8,20.0,6.9,0.2,0,3.5,Low,False,21.0,-34.9,125.0,52.7,Training Day,False,Office,2024-12-31 09:00:00
WH43756,EMP1326,2025-01-15,3,5.0,1.0,3.6,1.4,1.4,2.9,11,7,1,2,0,0,0,48.0,14.6,43.3,39.9,22.2,6.9,0.0,2,2.2,Low,False,45.0,-31.8,125.0,26.5,,False,Home,2025-01-15 09:00:00
WH43757,EMP1326,2025-02-13,7,5.0,1.0,3.7,1.3,0.9,3.2,12,8,1,2,2,0,3,79.4,66.5,36.4,38.3,20.0,5.6,0.5,1,1.7,Medium,False,53.0,-36.6,125.0,52.1,Team Offsite,False,Home,2025-02-13 09:00:00
WH43758,EMP1326,2025-02-20,8,5.0,1.0,3.7,1.3,2.1,2.1,17,2,3,2,1,0,0,17.7,11.9,53.6,45.1,50.0,7.0,0.0,2,2.9,Low,False,46.0,-23.2,125.0,24.0,Team Offsite,False,Office,2025-02-20 09:00:00
WH48115,EMP1459,2024-02-01,5,6.9,0.0,5.8,1.1,1.8,3.9,6,2,3,2,0,0,2,26.5,37.8,38.1,30.6,50.0,7.8,0.0,0,3.2,Low,False,71.0,-29.3,86.2,12.3,,False,Office,2024-02-01 09:00:00
WH48116,EMP1459,2024-02-02,5,6.6,0.0,4.8,1.8,2.0,4.0,22,1,1,1,2,0,0,17.2,9.8,49.2,20.0,50.0,6.0,0.4,3,2.8,Low,False,37.0,-17.5,82.5,11.6,Holiday,False,Office,2024-02-02 09:00:00
WH48117,EMP1459,2024-02-14,7,7.5,0.0,6.2,1.3,2.1,4.8,3,6,1,3,0,0,0,30.7,8.9,45.3,34.8,33.3,7.2,0.0,1,3.2,Low,False,35.0,-26.5,93.8,11.3,,False,Office,2024-02-14 09:00:00
WH48118,EMP1459,2024-02-19,8,7.6,0.0,6.0,1.6,0.4,7.0,6,3,1,0,1,2,0,18.2,28.0,34.6,20.0,0.0,,0.0,1,0.9,Low,False,10.0,-39.9,95.0,20.4,,False,Office,2024-02-19 09:00:00
WH48119,EMP1459,2024-02-27,9,7.5,0.0,5.9,1.6,3.3,3.7,8,3,2,1,0,0,1,26.7,33.6,44.1,20.0,25.0,7.4,0.0,0,3.4,Low,False,30.0,-30.2,93.8,15.9,,False,Office,2024-02-27 09:00:00
WH48120,EMP1459,2024-03-12,11,0.0,0.0,0.0,0.0,0.0,0.0,0,0,0,0,0,0,0,0.0,0.0,0.0,0.0,0.0,,0.0,0,0.0,Low,False,0.0,0.0,0.0,0.0,Leave,True,Home,2024-03-12 09:00:00
WH48121,EMP1459,2024-03-21,12,7.6,0.0,5.7,1.9,1.7,5.1,3,6,1,3,0,2,3,60.2,97.5,39.2,42.1,33.3,6.3,0.2,1,1.9,Medium,False,45.0,-25.1,95.0,45.3,,False,Office,2024-03-21 09:00:00
WH48122,EMP1459,2024-03-22,12,7.6,0.0,6.3,1.3,2.8,4.3,21,1,2,0,2,1,0,20.2,32.4,28.2,20.0,0.0,,0.0,0,4.1,Low,False,29.0,-40.0,95.0,14.7,Holiday,False,Office,2024-03-22 09:00:00
WH48123,EMP1459,2024-04-02,14,7.5,0.0,5.6,1.9,1.0,5.6,22,2,2,0,0,2,0,13.2,24.4,27.9,20.0,0.0,,0.0,1,2.3,Medium,False,54.0,-40.0,93.8,12.2,,False,Office,2024-04-02 09:00:00
WH48124,EMP1459,2024-04-15,16,6.2,0.0,4.9,1.3,2.8,2.5,6,3,2,2,2,1,0,19.8,17.7,47.1,41.1,40.0,7.1,0.0,2,2.8,Low,False,52.0,-27.0,77.5,10.0,Team Offsite,False,Office,2024-04-15 09:00:00
WH48125,EMP1459,2024-04-19,16,8.8,0.8,7.0,1.8,1.6,6.6,19,7,1,3,1,0,1,52.6,39.0,47.8,34.4,30.0,6.6,0.4,2,2.9,Medium,False,38.0,-17.8,110.0,35.0,,False,Office,2024-04-19 09:00:00
WH48126,EMP1459,2024-05-29,22,7.4,0.0,6.0,1.4,0.9,5.7,12,6,1,3,1,0,0,26.6,11.3,36.0,42.4,33.3,7.3,0.0,1,0.9,Low,False,48.0,-34.3,92.5,14.3,Team Offsite,False,Office,2024-05-29 09:00:00
WH48127,EMP1459,2024-06-25,26,6.7,0.0,5.2,1.5,1.0,5.1,17,5,2,1,0,2,3,57.4,90.8,33.4,20.0,16.7,6.8,0.1,2,1.9,Low,False,38.0,-38.9,83.8,34.1,,False,Office,2024-06-25 09:00:00
WH48128,EMP1459,2024-07-30,31,6.9,0.0,5.4,1.5,1.1,4.9,23,4,3,1,1,2,3,52.5,81.0,35.9,20.7,20.0,7.0,0.0,2,1.7,Low,False,52.0,-33.3,86.2,39.5,,False,Office,2024-07-30 09:00:00
WH48129,EMP1459,2024-08-14,33,8.1,0.1,6.6,1.5,1.7,5.2,25,6,1,0,1,0,3,61.0,61.3,14.9,20.0,0.0,,0.0,0,2.1,Medium,False,70.0,-40.0,101.2,22.5,,False,Office,2024-08-14 09:00:00
WH48130,EMP1459,2024-08-15,33,6.6,0.0,5.2,1.4,3.3,2.7,20,8,3,2,1,1,3,69.6,80.1,35.1,20.9,20.0,6.1,0.4,0,4.4,Medium,False,37.0,-40.0,82.5,38.7,,False,Office,2024-08-15 09:00:00
WH48131,EMP1459,2024-08-30,35,6.2,0.0,5.1,1.1,2.8,2.5,18,2,3,2,1,0,1,25.6,32.5,53.7,39.8,50.0,6.5,0.1,3,4.0,Low,False,57.0,-15.5,77.5,15.7,,False,Office,2024-08-30 09:00:00
WH48132,EMP1459,2024-09-04,36,7.1,0.0,5.7,1.4,1.9,4.6,19,2,2,1,1,0,2,31.6,29.3,47.2,20.0,33.3,7.8,0.0,0,3.3,Medium,False,36.0,-30.0,88.8,19.3,Holiday,False,Office,2024-09-04 09:00:00
WH48133,EMP1459,2024-09-06,36,7.2,0.0,5.6,1.6,0.4,6.1,20,5,2,2,1,1,1,34.5,32.5,38.4,33.8,28.6,6.3,0.0,0,0.9,Medium,False,40.0,-35.6,90.0,18.0,Holiday,False,Office,2024-09-06 09:00:00
WH48134,EMP1459,2024-09-13,37,7.4,0.0,6.2,1.2,1.6,5.1,10,7,3,2,2,2,3,61.9,95.9,40.0,32.8,22.2,7.9,0.0,0,3.1,Medium,False,42.0,-36.8,92.5,46.6,Team Offsite,False,Office,2024-09-13 09:00:00
WH48135,EMP1459,2024-09-17,38,7.5,0.0,5.5,2.0,3.8,2.9,9,1,2,0,0,0,0,7.9,0.0,22.0,20.0,0.0,,0.0,2,4.8,Medium,False,48.0,-40.0,93.8,0.0,,False,Office,2024-09-17 09:00:00
WH48136,EMP1459,2024-09-18,38,6.8,0.0,5.6,1.2,1.3,4.4,8,4,2,3,1,1,0,25.4,29.0,45.1,34.6,42.9,6.4,0.2,0,2.5,Medium,False,64.0,-26.8,85.0,22.9,,False,Office,2024-09-18 09:00:00
WH48137,EMP1459,2024-09-26,39,7.2,0.0,5.2,2.0,1.4,5.0,6,4,3,1,2,0,2,34.6,33.0,34.5,20.0,20.0,6.8,0.4,0,2.8,Medium,False,48.0,-32.2,90.0,24.9,,False,Office,2024-09-26 09:00:00
WH48138,EMP1459,2024-09-27,39,8.1,0.1,6.7,1.4,2.8,5.0,13,1,3,1,1,0,1,0.0,22.1,41.8,20.0,50.0,6.7,0.4,3,3.0,Medium,False,20.0,-31.3,101.2,10.0,Client Visit,False,Office,2024-09-27 09:00:00
WH48139,EMP1459,2024-10-14,42,7.3,0.0,6.0,1.3,2.6,3.8,3,5,1,1,1,1,2,43.2,42.9,19.5,20.0,16.7,7.1,0.0,0,3.8,Medium,False,56.0,-40.0,91.2,26.9,,False,Office,2024-10-14 09:00:00
WH48140,EMP1459,2024-10-30,44,7.7,0.0,5.5,2.2,2.1,4.7,16,4,2,1,2,2,3,51.5,95.0,36.0,20.0,20.0,7.2,0.0,3,3.4,Medium,False,56.0,-37.9,96.2,38.1,Team Offsite,False,Office,2024-10-30 09:00:00
WH48141,EMP1459,2024-11-01,44,7.5,0.0,5.6,1.9,3.7,3.1,17,3,3,2,1,0,3,46.7,69.8,44.4,29.1,40.0,5.5,0.1,3,4.0,Medium,False,40.0,-27.7,93.8,31.2,Team Offsite,False,Office,2024-11-01 09:00:00
WH48142,EMP1459,2024-11-04,45,6.8,0.0,5.4,1.4,1.5,4.2,17,4,3,3,2,0,3,58.9,64.5,42.5,40.1,42.9,6.5,0.2,1,2.4,Medium,False,65.0,-30.7,85.0,34.2,Client Visit,False,Office,2024-11-04 09:00:00
WH48143,EMP1459,2024-11-14,46,7.5,0.0,5.7,1.8,0.0,6.7,18,8,1,0,2,2,1,38.9,51.2,21.2,20.0,0.0,,0.0,0,0.5,Medium,False,51.0,-40.0,93.8,26.8,,False,Office,2024-11-14 09:00:00
WH48144,EMP1459,2024-11-18,47,0.0,0.0,0.0,0.0,0.0,0.0,0,0,0,0,0,0,0,0.0,0.0,0.0,0.0,0.0,,0.0,0,0.0,Low,False,0.0,0.0,0.0,0.0,Leave,True,Home,2024-11-18 09:00:00
WH48145,EMP1459,2024-11-26,48,8.2,0.2,6.8,1.4,0.6,7.0,7,6,3,2,2,2,0,35.7,48.5,34.7,26.7,25.0,6.2,0.1,0,1.9,Medium,False,33.0,-39.5,102.5,39.7,,False,Office,2024-11-26 09:00:00
WH48146,EMP1459,2024-12-26,52,7.7,0.0,6.1,1.6,0.2,7.0,15,5,2,0,0,0,1,31.7,30.4,32.2,20.0,0.0,,0.0,1,1.6,Medium,False,29.0,-40.0,96.2,20.1,Training Day,False,Office,2024-12-26 09:00:00
WH48147,EMP1459,2025-02-19,8,7.3,0.0,5.4,1.9,3.4,3.0,4,5,1,0,2,0,2,40.2,36.5,18.1,20.0,0.0,,0.0,0,4.3,Medium,False,51.0,-40.0,91.2,21.1,Training Day,False,Office,2025-02-19 09:00:00
