review_id,employee_id,reviewer_id,review_period_start,review_period_end,review_date,review_type,overall_performance_score,normalized_performance_score,technical_competence_score,domain_knowledge_score,problem_solving_score,innovation_score,quality_of_work_score,productivity_score,communication_score,collaboration_score,leadership_score,initiative_score,adaptability_score,reliability_score,time_management_score,tasks_completed,projects_completed,average_task_quality,on_time_delivery_rate,productivity_vs_peers,total_hours_worked,overtime_hours,utilization_rate,strengths,achievements,exceeded_expectations_areas,weaknesses,improvement_areas,development_goals,reviewer_comments,recommended_actions,promotion_recommended,salary_increase_recommended,salary_increase_percentage,training_recommended,training_areas,performance_rating,created_at,last_updated,manager_comments,self_assessment_score,peer_feedback_summary,promotion_readiness,salary_adjustment_recommendation,bonus_recommendation,training_recommendations,next_review_date,follow_up_required
REV001,EMP115,EMP065,2023-09-11,2023-12-10,2023-12-31,Project-based,70.9,69.1,5.8,4.4,7.3,7.2,6.8,6.1,6.1,7.5,3.4,7.5,7.1,7.7,6.6,33,6,8.6,97.3,1.9,1253.0,53.0,84.2,"Reliability,Mentoring,Adaptability",Automated key workflows,,"Delegation,Time estimation","Testing coverage,Stakeholder communication",Improve presentation skills,Consistent and reliable,Enroll in leadership training,True,True,,False,"Leadership,Technical Skills",Unsatisfactory,2024-09-11 16:31:50,2024-07-11 16:58:52,Excellent contribution to team goals this period.,6.9,"Delivers consistently, sometimes misses deadlines.",Not Ready,5.0,2000,"Scrum Master,Data Analysis,Python Advanced",2024-06-28,False
REV002,EMP111,EMP062,2025-03-01,2025-05-30,2025-06-25,Quarterly,47.6,46.6,3.9,9.9,7.9,7.2,6.8,7.5,8.2,7.3,3.1,4.3,6.3,7.4,6.8,26,7,7.8,80.6,11.7,857.0,0,77.7,"Reliability,Teamwork,Initiative",Mentored junior team members,,"Testing coverage,Public speaking","Public speaking,Stakeholder communication",Improve presentation skills,Strong performance this period,Monitor workload closely,False,True,,False,,Below Expectations,2024-02-16 08:38:18,2024-06-30 17:41:14,Needs to improve on documentation and communication.,7.3,"Delivers consistently, sometimes misses deadlines.",Not Ready,7.0,5000,Conflict Resolution,2025-09-23,False
REV003,EMP091,EMP152,2024-10-18,2025-04-16,2025-05-11,Probationary,68.2,70.8,6.0,4.6,6.0,6.5,8.5,5.9,4.5,7.1,3.3,7.8,6.9,5.9,2.9,120,4,9.4,67.1,-10.0,812.0,12.0,79.0,"Initiative,Problem solving,Teamwork",Automated key workflows,"Initiative,Communication","Testing coverage,Stakeholder communication","Public speaking,Time estimation",Complete cloud certification,Excellent contribution to team,Enroll in leadership training,False,False,,True,"Communication,Leadership",Unsatisfactory,2024-01-10 08:09:31,2025-09-13 09:12:22,Excellent contribution to team goals this period.,8.8,"Great collaborator, always willing to help others.",Not Ready,5.0,7500,Design Thinking,2025-11-07,False
REV004,EMP015,EMP119,2025-04-24,2025-07-23,2025-08-10,Probationary,89.1,91.0,7.1,5.6,6.6,5.2,6.6,6.2,5.9,8.5,8.7,7.5,6.4,7.9,9.1,48,6,6.6,85.4,-8.0,947.0,22.0,84.5,"Technical expertise,Teamwork,Creativity",Improved system performance by 40%,,"Documentation,Work-life balance","Work-life balance,Delegation",Improve presentation skills,Strong performance this period,Assign stretch projects,True,False,,True,"Project Management,Communication",Exceeds Expectations,2025-12-12 18:40:22,2025-02-28 18:16:31,"Good overall performance, room to grow in technical depth.",6.6,"Reliable team member, communicates clearly.",Ready Now,5.0,10000,"Data Analysis,Scrum Master,Communication Skills",2026-02-06,False
REV005,EMP158,EMP143,2025-05-03,2025-10-30,2025-11-06,Annual,68.7,70.7,6.1,6.1,8.5,5.8,8.6,8.5,7.4,7.2,5.4,7.3,10,5.9,7.3,113,2,8.5,72.6,14.4,996.0,16.0,75.2,"Adaptability,Technical expertise,Mentoring",Led successful project delivery,"Creativity,Communication","Public speaking,Delegation","Delegation,Stakeholder communication",Mentor 2 junior engineers,,Monitor workload closely,False,True,,False,"Project Management,Technical Skills",Meets Expectations,2024-03-03 16:57:03,2024-06-22 10:10:47,"Good overall performance, room to grow in technical depth.",5.0,"Positive energy, great team player.",Not Ready,10.0,,,2026-11-06,True
REV006,EMP200,EMP178,2024-11-05,2025-02-03,2025-02-19,Quarterly,57.4,56.0,5.0,6.0,7.7,3.4,8.2,6.0,6.9,9.3,4.7,5.4,5.6,7.8,8.4,56,5,8.6,68.9,8.8,882.0,47.0,85.1,"Reliability,Time management,Communication",Improved system performance by 40%,"Technical expertise,Initiative","Process adherence,Testing coverage","Time estimation,Stakeholder communication",Mentor 2 junior engineers,Excellent contribution to team,Monitor workload closely,False,True,,True,"Leadership,Project Management",Exceeds Expectations,2025-09-27 11:12:11,2025-09-06 18:14:33,Shows great initiative and proactive problem-solving.,8.0,"Positive energy, great team player.",Not Ready,5.0,,"Data Analysis,Python Advanced,Conflict Resolution",2025-05-20,False
REV007,EMP135,EMP125,2023-08-13,2024-02-09,2024-02-21,Project-based,69.4,70.1,4.1,3.8,6.5,8.7,6.8,9.7,9.7,7.9,2.9,8.2,10,8.4,8.9,38,8,5.0,100,15.0,1183.0,56.0,87.2,"Communication,Creativity,Adaptability",Led successful project delivery,"Time management,Attention to detail","Documentation,Public speaking","Public speaking,Testing coverage",Lead a cross-functional project,Areas for growth identified,Recommend for promotion,False,True,,False,"Communication,Project Management",Below Expectations,2023-08-12 17:48:28,2025-10-18 12:26:44,"Good overall performance, room to grow in technical depth.",8.3,"Strong technical contributor, could improve on sharing knowledge.",Not Ready,3.0,7500,Communication Skills,2024-08-19,True
REV008,EMP137,EMP192,2023-07-10,2023-10-08,2023-10-21,Probationary,33.2,31.9,6.6,6.8,8.0,7.9,7.2,7.5,9.6,8.7,5.1,8.7,6.0,8.4,6.6,95,5,6.8,80.5,15.2,1090.0,14.0,81.0,"Creativity,Initiative,Attention to detail",Improved system performance by 40%,,"Delegation,Public speaking","Public speaking,Work-life balance",Mentor 2 junior engineers,Shows great potential,Monitor workload closely,False,False,,True,,Exceptional,2024-08-14 09:07:44,2025-09-23 12:07:16,Shows great initiative and proactive problem-solving.,8.4,"Reliable team member, communicates clearly.",Not Ready,15.0,0,,2024-04-18,True
REV009,EMP121,EMP108,2024-09-14,2025-03-13,2025-03-23,Project-based,46.4,47.3,6.1,4.9,6.4,7.9,6.7,8.9,5.9,7.1,6.7,6.8,7.8,7.7,9.3,109,4,7.3,70.3,20.5,1168.0,50.0,89.2,"Creativity,Attention to detail,Time management",Improved system performance by 40%,"Initiative,Teamwork","Stakeholder communication,Time estimation","Delegation,Public speaking",Lead a cross-functional project,Areas for growth identified,Recommend for promotion,True,False,10.9,False,"Project Management,Technical Skills",Unsatisfactory,2023-07-29 15:13:30,2026-01-29 15:56:32,Consistently delivers quality work under pressure.,6.2,"Strong technical contributor, could improve on sharing knowledge.",Not Ready,10.9,2000,,2025-09-19,False
REV010,EMP195,EMP077,2025-01-20,2025-04-20,2025-05-02,Project-based,61.7,62.8,3.8,5.3,5.5,7.3,7.0,8.9,6.5,6.0,4.3,6.1,10,5.7,6.1,144,2,6.2,91.2,-29.3,944.0,27.0,88.9,"Technical expertise,Communication,Teamwork",Improved system performance by 40%,"Creativity,Technical expertise","Testing coverage,Process adherence","Time estimation,Testing coverage",Lead a cross-functional project,Consistent and reliable,,False,False,,True,,Exceptional,2024-10-07 12:34:20,2026-01-14 12:00:31,"Good overall performance, room to grow in technical depth.",8.3,"Great collaborator, always willing to help others.",Not Ready,10.0,3000,,2025-10-29,True
REV011,EMP184,EMP074,2023-11-21,2024-05-19,2024-05-30,Project-based,83.8,86.8,4.5,3.3,5.5,6.7,6.3,5.8,5.2,4.9,2,8.0,8.3,5.5,8.0,68,4,7.7,70.9,7.9,983.0,2.0,85.8,"Attention to detail,Creativity,Reliability",Improved system performance by 40%,"Technical expertise,Attention to detail","Public speaking,Work-life balance","Stakeholder communication,Process adherence",,,Recommend for promotion,False,True,3.7,True,"Communication,Leadership",Exceptional,2025-10-05 13:28:49,2024-12-20 08:03:10,Excellent contribution to team goals this period.,7.2,"Great collaborator, always willing to help others.",Ready in 6-12 months,3.7,,"Leadership Training,Project Management",2024-11-26,False
REV012,EMP128,EMP082,2024-08-26,2024-11-24,2024-12-08,Quarterly,78.1,81.5,4.9,3.4,6.8,4.9,7.5,3.8,7.1,6.0,6.1,10,7.5,10,5.6,23,5,8.0,52.5,2.9,1095.0,38.0,81.4,"Teamwork,Technical expertise,Time management",Led successful project delivery,"Teamwork,Adaptability","Delegation,Documentation","Delegation,Public speaking",Mentor 2 junior engineers,Areas for growth identified,Assign stretch projects,False,True,4.0,True,"Project Management,Leadership",Unsatisfactory,2024-06-08 10:33:30,2024-06-24 18:45:57,Excellent contribution to team goals this period.,7.1,"Delivers consistently, sometimes misses deadlines.",Ready in 6-12 months,4.0,3000,"Python Advanced,Leadership Training,Agile Course",2025-03-08,True
REV013,EMP047,EMP175,2024-08-31,2025-02-27,2025-03-29,Quarterly,55.6,53.9,5.9,6.7,7.9,8.1,7.9,6.6,5.3,9.5,5.7,7.6,6.9,7.9,10,41,4,10.0,86.8,-3.0,1082.0,36.0,92.9,"Reliability,Time management,Communication",Mentored junior team members,"Leadership,Technical expertise","Time estimation,Work-life balance","Public speaking,Process adherence",Improve presentation skills,Strong performance this period,Assign stretch projects,False,False,12.1,True,"Leadership,Technical Skills",Meets Expectations,2024-07-10 18:12:27,2024-08-23 08:20:21,Consistently delivers quality work under pressure.,6.5,"Strong technical contributor, could improve on sharing knowledge.",Not Ready,12.1,5000,Project Management,2025-06-27,False
REV014,EMP070,EMP144,2023-04-07,2023-10-04,2023-10-26,Project-based,93.3,89.7,6.7,7.4,7.5,6.8,8.6,8.3,7.3,8.5,3.3,7.8,6.9,5.8,6.6,99,6,7.1,85.2,6.6,1190.0,25.0,82.9,"Mentoring,Leadership,Technical expertise",Improved system performance by 40%,,"Documentation,Work-life balance","Process adherence,Time estimation",Complete cloud certification,Strong performance this period,Monitor workload closely,False,False,4.0,False,"Leadership,Technical Skills",Exceptional,2024-08-27 18:26:14,2024-01-12 13:29:08,Shows great initiative and proactive problem-solving.,8.0,"Positive energy, great team player.",Ready in 6-12 months,4.0,,Data Analysis,2024-04-23,False
REV015,EMP014,EMP075,2024-12-03,2025-06-01,2025-06-18,Probationary,87.4,86.5,6.4,5.3,8.3,6.0,5.5,7.2,8.8,8.3,7.1,7.4,5.1,7.7,7.9,148,7,9.0,66.2,4.3,1181.0,64.0,81.0,"Teamwork,Technical expertise,Creativity",Improved system performance by 40%,,"Time estimation,Stakeholder communication","Documentation,Public speaking",Complete cloud certification,,,False,False,,False,,Exceptional,2025-05-22 08:39:28,2025-09-25 18:58:34,Strong performer with clear leadership potential.,4.7,"Strong technical contributor, could improve on sharing knowledge.",Ready in 6-12 months,3.0,7500,"Agile Course,Conflict Resolution",2025-12-15,False
REV016,EMP179,EMP181,2025-05-24,2025-08-22,2025-09-06,Annual,46.1,46.9,6.6,4.5,8.2,6.9,6.4,6.1,8.7,7.6,2.6,5.5,8.0,6.7,7.1,88,4,6.3,75.5,-40.1,1125.0,79.0,91.6,"Initiative,Reliability,Creativity",Mentored junior team members,"Creativity,Reliability","Public speaking,Documentation","Documentation,Process adherence",Improve presentation skills,Consistent and reliable,Monitor workload closely,False,False,14.6,False,"Project Management,Technical Skills",Unsatisfactory,2023-12-24 11:06:03,2025-04-10 10:30:29,Needs to improve on documentation and communication.,6.8,"Reliable team member, communicates clearly.",Not Ready,14.6,5000,Design Thinking,2026-09-06,True
REV017,EMP193,EMP006,2023-01-21,2023-07-20,2023-08-08,Project-based,45.0,47.0,4.0,5.6,6.8,5.4,7.5,4.7,8.8,6.5,6.8,5.6,7.3,7.7,8.0,62,6,7.7,96.6,3.6,1120.0,34.0,91.4,"Teamwork,Communication,Problem solving",Improved system performance by 40%,"Problem solving,Communication","Time estimation,Stakeholder communication","Documentation,Testing coverage",,Shows great potential,Monitor workload closely,True,True,9.5,True,,Exceptional,2025-08-23 12:15:31,2024-10-15 17:01:54,"Good overall performance, room to grow in technical depth.",7.9,"Delivers consistently, sometimes misses deadlines.",Not Ready,9.5,2000,,2024-02-04,True
REV018,EMP118,EMP152,2024-06-24,2024-12-21,2025-01-17,Project-based,62.9,62.8,3.5,2.9,7.5,9.9,7.0,4.6,5.8,8.2,3.6,8.4,7.0,8.8,6.6,80,5,8.3,78.1,-10.9,889.0,23.0,88.9,"Initiative,Time management,Attention to detail",Mentored junior team members,"Communication,Mentoring","Process adherence,Documentation","Public speaking,Delegation",Complete cloud certification,Areas for growth identified,Enroll in leadership training,False,False,,False,"Leadership,Communication",Below Expectations,2025-03-13 11:39:53,2025-03-22 10:25:33,Needs to improve on documentation and communication.,7.1,"Positive energy, great team player.",Not Ready,5.0,1000,"Project Management,Scrum Master,Conflict Resolution",2025-07-16,False
REV019,EMP189,EMP176,2024-11-24,2025-05-23,2025-06-15,Annual,95.2,95.0,6.4,3.6,7.8,7.1,8.2,7.1,5.0,5.0,3.9,7.5,7.3,8.9,10.0,37,7,6.5,78.8,27.0,966.0,9.0,77.0,"Technical expertise,Initiative,Creativity",Mentored junior team members,"Leadership,Problem solving","Stakeholder communication,Time estimation","Delegation,Stakeholder communication",Improve presentation skills,Shows great potential,Enroll in leadership training,False,False,,True,"Communication,Project Management",Exceeds Expectations,2025-10-19 11:49:16,2024-03-04 16:15:03,Strong performer with clear leadership potential.,7.2,"Positive energy, great team player.",Ready in 6-12 months,,7500,,2026-06-15,False
REV020,EMP003,EMP157,2024-02-04,2024-08-02,2024-08-21,Quarterly,55.9,55.7,4.9,4.8,6.7,6.0,8.0,6.9,7.4,4.9,6.9,6.6,7.6,9.0,4.2,97,3,7.3,99.1,-8.1,1116.0,0,84.2,"Time management,Problem solving,Leadership",Improved system performance by 40%,"Time management,Mentoring","Documentation,Delegation","Delegation,Time estimation",Mentor 2 junior engineers,Consistent and reliable,Monitor workload closely,False,False,7.8,False,"Leadership,Project Management",Exceeds Expectations,2025-01-05 08:03:34,2024-12-17 17:19:08,"Good overall performance, room to grow in technical depth.",7.6,"Great collaborator, always willing to help others.",Not Ready,7.8,7500,"AWS Certification,Project Management",2024-11-19,True
REV021,EMP055,EMP072,2024-07-23,2025-01-19,2025-02-13,Quarterly,80.7,77.8,7.2,6.6,6.9,6.6,10,5.1,8.9,6.8,8.3,9.1,7.3,7.7,7.1,60,7,7.2,81.1,1.1,1022.0,39.0,90.0,"Creativity,Time management,Initiative",Mentored junior team members,"Communication,Adaptability","Delegation,Process adherence","Work-life balance,Documentation",Mentor 2 junior engineers,Excellent contribution to team,Recommend for promotion,False,False,,True,"Technical Skills,Leadership",Meets Expectations,2023-11-20 11:42:44,2024-02-17 18:34:08,Shows great initiative and proactive problem-solving.,6.8,"Strong technical contributor, could improve on sharing knowledge.",Ready in 6-12 months,15.0,10000,"Design Thinking,Communication Skills",2025-05-14,False
REV022,EMP032,EMP014,2025-03-21,2025-06-19,2025-06-26,Probationary,61.7,64.3,4.3,4.6,6.6,9.0,6.2,6.0,8.6,7.7,6.6,6.2,6.8,8.1,7.2,70,8,6.4,86.8,16.4,842.0,40.0,93.7,"Leadership,Communication,Initiative",Automated key workflows,,"Public speaking,Delegation","Stakeholder communication,Documentation",,Consistent and reliable,Enroll in leadership training,False,True,14.9,False,,Unsatisfactory,2025-12-09 11:47:33,2025-10-17 15:22:02,Shows great initiative and proactive problem-solving.,5.7,"Delivers consistently, sometimes misses deadlines.",Not Ready,14.9,2000,Project Management,2025-12-23,True
REV023,EMP187,EMP064,2025-05-17,2025-11-13,2025-12-13,Probationary,94.1,96.1,5.9,5.1,6.8,4.9,6.8,7.3,6.3,7.1,6.3,8.5,6.6,6.9,5.1,21,7,10,82.0,2.2,1071.0,2.0,79.2,"Communication,Time management,Technical expertise",Improved system performance by 40%,"Technical expertise,Attention to detail","Testing coverage,Time estimation","Public speaking,Time estimation",Lead a cross-functional project,,Recommend for promotion,False,True,7.1,True,"Project Management,Technical Skills",Below Expectations,2025-03-17 15:27:24,2026-01-19 09:46:04,"Good overall performance, room to grow in technical depth.",6.6,"Positive energy, great team player.",Ready in 6-12 months,7.1,10000,Project Management,2026-06-11,False
REV024,EMP116,EMP037,2024-02-24,2024-05-24,2024-05-31,Quarterly,82.8,83.6,5.3,6.2,7.4,6.7,10,8.3,6.8,7.7,4.7,7.6,8.3,8.3,6.8,57,7,6.8,93.1,22.9,1106.0,60.0,89.0,"Problem solving,Initiative,Reliability",Automated key workflows,"Teamwork,Attention to detail","Delegation,Work-life balance","Public speaking,Time estimation",Lead a cross-functional project,Areas for growth identified,Assign stretch projects,True,True,11.9,False,"Project Management,Communication",Unsatisfactory,2026-01-06 11:19:12,2025-08-18 08:26:47,Excellent contribution to team goals this period.,7.1,"Strong technical contributor, could improve on sharing knowledge.",Ready in 6-12 months,11.9,0,,2024-08-29,True
REV025,EMP142,EMP130,2023-06-21,2023-12-18,2024-01-13,Annual,77.2,77.0,8.5,5.0,8.6,8.9,6.2,6.4,3.1,7.1,4.8,8.7,6.9,5.2,9.6,47,7,9.9,82.0,-24.0,649.0,0,88.3,"Mentoring,Technical expertise,Adaptability",Improved system performance by 40%,"Leadership,Teamwork","Public speaking,Testing coverage","Time estimation,Process adherence",Complete cloud certification,Shows great potential,Assign stretch projects,False,True,,True,,Meets Expectations,2024-08-25 16:33:06,2025-12-06 08:44:38,Strong performer with clear leadership potential.,5.6,"Great collaborator, always willing to help others.",Ready in 6-12 months,0.0,5000,AWS Certification,2025-01-12,False
REV026,EMP141,EMP167,2025-01-18,2025-04-18,2025-04-23,Project-based,74.3,72.2,3.7,4.1,7.7,3.4,8.2,7.1,8.8,8.3,5.3,7.2,5.4,8.0,7.8,118,1,6.7,88.6,1.4,929.0,56.0,98.4,"Leadership,Attention to detail,Communication",,,"Work-life balance,Public speaking","Process adherence,Time estimation",Complete cloud certification,Excellent contribution to team,Monitor workload closely,False,False,6.4,True,,Meets Expectations,2024-02-11 11:18:15,2025-01-10 14:29:30,Shows great initiative and proactive problem-solving.,7.8,"Strong technical contributor, could improve on sharing knowledge.",Not Ready,6.4,,"Agile Course,AWS Certification",2025-10-20,False
REV027,EMP120,EMP069,2024-12-30,2025-03-30,2025-04-19,Quarterly,87.8,83.7,4.3,6.7,7.8,9.8,9.9,8.5,9.6,4.4,5.9,4.0,5.3,9.2,9.6,38,6,6.3,88.0,18.2,729.0,42.0,78.6,"Communication,Technical expertise,Adaptability",Automated key workflows,"Communication,Time management","Documentation,Testing coverage","Documentation,Public speaking",Improve presentation skills,Areas for growth identified,,False,False,,True,"Communication,Technical Skills",Below Expectations,2023-07-10 12:53:20,2026-01-13 12:45:47,Strong performer with clear leadership potential.,8.6,"Delivers consistently, sometimes misses deadlines.",Ready in 6-12 months,,,"Agile Course,Design Thinking",2025-07-18,False
REV028,EMP112,EMP078,2023-05-02,2023-07-31,2023-08-27,Probationary,52.7,54.5,6.3,5.2,6.0,7.3,8.3,7.5,4.9,9.4,5.0,7.4,5.4,6.0,6.6,141,8,7.9,97.7,48.3,817.0,42.0,93.2,"Creativity,Adaptability,Problem solving",Led successful project delivery,"Leadership,Initiative","Process adherence,Testing coverage","Time estimation,Stakeholder communication",Complete cloud certification,,Recommend for promotion,True,False,,False,"Technical Skills,Leadership",Exceptional,2025-07-07 09:15:50,2024-01-09 10:34:54,Strong performer with clear leadership potential.,8.0,"Positive energy, great team player.",Not Ready,3.0,1000,"Leadership Training,Communication Skills",2024-02-23,False
REV029,EMP132,EMP160,2024-11-20,2025-02-18,2025-03-18,Quarterly,84.1,82.2,7.0,4.4,6.5,7.8,6.5,7.5,6.0,7.9,8.2,5.7,9.2,6.3,7.5,142,5,7.4,76.6,-24.0,912.0,26.0,81.4,"Adaptability,Technical expertise,Attention to detail",Led successful project delivery,,"Documentation,Stakeholder communication","Process adherence,Public speaking",Lead a cross-functional project,Shows great potential,Assign stretch projects,False,False,13.2,False,"Technical Skills,Project Management",Exceeds Expectations,2025-11-23 16:49:50,2024-03-11 10:40:13,Excellent contribution to team goals this period.,8.1,"Strong technical contributor, could improve on sharing knowledge.",Ready in 6-12 months,13.2,10000,,2025-06-16,True
REV030,EMP034,EMP121,2023-10-11,2024-04-08,2024-04-13,Project-based,30,31.0,7.6,7.7,7.7,7.7,8.6,8.0,6.9,6.8,8.8,5.0,4.5,8.4,6.0,96,5,8.4,79.8,9.3,1100.0,31.0,69.0,"Technical expertise,Mentoring,Attention to detail",Improved system performance by 40%,,"Process adherence,Work-life balance","Documentation,Work-life balance",Complete cloud certification,Consistent and reliable,Monitor workload closely,False,True,,True,,Exceptional,2024-04-04 08:09:25,2024-02-05 08:16:12,Needs to improve on documentation and communication.,7.2,"Strong technical contributor, could improve on sharing knowledge.",Not Ready,,10000,"AWS Certification,Agile Course,Design Thinking",2024-10-10,False
REV031,EMP128,EMP050,2025-04-06,2025-07-05,2025-07-22,Project-based,98.0,94.4,5.5,4.7,7.8,4.3,10.0,6.7,7.5,6.2,6.4,6.0,7.2,7.0,8.0,90,8,7.9,100,-8.6,944.0,48.0,92.1,"Adaptability,Time management,Initiative",,"Mentoring,Adaptability","Work-life balance,Time estimation","Documentation,Stakeholder communication",,Strong performance this period,Assign stretch projects,False,False,14.2,False,"Project Management,Leadership",Meets Expectations,2024-12-15 13:18:16,2025-04-15 09:35:06,Shows great initiative and proactive problem-solving.,6.2,"Delivers consistently, sometimes misses deadlines.",Ready in 6-12 months,14.2,,"Conflict Resolution,Python Advanced,Leadership Training",2026-01-18,True
REV032,EMP121,EMP042,2023-02-15,2023-08-14,2023-08-31,Quarterly,74.6,72.4,3.6,5.0,9.1,5.2,4.3,8.2,4.9,7.9,7.7,4.4,4.5,8.3,9.1,38,5,7.9,76.3,-6.3,997.0,29.0,84.4,"Technical expertise,Mentoring,Adaptability",Improved system performance by 40%,,"Public speaking,Testing coverage","Testing coverage,Process adherence",Mentor 2 junior engineers,Consistent and reliable,Assign stretch projects,False,False,,False,"Project Management,Communication",Unsatisfactory,2024-01-20 15:28:49,2026-01-28 14:09:14,Excellent contribution to team goals this period.,6.8,"Strong technical contributor, could improve on sharing knowledge.",Not Ready,10.0,7500,,2023-11-29,False
REV033,EMP115,EMP053,2024-11-07,2025-05-06,2025-05-15,Project-based,61.9,61.4,5.1,5.1,7.9,8.6,6.8,5.5,5.3,7.1,5.4,4.6,5.8,8.8,9.2,121,7,7.2,89.3,-20.4,1178.0,0,94.0,"Leadership,Teamwork,Problem solving",Improved system performance by 40%,"Creativity,Initiative","Work-life balance,Delegation","Process adherence,Time estimation",Improve presentation skills,Shows great potential,Recommend for promotion,False,True,9.6,False,"Leadership,Project Management",Below Expectations,2024-01-23 15:07:44,2024-10-23 18:53:10,Needs to improve on documentation and communication.,6.6,"Reliable team member, communicates clearly.",Not Ready,9.6,7500,Project Management,2025-11-11,False
REV034,EMP063,EMP160,2025-03-23,2025-09-19,2025-09-27,Project-based,71.0,70.5,6.3,5.7,4.9,7.1,7.8,7.4,7.3,9.3,2.5,7.4,8.8,6.1,6.4,37,5,6.8,85.6,-8.0,1159.0,24.0,87.0,"Leadership,Problem solving,Creativity",Led successful project delivery,"Leadership,Initiative","Delegation,Public speaking","Public speaking,Documentation",Improve presentation skills,Excellent contribution to team,Enroll in leadership training,False,True,,True,,Below Expectations,2025-09-17 15:22:13,2025-12-20 11:20:59,Shows great initiative and proactive problem-solving.,7.1,"Delivers consistently, sometimes misses deadlines.",Not Ready,15.0,,Conflict Resolution,2026-03-26,True
REV035,EMP199,EMP084,2024-04-19,2024-10-16,2024-10-23,Probationary,58.7,60.7,5.0,6.5,9.6,7.0,7.7,6.2,5.5,4.2,4.1,4.3,6.7,10,6.8,112,1,7.2,92.4,11.4,1192.0,19.0,89.0,"Mentoring,Reliability,Time management",Automated key workflows,"Communication,Leadership","Delegation,Stakeholder communication","Delegation,Time estimation",,Areas for growth identified,Recommend for promotion,False,True,,False,"Project Management,Leadership",Meets Expectations,2023-12-28 08:30:30,2025-10-21 13:14:32,"Good overall performance, room to grow in technical depth.",5.8,"Positive energy, great team player.",Not Ready,,5000,"Leadership Training,Scrum Master,Data Analysis",2025-04-21,False
REV036,EMP033,EMP040,2023-03-26,2023-06-24,2023-07-02,Annual,59.5,58.9,2.3,5.3,8.4,6.0,8.5,9.0,4.6,5.8,2.7,6.9,7.7,6.7,5.2,42,8,8.0,100,7.2,972.0,2.0,68.6,"Leadership,Technical expertise,Adaptability",,"Creativity,Technical expertise","Work-life balance,Process adherence","Public speaking,Work-life balance",Lead a cross-functional project,Shows great potential,,False,True,,True,"Leadership,Communication",Exceeds Expectations,2024-01-03 12:18:41,2024-11-17 17:05:28,Shows great initiative and proactive problem-solving.,9.0,"Strong technical contributor, could improve on sharing knowledge.",Not Ready,15.0,,,2024-07-01,False
REV037,EMP154,EMP045,2023-11-29,2024-02-27,2024-03-09,Quarterly,58.6,61.3,5.9,5.1,6.6,6.3,6.5,9.2,7.9,7.5,2.1,5.8,7.7,7.6,7.4,139,7,5.5,90.8,-0.1,809.0,4.0,88.4,"Communication,Attention to detail,Teamwork",Automated key workflows,,"Documentation,Delegation","Public speaking,Work-life balance",Improve presentation skills,,Enroll in leadership training,False,False,,True,,Exceptional,2024-12-09 09:41:55,2025-03-09 15:44:59,Strong performer with clear leadership potential.,8.3,"Reliable team member, communicates clearly.",Not Ready,,,"Project Management,Python Advanced",2024-06-07,False
REV038,EMP153,EMP101,2024-06-21,2024-09-19,2024-10-10,Project-based,67.8,70.1,4.3,7.6,6.8,6.8,7.3,7.4,7.7,7.8,6.5,6.2,6.7,7.8,7.1,124,8,9.3,77.1,-7.4,1074.0,29.0,91.0,"Reliability,Adaptability,Mentoring",Led successful project delivery,"Adaptability,Creativity","Stakeholder communication,Work-life balance","Delegation,Work-life balance",Improve presentation skills,Consistent and reliable,Enroll in leadership training,False,False,,True,"Leadership,Technical Skills",Unsatisfactory,2025-11-22 14:57:33,2025-08-24 09:01:42,Consistently delivers quality work under pressure.,7.0,"Great collaborator, always willing to help others.",Not Ready,3.0,7500,"Conflict Resolution,Communication Skills",2025-04-08,True
REV039,EMP076,EMP190,2024-06-04,2024-09-02,2024-09-22,Project-based,64.3,67.0,6.8,7.5,7.8,6.1,5.0,10,5.1,7.5,7.9,4.4,9.1,6.8,5.8,99,8,9.2,91.6,16.6,983.0,0,79.9,"Creativity,Attention to detail,Initiative",Mentored junior team members,"Initiative,Leadership","Stakeholder communication,Time estimation","Time estimation,Process adherence",Mentor 2 junior engineers,Excellent contribution to team,Assign stretch projects,False,False,11.9,False,"Communication,Project Management",Meets Expectations,2025-11-26 15:15:38,2025-05-23 13:05:48,Excellent contribution to team goals this period.,5.8,"Reliable team member, communicates clearly.",Not Ready,11.9,1000,AWS Certification,2025-03-21,False
REV040,EMP026,EMP195,2023-01-23,2023-07-22,2023-08-06,Probationary,89.5,92.6,4.9,5.9,8.9,8.1,6.7,6.4,6.9,6.7,5.7,7.4,7.2,8.8,7.9,74,3,7.9,83.7,14.3,1120.0,45.0,80.1,"Time management,Leadership,Reliability",Led successful project delivery,"Communication,Initiative","Documentation,Work-life balance","Public speaking,Stakeholder communication",Improve presentation skills,Areas for growth identified,Recommend for promotion,False,False,7.5,False,,Below Expectations,2023-10-12 10:07:30,2024-11-04 14:21:00,Strong performer with clear leadership potential.,5.8,"Positive energy, great team player.",Ready in 6-12 months,7.5,5000,"Scrum Master,Conflict Resolution,Communication Skills",2024-02-02,False
REV041,EMP001,EMP086,2024-04-26,2024-10-23,2024-10-28,Quarterly,85.5,82.6,6.3,6.8,6.5,6.3,8.2,6.2,5.8,5.1,5.1,7.7,10,6.6,6.3,58,7,4.6,76.7,12.9,1095.0,47.0,93.3,"Creativity,Attention to detail,Time management",Improved system performance by 40%,,"Time estimation,Delegation","Work-life balance,Stakeholder communication",Improve presentation skills,Shows great potential,Recommend for promotion,False,False,,True,,Below Expectations,2023-09-01 18:10:03,2026-02-17 17:36:25,Strong performer with clear leadership potential.,9.5,"Reliable team member, communicates clearly.",Ready in 6-12 months,5.0,,,2025-01-26,False
REV042,EMP067,EMP010,2024-07-26,2024-10-24,2024-10-29,Quarterly,70.0,66.7,5.5,6.9,8.6,5.8,6.6,8.4,4.7,8.2,5.0,4.4,7.2,5.3,4.0,52,3,6.9,65.2,-15.8,984.0,0,84.3,"Problem solving,Technical expertise,Teamwork",Improved system performance by 40%,,"Stakeholder communication,Process adherence","Documentation,Public speaking",Improve presentation skills,Strong performance this period,Enroll in leadership training,False,False,,False,"Technical Skills,Communication",Meets Expectations,2023-10-22 11:13:59,2026-01-07 08:12:42,Shows great initiative and proactive problem-solving.,7.9,"Delivers consistently, sometimes misses deadlines.",Not Ready,,,,2025-01-27,False
REV043,EMP034,EMP031,2023-05-28,2023-08-26,2023-09-24,Project-based,43.9,45.3,8.6,6.6,6.4,6.2,9.3,7.5,8.0,5.8,7.9,6.1,6.9,9.2,8.6,77,8,5.3,91.3,-4.7,916.0,35.0,84.1,"Technical expertise,Attention to detail,Reliability",Mentored junior team members,"Creativity,Attention to detail","Documentation,Delegation","Testing coverage,Work-life balance",Lead a cross-functional project,Excellent contribution to team,,False,False,,False,,Unsatisfactory,2024-05-18 09:54:33,2024-04-06 08:29:24,Consistently delivers quality work under pressure.,7.6,"Delivers consistently, sometimes misses deadlines.",Not Ready,10.0,1000,Scrum Master,2024-03-22,False
REV044,EMP120,EMP106,2023-12-15,2024-06-12,2024-07-01,Quarterly,73.8,76.8,2.0,7.1,8.6,8.5,8.5,8.7,7.2,4.7,6.7,7.8,5.2,7.5,5.3,63,7,6.4,53.7,-12.9,929.0,20.0,100.5,"Time management,Technical expertise,Adaptability",Mentored junior team members,"Time management,Communication","Process adherence,Stakeholder communication","Stakeholder communication,Time estimation",Complete cloud certification,Shows great potential,Monitor workload closely,False,False,9.1,True,"Project Management,Leadership",Below Expectations,2025-05-05 14:57:48,2024-01-27 08:55:35,Strong performer with clear leadership potential.,6.3,"Positive energy, great team player.",Not Ready,9.1,,,2024-09-29,False
REV045,EMP163,EMP179,2023-10-30,2024-04-27,2024-05-24,Probationary,80.9,81.7,5.2,9.3,8.5,4.6,5.4,8.0,7.4,4.7,6.2,8.9,6.2,8.3,10,32,6,7.6,77.7,-3.1,868.0,36.0,73.8,"Reliability,Attention to detail,Communication",Improved system performance by 40%,,"Documentation,Delegation","Testing coverage,Stakeholder communication",Lead a cross-functional project,Strong performance this period,,False,False,12.6,True,,Unsatisfactory,2025-10-31 16:01:21,2025-05-22 08:49:27,Needs to improve on documentation and communication.,8.6,"Reliable team member, communicates clearly.",Ready in 6-12 months,12.6,10000,"Design Thinking,Conflict Resolution,Leadership Training",2024-11-20,False
REV046,EMP196,EMP024,2024-06-11,2024-12-08,2024-12-14,Quarterly,83.3,82.8,5.0,7.3,10,7.5,7.8,8.0,5.4,9.1,5.5,7.2,5.2,8.1,4.7,65,1,6.1,93.5,16.8,1073.0,54.0,79.8,"Initiative,Leadership,Reliability",Automated key workflows,"Communication,Leadership","Documentation,Public speaking","Public speaking,Process adherence",Complete cloud certification,Areas for growth identified,Monitor workload closely,False,False,,True,,Exceptional,2025-10-20 08:14:41,2025-03-21 09:50:42,"Good overall performance, room to grow in technical depth.",8.3,"Great collaborator, always willing to help others.",Ready in 6-12 months,5.0,2000,"Project Management,Design Thinking",2025-03-14,True
REV047,EMP072,EMP136,2025-04-16,2025-07-15,2025-08-04,Probationary,63.9,60.8,4.6,3.7,6.7,5.9,8.4,7.8,7.6,7.4,4.0,6.0,6.6,10,6.6,65,7,6.0,72.0,6.0,928.0,0.0,56.3,"Adaptability,Leadership,Initiative",Led successful project delivery,,"Documentation,Stakeholder communication","Documentation,Stakeholder communication",Improve presentation skills,Consistent and reliable,Monitor workload closely,True,False,6.8,True,,Meets Expectations,2025-08-01 11:48:29,2025-02-16 13:48:25,"Good overall performance, room to grow in technical depth.",8.0,"Delivers consistently, sometimes misses deadlines.",Not Ready,6.8,,"Leadership Training,Agile Course,Python Advanced",2026-01-31,False
REV048,EMP194,EMP098,2024-02-25,2024-05-25,2024-06-05,Probationary,85.9,85.4,6.9,4.5,7.3,8.0,9.9,5.1,8.2,6.3,5.2,5.5,6.3,8.0,6.8,150,6,7.0,93.6,13.1,1091.0,58.0,93.3,"Time management,Teamwork,Leadership",Improved system performance by 40%,"Mentoring,Technical expertise","Delegation,Stakeholder communication","Stakeholder communication,Time estimation",Lead a cross-functional project,Consistent and reliable,Enroll in leadership training,True,True,,True,,Meets Expectations,2025-12-27 11:27:09,2025-11-26 09:15:10,"Good overall performance, room to grow in technical depth.",6.1,"Delivers consistently, sometimes misses deadlines.",Ready Now,,,"Leadership Training,Data Analysis,Design Thinking",2024-12-02,False
REV049,EMP196,EMP018,2025-05-16,2025-08-14,2025-08-20,Quarterly,80.6,83.6,6.7,7.7,7.2,6.3,7.1,8.1,5.9,7.3,5.3,2.2,8.6,7.6,5.6,96,1,6.3,72.1,-15.2,964.0,29.0,84.5,"Adaptability,Problem solving,Technical expertise",,"Teamwork,Technical expertise","Public speaking,Work-life balance","Documentation,Time estimation",Complete cloud certification,Excellent contribution to team,Assign stretch projects,False,False,,False,"Project Management,Communication",Exceptional,2024-05-15 17:08:45,2024-12-27 08:50:23,Shows great initiative and proactive problem-solving.,8.8,"Positive energy, great team player.",Ready in 6-12 months,0.0,,,2025-11-18,False
REV050,EMP032,EMP158,2024-01-22,2024-07-20,2024-08-04,Probationary,60.9,62.6,6.3,4.3,10,5.6,6.2,5.1,6.9,9.6,6.4,7.3,8.5,7.7,5.7,56,2,8.6,61.0,40.8,1005.0,28.0,90.0,"Problem solving,Initiative,Leadership",Mentored junior team members,,"Process adherence,Work-life balance","Process adherence,Work-life balance",,Shows great potential,Assign stretch projects,False,False,,False,,Meets Expectations,2025-03-21 17:42:50,2024-05-02 12:44:16,Strong performer with clear leadership potential.,8.6,"Positive energy, great team player.",Not Ready,,0,,2025-01-31,True
REV051,EMP178,EMP064,2024-05-25,2024-11-21,2024-12-16,Probationary,75.5,75.3,6.4,2.9,8.8,7.2,7.1,7.6,6.5,8.1,4.8,5.3,8.3,8.3,6.0,120,2,7.5,80.9,-21.6,1144.0,14.0,90.0,"Attention to detail,Adaptability,Initiative",Led successful project delivery,"Reliability,Leadership","Testing coverage,Process adherence","Public speaking,Delegation",Complete cloud certification,Strong performance this period,Enroll in leadership training,False,True,14.0,True,"Communication,Project Management",Below Expectations,2025-10-24 10:22:07,2026-01-30 10:29:42,Consistently delivers quality work under pressure.,8.5,"Reliable team member, communicates clearly.",Ready in 6-12 months,14.0,,Conflict Resolution,2025-06-14,False
REV052,EMP039,EMP115,2024-10-17,2025-04-15,2025-05-03,Quarterly,80.1,79.7,6.0,7.5,7.5,5.4,7.8,4.4,6.0,8.1,6.9,9.1,5.8,8.6,6.6,136,7,6.9,80.6,0.9,1100.0,35.0,95.4,"Attention to detail,Problem solving,Reliability",Mentored junior team members,,"Process adherence,Time estimation","Stakeholder communication,Testing coverage",,Consistent and reliable,Enroll in leadership training,True,True,,True,,Exceeds Expectations,2024-02-12 08:14:31,2025-09-29 11:42:29,"Good overall performance, room to grow in technical depth.",7.9,"Delivers consistently, sometimes misses deadlines.",Ready in 6-12 months,,1000,"Conflict Resolution,Data Analysis,AWS Certification",2025-08-01,True
REV053,EMP176,EMP087,2025-05-07,2025-11-03,2025-11-09,Project-based,54.6,54.6,5.2,4.8,7.9,5.2,7.5,6.5,5.7,4.8,5.5,6.7,7.3,8.2,7.6,118,2,5.8,74.3,8.4,1093.0,21.0,83.5,"Reliability,Mentoring,Communication",,,"Documentation,Delegation","Work-life balance,Delegation",,Shows great potential,Monitor workload closely,False,False,11.5,True,,Unsatisfactory,2023-09-18 11:27:02,2024-01-23 09:35:23,Shows great initiative and proactive problem-solving.,7.6,"Delivers consistently, sometimes misses deadlines.",Not Ready,11.5,10000,"Leadership Training,Communication Skills",2026-05-08,True
REV054,EMP193,EMP047,2023-06-14,2023-09-12,2023-09-30,Quarterly,58.0,56.9,5.3,5.6,5.1,6.7,9.0,6.0,9.5,4.6,6.0,6.9,7.9,10,7.7,111,3,8.4,81.5,-8.8,1058.0,8.0,80.2,"Adaptability,Reliability,Creativity",Mentored junior team members,"Technical expertise,Leadership","Testing coverage,Public speaking","Testing coverage,Delegation",Lead a cross-functional project,Strong performance this period,Enroll in leadership training,True,False,,True,"Project Management,Leadership",Exceeds Expectations,2025-07-05 14:17:31,2024-05-05 14:52:12,Strong performer with clear leadership potential.,8.0,"Delivers consistently, sometimes misses deadlines.",Not Ready,,1000,AWS Certification,2023-12-29,True
REV055,EMP192,EMP065,2023-10-16,2024-01-14,2024-01-28,Probationary,65.7,66.0,2.7,4.2,8.2,4.9,9.3,3.9,4.4,4.2,4.9,4.1,7.5,8.0,8.0,93,4,9.0,79.7,2.7,1085.0,88.0,64.0,"Time management,Communication,Teamwork",,"Leadership,Problem solving","Work-life balance,Stakeholder communication","Testing coverage,Delegation",Mentor 2 junior engineers,Areas for growth identified,Monitor workload closely,False,True,,True,,Below Expectations,2024-01-23 15:41:41,2025-10-24 17:07:02,Consistently delivers quality work under pressure.,8.3,"Delivers consistently, sometimes misses deadlines.",Not Ready,0.0,10000,"Data Analysis,Project Management",2024-07-26,False
REV056,EMP098,EMP170,2024-08-08,2024-11-06,2024-11-20,Probationary,83.0,82.9,5.3,6.5,7.2,6.0,8.8,6.6,5.7,6.2,5.8,7.7,7.4,9.7,7.3,35,4,6.6,91.4,5.5,1033.0,40.0,108.9,"Reliability,Mentoring,Time management",Improved system performance by 40%,"Reliability,Time management","Documentation,Time estimation","Delegation,Public speaking",Complete cloud certification,Areas for growth identified,Recommend for promotion,True,False,,False,"Leadership,Technical Skills",Below Expectations,2024-01-06 10:58:57,2025-09-15 18:05:27,"Good overall performance, room to grow in technical depth.",9.1,"Positive energy, great team player.",Ready in 6-12 months,3.0,2000,"AWS Certification,Data Analysis,Scrum Master",2025-05-19,False
REV057,EMP174,EMP006,2024-09-30,2025-03-29,2025-04-16,Annual,58.9,57.4,5.9,4.4,9.0,5.2,6.2,7.7,5.7,4.0,2.9,9.4,7.0,6.2,8.5,93,7,8.0,75.9,2.0,965.0,41.0,81.5,"Communication,Adaptability,Time management",Led successful project delivery,"Time management,Creativity","Work-life balance,Stakeholder communication","Testing coverage,Stakeholder communication",Complete cloud certification,Shows great potential,Monitor workload closely,False,False,,False,,Meets Expectations,2024-10-07 11:25:40,2024-09-10 14:40:51,Excellent contribution to team goals this period.,5.9,"Strong technical contributor, could improve on sharing knowledge.",Not Ready,,,,2026-04-16,True
REV058,EMP154,EMP031,2024-12-02,2025-03-02,2025-03-07,Probationary,58.9,57.6,6.6,3.3,7.3,7.1,7.5,7.3,9.0,6.0,6.1,7.9,6.3,6.0,6.5,111,2,10,71.2,-0.6,930.0,31.0,91.4,"Initiative,Problem solving,Adaptability",Led successful project delivery,"Time management,Teamwork","Documentation,Delegation","Public speaking,Process adherence",,Areas for growth identified,Assign stretch projects,True,True,,True,"Leadership,Communication",Below Expectations,2024-03-10 12:13:45,2025-06-28 11:52:26,Strong performer with clear leadership potential.,5.6,"Reliable team member, communicates clearly.",Not Ready,10.0,1000,"Conflict Resolution,Scrum Master",2025-09-03,False
REV059,EMP096,EMP085,2025-03-04,2025-06-02,2025-06-25,Annual,47.6,49.4,5.6,4.5,7.9,8.1,4.2,6.1,7.2,6.0,7.2,7.4,7.1,10,7.4,138,2,5.9,74.9,-13.3,1348.0,87.0,77.9,"Problem solving,Leadership,Teamwork",Automated key workflows,"Teamwork,Adaptability","Work-life balance,Time estimation","Time estimation,Documentation",Improve presentation skills,,Monitor workload closely,False,False,,True,"Project Management,Technical Skills",Exceeds Expectations,2023-12-12 09:40:19,2024-03-20 10:28:50,Needs to improve on documentation and communication.,7.8,"Positive energy, great team player.",Not Ready,5.0,5000,Scrum Master,2026-06-25,False
REV060,EMP175,EMP077,2023-02-25,2023-05-26,2023-06-14,Annual,52.3,50.6,6.4,6.3,8.4,7.8,6.9,6.0,8.3,9.2,3.1,7.4,6.5,8.3,6.9,108,5,7.3,77.3,-18.7,987.0,20.0,90.8,"Creativity,Leadership,Problem solving",Improved system performance by 40%,"Initiative,Leadership","Documentation,Stakeholder communication","Process adherence,Work-life balance",Improve presentation skills,Shows great potential,Enroll in leadership training,True,True,,True,"Technical Skills,Project Management",Unsatisfactory,2023-08-04 10:29:19,2024-07-17 14:32:34,Shows great initiative and proactive problem-solving.,7.6,"Strong technical contributor, could improve on sharing knowledge.",Not Ready,,5000,"Agile Course,Conflict Resolution",2024-06-13,False
REV061,EMP154,EMP033,2024-09-22,2024-12-21,2025-01-16,Probationary,55.7,55.0,6.2,4.2,6.2,6.1,7.2,6.6,7.8,6.4,2.5,8.8,7.2,7.6,7.0,50,5,7.7,100,-11.7,1001.0,41.0,92.6,"Initiative,Technical expertise,Creativity",Mentored junior team members,"Adaptability,Time management","Public speaking,Stakeholder communication","Testing coverage,Documentation",Improve presentation skills,Shows great potential,Enroll in leadership training,True,False,,False,"Technical Skills,Communication",Unsatisfactory,2025-02-01 14:01:30,2025-08-01 11:32:50,Consistently delivers quality work under pressure.,6.0,"Delivers consistently, sometimes misses deadlines.",Not Ready,10.0,,"Leadership Training,Project Management",2025-07-15,False
REV062,EMP071,EMP196,2024-10-08,2025-04-06,2025-04-26,Annual,64.2,64.9,6.1,7.2,5.8,6.8,8.8,5.8,9.8,10,6.6,6.4,9.1,6.4,5.9,113,2,8.3,79.8,22.1,865.0,23.0,63.9,"Adaptability,Teamwork,Creativity",Led successful project delivery,"Creativity,Time management","Process adherence,Work-life balance","Testing coverage,Work-life balance",Mentor 2 junior engineers,Excellent contribution to team,,True,True,14.4,False,"Communication,Leadership",Unsatisfactory,2024-12-26 09:40:34,2024-07-27 15:54:40,Needs to improve on documentation and communication.,10.0,"Strong technical contributor, could improve on sharing knowledge.",Not Ready,14.4,7500,Data Analysis,2026-04-26,False
REV063,EMP137,EMP009,2024-01-17,2024-07-15,2024-07-25,Quarterly,49.3,49.5,6.3,5.3,6.4,7.9,6.2,6.7,9.7,4.6,6.3,8.3,5.8,7.7,6.6,133,5,7.1,83.9,-2.0,943.0,3.0,93.7,"Communication,Mentoring,Leadership",Led successful project delivery,"Teamwork,Mentoring","Documentation,Work-life balance","Work-life balance,Time estimation",Improve presentation skills,Areas for growth identified,Monitor workload closely,False,True,,True,,Exceeds Expectations,2023-09-07 12:29:39,2024-05-06 12:52:31,"Good overall performance, room to grow in technical depth.",6.8,"Great collaborator, always willing to help others.",Not Ready,15.0,,,2024-10-23,False
REV064,EMP074,EMP078,2024-08-02,2025-01-29,2025-02-23,Probationary,64.9,63.1,5.9,4.0,7.7,6.9,9.1,8.0,9.3,4.7,5.1,7.7,9.2,7.7,6.0,115,6,7.5,90.4,-47.7,770.0,78.0,84.9,"Initiative,Communication,Teamwork",,"Attention to detail,Adaptability","Documentation,Delegation","Stakeholder communication,Documentation",Mentor 2 junior engineers,,Recommend for promotion,False,False,6.9,False,,Exceptional,2025-08-07 12:50:46,2025-01-08 12:56:57,Consistently delivers quality work under pressure.,9.7,"Great collaborator, always willing to help others.",Not Ready,6.9,,"Scrum Master,Conflict Resolution,Data Analysis",2025-08-22,True
REV065,EMP138,EMP091,2024-11-19,2025-02-17,2025-03-11,Quarterly,92.3,96.6,6.7,4.7,5.5,6.6,7.9,5.2,7.7,5.3,5.6,6.5,5.7,7.8,6.2,101,2,7.1,69.6,-10.2,1052.0,6.0,95.3,"Mentoring,Technical expertise,Creativity",Automated key workflows,,"Public speaking,Work-life balance","Process adherence,Documentation",Mentor 2 junior engineers,Shows great potential,,False,True,,True,,Unsatisfactory,2025-04-26 15:28:14,2024-06-15 10:53:24,Strong performer with clear leadership potential.,8.6,"Reliable team member, communicates clearly.",Ready in 6-12 months,5.0,5000,"Leadership Training,Design Thinking,Communication Skills",2025-06-09,False
REV066,EMP053,EMP112,2024-03-03,2024-08-30,2024-09-16,Project-based,67.0,70.0,7.3,6.1,8.3,4.1,6.3,8.5,5.3,8.8,7.2,7.5,4.5,6.5,6.5,56,1,7.2,61.0,8.3,682.0,47.0,92.4,"Problem solving,Creativity,Initiative",Led successful project delivery,"Problem solving,Technical expertise","Documentation,Time estimation","Documentation,Time estimation",Mentor 2 junior engineers,Excellent contribution to team,Enroll in leadership training,False,False,,False,,Below Expectations,2024-05-15 09:06:56,2026-01-22 15:32:02,Shows great initiative and proactive problem-solving.,7.6,"Reliable team member, communicates clearly.",Not Ready,7.0,5000,"Design Thinking,Data Analysis,Python Advanced",2025-03-15,True
REV067,EMP191,EMP118,2023-04-13,2023-10-10,2023-11-06,Annual,61.3,59.9,5.3,6.3,7.2,7.5,5.6,5.7,5.7,7.5,4.1,4.7,7.5,7.9,9.3,111,6,8.7,91.1,-10.6,980.0,42.0,93.7,"Adaptability,Teamwork,Initiative",Mentored junior team members,,"Delegation,Process adherence","Work-life balance,Documentation",Lead a cross-functional project,Consistent and reliable,Assign stretch projects,False,False,,False,,Meets Expectations,2023-12-19 14:09:16,2025-12-03 14:49:16,Strong performer with clear leadership potential.,4.6,"Delivers consistently, sometimes misses deadlines.",Not Ready,10.0,,,2024-11-05,True
REV068,EMP004,EMP025,2024-10-11,2025-04-09,2025-05-07,Project-based,55.7,53.6,9.3,2.5,7.3,7.1,5.2,7.3,7.6,6.9,6.0,8.1,6.9,6.3,7.7,20,5,6.3,93.6,3.7,974.0,80.0,85.4,"Adaptability,Reliability,Problem solving",,"Attention to detail,Problem solving","Time estimation,Process adherence","Stakeholder communication,Delegation",Lead a cross-functional project,Strong performance this period,Enroll in leadership training,False,False,,True,,Unsatisfactory,2024-02-22 13:07:55,2025-05-31 15:19:14,Needs to improve on documentation and communication.,9.3,"Strong technical contributor, could improve on sharing knowledge.",Not Ready,10.0,,"Agile Course,Python Advanced,Project Management",2025-11-03,True
REV069,EMP079,EMP063,2023-01-01,2023-06-30,2023-07-06,Quarterly,80.3,79.8,8.2,5.2,7.5,7.6,8.0,7.4,9.0,6.8,4.3,5.2,4.6,5.5,8.1,25,5,8.3,76.5,-21.5,994.0,16.0,88.4,"Problem solving,Creativity,Mentoring",Mentored junior team members,"Leadership,Mentoring","Process adherence,Time estimation","Process adherence,Stakeholder communication",Lead a cross-functional project,,Recommend for promotion,True,True,,False,"Leadership,Technical Skills",Exceeds Expectations,2024-06-14 17:00:23,2024-03-03 17:00:46,"Good overall performance, room to grow in technical depth.",8.3,"Reliable team member, communicates clearly.",Ready in 6-12 months,0.0,3000,"Data Analysis,AWS Certification,Communication Skills",2023-10-04,False
REV070,EMP097,EMP090,2023-08-27,2023-11-25,2023-12-15,Quarterly,99.5,99.8,7.7,4.2,7.0,5.7,8.8,8.4,6.8,6.0,5.1,6.7,7.8,7.6,9.4,82,4,6.3,62.1,-2.0,1067.0,25.0,61.6,"Creativity,Initiative,Attention to detail",Mentored junior team members,"Technical expertise,Mentoring","Stakeholder communication,Public speaking","Process adherence,Delegation",,Areas for growth identified,Assign stretch projects,False,False,,True,"Project Management,Communication",Unsatisfactory,2023-11-17 16:44:08,2025-12-16 09:11:54,Shows great initiative and proactive problem-solving.,9.1,"Reliable team member, communicates clearly.",Ready in 6-12 months,,1000,"Conflict Resolution,Communication Skills,Leadership Training",2024-03-14,False
REV071,EMP149,EMP051,2024-03-12,2024-06-10,2024-06-20,Annual,53.9,55.7,4.8,3.3,8.6,7.7,6.7,7.0,5.6,7.1,3.8,6.6,9.2,7.1,4.7,144,4,6.2,72.1,-30.4,957.0,26.0,93.6,"Mentoring,Teamwork,Time management",Led successful project delivery,"Mentoring,Teamwork","Stakeholder communication,Documentation","Process adherence,Testing coverage",Complete cloud certification,Strong performance this period,,True,False,6.2,True,"Leadership,Technical Skills",Exceptional,2024-10-08 09:56:45,2025-09-07 12:31:41,Needs to improve on documentation and communication.,6.4,"Reliable team member, communicates clearly.",Not Ready,6.2,10000,"Project Management,Data Analysis",2025-06-20,True
REV072,EMP167,EMP031,2024-06-06,2024-09-04,2024-10-03,Probationary,94.3,91.0,5.3,5.0,8.0,6.7,7.7,6.3,10.0,6.9,6.9,7.9,5.8,6.7,6.3,39,8,8.0,58.9,35.6,951.0,3.0,83.5,"Mentoring,Technical expertise,Leadership",Led successful project delivery,,"Work-life balance,Delegation","Work-life balance,Time estimation",Lead a cross-functional project,Strong performance this period,Monitor workload closely,False,False,,True,"Communication,Technical Skills",Exceeds Expectations,2024-04-03 15:32:38,2024-11-02 14:24:10,Excellent contribution to team goals this period.,6.0,"Reliable team member, communicates clearly.",Ready in 6-12 months,,3000,"AWS Certification,Conflict Resolution,Design Thinking",2025-04-01,True
REV073,EMP160,EMP037,2025-01-31,2025-05-01,2025-05-16,Annual,73.2,71.2,5.9,4.7,6.9,7.8,8.5,8.7,7.7,7.2,3.5,6.3,9.6,6.1,7.3,69,1,7.0,93.0,13.9,1087.0,39.0,80.2,"Initiative,Time management,Mentoring",Led successful project delivery,"Time management,Teamwork","Time estimation,Delegation","Delegation,Time estimation",Lead a cross-functional project,Excellent contribution to team,Recommend for promotion,False,False,,False,"Technical Skills,Project Management",Below Expectations,2025-09-25 17:52:55,2024-02-24 18:40:47,"Good overall performance, room to grow in technical depth.",9.4,"Reliable team member, communicates clearly.",Not Ready,,7500,"Communication Skills,Data Analysis,Leadership Training",2026-05-16,False
REV074,EMP048,EMP003,2025-02-28,2025-05-29,2025-06-16,Quarterly,72.2,74.5,7.5,4.8,7.3,6.5,6.1,8.0,5.4,8.6,6.7,7.1,4.8,5.9,8.1,146,6,8.1,79.4,1.1,742.0,21.0,87.0,"Leadership,Time management,Communication",Automated key workflows,"Communication,Technical expertise","Time estimation,Delegation","Time estimation,Testing coverage",,Shows great potential,,False,True,13.2,True,,Below Expectations,2025-10-18 11:22:43,2025-10-03 08:51:43,Strong performer with clear leadership potential.,6.6,"Positive energy, great team player.",Not Ready,13.2,10000,,2025-09-14,True
REV075,EMP122,EMP064,2024-08-20,2025-02-16,2025-03-11,Annual,73.5,75.5,6.9,6.7,7.2,7.0,9.9,7.9,6.8,7.2,3.5,5.0,8.4,9.3,7.7,105,3,8.1,92.7,19.3,1096.0,72.0,90.3,"Initiative,Adaptability,Attention to detail",Led successful project delivery,,"Time estimation,Process adherence","Public speaking,Delegation",Complete cloud certification,Consistent and reliable,,False,True,,True,,Meets Expectations,2024-06-05 12:54:08,2025-05-02 18:43:49,Excellent contribution to team goals this period.,7.4,"Great collaborator, always willing to help others.",Not Ready,0.0,,"Design Thinking,Communication Skills",2026-03-11,False
REV076,EMP070,EMP184,2023-04-02,2023-07-01,2023-07-30,Probationary,74.9,75.4,6.0,6.0,7.1,6.9,8.4,7.2,9.2,8.5,2,8.3,6.6,6.6,8.1,74,8,5.1,84.8,16.5,879.0,32.0,92.8,"Teamwork,Problem solving,Creativity",Led successful project delivery,,"Work-life balance,Public speaking","Testing coverage,Work-life balance",Improve presentation skills,Shows great potential,Assign stretch projects,False,False,7.6,False,"Communication,Leadership",Below Expectations,2025-11-21 13:27:47,2024-12-08 12:10:31,"Good overall performance, room to grow in technical depth.",8.8,"Strong technical contributor, could improve on sharing knowledge.",Not Ready,7.6,7500,"Conflict Resolution,Leadership Training",2024-01-26,False
REV077,EMP016,EMP035,2024-09-03,2025-03-02,2025-03-27,Quarterly,85.1,85.0,7.0,6.7,6.3,7.3,6.7,8.0,10,6.9,5.5,5.8,3.0,7.8,4.8,137,3,7.6,97.2,7.6,947.0,33.0,87.4,"Mentoring,Reliability,Adaptability",Mentored junior team members,"Attention to detail,Mentoring","Public speaking,Delegation","Testing coverage,Work-life balance",,Strong performance this period,,False,False,,True,"Leadership,Project Management",Exceptional,2024-03-14 17:19:16,2024-05-11 15:48:25,Needs to improve on documentation and communication.,7.1,"Strong technical contributor, could improve on sharing knowledge.",Ready in 6-12 months,10.0,,"Agile Course,Scrum Master,AWS Certification",2025-06-25,True
REV078,EMP168,EMP154,2025-04-01,2025-09-28,2025-10-28,Probationary,68.4,68.3,4.5,8.9,7.2,4.9,7.3,6.8,6.6,6.0,3.5,6.0,9.4,7.9,7.0,41,3,9.4,91.7,20.4,1076.0,20.0,82.0,"Reliability,Time management,Initiative",Automated key workflows,"Mentoring,Communication","Work-life balance,Time estimation","Testing coverage,Public speaking",Mentor 2 junior engineers,Consistent and reliable,Recommend for promotion,False,True,,False,,Exceptional,2025-09-04 14:46:13,2024-12-24 13:21:15,Needs to improve on documentation and communication.,8.5,"Delivers consistently, sometimes misses deadlines.",Not Ready,,3000,,2026-04-26,False
REV079,EMP115,EMP185,2025-01-24,2025-07-23,2025-08-09,Project-based,78.0,81.6,5.1,6.5,6.7,6.8,8.5,5.6,6.5,6.7,3.5,6.7,6.6,8.5,6.8,73,1,8.0,71.4,-8.8,1341.0,32.0,85.2,"Initiative,Reliability,Leadership",Led successful project delivery,"Technical expertise,Mentoring","Delegation,Public speaking","Stakeholder communication,Process adherence",Mentor 2 junior engineers,Strong performance this period,,False,False,,True,,Exceeds Expectations,2024-05-15 08:25:46,2024-03-03 17:55:39,Consistently delivers quality work under pressure.,10.0,"Reliable team member, communicates clearly.",Ready in 6-12 months,3.0,10000,Data Analysis,2026-02-05,True
REV080,EMP147,EMP183,2023-12-09,2024-06-06,2024-07-04,Probationary,79.2,76.4,5.1,3.2,6.0,5.0,8.1,6.5,6.4,8.1,5.3,5.9,6.1,7.4,7.6,76,1,9.3,67.7,-6.2,997.0,26.0,84.3,"Adaptability,Leadership,Problem solving",Automated key workflows,"Initiative,Time management","Process adherence,Time estimation","Delegation,Documentation",Complete cloud certification,Excellent contribution to team,Recommend for promotion,False,False,,False,,Exceptional,2023-06-27 11:43:03,2024-07-16 15:57:17,Strong performer with clear leadership potential.,8.0,"Reliable team member, communicates clearly.",Ready in 6-12 months,10.0,7500,Python Advanced,2024-12-31,False
REV081,EMP144,EMP142,2023-06-14,2023-12-11,2023-12-16,Quarterly,66.7,66.2,4.8,4.7,9.7,8.1,6.9,7.9,7.9,9.1,3.1,9.4,8.3,10,6.1,132,6,7.4,71.6,-10.8,892.0,29.0,69.9,"Communication,Problem solving,Teamwork",Mentored junior team members,"Attention to detail,Adaptability","Time estimation,Testing coverage","Time estimation,Testing coverage",Lead a cross-functional project,Consistent and reliable,Enroll in leadership training,False,False,,False,,Exceptional,2023-06-09 18:03:20,2024-03-29 12:40:36,Excellent contribution to team goals this period.,8.2,"Delivers consistently, sometimes misses deadlines.",Not Ready,0.0,0,Leadership Training,2024-03-15,True
REV082,EMP080,EMP161,2024-12-07,2025-03-07,2025-04-05,Probationary,76.8,78.1,5.7,6.7,6.7,6.3,9.2,6.9,8.2,6.5,6.3,5.9,7.7,9.6,6.9,129,1,8.2,71.3,7.0,1189.0,57.0,65.5,"Technical expertise,Communication,Problem solving",Automated key workflows,"Teamwork,Initiative","Documentation,Public speaking","Documentation,Work-life balance",Mentor 2 junior engineers,Consistent and reliable,Assign stretch projects,False,False,,True,,Below Expectations,2025-10-06 14:22:45,2024-02-29 09:52:53,Needs to improve on documentation and communication.,5.6,"Strong technical contributor, could improve on sharing knowledge.",Ready in 6-12 months,5.0,10000,"Communication Skills,Design Thinking,Conflict Resolution",2025-10-02,True
REV083,EMP129,EMP135,2023-09-19,2024-03-17,2024-04-10,Quarterly,78.1,79.6,5.2,5.4,7.3,7.4,6.8,8.1,7.5,10,3.4,6.9,9.8,6.8,5.6,109,3,7.2,80.6,14.4,997.0,49.0,101.3,"Adaptability,Problem solving,Attention to detail",Led successful project delivery,"Adaptability,Communication","Work-life balance,Testing coverage","Delegation,Process adherence",Lead a cross-functional project,,Assign stretch projects,True,True,,False,,Unsatisfactory,2024-04-29 17:44:30,2025-05-13 17:16:03,Strong performer with clear leadership potential.,6.1,"Reliable team member, communicates clearly.",Ready in 6-12 months,0.0,2000,,2024-07-09,False
REV084,EMP180,EMP065,2025-01-31,2025-07-30,2025-08-18,Project-based,47.8,49.3,6.3,3.9,7.1,6.1,7.5,8.0,6.2,3.7,5.4,5.8,5.9,7.9,6.6,74,4,7.3,78.4,-3.1,980.0,35.0,77.8,"Technical expertise,Attention to detail,Time management",Improved system performance by 40%,"Problem solving,Communication","Stakeholder communication,Delegation","Process adherence,Testing coverage",Improve presentation skills,Excellent contribution to team,,False,False,9.1,False,,Exceeds Expectations,2023-09-20 18:37:46,2024-06-14 14:23:08,Excellent contribution to team goals this period.,8.2,"Positive energy, great team player.",Not Ready,9.1,0,,2026-02-14,False
REV085,EMP193,EMP093,2023-05-10,2023-08-08,2023-08-24,Quarterly,60.9,62.8,4.5,5.0,9.1,7.8,4.8,8.1,8.7,4.6,9.1,6.6,6.8,8.3,7.1,86,1,5.2,87.1,-2.3,908.0,29.0,89.6,"Teamwork,Problem solving,Creativity",Led successful project delivery,"Attention to detail,Initiative","Stakeholder communication,Work-life balance","Testing coverage,Work-life balance",Mentor 2 junior engineers,Excellent contribution to team,Recommend for promotion,False,False,,True,,Exceptional,2024-08-18 18:01:07,2025-12-24 09:47:06,Excellent contribution to team goals this period.,8.8,"Strong technical contributor, could improve on sharing knowledge.",Not Ready,,10000,Project Management,2023-11-22,True
REV086,EMP081,EMP118,2024-07-30,2025-01-26,2025-02-01,Annual,69.4,69.6,6.9,8.9,6.1,9.1,8.4,6.4,8.3,6.4,6.1,8.2,7.6,7.1,9.5,33,3,6.7,85.7,-5.9,1090.0,0,82.0,"Communication,Technical expertise,Teamwork",Led successful project delivery,,"Testing coverage,Documentation","Work-life balance,Testing coverage",Lead a cross-functional project,Areas for growth identified,Monitor workload closely,False,True,12.0,False,"Project Management,Leadership",Unsatisfactory,2025-11-04 14:34:20,2024-07-12 13:15:07,Excellent contribution to team goals this period.,4.7,"Reliable team member, communicates clearly.",Not Ready,12.0,5000,"Communication Skills,AWS Certification",2026-02-01,True
REV087,EMP020,EMP152,2024-12-23,2025-03-23,2025-04-07,Quarterly,60.1,59.7,5.9,4.8,5.8,6.6,8.1,6.9,7.7,6.0,5.9,6.0,7.0,7.2,3.9,106,7,8.1,74.3,4.5,1018.0,46.0,108.0,"Creativity,Reliability,Communication",Mentored junior team members,"Initiative,Mentoring","Stakeholder communication,Delegation","Delegation,Time estimation",Mentor 2 junior engineers,Shows great potential,Assign stretch projects,False,True,,True,"Technical Skills,Communication",Meets Expectations,2024-04-05 18:16:19,2024-01-22 17:17:39,"Good overall performance, room to grow in technical depth.",5.5,"Strong technical contributor, could improve on sharing knowledge.",Not Ready,15.0,5000,Communication Skills,2025-07-06,True
REV088,EMP004,EMP061,2024-06-20,2024-09-18,2024-10-06,Probationary,80.4,82.8,6.8,3.9,6.7,7.4,6.9,8.5,7.8,6.0,9.0,5.7,6.1,8.2,6.3,135,1,7.5,63.1,-10.4,957.0,36.0,79.0,"Technical expertise,Time management,Adaptability",Led successful project delivery,"Teamwork,Communication","Public speaking,Work-life balance","Time estimation,Stakeholder communication",Lead a cross-functional project,Excellent contribution to team,Recommend for promotion,False,False,,False,,Below Expectations,2025-04-04 18:24:36,2024-03-03 11:54:28,"Good overall performance, room to grow in technical depth.",5.5,"Positive energy, great team player.",Ready in 6-12 months,3.0,7500,"Communication Skills,Conflict Resolution,Data Analysis",2025-04-04,False
REV089,EMP118,EMP046,2024-02-16,2024-05-16,2024-06-11,Annual,56.0,57.6,4.5,5.5,6.3,6.1,7.8,7.9,5.3,7.2,4.0,5.7,6.8,8.6,8.6,147,3,7.7,65.7,-4.6,1013.0,0,86.5,"Creativity,Attention to detail,Initiative",,"Adaptability,Technical expertise","Stakeholder communication,Process adherence","Time estimation,Public speaking",Mentor 2 junior engineers,Excellent contribution to team,Monitor workload closely,True,False,,False,,Exceeds Expectations,2025-11-22 18:38:43,2024-11-11 11:47:52,Shows great initiative and proactive problem-solving.,5.2,"Delivers consistently, sometimes misses deadlines.",Not Ready,3.0,,Scrum Master,2025-06-11,False
REV090,EMP179,EMP182,2023-12-08,2024-03-07,2024-04-05,Annual,66.0,66.4,7.3,5.2,7.3,6.7,8.4,6.0,9.1,8.3,5.3,6.2,5.2,4.8,6.5,46,4,7.8,83.7,-22.8,817.0,25.0,110,"Technical expertise,Leadership,Problem solving",,,"Stakeholder communication,Time estimation","Delegation,Documentation",Complete cloud certification,Excellent contribution to team,Recommend for promotion,True,True,,False,"Leadership,Communication",Exceptional,2025-06-28 08:11:51,2025-05-08 18:10:49,"Good overall performance, room to grow in technical depth.",7.4,"Positive energy, great team player.",Not Ready,,5000,"Leadership Training,Communication Skills",2025-04-05,False
REV091,EMP022,EMP184,2023-02-09,2023-05-10,2023-06-01,Probationary,63.2,61.3,9.7,6.1,7.1,5.5,7.7,8.5,5.7,4.8,8.2,6.6,6.4,5.9,7.8,100,7,8.1,81.4,6.7,819.0,36.0,96.1,"Communication,Initiative,Technical expertise",Led successful project delivery,"Creativity,Problem solving","Process adherence,Documentation","Work-life balance,Documentation",Mentor 2 junior engineers,Consistent and reliable,Monitor workload closely,False,True,,True,"Leadership,Project Management",Exceeds Expectations,2025-10-17 08:55:05,2025-01-24 08:53:19,Shows great initiative and proactive problem-solving.,7.7,"Great collaborator, always willing to help others.",Not Ready,,7500,Scrum Master,2023-11-28,False
REV092,EMP106,EMP060,2024-12-24,2025-03-24,2025-04-08,Annual,68.3,68.7,6.7,7.6,9.0,8.1,7.8,6.8,6.5,7.1,6.7,8.1,6.0,5.6,9.2,41,4,6.3,80.7,-18.5,915.0,40.0,96.6,"Technical expertise,Communication,Leadership",Led successful project delivery,"Adaptability,Mentoring","Stakeholder communication,Process adherence","Delegation,Process adherence",Improve presentation skills,Excellent contribution to team,Monitor workload closely,False,True,11.7,False,,Below Expectations,2024-03-02 14:25:05,2024-09-29 10:17:14,Shows great initiative and proactive problem-solving.,10.0,"Delivers consistently, sometimes misses deadlines.",Not Ready,11.7,,"Python Advanced,Agile Course",2026-04-08,True
REV093,EMP103,EMP159,2024-05-09,2024-11-05,2024-11-22,Probationary,64.5,62.6,6.3,2.3,7.9,5.6,8.1,8.0,7.7,5.9,2,6.5,7.0,6.2,8.1,23,6,8.6,75.0,-18.8,915.0,59.0,80.2,"Mentoring,Communication,Technical expertise",Mentored junior team members,,"Documentation,Testing coverage","Process adherence,Delegation",Improve presentation skills,Strong performance this period,Recommend for promotion,False,True,,True,,Meets Expectations,2023-09-17 12:46:45,2025-07-19 14:29:59,Needs to improve on documentation and communication.,4.7,"Reliable team member, communicates clearly.",Not Ready,5.0,7500,"Project Management,Leadership Training",2025-05-21,True
REV094,EMP080,EMP052,2024-02-24,2024-05-24,2024-06-01,Quarterly,93.1,97.5,5.5,6.9,7.2,5.9,7.9,7.8,7.3,9.1,7.4,6.5,7.1,6.2,8.6,70,6,9.1,70.6,15.2,767.0,4.0,90.4,"Creativity,Initiative,Communication",Mentored junior team members,"Mentoring,Problem solving","Stakeholder communication,Testing coverage","Delegation,Work-life balance",,Excellent contribution to team,,False,False,6.6,False,"Project Management,Communication",Unsatisfactory,2025-03-08 18:37:26,2025-12-11 09:31:03,Shows great initiative and proactive problem-solving.,8.9,"Great collaborator, always willing to help others.",Ready in 6-12 months,6.6,,,2024-08-30,False
REV095,EMP173,EMP143,2025-05-10,2025-11-06,2025-11-25,Probationary,90.0,90.9,5.6,9.3,7.4,6.1,5.9,8.3,5.1,8.7,7.0,7.5,7.3,8.8,7.0,71,8,8.4,100,18.5,994.0,29.0,89.0,"Time management,Problem solving,Communication",Mentored junior team members,"Initiative,Teamwork","Process adherence,Stakeholder communication","Work-life balance,Testing coverage",Lead a cross-functional project,Excellent contribution to team,Recommend for promotion,False,False,,True,"Technical Skills,Leadership",Meets Expectations,2025-11-12 09:26:49,2024-12-14 16:46:36,Consistently delivers quality work under pressure.,6.7,"Great collaborator, always willing to help others.",Ready in 6-12 months,7.0,2000,,2026-05-24,True
REV096,EMP189,EMP109,2025-05-01,2025-10-28,2025-11-23,Project-based,98.8,97.4,6.7,2.9,8.3,7.3,8.3,5.4,7.2,6.0,4.0,4.1,8.1,6.0,5.8,135,6,4.5,88.2,25.8,1085.0,0,88.4,"Teamwork,Attention to detail,Leadership",Automated key workflows,,"Public speaking,Stakeholder communication","Process adherence,Delegation",Complete cloud certification,Areas for growth identified,Monitor workload closely,False,True,6.9,False,,Exceptional,2025-03-18 16:19:15,2025-02-09 11:58:56,"Good overall performance, room to grow in technical depth.",7.5,"Reliable team member, communicates clearly.",Ready in 6-12 months,6.9,7500,"Design Thinking,Scrum Master",2026-05-22,True
REV097,EMP068,EMP033,2025-01-13,2025-07-12,2025-07-17,Quarterly,79.3,82.2,6.2,3.3,5.8,8.1,7.0,8.4,7.0,4.0,4.7,6.5,5.8,7.0,7.6,97,6,6.9,76.8,15.3,1007.0,25.0,74.3,"Problem solving,Attention to detail,Creativity",Mentored junior team members,"Adaptability,Problem solving","Documentation,Public speaking","Time estimation,Documentation",Complete cloud certification,Strong performance this period,Monitor workload closely,False,False,,True,"Communication,Project Management",Below Expectations,2024-09-27 17:33:13,2024-07-06 11:12:55,Excellent contribution to team goals this period.,7.3,"Great collaborator, always willing to help others.",Ready in 6-12 months,0.0,10000,"Project Management,Python Advanced,AWS Certification",2025-10-15,True
REV098,EMP135,EMP028,2025-04-15,2025-10-12,2025-10-22,Project-based,51.0,51.5,3.7,5.3,7.4,4.9,7.1,8.6,8.9,6.8,3.5,7.0,7.0,8.0,7.7,40,2,9.2,94.1,-2.8,1004.0,38.0,106.1,"Communication,Initiative,Attention to detail",Automated key workflows,"Reliability,Mentoring","Process adherence,Testing coverage","Process adherence,Time estimation",Lead a cross-functional project,Shows great potential,Recommend for promotion,True,True,,False,,Unsatisfactory,2023-07-08 14:00:52,2025-03-23 14:59:52,Consistently delivers quality work under pressure.,6.6,"Delivers consistently, sometimes misses deadlines.",Not Ready,,7500,"Project Management,Communication Skills",2026-04-20,False
REV099,EMP040,EMP071,2024-03-12,2024-09-08,2024-09-26,Quarterly,62.1,63.8,5.4,2.8,5.3,10,8.5,8.9,6.4,6.8,7.0,8.1,6.1,9.2,6.4,74,3,7.3,92.8,-20.7,1110.0,0,92.9,"Mentoring,Attention to detail,Problem solving",Improved system performance by 40%,"Teamwork,Technical expertise","Testing coverage,Stakeholder communication","Process adherence,Stakeholder communication",,,Assign stretch projects,False,False,,True,,Below Expectations,2025-12-13 12:42:10,2024-05-29 13:52:49,Shows great initiative and proactive problem-solving.,5.5,"Delivers consistently, sometimes misses deadlines.",Not Ready,10.0,3000,"Data Analysis,Python Advanced,Communication Skills",2024-12-25,False
REV100,EMP025,EMP041,2024-06-08,2024-09-06,2024-09-18,Quarterly,95.5,98.3,5.8,6.8,6.5,6.3,8.1,6.7,9.3,5.5,4.7,9.0,5.9,6.5,7.6,65,5,8.6,94.0,23.5,932.0,27.0,74.8,"Adaptability,Attention to detail,Reliability",Automated key workflows,"Leadership,Attention to detail","Public speaking,Delegation","Testing coverage,Public speaking",Mentor 2 junior engineers,Shows great potential,Assign stretch projects,False,False,9.6,True,,Meets Expectations,2025-12-19 09:49:51,2024-06-10 16:38:02,Shows great initiative and proactive problem-solving.,9.4,"Strong technical contributor, could improve on sharing knowledge.",Ready in 6-12 months,9.6,1000,"Conflict Resolution,Scrum Master",2024-12-17,False
REV101,EMP111,EMP055,2023-06-04,2023-09-02,2023-09-14,Quarterly,47.3,45.7,4.9,7.3,7.2,5.5,9.4,5.1,9.4,7.9,3.3,7.4,6.6,9.0,9.3,126,6,5.6,85.1,7.2,1391.0,38.0,93.2,"Teamwork,Initiative,Mentoring",Improved system performance by 40%,"Leadership,Problem solving","Delegation,Stakeholder communication","Time estimation,Documentation",Complete cloud certification,Areas for growth identified,Enroll in leadership training,True,True,,True,"Communication,Project Management",Below Expectations,2023-11-13 12:08:19,2025-10-06 13:17:50,Needs to improve on documentation and communication.,8.4,"Positive energy, great team player.",Not Ready,15.0,2000,Scrum Master,2023-12-13,False
REV102,EMP077,EMP140,2024-01-30,2024-04-29,2024-05-28,Probationary,62.3,64.0,5.4,6.3,7.8,8.7,7.7,5.3,4.8,7.5,4.9,4.4,6.4,6.7,7.7,85,6,4.5,95.5,-17.0,1103.0,15.0,96.1,"Time management,Problem solving,Leadership",Led successful project delivery,"Communication,Adaptability","Work-life balance,Time estimation","Work-life balance,Time estimation",Mentor 2 junior engineers,Areas for growth identified,Recommend for promotion,False,False,,True,"Communication,Leadership",Unsatisfactory,2025-07-21 10:35:38,2024-04-04 16:48:30,Excellent contribution to team goals this period.,5.0,"Positive energy, great team player.",Not Ready,,2000,"Communication Skills,Project Management,Leadership Training",2024-11-24,False
REV103,EMP010,EMP194,2025-04-25,2025-07-24,2025-08-10,Project-based,78.2,76.1,5.4,6.3,5.9,5.1,6.0,7.6,10,8.3,6.3,4.8,6.6,7.6,6.1,39,4,8.5,84.3,-9.7,764.0,32.0,89.2,"Initiative,Creativity,Adaptability",Led successful project delivery,"Technical expertise,Communication","Process adherence,Work-life balance","Documentation,Delegation",Complete cloud certification,Areas for growth identified,Recommend for promotion,False,False,11.7,True,,Unsatisfactory,2024-11-07 12:33:58,2024-09-12 17:08:20,Excellent contribution to team goals this period.,8.2,"Positive energy, great team player.",Ready in 6-12 months,11.7,7500,"Communication Skills,Leadership Training,Data Analysis",2026-02-06,False
REV104,EMP054,EMP172,2024-01-06,2024-04-05,2024-04-10,Probationary,77.0,79.0,6.5,6.6,8.0,3.6,8.9,7.0,7.9,7.6,2,8.1,7.6,8.2,6.7,87,1,9.2,79.8,-9.1,714.0,20.0,82.6,"Adaptability,Leadership,Time management",,"Technical expertise,Time management","Stakeholder communication,Delegation","Time estimation,Public speaking",Mentor 2 junior engineers,,Enroll in leadership training,False,False,,False,,Exceptional,2025-02-15 16:25:23,2024-04-01 14:25:11,"Good overall performance, room to grow in technical depth.",8.2,"Reliable team member, communicates clearly.",Ready in 6-12 months,10.0,7500,"Project Management,Agile Course,Scrum Master",2024-10-07,False
REV105,EMP021,EMP147,2024-10-28,2025-04-26,2025-05-15,Quarterly,63.7,61.4,4.8,3.4,8.5,8.9,6.7,8.7,10.0,10.0,5.7,6.7,6.8,4.9,7.6,22,3,7.8,88.1,1.9,877.0,28.0,86.6,"Adaptability,Problem solving,Creativity",Led successful project delivery,,"Work-life balance,Public speaking","Time estimation,Documentation",Improve presentation skills,Shows great potential,Monitor workload closely,False,True,,False,,Exceeds Expectations,2025-07-21 14:00:27,2025-06-14 17:25:33,Strong performer with clear leadership potential.,5.4,"Strong technical contributor, could improve on sharing knowledge.",Not Ready,0.0,,,2025-08-13,False
REV106,EMP163,EMP126,2023-04-12,2023-07-11,2023-07-27,Annual,51.6,54.0,6.6,9.2,4.7,6.7,6.8,7.9,7.4,5.8,5.7,4.0,6.6,7.6,6.8,146,8,7.5,83.0,-6.6,1024.0,32.0,94.4,"Communication,Technical expertise,Reliability",Improved system performance by 40%,"Teamwork,Initiative","Documentation,Time estimation","Documentation,Delegation",Improve presentation skills,Areas for growth identified,Enroll in leadership training,False,False,6.4,True,"Technical Skills,Project Management",Meets Expectations,2024-03-12 17:22:47,2024-01-13 12:38:39,Consistently delivers quality work under pressure.,5.0,"Delivers consistently, sometimes misses deadlines.",Not Ready,6.4,1000,,2024-07-26,True
REV107,EMP010,EMP133,2023-07-29,2024-01-25,2024-02-14,Probationary,91.7,94.4,5.1,6.6,6.1,7.5,7.3,5.2,9.8,9.8,3.9,6.0,8.1,6.3,6.6,92,1,7.0,100,12.3,889.0,40.0,91.0,"Teamwork,Initiative,Reliability",Mentored junior team members,"Initiative,Time management","Public speaking,Time estimation","Delegation,Process adherence",Improve presentation skills,Consistent and reliable,Enroll in leadership training,False,False,13.8,False,"Technical Skills,Communication",Meets Expectations,2024-09-09 13:40:59,2024-12-02 11:19:39,Excellent contribution to team goals this period.,8.5,"Positive energy, great team player.",Ready in 6-12 months,13.8,,,2024-08-12,True
REV108,EMP166,EMP144,2024-09-05,2024-12-04,2024-12-22,Probationary,53.7,55.2,6.8,6.5,7.2,3.5,8.5,7.1,7.4,9.1,9.1,7.0,6.9,7.8,8.0,150,3,8.2,88.6,9.3,930.0,30.0,79.4,"Adaptability,Mentoring,Problem solving",Improved system performance by 40%,"Technical expertise,Creativity","Testing coverage,Process adherence","Testing coverage,Process adherence",Complete cloud certification,Shows great potential,Assign stretch projects,False,True,,False,"Communication,Project Management",Exceeds Expectations,2024-05-07 17:29:47,2025-03-16 18:58:27,Shows great initiative and proactive problem-solving.,6.9,"Strong technical contributor, could improve on sharing knowledge.",Not Ready,0.0,,"Conflict Resolution,Python Advanced",2025-06-20,False
REV109,EMP111,EMP040,2025-04-27,2025-10-24,2025-11-03,Quarterly,69.6,67.0,6.6,10,6.8,4.8,7.1,8.3,8.7,8.4,3.5,5.6,8.1,5.8,6.9,105,1,6.0,81.9,-12.3,1030.0,20.0,77.3,"Time management,Technical expertise,Leadership",Mentored junior team members,"Reliability,Time management","Work-life balance,Testing coverage","Delegation,Public speaking",Improve presentation skills,Strong performance this period,Recommend for promotion,False,False,,False,"Technical Skills,Leadership",Exceptional,2023-11-23 11:12:33,2025-03-09 08:57:08,"Good overall performance, room to grow in technical depth.",5.4,"Delivers consistently, sometimes misses deadlines.",Not Ready,7.0,2000,Communication Skills,2026-02-01,True
REV110,EMP174,EMP165,2024-06-16,2024-12-13,2025-01-09,Project-based,53.3,53.6,5.0,4.6,7.5,4.2,6.8,7.9,4.4,5.2,4.0,4.6,5.7,8.5,7.7,32,7,8.3,76.9,-7.9,1218.0,21.0,83.0,"Initiative,Reliability,Problem solving",Automated key workflows,"Mentoring,Reliability","Time estimation,Documentation","Public speaking,Delegation",Lead a cross-functional project,Shows great potential,Enroll in leadership training,False,False,,True,,Unsatisfactory,2023-08-15 13:29:39,2025-05-22 13:10:59,Excellent contribution to team goals this period.,7.4,"Strong technical contributor, could improve on sharing knowledge.",Not Ready,7.0,2000,Python Advanced,2025-07-08,False
REV111,EMP138,EMP129,2023-12-19,2024-06-16,2024-06-25,Quarterly,84.8,86.8,5.1,5.9,6.4,6.5,8.9,8.6,6.9,7.1,7.0,7.4,8.0,5.4,5.7,143,7,6.4,80.1,-7.4,767.0,57.0,82.3,"Problem solving,Leadership,Attention to detail",Improved system performance by 40%,"Adaptability,Attention to detail","Work-life balance,Public speaking","Delegation,Stakeholder communication",Mentor 2 junior engineers,,Enroll in leadership training,False,False,,False,,Exceptional,2025-09-01 15:13:41,2026-02-03 08:20:53,Needs to improve on documentation and communication.,6.7,"Great collaborator, always willing to help others.",Ready in 6-12 months,0.0,0,"Python Advanced,Project Management",2024-09-23,False
REV112,EMP098,EMP134,2023-10-26,2024-01-24,2024-02-08,Annual,66.1,64.9,7.5,7.7,10,6.1,8.0,5.4,5.4,5.8,7.9,5.8,7.5,5.9,7.1,65,6,8.3,61.5,1.4,1225.0,17.0,84.9,"Time management,Communication,Creativity",Automated key workflows,"Technical expertise,Attention to detail","Testing coverage,Time estimation","Documentation,Process adherence",Mentor 2 junior engineers,Shows great potential,,False,True,,False,"Communication,Project Management",Exceptional,2025-09-27 08:16:35,2025-03-11 08:36:29,Excellent contribution to team goals this period.,5.2,"Reliable team member, communicates clearly.",Not Ready,10.0,7500,Design Thinking,2025-02-07,True
REV113,EMP125,EMP173,2024-04-01,2024-06-30,2024-07-19,Probationary,67.7,67.4,9.1,7.1,7.3,4.6,6.3,7.6,7.2,5.6,7.0,4.9,7.9,9.9,5.6,30,6,6.1,94.8,9.1,904.0,29.0,94.8,"Adaptability,Leadership,Technical expertise",Automated key workflows,"Adaptability,Technical expertise","Documentation,Delegation","Public speaking,Process adherence",Complete cloud certification,,Enroll in leadership training,False,False,14.2,True,,Unsatisfactory,2024-09-09 12:31:13,2025-07-22 10:14:34,Needs to improve on documentation and communication.,5.3,"Delivers consistently, sometimes misses deadlines.",Not Ready,14.2,0,"Agile Course,Scrum Master",2025-01-15,True
REV114,EMP171,EMP133,2025-05-22,2025-11-18,2025-11-28,Annual,100,97.6,8.9,6.1,7.4,6.1,8.8,6.4,8.6,6.9,7.7,5.8,8.9,9.7,7.4,111,6,9.2,96.5,-6.1,974.0,12.0,90.1,"Attention to detail,Adaptability,Leadership",Improved system performance by 40%,"Time management,Technical expertise","Time estimation,Testing coverage","Time estimation,Public speaking",Mentor 2 junior engineers,Shows great potential,Recommend for promotion,False,False,,True,,Meets Expectations,2024-05-10 09:54:05,2025-04-26 17:18:30,Needs to improve on documentation and communication.,6.9,"Strong technical contributor, could improve on sharing knowledge.",Ready in 6-12 months,15.0,,,2026-11-28,True
REV115,EMP143,EMP004,2023-02-14,2023-08-13,2023-09-11,Quarterly,94.1,97.1,6.1,5.6,5.5,7.2,7.1,6.4,5.0,8.5,4.2,3.9,6.4,5.0,4.9,71,4,7.5,83.0,-4.5,1136.0,66.0,70.3,"Adaptability,Problem solving,Mentoring",Improved system performance by 40%,"Teamwork,Attention to detail","Delegation,Public speaking","Work-life balance,Delegation",Lead a cross-functional project,Excellent contribution to team,,False,True,,True,"Project Management,Technical Skills",Below Expectations,2023-10-31 14:11:14,2024-09-09 14:42:22,Shows great initiative and proactive problem-solving.,5.5,"Positive energy, great team player.",Ready in 6-12 months,3.0,,"Design Thinking,Project Management",2023-12-10,True
REV116,EMP147,EMP071,2024-07-26,2024-10-24,2024-11-14,Annual,76.3,72.5,4.4,3.5,5.6,8.8,8.7,9.0,6.7,5.7,5.0,6.8,6.9,7.7,8.5,109,6,9.7,90.9,-6.5,994.0,22.0,87.9,"Creativity,Leadership,Attention to detail",,"Initiative,Teamwork","Work-life balance,Public speaking","Work-life balance,Delegation",Improve presentation skills,Shows great potential,Assign stretch projects,False,True,6.7,True,"Communication,Leadership",Unsatisfactory,2025-08-25 11:33:15,2024-03-31 08:56:54,Shows great initiative and proactive problem-solving.,8.7,"Positive energy, great team player.",Ready in 6-12 months,6.7,5000,"Data Analysis,Agile Course,AWS Certification",2025-11-14,False
REV117,EMP102,EMP149,2023-04-02,2023-09-29,2023-10-20,Quarterly,83.2,84.9,7.9,7.8,8.4,7.1,8.5,6.8,3.6,7.3,9.2,4.7,6.2,8.7,7.2,40,8,9.2,75.2,-12.7,1198.0,46.0,105.6,"Creativity,Teamwork,Adaptability",Automated key workflows,"Communication,Teamwork","Work-life balance,Time estimation","Public speaking,Process adherence",Mentor 2 junior engineers,Shows great potential,Monitor workload closely,False,True,,False,,Below Expectations,2023-07-28 08:00:24,2024-02-05 11:23:16,Excellent contribution to team goals this period.,5.9,"Reliable team member, communicates clearly.",Ready in 6-12 months,0.0,2000,"Agile Course,Communication Skills",2024-01-18,True
REV118,EMP113,EMP100,2023-08-21,2024-02-17,2024-02-25,Annual,61.1,62.3,3.4,6.3,3.3,5.3,8.8,8.8,8.0,5.9,6.8,8.6,6.8,5.5,8.2,145,3,6.1,62.3,0.6,793.0,14.0,75.4,"Teamwork,Time management,Technical expertise",Mentored junior team members,"Time management,Teamwork","Process adherence,Delegation","Public speaking,Work-life balance",,Strong performance this period,Monitor workload closely,False,True,,False,"Communication,Project Management",Below Expectations,2025-06-17 08:28:37,2025-08-29 12:54:38,Shows great initiative and proactive problem-solving.,6.8,"Reliable team member, communicates clearly.",Not Ready,7.0,2000,,2025-02-24,True
REV119,EMP143,EMP064,2023-03-07,2023-09-03,2023-09-08,Quarterly,71.5,70.0,5.9,5.8,5.6,8.7,9.3,8.4,5.9,7.6,3.9,6.6,8.4,9.2,9.2,32,7,6.9,70.7,-2.1,1213.0,32.0,71.7,"Attention to detail,Mentoring,Adaptability",Improved system performance by 40%,,"Public speaking,Delegation","Time estimation,Public speaking",Improve presentation skills,Shows great potential,Assign stretch projects,True,False,13.0,True,"Leadership,Project Management",Unsatisfactory,2023-11-19 10:20:27,2025-06-03 15:02:01,Strong performer with clear leadership potential.,6.2,"Delivers consistently, sometimes misses deadlines.",Not Ready,13.0,,"Agile Course,Project Management,Data Analysis",2023-12-07,False
REV120,EMP165,EMP142,2024-01-04,2024-07-02,2024-07-26,Probationary,76.6,79.7,3.9,6.4,7.4,7.5,5.9,7.1,6.2,4.4,5.6,6.4,7.9,7.7,5.6,55,4,7.7,80.4,15.9,815.0,5.0,96.5,"Creativity,Reliability,Initiative",Automated key workflows,,"Work-life balance,Delegation","Testing coverage,Delegation",Improve presentation skills,Consistent and reliable,,False,False,,False,"Leadership,Project Management",Unsatisfactory,2024-05-18 18:52:43,2025-10-03 12:31:33,Strong performer with clear leadership potential.,7.1,"Strong technical contributor, could improve on sharing knowledge.",Ready in 6-12 months,10.0,10000,Scrum Master,2025-01-22,False
REV121,EMP193,EMP048,2023-08-06,2024-02-02,2024-02-14,Quarterly,58.3,56.8,3.9,7.4,6.1,6.8,7.2,8.2,5.3,5.1,7.7,6.5,6.9,5.2,9.0,51,6,6.7,96.3,-6.4,832.0,46.0,65.4,"Teamwork,Reliability,Technical expertise",Improved system performance by 40%,,"Process adherence,Delegation","Process adherence,Testing coverage",Lead a cross-functional project,Areas for growth identified,Enroll in leadership training,True,False,7.7,True,"Project Management,Technical Skills",Below Expectations,2024-12-04 12:17:28,2025-01-31 18:48:03,Needs to improve on documentation and communication.,5.9,"Strong technical contributor, could improve on sharing knowledge.",Not Ready,7.7,7500,,2024-05-14,False
REV122,EMP015,EMP077,2025-01-27,2025-07-26,2025-08-20,Probationary,76.1,76.5,8.4,5.9,5.5,9.6,8.6,6.6,5.7,7.7,7.5,7.3,4.2,6.9,7.6,52,6,6.6,88.2,-11.8,903.0,28.0,80.7,"Communication,Teamwork,Problem solving",Improved system performance by 40%,"Attention to detail,Communication","Process adherence,Public speaking","Time estimation,Public speaking",Complete cloud certification,Strong performance this period,Monitor workload closely,False,False,8.5,False,"Technical Skills,Leadership",Unsatisfactory,2024-08-23 18:55:48,2025-01-07 08:33:43,"Good overall performance, room to grow in technical depth.",8.7,"Great collaborator, always willing to help others.",Ready in 6-12 months,8.5,5000,,2026-02-16,False
REV123,EMP166,EMP182,2024-04-18,2024-07-17,2024-08-13,Project-based,56.0,57.9,5.4,8.4,7.1,5.8,6.8,4.5,6.6,7.1,7.1,7.7,6.6,7.6,5.5,25,3,7.5,92.4,-17.1,998.0,46.0,87.6,"Teamwork,Leadership,Adaptability",Mentored junior team members,,"Public speaking,Testing coverage","Time estimation,Delegation",,Consistent and reliable,Monitor workload closely,False,False,4.9,True,,Exceeds Expectations,2025-02-08 10:09:29,2025-10-12 10:43:01,Consistently delivers quality work under pressure.,8.4,"Reliable team member, communicates clearly.",Not Ready,4.9,,,2025-02-09,False
REV124,EMP082,EMP077,2024-05-23,2024-08-21,2024-09-20,Annual,65.2,62.2,4.2,3.4,7.8,7.1,8.3,7.3,5.7,8.5,2.8,6.3,7.4,9.1,4.3,132,5,7.1,79.9,7.9,1004.0,34.0,93.0,"Leadership,Communication,Mentoring",Automated key workflows,,"Time estimation,Testing coverage","Process adherence,Work-life balance",Mentor 2 junior engineers,Areas for growth identified,Enroll in leadership training,False,False,,True,,Exceeds Expectations,2024-08-27 15:33:38,2024-06-17 14:50:02,Strong performer with clear leadership potential.,6.9,"Great collaborator, always willing to help others.",Not Ready,0.0,5000,Agile Course,2025-09-20,False
REV125,EMP042,EMP062,2023-11-21,2024-05-19,2024-05-25,Project-based,48.7,49.4,4.8,4.5,9.9,5.1,6.9,8.5,5.2,6.3,5.5,8.3,7.4,7.3,6.9,105,5,6.7,91.8,11.0,954.0,66.0,97.5,"Technical expertise,Mentoring,Time management",Improved system performance by 40%,,"Documentation,Time estimation","Process adherence,Testing coverage",,Excellent contribution to team,Recommend for promotion,False,True,,True,"Technical Skills,Project Management",Meets Expectations,2023-07-03 11:10:22,2025-07-01 17:50:30,Shows great initiative and proactive problem-solving.,8.0,"Strong technical contributor, could improve on sharing knowledge.",Not Ready,5.0,5000,,2024-11-21,False
REV126,EMP179,EMP001,2024-07-12,2024-10-10,2024-10-19,Project-based,65.4,64.0,5.7,5.9,7.9,6.3,7.1,8.3,8.5,8.6,3.2,7.0,5.9,7.2,8.7,86,8,6.9,96.7,5.0,964.0,60.0,69.1,"Technical expertise,Initiative,Attention to detail",Led successful project delivery,"Adaptability,Problem solving","Testing coverage,Delegation","Testing coverage,Public speaking",Mentor 2 junior engineers,Excellent contribution to team,Assign stretch projects,False,True,3.1,True,"Technical Skills,Communication",Exceptional,2024-05-21 17:49:48,2025-09-07 14:10:40,Shows great initiative and proactive problem-solving.,8.5,"Delivers consistently, sometimes misses deadlines.",Not Ready,3.1,,AWS Certification,2025-04-17,False
REV127,EMP004,EMP052,2023-03-11,2023-09-07,2023-10-01,Probationary,49.1,48.4,7.2,5.0,5.9,7.4,8.1,7.5,4.9,6.4,8.3,5.3,8.9,7.4,6.2,70,7,9.4,92.1,5.3,1288.0,31.0,97.0,"Problem solving,Attention to detail,Adaptability",Mentored junior team members,"Reliability,Technical expertise","Delegation,Documentation","Work-life balance,Testing coverage",,Excellent contribution to team,,False,True,7.8,True,"Project Management,Leadership",Exceeds Expectations,2025-08-16 16:36:39,2025-05-30 15:53:21,Consistently delivers quality work under pressure.,8.9,"Great collaborator, always willing to help others.",Not Ready,7.8,2000,"Scrum Master,Design Thinking,Communication Skills",2024-03-29,False
REV128,EMP053,EMP119,2023-08-31,2024-02-27,2024-03-19,Probationary,72.4,72.2,6.7,5.9,6.7,6.8,8.3,6.8,6.2,7.9,5.6,7.3,7.4,6.7,6.4,50,8,6.2,83.1,-13.1,1020.0,50.0,94.7,"Adaptability,Creativity,Teamwork",Mentored junior team members,,"Public speaking,Documentation","Time estimation,Process adherence",Improve presentation skills,Consistent and reliable,Assign stretch projects,False,False,6.4,False,"Project Management,Communication",Exceeds Expectations,2024-09-30 14:41:53,2025-07-12 14:01:32,Consistently delivers quality work under pressure.,8.2,"Reliable team member, communicates clearly.",Not Ready,6.4,7500,"Data Analysis,Scrum Master,Project Management",2024-09-15,False
REV129,EMP083,EMP125,2025-01-11,2025-04-11,2025-05-07,Probationary,78.5,82.2,6.6,4.2,9.5,8.5,8.3,9.4,7.7,3.5,4.1,6.7,8.1,6.1,9.5,29,8,9.3,87.8,16.3,1121.0,0,72.0,"Creativity,Technical expertise,Problem solving",Improved system performance by 40%,"Communication,Technical expertise","Delegation,Time estimation","Process adherence,Time estimation",Mentor 2 junior engineers,Strong performance this period,Monitor workload closely,False,True,,True,,Exceptional,2024-02-01 16:44:49,2024-09-05 13:06:46,Excellent contribution to team goals this period.,7.1,"Positive energy, great team player.",Ready in 6-12 months,,1000,"Design Thinking,Leadership Training,Data Analysis",2025-11-03,True
REV130,EMP187,EMP164,2023-08-18,2023-11-16,2023-12-13,Annual,93.1,94.9,6.2,5.5,4.0,5.1,8.0,8.0,6.6,5.7,6.2,6.6,7.0,6.6,5.1,138,6,7.8,72.6,12.0,938.0,53.0,65.2,"Technical expertise,Teamwork,Adaptability",Led successful project delivery,"Creativity,Communication","Stakeholder communication,Documentation","Testing coverage,Delegation",Lead a cross-functional project,Areas for growth identified,Recommend for promotion,True,True,,True,,Exceeds Expectations,2024-01-19 14:04:50,2026-02-03 09:57:05,Strong performer with clear leadership potential.,5.6,"Positive energy, great team player.",Ready Now,5.0,,"Python Advanced,Agile Course",2024-12-12,True
REV131,EMP062,EMP199,2024-01-20,2024-07-18,2024-08-05,Project-based,85.1,88.4,4.0,4.2,8.0,7.9,5.8,6.6,7.1,6.0,7.5,5.9,8.7,7.4,8.3,140,3,7.6,67.8,-2.5,1050.0,32.0,96.0,"Initiative,Problem solving,Reliability",Led successful project delivery,"Mentoring,Leadership","Process adherence,Testing coverage","Delegation,Documentation",Improve presentation skills,Shows great potential,Assign stretch projects,False,True,3.3,False,"Project Management,Leadership",Below Expectations,2024-03-25 14:32:01,2025-11-20 18:02:43,Needs to improve on documentation and communication.,6.9,"Positive energy, great team player.",Ready in 6-12 months,3.3,,Conflict Resolution,2025-02-01,True
REV132,EMP048,EMP010,2023-04-04,2023-10-01,2023-10-26,Probationary,82.5,79.5,8.6,6.6,7.1,7.9,7.7,6.8,6.0,9.1,3.5,7.3,3.9,7.5,7.7,64,1,6.9,68.7,8.5,849.0,54.0,76.7,"Leadership,Initiative,Problem solving",Automated key workflows,"Problem solving,Leadership","Delegation,Stakeholder communication","Testing coverage,Stakeholder communication",Mentor 2 junior engineers,,Enroll in leadership training,False,False,,False,,Meets Expectations,2025-08-18 12:19:36,2024-11-15 12:48:45,Strong performer with clear leadership potential.,7.7,"Great collaborator, always willing to help others.",Ready in 6-12 months,,5000,Design Thinking,2024-04-23,True
REV133,EMP187,EMP188,2023-11-11,2024-02-09,2024-02-14,Annual,71.3,69.3,7.4,5.7,7.4,4.6,9.7,7.5,6.1,6.9,6.4,6.6,7.1,7.0,7.3,98,5,5.7,83.2,1.1,973.0,0,87.0,"Reliability,Communication,Leadership",,,"Process adherence,Delegation","Public speaking,Testing coverage",,Consistent and reliable,Monitor workload closely,True,False,,False,,Exceeds Expectations,2024-01-12 15:46:49,2024-10-17 18:12:55,Shows great initiative and proactive problem-solving.,8.1,"Positive energy, great team player.",Not Ready,5.0,5000,,2025-02-13,False
REV134,EMP166,EMP196,2024-03-02,2024-05-31,2024-06-08,Project-based,62.1,62.9,6.8,5.8,7.5,7.8,6.2,7.5,7.4,7.3,6.0,8.1,8.0,9.0,7.1,49,6,7.1,84.0,14.0,1144.0,78.0,81.6,"Attention to detail,Reliability,Communication",Mentored junior team members,"Adaptability,Leadership","Process adherence,Time estimation","Time estimation,Documentation",Mentor 2 junior engineers,Strong performance this period,Assign stretch projects,False,True,,True,,Below Expectations,2025-04-20 08:57:46,2024-02-14 16:09:50,Shows great initiative and proactive problem-solving.,8.1,"Reliable team member, communicates clearly.",Not Ready,,1000,"Python Advanced,Conflict Resolution",2024-12-05,True
REV135,EMP140,EMP045,2024-07-12,2024-10-10,2024-11-08,Probationary,57.5,58.6,4.4,2.5,7.5,7.3,6.7,5.8,5.7,4.1,6.6,10,8.0,7.8,7.9,105,7,9.3,58.6,-12.4,1014.0,38.0,74.0,"Attention to detail,Adaptability,Leadership",Led successful project delivery,"Adaptability,Leadership","Stakeholder communication,Delegation","Time estimation,Public speaking",Improve presentation skills,Areas for growth identified,,False,True,9.9,True,,Below Expectations,2024-02-09 16:32:24,2025-09-22 08:22:55,Shows great initiative and proactive problem-solving.,9.9,"Delivers consistently, sometimes misses deadlines.",Not Ready,9.9,0,Conflict Resolution,2025-05-07,True
REV136,EMP110,EMP052,2023-09-25,2024-03-23,2024-04-21,Annual,39.3,40.6,4.2,3.3,7.9,9.8,5.0,5.2,4.0,7.4,6.8,9.7,6.6,6.9,5.9,25,2,8.5,80.5,-4.9,919.0,48.0,81.6,"Creativity,Attention to detail,Adaptability",Improved system performance by 40%,,"Process adherence,Testing coverage","Process adherence,Time estimation",Lead a cross-functional project,Areas for growth identified,Recommend for promotion,False,False,,False,"Leadership,Communication",Below Expectations,2023-11-12 09:08:00,2024-04-26 13:42:54,Needs to improve on documentation and communication.,5.1,"Great collaborator, always willing to help others.",Not Ready,,,,2025-04-21,False
REV137,EMP091,EMP142,2023-02-18,2023-08-17,2023-09-13,Probationary,61.9,63.9,5.9,6.3,6.4,7.3,8.2,8.4,7.3,7.7,3.5,6.9,6.1,7.6,5.6,57,7,6.3,91.5,18.3,878.0,30.0,73.7,"Technical expertise,Adaptability,Time management",Led successful project delivery,"Time management,Technical expertise","Delegation,Process adherence","Delegation,Public speaking",Improve presentation skills,Strong performance this period,Enroll in leadership training,False,False,,False,"Technical Skills,Communication",Meets Expectations,2023-08-02 11:04:07,2025-06-17 14:12:21,Shows great initiative and proactive problem-solving.,7.6,"Strong technical contributor, could improve on sharing knowledge.",Not Ready,5.0,7500,,2024-03-11,False
REV138,EMP074,EMP044,2025-02-14,2025-05-15,2025-05-29,Probationary,55.1,56.3,5.7,6.6,8.6,5.2,8.1,6.9,7.5,8.4,5.6,5.8,6.4,9.7,6.8,118,5,8.5,84.9,-1.7,1150.0,0,89.0,"Initiative,Time management,Leadership",Led successful project delivery,"Leadership,Mentoring","Time estimation,Work-life balance","Work-life balance,Testing coverage",Mentor 2 junior engineers,Strong performance this period,Assign stretch projects,False,True,,True,"Technical Skills,Leadership",Meets Expectations,2024-12-31 15:59:51,2024-07-25 15:33:17,Needs to improve on documentation and communication.,6.6,"Great collaborator, always willing to help others.",Not Ready,,10000,"Python Advanced,AWS Certification,Project Management",2025-11-25,True
REV139,EMP145,EMP046,2024-12-10,2025-03-10,2025-03-23,Project-based,46.6,45.6,3.3,7.2,8.6,5.9,8.8,6.1,9.3,4.7,4.3,6.5,6.7,8.8,5.7,103,7,8.7,88.9,-12.8,1092.0,37.0,86.1,"Mentoring,Initiative,Communication",Automated key workflows,"Problem solving,Adaptability","Time estimation,Process adherence","Testing coverage,Work-life balance",Lead a cross-functional project,Consistent and reliable,Enroll in leadership training,False,False,7.8,False,"Project Management,Leadership",Below Expectations,2024-11-12 16:50:29,2024-09-05 14:32:37,"Good overall performance, room to grow in technical depth.",5.3,"Delivers consistently, sometimes misses deadlines.",Not Ready,7.8,,,2025-09-19,False
REV140,EMP179,EMP047,2024-01-21,2024-07-19,2024-08-09,Quarterly,51.2,50.1,5.9,4.0,7.3,7.1,8.7,7.8,7.8,7.6,2.2,7.8,6.1,6.2,5.6,132,5,8.3,100,-19.4,684.0,64.0,78.0,"Adaptability,Problem solving,Reliability",Improved system performance by 40%,"Technical expertise,Problem solving","Public speaking,Stakeholder communication","Stakeholder communication,Documentation",Improve presentation skills,,Recommend for promotion,False,False,7.6,False,,Unsatisfactory,2023-06-10 17:00:02,2024-12-07 08:44:24,Strong performer with clear leadership potential.,6.7,"Reliable team member, communicates clearly.",Not Ready,7.6,,"Leadership Training,Communication Skills",2024-11-07,True
REV141,EMP039,EMP008,2023-06-24,2023-09-22,2023-10-11,Annual,48.2,50.4,4.2,7.0,5.5,7.2,8.6,6.7,8.8,7.8,6.4,6.7,6.4,7.9,7.2,123,8,6.5,95.2,-4.4,899.0,48.0,85.8,"Time management,Initiative,Leadership",Led successful project delivery,"Time management,Technical expertise","Stakeholder communication,Work-life balance","Process adherence,Public speaking",Improve presentation skills,Areas for growth identified,Enroll in leadership training,False,True,,True,,Unsatisfactory,2023-11-07 15:53:00,2024-04-30 10:03:57,Excellent contribution to team goals this period.,8.2,"Great collaborator, always willing to help others.",Not Ready,0.0,10000,Python Advanced,2024-10-10,False
REV142,EMP025,EMP007,2025-02-22,2025-05-23,2025-06-07,Project-based,93.4,88.8,5.9,7.4,6.5,7.5,8.7,6.4,7.9,4.7,5.2,8.9,6.6,9.1,7.3,109,3,8.7,83.1,-18.6,815.0,34.0,86.7,"Initiative,Creativity,Attention to detail",Mentored junior team members,"Problem solving,Mentoring","Time estimation,Stakeholder communication","Testing coverage,Public speaking",,Strong performance this period,Monitor workload closely,True,True,10.1,True,"Technical Skills,Leadership",Exceptional,2025-01-18 18:56:29,2024-02-06 18:56:29,Strong performer with clear leadership potential.,6.2,"Delivers consistently, sometimes misses deadlines.",Ready Now,10.1,3000,Communication Skills,2025-12-04,False
REV143,EMP193,EMP074,2023-08-13,2023-11-11,2023-11-19,Quarterly,34.5,33.7,3.9,5.8,8.1,7.3,9.5,6.5,7.2,7.5,5.4,6.0,7.0,6.2,8.9,127,7,6.5,100,20.5,1204.0,3.0,94.3,"Leadership,Technical expertise,Adaptability",Led successful project delivery,"Attention to detail,Time management","Work-life balance,Documentation","Work-life balance,Public speaking",Lead a cross-functional project,Strong performance this period,,False,False,10.5,True,,Meets Expectations,2024-02-22 17:11:36,2024-12-06 11:38:41,Consistently delivers quality work under pressure.,8.3,"Great collaborator, always willing to help others.",Not Ready,10.5,0,,2024-02-17,False
REV144,EMP126,EMP072,2025-03-02,2025-05-31,2025-06-29,Probationary,96.3,99.6,4.7,3.4,6.6,7.6,6.8,9.7,4.8,3.0,6.8,7.2,6.6,6.9,3.8,65,6,8.1,81.9,16.4,1144.0,12.0,91.1,"Communication,Teamwork,Problem solving",,"Leadership,Adaptability","Delegation,Documentation","Delegation,Testing coverage",Improve presentation skills,Excellent contribution to team,,False,True,,True,,Unsatisfactory,2025-06-15 18:11:45,2024-12-17 17:55:31,Needs to improve on documentation and communication.,6.6,"Delivers consistently, sometimes misses deadlines.",Ready in 6-12 months,,,"Data Analysis,Agile Course",2025-12-26,False
REV145,EMP146,EMP060,2025-02-28,2025-05-29,2025-06-17,Quarterly,75.6,77.4,9.0,8.7,8.2,6.8,8.4,8.9,5.6,7.5,8.6,10,7.6,6.8,5.4,90,4,7.3,67.1,14.1,876.0,30.0,87.2,"Communication,Time management,Teamwork",Led successful project delivery,"Leadership,Attention to detail","Process adherence,Time estimation","Documentation,Stakeholder communication",Lead a cross-functional project,Consistent and reliable,Recommend for promotion,False,False,,True,,Exceeds Expectations,2025-01-03 15:42:45,2024-10-02 10:09:28,"Good overall performance, room to grow in technical depth.",6.7,"Reliable team member, communicates clearly.",Ready in 6-12 months,3.0,1000,"Data Analysis,Communication Skills",2025-09-15,False
REV146,EMP188,EMP035,2024-07-15,2025-01-11,2025-01-20,Quarterly,61.6,64.3,5.3,3.6,7.9,4.7,10,9.3,6.2,6.5,4.3,8.3,6.4,8.5,7.9,131,2,7.0,98.9,-11.2,1218.0,0,99.1,"Reliability,Adaptability,Mentoring",Automated key workflows,"Creativity,Time management","Work-life balance,Public speaking","Work-life balance,Documentation",Improve presentation skills,Areas for growth identified,Monitor workload closely,False,False,,False,"Project Management,Leadership",Meets Expectations,2025-05-23 15:31:22,2024-02-13 08:13:40,Shows great initiative and proactive problem-solving.,9.5,"Positive energy, great team player.",Not Ready,10.0,1000,,2025-04-20,False
REV147,EMP158,EMP139,2023-04-26,2023-10-23,2023-11-15,Annual,55.3,55.3,7.3,6.3,7.5,7.1,8.7,6.2,7.2,8.4,5.8,5.8,6.2,7.3,6.9,125,1,5.8,93.0,-11.8,1071.0,56.0,103.3,"Adaptability,Technical expertise,Mentoring",Mentored junior team members,"Time management,Adaptability","Work-life balance,Stakeholder communication","Time estimation,Delegation",Mentor 2 junior engineers,,Assign stretch projects,True,False,,False,,Meets Expectations,2025-01-25 11:02:06,2024-03-14 18:49:01,Strong performer with clear leadership potential.,6.1,"Strong technical contributor, could improve on sharing knowledge.",Not Ready,3.0,10000,,2024-11-14,True
REV148,EMP107,EMP154,2024-03-19,2024-06-17,2024-07-14,Annual,92.3,94.3,5.0,7.2,8.0,5.7,6.3,6.7,7.4,9.8,9.0,6.6,8.2,7.1,8.1,55,3,8.1,82.5,-10.7,1177.0,19.0,85.8,"Adaptability,Attention to detail,Leadership",Led successful project delivery,,"Time estimation,Stakeholder communication","Public speaking,Process adherence",,Areas for growth identified,,False,False,,False,,Unsatisfactory,2023-07-30 18:44:31,2025-12-06 16:53:11,Shows great initiative and proactive problem-solving.,6.7,"Great collaborator, always willing to help others.",Ready in 6-12 months,3.0,3000,,2025-07-14,False
REV149,EMP130,EMP074,2023-02-22,2023-08-21,2023-09-14,Probationary,70.1,71.9,2.5,5.2,9.6,8.7,6.8,6.2,6.6,7.3,4.8,6.1,8.5,9.3,6.0,20,6,8.9,78.2,8.3,1238.0,37.0,105.3,"Reliability,Initiative,Leadership",Led successful project delivery,,"Time estimation,Delegation","Public speaking,Delegation",Complete cloud certification,Consistent and reliable,Assign stretch projects,False,True,,True,"Leadership,Technical Skills",Exceptional,2024-12-07 15:39:45,2024-07-20 17:27:02,Strong performer with clear leadership potential.,7.9,"Positive energy, great team player.",Not Ready,7.0,,,2024-03-12,False
REV150,EMP102,EMP004,2025-02-15,2025-08-14,2025-09-10,Annual,57.5,55.7,7.4,7.9,6.1,7.2,9.3,7.9,6.1,5.5,9.0,7.3,6.6,4.9,7.1,52,5,8.8,83.7,-24.7,859.0,2.0,81.5,"Teamwork,Creativity,Initiative",Mentored junior team members,,"Stakeholder communication,Delegation","Work-life balance,Public speaking",Mentor 2 junior engineers,Consistent and reliable,Enroll in leadership training,False,True,,True,"Leadership,Project Management",Exceeds Expectations,2023-12-09 11:05:09,2025-09-05 13:27:44,"Good overall performance, room to grow in technical depth.",5.1,"Strong technical contributor, could improve on sharing knowledge.",Not Ready,7.0,,,2026-09-10,False
REV151,EMP036,EMP126,2024-07-30,2025-01-26,2025-02-07,Annual,51.3,53.6,5.3,4.0,9.4,7.5,7.3,6.7,6.0,7.7,6.5,7.9,7.1,8.4,6.1,64,1,6.7,83.2,-11.5,1057.0,28.0,70.7,"Problem solving,Reliability,Initiative",Automated key workflows,"Reliability,Time management","Delegation,Testing coverage","Work-life balance,Public speaking",Complete cloud certification,Shows great potential,Recommend for promotion,False,True,,True,"Project Management,Communication",Meets Expectations,2023-06-20 10:24:21,2025-09-07 10:27:03,"Good overall performance, room to grow in technical depth.",5.4,"Delivers consistently, sometimes misses deadlines.",Not Ready,,2000,Data Analysis,2026-02-07,False
REV152,EMP060,EMP161,2025-03-17,2025-06-15,2025-06-26,Probationary,81.6,81.4,7.2,3.6,7.2,6.5,8.2,6.6,7.3,5.7,7.2,8.9,7.5,7.7,8.2,27,1,7.3,82.0,14.7,866.0,44.0,92.9,"Reliability,Mentoring,Adaptability",Mentored junior team members,,"Time estimation,Work-life balance","Delegation,Public speaking",Improve presentation skills,Excellent contribution to team,Assign stretch projects,False,False,,True,,Unsatisfactory,2024-03-27 14:47:39,2025-09-01 17:53:47,Consistently delivers quality work under pressure.,7.6,"Delivers consistently, sometimes misses deadlines.",Ready in 6-12 months,10.0,5000,,2025-12-23,False
REV153,EMP191,EMP025,2023-02-15,2023-08-14,2023-08-25,Probationary,53.5,52.7,6.3,5.5,5.5,6.9,7.2,10,4.8,8.1,2.5,4.6,8.4,6.5,9.0,74,6,6.3,81.1,-18.1,1138.0,52.0,95.6,"Mentoring,Teamwork,Communication",Automated key workflows,,"Documentation,Work-life balance","Documentation,Testing coverage",Complete cloud certification,Excellent contribution to team,Monitor workload closely,False,True,,True,"Communication,Leadership",Unsatisfactory,2024-09-05 12:13:03,2025-09-25 17:50:06,Consistently delivers quality work under pressure.,7.1,"Delivers consistently, sometimes misses deadlines.",Not Ready,7.0,,"Python Advanced,Agile Course,Project Management",2024-02-21,False
REV154,EMP097,EMP074,2023-04-22,2023-10-19,2023-10-30,Annual,78.7,80.2,6.1,3.8,6.8,7.3,7.8,6.3,3.6,2.4,3.2,5.7,8.7,8.2,8.0,52,8,4.6,81.8,-27.7,883.0,46.0,81.7,"Attention to detail,Time management,Leadership",Led successful project delivery,"Problem solving,Leadership","Work-life balance,Stakeholder communication","Stakeholder communication,Process adherence",Lead a cross-functional project,Strong performance this period,Assign stretch projects,False,False,12.2,True,"Project Management,Leadership",Meets Expectations,2025-10-01 12:05:29,2025-11-22 11:47:31,Shows great initiative and proactive problem-solving.,7.3,"Great collaborator, always willing to help others.",Ready in 6-12 months,12.2,,Data Analysis,2024-10-29,True
REV155,EMP004,EMP085,2023-04-09,2023-10-06,2023-10-18,Probationary,82.0,83.0,8.3,4.0,8.5,7.2,5.6,5.0,6.9,7.0,6.3,7.0,5.3,7.5,5.5,73,8,7.3,74.7,-4.0,1016.0,113.0,81.0,"Attention to detail,Problem solving,Technical expertise",Improved system performance by 40%,"Attention to detail,Initiative","Public speaking,Testing coverage","Delegation,Public speaking",Improve presentation skills,Excellent contribution to team,Recommend for promotion,True,False,,False,,Exceptional,2024-05-15 12:02:55,2025-11-11 08:21:35,Excellent contribution to team goals this period.,7.8,"Strong technical contributor, could improve on sharing knowledge.",Ready in 6-12 months,5.0,,,2024-04-15,True
REV156,EMP007,EMP184,2024-07-21,2025-01-17,2025-01-25,Quarterly,50.6,52.9,3.8,6.8,6.0,5.1,8.3,9.8,7.6,4.9,3.5,6.8,7.5,6.9,6.4,103,5,8.6,80.8,-16.5,994.0,72.0,89.7,"Reliability,Initiative,Technical expertise",Led successful project delivery,,"Process adherence,Public speaking","Delegation,Documentation",Lead a cross-functional project,Shows great potential,Assign stretch projects,False,False,10.9,True,"Technical Skills,Communication",Meets Expectations,2025-09-22 18:24:21,2025-09-26 09:25:02,Needs to improve on documentation and communication.,5.9,"Positive energy, great team player.",Not Ready,10.9,10000,"Data Analysis,Agile Course,Leadership Training",2025-04-25,False
REV157,EMP013,EMP184,2023-08-28,2024-02-24,2024-03-09,Quarterly,81.9,78.2,6.4,4.8,6.2,5.7,7.1,4.5,7.3,7.2,2,7.1,7.1,7.5,3.9,39,8,6.9,74.7,-19.2,995.0,7.0,89.5,"Problem solving,Teamwork,Creativity",Mentored junior team members,"Reliability,Initiative","Delegation,Documentation","Time estimation,Documentation",Lead a cross-functional project,Areas for growth identified,Enroll in leadership training,True,False,,False,"Project Management,Communication",Meets Expectations,2023-12-21 15:54:02,2025-03-12 18:06:35,"Good overall performance, room to grow in technical depth.",5.3,"Great collaborator, always willing to help others.",Ready in 6-12 months,7.0,,"Scrum Master,Leadership Training",2024-06-07,False
REV158,EMP143,EMP125,2024-12-07,2025-03-07,2025-03-15,Project-based,75.5,78.8,6.5,5.8,6.6,6.4,9.4,6.9,6.5,7.5,2.4,6.4,5.2,7.9,8.1,113,8,5.8,92.6,-31.4,1019.0,2.0,86.2,"Creativity,Technical expertise,Teamwork",Automated key workflows,,"Public speaking,Stakeholder communication","Work-life balance,Time estimation",Complete cloud certification,Consistent and reliable,Monitor workload closely,False,False,,True,,Below Expectations,2025-01-30 10:30:51,2025-03-03 08:41:24,Shows great initiative and proactive problem-solving.,7.1,"Great collaborator, always willing to help others.",Ready in 6-12 months,0.0,1000,,2025-09-11,False
REV159,EMP137,EMP199,2023-03-26,2023-09-22,2023-10-02,Project-based,46.3,47.7,5.6,4.6,6.4,8.8,8.4,7.6,10,9.2,4.9,6.5,7.3,7.5,7.2,145,5,4.8,79.9,-2.0,875.0,0,85.6,"Communication,Attention to detail,Initiative",Automated key workflows,"Attention to detail,Communication","Process adherence,Testing coverage","Stakeholder communication,Documentation",Improve presentation skills,Consistent and reliable,Enroll in leadership training,False,False,,True,,Below Expectations,2024-06-15 08:49:56,2024-09-20 16:30:47,Strong performer with clear leadership potential.,6.6,"Reliable team member, communicates clearly.",Not Ready,5.0,,,2024-03-30,False
REV160,EMP196,EMP061,2024-06-28,2024-09-26,2024-10-24,Project-based,85.6,89.7,6.8,6.2,9.6,6.9,7.7,6.3,3.4,6.3,3.0,6.2,7.2,7.7,8.5,113,3,8.7,88.5,-18.0,1104.0,28.0,61.2,"Communication,Initiative,Problem solving",Improved system performance by 40%,"Reliability,Adaptability","Work-life balance,Testing coverage","Time estimation,Public speaking",Mentor 2 junior engineers,Consistent and reliable,Enroll in leadership training,False,False,11.6,False,"Project Management,Technical Skills",Below Expectations,2024-08-02 12:25:11,2024-01-19 16:41:35,Shows great initiative and proactive problem-solving.,10.0,"Delivers consistently, sometimes misses deadlines.",Ready in 6-12 months,11.6,,,2025-04-22,False
REV161,EMP008,EMP183,2023-10-21,2024-01-19,2024-02-13,Quarterly,92.1,89.7,6.8,6.8,9.6,9.3,8.2,7.8,7.8,6.0,6.8,4.5,6.1,7.3,6.6,135,1,7.9,85.2,-0.9,962.0,33.0,77.8,"Time management,Technical expertise,Mentoring",Improved system performance by 40%,"Initiative,Mentoring","Time estimation,Work-life balance","Delegation,Public speaking",Lead a cross-functional project,,Enroll in leadership training,False,True,4.2,False,"Communication,Technical Skills",Unsatisfactory,2023-11-20 13:38:14,2024-05-13 17:05:09,Strong performer with clear leadership potential.,7.2,"Delivers consistently, sometimes misses deadlines.",Ready in 6-12 months,4.2,,,2024-05-13,True
REV162,EMP152,EMP062,2024-05-07,2024-08-05,2024-08-29,Annual,95.0,95.1,7.5,5.1,7.6,5.4,6.8,8.4,7.6,7.2,6.2,4.1,7.0,5.4,6.6,20,1,6.7,81.1,8.4,1093.0,40.0,88.6,"Communication,Time management,Mentoring",Led successful project delivery,"Creativity,Problem solving","Work-life balance,Stakeholder communication","Time estimation,Documentation",Mentor 2 junior engineers,Consistent and reliable,Assign stretch projects,True,False,13.9,True,"Communication,Technical Skills",Exceeds Expectations,2024-06-27 12:37:46,2026-01-30 18:20:51,Strong performer with clear leadership potential.,7.3,"Great collaborator, always willing to help others.",Ready Now,13.9,10000,Python Advanced,2025-08-29,False
REV163,EMP041,EMP193,2024-06-07,2024-09-05,2024-09-28,Quarterly,64.1,64.6,5.0,4.7,5.0,7.2,8.0,6.9,7.3,6.9,6.5,6.3,6.5,7.0,8.2,101,3,4.4,80.0,-25.0,888.0,65.0,73.1,"Adaptability,Time management,Attention to detail",Mentored junior team members,"Attention to detail,Technical expertise","Delegation,Time estimation","Stakeholder communication,Process adherence",Complete cloud certification,Consistent and reliable,Monitor workload closely,False,True,7.2,True,,Unsatisfactory,2025-10-07 11:57:22,2025-10-17 14:38:08,"Good overall performance, room to grow in technical depth.",6.7,"Delivers consistently, sometimes misses deadlines.",Not Ready,7.2,,Project Management,2024-12-27,False
REV164,EMP133,EMP191,2024-05-16,2024-08-14,2024-09-11,Probationary,71.7,72.9,8.5,5.1,10,6.4,8.3,7.4,9.7,5.9,3.4,6.8,7.4,8.0,6.3,124,2,6.3,67.2,15.8,898.0,28.0,86.0,"Leadership,Communication,Mentoring",,,"Stakeholder communication,Process adherence","Documentation,Testing coverage",Lead a cross-functional project,Shows great potential,Enroll in leadership training,False,True,9.2,False,"Technical Skills,Communication",Meets Expectations,2025-02-07 09:12:14,2025-07-08 12:41:40,Shows great initiative and proactive problem-solving.,4.1,"Great collaborator, always willing to help others.",Not Ready,9.2,3000,"Scrum Master,AWS Certification",2025-03-10,False
REV165,EMP128,EMP021,2024-07-18,2024-10-16,2024-11-04,Quarterly,65.7,65.7,4.6,4.8,7.0,7.1,7.4,8.2,7.2,6.5,6.6,5.6,6.0,8.1,5.3,65,8,8.0,85.0,4.9,931.0,30.0,76.3,"Initiative,Technical expertise,Communication",Mentored junior team members,,"Testing coverage,Process adherence","Work-life balance,Testing coverage",Lead a cross-functional project,Consistent and reliable,Enroll in leadership training,False,False,,False,,Exceeds Expectations,2024-03-10 16:21:08,2025-10-04 13:37:11,Needs to improve on documentation and communication.,6.0,"Great collaborator, always willing to help others.",Not Ready,,10000,"Python Advanced,Conflict Resolution,AWS Certification",2025-02-02,True
REV166,EMP071,EMP018,2025-01-24,2025-04-24,2025-04-30,Annual,66.4,64.5,7.5,7.0,6.8,7.4,8.3,8.6,8.3,8.3,7.7,9.5,6.4,8.8,7.8,81,2,8.6,82.7,15.9,816.0,88.0,82.2,"Teamwork,Mentoring,Creativity",Automated key workflows,,"Stakeholder communication,Time estimation","Process adherence,Delegation",Improve presentation skills,Strong performance this period,Recommend for promotion,False,False,11.9,True,,Below Expectations,2025-07-18 10:45:40,2026-01-12 11:44:47,Needs to improve on documentation and communication.,8.6,"Strong technical contributor, could improve on sharing knowledge.",Not Ready,11.9,,"Design Thinking,Conflict Resolution",2026-04-30,False
REV167,EMP099,EMP007,2024-01-16,2024-07-14,2024-08-07,Project-based,83.7,87.6,4.2,2.7,7.6,7.1,7.9,7.4,8.1,6.1,2.7,7.2,6.6,8.6,9.0,72,4,8.4,74.1,-26.3,810.0,10.0,87.3,"Reliability,Adaptability,Creativity",Led successful project delivery,,"Delegation,Time estimation","Public speaking,Testing coverage",Lead a cross-functional project,Strong performance this period,Assign stretch projects,True,True,,True,"Communication,Technical Skills",Below Expectations,2024-02-04 16:22:19,2024-08-31 16:40:47,Consistently delivers quality work under pressure.,6.2,"Reliable team member, communicates clearly.",Ready in 6-12 months,5.0,,"Leadership Training,AWS Certification,Conflict Resolution",2025-02-03,False
REV168,EMP147,EMP062,2023-01-12,2023-07-11,2023-07-24,Project-based,72.2,70.1,6.7,5.2,7.5,5.8,5.6,4.6,5.1,7.0,4.4,5.8,7.3,6.4,5.4,122,4,8.6,86.2,2.5,642.0,0,74.0,"Initiative,Attention to detail,Problem solving",,,"Delegation,Time estimation","Time estimation,Process adherence",Mentor 2 junior engineers,Consistent and reliable,Recommend for promotion,False,False,,False,,Exceeds Expectations,2025-05-21 10:25:33,2024-12-13 11:14:02,Strong performer with clear leadership potential.,7.3,"Great collaborator, always willing to help others.",Not Ready,5.0,10000,,2024-01-20,True
REV169,EMP111,EMP034,2023-12-01,2024-02-29,2024-03-10,Quarterly,63.2,65.9,6.3,9.4,6.9,5.0,4.5,6.3,8.1,6.7,3.6,8.0,6.0,8.2,8.8,79,3,6.3,81.4,-45.8,1251.0,37.0,82.5,"Problem solving,Leadership,Mentoring",Mentored junior team members,"Teamwork,Reliability","Delegation,Time estimation","Time estimation,Stakeholder communication",Mentor 2 junior engineers,Shows great potential,Assign stretch projects,False,True,,True,"Project Management,Communication",Below Expectations,2023-12-29 12:09:36,2025-07-14 09:19:56,Needs to improve on documentation and communication.,4.9,"Great collaborator, always willing to help others.",Not Ready,,,,2024-06-08,False
REV170,EMP074,EMP018,2023-12-21,2024-03-20,2024-03-25,Quarterly,54.9,56.0,5.7,4.7,6.1,6.0,9.3,8.5,9.1,5.4,5.8,6.4,9.2,6.8,6.3,98,3,7.8,69.3,-11.7,1120.0,11.0,94.7,"Time management,Leadership,Problem solving",,"Attention to detail,Problem solving","Testing coverage,Process adherence","Work-life balance,Testing coverage",Complete cloud certification,Consistent and reliable,Recommend for promotion,False,False,,True,,Meets Expectations,2025-01-20 12:42:06,2025-03-24 13:17:45,Needs to improve on documentation and communication.,6.9,"Great collaborator, always willing to help others.",Not Ready,5.0,1000,,2024-06-23,False
REV171,EMP063,EMP149,2023-12-07,2024-03-06,2024-03-17,Annual,73.1,76.5,3.3,4.2,8.7,7.5,8.2,7.3,7.2,10,2,5.9,6.6,7.3,5.9,87,5,8.6,84.7,-21.5,752.0,28.0,97.3,"Communication,Teamwork,Reliability",Automated key workflows,"Communication,Initiative","Testing coverage,Public speaking","Process adherence,Documentation",Lead a cross-functional project,Shows great potential,Enroll in leadership training,False,False,,True,,Exceptional,2023-06-17 09:21:28,2025-04-18 14:12:52,"Good overall performance, room to grow in technical depth.",7.6,"Strong technical contributor, could improve on sharing knowledge.",Not Ready,7.0,1000,Python Advanced,2025-03-17,False
REV172,EMP168,EMP026,2024-05-11,2024-08-09,2024-08-14,Probationary,58.0,57.2,5.2,7.0,7.8,7.7,7.9,7.2,5.5,6.7,3.6,6.4,4.3,6.9,6.5,66,1,7.6,85.3,-22.3,940.0,15.0,96.0,"Problem solving,Time management,Communication",Mentored junior team members,"Attention to detail,Reliability","Testing coverage,Delegation","Stakeholder communication,Process adherence",Mentor 2 junior engineers,Consistent and reliable,,True,False,,True,"Project Management,Technical Skills",Meets Expectations,2024-05-22 11:01:38,2025-01-23 14:20:56,Strong performer with clear leadership potential.,5.1,"Great collaborator, always willing to help others.",Not Ready,,0,,2025-02-10,False
REV173,EMP047,EMP160,2023-03-13,2023-06-11,2023-07-08,Quarterly,59.3,57.5,4.3,5.9,5.9,8.5,8.5,6.3,8.1,8.4,4.5,7.6,7.1,7.8,8.1,128,8,7.3,61.3,7.0,600,60.0,110,"Teamwork,Time management,Attention to detail",,,"Work-life balance,Documentation","Documentation,Work-life balance",Improve presentation skills,Excellent contribution to team,Recommend for promotion,False,False,5.6,True,"Leadership,Communication",Below Expectations,2023-12-31 17:03:41,2026-01-03 14:07:22,Excellent contribution to team goals this period.,5.4,"Strong technical contributor, could improve on sharing knowledge.",Not Ready,5.6,5000,"Design Thinking,Data Analysis",2023-10-06,False
REV174,EMP097,EMP020,2025-02-03,2025-05-04,2025-06-02,Probationary,88.1,85.8,6.3,5.0,8.6,5.9,7.1,7.4,6.7,4.4,3.1,5.5,7.3,8.4,6.3,29,1,8.7,62.3,-7.9,1500,26.0,60.5,"Time management,Communication,Reliability",Led successful project delivery,"Problem solving,Time management","Delegation,Documentation","Testing coverage,Documentation",Improve presentation skills,Excellent contribution to team,Recommend for promotion,False,False,12.2,False,,Below Expectations,2025-04-17 08:22:16,2025-03-26 14:36:35,Consistently delivers quality work under pressure.,7.0,"Delivers consistently, sometimes misses deadlines.",Ready in 6-12 months,12.2,7500,Python Advanced,2025-11-29,False
REV175,EMP117,EMP056,2025-05-01,2025-10-28,2025-11-13,Project-based,53.3,52.9,6.5,2.9,4.2,8.4,7.8,6.6,9.3,7.3,7.4,7.0,7.5,7.6,4.8,145,4,8.4,69.8,-5.4,850.0,55.0,81.2,"Reliability,Mentoring,Communication",Automated key workflows,"Attention to detail,Communication","Time estimation,Process adherence","Delegation,Testing coverage",Complete cloud certification,Areas for growth identified,Enroll in leadership training,True,False,5.1,True,,Below Expectations,2025-11-04 11:30:07,2024-03-25 14:28:29,Shows great initiative and proactive problem-solving.,4.1,"Positive energy, great team player.",Not Ready,5.1,10000,"Python Advanced,Project Management",2026-05-12,True
REV176,EMP071,EMP051,2023-11-06,2024-05-04,2024-05-27,Probationary,64.6,63.6,6.5,6.0,5.3,6.8,4.9,4.8,8.0,8.8,6.3,6.4,7.0,8.4,8.7,95,8,6.5,88.6,13.9,913.0,23.0,81.4,"Teamwork,Initiative,Creativity",Mentored junior team members,"Initiative,Technical expertise","Delegation,Documentation","Public speaking,Documentation",Improve presentation skills,,Monitor workload closely,False,False,,True,,Exceeds Expectations,2025-02-28 08:33:49,2024-03-25 08:33:01,Needs to improve on documentation and communication.,10.0,"Great collaborator, always willing to help others.",Not Ready,,,Leadership Training,2024-11-23,False
REV177,EMP108,EMP109,2024-12-25,2025-03-25,2025-03-30,Annual,62.9,60.1,7.3,6.2,5.4,7.1,7.3,7.3,8.8,7.0,7.2,5.7,7.0,8.7,7.8,132,3,6.6,87.4,-24.9,972.0,65.0,67.7,"Teamwork,Technical expertise,Communication",,"Creativity,Initiative","Stakeholder communication,Work-life balance","Work-life balance,Documentation",Lead a cross-functional project,Strong performance this period,Assign stretch projects,True,True,13.0,False,,Below Expectations,2025-06-06 18:15:18,2025-11-12 12:10:45,Strong performer with clear leadership potential.,7.0,"Strong technical contributor, could improve on sharing knowledge.",Not Ready,13.0,5000,,2026-03-30,False
REV178,EMP159,EMP007,2023-01-01,2023-06-30,2023-07-19,Probationary,39.5,38.6,6.5,4.5,7.1,7.6,6.5,10,7.6,8.5,7.2,7.4,4.3,5.9,7.3,135,2,7.7,64.8,29.4,1036.0,19.0,80.3,"Creativity,Initiative,Adaptability",Led successful project delivery,"Reliability,Adaptability","Work-life balance,Stakeholder communication","Process adherence,Testing coverage",Improve presentation skills,Consistent and reliable,Recommend for promotion,True,False,,True,"Project Management,Communication",Below Expectations,2025-07-02 18:22:06,2025-08-29 16:53:58,Needs to improve on documentation and communication.,7.5,"Great collaborator, always willing to help others.",Not Ready,,5000,"Conflict Resolution,Data Analysis,Communication Skills",2024-01-15,False
REV179,EMP084,EMP126,2023-05-21,2023-11-17,2023-11-30,Project-based,76.1,78.0,5.7,6.5,6.6,8.7,7.4,6.0,6.3,8.6,4.9,8.2,9.9,3.6,7.9,46,6,7.6,79.5,-5.4,1018.0,9.0,91.9,"Communication,Technical expertise,Adaptability",Mentored junior team members,"Reliability,Technical expertise","Process adherence,Public speaking","Stakeholder communication,Delegation",Lead a cross-functional project,Excellent contribution to team,Monitor workload closely,False,True,8.7,True,,Meets Expectations,2025-02-02 18:29:47,2024-09-25 17:20:43,Consistently delivers quality work under pressure.,7.0,"Positive energy, great team player.",Ready in 6-12 months,8.7,10000,,2024-05-28,False
REV180,EMP053,EMP106,2023-07-26,2023-10-24,2023-11-20,Probationary,74.6,76.4,7.5,4.7,6.9,9.0,7.1,5.3,5.8,9.6,8.3,4.5,5.0,7.9,8.6,117,5,7.8,80.7,17.8,680.0,45.0,83.3,"Communication,Adaptability,Reliability",Led successful project delivery,"Reliability,Mentoring","Documentation,Time estimation","Documentation,Public speaking",Lead a cross-functional project,Excellent contribution to team,,False,False,3.9,False,,Exceeds Expectations,2024-08-08 15:52:48,2024-05-23 14:49:41,Strong performer with clear leadership potential.,5.9,"Delivers consistently, sometimes misses deadlines.",Not Ready,3.9,,Agile Course,2024-05-18,True
REV181,EMP080,EMP189,2023-07-27,2023-10-25,2023-11-12,Annual,77.9,74.5,5.3,7.2,7.4,6.7,7.1,6.0,5.6,6.5,8.2,5.4,7.6,5.6,4.9,93,1,6.9,90.6,13.4,845.0,29.0,81.6,"Creativity,Initiative,Technical expertise",Improved system performance by 40%,"Mentoring,Leadership","Work-life balance,Delegation","Documentation,Public speaking",Improve presentation skills,Excellent contribution to team,,False,False,,False,,Meets Expectations,2025-02-22 08:22:02,2026-02-01 12:00:20,Excellent contribution to team goals this period.,6.6,"Great collaborator, always willing to help others.",Ready in 6-12 months,10.0,1000,"Python Advanced,Design Thinking",2024-11-11,True
REV182,EMP145,EMP039,2025-05-05,2025-11-01,2025-11-27,Annual,54.5,53.7,3.6,4.5,7.0,5.8,9.8,7.7,9.6,5.9,3.3,7.7,7.6,6.0,8.7,93,1,7.7,75.8,5.9,960.0,0,110,"Creativity,Communication,Attention to detail",Led successful project delivery,"Adaptability,Initiative","Process adherence,Delegation","Work-life balance,Delegation",Mentor 2 junior engineers,Strong performance this period,Monitor workload closely,False,True,,False,,Meets Expectations,2024-05-12 15:45:20,2024-07-19 14:47:12,Shows great initiative and proactive problem-solving.,7.7,"Delivers consistently, sometimes misses deadlines.",Not Ready,0.0,,"Scrum Master,Leadership Training",2026-11-27,False
REV183,EMP064,EMP033,2023-03-06,2023-09-02,2023-09-15,Project-based,47.0,46.8,8.2,3.8,5.7,8.3,7.2,9.7,6.3,5.1,5.9,8.2,6.9,7.2,6.7,80,2,7.8,70.5,18.8,1027.0,42.0,72.5,"Technical expertise,Attention to detail,Initiative",Led successful project delivery,"Time management,Teamwork","Process adherence,Testing coverage","Stakeholder communication,Delegation",,Consistent and reliable,Assign stretch projects,False,False,12.0,True,,Exceeds Expectations,2025-10-14 17:47:21,2025-09-23 15:04:44,Strong performer with clear leadership potential.,9.4,"Great collaborator, always willing to help others.",Not Ready,12.0,2000,"Data Analysis,AWS Certification,Scrum Master",2024-03-13,True
REV184,EMP143,EMP194,2024-06-15,2024-09-13,2024-10-09,Annual,76.1,77.2,3.5,5.3,6.6,4.9,9.3,6.3,6.1,7.6,5.6,6.6,8.8,6.6,6.8,124,1,8.1,77.2,-0.7,1145.0,0,110,"Leadership,Initiative,Technical expertise",,"Time management,Teamwork","Delegation,Stakeholder communication","Process adherence,Documentation",Improve presentation skills,Consistent and reliable,Monitor workload closely,False,False,,False,,Exceeds Expectations,2025-06-11 08:48:17,2024-01-28 09:43:30,Needs to improve on documentation and communication.,7.5,"Great collaborator, always willing to help others.",Ready in 6-12 months,,,"Agile Course,Project Management",2025-10-09,False
REV185,EMP100,EMP159,2024-06-25,2024-09-23,2024-10-11,Probationary,66.1,66.4,7.1,2.4,6.7,10,5.9,7.6,6.5,7.9,6.5,8.4,4.6,6.9,8.5,62,7,6.6,58.8,8.4,1112.0,54.0,94.9,"Teamwork,Leadership,Time management",Improved system performance by 40%,,"Stakeholder communication,Delegation","Work-life balance,Process adherence",Mentor 2 junior engineers,Areas for growth identified,,True,False,,True,"Project Management,Communication",Unsatisfactory,2025-10-10 09:11:04,2025-08-20 09:19:21,Needs to improve on documentation and communication.,7.8,"Great collaborator, always willing to help others.",Not Ready,7.0,7500,"Agile Course,Conflict Resolution",2025-04-09,True
REV186,EMP069,EMP137,2025-02-27,2025-05-28,2025-06-17,Probationary,62.0,64.1,7.4,8.9,8.5,6.3,7.5,6.9,7.5,9.7,7.0,8.2,6.9,9.2,4.2,105,2,6.2,86.7,17.0,784.0,35.0,82.0,"Teamwork,Mentoring,Time management",Led successful project delivery,,"Process adherence,Time estimation","Process adherence,Time estimation",,Strong performance this period,,False,False,3.9,True,"Communication,Project Management",Below Expectations,2023-09-26 12:25:37,2024-02-29 17:34:59,Strong performer with clear leadership potential.,5.5,"Delivers consistently, sometimes misses deadlines.",Not Ready,3.9,7500,"Conflict Resolution,Scrum Master,AWS Certification",2025-12-14,False
REV187,EMP152,EMP052,2025-03-23,2025-09-19,2025-10-07,Project-based,93.4,96.1,5.4,6.8,9.2,7.7,5.2,9.7,5.2,8.1,2.8,8.2,6.7,7.5,5.5,114,6,5.8,68.5,34.2,1316.0,44.0,91.5,"Initiative,Creativity,Technical expertise",Improved system performance by 40%,"Reliability,Mentoring","Public speaking,Process adherence","Work-life balance,Testing coverage",Improve presentation skills,Areas for growth identified,,False,True,6.5,True,"Technical Skills,Communication",Exceeds Expectations,2025-08-27 11:24:15,2024-12-24 13:16:14,Shows great initiative and proactive problem-solving.,7.9,"Delivers consistently, sometimes misses deadlines.",Ready in 6-12 months,6.5,7500,Design Thinking,2026-04-05,False
REV188,EMP030,EMP104,2023-07-04,2023-10-02,2023-10-09,Annual,65.5,63.3,7.0,5.1,8.1,7.9,4.6,7.8,7.9,7.3,2,5.4,5.2,9.5,6.8,61,7,6.9,73.9,-21.5,806.0,22.0,98.4,"Reliability,Teamwork,Leadership",Automated key workflows,"Attention to detail,Problem solving","Work-life balance,Time estimation","Stakeholder communication,Delegation",,Shows great potential,Recommend for promotion,True,True,,True,"Project Management,Technical Skills",Meets Expectations,2023-10-25 08:31:50,2024-01-19 17:50:56,"Good overall performance, room to grow in technical depth.",8.6,"Delivers consistently, sometimes misses deadlines.",Not Ready,,0,,2024-10-08,True
REV189,EMP049,EMP115,2023-12-15,2024-03-14,2024-04-10,Quarterly,80.0,76.7,5.6,10,6.5,7.4,9.0,5.8,6.5,9.5,7.2,4.4,8.3,7.3,7.2,30,5,6.4,87.2,1.5,1189.0,92.0,72.5,"Leadership,Problem solving,Creativity",Mentored junior team members,"Initiative,Time management","Public speaking,Work-life balance","Documentation,Work-life balance",,,Recommend for promotion,True,False,11.8,True,"Communication,Technical Skills",Unsatisfactory,2024-06-20 16:46:48,2024-01-02 11:45:51,"Good overall performance, room to grow in technical depth.",8.5,"Great collaborator, always willing to help others.",Ready in 6-12 months,11.8,,"Scrum Master,Python Advanced",2024-07-09,True
REV190,EMP046,EMP047,2024-03-10,2024-06-08,2024-06-26,Quarterly,85.0,86.8,5.0,4.7,5.7,8.7,8.1,6.3,4.7,6.2,6.7,8.1,6.4,7.3,4.5,104,3,7.2,93.7,-10.0,1223.0,9.0,98.3,"Time management,Communication,Teamwork",Led successful project delivery,"Reliability,Mentoring","Work-life balance,Stakeholder communication","Work-life balance,Process adherence",Lead a cross-functional project,Excellent contribution to team,Assign stretch projects,False,True,5.7,True,"Communication,Leadership",Exceeds Expectations,2024-11-23 12:33:51,2026-01-30 16:28:18,Shows great initiative and proactive problem-solving.,6.9,"Positive energy, great team player.",Ready in 6-12 months,5.7,3000,"Agile Course,AWS Certification,Data Analysis",2024-09-24,False
REV191,EMP185,EMP158,2023-10-29,2024-04-26,2024-05-09,Quarterly,100,95.3,4.9,5.4,5.3,4.5,7.6,6.2,5.8,6.1,4.8,4.8,6.5,8.9,5.7,65,4,7.7,85.1,-41.9,959.0,52.0,96.3,"Adaptability,Reliability,Problem solving",Led successful project delivery,"Adaptability,Attention to detail","Public speaking,Work-life balance","Public speaking,Testing coverage",Lead a cross-functional project,Strong performance this period,Assign stretch projects,False,True,,True,,Unsatisfactory,2024-11-08 09:52:27,2024-09-16 17:06:09,Needs to improve on documentation and communication.,6.9,"Delivers consistently, sometimes misses deadlines.",Ready in 6-12 months,3.0,,,2024-08-07,False
REV192,EMP056,EMP183,2024-10-31,2025-04-29,2025-05-06,Probationary,51.7,50.3,3.2,6.2,9.4,8.1,6.6,6.4,8.2,6.5,4.0,7.0,7.7,7.2,5.8,57,2,5.9,100,24.0,960.0,37.0,83.4,"Adaptability,Attention to detail,Technical expertise",Led successful project delivery,,"Documentation,Process adherence","Public speaking,Testing coverage",Lead a cross-functional project,Consistent and reliable,Monitor workload closely,True,True,,False,"Communication,Technical Skills",Meets Expectations,2025-01-29 15:09:31,2025-08-23 16:05:05,Consistently delivers quality work under pressure.,7.9,"Positive energy, great team player.",Not Ready,0.0,,"Conflict Resolution,Project Management,Scrum Master",2025-11-02,True
REV193,EMP119,EMP040,2023-09-30,2024-03-28,2024-04-12,Probationary,52.4,54.0,9.0,6.5,8.3,5.8,7.4,7.6,7.1,6.5,4.9,7.9,8.0,7.4,4.9,89,2,7.8,76.9,4.3,1027.0,11.0,68.9,"Adaptability,Creativity,Communication",Mentored junior team members,"Communication,Technical expertise","Documentation,Process adherence","Work-life balance,Delegation",,Shows great potential,Monitor workload closely,False,True,,False,,Exceeds Expectations,2024-05-06 17:25:28,2024-08-02 18:38:32,Needs to improve on documentation and communication.,7.7,"Delivers consistently, sometimes misses deadlines.",Not Ready,3.0,1000,"Agile Course,Design Thinking",2024-10-09,True
REV194,EMP149,EMP011,2023-05-11,2023-11-07,2023-11-26,Project-based,64.4,66.0,5.9,2.0,6.2,7.2,6.8,8.2,6.8,8.8,6.3,5.1,6.9,5.2,4.5,63,8,6.4,68.0,-25.0,748.0,51.0,95.8,"Problem solving,Attention to detail,Leadership",Improved system performance by 40%,"Time management,Initiative","Process adherence,Delegation","Testing coverage,Process adherence",Lead a cross-functional project,Strong performance this period,Recommend for promotion,True,True,,True,"Leadership,Technical Skills",Meets Expectations,2024-01-11 15:25:49,2024-01-12 16:00:16,Consistently delivers quality work under pressure.,7.5,"Great collaborator, always willing to help others.",Not Ready,,2000,Conflict Resolution,2024-05-24,False
REV195,EMP005,EMP022,2023-06-08,2023-12-05,2023-12-26,Annual,66.8,67.0,3.1,5.5,7.5,5.8,6.9,6.7,9.0,5.8,6.3,7.7,7.7,6.2,6.0,39,4,8.2,69.7,-3.0,1034.0,72.0,88.2,"Problem solving,Creativity,Leadership",,"Reliability,Creativity","Time estimation,Stakeholder communication","Process adherence,Documentation",Lead a cross-functional project,Excellent contribution to team,,False,False,7.5,True,,Below Expectations,2025-12-29 11:33:10,2026-02-12 17:25:35,Needs to improve on documentation and communication.,6.0,"Positive energy, great team player.",Not Ready,7.5,5000,Data Analysis,2024-12-25,False
REV196,EMP057,EMP011,2025-03-17,2025-09-13,2025-09-20,Project-based,46.7,48.2,8.3,8.2,6.6,6.5,7.3,7.8,7.2,8.6,6.4,6.5,6.9,5.7,7.6,54,4,6.9,69.7,-6.0,1044.0,18.0,77.0,"Technical expertise,Leadership,Mentoring",Mentored junior team members,,"Testing coverage,Time estimation","Testing coverage,Documentation",Improve presentation skills,Shows great potential,Monitor workload closely,False,False,14.8,False,"Communication,Leadership",Meets Expectations,2023-10-01 10:02:59,2025-05-31 15:09:40,Shows great initiative and proactive problem-solving.,7.4,"Positive energy, great team player.",Not Ready,14.8,10000,Conflict Resolution,2026-03-19,True
REV197,EMP101,EMP150,2023-06-23,2023-09-21,2023-10-05,Probationary,59.0,60.9,4.5,7.0,6.8,7.5,8.0,6.0,9.8,5.6,4.9,7.7,5.8,8.8,6.3,121,2,7.5,98.0,-28.9,616.0,23.0,85.7,"Adaptability,Attention to detail,Mentoring",Led successful project delivery,,"Public speaking,Work-life balance","Public speaking,Delegation",Improve presentation skills,Consistent and reliable,Enroll in leadership training,False,False,,True,"Leadership,Project Management",Meets Expectations,2025-09-04 17:41:11,2024-10-18 17:39:35,Excellent contribution to team goals this period.,6.6,"Great collaborator, always willing to help others.",Not Ready,0.0,0,AWS Certification,2024-04-02,True
REV198,EMP046,EMP182,2023-06-01,2023-11-28,2023-12-08,Annual,82.6,84.9,5.6,5.4,6.3,7.3,5.1,7.2,5.9,7.0,5.2,5.6,6.8,6.8,8.8,49,3,5.3,79.6,-4.2,978.0,67.0,96.5,"Attention to detail,Teamwork,Problem solving",Led successful project delivery,,"Process adherence,Stakeholder communication","Testing coverage,Delegation",Complete cloud certification,Areas for growth identified,Monitor workload closely,False,False,,True,,Exceptional,2024-07-21 17:27:43,2024-06-10 16:44:30,"Good overall performance, room to grow in technical depth.",5.9,"Positive energy, great team player.",Ready in 6-12 months,,7500,"Communication Skills,Project Management",2024-12-07,True
REV199,EMP135,EMP017,2023-06-17,2023-09-15,2023-10-05,Quarterly,82.9,81.8,4.2,2.9,8.8,8.8,9.0,6.9,10,6.0,4.6,5.1,8.1,8.0,5.5,125,7,8.2,93.2,0.9,945.0,26.0,67.9,"Teamwork,Reliability,Leadership",Mentored junior team members,"Time management,Teamwork","Work-life balance,Public speaking","Public speaking,Testing coverage",Lead a cross-functional project,Strong performance this period,Assign stretch projects,False,False,,True,"Project Management,Communication",Exceptional,2024-07-17 16:06:20,2025-04-20 09:01:12,Strong performer with clear leadership potential.,6.9,"Great collaborator, always willing to help others.",Ready in 6-12 months,,1000,,2024-01-03,False
REV200,EMP007,EMP083,2025-04-27,2025-07-26,2025-08-19,Probationary,71.0,73.2,5.1,6.5,4.6,8.9,8.4,6.3,6.7,4.1,5.3,5.5,7.2,4.3,7.3,98,7,6.7,88.0,15.7,976.0,5.0,82.0,"Mentoring,Time management,Attention to detail",Led successful project delivery,,"Time estimation,Delegation","Stakeholder communication,Delegation",Complete cloud certification,Consistent and reliable,Monitor workload closely,False,False,,False,,Exceptional,2025-10-10 13:05:41,2025-05-08 11:06:47,Excellent contribution to team goals this period.,8.1,"Great collaborator, always willing to help others.",Not Ready,5.0,5000,,2026-02-15,False
REV201,EMP083,EMP060,2023-03-29,2023-09-25,2023-10-19,Quarterly,96.8,93.6,5.3,3.3,7.2,7.0,7.9,9.2,8.0,5.3,3.6,5.0,5.9,10,8.1,52,1,10,80.6,5.2,1031.0,34.0,83.9,"Time management,Reliability,Technical expertise",Automated key workflows,"Problem solving,Teamwork","Testing coverage,Public speaking","Public speaking,Testing coverage",Mentor 2 junior engineers,Excellent contribution to team,Enroll in leadership training,False,True,,False,"Communication,Project Management",Exceeds Expectations,2024-04-23 14:11:38,2024-10-17 12:33:53,Excellent contribution to team goals this period.,6.3,"Great collaborator, always willing to help others.",Ready in 6-12 months,10.0,7500,"Agile Course,Leadership Training,Communication Skills",2024-01-17,True
REV202,EMP172,EMP178,2023-04-28,2023-10-25,2023-11-13,Probationary,52.8,53.7,5.7,3.1,7.2,6.2,6.1,4.9,8.5,6.9,2,6.4,7.3,8.8,7.6,81,7,6.2,93.9,2.6,761.0,38.0,77.7,"Mentoring,Technical expertise,Problem solving",Improved system performance by 40%,"Problem solving,Initiative","Work-life balance,Delegation","Time estimation,Delegation",,Shows great potential,,False,True,,True,,Exceeds Expectations,2025-10-10 13:10:52,2024-09-18 18:34:36,"Good overall performance, room to grow in technical depth.",7.5,"Great collaborator, always willing to help others.",Not Ready,3.0,10000,,2024-05-11,False
REV203,EMP058,EMP138,2023-08-24,2023-11-22,2023-11-28,Annual,42.4,40.4,6.0,3.9,7.7,6.8,6.1,3.5,8.5,6.2,3.9,5.0,7.4,7.3,7.4,149,7,8.3,87.2,10.2,977.0,49.0,75.3,"Initiative,Mentoring,Technical expertise",Mentored junior team members,"Problem solving,Leadership","Delegation,Work-life balance","Delegation,Time estimation",Improve presentation skills,Excellent contribution to team,Assign stretch projects,False,True,,False,,Unsatisfactory,2025-07-19 16:06:28,2024-12-27 09:22:13,Consistently delivers quality work under pressure.,9.0,"Great collaborator, always willing to help others.",Not Ready,,3000,Data Analysis,2024-11-27,False
REV204,EMP167,EMP058,2023-12-29,2024-03-28,2024-04-23,Quarterly,87.2,84.6,5.5,5.3,5.1,7.7,7.1,9.0,8.1,7.5,7.0,7.2,3.0,7.1,5.3,68,6,8.3,65.8,-6.5,1291.0,54.0,60.4,"Creativity,Attention to detail,Communication",,"Adaptability,Initiative","Testing coverage,Process adherence","Public speaking,Process adherence",,Areas for growth identified,Recommend for promotion,False,False,10.2,True,"Project Management,Communication",Exceptional,2025-03-11 14:29:01,2024-06-27 16:42:36,Shows great initiative and proactive problem-solving.,8.6,"Positive energy, great team player.",Ready in 6-12 months,10.2,,"Design Thinking,AWS Certification",2024-07-22,True
REV205,EMP108,EMP019,2024-10-05,2025-04-03,2025-04-28,Project-based,84.1,80.7,7.8,6.5,8.3,6.3,7.6,7.8,8.9,7.2,8.3,6.4,7.7,8.2,6.5,133,5,7.7,81.3,1.1,882.0,15.0,64.9,"Communication,Attention to detail,Leadership",Automated key workflows,"Technical expertise,Reliability","Testing coverage,Work-life balance","Delegation,Testing coverage",Improve presentation skills,,Assign stretch projects,False,True,,False,,Unsatisfactory,2024-03-29 11:18:21,2024-12-24 14:50:15,Shows great initiative and proactive problem-solving.,6.2,"Delivers consistently, sometimes misses deadlines.",Ready in 6-12 months,,7500,"Python Advanced,Project Management,Conflict Resolution",2025-10-25,False
REV206,EMP023,EMP168,2023-04-12,2023-07-11,2023-07-23,Annual,80.2,81.9,6.6,6.1,7.5,6.8,7.8,6.9,8.2,10,10,5.1,5.6,7.9,7.0,65,8,9.2,95.8,-22.9,763.0,14.0,79.3,"Problem solving,Adaptability,Leadership",,"Teamwork,Communication","Public speaking,Stakeholder communication","Work-life balance,Time estimation",,,Recommend for promotion,False,True,,False,,Exceeds Expectations,2023-07-14 16:57:29,2024-03-04 10:00:22,Shows great initiative and proactive problem-solving.,5.8,"Great collaborator, always willing to help others.",Ready in 6-12 months,,,,2024-07-22,False
REV207,EMP007,EMP146,2024-11-11,2025-05-10,2025-05-22,Project-based,69.7,70.3,5.2,6.5,7.6,7.4,8.8,6.4,7.4,4.0,4.3,7.3,6.8,6.7,8.0,115,4,9.2,100,-5.7,861.0,24.0,88.8,"Time management,Attention to detail,Mentoring",Mentored junior team members,"Adaptability,Attention to detail","Work-life balance,Public speaking","Work-life balance,Delegation",Lead a cross-functional project,Excellent contribution to team,,False,True,12.5,True,"Project Management,Leadership",Exceptional,2025-08-24 10:20:23,2024-07-03 10:36:12,"Good overall performance, room to grow in technical depth.",7.1,"Positive energy, great team player.",Not Ready,12.5,5000,"Python Advanced,Data Analysis,Communication Skills",2025-11-18,True
REV208,EMP184,EMP195,2025-06-01,2025-11-28,2025-12-27,Probationary,82.3,80.3,5.3,3.0,7.9,9.7,6.6,8.5,6.7,5.6,2,5.9,6.0,8.1,6.0,38,7,7.2,99.9,-13.9,1171.0,65.0,87.6,"Reliability,Attention to detail,Adaptability",Improved system performance by 40%,"Time management,Adaptability","Time estimation,Delegation","Process adherence,Public speaking",Complete cloud certification,Shows great potential,Enroll in leadership training,False,True,,False,"Technical Skills,Leadership",Unsatisfactory,2025-03-23 16:49:49,2025-05-08 15:21:31,Strong performer with clear leadership potential.,7.7,"Great collaborator, always willing to help others.",Ready in 6-12 months,,5000,Conflict Resolution,2026-06-25,True
REV209,EMP084,EMP044,2024-01-04,2024-04-03,2024-04-23,Project-based,70.3,71.8,4.6,5.4,5.7,5.5,7.1,7.9,5.2,6.9,5.2,7.9,8.0,6.8,5.9,72,8,7.8,76.6,-33.6,993.0,60.0,86.3,"Initiative,Teamwork,Creativity",Mentored junior team members,"Adaptability,Creativity","Time estimation,Process adherence","Testing coverage,Delegation",Mentor 2 junior engineers,Shows great potential,Monitor workload closely,True,True,,True,,Unsatisfactory,2024-12-30 17:44:36,2025-09-03 11:57:03,Needs to improve on documentation and communication.,7.7,"Positive energy, great team player.",Not Ready,5.0,,"Data Analysis,Project Management",2024-10-20,False
REV210,EMP113,EMP063,2024-12-04,2025-03-04,2025-03-31,Quarterly,85.3,83.9,3.9,5.6,7.5,5.9,8.4,4.5,6.8,8.3,5.1,8.3,5.8,9.5,7.1,136,8,6.9,88.1,13.9,1001.0,60.0,84.6,"Adaptability,Attention to detail,Time management",Automated key workflows,"Leadership,Adaptability","Delegation,Documentation","Testing coverage,Process adherence",Improve presentation skills,Excellent contribution to team,,False,False,13.7,False,,Meets Expectations,2024-10-27 12:20:31,2024-05-21 12:20:57,Needs to improve on documentation and communication.,7.5,"Delivers consistently, sometimes misses deadlines.",Ready in 6-12 months,13.7,,"Data Analysis,Scrum Master,Project Management",2025-06-29,False
REV211,EMP082,EMP023,2024-02-03,2024-08-01,2024-08-15,Project-based,63.2,65.0,5.3,4.7,4.7,8.1,7.6,7.5,5.9,9.4,3.1,8.4,9.4,7.0,6.0,38,3,9.2,83.7,-10.9,1143.0,57.0,85.5,"Communication,Problem solving,Leadership",Led successful project delivery,"Time management,Problem solving","Time estimation,Work-life balance","Delegation,Public speaking",Improve presentation skills,Areas for growth identified,Recommend for promotion,False,False,10.6,False,"Technical Skills,Leadership",Exceptional,2023-08-01 17:31:44,2025-12-21 14:37:34,"Good overall performance, room to grow in technical depth.",7.2,"Reliable team member, communicates clearly.",Not Ready,10.6,0,"Scrum Master,AWS Certification,Communication Skills",2025-02-11,False
REV212,EMP034,EMP087,2023-09-27,2024-03-25,2024-04-18,Annual,43.5,41.4,7.3,9.0,6.9,7.2,7.1,8.0,7.2,6.0,7.7,9.0,7.5,4.2,7.3,120,6,9.3,88.1,-27.9,1199.0,35.0,98.7,"Time management,Teamwork,Mentoring",Led successful project delivery,"Time management,Creativity","Public speaking,Documentation","Testing coverage,Work-life balance",Lead a cross-functional project,Strong performance this period,Recommend for promotion,False,False,,True,"Project Management,Leadership",Exceeds Expectations,2025-07-30 18:40:48,2026-02-16 08:21:55,Consistently delivers quality work under pressure.,4.5,"Positive energy, great team player.",Not Ready,,,"Agile Course,Communication Skills",2025-04-18,False
REV213,EMP183,EMP053,2024-05-17,2024-11-13,2024-11-30,Probationary,66.9,64.4,4.2,4.7,6.4,4.1,7.2,8.6,7.8,6.1,2,7.1,6.2,5.9,6.9,135,5,6.0,72.6,7.0,1202.0,23.0,87.8,"Communication,Reliability,Time management",Mentored junior team members,,"Public speaking,Process adherence","Delegation,Time estimation",Lead a cross-functional project,Excellent contribution to team,Recommend for promotion,True,True,,False,"Project Management,Communication",Exceeds Expectations,2023-07-24 08:27:49,2024-02-19 15:07:13,Consistently delivers quality work under pressure.,5.7,"Great collaborator, always willing to help others.",Not Ready,15.0,,"Communication Skills,AWS Certification,Data Analysis",2025-05-29,True
REV214,EMP110,EMP068,2025-05-19,2025-11-15,2025-12-05,Probationary,35.4,34.4,3.3,2.9,7.6,7.8,7.1,7.3,6.0,5.8,7.5,8.2,8.9,6.9,7.2,109,3,6.0,82.6,-24.6,610.0,62.0,74.0,"Mentoring,Communication,Teamwork",Led successful project delivery,"Technical expertise,Communication","Stakeholder communication,Work-life balance","Public speaking,Work-life balance",Improve presentation skills,Shows great potential,Enroll in leadership training,True,True,,False,,Meets Expectations,2024-10-09 15:08:24,2024-06-20 10:04:52,Shows great initiative and proactive problem-solving.,9.1,"Great collaborator, always willing to help others.",Not Ready,,1000,,2026-06-03,True
REV215,EMP040,EMP175,2023-08-29,2023-11-27,2023-12-14,Project-based,44.6,42.6,5.3,3.5,6.4,6.0,6.9,8.1,4.4,8.7,7.2,8.1,9.4,8.8,7.3,69,7,6.4,100,-0.4,1242.0,47.0,78.1,"Creativity,Time management,Attention to detail",Automated key workflows,"Leadership,Creativity","Stakeholder communication,Public speaking","Time estimation,Process adherence",Improve presentation skills,Consistent and reliable,Recommend for promotion,False,False,9.6,True,,Exceptional,2024-07-09 16:58:28,2025-08-08 17:05:51,"Good overall performance, room to grow in technical depth.",7.3,"Great collaborator, always willing to help others.",Not Ready,9.6,0,,2024-06-11,False
REV216,EMP089,EMP035,2024-01-12,2024-07-10,2024-07-23,Quarterly,77.4,78.6,5.9,4.0,6.8,6.9,7.6,9.8,5.6,7.8,4.1,6.8,6.9,8.4,8.0,68,5,6.0,72.6,-19.0,946.0,72.0,82.6,"Leadership,Adaptability,Teamwork",Automated key workflows,"Reliability,Initiative","Testing coverage,Documentation","Documentation,Delegation",Improve presentation skills,Consistent and reliable,Recommend for promotion,False,False,,False,"Leadership,Project Management",Exceeds Expectations,2025-08-12 18:38:31,2024-08-27 09:24:20,Needs to improve on documentation and communication.,6.1,"Positive energy, great team player.",Ready in 6-12 months,,1000,"Design Thinking,Leadership Training",2024-10-21,False
REV217,EMP095,EMP114,2025-02-28,2025-05-29,2025-06-24,Quarterly,38.8,40.1,5.8,6.4,7.0,6.6,7.7,6.1,10,7.7,5.6,7.5,8.2,8.0,7.7,24,1,9.0,73.6,-7.2,1144.0,53.0,81.5,"Initiative,Communication,Attention to detail",,"Leadership,Creativity","Documentation,Delegation","Process adherence,Stakeholder communication",Mentor 2 junior engineers,,Monitor workload closely,False,False,7.4,True,,Exceeds Expectations,2024-03-24 16:36:53,2025-06-10 09:27:46,Excellent contribution to team goals this period.,10.0,"Reliable team member, communicates clearly.",Not Ready,7.4,,"Leadership Training,Project Management",2025-09-22,False
REV218,EMP121,EMP111,2023-01-01,2023-06-30,2023-07-26,Quarterly,59.3,62.1,5.8,5.8,7.5,5.0,7.6,5.5,7.5,4.5,8.2,4.6,8.0,8.2,9.4,122,1,9.0,100,2.7,909.0,59.0,89.0,"Attention to detail,Adaptability,Problem solving",Automated key workflows,"Adaptability,Leadership","Stakeholder communication,Delegation","Testing coverage,Stakeholder communication",Complete cloud certification,Strong performance this period,Enroll in leadership training,False,True,,False,"Leadership,Technical Skills",Unsatisfactory,2025-07-06 17:41:30,2025-02-08 16:09:23,Strong performer with clear leadership potential.,8.8,"Delivers consistently, sometimes misses deadlines.",Not Ready,10.0,0,,2023-10-24,True
REV219,EMP029,EMP044,2023-12-29,2024-06-26,2024-07-07,Annual,52.4,54.7,2.2,4.3,6.4,6.5,7.1,5.6,9.1,3.2,2.6,5.3,7.0,8.5,6.5,35,8,6.1,98.9,2.0,910.0,23.0,72.5,"Initiative,Mentoring,Communication",Led successful project delivery,"Mentoring,Technical expertise","Delegation,Stakeholder communication","Testing coverage,Delegation",Complete cloud certification,,Recommend for promotion,False,False,,True,,Exceeds Expectations,2025-09-03 14:06:41,2025-08-15 11:42:49,Excellent contribution to team goals this period.,6.7,"Reliable team member, communicates clearly.",Not Ready,10.0,2000,"Conflict Resolution,Leadership Training,AWS Certification",2025-07-07,False
REV220,EMP079,EMP003,2025-03-07,2025-06-05,2025-06-12,Annual,63.2,64.6,8.9,4.6,5.7,8.0,8.9,8.0,7.0,7.8,6.4,7.4,9.8,5.6,7.9,36,6,7.7,86.2,-15.6,1165.0,81.0,83.1,"Attention to detail,Technical expertise,Communication",Improved system performance by 40%,"Creativity,Attention to detail","Time estimation,Testing coverage","Process adherence,Documentation",Improve presentation skills,Consistent and reliable,Assign stretch projects,False,True,,True,,Exceptional,2023-12-16 11:49:47,2025-12-10 11:55:17,Excellent contribution to team goals this period.,6.5,"Strong technical contributor, could improve on sharing knowledge.",Not Ready,,,"AWS Certification,Data Analysis,Communication Skills",2026-06-12,False
REV221,EMP030,EMP176,2023-07-21,2024-01-17,2024-01-26,Annual,71.9,69.7,6.2,4.5,6.5,8.3,6.6,7.0,7.3,6.3,4.1,8.8,8.5,7.3,7.2,22,3,7.1,66.8,-5.4,1081.0,34.0,79.6,"Problem solving,Mentoring,Communication",Led successful project delivery,"Problem solving,Time management","Stakeholder communication,Documentation","Stakeholder communication,Process adherence",Lead a cross-functional project,Consistent and reliable,Monitor workload closely,False,False,12.2,True,"Technical Skills,Project Management",Below Expectations,2024-11-08 10:35:16,2025-05-04 16:40:26,Needs to improve on documentation and communication.,6.9,"Positive energy, great team player.",Not Ready,12.2,3000,Agile Course,2025-01-25,True
REV222,EMP015,EMP129,2024-08-11,2025-02-07,2025-02-15,Quarterly,70.2,70.3,7.2,5.4,8.2,5.3,8.2,7.7,6.2,8.3,8.8,8.1,5.3,7.1,9.4,92,1,7.0,97.0,-10.6,851.0,8.0,82.5,"Creativity,Teamwork,Time management",,"Communication,Teamwork","Work-life balance,Stakeholder communication","Testing coverage,Process adherence",,Excellent contribution to team,Enroll in leadership training,True,True,,False,"Communication,Leadership",Meets Expectations,2023-08-21 15:48:33,2026-02-20 13:13:18,"Good overall performance, room to grow in technical depth.",9.0,"Positive energy, great team player.",Not Ready,0.0,5000,"Leadership Training,Python Advanced",2025-05-16,True
REV223,EMP177,EMP174,2024-02-20,2024-08-18,2024-08-28,Quarterly,53.6,54.7,4.8,2.4,8.0,9.0,8.4,7.9,8.2,7.6,9.6,3.6,5.3,7.1,7.3,112,1,8.8,66.7,-9.8,939.0,25.0,83.5,"Mentoring,Problem solving,Creativity",Improved system performance by 40%,,"Work-life balance,Process adherence","Delegation,Testing coverage",Mentor 2 junior engineers,Strong performance this period,Monitor workload closely,False,False,,True,,Below Expectations,2024-03-21 18:51:56,2026-02-22 17:57:53,Shows great initiative and proactive problem-solving.,8.4,"Great collaborator, always willing to help others.",Not Ready,3.0,1000,"Python Advanced,Scrum Master",2024-11-26,False
REV224,EMP141,EMP108,2024-12-05,2025-03-05,2025-03-29,Project-based,52.0,54.0,3.8,3.5,6.2,8.5,7.6,7.1,6.4,6.1,4.4,6.9,7.0,9.8,6.6,145,8,6.1,85.6,-28.2,1254.0,0,85.2,"Leadership,Mentoring,Teamwork",Mentored junior team members,"Adaptability,Communication","Process adherence,Delegation","Stakeholder communication,Public speaking",Improve presentation skills,Consistent and reliable,,False,False,,True,,Exceeds Expectations,2024-06-03 13:43:24,2025-04-22 18:52:18,Strong performer with clear leadership potential.,7.3,"Delivers consistently, sometimes misses deadlines.",Not Ready,0.0,,,2025-09-25,True
REV225,EMP096,EMP194,2024-07-07,2024-10-05,2024-10-31,Annual,59.5,57.3,4.5,6.0,8.3,6.9,6.6,7.4,7.3,3.4,9.2,6.9,7.0,4.7,6.5,138,5,8.7,75.6,7.8,919.0,57.0,87.0,"Mentoring,Problem solving,Leadership",Improved system performance by 40%,,"Testing coverage,Delegation","Stakeholder communication,Testing coverage",Complete cloud certification,Shows great potential,Recommend for promotion,False,False,6.2,True,"Project Management,Communication",Exceptional,2025-04-02 17:11:06,2024-10-22 10:39:42,Strong performer with clear leadership potential.,7.4,"Reliable team member, communicates clearly.",Not Ready,6.2,,,2025-10-31,False
REV226,EMP176,EMP092,2023-08-18,2024-02-14,2024-03-03,Probationary,48.4,47.0,5.8,4.3,5.4,6.2,8.3,8.1,5.8,6.1,3.0,6.4,7.1,7.5,8.0,67,6,8.4,79.7,2.9,904.0,25.0,88.6,"Problem solving,Adaptability,Communication",Improved system performance by 40%,,"Work-life balance,Documentation","Stakeholder communication,Delegation",Complete cloud certification,Shows great potential,Recommend for promotion,False,True,,False,"Technical Skills,Leadership",Below Expectations,2025-04-17 09:40:26,2024-11-10 08:54:38,Excellent contribution to team goals this period.,6.3,"Reliable team member, communicates clearly.",Not Ready,3.0,10000,"Leadership Training,Conflict Resolution",2024-08-30,False
REV227,EMP185,EMP181,2025-03-03,2025-06-01,2025-06-27,Probationary,100,100,3.5,3.9,8.1,5.3,6.8,7.2,5.7,8.8,4.9,7.2,6.2,8.5,7.3,132,1,6.8,57.8,-5.6,1033.0,56.0,87.3,"Time management,Adaptability,Initiative",Improved system performance by 40%,"Teamwork,Problem solving","Stakeholder communication,Documentation","Stakeholder communication,Delegation",Lead a cross-functional project,Areas for growth identified,Enroll in leadership training,False,True,,False,,Unsatisfactory,2025-10-23 16:27:32,2025-11-09 11:42:23,Needs to improve on documentation and communication.,8.0,"Positive energy, great team player.",Ready in 6-12 months,7.0,2000,Scrum Master,2025-12-24,True
REV228,EMP192,EMP029,2024-09-02,2025-03-01,2025-03-30,Probationary,67.6,64.9,4.7,2.4,9.3,6.4,6.2,7.0,5.2,7.7,3.3,7.0,5.5,7.8,6.1,142,1,8.5,75.5,17.4,888.0,44.0,95.3,"Leadership,Creativity,Problem solving",Led successful project delivery,"Communication,Creativity","Work-life balance,Process adherence","Testing coverage,Documentation",Lead a cross-functional project,Strong performance this period,Enroll in leadership training,True,False,,False,"Leadership,Technical Skills",Unsatisfactory,2025-11-21 17:08:42,2025-03-06 15:03:21,Needs to improve on documentation and communication.,8.8,"Delivers consistently, sometimes misses deadlines.",Not Ready,0.0,,,2025-09-26,True
REV229,EMP097,EMP046,2024-10-04,2025-04-02,2025-04-13,Annual,95.8,96.0,5.9,4.8,8.1,5.6,5.8,6.7,4.5,5.3,2.2,7.9,4.8,8.0,5.8,129,2,6.7,89.2,-4.5,771.0,41.0,103.3,"Communication,Leadership,Adaptability",Automated key workflows,"Initiative,Creativity","Work-life balance,Process adherence","Stakeholder communication,Documentation",Improve presentation skills,Areas for growth identified,Assign stretch projects,False,True,,False,"Project Management,Leadership",Below Expectations,2024-12-24 13:13:06,2025-07-20 13:39:46,Strong performer with clear leadership potential.,5.9,"Strong technical contributor, could improve on sharing knowledge.",Ready in 6-12 months,,10000,,2026-04-13,True
REV230,EMP122,EMP096,2023-11-08,2024-02-06,2024-02-21,Quarterly,67.7,67.5,4.9,5.6,6.4,7.8,8.3,7.5,6.3,7.3,3.6,5.2,7.1,8.8,6.5,131,6,5.7,81.7,-10.2,676.0,48.0,84.8,"Creativity,Reliability,Teamwork",Led successful project delivery,"Creativity,Problem solving","Documentation,Work-life balance","Process adherence,Public speaking",Improve presentation skills,Strong performance this period,Enroll in leadership training,False,False,,False,"Leadership,Communication",Below Expectations,2024-07-24 17:35:43,2024-08-15 18:19:14,Strong performer with clear leadership potential.,5.0,"Positive energy, great team player.",Not Ready,0.0,,"Design Thinking,Agile Course",2024-05-21,False
REV231,EMP192,EMP139,2024-10-27,2025-01-25,2025-02-12,Quarterly,63.3,63.6,4.8,2.6,5.6,5.5,7.5,7.2,3.3,6.5,4.6,4.6,7.3,8.3,7.0,30,2,7.4,80.4,16.5,1018.0,59.0,76.4,"Creativity,Reliability,Communication",Led successful project delivery,"Mentoring,Attention to detail","Stakeholder communication,Time estimation","Time estimation,Documentation",Lead a cross-functional project,Areas for growth identified,Monitor workload closely,True,True,,True,"Leadership,Project Management",Unsatisfactory,2024-08-29 09:08:24,2024-10-26 10:37:02,Strong performer with clear leadership potential.,10.0,"Reliable team member, communicates clearly.",Not Ready,15.0,,,2025-05-13,False
REV232,EMP170,EMP172,2023-04-26,2023-10-23,2023-11-20,Annual,59.9,60.0,7.8,6.4,6.1,4.6,6.4,8.8,9.1,7.1,7.3,4.6,7.1,7.6,6.1,125,8,7.4,52.3,2.8,936.0,0,88.8,"Initiative,Creativity,Reliability",Automated key workflows,,"Testing coverage,Documentation","Documentation,Testing coverage",Mentor 2 junior engineers,Shows great potential,Monitor workload closely,False,False,10.9,False,"Communication,Technical Skills",Meets Expectations,2024-09-13 13:14:45,2025-02-20 09:20:35,Shows great initiative and proactive problem-solving.,6.0,"Great collaborator, always willing to help others.",Not Ready,10.9,,Leadership Training,2024-11-19,True
REV233,EMP015,EMP166,2024-11-05,2025-02-03,2025-02-16,Project-based,95.6,96.9,8.6,6.9,5.2,4.8,7.5,7.7,7.0,8.5,8.0,8.9,6.5,9.0,7.5,35,3,10,77.1,-15.7,1082.0,74.0,86.6,"Communication,Adaptability,Reliability",Improved system performance by 40%,"Teamwork,Initiative","Delegation,Stakeholder communication","Process adherence,Documentation",Mentor 2 junior engineers,Consistent and reliable,Recommend for promotion,False,True,,True,"Communication,Leadership",Below Expectations,2024-08-21 16:07:26,2024-02-15 16:36:12,Strong performer with clear leadership potential.,6.5,"Delivers consistently, sometimes misses deadlines.",Ready in 6-12 months,5.0,10000,"Design Thinking,Project Management,Conflict Resolution",2025-08-15,False
REV234,EMP090,EMP054,2023-01-19,2023-07-18,2023-08-02,Annual,65.8,67.0,7.6,4.8,6.8,6.4,8.2,8.5,3.7,6.3,7.8,4.6,7.7,7.3,9.7,61,2,5.8,96.3,-6.2,826.0,0,90.2,"Reliability,Adaptability,Mentoring",Improved system performance by 40%,,"Documentation,Delegation","Delegation,Stakeholder communication",Lead a cross-functional project,Excellent contribution to team,Recommend for promotion,False,False,,True,"Leadership,Technical Skills",Exceptional,2025-06-15 12:43:39,2024-04-21 11:11:00,Consistently delivers quality work under pressure.,8.7,"Strong technical contributor, could improve on sharing knowledge.",Not Ready,0.0,5000,,2024-08-01,False
REV235,EMP041,EMP065,2024-02-01,2024-07-30,2024-08-12,Annual,52.8,54.4,6.4,5.0,9.0,5.3,8.2,8.7,9.1,5.8,5.2,7.0,7.3,7.8,7.3,115,3,7.2,61.2,31.0,1174.0,16.0,82.1,"Problem solving,Initiative,Communication",Mentored junior team members,"Problem solving,Attention to detail","Public speaking,Stakeholder communication","Public speaking,Documentation",Improve presentation skills,Excellent contribution to team,Monitor workload closely,True,False,,False,"Communication,Project Management",Unsatisfactory,2024-07-14 17:47:16,2024-03-04 17:48:21,Strong performer with clear leadership potential.,5.6,"Strong technical contributor, could improve on sharing knowledge.",Not Ready,0.0,2000,"Python Advanced,Communication Skills,Project Management",2025-08-12,False
REV236,EMP175,EMP134,2024-01-01,2024-03-31,2024-04-16,Probationary,53.8,55.9,6.0,5.8,8.2,5.9,7.1,8.3,8.2,9.7,3.1,6.9,6.3,5.9,4.6,114,1,6.7,100,19.0,1129.0,45.0,73.6,"Time management,Initiative,Leadership",,,"Public speaking,Work-life balance","Delegation,Public speaking",Lead a cross-functional project,,,False,False,4.7,False,"Leadership,Technical Skills",Exceptional,2024-09-06 12:30:57,2024-11-30 08:02:22,Consistently delivers quality work under pressure.,6.6,"Reliable team member, communicates clearly.",Not Ready,4.7,3000,"Conflict Resolution,Python Advanced",2024-10-13,True
REV237,EMP152,EMP158,2025-01-15,2025-07-14,2025-08-01,Annual,75.2,71.6,6.4,4.7,7.3,6.9,5.5,8.3,8.6,8.6,3.1,8.3,5.6,6.9,6.7,76,5,9.2,89.0,-44.1,924.0,32.0,98.9,"Problem solving,Mentoring,Reliability",Mentored junior team members,"Initiative,Technical expertise","Public speaking,Testing coverage","Stakeholder communication,Public speaking",Improve presentation skills,Strong performance this period,Enroll in leadership training,False,True,,False,"Technical Skills,Project Management",Unsatisfactory,2024-01-27 16:16:38,2024-10-20 08:26:15,Consistently delivers quality work under pressure.,8.0,"Great collaborator, always willing to help others.",Ready in 6-12 months,5.0,,,2026-08-01,True
REV238,EMP132,EMP083,2023-04-22,2023-07-21,2023-08-03,Project-based,76.6,73.9,6.3,5.5,4.6,7.8,6.7,8.5,5.7,7.1,8.8,9.1,8.1,9.1,5.6,127,4,8.3,100,-4.7,1198.0,18.0,85.3,"Leadership,Initiative,Reliability",Mentored junior team members,"Technical expertise,Time management","Process adherence,Work-life balance","Time estimation,Process adherence",Complete cloud certification,Shows great potential,Assign stretch projects,False,False,6.1,False,"Technical Skills,Project Management",Exceeds Expectations,2024-05-11 17:53:55,2024-07-16 16:58:10,Strong performer with clear leadership potential.,6.1,"Strong technical contributor, could improve on sharing knowledge.",Ready in 6-12 months,6.1,,"Project Management,Leadership Training,Scrum Master",2024-01-30,False
REV239,EMP177,EMP046,2023-03-23,2023-09-19,2023-10-11,Quarterly,51.8,50.8,5.6,3.5,7.1,6.9,6.6,9.2,5.9,8.0,9.1,6.1,8.4,7.6,8.8,122,5,6.8,63.9,2.3,1011.0,0,81.4,"Leadership,Initiative,Time management",,"Adaptability,Attention to detail","Work-life balance,Stakeholder communication","Time estimation,Process adherence",Mentor 2 junior engineers,Consistent and reliable,,False,False,11.3,False,"Technical Skills,Project Management",Exceptional,2024-04-21 18:00:52,2025-05-29 14:10:41,Consistently delivers quality work under pressure.,8.8,"Reliable team member, communicates clearly.",Not Ready,11.3,5000,"Conflict Resolution,Project Management,Scrum Master",2024-01-09,False
REV240,EMP088,EMP136,2024-10-25,2025-01-23,2025-02-06,Quarterly,72.2,75.4,7.9,7.4,8.1,6.7,8.1,7.8,6.0,8.6,6.5,5.2,6.5,8.3,6.4,79,8,10,83.0,-0.9,1181.0,29.0,93.7,"Communication,Time management,Problem solving",Automated key workflows,,"Process adherence,Time estimation","Time estimation,Work-life balance",Complete cloud certification,Areas for growth identified,,False,False,10.3,True,"Project Management,Communication",Below Expectations,2025-12-31 08:01:30,2025-03-11 16:52:38,Strong performer with clear leadership potential.,8.5,"Strong technical contributor, could improve on sharing knowledge.",Not Ready,10.3,0,Scrum Master,2025-05-07,False
REV241,EMP075,EMP024,2024-12-20,2025-03-20,2025-03-29,Annual,75.0,75.7,10,10,5.5,2.6,7.7,8.0,7.5,8.8,7.7,5.1,6.0,8.8,7.0,38,6,8.2,86.6,15.0,788.0,35.0,101.0,"Attention to detail,Initiative,Teamwork",,,"Work-life balance,Time estimation","Testing coverage,Stakeholder communication",Mentor 2 junior engineers,Consistent and reliable,,False,False,,False,"Communication,Project Management",Below Expectations,2025-06-25 10:18:51,2026-02-22 12:48:05,"Good overall performance, room to grow in technical depth.",6.7,"Positive energy, great team player.",Ready in 6-12 months,10.0,1000,AWS Certification,2026-03-29,False
REV242,EMP034,EMP074,2023-01-09,2023-07-08,2023-07-23,Project-based,39.7,38.6,6.8,7.3,6.8,6.6,9.3,5.2,8.6,6.9,8.3,6.0,6.5,8.1,9.1,26,8,7.7,100,-2.6,1282.0,27.0,70.7,"Adaptability,Mentoring,Technical expertise",Improved system performance by 40%,"Reliability,Attention to detail","Work-life balance,Testing coverage","Process adherence,Time estimation",Mentor 2 junior engineers,Consistent and reliable,Enroll in leadership training,False,True,13.8,True,"Communication,Leadership",Meets Expectations,2025-11-05 15:23:07,2024-07-08 14:01:31,Shows great initiative and proactive problem-solving.,6.6,"Delivers consistently, sometimes misses deadlines.",Not Ready,13.8,1000,"Scrum Master,Conflict Resolution,Python Advanced",2024-01-19,False
REV243,EMP179,EMP058,2023-03-02,2023-08-29,2023-09-20,Annual,45.1,43.6,6.2,5.1,5.8,4.3,7.2,7.0,8.4,6.3,4.1,8.3,6.5,7.7,8.5,93,8,8.7,91.8,-8.9,1000.0,0,85.4,"Time management,Technical expertise,Communication",Led successful project delivery,"Adaptability,Problem solving","Work-life balance,Public speaking","Stakeholder communication,Delegation",Mentor 2 junior engineers,Areas for growth identified,Enroll in leadership training,False,True,,True,,Exceptional,2024-01-13 18:03:07,2024-03-26 16:03:19,"Good overall performance, room to grow in technical depth.",8.0,"Great collaborator, always willing to help others.",Not Ready,,2000,,2024-09-19,True
REV244,EMP146,EMP002,2023-02-11,2023-08-10,2023-08-23,Project-based,68.5,67.0,8.8,8.6,5.6,4.8,7.7,7.4,4.9,6.0,6.4,5.7,5.9,6.9,6.2,91,4,8.5,86.0,-2.7,1048.0,0,91.3,"Reliability,Adaptability,Initiative",Automated key workflows,"Attention to detail,Teamwork","Work-life balance,Time estimation","Time estimation,Public speaking",Complete cloud certification,Shows great potential,Assign stretch projects,False,True,,True,,Unsatisfactory,2024-07-21 14:13:23,2025-05-25 09:18:39,Shows great initiative and proactive problem-solving.,8.1,"Great collaborator, always willing to help others.",Not Ready,10.0,,,2024-02-19,False
REV245,EMP035,EMP183,2024-03-09,2024-06-07,2024-06-27,Quarterly,62.3,62.2,5.4,4.8,5.0,3.4,7.5,5.1,7.7,6.4,4.5,5.5,8.9,7.4,6.3,46,6,6.9,72.6,3.5,1107.0,56.0,82.3,"Reliability,Creativity,Attention to detail",Mentored junior team members,"Attention to detail,Communication","Stakeholder communication,Testing coverage","Public speaking,Documentation",Mentor 2 junior engineers,Shows great potential,Assign stretch projects,False,False,14.3,True,,Unsatisfactory,2024-10-08 09:25:49,2026-02-06 09:24:04,Needs to improve on documentation and communication.,7.6,"Positive energy, great team player.",Not Ready,14.3,5000,,2024-09-25,False
REV246,EMP166,EMP144,2024-01-21,2024-04-20,2024-05-05,Annual,54.6,57.3,6.7,6.1,9.1,6.5,8.8,7.2,7.5,8.5,8.7,7.7,5.6,5.0,8.2,139,5,8.4,70.2,12.3,908.0,20.0,73.0,"Communication,Mentoring,Adaptability",Led successful project delivery,"Time management,Technical expertise","Testing coverage,Delegation","Documentation,Work-life balance",Mentor 2 junior engineers,Consistent and reliable,Assign stretch projects,False,True,,False,,Exceptional,2026-01-07 14:17:05,2024-09-20 10:01:26,Consistently delivers quality work under pressure.,6.5,"Positive energy, great team player.",Not Ready,0.0,0,Project Management,2025-05-05,True
REV247,EMP172,EMP044,2024-02-20,2024-05-20,2024-06-16,Annual,78.3,75.8,5.8,5.4,8.7,6.5,8.1,5.8,6.3,7.4,2.6,7.3,5.9,7.6,6.9,69,3,6.2,87.0,-2.5,767.0,59.0,75.1,"Adaptability,Reliability,Attention to detail",,,"Stakeholder communication,Public speaking","Delegation,Documentation",Complete cloud certification,Excellent contribution to team,Enroll in leadership training,False,False,,True,,Exceeds Expectations,2025-01-11 14:18:03,2024-03-11 08:57:32,Excellent contribution to team goals this period.,7.1,"Strong technical contributor, could improve on sharing knowledge.",Ready in 6-12 months,0.0,5000,,2025-06-16,False
REV248,EMP145,EMP077,2024-07-20,2024-10-18,2024-11-11,Annual,54.6,56.3,3.0,5.0,7.7,6.4,6.0,6.7,7.8,6.3,6.4,7.6,7.6,7.5,8.5,104,1,6.2,87.0,2.9,882.0,0,90.7,"Time management,Creativity,Adaptability",Led successful project delivery,,"Process adherence,Work-life balance","Stakeholder communication,Work-life balance",Mentor 2 junior engineers,Strong performance this period,Monitor workload closely,False,True,,False,,Below Expectations,2025-07-28 16:18:35,2024-01-04 08:55:15,Consistently delivers quality work under pressure.,6.1,"Reliable team member, communicates clearly.",Not Ready,,,Project Management,2025-11-11,False
REV249,EMP007,EMP188,2024-02-24,2024-08-22,2024-09-11,Project-based,51.7,49.3,5.2,6.1,7.4,5.9,7.6,6.2,7.8,5.5,6.7,8.5,7.6,8.2,4.8,90,5,7.3,90.2,-2.2,1116.0,40.0,92.8,"Leadership,Creativity,Attention to detail",Mentored junior team members,"Problem solving,Technical expertise","Public speaking,Testing coverage","Documentation,Work-life balance",Complete cloud certification,Consistent and reliable,Enroll in leadership training,False,False,,False,"Technical Skills,Leadership",Exceptional,2024-03-05 11:11:11,2025-06-29 10:54:06,Excellent contribution to team goals this period.,7.6,"Reliable team member, communicates clearly.",Not Ready,,,Conflict Resolution,2025-03-10,True
REV250,EMP071,EMP153,2025-01-26,2025-07-25,2025-08-17,Annual,60.4,61.7,6.8,6.0,5.6,3.4,7.3,6.6,8.5,8.5,7.0,6.4,7.5,6.9,5.5,87,7,6.7,90.4,-25.0,1105.0,0,74.2,"Reliability,Time management,Adaptability",Automated key workflows,"Teamwork,Leadership","Testing coverage,Delegation","Time estimation,Delegation",Lead a cross-functional project,Areas for growth identified,Monitor workload closely,False,False,,True,,Meets Expectations,2025-10-14 18:39:57,2025-03-02 14:40:39,Shows great initiative and proactive problem-solving.,7.1,"Delivers consistently, sometimes misses deadlines.",Not Ready,3.0,,Project Management,2026-08-17,False
REV251,EMP090,EMP118,2023-11-11,2024-02-09,2024-02-24,Project-based,64.7,64.4,8.8,6.6,8.2,6.3,6.2,9.9,4.1,4.5,8.6,6.3,6.2,8.1,7.9,66,7,7.7,72.3,-22.6,915.0,38.0,63.5,"Initiative,Problem solving,Creativity",Improved system performance by 40%,"Creativity,Time management","Time estimation,Documentation","Time estimation,Process adherence",,Consistent and reliable,Monitor workload closely,False,False,,True,,Exceeds Expectations,2025-09-28 17:05:27,2025-11-19 08:59:20,Consistently delivers quality work under pressure.,9.2,"Strong technical contributor, could improve on sharing knowledge.",Not Ready,7.0,,"Communication Skills,Data Analysis",2024-08-22,True
REV252,EMP011,EMP091,2024-07-31,2025-01-27,2025-02-09,Quarterly,58.4,57.8,5.3,7.0,8.3,5.0,6.0,8.2,8.2,9.5,5.4,7.7,6.8,7.6,6.2,65,8,6.7,88.5,10.8,1032.0,22.0,93.0,"Technical expertise,Problem solving,Attention to detail",Automated key workflows,"Mentoring,Adaptability","Time estimation,Work-life balance","Public speaking,Delegation",Improve presentation skills,Excellent contribution to team,Enroll in leadership training,False,False,7.5,False,"Technical Skills,Project Management",Exceptional,2025-12-03 16:33:03,2024-06-21 15:34:06,"Good overall performance, room to grow in technical depth.",7.9,"Great collaborator, always willing to help others.",Not Ready,7.5,7500,"Python Advanced,AWS Certification",2025-05-10,True
REV253,EMP005,EMP187,2025-03-25,2025-09-21,2025-10-06,Annual,64.1,64.2,4.3,4.3,7.2,8.8,7.3,6.2,8.3,7.7,6.5,6.2,7.0,7.8,7.6,69,4,6.9,75.7,-6.6,1230.0,34.0,75.2,"Teamwork,Reliability,Communication",Led successful project delivery,"Creativity,Communication","Testing coverage,Work-life balance","Work-life balance,Process adherence",Improve presentation skills,Consistent and reliable,,False,False,,True,,Exceeds Expectations,2023-08-18 15:38:36,2025-04-25 11:04:31,Strong performer with clear leadership potential.,7.2,"Delivers consistently, sometimes misses deadlines.",Not Ready,7.0,0,"Scrum Master,Communication Skills",2026-10-06,True
REV254,EMP108,EMP199,2025-04-10,2025-10-07,2025-10-21,Quarterly,81.4,77.9,8.6,5.5,9.5,5.6,8.5,8.1,7.2,5.9,10,4.3,8.2,3.2,6.8,74,6,6.0,84.1,-21.6,1034.0,58.0,98.9,"Adaptability,Problem solving,Time management",Improved system performance by 40%,"Mentoring,Teamwork","Stakeholder communication,Documentation","Delegation,Time estimation",Lead a cross-functional project,Excellent contribution to team,Assign stretch projects,False,True,,False,"Technical Skills,Communication",Exceptional,2023-10-03 13:26:28,2024-03-10 18:08:25,Needs to improve on documentation and communication.,6.2,"Great collaborator, always willing to help others.",Ready in 6-12 months,5.0,,"Project Management,Leadership Training,Data Analysis",2026-01-19,True
REV255,EMP052,EMP018,2024-10-13,2025-04-11,2025-04-16,Annual,59.1,59.5,5.5,6.2,8.2,5.2,7.8,7.1,8.2,5.7,6.5,7.8,8.7,6.8,5.8,72,7,10,72.2,-26.6,1051.0,81.0,88.0,"Problem solving,Technical expertise,Leadership",Improved system performance by 40%,"Mentoring,Creativity","Process adherence,Documentation","Documentation,Delegation",Improve presentation skills,Excellent contribution to team,,False,False,,False,"Communication,Project Management",Below Expectations,2025-09-24 10:02:07,2026-01-20 14:08:02,Strong performer with clear leadership potential.,6.1,"Strong technical contributor, could improve on sharing knowledge.",Not Ready,10.0,1000,,2026-04-16,False
REV256,EMP124,EMP155,2023-03-23,2023-09-19,2023-10-14,Quarterly,60.5,63.1,5.6,7.6,6.5,3.9,6.6,7.9,8.9,8.0,6.7,7.0,10,7.4,7.1,38,7,7.2,75.0,17.5,1141.0,5.0,81.5,"Attention to detail,Problem solving,Reliability",Improved system performance by 40%,"Adaptability,Technical expertise","Stakeholder communication,Process adherence","Time estimation,Stakeholder communication",Complete cloud certification,,Enroll in leadership training,False,False,,False,,Meets Expectations,2025-10-20 10:08:40,2024-05-02 13:58:00,"Good overall performance, room to grow in technical depth.",8.7,"Positive energy, great team player.",Not Ready,,0,"Leadership Training,Data Analysis,Scrum Master",2024-01-12,False
REV257,EMP039,EMP132,2024-03-30,2024-09-26,2024-10-05,Quarterly,46.1,45.1,5.5,7.3,5.3,5.6,7.4,8.3,7.1,7.4,4.6,7.6,3.7,6.4,7.4,114,3,6.4,96.1,-10.6,1125.0,36.0,98.3,"Time management,Leadership,Mentoring",Mentored junior team members,"Reliability,Communication","Time estimation,Public speaking","Delegation,Testing coverage",Mentor 2 junior engineers,Excellent contribution to team,Recommend for promotion,True,True,,False,,Unsatisfactory,2023-06-22 11:54:35,2024-08-03 18:31:34,Excellent contribution to team goals this period.,6.1,"Great collaborator, always willing to help others.",Not Ready,3.0,5000,"Conflict Resolution,Data Analysis,Scrum Master",2025-01-03,True
REV258,EMP189,EMP065,2023-05-02,2023-07-31,2023-08-11,Annual,91.2,88.6,5.2,3.7,6.5,5.3,8.1,10,4.8,3.6,4.9,8.5,7.7,9.5,7.5,76,2,7.3,84.1,-4.7,705.0,81.0,86.3,"Attention to detail,Communication,Adaptability",Mentored junior team members,"Attention to detail,Reliability","Public speaking,Delegation","Stakeholder communication,Public speaking",Mentor 2 junior engineers,Consistent and reliable,,False,False,10.3,False,"Technical Skills,Leadership",Meets Expectations,2024-11-15 16:56:03,2026-02-02 14:34:06,Excellent contribution to team goals this period.,7.0,"Strong technical contributor, could improve on sharing knowledge.",Ready in 6-12 months,10.3,5000,"AWS Certification,Conflict Resolution",2024-08-10,False
REV259,EMP054,EMP017,2023-03-06,2023-09-02,2023-09-09,Project-based,67.7,65.3,7.9,7.4,7.2,8.3,8.1,8.9,6.8,6.0,4.0,9.0,6.2,7.7,6.5,96,8,7.2,91.8,6.5,638.0,38.0,110,"Technical expertise,Teamwork,Leadership",Improved system performance by 40%,"Mentoring,Reliability","Stakeholder communication,Documentation","Delegation,Stakeholder communication",Complete cloud certification,Areas for growth identified,,True,False,,True,,Meets Expectations,2025-04-20 08:36:22,2026-01-14 11:03:10,Needs to improve on documentation and communication.,7.7,"Positive energy, great team player.",Not Ready,0.0,5000,,2024-03-07,False
REV260,EMP016,EMP123,2023-07-26,2023-10-24,2023-11-10,Quarterly,65.3,68.5,7.3,7.0,7.1,6.0,9.1,7.0,7.4,8.5,4.5,5.5,8.5,7.9,4.9,63,6,7.6,93.1,5.3,1014.0,33.0,103.7,"Reliability,Leadership,Initiative",Automated key workflows,"Reliability,Creativity","Testing coverage,Public speaking","Process adherence,Delegation",Mentor 2 junior engineers,Excellent contribution to team,Enroll in leadership training,False,False,5.7,False,"Communication,Technical Skills",Exceptional,2025-12-30 09:58:05,2025-02-19 11:04:49,Consistently delivers quality work under pressure.,6.7,"Great collaborator, always willing to help others.",Not Ready,5.7,,"Leadership Training,Scrum Master,Project Management",2024-02-08,True
REV261,EMP002,EMP030,2024-08-17,2025-02-13,2025-03-06,Quarterly,78.1,75.9,3.7,7.1,6.7,6.4,7.3,7.5,7.8,9.2,3.6,6.8,5.8,6.6,7.6,137,7,6.6,97.9,-3.8,1158.0,25.0,71.8,"Reliability,Problem solving,Teamwork",Led successful project delivery,"Communication,Time management","Stakeholder communication,Documentation","Process adherence,Testing coverage",Mentor 2 junior engineers,Excellent contribution to team,,False,False,,False,"Leadership,Project Management",Exceptional,2025-02-12 11:48:01,2025-04-17 17:47:57,Excellent contribution to team goals this period.,6.0,"Great collaborator, always willing to help others.",Ready in 6-12 months,15.0,,"Agile Course,Python Advanced",2025-06-04,False
REV262,EMP063,EMP156,2023-05-24,2023-11-20,2023-12-08,Probationary,55.1,56.0,5.2,4.6,7.0,6.6,8.5,9.7,6.0,8.6,3.3,6.0,8.6,5.8,6.5,77,5,8.7,54.8,-6.3,973.0,16.0,90.1,"Problem solving,Mentoring,Leadership",Improved system performance by 40%,"Adaptability,Communication","Public speaking,Documentation","Process adherence,Work-life balance",Improve presentation skills,Consistent and reliable,Recommend for promotion,False,True,9.9,True,,Below Expectations,2024-02-28 17:20:34,2025-10-05 08:48:55,Consistently delivers quality work under pressure.,5.7,"Great collaborator, always willing to help others.",Not Ready,9.9,,,2024-06-05,False
REV263,EMP176,EMP178,2023-07-29,2023-10-27,2023-11-16,Annual,44.9,45.3,4.8,5.4,7.1,7.1,7.2,9.1,7.5,6.8,5.1,6.1,7.5,6.3,6.2,26,1,7.4,95.6,-26.1,843.0,0,89.5,"Teamwork,Time management,Adaptability",Led successful project delivery,"Initiative,Creativity","Time estimation,Delegation","Stakeholder communication,Work-life balance",Lead a cross-functional project,Areas for growth identified,Monitor workload closely,True,False,,False,,Exceptional,2025-10-15 09:00:05,2024-02-13 13:38:19,"Good overall performance, room to grow in technical depth.",10.0,"Reliable team member, communicates clearly.",Not Ready,15.0,1000,"Communication Skills,Python Advanced",2024-11-15,False
REV264,EMP003,EMP050,2023-06-12,2023-09-10,2023-09-26,Project-based,95.3,92.2,2.5,5.9,6.4,6.5,6.6,6.8,6.0,5.8,4.6,6.2,8.5,10,5.7,33,4,7.7,83.6,8.3,940.0,51.0,95.5,"Time management,Creativity,Leadership",Improved system performance by 40%,"Technical expertise,Problem solving","Delegation,Work-life balance","Public speaking,Delegation",Lead a cross-functional project,Excellent contribution to team,Recommend for promotion,True,True,,True,,Exceptional,2023-09-30 08:40:23,2024-01-26 11:20:10,Consistently delivers quality work under pressure.,6.7,"Reliable team member, communicates clearly.",Ready Now,3.0,,"Design Thinking,Leadership Training,Communication Skills",2024-03-24,False
REV265,EMP078,EMP144,2025-04-26,2025-10-23,2025-10-29,Project-based,52.7,51.0,8.5,7.6,5.7,6.8,7.6,6.7,5.3,5.2,4.9,7.2,5.5,10,8.4,91,4,8.0,90.0,-23.1,1060.0,42.0,79.9,"Initiative,Teamwork,Communication",Mentored junior team members,"Creativity,Communication","Documentation,Process adherence","Time estimation,Process adherence",Lead a cross-functional project,Consistent and reliable,Recommend for promotion,False,False,12.5,False,,Below Expectations,2024-08-16 11:53:49,2025-08-04 08:03:34,Consistently delivers quality work under pressure.,7.1,"Positive energy, great team player.",Not Ready,12.5,,Conflict Resolution,2026-04-27,False
REV266,EMP071,EMP017,2023-01-17,2023-07-16,2023-07-25,Annual,65.5,62.7,5.3,7.3,7.1,7.3,8.0,6.8,7.7,8.9,4.2,4.2,6.9,10,6.9,24,5,7.7,80.2,-40.2,1144.0,20.0,103.2,"Attention to detail,Initiative,Teamwork",Automated key workflows,"Teamwork,Mentoring","Process adherence,Work-life balance","Stakeholder communication,Delegation",,Strong performance this period,,False,True,9.0,False,"Leadership,Technical Skills",Meets Expectations,2025-08-22 13:40:26,2025-12-12 14:48:49,Shows great initiative and proactive problem-solving.,9.1,"Strong technical contributor, could improve on sharing knowledge.",Not Ready,9.0,1000,,2024-07-24,False
REV267,EMP130,EMP101,2024-05-17,2024-08-15,2024-09-09,Project-based,67.1,67.2,5.3,5.5,6.4,7.6,7.9,7.6,7.1,6.3,5.4,8.2,6.8,8.4,6.0,77,1,7.8,95.3,-8.6,889.0,0,84.8,"Technical expertise,Leadership,Time management",Automated key workflows,"Initiative,Reliability","Work-life balance,Stakeholder communication","Documentation,Testing coverage",Mentor 2 junior engineers,Strong performance this period,Recommend for promotion,False,False,,True,,Meets Expectations,2023-10-12 16:03:19,2025-06-15 14:23:51,Needs to improve on documentation and communication.,7.8,"Delivers consistently, sometimes misses deadlines.",Not Ready,0.0,5000,Scrum Master,2025-03-08,False
REV268,EMP062,EMP023,2024-10-16,2025-04-14,2025-05-04,Probationary,87.4,90.4,4.1,6.2,6.5,8.3,7.3,5.3,7.2,7.7,6.3,5.8,8.0,7.9,6.6,86,8,6.3,65.0,-21.0,769.0,50.0,98.7,"Communication,Mentoring,Attention to detail",Improved system performance by 40%,,"Testing coverage,Time estimation","Time estimation,Process adherence",Mentor 2 junior engineers,Areas for growth identified,Assign stretch projects,True,False,,False,,Meets Expectations,2023-06-24 18:10:10,2024-09-26 18:52:38,Strong performer with clear leadership potential.,8.8,"Reliable team member, communicates clearly.",Ready Now,15.0,7500,,2025-10-31,False
REV269,EMP061,EMP145,2023-10-03,2024-01-01,2024-01-12,Quarterly,76.4,74.9,2.8,4.0,7.0,6.0,7.8,8.7,5.8,3.1,3.6,5.3,9.2,8.5,10,63,4,8.2,85.6,30.2,653.0,0,99.8,"Mentoring,Leadership,Technical expertise",Led successful project delivery,"Creativity,Reliability","Time estimation,Delegation","Testing coverage,Process adherence",Lead a cross-functional project,Areas for growth identified,Recommend for promotion,False,False,,True,,Unsatisfactory,2025-10-20 15:32:39,2024-03-27 14:25:39,Excellent contribution to team goals this period.,8.8,"Reliable team member, communicates clearly.",Ready in 6-12 months,15.0,,"Scrum Master,Conflict Resolution,Python Advanced",2024-04-11,False
REV270,EMP127,EMP101,2025-05-20,2025-11-16,2025-11-26,Quarterly,54.6,56.2,4.9,4.2,5.5,8.8,7.0,7.5,7.0,7.8,5.7,5.8,5.2,6.5,6.4,99,2,6.2,78.1,23.2,946.0,62.0,86.1,"Attention to detail,Reliability,Problem solving",Improved system performance by 40%,"Communication,Teamwork","Testing coverage,Delegation","Delegation,Process adherence",Mentor 2 junior engineers,Excellent contribution to team,,False,False,,False,,Below Expectations,2025-01-17 08:00:24,2024-03-05 17:06:20,Strong performer with clear leadership potential.,8.4,"Positive energy, great team player.",Not Ready,,,,2026-02-24,False
REV271,EMP003,EMP128,2023-03-24,2023-06-22,2023-07-18,Probationary,80.6,78.7,5.3,5.0,9.8,7.6,7.7,6.6,5.4,5.3,6.6,6.2,9.3,6.2,8.1,35,7,6.5,95.4,-7.2,809.0,24.0,92.2,"Problem solving,Time management,Adaptability",Led successful project delivery,"Adaptability,Leadership","Testing coverage,Work-life balance","Testing coverage,Public speaking",Complete cloud certification,Consistent and reliable,,False,False,5.1,True,"Project Management,Leadership",Meets Expectations,2023-08-24 18:57:37,2024-06-08 10:53:25,"Good overall performance, room to grow in technical depth.",6.5,"Delivers consistently, sometimes misses deadlines.",Ready in 6-12 months,5.1,10000,Design Thinking,2024-01-14,False
REV272,EMP065,EMP149,2023-01-17,2023-04-17,2023-04-29,Annual,71.8,70.9,7.1,9.1,7.1,7.5,8.4,7.5,8.8,2.1,7.2,6.9,5.1,7.4,4.1,53,8,9.4,81.1,-6.6,1165.0,33.0,85.5,"Technical expertise,Reliability,Leadership",Improved system performance by 40%,"Time management,Reliability","Stakeholder communication,Public speaking","Stakeholder communication,Process adherence",Improve presentation skills,Strong performance this period,Enroll in leadership training,False,False,,True,"Project Management,Communication",Exceptional,2025-11-10 10:04:28,2025-09-28 08:45:52,Needs to improve on documentation and communication.,8.7,"Positive energy, great team player.",Not Ready,0.0,7500,"Python Advanced,Project Management",2024-04-28,False
REV273,EMP087,EMP008,2024-08-12,2025-02-08,2025-02-21,Project-based,76.5,73.3,4.4,5.9,7.4,4.9,6.3,9.7,8.5,5.4,5.3,6.2,6.8,8.2,7.8,86,2,7.6,90.9,7.7,1000.0,14.0,91.6,"Teamwork,Adaptability,Technical expertise",,"Attention to detail,Communication","Stakeholder communication,Time estimation","Public speaking,Documentation",Mentor 2 junior engineers,Consistent and reliable,Recommend for promotion,False,True,3.7,True,"Technical Skills,Communication",Meets Expectations,2024-10-17 13:38:31,2025-09-17 17:26:00,Strong performer with clear leadership potential.,5.1,"Positive energy, great team player.",Ready in 6-12 months,3.7,0,"AWS Certification,Conflict Resolution,Leadership Training",2025-08-20,False
REV274,EMP029,EMP089,2025-01-02,2025-07-01,2025-07-06,Probationary,44.4,44.4,4.7,3.3,7.8,8.4,7.8,4.4,8.0,4.1,2.9,7.4,6.1,7.6,6.6,134,2,5.8,75.2,-5.4,1050.0,4.0,67.3,"Attention to detail,Time management,Problem solving",Mentored junior team members,,"Delegation,Public speaking","Process adherence,Stakeholder communication",Mentor 2 junior engineers,,Enroll in leadership training,True,True,,True,"Technical Skills,Communication",Exceptional,2024-06-18 14:24:53,2025-06-11 10:41:08,Shows great initiative and proactive problem-solving.,7.0,"Reliable team member, communicates clearly.",Not Ready,15.0,10000,Python Advanced,2026-01-02,True
REV275,EMP101,EMP048,2023-08-03,2023-11-01,2023-11-06,Quarterly,66.9,64.9,3.8,6.0,5.6,7.0,6.3,8.0,8.0,7.6,6.0,5.7,8.6,10,8.8,40,3,8.6,65.6,-1.7,1001.0,34.0,94.3,"Adaptability,Initiative,Time management",Led successful project delivery,"Attention to detail,Technical expertise","Testing coverage,Time estimation","Time estimation,Delegation",Improve presentation skills,,Recommend for promotion,False,False,,True,"Leadership,Technical Skills",Meets Expectations,2024-05-29 18:45:57,2025-08-11 12:43:52,Shows great initiative and proactive problem-solving.,9.5,"Reliable team member, communicates clearly.",Not Ready,15.0,,,2024-02-04,True
REV276,EMP021,EMP140,2023-01-21,2023-04-21,2023-05-16,Quarterly,58.4,55.9,6.3,3.5,5.4,7.5,7.3,6.9,9.8,10,7.5,3.9,7.1,8.0,7.2,66,7,9.8,90.4,-5.7,891.0,22.0,84.8,"Initiative,Communication,Time management",Improved system performance by 40%,,"Testing coverage,Documentation","Process adherence,Stakeholder communication",Complete cloud certification,,Assign stretch projects,False,False,12.6,False,"Technical Skills,Communication",Exceeds Expectations,2025-09-29 08:04:57,2025-04-19 11:56:36,Excellent contribution to team goals this period.,4.6,"Delivers consistently, sometimes misses deadlines.",Not Ready,12.6,10000,"Agile Course,Scrum Master,Data Analysis",2023-08-14,True
REV277,EMP004,EMP137,2024-08-23,2024-11-21,2024-12-19,Probationary,51.8,51.1,7.8,4.9,7.2,4.0,8.7,7.5,5.8,3.7,6.6,6.9,7.5,7.1,9.3,22,7,8.0,99.4,12.5,884.0,48.0,90.1,"Problem solving,Mentoring,Leadership",Improved system performance by 40%,"Teamwork,Communication","Documentation,Work-life balance","Work-life balance,Testing coverage",Complete cloud certification,Areas for growth identified,Assign stretch projects,False,True,,True,,Unsatisfactory,2023-12-06 12:40:54,2025-11-20 14:27:11,Consistently delivers quality work under pressure.,4.6,"Strong technical contributor, could improve on sharing knowledge.",Not Ready,0.0,,Scrum Master,2025-06-17,False
REV278,EMP164,EMP061,2023-05-11,2023-11-07,2023-12-04,Annual,77.8,75.6,4.2,2.7,6.3,7.4,6.9,6.6,9.0,6.0,5.2,6.6,4.9,6.5,7.5,101,3,7.5,60.7,-4.8,1287.0,39.0,80.7,"Attention to detail,Reliability,Adaptability",Mentored junior team members,"Reliability,Problem solving","Testing coverage,Work-life balance","Public speaking,Work-life balance",Improve presentation skills,Areas for growth identified,Enroll in leadership training,False,False,14.4,False,"Project Management,Leadership",Below Expectations,2024-12-21 12:34:44,2024-12-18 12:07:36,Needs to improve on documentation and communication.,9.6,"Strong technical contributor, could improve on sharing knowledge.",Ready in 6-12 months,14.4,,,2024-12-03,False
REV279,EMP193,EMP098,2024-05-18,2024-11-14,2024-12-09,Probationary,43.7,45.8,5.3,7.2,7.7,9.1,7.1,9.9,6.2,2.3,6.6,4.8,9.4,7.0,4.7,140,8,8.1,82.6,-29.8,1161.0,92.0,100.8,"Adaptability,Attention to detail,Initiative",Mentored junior team members,,"Delegation,Process adherence","Stakeholder communication,Delegation",,Excellent contribution to team,Assign stretch projects,False,False,,True,"Communication,Technical Skills",Exceptional,2023-09-07 12:19:05,2024-02-27 16:29:27,Strong performer with clear leadership potential.,8.3,"Great collaborator, always willing to help others.",Not Ready,7.0,,,2025-06-07,False
REV280,EMP143,EMP078,2023-08-09,2024-02-05,2024-02-12,Quarterly,81.7,82.6,5.0,6.5,7.3,7.9,7.3,6.0,6.1,7.6,3.4,6.2,7.6,6.7,7.2,106,6,7.2,79.0,19.4,1094.0,31.0,97.7,"Teamwork,Reliability,Mentoring",,,"Time estimation,Public speaking","Stakeholder communication,Delegation",Improve presentation skills,Strong performance this period,Monitor workload closely,False,False,,False,,Exceptional,2023-11-17 15:25:03,2026-01-26 10:26:03,Needs to improve on documentation and communication.,7.6,"Delivers consistently, sometimes misses deadlines.",Ready in 6-12 months,3.0,,,2024-05-12,False
REV281,EMP133,EMP085,2024-11-19,2025-02-17,2025-03-02,Annual,83.4,84.5,8.0,6.9,4.9,7.8,8.3,9.3,10,4.3,6.6,7.5,3.8,9.6,7.8,137,5,8.3,85.1,10.4,823.0,51.0,85.3,"Teamwork,Technical expertise,Leadership",Automated key workflows,"Leadership,Mentoring","Work-life balance,Testing coverage","Stakeholder communication,Delegation",Complete cloud certification,Strong performance this period,,False,True,,False,,Unsatisfactory,2023-12-08 08:57:57,2025-09-04 13:55:09,Shows great initiative and proactive problem-solving.,7.3,"Delivers consistently, sometimes misses deadlines.",Ready in 6-12 months,15.0,5000,"Project Management,Communication Skills",2026-03-02,True
REV282,EMP063,EMP034,2023-08-12,2023-11-10,2023-12-01,Project-based,72.0,71.2,4.5,4.2,8.4,6.8,7.4,6.6,6.4,8.5,2.3,5.5,8.1,6.3,6.6,95,4,6.3,95.9,-4.8,1005.0,0,90.0,"Leadership,Creativity,Attention to detail",Improved system performance by 40%,"Adaptability,Leadership","Delegation,Process adherence","Public speaking,Documentation",Complete cloud certification,Shows great potential,Recommend for promotion,False,True,,False,,Exceeds Expectations,2024-10-12 17:28:40,2025-04-28 17:07:08,Excellent contribution to team goals this period.,6.7,"Positive energy, great team player.",Not Ready,10.0,,,2024-05-29,False
REV283,EMP188,EMP001,2025-05-04,2025-10-31,2025-11-27,Project-based,64.4,63.9,7.0,4.8,8.2,8.2,5.4,8.4,4.2,8.9,4.7,7.2,8.0,8.0,7.6,54,3,8.0,94.5,-3.3,1134.0,35.0,71.2,"Creativity,Problem solving,Leadership",Improved system performance by 40%,"Teamwork,Initiative","Stakeholder communication,Delegation","Documentation,Testing coverage",Improve presentation skills,Strong performance this period,Assign stretch projects,True,False,11.0,True,"Leadership,Project Management",Unsatisfactory,2025-12-09 16:52:10,2024-08-06 16:59:01,Needs to improve on documentation and communication.,6.3,"Reliable team member, communicates clearly.",Not Ready,11.0,10000,,2026-05-26,True
REV284,EMP190,EMP089,2023-02-20,2023-05-21,2023-06-05,Annual,77.8,77.8,3.8,6.3,8.9,2.3,6.3,7.4,7.3,6.5,7.0,7.6,7.9,5.7,7.0,145,8,8.6,55.0,6.4,1037.0,0,80.4,"Attention to detail,Mentoring,Teamwork",Led successful project delivery,"Creativity,Reliability","Documentation,Delegation","Work-life balance,Time estimation",Mentor 2 junior engineers,,Monitor workload closely,False,True,,False,"Leadership,Communication",Exceeds Expectations,2025-10-31 09:29:45,2024-09-24 11:35:36,Shows great initiative and proactive problem-solving.,10.0,"Reliable team member, communicates clearly.",Ready in 6-12 months,,3000,,2024-06-04,True
REV285,EMP062,EMP134,2024-04-18,2024-07-17,2024-08-06,Quarterly,83.6,80.7,4.5,4.7,7.9,7.9,8.6,6.9,8.7,7.0,8.8,7.2,5.9,8.5,7.7,139,7,7.1,84.6,0.8,801.0,11.0,80.3,"Mentoring,Problem solving,Initiative",Improved system performance by 40%,,"Time estimation,Stakeholder communication","Process adherence,Work-life balance",Complete cloud certification,Consistent and reliable,Monitor workload closely,True,False,11.4,True,,Unsatisfactory,2025-03-23 15:43:38,2024-05-29 16:51:12,Consistently delivers quality work under pressure.,6.9,"Strong technical contributor, could improve on sharing knowledge.",Ready in 6-12 months,11.4,3000,"Data Analysis,AWS Certification",2024-11-04,True
REV286,EMP113,EMP067,2023-08-31,2023-11-29,2023-12-12,Quarterly,66.9,68.5,3.0,5.2,8.3,6.8,7.4,5.2,6.6,6.4,5.8,5.1,7.8,5.5,8.9,47,8,6.4,70.3,-21.6,799.0,54.0,80.0,"Communication,Creativity,Mentoring",Mentored junior team members,"Initiative,Communication","Process adherence,Time estimation","Delegation,Process adherence",Improve presentation skills,Excellent contribution to team,Monitor workload closely,False,False,,False,,Meets Expectations,2025-09-28 11:29:40,2025-03-16 09:57:24,Excellent contribution to team goals this period.,5.7,"Great collaborator, always willing to help others.",Not Ready,0.0,7500,,2024-03-11,True
REV287,EMP185,EMP162,2025-05-16,2025-08-14,2025-08-19,Probationary,100,95.4,4.2,2.7,7.5,6.0,9.0,8.7,6.1,8.3,5.9,6.0,8.0,10,6.8,80,5,6.2,80.8,4.5,1219.0,18.0,86.0,"Mentoring,Attention to detail,Problem solving",Led successful project delivery,,"Time estimation,Stakeholder communication","Work-life balance,Stakeholder communication",Improve presentation skills,Areas for growth identified,Enroll in leadership training,False,False,3.0,False,,Exceeds Expectations,2023-09-24 12:56:38,2026-01-18 08:09:45,Strong performer with clear leadership potential.,5.6,"Strong technical contributor, could improve on sharing knowledge.",Ready in 6-12 months,3.0,,"Project Management,AWS Certification",2026-02-15,False
REV288,EMP113,EMP020,2023-05-05,2023-08-03,2023-09-02,Quarterly,73.2,69.6,2.9,8.0,8.3,6.5,7.5,8.0,5.8,6.9,4.7,6.2,7.5,9.3,7.4,53,5,6.8,62.7,7.2,1068.0,54.0,93.7,"Mentoring,Leadership,Teamwork",Mentored junior team members,"Problem solving,Time management","Time estimation,Process adherence","Work-life balance,Stakeholder communication",,,Enroll in leadership training,True,False,12.9,False,"Project Management,Communication",Meets Expectations,2024-10-29 09:28:17,2026-01-30 11:15:07,Needs to improve on documentation and communication.,7.5,"Reliable team member, communicates clearly.",Not Ready,12.9,,"Conflict Resolution,AWS Certification",2023-12-01,True
REV289,EMP001,EMP191,2024-02-16,2024-05-16,2024-06-14,Annual,78.4,78.9,6.5,5.1,7.2,5.1,6.3,6.5,6.6,6.7,3.5,4.8,7.9,8.6,8.1,46,8,7.8,63.5,13.0,1104.0,22.0,95.0,"Adaptability,Reliability,Communication",,"Problem solving,Creativity","Process adherence,Work-life balance","Delegation,Time estimation",Mentor 2 junior engineers,Areas for growth identified,Enroll in leadership training,False,True,,True,"Project Management,Technical Skills",Below Expectations,2025-05-14 09:45:02,2025-03-05 16:44:20,Shows great initiative and proactive problem-solving.,5.8,"Delivers consistently, sometimes misses deadlines.",Ready in 6-12 months,3.0,,Data Analysis,2025-06-14,False
REV290,EMP073,EMP031,2023-08-25,2024-02-21,2024-03-19,Project-based,49.7,47.7,10,8.9,7.8,7.1,8.4,4.9,6.4,7.7,7.2,6.8,7.6,6.9,8.7,51,2,5.7,76.0,0.3,1010.0,40.0,90.0,"Creativity,Technical expertise,Attention to detail",Mentored junior team members,"Attention to detail,Mentoring","Time estimation,Stakeholder communication","Documentation,Time estimation",Lead a cross-functional project,Areas for growth identified,Recommend for promotion,False,False,7.7,True,"Project Management,Leadership",Unsatisfactory,2023-10-16 18:09:17,2025-10-25 13:47:56,Consistently delivers quality work under pressure.,6.8,"Reliable team member, communicates clearly.",Not Ready,7.7,,"Project Management,Scrum Master",2024-09-15,False
REV291,EMP019,EMP100,2025-03-06,2025-06-04,2025-06-26,Annual,84.0,87.4,4.1,2.0,8.1,6.6,7.2,7.2,7.2,7.6,5.5,8.7,7.2,8.3,7.0,63,2,7.6,80.0,-3.9,840.0,35.0,95.2,"Initiative,Teamwork,Adaptability",Improved system performance by 40%,,"Work-life balance,Delegation","Public speaking,Delegation",Complete cloud certification,Excellent contribution to team,Monitor workload closely,False,False,,True,"Technical Skills,Project Management",Meets Expectations,2024-11-07 13:23:31,2025-10-22 11:01:45,Needs to improve on documentation and communication.,7.5,"Great collaborator, always willing to help others.",Ready in 6-12 months,10.0,2000,Scrum Master,2026-06-26,False
REV292,EMP024,EMP164,2023-07-04,2023-12-31,2024-01-27,Probationary,38.1,36.3,5.7,4.2,8.7,5.7,9.0,7.8,8.2,10,4.0,6.2,6.6,6.1,5.3,36,8,6.7,90.9,-11.7,1173.0,45.0,70.9,"Time management,Problem solving,Creativity",Mentored junior team members,,"Testing coverage,Public speaking","Documentation,Testing coverage",Lead a cross-functional project,Shows great potential,Monitor workload closely,False,False,,True,"Leadership,Technical Skills",Unsatisfactory,2024-06-01 18:53:42,2024-05-11 10:57:13,Shows great initiative and proactive problem-solving.,8.1,"Reliable team member, communicates clearly.",Not Ready,3.0,0,"Scrum Master,Python Advanced,Design Thinking",2024-07-25,True
REV293,EMP191,EMP158,2025-05-25,2025-08-23,2025-09-19,Annual,53.4,54.7,6.5,5.8,7.1,4.9,8.0,7.1,7.7,8.2,2,9.0,6.1,6.4,6.0,79,5,7.8,87.2,-1.5,1428.0,6.0,74.9,"Reliability,Creativity,Leadership",Led successful project delivery,,"Stakeholder communication,Process adherence","Process adherence,Documentation",Lead a cross-functional project,,Enroll in leadership training,False,False,,True,,Exceptional,2024-02-26 10:32:38,2025-01-01 11:25:41,Shows great initiative and proactive problem-solving.,6.8,"Reliable team member, communicates clearly.",Not Ready,10.0,,,2026-09-19,False
REV294,EMP144,EMP014,2023-07-29,2024-01-25,2024-02-22,Project-based,89.7,91.9,4.7,4.2,6.3,6.8,8.4,9.9,7.8,7.6,2,4.8,6.0,6.2,6.4,89,5,6.4,100,9.4,964.0,75.0,86.5,"Mentoring,Creativity,Initiative",Improved system performance by 40%,"Teamwork,Mentoring","Time estimation,Delegation","Work-life balance,Process adherence",Complete cloud certification,Areas for growth identified,Enroll in leadership training,False,False,,True,"Communication,Leadership",Exceptional,2024-01-14 12:06:14,2025-10-26 15:07:20,Shows great initiative and proactive problem-solving.,5.4,"Delivers consistently, sometimes misses deadlines.",Ready in 6-12 months,10.0,1000,Python Advanced,2024-08-20,True
REV295,EMP064,EMP189,2023-09-15,2023-12-14,2024-01-06,Annual,45.0,44.6,8.5,3.6,7.2,7.8,5.8,7.1,4.0,6.4,7.6,6.6,6.6,8.2,8.5,55,1,6.8,82.1,-20.7,779.0,78.0,76.8,"Mentoring,Initiative,Reliability",Led successful project delivery,"Communication,Problem solving","Documentation,Testing coverage","Public speaking,Process adherence",Complete cloud certification,Areas for growth identified,Recommend for promotion,True,False,,True,"Technical Skills,Communication",Unsatisfactory,2025-07-21 12:49:58,2026-01-30 10:51:40,Needs to improve on documentation and communication.,10.0,"Great collaborator, always willing to help others.",Not Ready,7.0,5000,"Conflict Resolution,AWS Certification",2025-01-05,False
REV296,EMP184,EMP115,2023-03-26,2023-06-24,2023-07-11,Project-based,82.3,85.8,4.6,4.2,7.7,7.4,7.8,6.5,5.6,5.2,2.3,7.0,6.9,10,7.6,141,1,8.9,100,7.4,1090.0,8.0,81.4,"Adaptability,Problem solving,Technical expertise",Automated key workflows,,"Delegation,Public speaking","Stakeholder communication,Testing coverage",Mentor 2 junior engineers,,Monitor workload closely,False,False,,True,,Below Expectations,2023-08-30 18:48:14,2024-12-23 09:44:30,"Good overall performance, room to grow in technical depth.",7.6,"Delivers consistently, sometimes misses deadlines.",Ready in 6-12 months,15.0,2000,,2024-01-07,False
REV297,EMP124,EMP148,2023-10-24,2024-04-21,2024-05-21,Project-based,77.1,75.8,5.4,8.0,7.8,4.9,6.7,8.7,8.3,7.2,5.5,6.3,6.9,6.9,6.9,115,1,9.8,71.8,15.6,1218.0,18.0,80.8,"Leadership,Teamwork,Mentoring",Improved system performance by 40%,,"Testing coverage,Documentation","Work-life balance,Public speaking",Complete cloud certification,Strong performance this period,,False,True,,True,"Project Management,Technical Skills",Exceeds Expectations,2024-07-19 10:12:42,2024-11-10 12:07:13,Shows great initiative and proactive problem-solving.,9.2,"Positive energy, great team player.",Ready in 6-12 months,,,"Communication Skills,AWS Certification",2024-11-17,False
REV298,EMP049,EMP005,2024-09-04,2025-03-03,2025-03-29,Probationary,52.5,52.6,8.2,9.9,4.8,4.8,5.7,7.1,5.7,5.4,8.9,6.6,7.0,10,8.4,107,3,7.3,86.2,-9.2,861.0,59.0,87.6,"Attention to detail,Technical expertise,Reliability",,"Time management,Leadership","Documentation,Delegation","Process adherence,Public speaking",Mentor 2 junior engineers,Excellent contribution to team,Enroll in leadership training,False,False,,True,"Leadership,Project Management",Exceptional,2023-11-29 10:13:22,2026-02-23 16:23:30,"Good overall performance, room to grow in technical depth.",7.6,"Delivers consistently, sometimes misses deadlines.",Not Ready,3.0,,Design Thinking,2025-09-25,True
REV299,EMP188,EMP051,2025-01-30,2025-07-29,2025-08-25,Quarterly,55.7,56.4,6.9,5.8,8.1,7.1,7.9,5.7,3.3,7.0,5.5,7.9,5.1,7.5,7.7,112,1,6.6,55.3,20.9,894.0,12.0,89.8,"Attention to detail,Leadership,Problem solving",Mentored junior team members,"Communication,Teamwork","Stakeholder communication,Testing coverage","Work-life balance,Time estimation",Mentor 2 junior engineers,Areas for growth identified,Monitor workload closely,False,False,,True,"Technical Skills,Communication",Below Expectations,2023-10-15 09:08:46,2024-10-10 08:12:55,"Good overall performance, room to grow in technical depth.",7.8,"Strong technical contributor, could improve on sharing knowledge.",Not Ready,,2000,"Scrum Master,AWS Certification,Communication Skills",2025-11-23,True
REV300,EMP173,EMP042,2024-09-06,2025-03-05,2025-04-01,Probationary,77.2,81.1,5.0,9.4,7.2,7.9,9.3,6.2,6.2,9.8,7.2,6.7,8.6,6.5,6.4,80,7,7.3,99.5,2.9,1000.0,44.0,99.5,"Creativity,Teamwork,Communication",Mentored junior team members,"Leadership,Time management","Work-life balance,Documentation","Time estimation,Testing coverage",Improve presentation skills,,Recommend for promotion,False,False,,False,"Leadership,Technical Skills",Below Expectations,2024-02-15 13:46:49,2025-03-25 15:55:03,"Good overall performance, room to grow in technical depth.",9.4,"Great collaborator, always willing to help others.",Ready in 6-12 months,3.0,7500,,2025-09-28,False
REV301,EMP116,EMP169,2023-03-15,2023-09-11,2023-09-23,Quarterly,68.8,70.1,5.2,7.5,8.5,5.5,7.2,5.6,5.5,7.2,6.6,5.6,6.7,7.5,6.8,23,4,7.6,78.4,10.1,757.0,20.0,76.6,"Attention to detail,Initiative,Creativity",Led successful project delivery,"Reliability,Problem solving","Testing coverage,Documentation","Stakeholder communication,Public speaking",Mentor 2 junior engineers,Strong performance this period,Monitor workload closely,False,False,15.0,False,,Exceptional,2024-05-09 09:40:57,2025-06-18 16:42:36,Excellent contribution to team goals this period.,10.0,"Delivers consistently, sometimes misses deadlines.",Not Ready,15.0,,Data Analysis,2023-12-22,True
REV302,EMP006,EMP080,2023-04-20,2023-07-19,2023-08-07,Quarterly,76.0,74.4,7.5,3.5,6.7,5.7,7.5,6.2,6.2,4.9,6.8,6.4,6.9,8.1,6.1,100,5,7.2,86.3,1.8,750.0,65.0,91.8,"Communication,Initiative,Technical expertise",Automated key workflows,,"Public speaking,Testing coverage","Stakeholder communication,Delegation",Lead a cross-functional project,Excellent contribution to team,Enroll in leadership training,False,False,,False,,Unsatisfactory,2024-05-15 12:41:24,2026-01-27 12:42:46,Strong performer with clear leadership potential.,5.9,"Positive energy, great team player.",Ready in 6-12 months,7.0,2000,"Leadership Training,Project Management",2023-11-05,False
REV303,EMP178,EMP016,2024-02-17,2024-08-15,2024-09-11,Quarterly,75.8,77.1,6.2,3.7,8.1,7.5,9.1,4.2,7.4,8.5,2.9,6.6,5.4,8.6,7.4,101,1,5.9,64.9,-10.9,1137.0,35.0,86.7,"Attention to detail,Initiative,Leadership",Automated key workflows,"Reliability,Time management","Time estimation,Documentation","Work-life balance,Time estimation",Lead a cross-functional project,Strong performance this period,Assign stretch projects,False,True,3.1,True,"Technical Skills,Communication",Exceptional,2024-06-04 18:21:55,2025-02-20 15:25:39,Consistently delivers quality work under pressure.,6.9,"Delivers consistently, sometimes misses deadlines.",Ready in 6-12 months,3.1,,AWS Certification,2024-12-10,False
REV304,EMP112,EMP058,2024-06-04,2024-09-02,2024-09-07,Annual,51.1,49.0,7.0,5.8,5.2,7.2,7.2,8.1,3.7,8.1,3.7,4.7,7.4,6.5,5.3,124,1,6.4,84.3,-17.0,998.0,33.0,89.5,"Teamwork,Creativity,Time management",Led successful project delivery,"Initiative,Mentoring","Time estimation,Testing coverage","Process adherence,Delegation",Complete cloud certification,Areas for growth identified,,True,False,5.7,True,,Unsatisfactory,2024-12-20 11:55:51,2025-01-13 13:12:00,Strong performer with clear leadership potential.,6.1,"Positive energy, great team player.",Not Ready,5.7,10000,Data Analysis,2025-09-07,True
REV305,EMP116,EMP036,2024-02-19,2024-05-19,2024-06-17,Probationary,78.3,76.8,4.7,5.4,7.8,6.3,7.1,7.1,5.0,9.4,5.1,7.4,9.3,7.5,9.0,20,5,7.8,94.3,-7.2,1236.0,68.0,99.8,"Creativity,Problem solving,Teamwork",Mentored junior team members,"Teamwork,Technical expertise","Documentation,Delegation","Testing coverage,Work-life balance",Complete cloud certification,Consistent and reliable,Recommend for promotion,False,True,,True,"Technical Skills,Project Management",Meets Expectations,2024-02-11 16:43:29,2025-12-03 14:10:11,"Good overall performance, room to grow in technical depth.",6.2,"Delivers consistently, sometimes misses deadlines.",Ready in 6-12 months,15.0,10000,Leadership Training,2024-12-14,False
REV306,EMP070,EMP076,2023-03-18,2023-09-14,2023-09-25,Annual,86.2,88.4,7.6,5.9,7.3,7.1,6.3,7.1,6.5,10,2,6.3,7.5,7.2,7.0,20,2,6.9,96.0,13.3,1011.0,0,98.8,"Creativity,Time management,Problem solving",,,"Public speaking,Work-life balance","Testing coverage,Delegation",Mentor 2 junior engineers,,Assign stretch projects,True,True,,True,,Unsatisfactory,2025-01-30 12:15:13,2026-02-12 10:17:53,Strong performer with clear leadership potential.,7.5,"Strong technical contributor, could improve on sharing knowledge.",Ready Now,0.0,2000,"Project Management,Conflict Resolution",2024-09-24,False
REV307,EMP154,EMP061,2025-01-29,2025-07-28,2025-08-27,Quarterly,64.5,66.5,4.7,5.3,8.7,9.2,7.6,6.3,7.9,7.7,4.0,6.6,7.7,7.9,8.1,81,5,9.4,82.4,-7.4,983.0,37.0,79.5,"Teamwork,Creativity,Problem solving",Automated key workflows,,"Documentation,Time estimation","Testing coverage,Stakeholder communication",,Shows great potential,Recommend for promotion,False,True,,False,"Technical Skills,Project Management",Unsatisfactory,2026-01-10 16:43:51,2025-08-12 18:36:54,Excellent contribution to team goals this period.,7.5,"Great collaborator, always willing to help others.",Not Ready,,,Communication Skills,2025-11-25,True
REV308,EMP192,EMP069,2024-11-12,2025-02-10,2025-02-21,Annual,69.2,69.9,4.7,2.5,10,8.8,5.7,6.5,3.1,7.8,5.5,6.6,8.6,7.9,7.2,29,2,8.7,78.1,10.7,1069.0,38.0,92.5,"Teamwork,Initiative,Mentoring",,,"Process adherence,Time estimation","Public speaking,Process adherence",Improve presentation skills,Excellent contribution to team,Assign stretch projects,False,False,,False,"Leadership,Technical Skills",Meets Expectations,2023-12-16 10:40:22,2024-02-19 14:59:37,Excellent contribution to team goals this period.,6.4,"Delivers consistently, sometimes misses deadlines.",Not Ready,,,"Leadership Training,Scrum Master",2026-02-21,True
REV309,EMP046,EMP108,2024-01-24,2024-07-22,2024-08-17,Annual,79.0,76.8,5.9,6.3,8.5,9.0,5.8,9.2,6.5,7.2,5.7,5.7,7.8,7.0,7.3,68,2,6.5,85.2,-29.3,788.0,3.0,98.0,"Creativity,Problem solving,Mentoring",Led successful project delivery,,"Public speaking,Time estimation","Stakeholder communication,Public speaking",Improve presentation skills,Areas for growth identified,Enroll in leadership training,False,False,,True,,Exceeds Expectations,2025-10-26 09:28:58,2025-03-08 08:38:33,Consistently delivers quality work under pressure.,7.3,"Great collaborator, always willing to help others.",Ready in 6-12 months,,0,,2025-08-17,False
REV310,EMP095,EMP073,2025-03-13,2025-09-09,2025-10-06,Annual,74.6,75.6,6.0,5.9,7.5,6.7,7.1,9.6,6.4,8.3,7.3,8.8,6.9,8.4,7.8,85,8,5.2,100,30.7,1092.0,44.0,68.4,"Teamwork,Technical expertise,Mentoring",Automated key workflows,"Creativity,Teamwork","Process adherence,Time estimation","Time estimation,Work-life balance",Lead a cross-functional project,Strong performance this period,Enroll in leadership training,False,True,8.5,True,,Exceeds Expectations,2024-08-25 13:00:17,2025-07-04 17:15:59,Shows great initiative and proactive problem-solving.,7.8,"Great collaborator, always willing to help others.",Not Ready,8.5,,"AWS Certification,Project Management,Scrum Master",2026-10-06,False
REV311,EMP008,EMP049,2023-08-20,2023-11-18,2023-12-15,Quarterly,80.3,77.3,6.4,8.0,6.9,6.8,7.3,6.2,7.0,6.3,4.9,6.1,7.0,8.3,5.1,36,6,8.5,90.6,-5.6,761.0,28.0,81.2,"Adaptability,Mentoring,Creativity",Led successful project delivery,"Problem solving,Mentoring","Stakeholder communication,Delegation","Time estimation,Delegation",Lead a cross-functional project,Excellent contribution to team,Assign stretch projects,True,False,,True,,Unsatisfactory,2025-04-06 10:12:11,2025-07-30 17:35:07,Consistently delivers quality work under pressure.,7.7,"Positive energy, great team player.",Ready in 6-12 months,3.0,10000,Agile Course,2024-03-14,False
REV312,EMP042,EMP124,2023-05-14,2023-11-10,2023-11-30,Annual,57.3,57.5,4.6,5.1,10,3.9,8.4,6.4,5.0,6.8,2,8.0,5.3,7.8,8.1,22,2,6.9,88.2,13.4,885.0,36.0,90.9,"Reliability,Communication,Teamwork",Led successful project delivery,"Attention to detail,Mentoring","Stakeholder communication,Testing coverage","Documentation,Process adherence",Mentor 2 junior engineers,Shows great potential,Recommend for promotion,True,False,8.5,True,"Project Management,Technical Skills",Below Expectations,2025-12-26 10:46:41,2025-11-23 08:40:35,Shows great initiative and proactive problem-solving.,7.2,"Great collaborator, always willing to help others.",Not Ready,8.5,10000,"Project Management,Data Analysis,Scrum Master",2024-11-29,False
REV313,EMP131,EMP026,2023-03-12,2023-06-10,2023-06-15,Annual,53.9,54.4,6.1,3.5,8.8,8.0,6.3,7.8,7.6,6.6,2.4,7.5,6.2,9.1,6.0,70,7,8.0,91.9,-13.0,1187.0,43.0,87.6,"Mentoring,Attention to detail,Problem solving",Led successful project delivery,"Communication,Creativity","Public speaking,Testing coverage","Documentation,Delegation",Complete cloud certification,Consistent and reliable,Assign stretch projects,False,False,,True,,Below Expectations,2025-12-21 16:57:30,2025-01-18 14:29:24,Needs to improve on documentation and communication.,9.6,"Reliable team member, communicates clearly.",Not Ready,0.0,2000,"Agile Course,Scrum Master,Communication Skills",2024-06-14,True
REV314,EMP039,EMP156,2025-03-05,2025-06-03,2025-06-27,Probationary,77.7,80.3,4.8,6.7,7.0,4.3,9.0,8.3,5.7,7.7,4.9,7.2,7.3,7.9,7.3,92,2,7.7,81.1,3.3,864.0,49.0,86.3,"Adaptability,Creativity,Mentoring",Automated key workflows,,"Time estimation,Public speaking","Testing coverage,Stakeholder communication",Improve presentation skills,Consistent and reliable,Recommend for promotion,False,False,12.4,True,"Technical Skills,Project Management",Unsatisfactory,2025-10-20 16:31:51,2025-05-17 16:18:27,Consistently delivers quality work under pressure.,8.4,"Delivers consistently, sometimes misses deadlines.",Ready in 6-12 months,12.4,,,2025-12-24,False
REV315,EMP087,EMP038,2024-02-28,2024-05-28,2024-06-12,Quarterly,73.2,76.3,8.0,6.7,5.4,7.5,7.3,5.3,8.5,4.8,7.4,6.3,7.6,7.6,7.5,89,3,7.4,92.9,3.5,959.0,32.0,88.4,"Time management,Adaptability,Communication",Led successful project delivery,"Adaptability,Communication","Time estimation,Delegation","Process adherence,Time estimation",,Strong performance this period,Recommend for promotion,False,True,8.2,False,"Leadership,Technical Skills",Below Expectations,2026-01-07 13:30:08,2026-02-20 13:22:13,Strong performer with clear leadership potential.,6.6,"Great collaborator, always willing to help others.",Not Ready,8.2,2000,"Data Analysis,Design Thinking",2024-09-10,False
REV316,EMP099,EMP046,2023-10-14,2024-01-12,2024-02-11,Quarterly,79.5,76.8,5.9,3.8,7.3,6.9,7.1,8.9,7.7,6.5,2.4,5.3,5.9,7.3,7.9,143,1,8.5,78.6,-6.5,1031.0,8.0,98.5,"Problem solving,Reliability,Leadership",Improved system performance by 40%,,"Testing coverage,Delegation","Delegation,Public speaking",Improve presentation skills,Consistent and reliable,Assign stretch projects,False,False,,False,,Below Expectations,2025-01-09 16:32:03,2025-12-30 16:20:40,Needs to improve on documentation and communication.,7.9,"Delivers consistently, sometimes misses deadlines.",Ready in 6-12 months,0.0,1000,"AWS Certification,Data Analysis,Python Advanced",2024-05-11,True
REV317,EMP160,EMP020,2023-01-28,2023-07-27,2023-08-10,Project-based,70.2,72.1,5.3,3.1,5.8,6.2,6.0,7.1,7.3,4.1,4.1,7.7,4.1,7.4,7.1,138,2,5.5,77.9,15.9,1000.0,8.0,66.1,"Initiative,Teamwork,Creativity",Automated key workflows,"Communication,Time management","Testing coverage,Documentation","Documentation,Testing coverage",Mentor 2 junior engineers,Shows great potential,Monitor workload closely,False,False,,True,"Project Management,Communication",Exceeds Expectations,2024-08-26 10:20:02,2025-08-29 12:01:32,Needs to improve on documentation and communication.,6.6,"Delivers consistently, sometimes misses deadlines.",Not Ready,3.0,,,2024-02-06,True
REV318,EMP020,EMP031,2023-07-05,2023-10-03,2023-10-13,Quarterly,54.2,53.2,7.5,4.9,8.8,6.4,6.9,7.7,6.3,4.7,6.1,5.1,5.9,7.0,5.8,22,2,7.7,79.3,3.3,948.0,0,84.0,"Attention to detail,Technical expertise,Communication",Improved system performance by 40%,"Creativity,Teamwork","Stakeholder communication,Delegation","Documentation,Work-life balance",,Areas for growth identified,Recommend for promotion,False,False,,True,"Technical Skills,Leadership",Below Expectations,2023-08-03 09:26:47,2025-05-16 08:25:58,Shows great initiative and proactive problem-solving.,6.3,"Delivers consistently, sometimes misses deadlines.",Not Ready,,0,"Agile Course,AWS Certification",2024-01-11,False
REV319,EMP157,EMP125,2024-08-03,2024-11-01,2024-11-28,Probationary,85.9,88.6,5.3,7.8,5.1,9.9,6.3,7.9,6.5,9.1,4.9,5.7,6.9,7.9,4.9,82,3,8.6,77.7,11.9,934.0,41.0,84.2,"Time management,Mentoring,Technical expertise",Automated key workflows,,"Stakeholder communication,Documentation","Public speaking,Process adherence",Complete cloud certification,Shows great potential,Recommend for promotion,False,False,,False,"Communication,Technical Skills",Below Expectations,2024-10-15 16:11:59,2024-04-06 12:54:11,"Good overall performance, room to grow in technical depth.",9.6,"Strong technical contributor, could improve on sharing knowledge.",Ready in 6-12 months,,5000,Leadership Training,2025-05-27,False
REV320,EMP043,EMP132,2024-04-01,2024-06-30,2024-07-17,Probationary,84.8,82.2,6.5,6.3,8.8,7.1,6.5,7.4,5.9,5.7,5.0,6.9,6.6,6.4,5.5,54,8,8.9,78.4,-21.9,1004.0,36.0,85.8,"Attention to detail,Adaptability,Creativity",Led successful project delivery,"Mentoring,Leadership","Documentation,Delegation","Delegation,Public speaking",Mentor 2 junior engineers,Consistent and reliable,Enroll in leadership training,True,False,,False,"Project Management,Leadership",Exceeds Expectations,2024-02-29 18:43:51,2026-02-24 15:49:50,"Good overall performance, room to grow in technical depth.",8.3,"Delivers consistently, sometimes misses deadlines.",Ready in 6-12 months,,5000,,2025-01-13,True
REV321,EMP198,EMP109,2023-11-13,2024-05-11,2024-05-23,Annual,80.4,77.1,5.1,4.2,8.6,5.3,7.9,9.0,6.7,6.7,6.2,4.4,6.6,7.2,7.1,77,6,10,73.1,-6.1,1214.0,25.0,95.4,"Communication,Initiative,Creativity",,"Creativity,Communication","Work-life balance,Public speaking","Work-life balance,Time estimation",Improve presentation skills,Excellent contribution to team,Recommend for promotion,False,False,7.3,False,"Project Management,Communication",Unsatisfactory,2023-10-27 14:51:48,2024-09-20 15:16:12,Consistently delivers quality work under pressure.,8.3,"Positive energy, great team player.",Ready in 6-12 months,7.3,5000,,2025-05-23,False
REV322,EMP162,EMP046,2023-04-11,2023-07-10,2023-07-19,Project-based,32.6,32.8,7.0,4.7,6.2,6.4,7.3,8.9,5.9,8.6,7.2,4.6,8.8,9.3,5.3,130,6,6.3,91.1,-2.8,1084.0,48.0,93.0,"Teamwork,Attention to detail,Adaptability",Mentored junior team members,,"Documentation,Testing coverage","Documentation,Time estimation",Improve presentation skills,Excellent contribution to team,Monitor workload closely,False,False,8.5,True,,Exceptional,2023-08-17 16:57:09,2025-01-03 13:50:30,Consistently delivers quality work under pressure.,7.3,"Delivers consistently, sometimes misses deadlines.",Not Ready,8.5,0,"Communication Skills,Leadership Training",2024-01-15,True
REV323,EMP077,EMP112,2024-07-13,2025-01-09,2025-02-01,Project-based,60.2,61.9,4.0,6.0,8.3,5.3,6.1,7.3,4.5,7.8,4.8,8.5,7.3,8.6,6.1,105,1,6.0,64.9,-0.8,776.0,39.0,92.9,"Creativity,Time management,Adaptability",Mentored junior team members,"Communication,Attention to detail","Process adherence,Documentation","Public speaking,Time estimation",Lead a cross-functional project,Excellent contribution to team,Monitor workload closely,False,False,,True,,Exceeds Expectations,2025-07-02 10:11:34,2025-08-17 17:57:42,"Good overall performance, room to grow in technical depth.",8.8,"Reliable team member, communicates clearly.",Not Ready,,10000,"Conflict Resolution,Python Advanced",2025-07-31,True
REV324,EMP188,EMP020,2023-12-05,2024-03-04,2024-03-20,Project-based,72.9,74.9,7.7,5.7,6.8,9.6,9.8,8.5,3.8,7.2,5.4,4.9,6.8,4.3,7.8,101,2,6.0,100,-8.3,1090.0,18.0,73.6,"Time management,Technical expertise,Teamwork",Automated key workflows,"Mentoring,Attention to detail","Work-life balance,Testing coverage","Process adherence,Public speaking",,Shows great potential,Enroll in leadership training,True,False,8.5,False,"Leadership,Project Management",Exceeds Expectations,2025-06-27 09:51:47,2025-11-02 09:23:17,"Good overall performance, room to grow in technical depth.",7.5,"Strong technical contributor, could improve on sharing knowledge.",Not Ready,8.5,,,2024-09-16,False
REV325,EMP042,EMP170,2023-05-24,2023-11-20,2023-12-06,Quarterly,75.4,73.0,4.1,4.7,7.4,6.8,6.7,6.8,7.1,7.2,2.8,6.1,7.4,7.2,7.3,49,5,8.4,86.2,7.1,710.0,70.0,79.8,"Adaptability,Leadership,Time management",Mentored junior team members,,"Time estimation,Work-life balance","Public speaking,Process adherence",,Shows great potential,Monitor workload closely,False,True,,True,,Unsatisfactory,2025-03-10 12:00:10,2026-01-02 17:40:50,Needs to improve on documentation and communication.,6.2,"Reliable team member, communicates clearly.",Ready in 6-12 months,3.0,1000,"Python Advanced,Data Analysis",2024-03-05,True
REV326,EMP024,EMP169,2025-01-06,2025-07-05,2025-07-17,Project-based,57.7,56.1,6.1,5.0,8.5,7.2,7.6,7.4,9.2,6.4,4.3,6.3,7.7,7.7,8.2,122,1,6.6,82.2,-4.9,875.0,33.0,97.0,"Leadership,Teamwork,Time management",Automated key workflows,,"Time estimation,Process adherence","Process adherence,Testing coverage",Lead a cross-functional project,Shows great potential,Enroll in leadership training,False,False,11.2,True,,Unsatisfactory,2025-12-01 16:07:28,2025-02-08 12:03:07,Needs to improve on documentation and communication.,4.9,"Strong technical contributor, could improve on sharing knowledge.",Not Ready,11.2,0,,2026-01-13,True
REV327,EMP069,EMP045,2023-07-13,2023-10-11,2023-10-23,Annual,71.2,74.5,7.3,7.7,5.7,5.2,8.1,6.2,7.5,8.9,8.7,6.7,7.8,7.3,5.6,110,4,9.1,81.2,11.1,1008.0,26.0,77.1,"Communication,Mentoring,Time management",Improved system performance by 40%,"Time management,Leadership","Process adherence,Delegation","Testing coverage,Time estimation",Mentor 2 junior engineers,Shows great potential,Monitor workload closely,True,True,13.9,False,,Exceeds Expectations,2023-10-01 08:09:57,2024-05-04 17:53:20,Needs to improve on documentation and communication.,6.9,"Delivers consistently, sometimes misses deadlines.",Not Ready,13.9,0,Communication Skills,2024-10-22,False
REV328,EMP189,EMP143,2023-11-20,2024-05-18,2024-06-15,Quarterly,91.9,89.7,5.1,4.1,6.9,6.1,8.4,7.1,4.2,5.5,4.6,7.2,8.0,7.4,6.3,22,2,6.1,70.8,-16.0,930.0,72.0,90.5,"Time management,Initiative,Leadership",Improved system performance by 40%,"Creativity,Problem solving","Testing coverage,Work-life balance","Delegation,Stakeholder communication",Improve presentation skills,Areas for growth identified,Monitor workload closely,False,False,,True,"Project Management,Technical Skills",Exceptional,2024-06-18 12:00:44,2024-04-28 08:53:20,Shows great initiative and proactive problem-solving.,9.0,"Delivers consistently, sometimes misses deadlines.",Ready in 6-12 months,10.0,,"Scrum Master,Project Management",2024-09-13,False
REV329,EMP191,EMP067,2024-09-14,2024-12-13,2025-01-07,Probationary,56.4,54.8,5.9,6.3,4.8,8.1,8.2,6.3,7.0,8.1,4.2,8.0,5.7,8.0,8.2,105,8,9.2,85.3,7.7,781.0,28.0,88.8,"Creativity,Mentoring,Reliability",Mentored junior team members,"Leadership,Mentoring","Testing coverage,Delegation","Process adherence,Public speaking",Lead a cross-functional project,Consistent and reliable,Recommend for promotion,False,False,,False,"Technical Skills,Leadership",Exceptional,2023-06-11 17:23:56,2025-09-28 08:38:01,Strong performer with clear leadership potential.,6.9,"Strong technical contributor, could improve on sharing knowledge.",Not Ready,3.0,,AWS Certification,2025-07-06,False
REV330,EMP022,EMP098,2024-12-28,2025-03-28,2025-04-16,Annual,56.8,58.2,8.2,4.9,8.0,4.5,8.6,7.0,5.7,4.9,7.8,6.0,8.5,7.1,9.6,110,1,6.4,96.2,-13.7,1063.0,31.0,86.2,"Adaptability,Attention to detail,Time management",Automated key workflows,"Adaptability,Reliability","Process adherence,Stakeholder communication","Delegation,Work-life balance",Mentor 2 junior engineers,Strong performance this period,Recommend for promotion,False,True,,False,,Exceeds Expectations,2024-05-31 17:59:39,2025-09-21 10:57:05,"Good overall performance, room to grow in technical depth.",7.7,"Strong technical contributor, could improve on sharing knowledge.",Not Ready,0.0,0,"Leadership Training,Design Thinking",2026-04-16,False
REV331,EMP156,EMP029,2025-05-08,2025-08-06,2025-09-01,Probationary,58.8,61.1,9.7,10,7.6,5.0,8.2,8.2,5.3,7.8,9.3,5.6,6.7,4.2,7.0,139,6,6.2,97.5,17.3,1186.0,6.0,72.0,"Attention to detail,Problem solving,Reliability",Led successful project delivery,"Teamwork,Time management","Stakeholder communication,Public speaking","Testing coverage,Stakeholder communication",Complete cloud certification,Consistent and reliable,Monitor workload closely,False,False,,True,,Unsatisfactory,2024-02-28 11:37:09,2024-12-07 17:07:47,Strong performer with clear leadership potential.,6.9,"Strong technical contributor, could improve on sharing knowledge.",Not Ready,3.0,,,2026-02-28,False
REV332,EMP199,EMP111,2023-11-06,2024-02-04,2024-02-21,Quarterly,63.8,64.9,6.3,3.8,4.6,6.5,7.4,7.0,9.1,4.7,5.9,7.8,6.8,8.7,6.8,134,4,7.5,82.6,17.8,846.0,20.0,79.9,"Technical expertise,Communication,Leadership",Mentored junior team members,"Initiative,Time management","Work-life balance,Documentation","Documentation,Time estimation",Mentor 2 junior engineers,Strong performance this period,Monitor workload closely,True,True,,False,"Communication,Technical Skills",Meets Expectations,2025-01-28 15:11:36,2024-10-09 13:46:27,Needs to improve on documentation and communication.,8.7,"Reliable team member, communicates clearly.",Not Ready,0.0,3000,AWS Certification,2024-05-21,False
REV333,EMP040,EMP142,2024-08-19,2024-11-17,2024-12-02,Project-based,56.2,54.0,3.5,2.0,8.4,8.1,6.5,8.3,5.7,8.4,5.3,6.2,7.1,8.2,5.4,26,7,7.5,73.3,1.1,814.0,5.0,96.0,"Time management,Technical expertise,Mentoring",Improved system performance by 40%,"Mentoring,Problem solving","Time estimation,Process adherence","Delegation,Work-life balance",Improve presentation skills,Consistent and reliable,Enroll in leadership training,False,False,5.8,True,,Exceeds Expectations,2025-04-24 18:24:06,2024-10-03 10:03:58,Needs to improve on documentation and communication.,3.9,"Strong technical contributor, could improve on sharing knowledge.",Not Ready,5.8,7500,"Leadership Training,Conflict Resolution",2025-05-31,False
REV334,EMP041,EMP092,2023-05-07,2023-11-03,2023-11-20,Quarterly,81.1,82.7,4.8,4.2,6.5,9.2,8.2,7.6,5.0,7.2,5.1,4.8,7.0,6.8,7.1,30,8,6.7,72.5,9.7,909.0,45.0,86.3,"Time management,Technical expertise,Creativity",Improved system performance by 40%,,"Public speaking,Testing coverage","Work-life balance,Documentation",Lead a cross-functional project,Excellent contribution to team,Monitor workload closely,True,False,,False,"Technical Skills,Leadership",Below Expectations,2025-10-04 17:54:40,2025-10-16 17:36:26,Excellent contribution to team goals this period.,10.0,"Positive energy, great team player.",Ready in 6-12 months,15.0,0,Data Analysis,2024-02-18,False
REV335,EMP146,EMP079,2024-02-16,2024-05-16,2024-05-28,Quarterly,71.8,74.3,8.1,9.3,7.0,5.8,8.1,9.0,5.9,8.4,7.4,6.4,4.0,6.1,7.2,45,4,5.5,66.8,0.4,1057.0,34.0,96.3,"Attention to detail,Reliability,Time management",Mentored junior team members,"Technical expertise,Time management","Testing coverage,Documentation","Documentation,Time estimation",Mentor 2 junior engineers,Shows great potential,,False,False,,False,,Meets Expectations,2024-09-14 12:38:18,2025-05-13 12:20:36,Shows great initiative and proactive problem-solving.,6.3,"Strong technical contributor, could improve on sharing knowledge.",Not Ready,10.0,5000,,2024-08-26,True
REV336,EMP069,EMP123,2023-03-31,2023-09-27,2023-10-24,Probationary,50.4,47.9,8.2,6.7,6.5,4.1,6.9,9.6,6.7,10,7.3,9.4,5.5,6.6,7.5,63,5,7.4,87.2,4.0,1033.0,0,109.5,"Problem solving,Attention to detail,Communication",Improved system performance by 40%,"Technical expertise,Time management","Stakeholder communication,Process adherence","Time estimation,Documentation",Mentor 2 junior engineers,Excellent contribution to team,Enroll in leadership training,True,False,13.7,True,"Leadership,Project Management",Unsatisfactory,2024-06-06 08:38:05,2025-05-04 10:10:55,Excellent contribution to team goals this period.,6.2,"Delivers consistently, sometimes misses deadlines.",Not Ready,13.7,5000,Project Management,2024-04-21,True
REV337,EMP057,EMP092,2025-05-09,2025-08-07,2025-08-18,Probationary,57.5,56.0,7.9,5.8,6.1,6.6,8.4,6.5,9.4,6.7,4.7,5.4,7.2,9.2,7.9,131,2,8.5,95.8,-9.7,1157.0,24.0,63.0,"Mentoring,Attention to detail,Communication",Automated key workflows,"Teamwork,Leadership","Public speaking,Time estimation","Public speaking,Process adherence",Improve presentation skills,,Monitor workload closely,False,False,,False,"Technical Skills,Communication",Meets Expectations,2025-01-05 16:30:13,2024-12-05 16:27:53,"Good overall performance, room to grow in technical depth.",7.8,"Great collaborator, always willing to help others.",Not Ready,,7500,,2026-02-14,False
REV338,EMP076,EMP177,2024-05-02,2024-07-31,2024-08-09,Annual,45.3,43.8,6.7,5.7,6.2,7.5,7.2,6.3,5.0,9.5,5.2,9.0,6.5,8.1,6.8,50,5,4.7,85.2,7.3,900.0,69.0,94.0,"Problem solving,Time management,Leadership",Led successful project delivery,,"Testing coverage,Public speaking","Time estimation,Testing coverage",Complete cloud certification,Consistent and reliable,Enroll in leadership training,False,True,8.4,True,"Communication,Project Management",Meets Expectations,2025-12-28 13:20:16,2024-02-05 08:03:53,Strong performer with clear leadership potential.,3.5,"Delivers consistently, sometimes misses deadlines.",Not Ready,8.4,,,2025-08-09,True
REV339,EMP135,EMP044,2023-10-09,2024-04-06,2024-05-05,Quarterly,69.5,71.3,3.8,6.0,7.5,8.4,8.0,5.7,9.8,6.3,5.7,6.7,5.0,9.2,7.8,54,6,7.3,81.8,1.7,978.0,35.0,93.6,"Problem solving,Communication,Mentoring",Automated key workflows,"Communication,Initiative","Testing coverage,Delegation","Stakeholder communication,Public speaking",Complete cloud certification,Consistent and reliable,Assign stretch projects,False,False,5.2,False,,Below Expectations,2023-10-08 14:17:05,2024-01-04 14:29:59,Needs to improve on documentation and communication.,8.5,"Strong technical contributor, could improve on sharing knowledge.",Not Ready,5.2,5000,"Agile Course,Python Advanced",2024-08-03,True
REV340,EMP066,EMP025,2023-07-02,2023-09-30,2023-10-30,Probationary,71.7,73.5,5.3,6.7,8.8,6.0,8.5,8.6,7.2,8.1,4.7,9.4,7.5,7.5,9.6,142,5,7.8,73.6,-27.0,1034.0,17.0,78.1,"Creativity,Technical expertise,Communication",Led successful project delivery,"Technical expertise,Creativity","Time estimation,Process adherence","Stakeholder communication,Process adherence",Lead a cross-functional project,Excellent contribution to team,,False,True,,False,"Leadership,Technical Skills",Meets Expectations,2026-01-28 10:24:58,2024-06-15 16:08:40,Needs to improve on documentation and communication.,8.3,"Reliable team member, communicates clearly.",Not Ready,0.0,10000,"Project Management,Conflict Resolution,Scrum Master",2024-04-27,True
REV341,EMP124,EMP184,2023-01-06,2023-07-05,2023-07-20,Probationary,58.1,60.4,4.7,6.7,6.1,7.0,7.3,7.0,7.7,5.0,5.8,7.1,9.3,8.2,9.9,39,3,7.4,100,0.5,1001.0,0,80.8,"Mentoring,Reliability,Teamwork",Automated key workflows,"Attention to detail,Technical expertise","Work-life balance,Documentation","Work-life balance,Testing coverage",Complete cloud certification,Consistent and reliable,Monitor workload closely,False,False,12.6,True,"Leadership,Communication",Meets Expectations,2025-11-19 17:25:47,2025-02-01 08:23:05,Strong performer with clear leadership potential.,7.9,"Great collaborator, always willing to help others.",Not Ready,12.6,1000,Leadership Training,2024-01-16,False
REV342,EMP013,EMP181,2024-04-21,2024-10-18,2024-10-23,Annual,69.6,69.8,6.1,4.1,6.7,6.8,7.0,6.9,7.7,7.3,2.2,6.1,9.2,8.2,7.5,28,1,4.8,89.9,-3.6,977.0,0,70.2,"Creativity,Leadership,Adaptability",Automated key workflows,"Problem solving,Time management","Stakeholder communication,Public speaking","Testing coverage,Stakeholder communication",Improve presentation skills,Excellent contribution to team,Monitor workload closely,False,True,,True,,Meets Expectations,2023-07-20 14:43:48,2024-06-08 13:57:22,"Good overall performance, room to grow in technical depth.",5.7,"Delivers consistently, sometimes misses deadlines.",Not Ready,0.0,0,,2025-10-23,False
REV343,EMP066,EMP161,2024-10-09,2025-04-07,2025-05-05,Project-based,75.2,72.9,7.5,6.2,7.1,7.1,9.3,6.3,7.2,7.6,5.8,7.8,6.0,7.6,4.1,56,7,8.5,78.3,-1.9,1218.0,39.0,95.4,"Leadership,Attention to detail,Reliability",Automated key workflows,"Communication,Time management","Delegation,Time estimation","Work-life balance,Delegation",,Excellent contribution to team,Monitor workload closely,True,False,,False,"Leadership,Communication",Meets Expectations,2024-11-27 13:11:46,2026-02-28 16:26:06,Consistently delivers quality work under pressure.,7.2,"Reliable team member, communicates clearly.",Ready in 6-12 months,3.0,,"AWS Certification,Design Thinking,Agile Course",2025-11-01,True
REV344,EMP037,EMP020,2025-01-26,2025-04-26,2025-05-14,Project-based,63.5,64.5,6.0,4.2,7.9,9.3,6.1,7.2,6.0,8.8,6.2,5.3,8.1,6.3,6.2,33,6,7.5,81.7,7.1,1082.0,10.0,74.3,"Technical expertise,Attention to detail,Teamwork",Automated key workflows,"Technical expertise,Adaptability","Public speaking,Testing coverage","Delegation,Testing coverage",Improve presentation skills,Areas for growth identified,Monitor workload closely,False,True,,True,,Meets Expectations,2024-09-14 11:27:39,2025-08-16 13:54:16,Consistently delivers quality work under pressure.,7.2,"Delivers consistently, sometimes misses deadlines.",Not Ready,,7500,"Scrum Master,Data Analysis,AWS Certification",2025-11-10,True
REV345,EMP131,EMP086,2024-07-28,2024-10-26,2024-11-11,Annual,81.7,81.9,6.0,2.0,7.9,5.9,7.3,8.0,6.7,7.0,2.6,5.4,8.0,6.6,6.2,150,6,7.2,75.6,3.9,992.0,52.0,81.7,"Adaptability,Problem solving,Mentoring",Mentored junior team members,"Initiative,Adaptability","Process adherence,Delegation","Work-life balance,Documentation",Lead a cross-functional project,Strong performance this period,Enroll in leadership training,False,False,,True,,Meets Expectations,2024-08-11 12:51:34,2025-02-13 16:12:07,Shows great initiative and proactive problem-solving.,7.7,"Positive energy, great team player.",Ready in 6-12 months,3.0,5000,,2025-11-11,False
REV346,EMP032,EMP012,2025-01-01,2025-06-30,2025-07-25,Project-based,55.7,54.7,4.2,3.5,6.5,8.1,6.1,8.2,7.7,7.9,5.2,8.8,7.4,7.7,5.6,113,1,6.2,93.2,6.3,973.0,26.0,85.6,"Mentoring,Attention to detail,Teamwork",Led successful project delivery,"Reliability,Adaptability","Documentation,Time estimation","Stakeholder communication,Testing coverage",Lead a cross-functional project,,,True,True,,True,"Leadership,Communication",Exceeds Expectations,2024-12-09 17:40:49,2025-09-30 08:04:12,Excellent contribution to team goals this period.,7.7,"Delivers consistently, sometimes misses deadlines.",Not Ready,,,"Conflict Resolution,Python Advanced",2026-01-21,True
REV347,EMP154,EMP040,2025-03-17,2025-06-15,2025-07-02,Probationary,63.7,61.0,5.4,5.5,6.5,8.7,7.4,7.7,8.5,7.1,4.0,10,7.5,7.8,6.4,87,4,6.5,98.9,13.3,1001.0,70.0,89.8,"Time management,Initiative,Reliability",,"Reliability,Adaptability","Stakeholder communication,Delegation","Public speaking,Stakeholder communication",Complete cloud certification,Excellent contribution to team,,False,False,,True,"Leadership,Communication",Exceeds Expectations,2023-12-29 08:25:08,2024-07-05 17:50:20,"Good overall performance, room to grow in technical depth.",6.9,"Strong technical contributor, could improve on sharing knowledge.",Not Ready,15.0,10000,"Communication Skills,Leadership Training",2025-12-29,False
REV348,EMP050,EMP101,2024-01-05,2024-04-04,2024-05-04,Probationary,84.7,81.4,6.8,6.4,5.5,4.5,8.4,7.0,8.5,5.8,4.9,6.7,8.8,9.7,6.0,115,6,8.6,93.3,-4.3,960.0,75.0,89.0,"Mentoring,Time management,Communication",Led successful project delivery,"Communication,Initiative","Stakeholder communication,Documentation","Work-life balance,Documentation",Lead a cross-functional project,Strong performance this period,Assign stretch projects,False,True,7.5,True,"Leadership,Communication",Exceptional,2025-09-08 18:45:40,2024-09-26 12:52:15,Needs to improve on documentation and communication.,7.0,"Strong technical contributor, could improve on sharing knowledge.",Ready in 6-12 months,7.5,7500,Conflict Resolution,2024-10-31,False
REV349,EMP103,EMP192,2024-07-29,2025-01-25,2025-02-17,Project-based,47.7,46.0,5.8,2.7,6.8,5.7,6.0,8.4,6.8,6.9,2.5,7.1,7.5,8.5,8.1,131,8,8.8,95.8,3.8,735.0,26.0,73.6,"Technical expertise,Adaptability,Attention to detail",Mentored junior team members,,"Delegation,Documentation","Documentation,Process adherence",Mentor 2 junior engineers,Areas for growth identified,Assign stretch projects,False,False,8.4,True,"Leadership,Technical Skills",Meets Expectations,2023-11-06 08:12:22,2025-09-11 12:00:27,Consistently delivers quality work under pressure.,5.2,"Strong technical contributor, could improve on sharing knowledge.",Not Ready,8.4,,"Communication Skills,AWS Certification,Agile Course",2025-08-16,False
REV350,EMP005,EMP197,2024-03-27,2024-09-23,2024-10-05,Quarterly,65.6,67.8,4.4,4.0,5.3,8.3,4.8,8.0,9.6,5.7,3.5,7.3,6.8,8.3,7.2,107,6,5.9,72.1,-28.0,826.0,30.0,78.4,"Leadership,Adaptability,Reliability",Mentored junior team members,"Creativity,Leadership","Stakeholder communication,Documentation","Time estimation,Documentation",Complete cloud certification,Consistent and reliable,Assign stretch projects,False,False,,True,"Communication,Project Management",Meets Expectations,2025-05-12 13:25:54,2025-02-10 12:37:35,Consistently delivers quality work under pressure.,7.9,"Positive energy, great team player.",Not Ready,0.0,,"Python Advanced,Data Analysis",2025-01-03,False
REV351,EMP083,EMP153,2023-08-10,2023-11-08,2023-12-03,Probationary,100,100,6.1,4.6,6.8,5.9,8.3,8.6,6.2,4.3,4.1,5.8,7.0,7.3,6.3,124,7,8.0,76.7,-0.1,889.0,32.0,86.1,"Time management,Adaptability,Reliability",Mentored junior team members,"Attention to detail,Mentoring","Public speaking,Testing coverage","Time estimation,Documentation",Mentor 2 junior engineers,Excellent contribution to team,Recommend for promotion,False,True,,True,,Meets Expectations,2024-07-25 11:31:09,2025-09-24 12:21:55,Strong performer with clear leadership potential.,9.0,"Delivers consistently, sometimes misses deadlines.",Ready in 6-12 months,,1000,,2024-05-31,False
REV352,EMP059,EMP123,2024-12-20,2025-03-20,2025-04-16,Quarterly,60.5,62.0,5.3,2.9,5.2,5.9,6.4,6.7,5.1,9.3,7.1,7.9,8.1,6.6,8.3,39,5,8.7,67.3,5.4,958.0,22.0,98.5,"Leadership,Creativity,Teamwork",Automated key workflows,"Problem solving,Creativity","Delegation,Testing coverage","Public speaking,Testing coverage",Improve presentation skills,Areas for growth identified,Assign stretch projects,False,False,7.0,False,,Meets Expectations,2025-04-04 10:58:46,2025-04-19 13:37:15,Excellent contribution to team goals this period.,5.6,"Delivers consistently, sometimes misses deadlines.",Not Ready,7.0,,,2025-07-15,False
REV353,EMP091,EMP197,2024-10-02,2024-12-31,2025-01-24,Quarterly,68.6,71.3,5.3,5.2,7.5,9.5,7.9,6.9,6.0,8.7,2.7,8.0,7.8,8.8,6.8,107,7,7.6,76.1,4.6,1117.0,10.0,91.5,"Technical expertise,Teamwork,Mentoring",Mentored junior team members,"Leadership,Problem solving","Time estimation,Delegation","Documentation,Process adherence",Lead a cross-functional project,Consistent and reliable,Enroll in leadership training,True,True,,True,,Exceptional,2025-03-05 17:48:40,2024-10-15 18:13:37,Needs to improve on documentation and communication.,7.1,"Reliable team member, communicates clearly.",Not Ready,,,,2025-04-24,False
REV354,EMP172,EMP035,2024-02-06,2024-05-06,2024-05-30,Quarterly,70.3,72.3,5.0,4.2,7.2,8.6,10,7.6,10,7.2,2.2,3.5,9.9,7.0,7.4,145,1,7.2,72.8,8.5,968.0,26.0,72.8,"Leadership,Mentoring,Problem solving",Automated key workflows,"Reliability,Attention to detail","Documentation,Delegation","Public speaking,Delegation",Improve presentation skills,Areas for growth identified,Recommend for promotion,True,False,,True,"Project Management,Communication",Exceeds Expectations,2024-07-10 12:35:22,2024-08-17 18:54:43,Excellent contribution to team goals this period.,8.0,"Great collaborator, always willing to help others.",Not Ready,,,"Conflict Resolution,Python Advanced",2024-08-28,True
REV355,EMP011,EMP168,2024-03-24,2024-06-22,2024-07-20,Quarterly,63.9,62.6,5.5,5.2,8.2,5.9,7.9,10,5.3,8.1,2.9,5.2,8.9,5.9,9.0,150,4,9.0,79.4,7.7,819.0,18.0,79.7,"Adaptability,Teamwork,Reliability",,"Technical expertise,Teamwork","Work-life balance,Stakeholder communication","Delegation,Process adherence",Lead a cross-functional project,Areas for growth identified,Monitor workload closely,False,True,9.7,False,,Meets Expectations,2023-09-04 12:31:42,2024-06-02 18:55:22,Shows great initiative and proactive problem-solving.,6.2,"Delivers consistently, sometimes misses deadlines.",Not Ready,9.7,2000,Agile Course,2024-10-18,False
REV356,EMP097,EMP115,2023-09-13,2023-12-12,2023-12-31,Project-based,95.5,94.0,5.4,4.9,5.8,7.3,8.1,5.4,7.2,6.1,2.3,9.7,6.6,5.0,7.3,90,1,5.8,89.3,-5.8,839.0,33.0,107.7,"Mentoring,Reliability,Technical expertise",Led successful project delivery,"Time management,Problem solving","Time estimation,Public speaking","Stakeholder communication,Documentation",Complete cloud certification,Areas for growth identified,Monitor workload closely,False,False,,True,"Technical Skills,Project Management",Exceptional,2025-12-12 15:31:09,2024-11-28 17:08:30,Consistently delivers quality work under pressure.,7.8,"Strong technical contributor, could improve on sharing knowledge.",Ready in 6-12 months,,3000,"Design Thinking,Python Advanced,Conflict Resolution",2024-06-28,False
REV357,EMP027,EMP014,2024-04-04,2024-10-01,2024-10-06,Project-based,92.8,89.8,3.9,6.8,10,6.7,7.5,9.2,4.4,3.4,4.8,7.5,5.5,9.5,8.6,104,2,6.7,81.2,29.3,996.0,0,71.7,"Technical expertise,Initiative,Creativity",Mentored junior team members,"Leadership,Reliability","Stakeholder communication,Process adherence","Delegation,Stakeholder communication",Mentor 2 junior engineers,Strong performance this period,Monitor workload closely,False,True,,True,"Leadership,Technical Skills",Unsatisfactory,2025-01-25 15:43:09,2026-02-14 09:11:42,Consistently delivers quality work under pressure.,7.3,"Strong technical contributor, could improve on sharing knowledge.",Ready in 6-12 months,7.0,7500,"Python Advanced,Agile Course",2025-04-04,False
REV358,EMP176,EMP002,2024-07-18,2025-01-14,2025-02-03,Annual,67.9,67.2,5.2,3.7,7.0,7.2,7.8,7.8,4.2,6.8,6.6,4.8,5.0,7.6,5.9,23,2,8.7,86.8,-3.3,1179.0,16.0,59.9,"Problem solving,Initiative,Communication",Automated key workflows,"Time management,Technical expertise","Public speaking,Delegation","Delegation,Testing coverage",Complete cloud certification,Areas for growth identified,Recommend for promotion,False,False,,False,"Communication,Technical Skills",Meets Expectations,2025-08-23 17:22:44,2024-04-07 18:13:19,Consistently delivers quality work under pressure.,5.9,"Positive energy, great team player.",Not Ready,7.0,3000,"Scrum Master,Communication Skills,Conflict Resolution",2026-02-03,False
REV359,EMP032,EMP127,2023-08-18,2024-02-14,2024-02-28,Quarterly,75.4,77.0,3.3,3.1,7.3,8.7,8.2,8.9,9.2,8.8,5.9,7.2,8.0,5.8,8.1,29,3,8.8,82.1,-14.4,859.0,0,85.6,"Teamwork,Communication,Problem solving",Led successful project delivery,,"Work-life balance,Delegation","Delegation,Documentation",Improve presentation skills,Areas for growth identified,Recommend for promotion,False,False,13.8,True,,Below Expectations,2024-07-27 13:57:35,2025-12-25 09:10:16,Consistently delivers quality work under pressure.,7.2,"Delivers consistently, sometimes misses deadlines.",Ready in 6-12 months,13.8,,"Leadership Training,Python Advanced,Scrum Master",2024-05-28,True
REV360,EMP070,EMP113,2024-11-25,2025-05-24,2025-05-29,Project-based,82.3,83.5,7.1,6.0,7.7,7.8,9.4,5.1,7.3,6.2,3.0,7.7,5.8,4.8,7.4,35,8,6.1,89.5,54.7,1334.0,12.0,88.0,"Attention to detail,Time management,Problem solving",Automated key workflows,"Adaptability,Teamwork","Time estimation,Public speaking","Time estimation,Work-life balance",Mentor 2 junior engineers,Consistent and reliable,Recommend for promotion,False,True,14.6,False,,Unsatisfactory,2025-07-03 13:23:05,2026-02-09 13:19:04,Needs to improve on documentation and communication.,7.6,"Great collaborator, always willing to help others.",Ready in 6-12 months,14.6,3000,"Agile Course,Data Analysis",2025-11-25,True
REV361,EMP121,EMP084,2023-12-03,2024-03-02,2024-03-07,Annual,63.6,65.2,4.3,5.1,8.3,8.2,9.3,7.5,6.9,7.5,6.0,8.1,6.2,7.3,8.1,25,3,6.8,88.8,13.5,1002.0,28.0,81.3,"Initiative,Mentoring,Time management",Mentored junior team members,"Attention to detail,Technical expertise","Process adherence,Time estimation","Documentation,Stakeholder communication",Complete cloud certification,Shows great potential,Enroll in leadership training,False,False,,False,,Below Expectations,2025-12-28 11:50:24,2024-05-16 10:35:28,Consistently delivers quality work under pressure.,6.9,"Great collaborator, always willing to help others.",Not Ready,0.0,,"AWS Certification,Design Thinking,Python Advanced",2025-03-07,False
REV362,EMP147,EMP103,2024-09-14,2024-12-13,2025-01-12,Project-based,75.4,72.7,5.5,3.6,8.1,7.0,7.7,7.3,6.4,7.9,2,6.2,7.4,7.5,5.9,25,3,7.8,97.2,-0.6,965.0,48.0,76.1,"Communication,Technical expertise,Problem solving",Mentored junior team members,"Problem solving,Attention to detail","Public speaking,Stakeholder communication","Stakeholder communication,Work-life balance",Lead a cross-functional project,Excellent contribution to team,Assign stretch projects,False,False,11.2,True,,Unsatisfactory,2023-10-29 09:30:47,2024-07-26 18:51:53,Strong performer with clear leadership potential.,7.9,"Reliable team member, communicates clearly.",Ready in 6-12 months,11.2,7500,"Project Management,Leadership Training,Scrum Master",2025-07-11,False
REV363,EMP156,EMP025,2024-10-07,2025-04-05,2025-04-21,Quarterly,50.6,53.1,8.4,9.6,9.0,6.9,9.9,6.7,5.6,8.2,8.3,4.9,8.2,7.5,5.6,137,1,6.8,76.6,3.7,927.0,0,92.5,"Mentoring,Problem solving,Teamwork",Improved system performance by 40%,"Leadership,Creativity","Time estimation,Documentation","Public speaking,Stakeholder communication",,Areas for growth identified,Recommend for promotion,True,True,,True,,Unsatisfactory,2025-01-07 08:55:39,2024-05-30 18:21:59,Shows great initiative and proactive problem-solving.,6.5,"Delivers consistently, sometimes misses deadlines.",Not Ready,7.0,3000,"Project Management,Leadership Training,Communication Skills",2025-07-20,False
REV364,EMP074,EMP178,2024-07-31,2025-01-27,2025-02-11,Quarterly,49.7,50.6,4.0,4.4,7.3,7.4,6.8,6.7,8.3,6.6,6.7,7.2,5.5,7.6,4.9,118,7,6.1,82.4,11.6,815.0,17.0,79.7,"Reliability,Communication,Initiative",Improved system performance by 40%,"Teamwork,Reliability","Delegation,Stakeholder communication","Testing coverage,Delegation",Improve presentation skills,Strong performance this period,Recommend for promotion,False,True,,False,,Unsatisfactory,2025-01-18 15:31:14,2025-07-10 18:07:48,Needs to improve on documentation and communication.,6.8,"Reliable team member, communicates clearly.",Not Ready,7.0,,,2025-05-12,False
REV365,EMP085,EMP197,2024-08-23,2024-11-21,2024-12-17,Annual,54.3,53.0,6.3,6.5,8.6,7.6,7.1,6.2,7.4,5.1,4.9,5.3,5.1,4.7,8.4,117,6,7.8,79.9,-0.8,1042.0,45.0,77.7,"Adaptability,Initiative,Leadership",Led successful project delivery,"Technical expertise,Communication","Public speaking,Process adherence","Documentation,Work-life balance",Mentor 2 junior engineers,Areas for growth identified,Enroll in leadership training,False,True,12.3,True,,Below Expectations,2025-01-16 15:39:54,2025-01-15 09:29:51,Needs to improve on documentation and communication.,5.6,"Positive energy, great team player.",Not Ready,12.3,7500,"Leadership Training,Scrum Master,Design Thinking",2025-12-17,True
REV366,EMP139,EMP031,2023-06-11,2023-09-09,2023-10-02,Quarterly,95.3,92.0,8.2,7.2,6.2,3.1,8.0,6.6,6.2,8.4,4.6,7.2,7.5,7.5,7.8,130,2,7.1,66.5,-19.6,1025.0,26.0,99.2,"Time management,Creativity,Adaptability",Mentored junior team members,"Creativity,Reliability","Testing coverage,Work-life balance","Process adherence,Public speaking",Complete cloud certification,,Assign stretch projects,False,False,5.8,False,"Project Management,Technical Skills",Unsatisfactory,2023-07-12 14:39:33,2025-10-24 14:45:33,Consistently delivers quality work under pressure.,7.3,"Delivers consistently, sometimes misses deadlines.",Ready in 6-12 months,5.8,,"Agile Course,Project Management",2023-12-31,False
REV367,EMP011,EMP046,2023-11-06,2024-05-04,2024-05-13,Probationary,52.0,51.4,6.4,5.8,5.7,7.0,7.4,9.0,6.8,9.8,5.2,4.6,5.0,8.8,4.5,79,5,8.8,100,18.8,1189.0,17.0,76.2,"Reliability,Creativity,Communication",Improved system performance by 40%,"Leadership,Technical expertise","Testing coverage,Public speaking","Public speaking,Stakeholder communication",Complete cloud certification,Areas for growth identified,Recommend for promotion,False,True,11.6,True,,Unsatisfactory,2024-08-10 14:22:06,2025-05-10 14:26:26,Shows great initiative and proactive problem-solving.,7.3,"Great collaborator, always willing to help others.",Not Ready,11.6,10000,"Data Analysis,Leadership Training",2024-11-09,False
REV368,EMP167,EMP165,2024-10-21,2025-04-19,2025-05-17,Project-based,100,100,4.7,5.1,5.9,9.4,10,7.4,8.8,7.4,6.6,4.8,6.0,7.3,7.7,63,6,7.7,87.7,-14.3,1248.0,0,73.5,"Teamwork,Adaptability,Creativity",Automated key workflows,"Teamwork,Communication","Public speaking,Stakeholder communication","Work-life balance,Documentation",Improve presentation skills,Strong performance this period,Monitor workload closely,False,False,10.2,False,"Communication,Leadership",Exceptional,2024-09-17 11:49:11,2025-02-20 12:49:13,Shows great initiative and proactive problem-solving.,7.1,"Strong technical contributor, could improve on sharing knowledge.",Ready in 6-12 months,10.2,,"Conflict Resolution,Project Management",2025-11-13,True
REV369,EMP025,EMP053,2024-01-29,2024-07-27,2024-08-21,Probationary,80.4,84.1,5.9,5.5,9.1,8.0,6.4,8.2,7.7,7.3,4.5,7.8,6.6,6.8,5.3,106,3,9.6,73.0,18.7,928.0,44.0,89.2,"Problem solving,Leadership,Technical expertise",,,"Work-life balance,Process adherence","Testing coverage,Documentation",Improve presentation skills,Areas for growth identified,Enroll in leadership training,True,False,,True,"Communication,Technical Skills",Exceeds Expectations,2023-08-02 10:48:26,2024-07-22 13:54:09,Consistently delivers quality work under pressure.,8.1,"Reliable team member, communicates clearly.",Ready in 6-12 months,15.0,7500,"Design Thinking,Python Advanced,Conflict Resolution",2025-02-17,False
REV370,EMP113,EMP140,2024-08-21,2025-02-17,2025-02-27,Project-based,75.0,75.3,4.3,5.0,7.9,7.6,6.2,4.9,6.3,6.6,4.3,6.9,7.5,8.7,8.4,59,5,6.7,83.8,-14.0,1221.0,11.0,61.3,"Mentoring,Technical expertise,Reliability",,"Communication,Technical expertise","Documentation,Testing coverage","Public speaking,Stakeholder communication",,Shows great potential,Assign stretch projects,False,False,4.2,True,,Below Expectations,2023-11-04 14:20:19,2024-12-28 08:40:38,Shows great initiative and proactive problem-solving.,4.9,"Strong technical contributor, could improve on sharing knowledge.",Ready in 6-12 months,4.2,5000,Design Thinking,2025-08-26,True
REV371,EMP043,EMP060,2024-11-18,2025-05-17,2025-06-07,Quarterly,96.6,93.8,7.7,5.0,9.5,5.1,7.6,8.1,6.0,3.8,3.0,4.1,7.2,7.6,5.4,21,1,8.4,74.6,0.1,1113.0,18.0,73.2,"Communication,Reliability,Technical expertise",Improved system performance by 40%,"Attention to detail,Time management","Time estimation,Documentation","Work-life balance,Public speaking",Complete cloud certification,,Assign stretch projects,False,True,,True,"Leadership,Communication",Meets Expectations,2024-04-28 10:34:39,2024-07-20 08:45:45,Excellent contribution to team goals this period.,10.0,"Strong technical contributor, could improve on sharing knowledge.",Ready in 6-12 months,,1000,,2025-09-05,False
REV372,EMP145,EMP154,2024-12-13,2025-03-13,2025-03-21,Probationary,47.5,45.9,5.0,4.5,7.4,5.3,8.0,5.9,8.6,4.1,5.4,6.6,6.5,6.4,7.2,118,7,6.9,85.0,-31.1,1039.0,28.0,101.7,"Creativity,Problem solving,Attention to detail",Mentored junior team members,"Reliability,Adaptability","Process adherence,Documentation","Work-life balance,Process adherence",Mentor 2 junior engineers,Strong performance this period,,True,False,,True,,Exceptional,2023-12-19 13:58:36,2025-06-16 16:48:59,Consistently delivers quality work under pressure.,7.1,"Reliable team member, communicates clearly.",Not Ready,7.0,3000,"AWS Certification,Project Management,Design Thinking",2025-09-17,True
REV373,EMP189,EMP043,2025-01-14,2025-04-14,2025-04-28,Quarterly,88.1,85.2,4.3,3.7,9.2,8.1,6.7,5.7,5.6,5.4,4.6,9.3,6.0,7.5,6.2,47,5,7.3,97.3,-30.3,999.0,30.0,83.6,"Teamwork,Initiative,Mentoring",Automated key workflows,"Teamwork,Mentoring","Time estimation,Stakeholder communication","Public speaking,Process adherence",Improve presentation skills,Areas for growth identified,Recommend for promotion,False,True,9.2,False,"Communication,Project Management",Exceptional,2023-12-24 13:27:38,2024-12-26 11:25:58,Consistently delivers quality work under pressure.,8.5,"Positive energy, great team player.",Ready in 6-12 months,9.2,,"Scrum Master,Project Management",2025-07-27,False
REV374,EMP161,EMP097,2024-02-28,2024-08-26,2024-09-24,Annual,71.6,72.7,7.0,3.5,9.7,5.1,5.6,3.2,9.1,10,4.0,3.9,8.3,7.6,6.2,118,7,7.5,100,-3.0,996.0,64.0,85.7,"Problem solving,Adaptability,Teamwork",Improved system performance by 40%,"Initiative,Leadership","Stakeholder communication,Process adherence","Work-life balance,Stakeholder communication",Improve presentation skills,Strong performance this period,Monitor workload closely,False,False,,True,,Meets Expectations,2024-05-16 18:50:27,2025-12-31 09:55:07,Consistently delivers quality work under pressure.,7.2,"Strong technical contributor, could improve on sharing knowledge.",Not Ready,10.0,0,"Conflict Resolution,Agile Course,Design Thinking",2025-09-24,False
REV375,EMP089,EMP196,2023-02-16,2023-05-17,2023-05-27,Quarterly,66.1,67.0,5.5,5.8,6.1,6.1,10,6.8,7.5,5.8,5.7,8.7,5.7,7.5,6.3,59,3,7.3,82.1,-5.1,888.0,18.0,62.7,"Communication,Initiative,Attention to detail",Mentored junior team members,,"Testing coverage,Documentation","Stakeholder communication,Work-life balance",Mentor 2 junior engineers,Areas for growth identified,Enroll in leadership training,False,False,9.9,True,"Leadership,Communication",Unsatisfactory,2023-11-04 16:16:15,2025-05-03 08:50:13,Strong performer with clear leadership potential.,9.8,"Positive energy, great team player.",Not Ready,9.9,,,2023-08-25,False
REV376,EMP064,EMP069,2025-05-03,2025-08-01,2025-08-15,Quarterly,58.4,59.1,7.6,4.0,5.6,5.5,6.8,7.1,5.8,7.8,7.1,7.0,8.0,9.3,5.9,115,1,6.5,86.2,14.1,922.0,60.0,92.6,"Initiative,Attention to detail,Reliability",Led successful project delivery,,"Testing coverage,Time estimation","Documentation,Testing coverage",Lead a cross-functional project,Shows great potential,Recommend for promotion,False,True,,True,"Leadership,Technical Skills",Exceptional,2023-09-17 14:09:54,2024-03-20 09:59:22,Excellent contribution to team goals this period.,7.8,"Reliable team member, communicates clearly.",Not Ready,,,"Design Thinking,Python Advanced,Scrum Master",2025-11-13,False
REV377,EMP190,EMP143,2023-10-19,2024-01-17,2024-01-28,Quarterly,84.6,85.0,4.7,8.4,8.5,4.9,7.9,7.3,7.3,7.6,6.1,6.0,7.5,7.6,6.7,97,3,4.7,72.8,0.4,965.0,28.0,92.9,"Mentoring,Leadership,Adaptability",Improved system performance by 40%,"Adaptability,Reliability","Time estimation,Process adherence","Process adherence,Time estimation",Complete cloud certification,Shows great potential,Enroll in leadership training,False,True,,True,,Exceptional,2025-05-06 15:14:59,2025-07-27 18:59:07,Needs to improve on documentation and communication.,8.4,"Reliable team member, communicates clearly.",Ready in 6-12 months,0.0,10000,"Conflict Resolution,Communication Skills",2024-04-27,True
REV378,EMP009,EMP183,2023-01-17,2023-07-16,2023-07-31,Annual,92.3,96.4,7.2,6.7,5.9,6.4,8.8,9.0,5.0,8.1,8.2,4.6,7.6,6.2,5.7,65,4,7.2,89.2,-8.1,1003.0,22.0,86.4,"Mentoring,Time management,Reliability",Automated key workflows,"Communication,Time management","Stakeholder communication,Documentation","Time estimation,Work-life balance",Complete cloud certification,Areas for growth identified,Monitor workload closely,False,True,,True,"Communication,Project Management",Exceeds Expectations,2023-06-15 12:40:24,2025-11-19 09:04:57,Shows great initiative and proactive problem-solving.,7.5,"Positive energy, great team player.",Ready in 6-12 months,,3000,,2024-07-30,False
REV379,EMP193,EMP149,2023-12-30,2024-03-29,2024-04-09,Quarterly,67.9,69.5,6.3,7.8,6.3,5.9,9.6,7.6,7.0,6.2,7.0,6.2,6.7,5.4,7.2,38,4,6.1,84.5,-6.5,1142.0,16.0,94.5,"Reliability,Creativity,Teamwork",Automated key workflows,,"Documentation,Process adherence","Public speaking,Time estimation",Mentor 2 junior engineers,Consistent and reliable,,False,False,,True,"Technical Skills,Project Management",Meets Expectations,2023-10-02 13:55:08,2024-11-06 09:07:10,Strong performer with clear leadership potential.,6.8,"Delivers consistently, sometimes misses deadlines.",Not Ready,,2000,"Python Advanced,Scrum Master",2024-07-08,False
REV380,EMP165,EMP069,2023-12-13,2024-03-12,2024-04-09,Probationary,97.1,96.5,6.0,6.7,6.0,4.5,7.9,8.2,9.9,7.0,4.8,7.6,5.1,6.0,7.4,133,8,7.9,78.3,-6.3,867.0,28.0,70.3,"Communication,Creativity,Technical expertise",,"Time management,Initiative","Documentation,Delegation","Stakeholder communication,Documentation",Complete cloud certification,Areas for growth identified,Recommend for promotion,True,True,7.4,True,"Project Management,Technical Skills",Exceptional,2025-06-27 09:21:16,2024-11-22 12:56:12,Strong performer with clear leadership potential.,8.3,"Delivers consistently, sometimes misses deadlines.",Ready Now,7.4,,AWS Certification,2024-10-06,False
REV381,EMP132,EMP022,2023-03-06,2023-09-02,2023-09-28,Project-based,78.0,79.2,6.7,5.7,6.1,9.6,4.6,6.7,5.9,7.9,7.4,6.0,7.8,6.6,7.6,54,8,8.7,79.5,20.3,866.0,48.0,68.5,"Technical expertise,Leadership,Problem solving",Led successful project delivery,"Technical expertise,Teamwork","Process adherence,Public speaking","Documentation,Process adherence",Mentor 2 junior engineers,Excellent contribution to team,Enroll in leadership training,True,False,,False,"Technical Skills,Project Management",Meets Expectations,2023-11-04 09:16:40,2025-01-21 14:55:29,Shows great initiative and proactive problem-solving.,6.0,"Great collaborator, always willing to help others.",Ready in 6-12 months,,7500,"Conflict Resolution,Design Thinking",2024-03-26,True
REV382,EMP145,EMP153,2025-05-18,2025-08-16,2025-08-25,Probationary,57.1,55.0,3.8,6.0,10,7.4,9.4,8.9,6.6,5.2,3.2,8.3,8.8,8.2,7.7,106,2,7.7,71.3,13.3,1066.0,15.0,61.5,"Communication,Problem solving,Initiative",Mentored junior team members,"Leadership,Attention to detail","Process adherence,Work-life balance","Public speaking,Process adherence",Improve presentation skills,Consistent and reliable,Recommend for promotion,True,True,13.5,False,,Unsatisfactory,2023-07-24 10:58:37,2024-09-22 15:48:05,Strong performer with clear leadership potential.,4.9,"Strong technical contributor, could improve on sharing knowledge.",Not Ready,13.5,,Project Management,2026-02-21,False
REV383,EMP139,EMP196,2023-05-22,2023-11-18,2023-12-01,Quarterly,65.5,65.7,8.6,7.9,6.8,9.3,8.5,4.7,7.9,9.1,3.8,8.6,5.6,6.1,6.7,128,2,6.5,74.5,-14.9,1146.0,52.0,96.6,"Mentoring,Problem solving,Communication",Automated key workflows,"Time management,Initiative","Time estimation,Stakeholder communication","Process adherence,Work-life balance",Lead a cross-functional project,Shows great potential,Monitor workload closely,False,False,,False,,Exceptional,2023-10-07 16:42:09,2025-09-16 18:28:48,Strong performer with clear leadership potential.,6.8,"Strong technical contributor, could improve on sharing knowledge.",Not Ready,10.0,10000,"Conflict Resolution,Project Management,Communication Skills",2024-02-29,True
REV384,EMP039,EMP115,2023-03-26,2023-06-24,2023-07-10,Quarterly,49.1,48.9,4.3,7.6,8.6,5.4,7.5,9.1,7.6,10,3.6,4.5,8.3,8.6,6.2,102,4,7.5,100,0.5,986.0,5.0,69.9,"Leadership,Initiative,Reliability",,"Time management,Problem solving","Time estimation,Work-life balance","Documentation,Stakeholder communication",,Excellent contribution to team,Enroll in leadership training,False,False,,True,"Project Management,Communication",Unsatisfactory,2024-07-31 12:53:49,2024-05-18 11:36:26,Strong performer with clear leadership potential.,6.6,"Delivers consistently, sometimes misses deadlines.",Not Ready,7.0,5000,"Python Advanced,Communication Skills,Project Management",2023-10-08,False
REV385,EMP145,EMP182,2023-02-16,2023-08-15,2023-08-25,Quarterly,44.0,44.5,2.6,5.2,7.8,8.6,7.5,6.8,9.2,5.4,6.7,7.4,7.5,5.9,7.9,148,4,7.2,100,-5.5,759.0,16.0,87.0,"Creativity,Technical expertise,Time management",Improved system performance by 40%,,"Delegation,Public speaking","Process adherence,Documentation",Improve presentation skills,Consistent and reliable,Assign stretch projects,False,False,5.9,True,"Project Management,Communication",Meets Expectations,2025-11-21 18:01:16,2025-09-17 15:28:04,Shows great initiative and proactive problem-solving.,6.2,"Delivers consistently, sometimes misses deadlines.",Not Ready,5.9,10000,,2023-11-23,True
REV386,EMP011,EMP151,2023-08-11,2024-02-07,2024-02-25,Annual,61.0,58.5,4.9,5.3,5.3,8.1,7.5,8.3,7.1,8.7,4.2,4.9,4.8,7.6,7.1,43,5,7.5,89.4,13.4,980.0,41.0,86.6,"Communication,Problem solving,Creativity",Automated key workflows,,"Testing coverage,Time estimation","Work-life balance,Stakeholder communication",Improve presentation skills,Areas for growth identified,Enroll in leadership training,False,True,,False,"Leadership,Technical Skills",Meets Expectations,2023-11-02 08:06:28,2025-07-16 10:18:04,Strong performer with clear leadership potential.,8.6,"Great collaborator, always willing to help others.",Not Ready,,10000,,2025-02-24,True
REV387,EMP042,EMP070,2024-10-19,2025-01-17,2025-01-25,Annual,61.9,60.6,6.1,4.8,6.4,7.4,7.6,8.2,6.2,7.8,3.4,8.1,8.5,8.8,7.0,79,5,6.0,86.5,2.7,1062.0,32.0,81.4,"Communication,Initiative,Teamwork",,,"Work-life balance,Time estimation","Process adherence,Delegation",Complete cloud certification,Shows great potential,Recommend for promotion,True,False,10.7,False,"Communication,Technical Skills",Unsatisfactory,2024-06-08 17:48:47,2024-05-06 10:29:12,Shows great initiative and proactive problem-solving.,6.6,"Delivers consistently, sometimes misses deadlines.",Not Ready,10.7,3000,,2026-01-25,False
REV388,EMP095,EMP094,2025-05-26,2025-11-22,2025-12-15,Project-based,49.1,49.7,5.8,5.7,7.9,4.6,7.6,8.2,7.4,10,8.5,6.8,7.1,7.5,6.9,123,7,10,77.4,8.0,1038.0,41.0,104.9,"Creativity,Initiative,Mentoring",Mentored junior team members,"Problem solving,Adaptability","Time estimation,Delegation","Documentation,Work-life balance",Complete cloud certification,Consistent and reliable,Assign stretch projects,False,False,,True,"Project Management,Technical Skills",Exceeds Expectations,2024-12-03 14:25:20,2025-10-01 16:53:18,Excellent contribution to team goals this period.,9.0,"Positive energy, great team player.",Not Ready,,3000,Conflict Resolution,2026-06-13,False
REV389,EMP101,EMP029,2023-08-01,2023-10-30,2023-11-04,Probationary,62.6,62.4,3.8,7.4,7.4,4.9,6.0,7.1,7.9,6.2,6.0,7.7,7.6,5.6,6.1,116,1,7.3,61.0,-6.4,1117.0,91.0,99.2,"Adaptability,Time management,Problem solving",Mentored junior team members,"Attention to detail,Teamwork","Time estimation,Process adherence","Process adherence,Testing coverage",Improve presentation skills,Excellent contribution to team,Monitor workload closely,False,True,9.7,True,,Exceptional,2025-01-08 10:24:44,2025-11-18 17:05:28,Strong performer with clear leadership potential.,9.0,"Strong technical contributor, could improve on sharing knowledge.",Not Ready,9.7,0,,2024-05-02,True
REV390,EMP072,EMP178,2023-06-21,2023-12-18,2024-01-11,Project-based,72.2,71.3,3.2,3.4,7.1,6.0,8.2,5.8,8.4,6.6,6.4,8.2,2.9,5.9,7.6,103,7,8.2,86.0,-6.4,1057.0,84.0,91.5,"Leadership,Time management,Initiative",Automated key workflows,,"Documentation,Stakeholder communication","Stakeholder communication,Delegation",Lead a cross-functional project,Excellent contribution to team,Recommend for promotion,False,False,,True,"Communication,Technical Skills",Exceeds Expectations,2024-11-29 12:35:31,2024-03-28 08:33:59,Strong performer with clear leadership potential.,8.0,"Great collaborator, always willing to help others.",Not Ready,3.0,,Leadership Training,2024-07-09,False
REV391,EMP047,EMP173,2024-03-07,2024-09-03,2024-10-02,Probationary,62.7,65.2,6.9,5.7,7.6,5.7,7.3,8.6,6.2,7.7,4.7,6.8,6.4,7.2,6.2,96,3,7.1,83.3,3.1,795.0,42.0,77.3,"Mentoring,Initiative,Technical expertise",Automated key workflows,"Problem solving,Leadership","Testing coverage,Stakeholder communication","Delegation,Documentation",Lead a cross-functional project,,Recommend for promotion,True,True,7.0,True,,Below Expectations,2025-07-23 14:34:05,2024-10-01 11:51:09,Shows great initiative and proactive problem-solving.,6.1,"Strong technical contributor, could improve on sharing knowledge.",Not Ready,7.0,,Python Advanced,2025-03-31,False
REV392,EMP154,EMP023,2024-11-21,2025-05-20,2025-06-16,Project-based,68.9,70.1,5.7,4.8,4.6,7.4,8.8,10,9.1,7.9,2.8,9.0,7.4,6.2,8.0,87,2,8.1,97.4,22.4,913.0,8.0,74.2,"Communication,Teamwork,Time management",Led successful project delivery,"Mentoring,Problem solving","Testing coverage,Public speaking","Stakeholder communication,Public speaking",Mentor 2 junior engineers,Consistent and reliable,,False,False,,True,"Project Management,Leadership",Exceeds Expectations,2024-02-09 14:57:24,2024-09-08 17:29:23,Needs to improve on documentation and communication.,8.7,"Great collaborator, always willing to help others.",Not Ready,0.0,1000,"Conflict Resolution,Data Analysis,AWS Certification",2025-12-13,False
REV393,EMP176,EMP155,2024-08-24,2025-02-20,2025-02-26,Annual,58.1,58.3,6.4,3.0,7.3,5.3,5.7,8.8,6.0,6.2,4.8,7.6,4.0,6.1,7.7,77,2,9.2,71.9,-22.2,1207.0,40.0,76.4,"Technical expertise,Adaptability,Teamwork",,,"Work-life balance,Documentation","Testing coverage,Process adherence",Improve presentation skills,Areas for growth identified,Enroll in leadership training,False,False,,False,"Technical Skills,Project Management",Exceptional,2023-08-13 08:22:57,2024-01-18 11:43:05,"Good overall performance, room to grow in technical depth.",7.8,"Positive energy, great team player.",Not Ready,15.0,0,"Data Analysis,Python Advanced",2026-02-26,False
REV394,EMP186,EMP130,2024-07-29,2025-01-25,2025-02-14,Probationary,69.6,69.6,4.5,6.1,4.3,9.2,7.6,6.9,5.6,8.4,5.1,8.1,8.7,4.6,7.6,49,5,7.7,68.7,-15.9,1178.0,22.0,83.6,"Problem solving,Reliability,Technical expertise",Mentored junior team members,,"Delegation,Work-life balance","Testing coverage,Work-life balance",Complete cloud certification,Consistent and reliable,Recommend for promotion,False,True,,True,"Technical Skills,Project Management",Exceptional,2024-08-04 13:35:30,2024-02-18 09:15:29,"Good overall performance, room to grow in technical depth.",6.1,"Positive energy, great team player.",Not Ready,15.0,7500,"Communication Skills,Data Analysis,AWS Certification",2025-08-13,False
REV395,EMP054,EMP049,2024-07-09,2024-10-07,2024-10-19,Project-based,82.6,83.9,6.3,7.3,4.6,9.0,7.5,7.0,8.3,5.5,3.2,7.9,5.2,7.2,5.7,68,4,8.6,62.7,10.5,1084.0,83.0,93.8,"Mentoring,Reliability,Attention to detail",Mentored junior team members,,"Public speaking,Work-life balance","Testing coverage,Process adherence",Lead a cross-functional project,Areas for growth identified,Assign stretch projects,False,False,13.1,True,,Exceeds Expectations,2025-12-04 18:50:29,2025-05-15 11:55:26,Needs to improve on documentation and communication.,7.6,"Positive energy, great team player.",Ready in 6-12 months,13.1,5000,"Conflict Resolution,Scrum Master,Project Management",2025-04-17,False
REV396,EMP144,EMP164,2024-11-26,2025-02-24,2025-03-22,Project-based,74.5,72.4,5.0,3.1,5.2,5.1,7.3,6.5,9.7,9.6,3.2,6.5,6.2,8.7,5.0,123,8,6.0,98.8,7.1,972.0,34.0,83.6,"Reliability,Time management,Teamwork",Mentored junior team members,"Technical expertise,Time management","Documentation,Stakeholder communication","Stakeholder communication,Delegation",Mentor 2 junior engineers,Excellent contribution to team,Assign stretch projects,False,True,,True,"Communication,Leadership",Exceeds Expectations,2024-03-27 17:23:10,2025-04-30 16:48:18,Excellent contribution to team goals this period.,6.4,"Reliable team member, communicates clearly.",Not Ready,,,"Project Management,Leadership Training,Conflict Resolution",2025-09-18,False
REV397,EMP144,EMP106,2023-05-04,2023-08-02,2023-08-10,Annual,63.2,64.5,3.7,3.3,8.3,4.3,6.2,8.5,9.2,9.0,3.5,7.2,7.9,6.7,9.7,117,1,8.2,95.9,-14.4,611.0,32.0,90.3,"Leadership,Initiative,Attention to detail",,,"Time estimation,Work-life balance","Time estimation,Delegation",Complete cloud certification,Shows great potential,,False,False,,True,"Communication,Leadership",Below Expectations,2025-11-28 11:50:31,2025-12-25 15:55:47,Shows great initiative and proactive problem-solving.,9.7,"Delivers consistently, sometimes misses deadlines.",Not Ready,5.0,3000,"AWS Certification,Agile Course",2024-08-09,False
REV398,EMP194,EMP112,2024-09-14,2025-03-13,2025-03-30,Quarterly,78.7,78.9,6.5,5.2,8.6,6.1,6.4,9.1,7.6,5.7,5.8,6.3,4.0,7.2,6.2,52,7,8.0,72.2,-4.3,962.0,17.0,80.3,"Reliability,Leadership,Mentoring",Mentored junior team members,,"Documentation,Public speaking","Work-life balance,Process adherence",Mentor 2 junior engineers,Excellent contribution to team,Assign stretch projects,False,False,,False,"Technical Skills,Project Management",Meets Expectations,2025-01-06 16:58:16,2025-11-17 09:06:50,Excellent contribution to team goals this period.,7.7,"Strong technical contributor, could improve on sharing knowledge.",Ready in 6-12 months,15.0,1000,"Scrum Master,Python Advanced,Communication Skills",2025-06-28,False
REV399,EMP072,EMP145,2023-11-20,2024-05-18,2024-05-25,Annual,81.3,84.8,5.7,3.9,6.4,8.0,8.5,8.4,9.2,7.9,6.6,6.4,5.9,7.1,7.1,76,5,10.0,73.7,2.3,985.0,10.0,79.8,"Technical expertise,Reliability,Time management",Automated key workflows,"Leadership,Communication","Delegation,Stakeholder communication","Public speaking,Testing coverage",Improve presentation skills,Areas for growth identified,Assign stretch projects,False,True,,True,,Unsatisfactory,2025-07-17 13:51:52,2024-11-18 15:06:26,Consistently delivers quality work under pressure.,6.9,"Strong technical contributor, could improve on sharing knowledge.",Ready in 6-12 months,15.0,10000,AWS Certification,2025-05-25,False
REV400,EMP011,EMP140,2025-01-14,2025-04-14,2025-05-01,Project-based,54.4,53.3,5.0,5.9,8.0,8.0,6.5,6.8,5.6,8.2,4.8,7.1,7.1,5.8,7.8,93,3,7.1,87.5,-16.4,1246.0,48.0,87.1,"Initiative,Mentoring,Communication",Automated key workflows,,"Documentation,Time estimation","Testing coverage,Documentation",Lead a cross-functional project,,Monitor workload closely,False,False,13.4,False,"Communication,Project Management",Below Expectations,2024-03-06 13:35:27,2025-12-04 17:06:17,Needs to improve on documentation and communication.,5.8,"Great collaborator, always willing to help others.",Not Ready,13.4,10000,Python Advanced,2025-10-28,False
