task_id,task_name,task_description,task_type,project_id,priority,complexity,estimated_hours,actual_hours,story_points,required_skills,required_role,required_seniority,required_certifications,technical_complexity_score,assigned_to,assigned_date,status,completion_percentage,start_date,due_date,actual_completion_date,is_overdue,days_overdue,buffer_days,dependent_task_ids,blocking_task_ids,related_tasks,parent_task_id,has_subtasks,quality_score,rework_required,rework_count,review_rating,stakeholder_satisfaction,risk_level,business_impact,delay_risk_score,technical_debt_added,requires_collaboration,team_size_required,communication_frequency,meeting_hours_required,created_at,last_updated
TSK0001,Design landing page,Design landing page for design phase of project PRJ100.,Design,PRJ100,Low,Simple,3.2,4.2,13,"CRM,Salesforce,Excel",Manager,Senior,,5.2,EMP015,2024-06-05,In Review,0,2024-06-08,2024-06-17,,True,622,3,,,"TSK0907,TSK0379",,True,,False,0,,7.7,Low,Medium,8.3,False,False,1,Weekly,1.9,2024-11-25 11:10:25,2026-01-28 12:38:26
TSK0002,Release notes,Release notes for documentation phase of project PRJ082.,Documentation,PRJ082,Medium,Moderate,13.9,14.9,5,Photoshop,Developer,Senior,PMP,8.0,EMP017,2025-11-27,In Progress,38.3,2025-11-30,2025-12-08,,True,83,3,,,"TSK1024,TSK0615",,False,,True,3,,6.3,Low,Medium,7.1,True,True,4,As needed,3.2,2025-02-16 15:55:57,2025-09-19 15:09:09
TSK0003,Stakeholder review,Stakeholder review for meeting phase of project PRJ097.,Meeting,PRJ097,Medium,Very Complex,108.6,105.0,1,"Salesforce,Excel,CRM",Manager,Senior,,4.1,EMP170,2024-05-31,In Review,24.8,2024-06-01,2024-06-27,,True,612,3,,"TSK0017,TSK0022",,TSK0002,False,,True,2,,,Low,High,50.4,False,True,3,As needed,6.1,2024-05-12 16:18:21,2025-06-18 10:23:36
TSK0004,Competitor analysis,Competitor analysis for research phase of project PRJ009.,Research,PRJ009,Low,Moderate,7.0,8.3,8,"Excel,Communication",Manager,Junior,,6.4,EMP085,2024-11-11,In Review,0,2024-11-16,2024-11-26,,True,460,3,,,,,True,,False,0,,,Medium,Medium,5,False,False,4,Weekly,2.2,2024-01-04 13:22:52,2026-02-26 15:35:09
TSK0005,Performance report,Performance report for analysis phase of project PRJ035.,Analysis,PRJ035,Critical,Moderate,7.8,6.6,5,"Financial Modeling,SAP",Manager,Senior,,3.8,EMP050,2024-07-06,Blocked,12.4,2024-07-11,2024-07-15,,True,594,3,,,,,False,,False,0,,7.8,Medium,Low,73.3,True,False,5,As needed,3.7,2024-11-18 14:35:01,2025-08-19 18:20:25
TSK0006,Design landing page,Design landing page for design phase of project PRJ042.,Design,PRJ042,High,Complex,35.2,,3,"Rust,PostgreSQL,Java",Tester,Junior,,6.8,EMP018,2025-06-06,In Review,54.6,2025-06-07,2025-06-14,,True,260,2,,,"TSK0116,TSK1321",,False,,False,0,,7.6,Low,Critical,19.4,True,True,2,Weekly,9.5,2024-05-20 16:20:20,2025-07-02 18:42:25
TSK0007,Refactor database layer,Refactor database layer for development phase of project PRJ066.,Development,PRJ066,High,Moderate,12.0,13.0,5,"Bloomberg,Financial Modeling",Manager,Junior,,5.6,EMP090,2025-08-25,Completed,100.0,2025-08-26,2025-08-30,2025-08-31,False,-5,2,"TSK0003,TSK0002",,"TSK1982,TSK1335",,True,8.9,False,0,7.2,,Medium,Low,28.2,True,True,3,Weekly,8.9,2024-11-06 13:29:03,2025-01-22 17:56:56
TSK0008,Performance report,Performance report for analysis phase of project PRJ033.,Analysis,PRJ033,Medium,Simple,1.0,,1,"Employment Law,Workday,HRIS",Developer,Junior,,1,EMP043,2025-01-30,In Progress,17.3,2025-02-01,2025-02-08,,True,386,4,,,,,True,,False,0,,10,Low,Low,25.0,False,False,2,Daily,9.2,2024-02-01 15:11:00,2024-09-24 09:46:15
TSK0009,Competitor analysis,Competitor analysis for research phase of project PRJ075.,Research,PRJ075,High,Moderate,4.3,4.5,1,"SAP HR,HRIS",Developer,Senior,,6.5,,2024-06-01,Blocked,73.6,2024-06-05,2024-06-10,,True,629,1,"TSK0004,TSK0002",,"TSK1466,TSK1738",,False,,False,0,,7.2,Medium,Critical,11.4,False,False,5,Weekly,3.2,2024-12-21 14:11:37,2025-07-17 13:29:22
TSK0010,Root cause analysis,Root cause analysis for analysis phase of project PRJ038.,Analysis,PRJ038,Low,Complex,44.0,43.4,3,"Power BI,Lean Six Sigma,Project Management",Developer,Senior,,4.5,EMP166,2024-03-26,Blocked,24.6,2024-03-29,2024-04-11,,True,689,2,TSK0007,"TSK0014,TSK0027",,,False,,False,0,,7.9,Medium,Low,12.6,False,False,5,As needed,2.2,2024-12-25 14:44:48,2024-09-17 11:40:41
TSK0011,Requirements gathering,Requirements gathering for research phase of project PRJ020.,Research,PRJ020,High,Complex,18.8,24.9,2,SEO,Tester,Mid,,8.4,EMP062,2024-04-18,Not Started,99,2024-04-20,2024-05-02,,False,-3,2,,,"TSK1269,TSK1208",,False,,True,3,,7.4,Low,Critical,27.9,False,False,4,Daily,4.2,2024-12-25 18:31:01,2025-06-25 08:31:48
TSK0012,Fix critical bug,Fix critical bug for development phase of project PRJ061.,Development,PRJ061,Medium,Simple,1.7,1.7,13,Recruiting,Developer,Mid,,5.5,EMP116,2024-08-30,Not Started,39.6,2024-09-04,2024-09-13,,False,0,1,,,,,False,,False,0,,5.8,Medium,Low,9.7,True,True,2,Daily,3.9,2024-06-29 14:02:19,2024-12-05 11:21:55
TSK0013,Stakeholder review,Stakeholder review for meeting phase of project PRJ075.,Meeting,PRJ075,High,Simple,2.3,,1,"QuickBooks,Risk Analysis,Bloomberg",Designer,Junior,,1,,2025-09-06,Not Started,72.1,2025-09-11,2025-09-13,,False,0,4,,,"TSK0403,TSK0914",,False,,False,0,,10,Low,Medium,21.4,True,True,3,Weekly,7.5,2025-02-04 08:23:03,2025-11-05 08:07:33
TSK0014,Team retrospective,Team retrospective for meeting phase of project PRJ035.,Meeting,PRJ035,Medium,Simple,3.6,,1,"Conflict Resolution,Training,Employment Law",Manager,Junior,,4.5,EMP055,2025-05-03,In Progress,32.5,2025-05-06,2025-05-11,,True,294,2,"TSK0011,TSK0006",,"TSK0057,TSK0395",,False,,False,0,,3.1,Low,Medium,5,False,True,2,Weekly,6.0,2024-10-21 15:49:04,2025-08-18 17:01:26
TSK0015,Refactor database layer,Refactor database layer for development phase of project PRJ072.,Development,PRJ072,Low,Complex,17.2,,13,"Employment Law,Conflict Resolution,Training",Analyst,Mid,,5.6,EMP121,2025-04-17,Not Started,41.8,2025-04-20,2025-04-29,,False,-3,3,,,,,False,,False,0,,6.1,Medium,Critical,25.2,False,True,5,Weekly,8.0,2024-10-29 11:43:43,2025-06-06 16:35:20
TSK0016,Build design system,Build design system for design phase of project PRJ060.,Design,PRJ060,Medium,Simple,3.2,,2,"Copywriting,Adobe Suite,Content Marketing",Tester,Senior,,7.7,EMP101,2025-10-09,In Review,46.9,2025-10-10,2025-10-17,,True,135,2,"TSK0008,TSK0009",,"TSK1287,TSK1003",,False,,False,0,,7.1,Low,Medium,54.2,False,True,1,Bi-weekly,1.1,2024-10-01 10:50:06,2025-08-08 11:02:57
TSK0017,Architecture review,Architecture review for meeting phase of project PRJ073.,Meeting,PRJ073,Low,Simple,3.9,,2,"VBA,Financial Modeling",Designer,Junior,PMP,7.4,,2024-08-11,In Review,66.7,2024-08-13,2024-08-19,,True,559,5,"TSK0004,TSK0002",,,,False,,False,0,,9.6,Medium,Critical,32.1,True,False,4,Weekly,7.4,2025-01-28 17:48:24,2024-06-24 16:48:17
TSK0018,Icon set design,Icon set design for design phase of project PRJ087.,Design,PRJ087,Medium,Complex,30.9,,5,"Power BI,Supply Chain,Lean Six Sigma",Developer,Mid,,5.9,EMP181,,In Review,80.3,2025-02-01,2025-02-15,,True,379,5,TSK0003,,,,False,,False,0,,7.7,Low,High,5,False,True,5,Weekly,8.5,2025-01-25 13:03:48,2025-01-21 09:45:58
TSK0019,Design landing page,Design landing page for design phase of project PRJ012.,Design,PRJ012,High,Moderate,7.0,,2,SEO,Designer,Junior,AWS Certified,10,EMP048,2024-10-26,Blocked,3.4,2024-10-27,2024-11-01,,True,485,4,,,"TSK0208,TSK0552",,False,,False,0,,,High,High,28.1,False,True,1,Bi-weekly,8.6,2024-10-05 16:52:01,2025-10-26 16:57:03
TSK0020,Technology evaluation,Technology evaluation for research phase of project PRJ018.,Research,PRJ018,Low,Moderate,14.2,18.5,8,Communication,Tester,Mid,,3.9,EMP182,2025-08-06,In Progress,43.2,2025-08-10,2025-08-18,,True,195,4,,,,TSK0017,True,,True,2,,5.0,Low,Medium,88.0,False,True,4,As needed,3.8,2025-01-17 08:20:31,2024-12-21 08:13:27
TSK0021,KPI review,KPI review for analysis phase of project PRJ082.,Analysis,PRJ082,High,Moderate,11.1,,5,"SAP HR,Workday,HRIS",Developer,Senior,,7.9,EMP065,2024-09-02,In Progress,49.5,2024-09-07,2024-09-12,,True,535,1,,,"TSK0083,TSK1913",,False,,True,3,,7.4,Medium,Medium,39.2,False,True,1,Daily,5.1,2025-01-15 08:28:25,2025-05-09 17:29:22
TSK0022,Update user guide,Update user guide for documentation phase of project PRJ042.,Documentation,PRJ042,Medium,Simple,2.6,3.4,3,Kubernetes,Manager,Senior,,5.1,EMP192,2025-03-17,Not Started,33.2,2025-03-19,2025-03-29,,False,0,1,,"TSK0023,TSK0027","TSK1164,TSK0523",,True,,False,0,,8.1,Low,High,25.0,True,False,2,As needed,1.1,2025-04-15 13:39:46,2025-06-17 15:16:36
TSK0023,Write API docs,Write API docs for documentation phase of project PRJ071.,Documentation,PRJ071,High,Complex,23.9,25.5,13,"Adobe Suite,Social Media",Tester,Senior,,1.5,EMP006,2025-08-22,In Review,5.9,2025-08-26,2025-09-08,,True,174,3,TSK0015,,,,False,,False,0,,8.4,High,Low,37.1,True,True,4,Weekly,4.1,2024-02-01 13:23:07,2025-04-12 11:31:56
TSK0024,Feasibility study,Feasibility study for research phase of project PRJ051.,Research,PRJ051,Medium,Moderate,14.2,12.4,5,"Python,Go,MongoDB",Developer,Junior,AWS Certified,1,EMP022,2024-12-07,In Review,39.9,2024-12-10,2024-12-16,,True,440,5,"TSK0022,TSK0023",,"TSK1194,TSK0169",,False,,False,0,,,Low,Critical,40.4,False,True,5,Daily,8.3,2024-10-18 10:04:29,2026-02-11 12:10:41
TSK0025,Impact assessment,Impact assessment for analysis phase of project PRJ090.,Analysis,PRJ090,Medium,Moderate,6.7,4.8,2,"User Research,Illustrator,Prototyping",Developer,Mid,PMP,2.9,EMP131,2025-11-06,In Review,32.1,2025-11-11,2025-11-16,,True,105,4,,"TSK0030,TSK0044",,,False,,False,0,,,High,High,42.7,False,True,2,As needed,1.9,2024-03-08 08:02:53,2025-02-14 14:11:52
TSK0026,Requirements gathering,Requirements gathering for research phase of project PRJ060.,Research,PRJ060,High,Moderate,12.5,12.7,3,SAP HR,Analyst,Senior,,4.5,EMP043,2025-03-07,In Review,13.6,2025-03-08,2025-03-17,,True,349,5,,,"TSK1689,TSK1986",,False,,False,0,,9.5,High,High,5,False,False,5,Weekly,4.3,2024-02-10 15:46:37,2025-12-13 12:34:48
TSK0027,Feasibility study,Feasibility study for research phase of project PRJ006.,Research,PRJ006,Medium,Simple,2.8,2.9,8,Power BI,Manager,Junior,Scrum Master,4.2,EMP167,2025-04-16,Not Started,40.1,2025-04-19,2025-04-24,,False,-3,3,,,,,False,,True,2,,,Medium,Low,58.0,False,False,2,Weekly,0.1,2025-03-15 09:21:41,2025-02-07 15:01:06
TSK0028,Icon set design,Icon set design for design phase of project PRJ096.,Design,PRJ096,High,Simple,1.9,1.9,1,"Bloomberg,Risk Analysis,Excel",Tester,Mid,,1.4,EMP074,2024-07-22,In Review,0,2024-07-27,2024-07-31,,True,578,3,"TSK0011,TSK0004",,"TSK0171,TSK0730",,False,,True,1,,,High,High,23.2,False,False,1,Daily,1.6,2024-12-16 10:33:52,2025-11-30 11:30:59
TSK0029,Data analysis,Data analysis for analysis phase of project PRJ081.,Analysis,PRJ081,Medium,Moderate,8.7,6.7,2,Prototyping,Analyst,Senior,,1,EMP199,2025-02-15,Completed,100.0,2025-02-16,2025-02-22,2025-02-23,False,-2,2,TSK0001,,,,False,8.9,False,0,5.1,6.9,Low,Medium,47.2,False,True,5,Bi-weekly,1.2,2024-02-03 18:20:15,2025-04-16 16:52:27
TSK0030,Write integration tests,Write integration tests for testing phase of project PRJ005.,Testing,PRJ005,High,Simple,1.9,2.3,5,"Conflict Resolution,Workday",Designer,Senior,,10,EMP136,2024-06-04,In Progress,30.5,2024-06-05,2024-06-11,,True,628,3,,"TSK0041,TSK0049","TSK1127,TSK1546",,False,,False,0,,5.0,High,High,67.9,False,False,1,As needed,7.5,2024-02-11 12:58:56,2025-08-05 09:42:21
TSK0031,UAT coordination,UAT coordination for testing phase of project PRJ095.,Testing,PRJ095,Low,Simple,3.8,2.7,3,Excel,Tester,Junior,,6.4,EMP068,2024-02-08,Blocked,53.0,2024-02-13,2024-02-22,,True,738,3,TSK0014,"TSK0050,TSK0038",,,False,,False,0,,7.3,Medium,Medium,52.9,False,False,4,Bi-weekly,6.5,2025-05-24 08:07:25,2026-01-26 11:47:16
TSK0032,Kickoff meeting,Kickoff meeting for meeting phase of project PRJ017.,Meeting,PRJ017,Medium,Complex,32.9,,1,"Python,SQL,Docker",Tester,Senior,,5.2,EMP056,2024-09-10,In Progress,58.1,2024-09-12,2024-09-19,,True,528,1,,,"TSK0386,TSK1782",,False,,False,0,,9.4,Medium,Critical,45.8,True,True,4,Weekly,0.6,2024-03-02 15:33:18,2024-12-26 14:07:56
TSK0033,Security audit,Security audit for testing phase of project PRJ019.,Testing,PRJ019,Medium,Simple,3.3,4.1,2,"A/B Testing,Content Marketing",Developer,Mid,,2.9,EMP052,2025-08-20,Completed,100.0,2025-08-23,2025-09-01,2025-09-02,False,-2,3,,"TSK0045,TSK0050","TSK0042,TSK0129",,False,7.7,False,0,6.8,6.3,Low,Medium,5,True,False,3,As needed,5.7,2024-01-02 15:12:11,2024-09-20 12:46:48
TSK0034,Technology evaluation,Technology evaluation for research phase of project PRJ033.,Research,PRJ033,High,Moderate,6.4,7.5,2,"ERP,Supply Chain",Tester,Senior,,1.0,EMP063,2025-07-27,Completed,100.0,2025-08-01,2025-08-09,2025-08-11,False,-4,1,,,"TSK0278,TSK0453",,True,6.1,False,0,7.2,,Low,Critical,55.7,True,True,5,As needed,8.9,2024-04-05 13:59:15,2026-02-17 09:05:51
TSK0035,Performance testing,Performance testing for testing phase of project PRJ077.,Testing,PRJ077,Medium,Complex,39.4,,3,Bloomberg,Designer,Junior,AWS Certified,8.1,EMP026,2024-06-18,Not Started,44.1,2024-06-20,2024-06-28,,False,-3,4,,,"TSK0944,TSK0126",,True,,False,0,,7.2,High,Medium,40.3,False,False,3,As needed,1.5,2024-03-05 10:30:24,2024-06-08 10:23:02
TSK0036,Process documentation,Process documentation for documentation phase of project PRJ023.,Documentation,PRJ023,High,Complex,15.9,,5,"Photoshop,User Research,Sketch",Developer,Senior,AWS Certified,8.8,EMP134,2024-04-19,In Progress,45.9,2024-04-21,2024-05-01,,True,669,2,"TSK0014,TSK0002","TSK0049,TSK0054",,,False,,False,0,,7.0,High,Medium,60.8,True,True,2,Weekly,2.4,2024-02-21 16:54:38,2025-12-09 09:15:34
TSK0037,Write API docs,Write API docs for documentation phase of project PRJ011.,Documentation,PRJ011,Medium,Moderate,7.1,7.7,5,"Go,Node.js,Java",Developer,Junior,,4.5,EMP057,2024-02-10,In Review,26.9,2024-02-15,2024-02-24,,True,736,4,,,,,True,,False,0,,,High,Low,8.8,False,False,3,As needed,6.7,2025-05-31 18:18:48,2025-03-27 12:10:05
TSK0038,Release notes,Release notes for documentation phase of project PRJ019.,Documentation,PRJ019,High,Moderate,9.7,10.3,1,"React,Node.js,Python",Developer,Junior,,4.9,EMP081,2024-05-31,Completed,100.0,2024-06-03,2024-06-08,2024-06-13,False,-5,3,,,"TSK0659,TSK0757",,True,7.4,False,0,6.9,8.6,High,Critical,26.8,True,True,4,Weekly,2.4,2025-04-16 17:22:50,2024-06-18 17:49:40
TSK0039,Impact assessment,Impact assessment for analysis phase of project PRJ068.,Analysis,PRJ068,Low,Simple,1.8,2.4,2,"User Research,Prototyping",Developer,Junior,,2.5,EMP002,2024-09-12,Not Started,21.0,2024-09-15,2024-09-25,,False,0,1,,,"TSK1069,TSK1171",,True,,False,0,,7.3,Low,Critical,30.4,False,False,4,Weekly,1.0,2024-09-14 09:29:55,2024-07-12 14:18:40
TSK0040,Feasibility study,Feasibility study for research phase of project PRJ021.,Research,PRJ021,Medium,Complex,39.3,32.6,1,Prototyping,Tester,Senior,AWS Certified,3.9,EMP050,2025-11-19,Not Started,30.8,2025-11-22,2025-12-05,,False,-3,3,TSK0007,,,,False,,False,0,,9.3,Medium,Low,46.6,True,True,3,Weekly,8.3,2024-09-20 17:20:56,2024-10-04 14:46:14
TSK0041,Metrics dashboard,Metrics dashboard for analysis phase of project PRJ019.,Analysis,PRJ019,High,Simple,3.1,3.3,2,Illustrator,Manager,Junior,PMP,4.9,EMP152,2024-05-02,Completed,100.0,2024-05-06,2024-05-16,2024-05-19,False,-4,1,,,"TSK1476,TSK1770",,True,8.6,True,2,8.8,6.9,Low,Low,5,False,True,4,Daily,5.5,2024-01-14 11:44:24,2025-05-08 15:40:44
TSK0042,User research,User research for research phase of project PRJ034.,Research,PRJ034,High,Complex,33.5,44.9,8,"JavaScript,TypeScript",Designer,Senior,,3.3,EMP035,2025-11-26,Completed,100.0,2025-11-27,2025-12-07,2025-12-08,False,-3,4,"TSK0013,TSK0011",,,,False,6.3,False,0,7.7,,High,High,47.0,False,True,3,Daily,7.8,2024-12-11 11:31:59,2025-07-10 14:27:50
TSK0043,Stakeholder review,Stakeholder review for meeting phase of project PRJ006.,Meeting,PRJ006,Medium,Simple,3.2,4.0,1,VBA,Manager,Senior,,6.8,EMP100,2024-02-09,Completed,100.0,2024-02-13,2024-02-18,2024-02-21,False,-3,1,,"TSK0060,TSK0061","TSK1150,TSK1320",,False,6.1,False,0,8.7,,Medium,High,20.0,False,True,2,Bi-weekly,9.0,2024-01-06 16:28:49,2024-12-16 13:19:15
TSK0044,Requirements gathering,Requirements gathering for research phase of project PRJ086.,Research,PRJ086,Critical,Complex,31.0,22.7,3,Bloomberg,Tester,Senior,,7.6,EMP177,2025-01-13,Completed,100.0,2025-01-18,2025-01-26,2025-01-25,False,-2,1,TSK0026,,"TSK0770,TSK1781",TSK0019,False,7.4,False,0,5.0,5.9,High,Critical,50.6,True,False,5,As needed,6.4,2024-09-11 10:21:36,2024-09-14 12:01:49
TSK0045,Release notes,Release notes for documentation phase of project PRJ040.,Documentation,PRJ040,Medium,Complex,42.8,,2,"Python,Django",Tester,Junior,PMP,6.3,EMP144,2024-08-11,In Progress,57.8,2024-08-16,2024-08-29,,True,549,2,,,"TSK1332,TSK0500",,False,,False,0,,5.2,Low,High,50.1,False,False,1,Weekly,9.0,2025-03-20 13:01:35,2024-10-29 14:37:48
TSK0046,Security audit,Security audit for testing phase of project PRJ070.,Testing,PRJ070,High,Moderate,7.2,,8,"Lean Six Sigma,Power BI,ERP",Developer,Junior,,1.2,EMP110,,Blocked,50.1,2025-02-20,2025-02-24,,True,370,2,,,"TSK1368,TSK1746",,False,,False,0,,6.8,Low,Low,71.5,False,True,1,Weekly,8.1,2024-12-08 08:03:04,2025-06-20 16:03:39
TSK0047,Architecture review,Architecture review for meeting phase of project PRJ036.,Meeting,PRJ036,Low,Complex,14.6,,3,"Adobe XD,Prototyping",Designer,Senior,,8.7,EMP161,2024-06-25,In Review,65.7,2024-06-30,2024-07-12,,True,597,2,,,,TSK0041,False,,False,0,,10,Low,Medium,5,True,False,1,As needed,9.4,2024-09-26 09:12:12,2024-12-25 15:14:05
TSK0048,Create wireframes,Create wireframes for design phase of project PRJ041.,Design,PRJ041,Medium,Very Complex,48.2,37.4,5,Excel,Tester,Mid,,3.1,EMP174,2024-03-21,Completed,100.0,2024-03-22,2024-04-08,2024-04-08,False,-4,1,,TSK0063,"TSK0346,TSK1771",,False,9.0,False,0,8.8,8.7,High,Low,47.3,False,True,3,Bi-weekly,9.9,2024-08-30 15:13:43,2025-02-12 09:25:30
TSK0049,Update user guide,Update user guide for documentation phase of project PRJ014.,Documentation,PRJ014,Critical,Very Complex,96.7,112.9,13,"VBA,Financial Modeling,Excel",Tester,Junior,AWS Certified,5.8,EMP126,2024-07-08,Completed,100.0,2024-07-10,2024-07-29,2024-08-03,False,-5,1,,,,,False,8.9,True,3,6.3,9.9,High,Low,5,False,False,4,Daily,4.5,2024-03-03 14:55:31,2025-01-28 14:33:49
TSK0050,KPI review,KPI review for analysis phase of project PRJ019.,Analysis,PRJ019,High,Simple,3.3,3.6,8,"Sketch,Figma,User Research",Tester,Junior,,5.1,EMP023,2024-06-21,Completed,100.0,2024-06-24,2024-06-28,2024-07-01,False,-4,2,TSK0021,,"TSK1277,TSK1248",TSK0035,False,10,False,0,7.3,9.5,Low,Low,42.8,False,False,5,Weekly,6.6,2025-03-19 17:45:44,2025-02-12 16:18:41
TSK0051,Icon set design,Icon set design for design phase of project PRJ039.,Design,PRJ039,High,Moderate,12.8,,13,Power BI,Developer,Senior,AWS Certified,3.2,EMP130,2024-03-23,Blocked,11.0,2024-03-27,2024-04-04,,True,696,3,,"TSK0060,TSK0064","TSK0308,TSK1756",,False,,False,0,,8.4,Low,Medium,26.0,False,True,4,Daily,7.9,2024-11-21 18:33:00,2025-07-14 18:11:43
TSK0052,Kickoff meeting,Kickoff meeting for meeting phase of project PRJ031.,Meeting,PRJ031,Medium,Complex,43.8,,3,"Content Marketing,A/B Testing,Email Marketing",Tester,Senior,Scrum Master,5.9,EMP173,2025-09-22,In Review,52.4,2025-09-26,2025-10-10,,True,142,4,,TSK0057,"TSK1119,TSK1968",TSK0037,False,,False,0,,7.9,Low,High,76.8,True,False,3,Weekly,5.3,2024-12-11 15:11:58,2025-05-18 14:10:36
TSK0053,Create mockups,Create mockups for design phase of project PRJ052.,Design,PRJ052,Critical,Simple,3.1,3.3,8,"Django,MongoDB,SQL",Tester,Junior,AWS Certified,3.8,EMP101,2025-01-08,In Review,74.9,2025-01-13,2025-01-16,,True,409,2,,,"TSK1444,TSK0684",,True,,False,0,,8.6,Medium,Medium,37.1,False,True,3,As needed,1.1,2024-12-01 11:06:13,2024-11-25 13:39:56
TSK0054,Build design system,Build design system for design phase of project PRJ054.,Design,PRJ054,Medium,Complex,30.9,,1,Sketch,Analyst,Junior,AWS Certified,6.8,EMP039,2024-11-15,In Progress,43.2,2024-11-20,2024-11-27,,True,459,1,TSK0049,,"TSK1824,TSK0281",TSK0036,False,,False,0,,7.3,Medium,Critical,9.8,True,True,5,As needed,7.9,2025-04-05 16:28:17,2025-04-02 10:08:31
TSK0055,Kickoff meeting,Kickoff meeting for meeting phase of project PRJ044.,Meeting,PRJ044,Medium,Very Complex,110.4,,8,QuickBooks,Designer,Junior,,9.4,EMP158,2025-08-24,In Review,47.7,2025-08-25,2025-09-20,,True,162,3,"TSK0024,TSK0041",,,,False,,False,0,,8.2,Medium,Medium,24.4,False,True,3,As needed,3.9,2025-05-17 10:31:54,2025-01-14 14:28:57
TSK0056,Sprint planning,Sprint planning for meeting phase of project PRJ057.,Meeting,PRJ057,High,Moderate,9.0,7.1,8,Power BI,Manager,Senior,AWS Certified,5.3,EMP135,2024-06-15,Not Started,38.6,2024-06-20,2024-06-28,,False,-5,3,,,,,False,,False,0,,9.0,Medium,Low,41.8,False,True,2,Bi-weekly,4.8,2024-11-24 12:47:23,2025-12-28 18:17:30
TSK0057,Design landing page,Design landing page for design phase of project PRJ049.,Design,PRJ049,Low,Moderate,4.4,,5,Risk Analysis,Developer,Mid,,7.8,EMP027,2025-11-11,In Progress,57.6,2025-11-16,2025-11-25,,True,96,4,,,,,False,,False,0,,,High,Low,22.5,False,True,5,Weekly,2.4,2024-06-19 13:41:23,2025-02-06 17:54:57
TSK0058,Release notes,Release notes for documentation phase of project PRJ027.,Documentation,PRJ027,Medium,Very Complex,54.0,56.3,8,"Excel,Supply Chain",Manager,Senior,,4.8,EMP147,2025-05-16,Not Started,99,2025-05-19,2025-06-02,,False,-5,2,,"TSK0066,TSK0073",,TSK0002,False,,False,0,,5.9,Low,Medium,15.4,False,True,1,Weekly,1.7,2024-02-15 12:48:35,2025-10-14 17:51:43
TSK0059,Feasibility study,Feasibility study for research phase of project PRJ067.,Research,PRJ067,Medium,Complex,27.8,33.0,1,SQL,Developer,Junior,AWS Certified,4.7,EMP137,2025-01-14,In Progress,34.9,2025-01-16,2025-01-30,,True,395,3,TSK0014,,,,False,,False,0,,,High,Medium,5,True,False,1,As needed,9.9,2024-03-25 11:43:37,2025-10-25 09:38:07
TSK0060,Design landing page,Design landing page for design phase of project PRJ051.,Design,PRJ051,Low,Simple,1.5,1.2,1,Figma,Designer,Senior,Scrum Master,4.3,EMP156,2025-04-15,In Progress,50.4,2025-04-16,2025-04-24,,True,311,4,,,,,False,,True,3,,5.9,Medium,Low,48.3,True,False,2,Daily,0.9,2024-01-24 16:43:25,2025-11-20 10:59:21
TSK0061,KPI review,KPI review for analysis phase of project PRJ002.,Analysis,PRJ002,Medium,Moderate,5.6,,8,"Figma,Adobe XD,Photoshop",Analyst,Junior,AWS Certified,3.0,EMP017,2025-08-25,Blocked,79.7,2025-08-28,2025-09-02,,True,180,3,"TSK0036,TSK0021",,"TSK0053,TSK0289",,True,,False,0,,,High,Medium,7.5,False,True,3,Daily,1.7,2024-03-03 15:46:46,2024-08-27 14:27:55
TSK0062,Create onboarding docs,Create onboarding docs for documentation phase of project PRJ003.,Documentation,PRJ003,Medium,Simple,3.6,4.2,1,AWS,Tester,Junior,,5.0,EMP176,2024-12-13,Blocked,23.5,2024-12-16,2024-12-23,,True,433,3,,,,,False,,False,0,,8.5,Medium,Critical,35.6,True,True,1,Daily,8.0,2024-05-05 08:13:01,2025-07-28 16:14:06
TSK0063,Feasibility study,Feasibility study for research phase of project PRJ052.,Research,PRJ052,Medium,Very Complex,74.0,78.5,1,"Java,Node.js",Analyst,Mid,,5.2,EMP008,2025-06-09,Completed,100.0,2025-06-13,2025-06-28,2025-07-02,False,-1,3,,,,,False,7.8,False,0,6.7,,High,High,5,False,True,2,Daily,5.6,2024-12-07 11:42:51,2024-12-23 17:25:10
TSK0064,Metrics dashboard,Metrics dashboard for analysis phase of project PRJ057.,Analysis,PRJ057,Critical,Complex,44.0,56.2,5,"Kubernetes,React",Tester,Junior,Scrum Master,6.0,,2025-08-17,Completed,100.0,2025-08-22,2025-09-01,2025-08-30,False,0,5,"TSK0003,TSK0002",,"TSK1465,TSK1153",,False,10,True,1,9.3,9.4,High,Low,38.3,False,False,1,Bi-weekly,7.8,2024-02-13 12:39:38,2025-10-27 08:51:37
TSK0065,Performance testing,Performance testing for testing phase of project PRJ083.,Testing,PRJ083,High,Complex,45.5,56.8,13,"Employment Law,Training",Tester,Senior,,4.5,EMP176,2025-05-14,Completed,100.0,2025-05-19,2025-05-31,2025-05-31,False,-2,1,TSK0042,,,,False,8.7,True,1,4.6,7.8,Medium,Medium,58.9,False,True,2,As needed,0.5,2025-04-16 16:54:10,2024-09-17 09:26:03
TSK0066,Metrics dashboard,Metrics dashboard for analysis phase of project PRJ021.,Analysis,PRJ021,High,Complex,34.7,26.6,2,"Bloomberg,VBA,SAP",Tester,Junior,AWS Certified,2.4,EMP193,2025-07-08,In Review,27.0,2025-07-12,2025-07-20,,True,224,2,TSK0052,,"TSK1810,TSK0730",,False,,True,3,,6.4,High,High,27.2,True,False,3,Daily,4.2,2024-11-23 15:42:05,2024-12-02 11:24:36
TSK0067,Fix critical bug,Fix critical bug for development phase of project PRJ039.,Development,PRJ039,Medium,Simple,2.9,,13,"Excel,Supply Chain",Designer,Junior,,5.1,EMP039,2025-05-21,Not Started,32.7,2025-05-26,2025-06-01,,False,-1,2,"TSK0006,TSK0064",,,,False,,False,0,,8.0,High,Critical,41.9,False,False,3,As needed,3.8,2024-09-11 12:59:39,2025-08-14 08:17:28
TSK0068,Release notes,Release notes for documentation phase of project PRJ040.,Documentation,PRJ040,Low,Moderate,5.8,,8,QuickBooks,Developer,Mid,AWS Certified,7.6,,2024-12-29,In Review,74.2,2024-12-30,2025-01-04,,True,421,4,,,"TSK0152,TSK0440",,False,,True,2,,7.4,High,Medium,9.0,False,False,2,As needed,1.1,2024-08-06 15:46:26,2024-06-01 13:11:15
TSK0069,Deploy to staging,Deploy to staging for development phase of project PRJ033.,Development,PRJ033,Medium,Moderate,8.8,,2,User Research,Tester,Senior,Scrum Master,7.6,EMP025,2024-10-07,Not Started,49.2,2024-10-12,2024-10-19,,False,-1,4,,TSK0078,,,False,,False,0,,5.1,Low,High,43.9,False,False,2,Bi-weekly,6.2,2025-02-07 18:24:16,2025-12-12 14:39:42
TSK0070,Process documentation,Process documentation for documentation phase of project PRJ080.,Documentation,PRJ080,High,Simple,3.9,4.6,1,"Google Analytics,Copywriting",Developer,Mid,Scrum Master,5.8,EMP084,2024-11-13,Completed,100.0,2024-11-15,2024-11-25,2024-11-30,False,-5,4,,TSK0073,"TSK1102,TSK1542",,False,6.0,True,3,6.2,8.6,Medium,Medium,29.5,True,True,3,Bi-weekly,6.0,2025-01-23 15:00:03,2024-06-26 17:41:41
TSK0071,Create onboarding docs,Create onboarding docs for documentation phase of project PRJ039.,Documentation,PRJ039,High,Moderate,15.7,,2,"React,MongoDB",Analyst,Junior,AWS Certified,8.5,EMP111,,In Review,80.3,2025-01-20,2025-01-30,,True,395,3,,,"TSK0757,TSK0529",,False,,False,0,,9.4,Low,Critical,58.9,False,True,1,As needed,6.3,2024-12-21 11:59:03,2024-06-10 18:27:10
TSK0072,Data analysis,Data analysis for analysis phase of project PRJ024.,Analysis,PRJ024,Low,Simple,1.5,1.5,2,JavaScript,Tester,Junior,,3.9,EMP157,2025-10-29,Completed,100.0,2025-11-03,2025-11-12,2025-11-15,False,-3,3,,,,,True,10,False,0,8.8,5.3,High,High,5,True,False,4,Weekly,9.9,2025-02-22 12:54:10,2025-08-10 09:09:46
TSK0073,Refactor database layer,Refactor database layer for development phase of project PRJ022.,Development,PRJ022,Low,Moderate,6.7,6.3,1,"Content Marketing,Copywriting,SEO",Manager,Mid,,6.2,EMP163,2025-08-23,Completed,100.0,2025-08-25,2025-09-03,2025-08-29,False,-3,5,"TSK0033,TSK0040",,,,False,6.6,False,0,5.9,,Medium,High,5,False,False,4,Daily,4.5,2025-02-11 11:15:42,2025-03-28 18:41:43
TSK0074,Stakeholder review,Stakeholder review for meeting phase of project PRJ022.,Meeting,PRJ022,Medium,Simple,3.6,3.9,1,"Kubernetes,PostgreSQL,React",Analyst,Junior,,4.9,EMP016,2024-03-14,Blocked,33.5,2024-03-15,2024-03-24,,True,707,3,,,,TSK0009,False,,False,0,,7.4,Low,High,10.4,False,False,3,Bi-weekly,2.6,2024-02-24 16:13:52,2025-11-30 13:44:04
TSK0075,Requirements gathering,Requirements gathering for research phase of project PRJ078.,Research,PRJ078,High,Moderate,13.4,9.5,8,"A/B Testing,Copywriting,Adobe Suite",Designer,Mid,,1,EMP129,2025-11-12,Not Started,39.5,2025-11-16,2025-11-25,,False,-2,2,,,"TSK1660,TSK0184",,False,,False,0,,5.8,Medium,Medium,44.5,False,False,5,Weekly,5.9,2024-06-15 16:15:15,2026-01-03 09:09:07
TSK0076,Design critique,Design critique for meeting phase of project PRJ085.,Meeting,PRJ085,Medium,Simple,3.8,,1,CRM,Tester,Senior,PMP,5.1,EMP143,,In Progress,61.7,2024-06-25,2024-07-05,,True,604,5,TSK0066,,"TSK0764,TSK0786",,False,,False,0,,7.7,High,High,38.4,False,False,1,Daily,7.9,2024-10-09 14:50:48,2025-12-16 18:08:12
TSK0077,Security audit,Security audit for testing phase of project PRJ040.,Testing,PRJ040,Medium,Very Complex,58.5,,3,"SAP,Excel",Developer,Senior,AWS Certified,8.0,EMP085,2024-01-16,Not Started,72.7,2024-01-18,2024-02-05,,False,-3,4,,,,,False,,False,0,,,Low,Low,30.2,False,True,2,As needed,4.2,2024-07-26 12:35:09,2025-06-22 16:46:36
TSK0078,Process documentation,Process documentation for documentation phase of project PRJ080.,Documentation,PRJ080,Medium,Moderate,9.5,,3,"Illustrator,Photoshop,Figma",Analyst,Mid,,8.5,EMP136,2025-07-20,Not Started,42.0,2025-07-25,2025-08-05,,False,-2,5,,TSK0083,"TSK0162,TSK1134",,True,,False,0,,,Low,Critical,33.2,False,True,1,As needed,4.9,2024-10-24 09:42:47,2024-10-20 15:18:24
TSK0079,Create onboarding docs,Create onboarding docs for documentation phase of project PRJ024.,Documentation,PRJ024,High,Simple,3.0,,1,"Employment Law,Training",Analyst,Mid,,1.5,EMP042,2025-08-24,Blocked,49.3,2025-08-29,2025-09-06,,True,176,2,,,,,True,,False,0,,,High,Low,20.9,True,True,3,As needed,2.8,2024-02-24 15:10:13,2024-10-18 12:54:55
TSK0080,Competitor analysis,Competitor analysis for research phase of project PRJ023.,Research,PRJ023,Medium,Very Complex,85.0,,1,React,Developer,Junior,,1.4,EMP184,2025-06-15,In Review,74.8,2025-06-16,2025-07-10,,True,234,2,,,"TSK0224,TSK1672",,True,,False,0,,8.7,Low,High,5,True,False,4,Daily,8.2,2024-05-19 11:02:02,2025-09-17 09:51:27
TSK0081,Create onboarding docs,Create onboarding docs for documentation phase of project PRJ041.,Documentation,PRJ041,High,Simple,2.5,,8,"SAP,Bloomberg",Tester,Junior,AWS Certified,1.4,EMP037,,Not Started,31.4,2024-11-15,2024-11-25,,False,0,3,TSK0061,,"TSK1587,TSK1150",,True,,True,2,,9.2,Medium,High,40.0,True,False,3,As needed,2.6,2024-09-04 13:55:58,2024-11-03 14:33:03
TSK0082,Market sizing,Market sizing for research phase of project PRJ035.,Research,PRJ035,Critical,Moderate,12.9,10.8,3,"Excel,Communication",Developer,Mid,,4.1,EMP046,2024-09-09,Completed,100.0,2024-09-14,2024-09-22,2024-09-25,False,-3,5,,,"TSK1689,TSK0020",TSK0070,False,7.9,False,0,6.3,,Medium,Low,57.2,False,True,5,Daily,8.9,2024-04-12 09:06:29,2025-11-02 14:06:38
TSK0083,Team retrospective,Team retrospective for meeting phase of project PRJ003.,Meeting,PRJ003,Low,Complex,37.3,43.9,1,"SEO,Email Marketing,Copywriting",Designer,Senior,AWS Certified,5.7,EMP060,2024-06-27,Completed,100.0,2024-06-30,2024-07-10,2024-07-12,False,-3,1,"TSK0007,TSK0011",,"TSK1341,TSK1406",,False,8.9,False,0,6.4,8.6,Medium,Low,19.0,False,True,4,Daily,7.6,2024-07-14 10:29:38,2025-12-16 08:59:22
TSK0084,Stakeholder review,Stakeholder review for meeting phase of project PRJ096.,Meeting,PRJ096,Medium,Moderate,4.3,5.0,8,"Google Analytics,SEO,Email Marketing",Analyst,Senior,Scrum Master,6.2,EMP160,2024-02-14,In Progress,41.4,2024-02-19,2024-02-21,,True,739,4,"TSK0081,TSK0079",,"TSK0766,TSK1405",,False,,True,1,,8.3,Low,Low,15.1,False,True,5,Daily,6.4,2025-02-11 17:27:58,2025-12-13 08:04:34
TSK0085,Market sizing,Market sizing for research phase of project PRJ092.,Research,PRJ092,Medium,Moderate,13.3,,1,"User Research,Adobe XD",Analyst,Junior,,7.3,EMP074,2025-11-26,In Progress,38.8,2025-11-27,2025-12-03,,True,88,2,,TSK0098,"TSK1286,TSK0383",,True,,False,0,,8.6,Low,High,56.4,False,True,1,Daily,5.7,2025-03-07 18:02:22,2025-02-06 08:40:48
TSK0086,Update user guide,Update user guide for documentation phase of project PRJ072.,Documentation,PRJ072,Critical,Moderate,6.9,,8,"Email Marketing,Social Media,Content Marketing",Manager,Senior,AWS Certified,1,EMP158,2025-01-26,In Progress,28.3,2025-01-28,2025-02-06,,True,388,4,,TSK0094,"TSK0524,TSK0947",,True,,False,0,,7.0,Medium,Low,40.2,True,True,2,Weekly,7.1,2024-01-07 10:12:27,2024-11-20 09:41:50
TSK0087,Release notes,Release notes for documentation phase of project PRJ093.,Documentation,PRJ093,High,Simple,3.7,,3,Employment Law,Developer,Senior,AWS Certified,3.7,EMP198,2025-05-12,Blocked,0,2025-05-15,2025-05-17,,True,288,3,,,"TSK1433,TSK1237",,False,,False,0,,,Low,Critical,34.5,False,False,3,Bi-weekly,9.6,2024-11-14 08:42:06,2025-11-09 10:10:46
TSK0088,Impact assessment,Impact assessment for analysis phase of project PRJ062.,Analysis,PRJ062,Low,Simple,2.7,,13,"Social Media,Email Marketing,SEO",Developer,Junior,AWS Certified,7.1,EMP072,2024-08-21,Blocked,36.2,2024-08-22,2024-08-26,,True,552,2,,,,,False,,False,0,,7.0,Low,Low,18.9,True,False,1,Weekly,5.0,2025-03-03 13:56:03,2025-07-22 12:25:12
TSK0089,Code review,Code review for development phase of project PRJ088.,Development,PRJ088,Critical,Simple,3.1,2.7,1,Excel,Designer,Senior,Scrum Master,3.8,EMP025,2025-04-10,Blocked,45.1,2025-04-12,2025-04-21,,True,314,3,,,"TSK1725,TSK1978",,False,,True,3,,6.0,Low,Medium,14.7,False,False,2,Daily,4.2,2024-01-15 16:03:23,2025-07-21 16:56:23
TSK0090,Performance report,Performance report for analysis phase of project PRJ054.,Analysis,PRJ054,High,Very Complex,71.4,69.1,3,"VBA,QuickBooks",Designer,Junior,,3.8,EMP093,2024-06-04,Not Started,62.6,2024-06-05,2024-06-19,,False,-3,5,,"TSK0096,TSK0105","TSK1610,TSK0842",TSK0044,False,,False,0,,,Medium,High,27.0,False,True,5,Daily,5.3,2025-05-19 17:43:39,2024-09-09 17:59:26
TSK0091,Create wireframes,Create wireframes for design phase of project PRJ082.,Design,PRJ082,Medium,Moderate,13.8,,13,"Content Marketing,Copywriting",Analyst,Senior,,7.3,EMP035,2025-01-20,Not Started,4.6,2025-01-24,2025-02-01,,False,-4,2,"TSK0086,TSK0068",,,,False,,False,0,,,High,High,49.4,False,False,3,Weekly,3.6,2024-09-02 14:23:36,2025-09-27 12:25:24
TSK0092,Sprint planning,Sprint planning for meeting phase of project PRJ077.,Meeting,PRJ077,High,Moderate,13.7,11.6,3,"VBA,Bloomberg",Designer,Junior,PMP,1.3,EMP179,2024-03-18,Completed,100.0,2024-03-21,2024-03-27,2024-03-28,False,-1,3,,,"TSK0754,TSK1592",,False,7.4,False,0,8.8,9.6,Medium,Low,79.6,False,True,2,Weekly,9.4,2024-04-29 12:49:20,2025-04-13 11:45:51
TSK0093,Build REST API,Build REST API for development phase of project PRJ058.,Development,PRJ058,Medium,Simple,3.3,2.6,1,"Financial Modeling,VBA",Manager,Senior,,4.9,EMP032,,In Progress,58.7,2024-01-19,2024-01-21,,True,770,5,,,"TSK1019,TSK0398",TSK0021,False,,False,0,,7.1,High,Low,22.6,False,False,2,Weekly,9.0,2025-04-18 15:08:36,2025-08-15 14:43:20
TSK0094,Feasibility study,Feasibility study for research phase of project PRJ025.,Research,PRJ025,Low,Simple,1.8,,1,"Google Analytics,Copywriting",Developer,Junior,,3.1,EMP007,2025-10-05,Not Started,70.8,2025-10-06,2025-10-13,,False,-5,2,"TSK0004,TSK0078",,,,False,,False,0,,8.2,Medium,Medium,10.2,False,True,2,As needed,7.8,2024-12-18 10:46:23,2026-02-21 13:52:57
TSK0095,Data analysis,Data analysis for analysis phase of project PRJ085.,Analysis,PRJ085,High,Very Complex,43.4,49.8,13,"Docker,Django",Developer,Senior,,4.8,EMP155,2025-03-27,In Progress,71.3,2025-03-29,2025-04-10,,True,325,5,,,"TSK1020,TSK1614",TSK0065,False,,False,0,,7.7,Low,Critical,33.3,True,True,3,Weekly,8.9,2024-07-06 09:54:31,2025-08-20 12:34:55
TSK0096,Performance testing,Performance testing for testing phase of project PRJ100.,Testing,PRJ100,Medium,Simple,2.3,,3,"AWS,MongoDB,JavaScript",Analyst,Senior,AWS Certified,5.1,,2024-08-07,In Review,25.9,2024-08-09,2024-08-13,,True,565,2,,TSK0107,"TSK1302,TSK1619",,False,,True,3,,6.9,High,Low,25.9,False,True,2,Daily,4.9,2024-11-18 11:54:35,2025-04-09 09:41:35
TSK0097,Load testing,Load testing for testing phase of project PRJ020.,Testing,PRJ020,Low,Complex,19.9,16.4,13,Workday,Analyst,Mid,,8.0,EMP122,2025-05-30,Completed,100.0,2025-06-04,2025-06-13,2025-06-12,False,0,4,"TSK0010,TSK0073",,"TSK0188,TSK1181",TSK0076,False,7.3,False,0,8.8,,Medium,Critical,54.9,False,True,4,Daily,8.1,2024-01-19 12:10:27,2024-11-10 18:00:04
TSK0098,Write API docs,Write API docs for documentation phase of project PRJ084.,Documentation,PRJ084,Medium,Simple,3.0,2.7,8,"Recruiting,Employment Law",Manager,Mid,,4.2,EMP137,2025-08-03,In Progress,2.8,2025-08-08,2025-08-13,,True,200,4,,,"TSK0722,TSK0486",TSK0027,False,,False,0,,,High,High,33.9,True,False,4,Bi-weekly,3.1,2024-02-01 16:43:46,2026-01-14 18:21:11
TSK0099,Build design system,Build design system for design phase of project PRJ016.,Design,PRJ016,Low,Simple,2.8,3.6,1,"Google Analytics,Email Marketing",Developer,Mid,,7.1,EMP117,2025-05-09,In Review,63.1,2025-05-12,2025-05-20,,True,285,3,,,,,False,,False,0,,9.6,Medium,Medium,29.1,True,False,3,As needed,6.2,2025-04-20 15:05:07,2026-01-01 18:22:08
TSK0100,Create onboarding docs,Create onboarding docs for documentation phase of project PRJ090.,Documentation,PRJ090,Medium,Moderate,4.6,5.1,3,Illustrator,Manager,Senior,,5.1,EMP042,2024-06-29,In Review,90.5,2024-07-02,2024-07-09,,True,600,3,,,,,True,,False,0,,7.1,Medium,Low,5,False,False,5,Weekly,7.5,2024-09-05 12:17:37,2025-09-05 12:14:36
TSK0101,Security audit,Security audit for testing phase of project PRJ053.,Testing,PRJ053,Medium,Moderate,12.1,,8,"Communication,HubSpot,Excel",Tester,Mid,,6.0,EMP186,2025-08-26,Blocked,0.8,2025-08-30,2025-09-08,,True,174,5,"TSK0098,TSK0006",,,,False,,True,1,,,High,Critical,34.5,False,True,1,Weekly,7.2,2024-08-16 17:03:52,2024-06-29 10:57:47
TSK0102,Performance report,Performance report for analysis phase of project PRJ046.,Analysis,PRJ046,Low,Complex,19.3,18.0,5,"Project Management,Excel",Developer,Junior,AWS Certified,5.8,EMP087,2024-12-25,Completed,100.0,2024-12-30,2025-01-12,2025-01-13,False,-1,5,,,,,False,7.4,False,0,9.2,,High,Medium,44.8,False,True,3,As needed,2.1,2024-04-20 08:19:14,2025-09-05 17:26:32
TSK0103,Sprint planning,Sprint planning for meeting phase of project PRJ089.,Meeting,PRJ089,High,Complex,40.1,,5,"CRM,Communication,Prospecting",Designer,Junior,Scrum Master,5.3,EMP150,2025-10-25,Blocked,31.3,2025-10-28,2025-11-10,,True,111,2,,,,,False,,False,0,,,Low,Medium,37.3,True,False,1,Weekly,0.2,2024-12-04 14:36:06,2025-01-07 11:56:00
TSK0104,Design landing page,Design landing page for design phase of project PRJ003.,Design,PRJ003,Medium,Moderate,9.6,,13,"QuickBooks,VBA,Financial Modeling",Analyst,Senior,,7.3,EMP037,2025-03-09,Not Started,1.9,2025-03-14,2025-03-24,,False,-2,3,,,"TSK0140,TSK1939",TSK0075,False,,True,1,,,Low,Low,18.6,True,False,3,Daily,8.8,2024-02-29 15:52:56,2025-07-29 12:42:56
TSK0105,Release notes,Release notes for documentation phase of project PRJ060.,Documentation,PRJ060,High,Very Complex,104.9,120.6,8,"Docker,PostgreSQL",Analyst,Senior,PMP,5.3,EMP047,2024-11-22,Completed,100.0,2024-11-24,2024-12-17,2024-12-14,False,-1,4,,"TSK0118,TSK0124","TSK0995,TSK0511",,False,8.4,False,0,6.6,,Low,Low,28.3,True,True,1,Daily,5.3,2024-02-12 11:44:22,2025-12-19 14:51:58
TSK0106,Stakeholder review,Stakeholder review for meeting phase of project PRJ079.,Meeting,PRJ079,Low,Very Complex,117.8,,8,"MongoDB,Docker,JavaScript",Developer,Mid,,3.3,EMP154,2025-05-10,Not Started,21.1,2025-05-11,2025-06-05,,False,-4,1,TSK0072,,"TSK1661,TSK0534",,False,,False,0,,8.2,Low,Low,42.3,False,False,2,Bi-weekly,2.9,2025-03-29 08:19:32,2025-11-14 15:32:38
TSK0107,Update user guide,Update user guide for documentation phase of project PRJ043.,Documentation,PRJ043,Low,Moderate,13.7,17.8,13,"Workday,Employment Law",Analyst,Senior,,6.7,EMP049,2025-01-20,Not Started,32.7,2025-01-21,2025-02-02,,False,-3,3,"TSK0061,TSK0041",,,,False,,False,0,,,Low,Medium,36.8,False,True,3,As needed,2.2,2024-06-04 17:20:20,2026-01-17 14:14:27
TSK0108,Design landing page,Design landing page for design phase of project PRJ060.,Design,PRJ060,High,Complex,35.2,45.0,3,"Excel,Risk Analysis,Bloomberg",Developer,Senior,,6.1,EMP086,2025-11-09,In Progress,64.9,2025-11-11,2025-11-20,,True,101,1,,,,TSK0085,True,,False,0,,7.1,Medium,Medium,5,False,True,5,As needed,9.9,2024-11-01 08:06:48,2026-01-18 09:33:20
TSK0109,Test automation,Test automation for testing phase of project PRJ072.,Testing,PRJ072,Medium,Moderate,15.9,20.4,13,"Excel,ERP",Designer,Junior,,7.8,EMP135,2024-02-12,In Progress,62.6,2024-02-13,2024-02-23,,True,737,2,"TSK0085,TSK0024",TSK0123,"TSK1253,TSK0519",TSK0102,False,,False,0,,4.9,Medium,Low,36.4,True,False,4,Weekly,8.3,2025-02-20 17:39:38,2026-02-18 12:36:44
TSK0110,Release notes,Release notes for documentation phase of project PRJ013.,Documentation,PRJ013,High,Moderate,6.4,,3,Python,Designer,Senior,,8.1,EMP191,2025-03-15,Blocked,56.4,2025-03-18,2025-03-27,,True,339,4,,,,,False,,True,2,,,Low,Critical,47.7,False,False,2,As needed,7.6,2024-09-06 11:11:54,2025-12-22 11:56:55
TSK0111,Write API docs,Write API docs for documentation phase of project PRJ079.,Documentation,PRJ079,High,Complex,43.8,,5,"Lean Six Sigma,Supply Chain",Tester,Senior,Scrum Master,6.7,EMP139,2024-03-23,In Progress,0.6,2024-03-26,2024-04-12,,True,688,3,TSK0092,,"TSK1754,TSK0130",,False,,False,0,,7.5,High,Low,36.6,False,False,4,As needed,0.9,2024-02-14 14:48:40,2025-06-15 17:10:00
TSK0112,Kickoff meeting,Kickoff meeting for meeting phase of project PRJ069.,Meeting,PRJ069,Medium,Complex,41.3,51.2,13,"A/B Testing,Adobe Suite,Copywriting",Manager,Senior,PMP,5.1,EMP129,2025-04-18,In Progress,28.1,2025-04-23,2025-05-08,,True,297,4,,,,,False,,False,0,,7.2,Low,High,26.0,False,False,4,Daily,7.6,2024-11-01 10:37:55,2026-02-13 08:28:17
TSK0113,Sprint planning,Sprint planning for meeting phase of project PRJ061.,Meeting,PRJ061,Low,Complex,27.2,,5,"Conflict Resolution,Training",Manager,Mid,,4.9,EMP142,2025-09-21,In Review,26.0,2025-09-25,2025-10-07,,True,145,4,,,"TSK1502,TSK1191",,False,,False,0,,7.8,High,Low,20.1,False,True,5,Weekly,6.6,2025-02-07 08:20:10,2024-09-30 08:10:25
TSK0114,Design landing page,Design landing page for design phase of project PRJ059.,Design,PRJ059,Low,Moderate,10.6,,3,"Bloomberg,Financial Modeling,Excel",Manager,Mid,,2.1,EMP001,,Not Started,23.2,2024-10-04,2024-10-15,,False,-4,3,"TSK0054,TSK0111",,,,False,,False,0,,6.5,Low,Low,46.5,False,False,4,Bi-weekly,1.0,2024-09-24 17:12:52,2025-08-23 16:42:54
TSK0115,UAT coordination,UAT coordination for testing phase of project PRJ056.,Testing,PRJ056,Medium,Simple,3.3,,2,Figma,Analyst,Junior,PMP,4.8,EMP110,2024-06-10,Not Started,42.6,2024-06-14,2024-06-22,,False,-4,1,,,"TSK1865,TSK0705",TSK0056,True,,False,0,,,Medium,Medium,20.2,True,False,1,Daily,3.3,2024-08-08 18:41:42,2025-03-29 15:50:01
TSK0116,Performance testing,Performance testing for testing phase of project PRJ064.,Testing,PRJ064,Medium,Very Complex,57.3,,2,Excel,Designer,Junior,AWS Certified,4.1,EMP025,2025-08-30,In Review,43.0,2025-09-03,2025-09-17,,True,165,5,,TSK0129,,,False,,True,2,,6.5,High,Medium,19.1,False,True,3,Bi-weekly,1.7,2024-11-08 10:43:53,2025-05-21 10:45:54
TSK0117,Security audit,Security audit for testing phase of project PRJ013.,Testing,PRJ013,Medium,Very Complex,59.5,,5,QuickBooks,Developer,Mid,,3.5,EMP013,2024-02-23,In Review,73.0,2024-02-26,2024-03-13,,True,718,1,,,"TSK0533,TSK0593",,False,,False,0,,10,Medium,Low,27.2,True,True,2,As needed,0.8,2024-03-11 11:15:52,2025-11-16 17:11:27
TSK0118,Add unit tests,Add unit tests for development phase of project PRJ066.,Development,PRJ066,Medium,Moderate,6.1,4.6,1,"SEO,Content Marketing,Copywriting",Manager,Junior,,3.4,EMP143,2025-05-02,Blocked,37.0,2025-05-06,2025-05-17,,True,288,4,,TSK0130,,,False,,False,0,,6.4,Medium,Medium,8.5,True,True,5,Bi-weekly,8.9,2025-03-16 12:57:21,2024-07-24 17:37:36
TSK0119,Process documentation,Process documentation for documentation phase of project PRJ004.,Documentation,PRJ004,High,Simple,2.6,,3,"Risk Analysis,Bloomberg",Tester,Mid,,6.0,EMP181,2024-01-15,Blocked,60.6,2024-01-18,2024-01-28,,True,763,2,,,,,False,,False,0,,6.5,Low,Low,18.6,True,True,5,As needed,7.3,2024-03-16 10:19:33,2025-12-06 11:40:38
TSK0120,Root cause analysis,Root cause analysis for analysis phase of project PRJ058.,Analysis,PRJ058,High,Moderate,15.1,16.2,5,Excel,Designer,Senior,PMP,5.9,EMP053,2024-09-24,Blocked,74.0,2024-09-25,2024-10-04,,True,513,1,,,,,False,,False,0,,7.8,High,Medium,16.9,False,True,5,Daily,3.7,2024-05-31 16:55:27,2025-08-08 17:13:14
TSK0121,Data analysis,Data analysis for analysis phase of project PRJ048.,Analysis,PRJ048,Low,Complex,23.3,,8,Figma,Designer,Senior,,5.1,,2025-04-19,Blocked,22.5,2025-04-20,2025-04-25,,True,310,3,,,"TSK0207,TSK1753",,False,,False,0,,6.9,Low,High,51.8,True,True,4,Daily,9.1,2025-05-23 11:24:48,2025-07-17 10:58:28
TSK0122,Add unit tests,Add unit tests for development phase of project PRJ028.,Development,PRJ028,High,Moderate,11.2,,13,"Project Management,ERP",Tester,Junior,,7.1,EMP083,2025-09-20,Blocked,21.3,2025-09-25,2025-09-28,,True,154,1,"TSK0102,TSK0113","TSK0132,TSK0130",,,False,,False,0,,5.4,Medium,Critical,32.3,True,False,3,Weekly,5.2,2025-01-21 12:16:04,2025-07-28 09:02:57
TSK0123,Deploy to staging,Deploy to staging for development phase of project PRJ080.,Development,PRJ080,Critical,Moderate,15.4,14.4,2,Python,Tester,Junior,,3.6,EMP096,2025-10-10,In Progress,5.1,2025-10-12,2025-10-20,,True,132,4,"TSK0087,TSK0035",,,,False,,False,0,,8.3,High,Low,18.1,False,True,5,Bi-weekly,9.4,2025-04-10 12:55:20,2025-05-26 09:54:45
TSK0124,Design landing page,Design landing page for design phase of project PRJ099.,Design,PRJ099,Medium,Complex,28.3,22.3,2,"Power BI,Project Management",Designer,Junior,,4.5,EMP028,2024-07-16,Completed,100.0,2024-07-20,2024-07-26,2024-07-30,False,-5,4,,,,,True,8.3,False,0,8.8,8.2,Low,High,43.1,False,False,2,Weekly,4.0,2024-12-23 12:50:10,2024-07-11 12:04:41
TSK0125,Data analysis,Data analysis for analysis phase of project PRJ022.,Analysis,PRJ022,High,Simple,1.3,,13,"Prototyping,Photoshop",Designer,Junior,,8.5,EMP006,,Not Started,3.7,2025-04-17,2025-04-21,,False,-5,1,,,"TSK1496,TSK1507",,False,,False,0,,,High,Critical,33.5,True,True,3,Weekly,1.9,2024-01-15 12:53:56,2025-01-06 10:26:06
TSK0126,Deploy to staging,Deploy to staging for development phase of project PRJ069.,Development,PRJ069,High,Simple,1.6,1.7,2,Figma,Tester,Junior,,6.2,EMP103,2025-01-21,Completed,100.0,2025-01-25,2025-01-30,2025-02-01,False,-1,1,,,,,False,7.6,False,0,7.2,,High,Low,5,True,True,5,As needed,0.9,2024-02-05 18:28:10,2024-11-12 09:06:13
TSK0127,Create onboarding docs,Create onboarding docs for documentation phase of project PRJ049.,Documentation,PRJ049,Medium,Complex,29.0,,5,"User Research,Figma",Analyst,Junior,,5.9,EMP182,2024-07-08,Not Started,67.3,2024-07-09,2024-07-16,,False,-3,1,TSK0106,,"TSK0440,TSK1867",,False,,False,0,,,High,Low,31.8,False,True,4,As needed,8.8,2025-01-19 17:01:13,2024-12-05 14:41:40
TSK0128,Test automation,Test automation for testing phase of project PRJ041.,Testing,PRJ041,Low,Very Complex,72.3,83.6,1,"Excel,SAP",Analyst,Senior,Scrum Master,5.6,EMP178,2024-10-30,Not Started,0,2024-11-03,2024-11-25,,False,-3,1,,,"TSK1861,TSK1053",,False,,False,0,,,Low,Low,17.8,False,True,4,Bi-weekly,0.2,2024-08-24 15:52:42,2025-12-23 09:36:07
TSK0129,Update user guide,Update user guide for documentation phase of project PRJ005.,Documentation,PRJ005,Medium,Complex,32.4,,8,"Salesforce,Negotiation",Developer,Junior,AWS Certified,4.7,EMP161,2025-02-15,Not Started,0,2025-02-17,2025-03-04,,False,0,2,,,,,False,,False,0,,7.5,Low,Low,32.5,True,True,5,As needed,2.5,2024-10-25 14:29:15,2026-01-29 09:39:00
TSK0130,Code review,Code review for development phase of project PRJ067.,Development,PRJ067,Medium,Complex,32.5,,5,Communication,Developer,Senior,,5.7,EMP161,2023-12-31,Not Started,46.3,2024-01-03,2024-01-10,,False,0,5,TSK0087,,"TSK1223,TSK1672",,False,,False,0,,6.8,Low,Low,31.1,False,True,4,Daily,9.3,2024-03-28 13:05:42,2026-02-09 16:41:23
TSK0131,Kickoff meeting,Kickoff meeting for meeting phase of project PRJ034.,Meeting,PRJ034,Medium,Simple,2.7,,5,"A/B Testing,Google Analytics",Developer,Junior,Scrum Master,2.9,EMP083,2025-10-12,In Review,49.4,2025-10-13,2025-10-19,,True,133,1,TSK0025,TSK0140,,TSK0074,True,,False,0,,6.3,Medium,Medium,38.9,True,True,1,As needed,2.6,2024-11-28 10:29:14,2025-06-03 18:12:26
TSK0132,Security audit,Security audit for testing phase of project PRJ021.,Testing,PRJ021,Critical,Simple,4.0,,2,"Figma,Prototyping",Manager,Mid,,6.2,EMP028,2025-09-24,Not Started,7.1,2025-09-26,2025-09-29,,False,-3,5,,,"TSK0061,TSK0184",,False,,True,3,,,High,Critical,26.9,True,True,1,Bi-weekly,9.5,2025-01-18 08:31:47,2025-08-14 14:48:20
TSK0133,Build design system,Build design system for design phase of project PRJ099.,Design,PRJ099,High,Very Complex,97.9,,8,"Google Analytics,Copywriting",Tester,Mid,,6.3,EMP057,2024-11-04,In Review,53.6,2024-11-08,2024-11-28,,True,458,2,,,"TSK0208,TSK1535",,True,,False,0,,3.4,Medium,Low,45.0,False,False,4,Bi-weekly,9.3,2025-02-13 10:54:08,2025-03-10 09:59:39
TSK0134,User research,User research for research phase of project PRJ053.,Research,PRJ053,High,Moderate,14.3,,8,Training,Developer,Mid,,4.2,,2025-04-20,In Review,40.1,2025-04-23,2025-04-28,,True,307,2,"TSK0097,TSK0040",,"TSK0526,TSK1178",TSK0005,False,,False,0,,,Medium,High,18.0,False,True,1,Daily,6.7,2025-05-19 11:34:35,2024-08-22 16:09:29
TSK0135,Build design system,Build design system for design phase of project PRJ001.,Design,PRJ001,High,Moderate,7.7,9.0,3,"Recruiting,SAP HR,Conflict Resolution",Developer,Senior,,5.3,EMP071,2025-05-26,In Review,18.9,2025-05-27,2025-06-07,,True,267,2,,,"TSK1524,TSK1948",TSK0002,False,,False,0,,7.5,Low,Low,40.0,False,False,5,As needed,0.5,2024-02-29 11:10:03,2024-12-24 09:38:28
TSK0136,Write API docs,Write API docs for documentation phase of project PRJ076.,Documentation,PRJ076,High,Very Complex,34.5,,13,"Recruiting,Employment Law,SAP HR",Tester,Mid,,4.4,EMP028,2024-01-11,Not Started,3.5,2024-01-14,2024-01-24,,False,-4,3,,,,,True,,False,0,,4.4,Medium,High,5,True,True,1,Daily,4.7,2024-06-19 16:33:43,2025-08-29 16:47:00
TSK0137,Technology evaluation,Technology evaluation for research phase of project PRJ018.,Research,PRJ018,High,Moderate,4.7,4.8,2,HRIS,Manager,Senior,AWS Certified,3.2,EMP029,2024-04-17,In Progress,38.8,2024-04-18,2024-04-26,,True,674,1,,,"TSK1481,TSK1468",,False,,False,0,,,Low,Low,33.4,True,True,3,Weekly,8.0,2024-05-18 11:56:25,2024-12-08 10:52:07
TSK0138,User research,User research for research phase of project PRJ075.,Research,PRJ075,Low,Very Complex,84.2,91.4,8,"TypeScript,PostgreSQL",Manager,Junior,,7.6,EMP175,2024-09-21,Completed,100.0,2024-09-22,2024-10-14,2024-10-10,False,-2,4,,,"TSK0746,TSK0096",,False,5.3,False,0,8.0,6.9,Low,High,48.1,False,False,2,Weekly,2.9,2024-10-26 16:04:14,2024-06-25 08:19:58
TSK0139,Code review,Code review for development phase of project PRJ095.,Development,PRJ095,Medium,Complex,14.7,,5,"Illustrator,Prototyping,Sketch",Analyst,Mid,,2.5,EMP094,2024-05-28,Not Started,77.7,2024-05-30,2024-06-04,,False,0,3,,,"TSK1680,TSK1656",TSK0109,True,,False,0,,,Medium,Medium,13.3,False,False,2,Daily,9.1,2025-05-19 13:51:06,2024-10-16 11:37:23
TSK0140,Metrics dashboard,Metrics dashboard for analysis phase of project PRJ073.,Analysis,PRJ073,Medium,Simple,2.1,2.0,3,"Supply Chain,ERP",Manager,Senior,Scrum Master,4.4,EMP005,2024-02-12,In Progress,43.5,2024-02-16,2024-02-25,,True,735,2,,,,,False,,False,0,,8.5,Low,Medium,42.8,True,True,3,As needed,6.7,2025-01-27 08:10:36,2024-11-24 13:16:49
TSK0141,Root cause analysis,Root cause analysis for analysis phase of project PRJ051.,Analysis,PRJ051,High,Moderate,5.8,4.8,1,"HRIS,Training,SAP HR",Developer,Mid,Scrum Master,3.9,EMP003,2024-10-31,Completed,100.0,2024-11-03,2024-11-05,2024-11-07,False,-4,4,,"TSK0158,TSK0157","TSK1918,TSK1072",,False,8.7,False,0,6.0,9.0,Medium,Medium,19.2,False,True,1,Weekly,4.7,2025-03-04 09:57:20,2026-02-01 15:27:16
TSK0142,Data analysis,Data analysis for analysis phase of project PRJ002.,Analysis,PRJ002,Medium,Complex,38.6,39.2,8,"VBA,Excel,Financial Modeling",Developer,Junior,PMP,4.8,EMP112,2025-05-23,Completed,100.0,2025-05-27,2025-06-11,2025-06-12,False,-4,4,,TSK0158,,,False,9.8,False,0,7.5,,Low,High,41.9,False,True,2,Daily,3.7,2024-04-16 14:37:00,2024-12-30 17:54:51
TSK0143,Brand refresh,Brand refresh for design phase of project PRJ024.,Design,PRJ024,Low,Simple,2.2,,1,VBA,Developer,Junior,,6.0,EMP020,2024-09-27,Blocked,72.9,2024-09-29,2024-10-03,,True,514,4,,,,,False,,False,0,,10,Low,Critical,38.7,False,False,5,Daily,5.4,2024-02-03 14:48:59,2025-04-29 12:03:10
TSK0144,Test automation,Test automation for testing phase of project PRJ079.,Testing,PRJ079,High,Complex,31.8,,5,TypeScript,Designer,Mid,,6.4,EMP047,2025-09-08,Not Started,60.6,2025-09-11,2025-09-21,,False,-2,2,,,,,False,,False,0,,10,High,Critical,29.5,False,False,4,Daily,1.7,2024-01-11 18:45:59,2024-09-14 17:53:54
TSK0145,Create wireframes,Create wireframes for design phase of project PRJ077.,Design,PRJ077,Low,Simple,1.2,1.5,2,Negotiation,Developer,Senior,,5.1,EMP009,2024-08-28,In Review,63.9,2024-08-31,2024-09-02,,True,545,3,,,"TSK1631,TSK1471",,False,,False,0,,8.3,High,High,25.4,True,False,2,Weekly,2.9,2024-09-09 14:58:10,2026-01-28 14:08:00
TSK0146,Performance report,Performance report for analysis phase of project PRJ069.,Analysis,PRJ069,Low,Moderate,12.9,10.1,8,"A/B Testing,Content Marketing,Adobe Suite",Tester,Mid,,3.7,EMP015,2024-09-30,In Progress,72.6,2024-10-02,2024-10-10,,True,507,1,,TSK0159,"TSK0701,TSK1275",,True,,False,0,,8.1,Medium,Low,27.3,False,False,2,As needed,8.5,2024-10-07 15:20:09,2025-11-03 18:58:25
TSK0147,Write integration tests,Write integration tests for testing phase of project PRJ050.,Testing,PRJ050,Low,Very Complex,93.1,,3,"QuickBooks,Financial Modeling",Analyst,Junior,Scrum Master,4.1,EMP169,2024-08-17,Blocked,43.7,2024-08-22,2024-09-08,,True,539,1,TSK0026,,"TSK0994,TSK1879",,False,,False,0,,,Low,High,24.6,True,False,5,Weekly,7.1,2024-09-17 18:51:43,2025-04-26 16:50:07
TSK0148,Release notes,Release notes for documentation phase of project PRJ024.,Documentation,PRJ024,High,Very Complex,57.2,,1,"Bloomberg,SAP,QuickBooks",Analyst,Senior,,3.6,EMP061,2025-05-14,Blocked,0,2025-05-19,2025-06-05,,True,269,5,,,"TSK1587,TSK0657",,False,,False,0,,,Low,High,21.7,False,True,3,Weekly,8.6,2024-11-22 13:05:50,2026-01-21 14:10:35
TSK0149,Brand refresh,Brand refresh for design phase of project PRJ023.,Design,PRJ023,Low,Moderate,13.1,10.9,1,"Financial Modeling,Risk Analysis",Manager,Mid,AWS Certified,5.6,EMP142,,Blocked,78.1,2025-11-10,2025-11-20,,True,101,2,,,,TSK0088,True,,False,0,,7.0,High,High,18.4,False,True,1,Daily,7.2,2024-03-17 08:47:48,2024-08-26 17:14:15
TSK0150,Performance testing,Performance testing for testing phase of project PRJ098.,Testing,PRJ098,Medium,Complex,16.8,,5,SAP,Tester,Senior,,5.5,EMP108,2025-08-24,In Review,31.2,2025-08-29,2025-09-05,,True,177,4,,,,,False,,True,3,,7.7,High,Medium,48.7,True,False,2,As needed,1.1,2024-09-22 12:45:05,2025-08-20 12:08:12
TSK0151,Design critique,Design critique for meeting phase of project PRJ013.,Meeting,PRJ013,Medium,Moderate,13.8,,13,Supply Chain,Tester,Mid,AWS Certified,2.7,EMP108,2024-06-27,Not Started,71.3,2024-07-01,2024-07-12,,False,-2,4,,,,,True,,False,0,,,High,Medium,15.2,False,False,2,Weekly,2.7,2025-03-14 13:50:12,2025-10-27 14:36:16
TSK0152,Market sizing,Market sizing for research phase of project PRJ073.,Research,PRJ073,High,Simple,2.1,,8,HRIS,Designer,Junior,PMP,5.5,EMP011,2024-08-16,In Review,99,2024-08-18,2024-08-26,,True,552,2,,,,,False,,True,1,,7.9,High,Low,28.4,False,False,4,Daily,2.9,2025-04-11 16:58:33,2025-02-24 12:13:29
TSK0153,Deploy to staging,Deploy to staging for development phase of project PRJ051.,Development,PRJ051,High,Simple,3.3,,13,ERP,Developer,Junior,,7.1,EMP104,2025-02-27,In Review,9.3,2025-02-28,2025-03-09,,True,357,2,,,"TSK1331,TSK1723",,False,,False,0,,,Medium,Critical,30.4,False,True,2,As needed,2.7,2025-03-11 17:32:15,2025-01-03 08:25:30
TSK0154,Architecture review,Architecture review for meeting phase of project PRJ057.,Meeting,PRJ057,High,Simple,2.2,,8,VBA,Designer,Mid,Scrum Master,2.9,EMP072,2024-07-01,Not Started,0,2024-07-06,2024-07-14,,False,0,4,,,"TSK1779,TSK1737",TSK0124,True,,False,0,,,Medium,High,52.3,False,True,2,Daily,6.9,2024-03-01 12:41:54,2025-12-27 14:48:44
TSK0155,KPI review,KPI review for analysis phase of project PRJ010.,Analysis,PRJ010,Medium,Moderate,12.7,,13,"Excel,Lean Six Sigma,Project Management",Analyst,Senior,,1.9,EMP004,2024-02-27,Not Started,53.0,2024-03-03,2024-03-08,,False,0,4,TSK0119,TSK0173,"TSK0062,TSK0423",,False,,False,0,,6.3,Low,Low,23.3,False,False,5,Daily,1.1,2025-01-02 17:39:26,2025-09-04 08:24:38
TSK0156,Brand refresh,Brand refresh for design phase of project PRJ009.,Design,PRJ009,High,Complex,27.8,26.6,1,User Research,Developer,Mid,,3.7,EMP191,2025-06-26,Not Started,25.6,2025-06-27,2025-07-05,,False,-1,3,,"TSK0165,TSK0164",,TSK0149,False,,False,0,,7.4,High,Low,23.7,False,True,4,Daily,9.4,2024-06-08 14:40:19,2024-07-14 15:56:03
TSK0157,User testing,User testing for design phase of project PRJ004.,Design,PRJ004,Medium,Moderate,10.2,,13,"Email Marketing,A/B Testing,Google Analytics",Tester,Senior,AWS Certified,6.2,EMP198,2025-06-21,Not Started,34.3,2025-06-25,2025-06-30,,False,0,5,,"TSK0175,TSK0158",,,False,,False,0,,8.4,High,Medium,38.0,True,True,2,As needed,1.9,2024-09-27 12:17:13,2025-04-30 17:24:40
TSK0158,Architecture review,Architecture review for meeting phase of project PRJ024.,Meeting,PRJ024,High,Moderate,10.3,13.7,5,"JavaScript,Go,TypeScript",Developer,Junior,,3.8,EMP056,2024-01-09,Completed,100.0,2024-01-12,2024-01-19,2024-01-21,False,-3,2,,,"TSK1567,TSK1826",,False,7.4,False,0,7.6,,Medium,High,5,False,True,5,As needed,7.9,2024-10-12 18:01:15,2025-07-15 12:53:56
TSK0159,Update user guide,Update user guide for documentation phase of project PRJ070.,Documentation,PRJ070,Low,Moderate,12.6,17.6,8,"Kubernetes,Node.js",Designer,Senior,AWS Certified,5.8,EMP033,2025-01-11,Completed,100.0,2025-01-13,2025-01-21,2025-01-23,False,-4,4,,,,,True,4.4,False,0,8.6,8.9,Medium,Critical,5,False,True,4,Weekly,1.9,2024-12-19 14:39:37,2026-02-06 18:52:09
TSK0160,Update user guide,Update user guide for documentation phase of project PRJ095.,Documentation,PRJ095,High,Very Complex,79.3,,1,"Excel,Prospecting",Manager,Junior,,8.1,EMP127,2025-05-02,In Progress,27.6,2025-05-03,2025-05-24,,True,281,5,,TSK0165,"TSK0102,TSK1337",TSK0120,True,,True,2,,,High,Low,46.4,False,True,1,Bi-weekly,7.3,2024-03-13 11:19:07,2024-06-18 11:33:51
TSK0161,Write API docs,Write API docs for documentation phase of project PRJ064.,Documentation,PRJ064,Medium,Very Complex,105.9,83.9,8,"CRM,Negotiation",Tester,Mid,Scrum Master,4.5,EMP171,2025-07-03,Completed,100.0,2025-07-07,2025-08-01,2025-08-04,False,0,3,,,"TSK1921,TSK1165",TSK0140,False,9.2,True,2,7.2,10,Low,High,39.0,False,True,1,Daily,4.7,2025-01-08 11:40:59,2024-06-03 15:39:26
TSK0162,Market sizing,Market sizing for research phase of project PRJ013.,Research,PRJ013,Critical,Moderate,8.0,6.5,2,Sketch,Developer,Junior,,7.9,EMP126,2025-10-14,Completed,100.0,2025-10-19,2025-10-26,2025-10-27,False,-3,1,TSK0019,,,TSK0086,False,7.1,False,0,7.8,7.0,High,Low,9.7,True,True,2,Bi-weekly,7.3,2024-10-27 12:17:54,2025-09-03 12:35:38
TSK0163,Refactor database layer,Refactor database layer for development phase of project PRJ100.,Development,PRJ100,Medium,Moderate,9.3,,1,"JavaScript,Django,GCP",Analyst,Mid,AWS Certified,3.7,EMP121,2024-08-17,Blocked,0,2024-08-18,2024-08-26,,True,552,1,,,"TSK0151,TSK1144",,False,,False,0,,,High,Low,25.2,False,False,3,Bi-weekly,7.2,2025-02-05 18:23:15,2026-02-07 18:07:58
TSK0164,Market sizing,Market sizing for research phase of project PRJ007.,Research,PRJ007,High,Complex,12.1,,13,Excel,Tester,Senior,PMP,1.4,EMP071,2024-01-10,In Review,51.0,2024-01-13,2024-01-21,,True,770,3,,,,,True,,True,1,,6.8,Medium,High,47.0,True,False,3,As needed,7.1,2024-07-30 11:46:15,2025-05-17 14:08:12
TSK0165,Add unit tests,Add unit tests for development phase of project PRJ025.,Development,PRJ025,High,Moderate,7.2,,13,"Rust,Java,GCP",Developer,Junior,,7.6,EMP143,2024-02-19,Not Started,0,2024-02-24,2024-03-04,,False,-1,4,TSK0038,,,,False,,False,0,,4.6,Low,Critical,90,False,False,2,Weekly,0.2,2024-08-19 17:57:30,2024-06-08 15:30:17
TSK0166,Security audit,Security audit for testing phase of project PRJ092.,Testing,PRJ092,Medium,Moderate,12.4,16.2,3,"GCP,PostgreSQL,AWS",Designer,Junior,AWS Certified,6.3,EMP075,2025-11-25,Not Started,52.4,2025-11-26,2025-12-02,,False,-5,2,,,,TSK0125,False,,False,0,,6.6,Low,Medium,50.1,True,False,1,As needed,2.4,2025-02-09 14:15:27,2024-06-09 13:02:08
TSK0167,Design critique,Design critique for meeting phase of project PRJ068.,Meeting,PRJ068,High,Simple,2.9,3.7,13,Excel,Analyst,Junior,,3.7,EMP012,2025-08-22,In Review,0,2025-08-24,2025-08-27,,True,186,1,,,"TSK0086,TSK0102",,True,,True,2,,6.5,Medium,High,72.1,False,False,3,Bi-weekly,9.8,2024-05-20 08:20:18,2025-12-23 17:18:44
TSK0168,Regression test suite,Regression test suite for testing phase of project PRJ043.,Testing,PRJ043,Medium,Simple,2.7,,8,"HRIS,Training",Manager,Junior,,2.6,EMP073,2025-01-29,Blocked,12.1,2025-02-02,2025-02-09,,True,385,3,,"TSK0173,TSK0178",,,True,,False,0,,,Low,High,25.3,False,True,1,Daily,4.4,2024-04-02 14:31:51,2024-09-05 13:27:03
TSK0169,UAT coordination,UAT coordination for testing phase of project PRJ068.,Testing,PRJ068,Medium,Simple,1.4,,13,"Email Marketing,SEO,Google Analytics",Tester,Junior,,5.0,EMP015,2025-08-26,In Review,24.8,2025-08-27,2025-09-03,,True,179,3,"TSK0112,TSK0077",,,,False,,False,0,,7.4,High,Critical,5,False,True,2,Weekly,9.9,2025-05-04 15:51:46,2024-08-30 16:16:15
TSK0170,Root cause analysis,Root cause analysis for analysis phase of project PRJ001.,Analysis,PRJ001,High,Simple,1.6,,3,"Lean Six Sigma,Power BI,Supply Chain",Designer,Mid,,8.0,EMP179,2024-09-02,Not Started,0,2024-09-04,2024-09-09,,False,-1,2,,,,TSK0137,False,,True,1,,8.9,Low,Medium,30.9,False,True,1,Daily,4.2,2024-07-12 11:48:51,2024-11-27 16:17:18
TSK0171,Design landing page,Design landing page for design phase of project PRJ028.,Design,PRJ028,Critical,Moderate,4.8,5.1,1,"Adobe XD,Illustrator",Designer,Mid,Scrum Master,6.3,EMP085,2024-01-08,Blocked,99,2024-01-10,2024-01-19,,True,772,3,"TSK0073,TSK0063",,,,True,,False,0,,,High,Low,49.5,False,True,4,Daily,2.1,2025-01-05 08:15:24,2024-07-06 13:39:20
TSK0172,Build design system,Build design system for design phase of project PRJ080.,Design,PRJ080,Medium,Moderate,11.6,,8,"Supply Chain,ERP",Manager,Mid,PMP,4.4,EMP005,2025-04-26,Not Started,14.6,2025-04-29,2025-05-06,,False,-3,1,"TSK0049,TSK0131",,"TSK0548,TSK0646",,True,,False,0,,,Low,Critical,29.7,False,False,5,Daily,2.6,2025-03-13 08:37:47,2026-02-26 13:52:20
TSK0173,Fix critical bug,Fix critical bug for development phase of project PRJ037.,Development,PRJ037,Medium,Complex,19.5,24.2,13,JavaScript,Designer,Junior,AWS Certified,1.2,EMP098,2024-08-04,Completed,100.0,2024-08-09,2024-08-16,2024-08-17,False,-3,2,,,,TSK0045,False,7.9,False,0,7.1,,Low,High,31.8,False,True,5,As needed,0.6,2025-05-28 16:09:58,2024-10-10 11:28:33
TSK0174,Sprint planning,Sprint planning for meeting phase of project PRJ070.,Meeting,PRJ070,High,Simple,3.0,,3,"Employment Law,Training,Conflict Resolution",Tester,Mid,,2.4,EMP095,2025-01-27,In Review,2.2,2025-01-28,2025-01-31,,True,394,2,,,,,True,,False,0,,7.9,Medium,High,23.0,False,False,5,As needed,9.5,2024-12-04 15:42:59,2025-11-18 14:20:20
TSK0175,Root cause analysis,Root cause analysis for analysis phase of project PRJ098.,Analysis,PRJ098,Medium,Moderate,5.2,,3,"Excel,Lean Six Sigma",Manager,Senior,,4.2,EMP087,2024-01-04,In Progress,65.9,2024-01-06,2024-01-08,,True,783,1,"TSK0076,TSK0002",TSK0182,,,True,,False,0,,8.3,High,High,5,False,True,2,As needed,0.6,2024-02-16 13:46:03,2025-12-06 17:47:34
TSK0176,Icon set design,Icon set design for design phase of project PRJ004.,Design,PRJ004,Critical,Complex,22.0,18.7,3,"Supply Chain,Lean Six Sigma,ERP",Manager,Senior,,7.5,EMP125,2024-01-08,Not Started,66.3,2024-01-13,2024-01-24,,False,-1,1,,,"TSK1312,TSK1309",,True,,False,0,,6.3,Medium,Low,31.6,True,False,1,Weekly,7.2,2024-09-13 12:09:41,2024-07-16 11:05:22
TSK0177,Update user guide,Update user guide for documentation phase of project PRJ077.,Documentation,PRJ077,Critical,Simple,2.6,,8,"Illustrator,Sketch",Designer,Junior,,3.2,EMP145,2024-07-12,Blocked,21.7,2024-07-14,2024-07-20,,True,589,2,,,"TSK1790,TSK0812",,False,,False,0,,7.0,Low,Medium,55.9,True,False,1,Bi-weekly,7.2,2025-01-20 17:48:17,2024-11-17 15:26:53
TSK0178,User research,User research for research phase of project PRJ038.,Research,PRJ038,Critical,Simple,3.5,2.9,8,"JavaScript,Node.js,MongoDB",Designer,Junior,PMP,7.0,EMP175,2025-02-14,Completed,100.0,2025-02-16,2025-02-20,2025-02-18,False,0,5,,,"TSK0244,TSK0923",,True,9.2,False,0,8.2,5.8,Low,Medium,5,True,False,4,Bi-weekly,8.2,2025-04-03 08:42:56,2025-12-18 12:51:29
TSK0179,Technology evaluation,Technology evaluation for research phase of project PRJ075.,Research,PRJ075,Medium,Moderate,11.5,11.4,8,"SQL,Node.js",Tester,Junior,,5.7,EMP139,2024-07-21,Completed,100.0,2024-07-26,2024-08-06,2024-08-11,False,-1,1,,,,TSK0040,False,9.0,False,0,8.1,6.9,Medium,Low,52.6,True,True,1,Weekly,1.1,2024-01-29 18:54:21,2024-08-30 16:56:51
TSK0180,Release notes,Release notes for documentation phase of project PRJ013.,Documentation,PRJ013,Low,Moderate,13.5,15.5,1,"Conflict Resolution,Employment Law",Manager,Senior,PMP,5.4,,2024-04-06,Blocked,41.2,2024-04-10,2024-04-22,,True,678,2,,,,,False,,False,0,,5.5,High,Medium,47.4,False,True,3,As needed,0.1,2025-05-13 15:15:47,2024-09-12 10:53:51
TSK0181,Sprint planning,Sprint planning for meeting phase of project PRJ028.,Meeting,PRJ028,Low,Moderate,11.6,11.7,3,Photoshop,Developer,Junior,AWS Certified,4.6,EMP155,2024-12-29,In Review,51.8,2025-01-01,2025-01-06,,True,419,1,,,,TSK0101,False,,False,0,,7.4,High,Low,53.5,False,True,4,As needed,6.2,2024-02-24 10:14:40,2025-04-06 18:17:22
TSK0182,Feasibility study,Feasibility study for research phase of project PRJ066.,Research,PRJ066,Medium,Moderate,9.7,7.0,5,"Negotiation,Prospecting,Salesforce",Manager,Senior,,3.6,EMP017,2024-08-24,In Review,52.9,2024-08-25,2024-09-03,,True,544,4,,"TSK0190,TSK0186","TSK0755,TSK1888",,False,,False,0,,7.5,Low,Medium,14.3,True,True,3,Daily,5.5,2024-09-17 16:15:37,2025-08-18 14:01:29
TSK0183,Create wireframes,Create wireframes for design phase of project PRJ039.,Design,PRJ039,Medium,Moderate,9.7,9.4,5,"Figma,Illustrator,User Research",Designer,Mid,PMP,5.3,EMP161,2024-12-15,In Review,77.4,2024-12-19,2024-12-27,,True,429,5,,,,TSK0125,False,,True,3,,6.2,High,Medium,39.6,False,False,2,As needed,2.9,2024-09-04 11:49:59,2024-06-30 10:27:54
TSK0184,Stakeholder review,Stakeholder review for meeting phase of project PRJ045.,Meeting,PRJ045,Critical,Complex,32.7,31.7,5,"Illustrator,User Research",Analyst,Senior,,5.1,EMP118,2024-04-28,Blocked,48.2,2024-04-29,2024-05-14,,True,656,2,TSK0035,,,,False,,False,0,,6.9,Low,Low,50.7,False,True,1,Bi-weekly,1.5,2024-11-07 12:52:25,2024-10-02 12:18:01
TSK0185,Update user guide,Update user guide for documentation phase of project PRJ022.,Documentation,PRJ022,Medium,Complex,24.6,22.5,2,SAP HR,Manager,Senior,,4.5,EMP014,2025-01-01,Completed,100.0,2025-01-04,2025-01-16,2025-01-15,False,-2,3,,,,TSK0056,False,7.8,False,0,7.3,5.4,High,High,42.6,False,True,2,Bi-weekly,7.8,2024-09-18 16:25:30,2024-10-23 10:34:58
TSK0186,Release notes,Release notes for documentation phase of project PRJ030.,Documentation,PRJ030,Medium,Moderate,13.1,9.8,1,Negotiation,Analyst,Mid,,5.0,EMP075,2024-10-05,In Progress,21.4,2024-10-09,2024-10-19,,True,498,1,,,,TSK0136,False,,False,0,,,Low,Low,25.8,False,True,2,Daily,3.2,2024-03-07 12:14:27,2025-10-06 16:26:10
TSK0187,Kickoff meeting,Kickoff meeting for meeting phase of project PRJ014.,Meeting,PRJ014,Critical,Simple,3.4,,13,Supply Chain,Designer,Junior,,2.6,EMP085,2025-09-19,Not Started,99,2025-09-21,2025-09-29,,False,-4,5,,,"TSK0379,TSK1964",TSK0086,False,,False,0,,8.6,Medium,Low,9.9,True,True,1,Daily,2.9,2024-06-06 08:25:26,2025-10-05 08:06:20
TSK0188,Build REST API,Build REST API for development phase of project PRJ033.,Development,PRJ033,Medium,Moderate,5.7,,2,Content Marketing,Designer,Senior,,1.0,,2024-09-10,Not Started,4.6,2024-09-12,2024-09-17,,False,-4,5,TSK0066,,"TSK1059,TSK0776",,True,,False,0,,,High,High,9.7,False,True,2,Bi-weekly,1.9,2025-02-13 12:49:51,2025-04-02 17:28:27
TSK0189,KPI review,KPI review for analysis phase of project PRJ001.,Analysis,PRJ001,Low,Moderate,9.2,8.2,13,Sketch,Analyst,Mid,Scrum Master,8.4,EMP163,2025-08-17,In Progress,84.7,2025-08-20,2025-08-28,,True,185,2,,,"TSK1838,TSK0799",,False,,False,0,,,High,Low,14.8,False,True,3,Weekly,2.5,2025-01-14 10:18:56,2025-08-27 12:59:48
TSK0190,Feasibility study,Feasibility study for research phase of project PRJ056.,Research,PRJ056,High,Complex,24.2,26.8,5,A/B Testing,Designer,Mid,,3.6,EMP192,2025-02-18,Blocked,51.3,2025-02-21,2025-03-01,,True,365,5,,,"TSK0673,TSK1025",,True,,False,0,,5.4,Low,Critical,28.6,False,True,2,Daily,4.2,2024-12-28 11:43:32,2024-08-25 09:25:57
TSK0191,KPI review,KPI review for analysis phase of project PRJ066.,Analysis,PRJ066,High,Complex,15.2,10.9,3,Project Management,Designer,Senior,PMP,3.9,EMP043,2025-04-26,In Progress,34.3,2025-04-30,2025-05-06,,True,299,4,,TSK0201,,,False,,False,0,,6.7,High,Medium,6.2,False,True,2,Daily,4.6,2024-11-03 08:13:25,2026-01-08 12:32:54
TSK0192,Team retrospective,Team retrospective for meeting phase of project PRJ011.,Meeting,PRJ011,Critical,Simple,2.9,3.5,5,"CRM,Excel,Communication",Analyst,Junior,PMP,7.0,EMP058,2024-03-27,Completed,100.0,2024-03-31,2024-04-08,2024-04-04,False,-1,4,TSK0050,,,,False,8.4,True,2,8.2,7.5,Medium,Low,57.1,False,True,3,Daily,7.3,2024-03-13 14:31:38,2025-01-08 08:04:16
TSK0193,Create onboarding docs,Create onboarding docs for documentation phase of project PRJ012.,Documentation,PRJ012,Low,Simple,1.8,,1,"VBA,SAP",Tester,Senior,,2.9,EMP010,2024-01-23,Blocked,60.6,2024-01-26,2024-01-28,,True,763,3,,,,,False,,False,0,,,Low,Critical,29.7,False,False,1,Weekly,9.2,2025-01-26 08:05:20,2025-10-06 09:54:44
TSK0194,Add unit tests,Add unit tests for development phase of project PRJ064.,Development,PRJ064,Low,Complex,40.2,,3,"VBA,Risk Analysis,Excel",Manager,Senior,,5.9,EMP042,2024-01-14,Not Started,44.4,2024-01-17,2024-01-27,,False,-5,3,,,"TSK1135,TSK1616",TSK0010,False,,False,0,,8.3,High,Low,37.1,False,True,5,Bi-weekly,1.7,2024-06-04 09:22:18,2024-07-20 09:45:15
TSK0195,Refactor database layer,Refactor database layer for development phase of project PRJ043.,Development,PRJ043,Medium,Simple,2.8,3.9,1,"Prospecting,Communication,Negotiation",Manager,Mid,,7.8,EMP043,2024-03-04,Completed,100.0,2024-03-09,2024-03-17,2024-03-16,False,-3,5,,,"TSK1225,TSK0453",,False,7.5,False,0,9.2,8.4,High,High,13.1,False,True,3,Bi-weekly,7.8,2024-10-30 10:54:11,2025-09-03 18:46:05
TSK0196,Requirements gathering,Requirements gathering for research phase of project PRJ020.,Research,PRJ020,Medium,Simple,3.0,2.9,5,Python,Analyst,Junior,,5.8,EMP168,,Completed,100.0,2024-01-09,2024-01-18,2024-01-22,False,-3,1,"TSK0105,TSK0139",,,,False,4.5,True,1,7.3,,High,Medium,27.4,True,True,2,Weekly,1.7,2024-06-07 12:00:34,2025-03-12 15:20:55
TSK0197,Icon set design,Icon set design for design phase of project PRJ068.,Design,PRJ068,Low,Very Complex,83.2,,1,Power BI,Manager,Mid,AWS Certified,6.7,EMP030,2024-02-06,In Review,31.9,2024-02-09,2024-03-03,,True,728,3,,TSK0198,"TSK1555,TSK0952",,False,,False,0,,6.5,Low,Low,28.0,False,True,3,Bi-weekly,2.4,2024-03-20 17:21:55,2024-10-08 16:48:58
TSK0198,Build REST API,Build REST API for development phase of project PRJ084.,Development,PRJ084,Medium,Moderate,8.9,8.0,5,Excel,Tester,Senior,,5.3,EMP173,2024-05-09,Completed,100.0,2024-05-11,2024-05-22,2024-05-22,False,-1,1,,TSK0202,"TSK0825,TSK1222",TSK0082,False,8.6,False,0,7.4,7.2,Medium,Critical,35.7,False,False,5,Bi-weekly,1.9,2024-01-01 14:38:27,2026-01-02 18:03:44
TSK0199,Load testing,Load testing for testing phase of project PRJ046.,Testing,PRJ046,High,Moderate,13.6,9.7,5,"Google Analytics,Copywriting",Manager,Senior,,2.4,EMP116,2024-02-14,Completed,100.0,2024-02-19,2024-02-29,2024-03-03,False,-4,3,TSK0163,"TSK0206,TSK0215",,TSK0128,True,7.0,False,0,8.7,9.3,Low,High,41.2,False,True,2,Bi-weekly,1.7,2024-11-04 16:00:49,2024-07-03 12:05:29
TSK0200,Stakeholder review,Stakeholder review for meeting phase of project PRJ017.,Meeting,PRJ017,Medium,Complex,24.3,27.2,1,"Excel,Supply Chain",Designer,Junior,PMP,5.6,EMP008,2024-12-10,Completed,100.0,2024-12-12,2024-12-23,2024-12-23,False,-1,4,,,,,False,8.1,False,0,7.6,6.4,High,Low,21.4,False,True,2,Weekly,0.3,2024-03-30 14:29:34,2024-11-29 09:22:43
TSK0201,Design landing page,Design landing page for design phase of project PRJ076.,Design,PRJ076,Low,Moderate,11.2,14.6,1,Bloomberg,Manager,Senior,,5.3,EMP032,,Completed,100.0,2025-02-09,2025-02-15,2025-02-18,False,-4,2,TSK0055,,,,False,6.8,True,1,9.5,,Medium,Medium,44.9,True,True,3,As needed,0.6,2025-01-12 13:38:19,2024-06-03 15:37:39
TSK0202,KPI review,KPI review for analysis phase of project PRJ019.,Analysis,PRJ019,Medium,Moderate,13.4,,2,"Adobe Suite,A/B Testing",Manager,Mid,,1.7,EMP073,2025-01-28,In Progress,16.5,2025-01-29,2025-02-09,,True,385,4,,,,,True,,False,0,,6.5,Low,High,5.7,False,True,1,Daily,1.6,2024-09-08 09:43:07,2025-07-06 15:40:35
TSK0203,Stakeholder review,Stakeholder review for meeting phase of project PRJ057.,Meeting,PRJ057,Low,Complex,29.2,24.6,8,"Excel,Communication",Manager,Mid,,4.5,EMP040,2024-05-29,Completed,100.0,2024-06-03,2024-06-12,2024-06-09,False,-1,4,TSK0008,,"TSK1428,TSK0305",,False,5.8,False,0,7.0,7.5,Medium,Critical,13.6,False,True,5,Weekly,1.3,2025-05-05 16:45:16,2024-09-14 15:42:35
TSK0204,Build design system,Build design system for design phase of project PRJ088.,Design,PRJ088,Medium,Moderate,4.9,6.5,13,"ERP,Lean Six Sigma",Analyst,Junior,,7.4,EMP171,2024-05-19,In Review,19.2,2024-05-22,2024-05-24,,True,646,1,,,"TSK0644,TSK1906",,False,,False,0,,8.5,High,Critical,5,True,True,5,Bi-weekly,7.1,2024-05-03 08:19:26,2024-10-20 13:00:26
TSK0205,Create onboarding docs,Create onboarding docs for documentation phase of project PRJ017.,Documentation,PRJ017,Critical,Moderate,8.6,,13,"Salesforce,Communication,Negotiation",Developer,Junior,AWS Certified,4.8,EMP107,2025-11-16,In Review,31.3,2025-11-19,2025-11-22,,True,99,4,,,"TSK0946,TSK1127",TSK0177,False,,False,0,,7.9,High,Low,25.8,False,True,2,Bi-weekly,1.2,2024-10-25 18:03:29,2024-06-25 11:14:41
TSK0206,Update user guide,Update user guide for documentation phase of project PRJ068.,Documentation,PRJ068,Low,Moderate,10.7,,13,"Illustrator,User Research",Developer,Junior,Scrum Master,6.8,EMP070,2025-10-19,In Progress,0,2025-10-22,2025-10-27,,True,125,1,TSK0018,,,,False,,False,0,,10,Low,Medium,43.8,False,False,4,Daily,9.5,2024-06-19 16:38:25,2025-10-24 18:05:44
TSK0207,Create wireframes,Create wireframes for design phase of project PRJ049.,Design,PRJ049,Low,Moderate,12.1,16.2,2,Figma,Manager,Mid,Scrum Master,4.9,EMP108,2025-09-04,Blocked,79.8,2025-09-05,2025-09-11,,True,171,1,,"TSK0217,TSK0220","TSK0100,TSK0444",,False,,True,3,,5.5,High,Low,23.6,True,True,2,Daily,3.5,2025-01-29 16:21:04,2025-01-05 13:12:33
TSK0208,Architecture review,Architecture review for meeting phase of project PRJ084.,Meeting,PRJ084,Low,Moderate,6.6,,5,"SAP,QuickBooks",Tester,Senior,,7.8,EMP027,2024-02-19,In Review,36.3,2024-02-21,2024-02-27,,True,733,1,,,,,False,,False,0,,7.9,High,Critical,49.7,False,False,4,Bi-weekly,5.8,2024-07-25 18:12:10,2025-07-29 09:30:55
TSK0209,Add unit tests,Add unit tests for development phase of project PRJ093.,Development,PRJ093,Medium,Simple,3.9,,2,"Negotiation,Salesforce,Excel",Analyst,Senior,,6.7,EMP084,2024-12-28,Blocked,65.5,2024-12-31,2025-01-10,,True,415,1,,,,,False,,False,0,,,Low,Medium,65.2,False,True,4,Weekly,4.8,2025-01-28 14:37:35,2025-01-14 12:20:04
TSK0210,Architecture review,Architecture review for meeting phase of project PRJ048.,Meeting,PRJ048,High,Complex,17.9,,8,HubSpot,Manager,Senior,,5.1,EMP140,2024-10-29,In Progress,99,2024-11-03,2024-11-13,,True,473,1,,,"TSK0654,TSK0263",,False,,True,2,,8.0,Low,Low,31.3,False,True,1,Daily,8.3,2024-10-12 10:12:18,2025-03-25 15:13:56
TSK0211,Stakeholder review,Stakeholder review for meeting phase of project PRJ007.,Meeting,PRJ007,Medium,Complex,42.6,59.2,5,"A/B Testing,Content Marketing,Social Media",Designer,Mid,AWS Certified,4.3,EMP122,2025-09-21,Completed,100.0,2025-09-25,2025-10-10,2025-10-14,False,0,1,TSK0158,,"TSK0747,TSK0402",,False,7.7,False,0,6.3,,Low,Low,27.8,False,False,2,Daily,4.6,2025-01-05 12:30:42,2025-02-05 14:03:48
TSK0212,Fix critical bug,Fix critical bug for development phase of project PRJ043.,Development,PRJ043,Medium,Complex,16.1,11.7,8,"Negotiation,HubSpot",Designer,Mid,PMP,4.4,EMP008,2024-02-09,In Review,33.6,2024-02-14,2024-02-19,,True,741,4,,,"TSK1168,TSK0187",,False,,False,0,,,High,Critical,49.9,False,True,3,Weekly,8.1,2024-01-24 11:05:31,2024-10-21 18:26:27
TSK0213,Performance testing,Performance testing for testing phase of project PRJ019.,Testing,PRJ019,High,Simple,2.2,1.9,8,"Prototyping,Adobe XD,Figma",Manager,Junior,PMP,4.5,EMP009,2024-06-17,In Review,73.6,2024-06-19,2024-06-28,,True,611,2,,,,TSK0108,False,,False,0,,6.2,Medium,Medium,8.7,False,True,1,Daily,7.2,2024-02-23 16:52:38,2026-01-24 11:04:35
TSK0214,Competitor analysis,Competitor analysis for research phase of project PRJ067.,Research,PRJ067,Low,Simple,3.8,,13,Bloomberg,Designer,Junior,Scrum Master,8.1,EMP140,2025-10-16,Blocked,76.2,2025-10-21,2025-10-26,,True,126,3,,TSK0231,"TSK1172,TSK0621",TSK0179,False,,False,0,,,Low,High,5,False,True,1,Daily,9.8,2024-08-05 18:49:47,2025-02-06 08:55:39
TSK0215,User research,User research for research phase of project PRJ064.,Research,PRJ064,Critical,Complex,34.3,,13,"Training,Workday,Recruiting",Manager,Junior,,7.9,EMP156,,In Review,36.0,2025-08-21,2025-08-29,,True,184,3,,,"TSK1590,TSK1603",TSK0118,True,,False,0,,8.5,Low,Medium,10.1,False,True,5,Daily,5.7,2024-07-18 15:41:25,2024-08-27 14:52:20
TSK0216,Create wireframes,Create wireframes for design phase of project PRJ024.,Design,PRJ024,Medium,Complex,36.3,,5,"SAP HR,HRIS",Analyst,Junior,,3.8,EMP083,2024-10-21,Blocked,21.6,2024-10-25,2024-11-05,,True,481,3,,,"TSK0144,TSK1953",TSK0152,False,,False,0,,7.2,Medium,High,25.9,False,True,4,Daily,6.5,2024-11-11 16:27:02,2024-07-28 18:23:49
TSK0217,Build REST API,Build REST API for development phase of project PRJ001.,Development,PRJ001,High,Simple,1.8,,1,"Salesforce,CRM,Communication",Designer,Junior,PMP,4.9,,2025-05-17,In Progress,58.1,2025-05-18,2025-05-25,,True,280,4,,"TSK0222,TSK0223","TSK0086,TSK0028",,True,,True,3,,,Low,High,31.2,False,False,4,Weekly,2.6,2025-04-07 13:15:30,2025-03-23 08:44:51
TSK0218,Security audit,Security audit for testing phase of project PRJ064.,Testing,PRJ064,High,Complex,41.0,37.5,13,Workday,Tester,Junior,Scrum Master,3.4,EMP185,2025-08-31,In Review,48.8,2025-09-03,2025-09-16,,True,166,4,,,"TSK1754,TSK0469",,False,,False,0,,8.1,High,Medium,5,False,False,2,As needed,9.8,2024-11-02 16:20:15,2024-11-05 08:55:42
TSK0219,Performance report,Performance report for analysis phase of project PRJ059.,Analysis,PRJ059,Medium,Moderate,4.1,,8,"Prospecting,HubSpot,Negotiation",Developer,Junior,,5.4,EMP167,2024-06-09,Blocked,42.6,2024-06-11,2024-06-19,,True,620,5,,,"TSK1162,TSK0094",,False,,False,0,,6.1,Low,High,5,False,False,3,Daily,2.4,2024-01-30 09:26:08,2025-05-10 16:22:07
TSK0220,Write integration tests,Write integration tests for testing phase of project PRJ005.,Testing,PRJ005,High,Complex,34.9,,13,"HubSpot,Negotiation",Designer,Junior,,3.8,EMP059,2024-07-07,In Review,60.6,2024-07-08,2024-07-23,,True,586,1,,,,,False,,False,0,,,High,Critical,15.1,False,False,3,Daily,6.9,2025-01-07 15:14:33,2024-12-15 16:45:43
TSK0221,Load testing,Load testing for testing phase of project PRJ045.,Testing,PRJ045,Medium,Very Complex,53.4,73.9,13,"Email Marketing,Content Marketing",Analyst,Mid,PMP,5.4,EMP123,2025-09-30,Completed,100.0,2025-10-02,2025-10-13,2025-10-11,False,-5,5,"TSK0065,TSK0099",TSK0224,,,False,8.8,False,0,8.0,8.2,High,Low,5,False,True,5,Daily,4.2,2024-08-27 09:38:53,2025-08-16 11:01:50
TSK0222,Data analysis,Data analysis for analysis phase of project PRJ031.,Analysis,PRJ031,Critical,Moderate,15.4,18.8,13,Power BI,Analyst,Senior,PMP,4.8,EMP152,2024-11-13,Completed,100.0,2024-11-14,2024-11-23,2024-11-27,False,-1,1,,,,,False,7.3,True,1,6.2,8.1,Medium,High,64.1,True,False,5,Weekly,7.9,2024-08-31 09:15:16,2024-10-14 15:23:49
TSK0223,Performance testing,Performance testing for testing phase of project PRJ057.,Testing,PRJ057,Medium,Simple,2.8,,8,A/B Testing,Tester,Junior,Scrum Master,1.9,EMP182,2024-01-20,Not Started,99,2024-01-25,2024-01-31,,False,-1,3,,TSK0237,"TSK1657,TSK0132",TSK0055,False,,True,3,,5.8,Medium,Medium,5,False,True,1,As needed,2.3,2024-06-08 10:06:37,2025-12-16 11:25:36
TSK0224,Fix critical bug,Fix critical bug for development phase of project PRJ042.,Development,PRJ042,Medium,Complex,27.7,21.6,3,"Bloomberg,Risk Analysis,Excel",Analyst,Junior,,5.4,EMP075,2024-05-15,Completed,100.0,2024-05-20,2024-06-03,2024-06-06,False,0,4,"TSK0143,TSK0157",TSK0234,,,False,7.2,True,1,9.6,7.6,High,Medium,25.6,False,True,1,Weekly,2.4,2025-03-10 16:32:06,2024-07-16 09:56:15
TSK0225,Performance report,Performance report for analysis phase of project PRJ071.,Analysis,PRJ071,High,Moderate,4.9,,3,"Communication,HubSpot,Salesforce",Tester,Senior,Scrum Master,8.0,,2025-01-18,In Review,63.3,2025-01-19,2025-01-21,,True,404,1,"TSK0057,TSK0107",,"TSK1437,TSK0981",,True,,False,0,,9.7,High,High,17.4,True,True,3,Weekly,0.8,2024-04-12 08:30:58,2024-06-10 15:07:27
TSK0226,User testing,User testing for design phase of project PRJ035.,Design,PRJ035,Medium,Complex,13.0,,13,"Project Management,Excel,ERP",Developer,Junior,,3.3,EMP021,2024-07-02,Blocked,56.7,2024-07-03,2024-07-10,,True,599,4,,,"TSK1384,TSK1027",,False,,False,0,,6.4,High,High,21.3,False,False,4,Weekly,9.4,2025-01-16 13:31:13,2025-09-13 09:12:34
TSK0227,Data analysis,Data analysis for analysis phase of project PRJ068.,Analysis,PRJ068,Medium,Moderate,15.9,,13,"Prospecting,Salesforce",Tester,Mid,Scrum Master,5.6,EMP101,2025-10-31,In Progress,54.4,2025-11-02,2025-11-10,,True,111,4,TSK0076,,,,False,,True,2,,8.5,High,Critical,5,False,True,5,Weekly,0.0,2024-10-11 16:14:31,2026-02-08 18:14:25
TSK0228,Sprint planning,Sprint planning for meeting phase of project PRJ030.,Meeting,PRJ030,High,Simple,2.0,,3,"CRM,Excel",Developer,Senior,,2.6,EMP099,2025-08-26,In Progress,44.7,2025-08-31,2025-09-03,,True,179,2,,,"TSK1938,TSK0821",TSK0218,False,,False,0,,,Medium,High,41.3,False,False,5,Daily,3.2,2024-05-18 09:31:07,2024-09-22 12:34:54
TSK0229,Competitor analysis,Competitor analysis for research phase of project PRJ043.,Research,PRJ043,Critical,Moderate,12.9,14.6,1,"ERP,Supply Chain,Lean Six Sigma",Manager,Senior,PMP,3.0,EMP176,2024-01-08,Blocked,60.8,2024-01-10,2024-01-20,,True,771,1,,,,TSK0147,False,,False,0,,6.6,High,Low,5,True,True,2,Daily,5.0,2025-03-12 15:22:12,2024-11-23 09:24:14
TSK0230,Impact assessment,Impact assessment for analysis phase of project PRJ089.,Analysis,PRJ089,Low,Very Complex,102.2,77.0,5,Financial Modeling,Tester,Senior,Scrum Master,8.5,EMP012,2025-06-22,In Progress,39.4,2025-06-23,2025-07-17,,True,227,3,,,"TSK1743,TSK0571",,True,,False,0,,6.1,Medium,High,58.6,True,False,2,Bi-weekly,5.6,2024-03-09 18:47:53,2025-02-16 15:55:26
TSK0231,Create mockups,Create mockups for design phase of project PRJ014.,Design,PRJ014,High,Very Complex,93.6,118.7,1,"QuickBooks,Financial Modeling",Developer,Senior,,7.2,EMP054,2025-07-06,Completed,100.0,2025-07-09,2025-08-01,2025-08-03,False,-5,2,,,"TSK1615,TSK1187",,False,7.2,False,0,8.3,8.1,Low,Medium,5,False,True,2,Bi-weekly,6.5,2024-04-05 14:25:32,2024-08-05 09:56:13
TSK0232,Build design system,Build design system for design phase of project PRJ080.,Design,PRJ080,Medium,Very Complex,70.8,83.9,1,"Salesforce,Communication,Negotiation",Developer,Junior,,4.1,EMP079,2025-10-31,Completed,100.0,2025-11-03,2025-11-19,2025-11-16,False,-4,3,,,"TSK0345,TSK0608",TSK0142,False,6.1,False,0,7.7,,High,Low,38.9,False,False,1,Bi-weekly,4.4,2024-12-25 09:07:42,2025-11-10 14:42:04
TSK0233,Regression test suite,Regression test suite for testing phase of project PRJ054.,Testing,PRJ054,Critical,Simple,3.4,,1,"Content Marketing,Copywriting,A/B Testing",Analyst,Junior,,6.4,,,In Review,69.7,2024-07-16,2024-07-26,,True,583,5,TSK0082,,,,False,,False,0,,10,High,Critical,5,False,True,5,As needed,0.9,2024-09-13 09:53:04,2025-12-07 11:38:43
TSK0234,Refactor database layer,Refactor database layer for development phase of project PRJ080.,Development,PRJ080,High,Complex,23.0,26.6,3,"Social Media,SEO",Developer,Senior,PMP,3.0,EMP132,2024-10-25,In Review,91.4,2024-10-28,2024-11-02,,True,484,4,,,,,False,,False,0,,5.1,Low,High,17.9,True,False,1,Bi-weekly,1.6,2025-01-17 17:17:56,2025-10-05 18:55:00
TSK0235,User testing,User testing for design phase of project PRJ073.,Design,PRJ073,Medium,Very Complex,108.6,97.6,8,"Financial Modeling,Excel,Risk Analysis",Tester,Mid,,6.8,EMP118,2025-09-02,Completed,100.0,2025-09-07,2025-09-28,2025-09-30,False,-3,4,,,,,False,7.8,False,0,6.5,10,High,Low,6.7,False,False,4,Daily,0.9,2024-09-24 17:28:58,2024-08-24 09:01:48
TSK0236,User testing,User testing for design phase of project PRJ068.,Design,PRJ068,Medium,Very Complex,94.4,72.9,1,"Excel,Risk Analysis",Tester,Senior,,2.8,EMP020,2024-12-30,Completed,100.0,2025-01-02,2025-01-25,2025-01-26,False,-3,4,,,"TSK1863,TSK0035",,False,8.7,False,0,7.2,6.6,High,Medium,12.8,True,False,3,Weekly,8.0,2025-03-21 09:30:53,2025-12-02 17:10:57
TSK0237,Load testing,Load testing for testing phase of project PRJ058.,Testing,PRJ058,Low,Very Complex,106.0,78.3,13,"Excel,Project Management",Developer,Junior,AWS Certified,5.2,EMP045,2024-09-01,In Review,0,2024-09-03,2024-09-30,,True,517,3,,"TSK0245,TSK0238","TSK1184,TSK0773",TSK0022,False,,False,0,,7.5,Low,Low,31.6,False,True,4,As needed,3.5,2025-01-20 15:03:57,2025-01-08 14:20:26
TSK0238,Design landing page,Design landing page for design phase of project PRJ007.,Design,PRJ007,Critical,Complex,19.8,,1,Adobe XD,Developer,Mid,,2.1,EMP097,2025-08-29,In Review,56.1,2025-09-01,2025-09-10,,True,172,4,,,,TSK0106,False,,False,0,,6.0,Medium,Critical,5,False,False,5,As needed,8.1,2024-09-28 15:49:54,2025-06-19 17:17:43
TSK0239,Write integration tests,Write integration tests for testing phase of project PRJ084.,Testing,PRJ084,Medium,Moderate,10.0,,5,Supply Chain,Analyst,Mid,AWS Certified,4.3,EMP008,2024-07-11,In Review,31.1,2024-07-13,2024-07-23,,True,586,4,"TSK0090,TSK0052",,"TSK1205,TSK0120",,False,,False,0,,9.2,Medium,Low,35.5,False,True,2,Bi-weekly,7.2,2024-12-17 11:33:51,2025-05-08 18:42:27
TSK0240,Write integration tests,Write integration tests for testing phase of project PRJ032.,Testing,PRJ032,Medium,Simple,1.6,,3,PostgreSQL,Developer,Senior,AWS Certified,3.2,EMP147,2024-01-30,In Progress,2.4,2024-02-02,2024-02-04,,True,756,1,,,,,False,,False,0,,6.7,Medium,High,9.3,True,False,4,As needed,6.7,2024-10-14 15:46:37,2025-07-27 14:42:41
TSK0241,Data analysis,Data analysis for analysis phase of project PRJ050.,Analysis,PRJ050,Medium,Simple,2.8,,1,"Salesforce,Communication,Excel",Designer,Junior,,5.4,EMP018,2024-12-16,In Review,42.6,2024-12-17,2024-12-24,,True,432,1,"TSK0045,TSK0235","TSK0243,TSK0253","TSK0630,TSK0924",,False,,False,0,,8.7,Medium,Critical,27.5,True,True,3,Weekly,0.0,2024-12-01 17:16:18,2024-09-14 08:59:57
TSK0242,Team retrospective,Team retrospective for meeting phase of project PRJ087.,Meeting,PRJ087,Low,Complex,40.2,46.3,3,Salesforce,Designer,Senior,Scrum Master,2.7,EMP123,2024-03-22,Completed,100.0,2024-03-25,2024-04-10,2024-04-12,False,-2,4,,,,,False,9.1,False,0,8.3,7.1,High,Low,77.8,False,True,1,Weekly,9.7,2025-01-19 13:23:51,2025-11-14 09:24:29
TSK0243,Test automation,Test automation for testing phase of project PRJ098.,Testing,PRJ098,High,Simple,1.6,,2,"Social Media,Content Marketing",Developer,Senior,Scrum Master,3.4,EMP137,2025-08-06,Not Started,26.6,2025-08-08,2025-08-11,,False,-4,5,,,,,False,,False,0,,8.7,Low,Medium,50.8,True,False,3,Bi-weekly,2.0,2024-02-25 09:20:14,2024-07-10 11:03:51
TSK0244,Security audit,Security audit for testing phase of project PRJ038.,Testing,PRJ038,Low,Moderate,5.1,6.8,3,"Illustrator,Adobe XD,Sketch",Designer,Junior,,6.7,EMP082,2025-02-20,Not Started,87.0,2025-02-21,2025-02-28,,False,-3,5,,,"TSK0047,TSK0859",,False,,False,0,,9.3,High,Critical,12.1,False,True,1,Weekly,1.6,2024-09-13 10:51:47,2024-10-05 14:34:09
TSK0245,Requirements gathering,Requirements gathering for research phase of project PRJ065.,Research,PRJ065,Critical,Simple,1.3,1.2,13,"Illustrator,Photoshop",Manager,Junior,,5.2,EMP008,,Completed,100.0,2024-06-23,2024-07-01,2024-07-05,False,-4,5,,TSK0263,"TSK1967,TSK1322",TSK0234,False,7.6,False,0,6.6,5.7,High,Critical,28.6,True,True,1,Weekly,6.1,2024-03-31 12:21:11,2024-07-16 13:43:32
TSK0246,Metrics dashboard,Metrics dashboard for analysis phase of project PRJ083.,Analysis,PRJ083,Low,Very Complex,112.2,109.9,5,"Training,Workday",Designer,Junior,AWS Certified,3.5,EMP047,2024-02-11,Blocked,50.2,2024-02-14,2024-03-09,,True,722,5,"TSK0112,TSK0101",,"TSK0726,TSK0884",,False,,False,0,,,High,Critical,27.3,False,False,5,Weekly,0.7,2025-02-02 18:03:26,2024-10-10 10:53:37
TSK0247,Code review,Code review for development phase of project PRJ012.,Development,PRJ012,Critical,Complex,43.3,41.9,3,Financial Modeling,Developer,Mid,PMP,3.1,,2025-05-07,Blocked,38.4,2025-05-08,2025-05-21,,True,284,4,"TSK0079,TSK0019",,,,False,,False,0,,,Low,Critical,5,False,True,2,Weekly,6.6,2025-02-07 15:00:51,2025-12-22 12:55:32
TSK0248,Impact assessment,Impact assessment for analysis phase of project PRJ067.,Analysis,PRJ067,Medium,Complex,38.9,50.0,2,HubSpot,Analyst,Senior,,5.5,EMP170,2025-11-03,Completed,100.0,2025-11-07,2025-11-17,2025-11-14,False,0,5,,,"TSK1029,TSK0038",,False,7.0,True,1,5.0,7.2,Low,Critical,34.2,False,False,5,Bi-weekly,8.3,2025-05-01 13:09:05,2025-01-23 13:40:12
TSK0249,Deploy to staging,Deploy to staging for development phase of project PRJ062.,Development,PRJ062,Medium,Moderate,13.4,,13,Prototyping,Manager,Mid,,4.4,EMP071,2025-05-27,In Review,23.8,2025-05-30,2025-06-10,,True,264,3,,,"TSK1572,TSK0734",,True,,False,0,,8.9,Medium,Critical,43.8,False,True,1,Daily,5.7,2024-07-30 13:47:32,2024-12-06 08:53:07
TSK0250,Market sizing,Market sizing for research phase of project PRJ025.,Research,PRJ025,High,Simple,3.2,3.3,13,Sketch,Tester,Junior,AWS Certified,3.2,EMP195,2024-06-22,Blocked,19.3,2024-06-25,2024-07-01,,True,608,2,TSK0071,TSK0257,"TSK1628,TSK1805",TSK0103,False,,True,3,,,Medium,High,35.6,False,True,1,Bi-weekly,2.5,2024-06-06 14:02:39,2025-08-22 15:54:17
TSK0251,Kickoff meeting,Kickoff meeting for meeting phase of project PRJ052.,Meeting,PRJ052,High,Simple,1.4,,13,"Copywriting,Email Marketing",Designer,Senior,AWS Certified,6.0,EMP182,2024-10-29,In Review,66.7,2024-11-02,2024-11-05,,True,481,1,,,,,False,,False,0,,8.1,High,High,12.1,False,False,3,Bi-weekly,7.5,2024-01-03 15:35:39,2024-06-23 15:53:21
TSK0252,Refactor database layer,Refactor database layer for development phase of project PRJ086.,Development,PRJ086,High,Moderate,10.8,,2,"Rust,GCP",Manager,Mid,,4.0,EMP177,2025-05-06,Not Started,45.7,2025-05-09,2025-05-17,,False,0,3,,,"TSK0668,TSK0621",,False,,False,0,,7.2,High,High,30.9,True,False,5,As needed,6.6,2024-04-14 13:55:26,2025-12-30 10:09:46
TSK0253,Add unit tests,Add unit tests for development phase of project PRJ075.,Development,PRJ075,Medium,Complex,44.3,43.6,3,"Java,TypeScript,FastAPI",Designer,Junior,PMP,3.6,EMP119,2024-08-30,Completed,100.0,2024-09-03,2024-09-16,2024-09-17,False,-1,1,,,,,False,6.5,False,0,6.8,6.7,High,Critical,22.8,False,False,4,Weekly,6.2,2024-11-17 10:15:55,2024-10-27 16:23:23
TSK0254,Load testing,Load testing for testing phase of project PRJ071.,Testing,PRJ071,Low,Complex,39.0,,5,"ERP,Project Management,Lean Six Sigma",Designer,Mid,,6.9,,2025-05-11,In Review,48.7,2025-05-14,2025-05-27,,True,278,5,"TSK0163,TSK0184","TSK0273,TSK0270","TSK0086,TSK1062",TSK0128,False,,False,0,,6.3,Medium,Low,33.3,False,True,1,Daily,4.6,2024-02-01 18:54:02,2024-09-16 15:47:02
TSK0255,Requirements gathering,Requirements gathering for research phase of project PRJ059.,Research,PRJ059,Medium,Complex,32.7,35.3,13,"Photoshop,Adobe XD",Analyst,Senior,,5.3,EMP181,2024-06-30,Completed,100.0,2024-07-01,2024-07-16,2024-07-18,False,-2,3,,,,,False,5.5,False,0,6.8,6.9,Low,Medium,40.6,False,False,2,Daily,0.7,2024-07-13 08:38:29,2025-04-14 10:31:40
TSK0256,Performance testing,Performance testing for testing phase of project PRJ079.,Testing,PRJ079,Medium,Moderate,12.1,11.1,13,Python,Manager,Junior,,7.1,EMP069,2025-07-30,In Progress,25.8,2025-08-04,2025-08-14,,True,199,4,,TSK0267,"TSK0290,TSK1816",,False,,False,0,,5.9,High,Low,5,True,True,2,Weekly,8.0,2024-06-19 09:16:40,2024-11-18 13:55:10
TSK0257,Impact assessment,Impact assessment for analysis phase of project PRJ049.,Analysis,PRJ049,Low,Simple,2.5,2.7,2,"Email Marketing,Copywriting",Analyst,Junior,,6.3,EMP068,2024-12-03,Blocked,84.7,2024-12-07,2024-12-13,,True,443,4,,,,,False,,False,0,,8.3,High,Critical,23.6,False,False,5,Bi-weekly,8.6,2024-03-23 12:24:42,2024-10-16 10:01:04
TSK0258,Security audit,Security audit for testing phase of project PRJ085.,Testing,PRJ085,Medium,Simple,2.0,,5,"Workday,SAP HR",Developer,Mid,PMP,7.5,,2025-03-28,Not Started,45.2,2025-03-29,2025-04-02,,False,-5,5,,,,,False,,False,0,,7.6,Low,Critical,38.2,False,True,2,Weekly,3.9,2024-10-31 18:21:50,2025-07-16 12:39:27
TSK0259,User research,User research for research phase of project PRJ039.,Research,PRJ039,Low,Complex,26.4,31.7,2,"Risk Analysis,SAP,Excel",Manager,Senior,,4.5,,2024-08-20,In Review,21.9,2024-08-24,2024-08-30,,True,548,4,,,"TSK1968,TSK0681",,False,,True,3,,7.7,Medium,Medium,32.9,False,True,2,As needed,8.0,2024-05-23 10:07:27,2026-01-07 08:35:45
TSK0260,Create onboarding docs,Create onboarding docs for documentation phase of project PRJ059.,Documentation,PRJ059,Medium,Moderate,4.1,3.5,2,"Docker,Node.js",Developer,Junior,AWS Certified,6.3,EMP160,2025-01-09,Blocked,14.1,2025-01-11,2025-01-21,,True,404,2,,TSK0263,"TSK1949,TSK1301",,True,,False,0,,6.8,Low,High,21.7,False,False,4,Daily,4.9,2025-05-19 09:54:31,2024-06-28 11:02:22
TSK0261,Market sizing,Market sizing for research phase of project PRJ065.,Research,PRJ065,Medium,Simple,2.7,2.1,2,"Power BI,Excel,ERP",Analyst,Senior,Scrum Master,5.1,EMP139,2025-01-22,Not Started,29.3,2025-01-26,2025-01-28,,False,-3,3,,"TSK0270,TSK0269","TSK0164,TSK1309",,False,,False,0,,8.3,Medium,Critical,17.3,False,False,4,Bi-weekly,9.1,2025-05-26 12:55:21,2024-09-28 08:19:34
TSK0262,Regression test suite,Regression test suite for testing phase of project PRJ069.,Testing,PRJ069,High,Moderate,12.4,15.0,5,"Docker,AWS",Tester,Mid,,4.1,EMP075,2024-04-24,Completed,100.0,2024-04-29,2024-05-11,2024-05-12,False,-3,1,"TSK0215,TSK0175",,,,False,7.8,False,0,8.9,7.4,High,High,48.8,False,False,1,As needed,3.8,2024-07-05 18:45:55,2025-07-23 09:13:33
TSK0263,Build design system,Build design system for design phase of project PRJ053.,Design,PRJ053,High,Moderate,11.5,15.2,2,"Lean Six Sigma,Supply Chain",Developer,Junior,,4.5,EMP146,2025-03-23,Completed,100.0,2025-03-25,2025-04-02,2025-03-29,False,-4,4,,,,,True,5.9,False,0,7.5,,Low,Medium,44.9,True,True,5,Weekly,2.5,2025-01-23 08:50:25,2024-06-29 14:36:16
TSK0264,Design critique,Design critique for meeting phase of project PRJ030.,Meeting,PRJ030,High,Simple,2.8,,5,"Training,Recruiting,Conflict Resolution",Developer,Mid,AWS Certified,6.0,EMP130,2025-02-01,In Progress,34.8,2025-02-05,2025-02-12,,True,382,2,TSK0132,"TSK0274,TSK0269",,,False,,False,0,,9.1,Medium,Critical,40.1,True,True,2,Weekly,1.7,2024-09-12 09:58:30,2024-07-06 09:39:45
TSK0265,Write integration tests,Write integration tests for testing phase of project PRJ072.,Testing,PRJ072,Medium,Moderate,6.5,8.1,1,"Financial Modeling,Risk Analysis",Manager,Junior,,5.0,EMP041,2025-07-04,Blocked,6.2,2025-07-06,2025-07-16,,True,228,5,,,,,False,,False,0,,8.6,Medium,Low,29.1,True,True,2,Daily,0.8,2025-05-15 13:19:23,2025-03-06 09:25:17
TSK0266,Update user guide,Update user guide for documentation phase of project PRJ064.,Documentation,PRJ064,High,Complex,37.1,,8,"Communication,Excel",Designer,Senior,,3.5,EMP200,2025-02-24,Not Started,49.5,2025-03-01,2025-03-11,,False,-5,4,TSK0104,"TSK0283,TSK0282",,TSK0229,True,,False,0,,7.0,Low,Critical,30.4,False,True,5,Bi-weekly,5.0,2024-04-12 17:40:29,2024-06-08 09:23:02
TSK0267,Sprint planning,Sprint planning for meeting phase of project PRJ014.,Meeting,PRJ014,Medium,Moderate,15.8,18.5,2,"Sketch,Adobe XD,Prototyping",Analyst,Senior,Scrum Master,3.5,EMP144,2024-05-09,Completed,100.0,2024-05-12,2024-05-21,2024-05-24,False,-5,1,,,"TSK0159,TSK0880",,False,4.5,True,2,5.4,6.2,Low,Critical,6.3,False,False,3,Weekly,3.0,2025-04-23 11:37:26,2024-11-10 14:08:22
TSK0268,Create onboarding docs,Create onboarding docs for documentation phase of project PRJ011.,Documentation,PRJ011,Medium,Moderate,12.3,,13,"ERP,Lean Six Sigma",Manager,Senior,,9.1,EMP119,2025-04-21,In Progress,37.9,2025-04-26,2025-05-07,,True,298,2,,,"TSK1327,TSK0089",,False,,False,0,,6.6,High,Low,23.4,False,False,1,Daily,7.2,2024-10-20 08:38:04,2025-08-04 13:30:14
TSK0269,Technology evaluation,Technology evaluation for research phase of project PRJ054.,Research,PRJ054,Low,Complex,26.6,,3,Power BI,Analyst,Junior,,4.2,EMP060,2024-06-03,In Progress,99,2024-06-06,2024-06-12,,True,627,2,,,,,False,,True,2,,,Low,Medium,33.6,False,False,4,Bi-weekly,1.6,2024-09-05 18:48:20,2026-02-22 14:43:26
TSK0270,Kickoff meeting,Kickoff meeting for meeting phase of project PRJ062.,Meeting,PRJ062,High,Complex,15.0,,1,"Negotiation,CRM",Analyst,Mid,,6.8,EMP120,2024-06-17,In Review,15.9,2024-06-21,2024-06-27,,True,612,4,,,,,True,,False,0,,6.5,Medium,Medium,23.5,False,True,1,As needed,4.4,2025-01-07 12:36:14,2026-02-27 11:19:14
TSK0271,Stakeholder review,Stakeholder review for meeting phase of project PRJ074.,Meeting,PRJ074,Medium,Simple,2.0,2.4,8,Excel,Designer,Mid,PMP,4.2,EMP057,2024-07-05,In Progress,99,2024-07-06,2024-07-13,,True,596,2,TSK0217,,,,False,,False,0,,7.5,Medium,Low,26.5,True,True,2,Bi-weekly,1.0,2024-01-30 15:45:05,2025-06-10 13:20:34
TSK0272,Data analysis,Data analysis for analysis phase of project PRJ064.,Analysis,PRJ064,Low,Moderate,15.6,,3,"SEO,Copywriting",Analyst,Senior,,5.7,EMP152,2025-10-22,Not Started,10.1,2025-10-25,2025-11-02,,False,-5,3,,,"TSK0521,TSK1908",,False,,False,0,,5.0,Low,High,15.9,False,True,1,As needed,4.3,2024-08-24 10:32:40,2024-10-13 12:26:15
TSK0273,Fix critical bug,Fix critical bug for development phase of project PRJ056.,Development,PRJ056,Low,Moderate,14.1,16.5,1,Workday,Manager,Junior,,1.3,,,Not Started,73.9,2025-11-03,2025-11-12,,False,-5,4,,TSK0280,"TSK0091,TSK0162",,False,,False,0,,6.1,High,Medium,11.3,False,True,1,Weekly,0.4,2025-02-04 18:07:24,2025-02-04 16:33:07
TSK0274,Market sizing,Market sizing for research phase of project PRJ066.,Research,PRJ066,Medium,Moderate,8.2,,5,"Employment Law,HRIS,SAP HR",Manager,Junior,,3.6,EMP098,2025-03-04,Blocked,40.5,2025-03-06,2025-03-09,,True,357,3,,,,,False,,True,2,,9.6,Low,Medium,49.2,False,False,5,Bi-weekly,1.0,2024-09-18 13:18:38,2025-12-14 11:26:29
TSK0275,Build REST API,Build REST API for development phase of project PRJ034.,Development,PRJ034,Medium,Moderate,4.4,4.2,3,React,Developer,Senior,,5.6,EMP196,2025-02-26,Completed,100.0,2025-03-03,2025-03-12,2025-03-10,False,-3,3,TSK0225,,,,False,7.3,False,0,7.8,7.8,Medium,Critical,46.4,False,True,2,Daily,3.8,2025-05-07 09:37:50,2024-11-12 14:06:23
TSK0276,Performance testing,Performance testing for testing phase of project PRJ071.,Testing,PRJ071,Medium,Simple,3.6,,13,"Google Analytics,Adobe Suite,Email Marketing",Developer,Junior,,7.5,EMP015,2025-01-16,In Progress,46.9,2025-01-18,2025-01-24,,True,401,3,,"TSK0280,TSK0289",,,False,,False,0,,,Low,Low,31.8,False,False,3,Daily,4.4,2025-02-26 13:17:26,2025-07-02 10:32:39
TSK0277,User research,User research for research phase of project PRJ089.,Research,PRJ089,Low,Simple,2.8,2.3,5,"CRM,Negotiation",Tester,Junior,,4.9,,2025-04-04,Completed,100.0,2025-04-08,2025-04-15,2025-04-11,False,-4,4,"TSK0053,TSK0265",,"TSK1454,TSK1111",,True,6.2,False,0,7.7,8.1,High,High,33.1,False,True,4,Weekly,4.2,2024-11-30 10:30:25,2026-02-17 13:53:35
TSK0278,Metrics dashboard,Metrics dashboard for analysis phase of project PRJ037.,Analysis,PRJ037,Medium,Simple,1.4,,3,"CRM,Negotiation",Developer,Senior,AWS Certified,2.7,EMP063,,In Review,43.4,2025-07-03,2025-07-13,,True,231,4,,,,TSK0048,False,,False,0,,8.3,High,Low,47.9,False,False,3,As needed,9.6,2024-05-26 12:46:31,2025-07-25 16:35:42
TSK0279,Data analysis,Data analysis for analysis phase of project PRJ028.,Analysis,PRJ028,Medium,Very Complex,49.8,,2,"JavaScript,PostgreSQL",Manager,Mid,,1.8,EMP163,2024-03-07,Not Started,50.9,2024-03-12,2024-03-30,,False,-1,1,,,,,False,,False,0,,5.8,Medium,High,25.9,False,True,4,Bi-weekly,7.9,2025-04-10 12:01:14,2025-01-06 15:16:16
TSK0280,Write API docs,Write API docs for documentation phase of project PRJ081.,Documentation,PRJ081,Medium,Very Complex,77.3,,1,"Supply Chain,ERP,Project Management",Tester,Senior,PMP,5.9,EMP074,2025-09-12,Not Started,51.0,2025-09-15,2025-09-30,,False,-1,2,"TSK0204,TSK0124",TSK0283,,,False,,False,0,,7.6,Low,Low,26.8,False,True,3,As needed,7.7,2024-10-05 16:16:33,2024-08-11 15:00:57
TSK0281,Sprint planning,Sprint planning for meeting phase of project PRJ032.,Meeting,PRJ032,Medium,Simple,4.0,5.0,2,VBA,Designer,Junior,,6.6,EMP147,2024-03-13,Completed,100.0,2024-03-14,2024-03-23,2024-03-22,False,-3,4,,,,,False,8.6,True,1,4.9,5.2,Low,High,14.9,False,False,3,Bi-weekly,9.4,2024-08-22 17:06:30,2024-06-28 11:46:14
TSK0282,UAT coordination,UAT coordination for testing phase of project PRJ032.,Testing,PRJ032,Critical,Complex,39.3,44.5,8,Prototyping,Designer,Junior,Scrum Master,1.3,EMP055,2025-08-17,In Review,20.9,2025-08-20,2025-08-30,,True,183,4,,,"TSK1355,TSK0499",TSK0079,False,,False,0,,9.4,Medium,Critical,42.6,False,True,1,Weekly,2.7,2024-07-24 09:57:48,2025-10-07 17:24:28
TSK0283,Refactor database layer,Refactor database layer for development phase of project PRJ056.,Development,PRJ056,Low,Moderate,11.7,15.3,3,"Photoshop,User Research,Adobe XD",Analyst,Mid,AWS Certified,5.0,,2025-04-16,Completed,100.0,2025-04-18,2025-04-23,2025-04-27,False,-4,1,,,"TSK0487,TSK0514",,False,6.3,False,0,5.9,7.1,High,Critical,5,False,True,2,Daily,3.3,2024-06-26 14:03:00,2024-07-20 18:05:50
TSK0284,Impact assessment,Impact assessment for analysis phase of project PRJ015.,Analysis,PRJ015,High,Complex,15.0,,2,"Figma,Adobe XD,User Research",Tester,Mid,,7.0,EMP198,2025-08-20,In Review,99,2025-08-22,2025-09-02,,True,180,2,,,,,False,,True,1,,6.2,Medium,Medium,15.7,False,True,3,As needed,0.7,2024-05-21 10:04:49,2025-11-26 16:08:56
TSK0285,Build design system,Build design system for design phase of project PRJ003.,Design,PRJ003,Medium,Complex,30.9,39.4,5,"Illustrator,Photoshop,Adobe XD",Designer,Senior,AWS Certified,3.5,EMP068,2025-01-24,Completed,100.0,2025-01-28,2025-02-05,2025-02-03,False,-2,2,TSK0117,,,,False,6.5,False,0,7.5,6.3,High,High,33.7,False,True,2,Bi-weekly,1.9,2025-02-28 12:16:19,2025-11-15 12:48:15
TSK0286,KPI review,KPI review for analysis phase of project PRJ096.,Analysis,PRJ096,High,Complex,38.3,40.4,5,"Figma,Sketch,Photoshop",Tester,Mid,,1.2,,2024-04-25,Completed,100.0,2024-04-28,2024-05-07,2024-05-07,False,-2,3,,,,TSK0137,False,7.8,False,0,6.5,5.2,Medium,Medium,39.3,False,True,1,Weekly,1.5,2024-11-27 16:19:04,2025-12-01 08:11:39
TSK0287,Test automation,Test automation for testing phase of project PRJ045.,Testing,PRJ045,High,Moderate,15.4,19.1,5,"Go,MongoDB,Docker",Manager,Junior,,5.8,EMP081,2025-08-02,Completed,100.0,2025-08-07,2025-08-14,2025-08-14,False,-1,5,,"TSK0300,TSK0302",,,False,7.4,False,0,8.0,,Medium,Critical,24.9,False,True,5,Weekly,5.8,2024-06-19 18:16:40,2025-12-25 10:32:29
TSK0288,User testing,User testing for design phase of project PRJ022.,Design,PRJ022,High,Simple,2.4,,1,"Financial Modeling,VBA",Designer,Senior,,4.8,EMP196,2025-10-11,Blocked,36.6,2025-10-13,2025-10-22,,True,130,2,TSK0251,,"TSK0188,TSK1402",TSK0010,False,,False,0,,7.2,Low,Low,11.5,False,False,3,Weekly,1.3,2024-06-26 11:44:03,2024-06-14 11:26:00
TSK0289,Feasibility study,Feasibility study for research phase of project PRJ018.,Research,PRJ018,Low,Moderate,5.8,5.0,2,"CRM,Prospecting,HubSpot",Manager,Senior,,6.5,EMP117,2024-07-11,Blocked,69.0,2024-07-13,2024-07-19,,True,590,2,,,,,False,,True,2,,6.5,Medium,Critical,30.2,True,False,3,Bi-weekly,7.9,2024-12-05 16:01:06,2025-05-04 18:06:31
TSK0290,Feasibility study,Feasibility study for research phase of project PRJ039.,Research,PRJ039,Low,Very Complex,104.7,,13,"Excel,Power BI",Designer,Mid,,2.2,EMP005,2024-10-26,In Progress,83.3,2024-10-29,2024-11-18,,True,468,1,TSK0167,,"TSK1956,TSK1433",,False,,True,1,,6.1,Medium,Medium,14.4,False,True,1,Daily,1.2,2024-12-03 10:52:20,2025-04-24 16:43:27
TSK0291,Impact assessment,Impact assessment for analysis phase of project PRJ024.,Analysis,PRJ024,Medium,Complex,31.9,,5,"Google Analytics,Email Marketing,Adobe Suite",Analyst,Senior,PMP,6.9,,2025-03-28,In Progress,51.2,2025-03-31,2025-04-11,,True,324,5,,,"TSK1625,TSK0723",,False,,False,0,,5.2,High,Low,46.1,True,True,4,Weekly,0.2,2024-11-08 13:29:26,2024-10-25 15:55:16
TSK0292,Load testing,Load testing for testing phase of project PRJ099.,Testing,PRJ099,High,Simple,4.0,4.3,2,"Content Marketing,SEO,Google Analytics",Manager,Mid,PMP,5.9,EMP194,2024-12-30,Not Started,35.2,2024-12-31,2025-01-10,,False,-5,5,,TSK0293,,,False,,False,0,,7.6,Medium,Critical,5,False,False,2,Weekly,5.2,2025-05-12 16:56:33,2025-05-28 10:32:23
TSK0293,Kickoff meeting,Kickoff meeting for meeting phase of project PRJ083.,Meeting,PRJ083,Critical,Moderate,11.4,12.1,1,Risk Analysis,Analyst,Mid,,2.7,EMP014,2024-09-20,Completed,100.0,2024-09-21,2024-09-27,2024-09-29,False,-4,5,,,"TSK1191,TSK1855",,False,7.8,False,0,5.9,5.8,Medium,High,20.5,False,True,5,Daily,6.9,2024-02-01 12:15:21,2026-01-15 18:58:32
TSK0294,Create wireframes,Create wireframes for design phase of project PRJ079.,Design,PRJ079,Medium,Very Complex,87.3,,13,"Prospecting,Negotiation,Excel",Manager,Senior,,3.6,EMP116,2025-09-08,Blocked,65.2,2025-09-12,2025-10-04,,True,148,3,,,"TSK0795,TSK0193",,True,,False,0,,,High,Low,5.3,False,True,2,Weekly,7.2,2025-05-28 13:18:00,2025-01-28 11:26:37
TSK0295,Write API docs,Write API docs for documentation phase of project PRJ078.,Documentation,PRJ078,Medium,Very Complex,60.0,,3,"User Research,Figma",Tester,Junior,,5.1,EMP081,2024-05-18,Not Started,74.4,2024-05-21,2024-06-08,,False,-4,3,,,"TSK0925,TSK0086",,False,,True,1,,,Medium,High,48.6,False,False,3,Bi-weekly,8.0,2025-02-05 09:49:10,2024-09-19 16:36:15
TSK0296,Stakeholder review,Stakeholder review for meeting phase of project PRJ077.,Meeting,PRJ077,Low,Complex,29.2,,5,"Prototyping,Figma,Sketch",Manager,Junior,,5.9,EMP139,2025-03-23,Not Started,68.8,2025-03-24,2025-04-05,,False,-4,1,,,"TSK0998,TSK1574",TSK0160,False,,False,0,,7.4,High,Medium,5,True,False,1,Bi-weekly,6.8,2025-02-24 08:01:33,2024-11-30 11:25:36
TSK0297,Competitor analysis,Competitor analysis for research phase of project PRJ093.,Research,PRJ093,High,Complex,17.1,22.6,8,SAP HR,Manager,Mid,,5.3,EMP087,2024-07-05,Completed,100.0,2024-07-07,2024-07-13,2024-07-11,False,-3,2,TSK0130,,"TSK0784,TSK0374",,False,9.2,True,3,7.9,,High,Medium,38.0,False,False,1,Weekly,5.8,2025-01-21 18:39:09,2024-09-24 08:54:21
TSK0298,Design landing page,Design landing page for design phase of project PRJ004.,Design,PRJ004,Medium,Simple,3.8,5.0,3,Workday,Manager,Senior,,3.7,EMP192,2024-05-05,Not Started,31.8,2024-05-08,2024-05-12,,False,-2,5,,TSK0301,,,True,,False,0,,,High,Critical,11.7,False,False,4,Bi-weekly,4.4,2024-09-20 13:11:23,2025-09-16 11:28:35
TSK0299,Market sizing,Market sizing for research phase of project PRJ089.,Research,PRJ089,Medium,Moderate,14.9,,8,"JavaScript,Go",Developer,Mid,,2.3,EMP118,2025-09-10,In Review,72.2,2025-09-12,2025-09-20,,True,162,4,,"TSK0302,TSK0312",,,True,,True,2,,,Low,Low,40.9,False,False,4,As needed,3.1,2025-04-28 17:53:23,2024-08-05 10:29:37
TSK0300,Write API docs,Write API docs for documentation phase of project PRJ025.,Documentation,PRJ025,High,Complex,39.4,31.3,8,Bloomberg,Analyst,Junior,,3.9,EMP005,2024-08-30,In Review,92.9,2024-08-31,2024-09-13,,True,534,3,,,,TSK0218,False,,True,3,,7.5,High,Critical,42.6,False,True,2,Bi-weekly,4.1,2024-02-24 13:04:05,2024-07-06 17:59:00
TSK0301,Add unit tests,Add unit tests for development phase of project PRJ087.,Development,PRJ087,Medium,Complex,29.9,,2,"Adobe XD,Prototyping,Photoshop",Analyst,Senior,Scrum Master,5.3,EMP145,2025-01-13,In Review,41.8,2025-01-16,2025-01-22,,True,403,2,"TSK0171,TSK0118",,"TSK0786,TSK1359",,True,,False,0,,6.6,Medium,Low,11.6,False,True,2,As needed,2.9,2025-01-10 09:57:57,2024-12-10 11:29:59
TSK0302,Performance report,Performance report for analysis phase of project PRJ079.,Analysis,PRJ079,High,Complex,40.4,49.3,1,"GCP,FastAPI,PostgreSQL",Analyst,Senior,AWS Certified,5.8,EMP097,2025-09-10,Completed,100.0,2025-09-14,2025-09-29,2025-10-03,False,0,4,TSK0264,"TSK0319,TSK0315","TSK0678,TSK0055",,False,6.3,True,2,5.9,7.2,Medium,High,31.6,False,False,1,Daily,9.0,2024-04-02 08:58:44,2025-11-13 13:51:44
TSK0303,Metrics dashboard,Metrics dashboard for analysis phase of project PRJ010.,Analysis,PRJ010,Critical,Moderate,12.1,13.6,13,"Financial Modeling,Excel,SAP",Tester,Mid,Scrum Master,3.3,EMP148,2024-11-24,Blocked,0,2024-11-25,2024-12-02,,True,454,2,,,"TSK0680,TSK0608",TSK0084,False,,False,0,,,Medium,Low,27.8,True,False,3,As needed,9.7,2024-09-18 17:46:34,2025-03-14 15:19:24
TSK0304,Deploy to staging,Deploy to staging for development phase of project PRJ038.,Development,PRJ038,Low,Simple,2.4,,3,"Google Analytics,A/B Testing,Content Marketing",Tester,Mid,,3.9,EMP118,2024-09-12,Not Started,4.6,2024-09-15,2024-09-24,,False,-5,2,,,,TSK0151,False,,False,0,,8.6,Low,Low,69.7,True,False,2,As needed,9.9,2024-01-04 13:38:27,2024-12-04 15:21:42
TSK0305,Deploy to staging,Deploy to staging for development phase of project PRJ090.,Development,PRJ090,Medium,Moderate,14.7,,1,"ERP,Supply Chain,Project Management",Developer,Mid,,2.8,EMP063,2024-10-11,Blocked,99,2024-10-12,2024-10-24,,True,493,3,,"TSK0316,TSK0314","TSK0268,TSK0921",,True,,True,1,,7.7,Medium,Medium,45.9,False,False,1,As needed,6.4,2024-06-14 12:19:29,2025-05-27 14:12:55
TSK0306,Build REST API,Build REST API for development phase of project PRJ014.,Development,PRJ014,Low,Simple,2.6,2.7,5,"Email Marketing,Adobe Suite",Tester,Senior,,1,EMP020,,Not Started,32.3,2025-07-24,2025-08-02,,False,-2,5,,TSK0309,"TSK1896,TSK0648",,False,,False,0,,8.3,High,High,40.6,True,False,5,Bi-weekly,4.5,2024-02-06 13:09:02,2025-02-04 09:42:14
TSK0307,Impact assessment,Impact assessment for analysis phase of project PRJ087.,Analysis,PRJ087,Low,Complex,32.0,24.4,13,Copywriting,Designer,Junior,,7.1,EMP098,2024-06-16,Completed,100.0,2024-06-20,2024-06-30,2024-06-28,False,-2,2,,,,TSK0041,True,6.3,False,0,7.6,6.6,Low,Medium,49.2,False,True,3,Bi-weekly,4.8,2024-12-16 14:11:12,2024-10-11 15:31:41
TSK0308,Architecture review,Architecture review for meeting phase of project PRJ099.,Meeting,PRJ099,Low,Moderate,6.6,,3,HubSpot,Tester,Senior,Scrum Master,6.5,EMP163,2024-08-09,Blocked,58.0,2024-08-11,2024-08-14,,True,564,2,,,,,False,,True,3,,8.5,High,Low,5,False,True,3,As needed,8.7,2025-04-16 11:33:25,2025-05-18 14:38:00
TSK0309,UAT coordination,UAT coordination for testing phase of project PRJ036.,Testing,PRJ036,Medium,Very Complex,53.8,56.5,5,"Copywriting,Email Marketing",Analyst,Junior,,7.9,EMP073,2024-07-05,Completed,100.0,2024-07-10,2024-07-22,2024-07-18,False,-4,5,,,,,False,7.8,True,3,5.4,5.1,High,Low,24.9,False,True,4,Weekly,5.4,2024-09-10 13:27:35,2024-07-25 13:57:56
TSK0310,Process documentation,Process documentation for documentation phase of project PRJ100.,Documentation,PRJ100,Critical,Simple,3.0,,5,"HRIS,Employment Law",Analyst,Senior,PMP,3.6,EMP034,2025-04-10,Not Started,74.2,2025-04-13,2025-04-19,,False,-5,2,,,,,False,,False,0,,5.9,High,Low,14.2,False,False,3,Daily,5.6,2024-12-19 10:44:20,2024-10-13 18:57:23
TSK0311,Design landing page,Design landing page for design phase of project PRJ008.,Design,PRJ008,Critical,Complex,39.9,32.5,3,"Docker,Django",Developer,Senior,Scrum Master,5.6,EMP162,2025-02-05,Blocked,10.8,2025-02-07,2025-02-20,,True,374,1,,,"TSK0117,TSK0387",,False,,False,0,,6.6,High,Low,37.3,False,False,1,Weekly,5.8,2025-03-22 11:18:41,2024-06-23 17:16:05
TSK0312,Brand refresh,Brand refresh for design phase of project PRJ092.,Design,PRJ092,Low,Moderate,4.5,,13,Content Marketing,Designer,Mid,Scrum Master,1.8,EMP123,2025-08-15,In Progress,80.6,2025-08-19,2025-08-21,,True,192,1,,,"TSK0439,TSK1231",,False,,True,3,,,Medium,Critical,49.9,False,True,1,Weekly,0.3,2024-06-18 17:05:56,2024-12-26 16:05:14
TSK0313,Fix critical bug,Fix critical bug for development phase of project PRJ012.,Development,PRJ012,Medium,Complex,32.2,36.5,2,"Sketch,User Research",Designer,Junior,PMP,6.2,EMP018,2024-02-19,In Progress,39.1,2024-02-21,2024-03-07,,True,724,5,,,"TSK1805,TSK1767",,False,,False,0,,,High,Low,37.2,False,True,5,Daily,6.2,2025-05-05 12:02:20,2024-07-01 09:15:46
TSK0314,Brand refresh,Brand refresh for design phase of project PRJ021.,Design,PRJ021,Low,Complex,21.0,,13,"Supply Chain,Power BI,ERP",Tester,Senior,,4.6,EMP101,2025-05-18,In Review,19.5,2025-05-19,2025-05-25,,True,280,3,,,"TSK1821,TSK1414",TSK0016,False,,True,1,,7.5,High,Critical,38.6,False,False,1,Daily,3.5,2024-10-14 14:58:38,2025-07-12 14:43:38
TSK0315,Create mockups,Create mockups for design phase of project PRJ092.,Design,PRJ092,Low,Complex,19.9,14.8,2,"Java,React",Designer,Senior,,4.0,EMP127,2025-11-24,Completed,100.0,2025-11-28,2025-12-08,2025-12-03,False,-1,5,,,"TSK1500,TSK0011",,False,7.5,True,2,8.3,,Medium,Medium,25.0,False,True,3,Bi-weekly,3.6,2024-04-25 11:39:49,2024-09-26 17:26:50
TSK0316,Fix critical bug,Fix critical bug for development phase of project PRJ028.,Development,PRJ028,Critical,Moderate,6.0,,8,Salesforce,Analyst,Junior,,6.5,EMP145,2024-07-29,In Progress,28.5,2024-07-30,2024-08-10,,True,568,4,,,"TSK0682,TSK0707",,False,,False,0,,8.5,Low,High,35.5,False,True,5,Daily,1.1,2024-10-02 12:51:05,2025-06-14 15:11:34
TSK0317,Code review,Code review for development phase of project PRJ091.,Development,PRJ091,Medium,Simple,2.1,,3,"Financial Modeling,SAP,Excel",Designer,Mid,,3.3,EMP097,2024-04-28,Not Started,59.6,2024-05-01,2024-05-04,,False,-4,3,,,"TSK1386,TSK0559",,False,,False,0,,7.0,High,High,68.8,False,False,1,Daily,2.3,2024-01-08 09:05:38,2025-07-29 18:08:09
TSK0318,User research,User research for research phase of project PRJ100.,Research,PRJ100,Low,Simple,2.6,,13,"Google Analytics,Adobe Suite,Content Marketing",Manager,Senior,PMP,4.7,EMP136,2024-05-07,Blocked,57.1,2024-05-08,2024-05-11,,True,659,4,,TSK0321,,TSK0243,True,,True,1,,5.5,High,Critical,5,True,True,5,Bi-weekly,7.1,2024-12-09 09:19:51,2024-12-03 17:22:16
TSK0319,Performance testing,Performance testing for testing phase of project PRJ079.,Testing,PRJ079,High,Moderate,8.0,10.3,13,React,Designer,Mid,,8.2,EMP044,2025-04-28,In Progress,0,2025-05-02,2025-05-10,,True,295,4,,,"TSK0866,TSK0571",,False,,True,2,,8.7,High,Low,18.3,True,True,4,Daily,1.3,2024-10-17 18:41:21,2025-09-03 14:04:47
TSK0320,Architecture review,Architecture review for meeting phase of project PRJ031.,Meeting,PRJ031,Low,Moderate,16.0,,2,"Lean Six Sigma,Power BI,Supply Chain",Analyst,Senior,PMP,3.3,EMP199,2024-10-18,Blocked,71.4,2024-10-22,2024-10-28,,True,489,2,TSK0213,,"TSK0267,TSK1810",TSK0034,False,,False,0,,5.9,Medium,Low,42.0,False,True,5,Bi-weekly,0.7,2024-01-03 15:46:36,2024-10-02 09:26:07
TSK0321,Refactor database layer,Refactor database layer for development phase of project PRJ039.,Development,PRJ039,Critical,Moderate,8.6,11.8,13,"Supply Chain,Lean Six Sigma",Tester,Senior,,6.2,EMP078,2025-05-30,Not Started,0,2025-05-31,2025-06-06,,False,-3,1,,,,,True,,False,0,,3.5,Low,Low,14.5,False,True,2,As needed,4.8,2024-03-02 17:26:42,2025-07-21 14:46:01
TSK0322,Icon set design,Icon set design for design phase of project PRJ070.,Design,PRJ070,Medium,Very Complex,105.9,147.7,1,"Adobe XD,Figma,Prototyping",Manager,Senior,Scrum Master,7.4,EMP104,2025-10-19,Blocked,92.5,2025-10-24,2025-11-17,,True,104,4,TSK0271,,"TSK1628,TSK1542",TSK0293,False,,False,0,,,Low,High,38.2,False,True,4,As needed,7.2,2025-03-26 14:59:43,2024-11-28 17:26:22
TSK0323,Implement authentication module,Implement authentication module for development phase of project PRJ061.,Development,PRJ061,High,Complex,21.7,,1,Bloomberg,Designer,Mid,,2.5,EMP023,2025-03-11,In Review,75.0,2025-03-13,2025-03-25,,True,341,4,,,"TSK1359,TSK1950",,False,,False,0,,7.6,Medium,Medium,53.3,True,False,1,As needed,7.5,2024-09-21 08:46:24,2025-01-19 13:05:27
TSK0324,Update user guide,Update user guide for documentation phase of project PRJ044.,Documentation,PRJ044,Low,Simple,2.4,2.3,13,A/B Testing,Tester,Junior,,6.8,EMP016,2025-07-23,Completed,100.0,2025-07-25,2025-07-30,2025-08-04,False,-5,4,,,,,True,6.9,True,2,6.7,,Low,Critical,44.7,False,True,5,Bi-weekly,1.4,2024-07-31 12:59:57,2024-07-05 11:47:28
TSK0325,Add unit tests,Add unit tests for development phase of project PRJ035.,Development,PRJ035,Low,Simple,3.3,,8,"Communication,Prospecting",Manager,Senior,,2.1,EMP197,2025-06-09,Not Started,0,2025-06-10,2025-06-15,,False,0,5,,,,TSK0190,False,,False,0,,8.2,Medium,Medium,49.1,False,False,4,Weekly,4.4,2024-01-31 13:13:45,2024-10-27 18:52:28
TSK0326,Create mockups,Create mockups for design phase of project PRJ083.,Design,PRJ083,Critical,Very Complex,68.6,,5,"Bloomberg,VBA",Manager,Mid,PMP,6.3,,2024-05-14,Blocked,34.0,2024-05-15,2024-06-05,,True,634,5,,,,,False,,False,0,,,Low,Critical,21.4,False,True,1,Bi-weekly,8.3,2025-03-14 11:09:35,2026-01-19 13:46:39
TSK0327,Refactor database layer,Refactor database layer for development phase of project PRJ094.,Development,PRJ094,Low,Moderate,6.2,,8,"Sketch,Adobe XD",Manager,Mid,PMP,3.9,EMP103,2024-06-02,In Progress,37.9,2024-06-05,2024-06-09,,True,630,3,,,"TSK0963,TSK0120",,True,,False,0,,7.4,Low,Low,12.9,False,False,4,As needed,2.2,2024-06-20 13:47:24,2025-09-16 11:46:45
TSK0328,Root cause analysis,Root cause analysis for analysis phase of project PRJ024.,Analysis,PRJ024,Low,Complex,22.3,,8,"Python,AWS,MongoDB",Tester,Senior,,2.2,EMP025,2025-08-31,Blocked,26.5,2025-09-04,2025-09-10,,True,172,4,,,"TSK1258,TSK0744",,False,,False,0,,8.0,Low,Low,11.0,False,True,3,Daily,0.1,2024-12-24 15:52:15,2025-03-06 14:27:36
TSK0329,Root cause analysis,Root cause analysis for analysis phase of project PRJ039.,Analysis,PRJ039,Medium,Moderate,6.6,7.1,3,"SQL,Node.js,MongoDB",Analyst,Senior,,3.6,EMP100,2024-02-24,In Progress,72.4,2024-02-28,2024-03-07,,True,724,2,TSK0311,,,,False,,False,0,,,High,Critical,23.2,False,True,2,Bi-weekly,7.7,2024-08-25 13:16:33,2025-07-21 17:21:11
TSK0330,Build REST API,Build REST API for development phase of project PRJ024.,Development,PRJ024,High,Complex,26.0,,3,"A/B Testing,Google Analytics",Developer,Mid,AWS Certified,8.5,EMP080,2025-06-15,In Progress,68.2,2025-06-17,2025-07-01,,True,243,1,,TSK0336,,TSK0161,False,,False,0,,,Medium,Low,5,True,False,3,Daily,3.1,2024-08-14 11:13:23,2024-10-13 16:26:45
TSK0331,Sprint planning,Sprint planning for meeting phase of project PRJ085.,Meeting,PRJ085,Medium,Simple,1.7,,1,Excel,Tester,Mid,,1.7,EMP124,2024-01-22,In Review,22.8,2024-01-27,2024-01-31,,True,760,5,,,"TSK1871,TSK0822",,False,,False,0,,4.3,Low,Low,14.5,False,False,5,As needed,5.3,2024-03-24 16:27:50,2025-10-18 09:30:00
TSK0332,Write API docs,Write API docs for documentation phase of project PRJ002.,Documentation,PRJ002,High,Complex,17.3,20.7,8,HRIS,Developer,Junior,PMP,2.1,EMP180,2025-07-24,In Progress,37.9,2025-07-25,2025-08-03,,True,210,1,,,,,True,,True,3,,7.9,Medium,High,10.8,True,False,2,As needed,7.9,2024-05-14 08:41:14,2024-07-31 14:37:53
TSK0333,Regression test suite,Regression test suite for testing phase of project PRJ010.,Testing,PRJ010,Medium,Moderate,5.1,,8,"Prototyping,Adobe XD,Photoshop",Tester,Senior,Scrum Master,4.5,EMP187,2025-10-19,Not Started,38.2,2025-10-20,2025-10-23,,False,0,5,"TSK0078,TSK0114","TSK0344,TSK0347","TSK1806,TSK1194",,False,,False,0,,5.7,High,Low,48.5,False,True,2,Daily,8.4,2025-03-08 08:33:07,2025-07-20 12:49:06
TSK0334,Architecture review,Architecture review for meeting phase of project PRJ072.,Meeting,PRJ072,High,Moderate,13.0,16.7,8,"QuickBooks,VBA",Manager,Senior,,4.6,EMP061,2024-03-13,Completed,100.0,2024-03-18,2024-03-29,2024-03-30,False,-1,1,TSK0234,,,,True,7.7,False,0,7.3,7.3,Medium,Low,5,False,False,1,Bi-weekly,6.2,2025-04-10 18:28:58,2025-08-16 10:20:54
TSK0335,User testing,User testing for design phase of project PRJ087.,Design,PRJ087,High,Moderate,9.4,10.6,3,"Figma,Illustrator",Developer,Junior,,4.1,EMP127,2024-12-14,Completed,100.0,2024-12-19,2024-12-25,2024-12-24,False,-3,1,,,,,False,6.5,False,0,10,7.9,Medium,Critical,23.9,False,True,4,As needed,8.2,2024-10-29 08:10:04,2025-06-08 15:08:13
TSK0336,Deploy to staging,Deploy to staging for development phase of project PRJ092.,Development,PRJ092,Critical,Moderate,7.3,,2,"A/B Testing,Google Analytics,Social Media",Analyst,Mid,,5.1,EMP134,2025-01-29,In Progress,77.5,2025-02-03,2025-02-06,,True,388,1,TSK0097,,,,True,,False,0,,,High,Low,38.4,True,False,3,Bi-weekly,8.9,2024-08-19 09:50:52,2025-03-11 18:51:04
TSK0337,Write integration tests,Write integration tests for testing phase of project PRJ004.,Testing,PRJ004,High,Moderate,13.5,11.6,1,Content Marketing,Tester,Mid,AWS Certified,5.0,EMP039,2024-07-18,Blocked,13.0,2024-07-20,2024-07-31,,True,578,4,,TSK0338,"TSK0705,TSK0949",,False,,False,0,,6.1,Low,High,15.4,False,False,3,Weekly,4.2,2024-11-03 16:33:34,2024-10-26 11:47:48
TSK0338,Competitor analysis,Competitor analysis for research phase of project PRJ081.,Research,PRJ081,Low,Moderate,13.0,,3,"Java,PostgreSQL",Tester,Junior,,6.7,EMP194,2024-04-25,In Progress,37.4,2024-04-29,2024-05-04,,True,666,4,,,"TSK1448,TSK1427",,False,,True,2,,9.1,Low,Critical,27.0,False,True,4,Bi-weekly,6.0,2024-04-15 13:49:48,2024-10-18 14:08:06
TSK0339,Design critique,Design critique for meeting phase of project PRJ084.,Meeting,PRJ084,Low,Complex,37.6,33.1,3,A/B Testing,Manager,Junior,,5.7,EMP072,2024-08-08,Not Started,0,2024-08-13,2024-08-21,,False,-5,1,"TSK0117,TSK0125",,"TSK0189,TSK0052",,False,,False,0,,,Medium,High,11.0,False,True,3,As needed,6.3,2024-04-04 15:32:25,2024-07-25 10:07:23
TSK0340,Release notes,Release notes for documentation phase of project PRJ076.,Documentation,PRJ076,Low,Complex,19.8,27.4,8,Salesforce,Designer,Mid,,3.6,EMP055,2024-05-06,Completed,100.0,2024-05-10,2024-05-22,2024-05-19,False,-4,3,,,,,False,6.8,False,0,8.9,7.7,Medium,High,39.6,False,True,4,As needed,9.6,2024-05-22 10:54:35,2024-11-06 09:55:11
TSK0341,Data analysis,Data analysis for analysis phase of project PRJ088.,Analysis,PRJ088,High,Simple,2.7,,8,"Conflict Resolution,HRIS",Analyst,Senior,PMP,6.1,EMP196,2025-07-03,In Progress,39.0,2025-07-04,2025-07-08,,True,236,4,,"TSK0354,TSK0360","TSK0422,TSK0697",,False,,False,0,,9.0,Low,Low,74.3,False,False,4,Bi-weekly,1.0,2024-09-24 10:07:01,2025-07-04 11:29:35
TSK0342,Architecture review,Architecture review for meeting phase of project PRJ012.,Meeting,PRJ012,Medium,Complex,23.0,,2,"Email Marketing,Adobe Suite,Content Marketing",Manager,Mid,,6.3,EMP087,2025-06-21,In Progress,14.2,2025-06-25,2025-07-01,,True,243,1,,,,,False,,True,1,,10,High,Low,22.2,False,True,5,Daily,9.6,2024-10-31 10:27:50,2025-10-17 10:12:12
TSK0343,Write API docs,Write API docs for documentation phase of project PRJ078.,Documentation,PRJ078,Low,Complex,42.6,,13,"AWS,Rust",Manager,Mid,PMP,6.7,EMP079,2024-04-05,Not Started,2.8,2024-04-06,2024-04-16,,False,-3,1,,,"TSK1235,TSK1169",TSK0176,False,,True,1,,,High,Low,5,False,False,5,As needed,4.6,2024-08-24 14:28:11,2024-07-08 17:43:25
TSK0344,Add unit tests,Add unit tests for development phase of project PRJ006.,Development,PRJ006,High,Complex,28.5,26.0,13,"Copywriting,Google Analytics,Email Marketing",Manager,Junior,Scrum Master,2.1,EMP041,,Completed,100.0,2024-02-28,2024-03-10,2024-03-11,False,-2,5,,,,,False,9.5,True,2,6.9,7.7,High,Critical,30.1,False,True,5,As needed,2.0,2024-12-21 16:24:30,2026-01-27 12:53:13
TSK0345,Kickoff meeting,Kickoff meeting for meeting phase of project PRJ025.,Meeting,PRJ025,Critical,Moderate,7.3,5.4,8,"Power BI,ERP",Designer,Mid,PMP,4.5,EMP153,2024-05-30,Completed,100.0,2024-06-02,2024-06-12,2024-06-15,False,-3,4,,,,,False,5.6,False,0,8.2,,Medium,Medium,51.5,False,True,3,As needed,3.1,2024-08-20 18:39:16,2025-05-07 08:15:28
TSK0346,Data analysis,Data analysis for analysis phase of project PRJ045.,Analysis,PRJ045,Medium,Complex,13.2,14.1,5,Financial Modeling,Analyst,Junior,Scrum Master,3.6,EMP049,2025-06-26,Completed,100.0,2025-06-28,2025-07-05,2025-07-08,False,-1,2,,,"TSK1447,TSK0528",,False,6.9,True,2,7.6,,Low,Critical,20.7,False,False,4,Weekly,2.0,2024-10-25 14:29:17,2025-08-12 12:44:50
TSK0347,Requirements gathering,Requirements gathering for research phase of project PRJ056.,Research,PRJ056,High,Simple,3.6,,1,"Sketch,Figma,Prototyping",Manager,Junior,,6.1,EMP038,2025-08-05,In Progress,3.2,2025-08-07,2025-08-16,,True,197,3,"TSK0304,TSK0237",,,,False,,False,0,,,High,High,24.1,False,True,3,Daily,9.5,2024-12-18 18:48:49,2024-12-05 14:02:11
TSK0348,Performance report,Performance report for analysis phase of project PRJ060.,Analysis,PRJ060,Low,Moderate,10.3,,8,"Prospecting,CRM,Salesforce",Manager,Mid,,9.8,EMP041,2025-05-04,In Review,36.7,2025-05-07,2025-05-11,,True,294,5,,,"TSK1035,TSK1595",,False,,False,0,,6.3,High,Critical,40.7,False,False,3,Daily,5.0,2025-04-10 16:13:48,2025-12-03 18:41:19
TSK0349,Requirements gathering,Requirements gathering for research phase of project PRJ068.,Research,PRJ068,High,Moderate,6.4,,3,User Research,Manager,Mid,AWS Certified,3.4,EMP169,2024-12-24,Not Started,95.9,2024-12-25,2025-01-04,,False,-3,2,,,,,False,,False,0,,8.6,Medium,High,49.4,False,False,5,Weekly,0.2,2024-07-09 18:02:29,2025-06-16 14:00:54
TSK0350,Stakeholder review,Stakeholder review for meeting phase of project PRJ044.,Meeting,PRJ044,Low,Complex,40.1,,3,Lean Six Sigma,Designer,Junior,,3.4,EMP006,2025-10-21,Not Started,16.9,2025-10-26,2025-11-03,,False,-4,2,TSK0093,,"TSK0192,TSK1144",,False,,True,1,,5.9,Low,Low,17.4,False,False,4,Weekly,8.1,2024-02-26 12:33:55,2024-10-06 08:36:15
TSK0351,Code review,Code review for development phase of project PRJ045.,Development,PRJ045,Medium,Moderate,9.4,8.9,1,"Adobe XD,Photoshop",Developer,Senior,,2.9,EMP184,2025-05-09,Blocked,38.4,2025-05-12,2025-05-22,,True,283,2,,,,,False,,True,3,,6.7,Low,High,52.2,True,False,1,As needed,7.3,2024-12-02 12:16:47,2025-10-27 15:24:06
TSK0352,Kickoff meeting,Kickoff meeting for meeting phase of project PRJ044.,Meeting,PRJ044,Low,Complex,22.6,20.3,3,"Figma,Adobe XD",Designer,Senior,,3.5,EMP066,2024-11-26,Blocked,77.1,2024-11-29,2024-12-04,,True,452,5,"TSK0261,TSK0262",TSK0369,,TSK0255,False,,False,0,,6.1,High,Medium,5,True,True,4,Weekly,8.5,2024-09-11 15:38:30,2026-02-21 08:01:31
TSK0353,Code review,Code review for development phase of project PRJ091.,Development,PRJ091,Medium,Moderate,8.4,,13,"VBA,SAP",Developer,Mid,,8.0,EMP034,2025-02-28,In Review,43.4,2025-03-02,2025-03-12,,True,354,3,,,,,True,,False,0,,8.4,Low,High,49.9,False,True,1,As needed,9.1,2024-02-20 08:21:18,2025-06-09 13:35:15
TSK0354,Data analysis,Data analysis for analysis phase of project PRJ038.,Analysis,PRJ038,Medium,Complex,24.1,32.5,5,"Prototyping,Illustrator",Analyst,Junior,,1,EMP096,2024-05-02,In Review,36.4,2024-05-05,2024-05-17,,True,653,5,,,"TSK1394,TSK0966",,False,,False,0,,,Medium,Medium,34.3,False,False,5,Weekly,8.7,2025-03-06 08:33:36,2025-11-13 16:34:22
TSK0355,Sprint planning,Sprint planning for meeting phase of project PRJ087.,Meeting,PRJ087,Low,Simple,2.1,,2,"SQL,PostgreSQL,Docker",Tester,Senior,,7.5,EMP104,2024-04-17,Blocked,16.0,2024-04-20,2024-04-27,,True,673,2,,,"TSK1924,TSK0922",,False,,True,1,,8.9,Low,High,56.4,False,True,3,Daily,1.9,2024-07-09 14:27:18,2025-10-06 12:09:46
TSK0356,Root cause analysis,Root cause analysis for analysis phase of project PRJ053.,Analysis,PRJ053,Medium,Complex,21.3,17.8,13,"Photoshop,Figma",Tester,Senior,,2.5,EMP114,2024-06-16,Blocked,65.9,2024-06-19,2024-07-01,,True,608,5,"TSK0197,TSK0313",,,,False,,False,0,,8.2,Low,Critical,36.9,True,True,5,As needed,2.7,2025-02-01 14:26:42,2025-11-14 09:57:07
TSK0357,Design critique,Design critique for meeting phase of project PRJ069.,Meeting,PRJ069,Low,Simple,3.3,2.9,2,Node.js,Analyst,Mid,,2.4,EMP036,2025-10-04,In Progress,54.2,2025-10-07,2025-10-11,,True,141,3,,,,,False,,True,2,,9.2,Medium,High,40.2,False,False,1,Bi-weekly,3.4,2024-05-14 14:40:47,2025-10-04 18:27:16
TSK0358,Sprint planning,Sprint planning for meeting phase of project PRJ033.,Meeting,PRJ033,Critical,Moderate,15.6,,3,CRM,Tester,Senior,PMP,3.0,EMP065,2025-02-23,In Progress,56.9,2025-02-24,2025-03-01,,True,365,3,,,"TSK0838,TSK0767",,False,,False,0,,,High,High,38.1,False,True,2,Weekly,7.1,2025-05-27 15:57:27,2025-07-26 11:11:54
TSK0359,Feasibility study,Feasibility study for research phase of project PRJ086.,Research,PRJ086,Medium,Complex,40.1,,3,"Figma,User Research",Tester,Junior,PMP,5.3,EMP158,,In Progress,0,2024-01-02,2024-01-16,,True,775,1,,,"TSK0370,TSK0720",,True,,False,0,,,Medium,Medium,7.3,False,True,1,As needed,4.8,2025-01-10 09:14:02,2025-08-13 09:00:38
TSK0360,Root cause analysis,Root cause analysis for analysis phase of project PRJ020.,Analysis,PRJ020,High,Very Complex,39.8,,2,Negotiation,Developer,Mid,,10,EMP062,2024-07-21,Blocked,52.7,2024-07-24,2024-08-08,,True,570,1,TSK0206,"TSK0372,TSK0371",,TSK0072,False,,False,0,,6.3,Medium,Critical,29.8,False,True,1,Bi-weekly,9.0,2025-03-23 16:31:02,2025-08-11 17:00:20
TSK0361,User research,User research for research phase of project PRJ010.,Research,PRJ010,High,Very Complex,37.5,,3,"Salesforce,CRM,Negotiation",Developer,Senior,,3.9,EMP049,2025-09-03,Blocked,56.6,2025-09-05,2025-09-16,,True,166,2,,,,,False,,False,0,,,High,High,28.2,True,True,1,Daily,3.2,2024-11-08 16:32:02,2025-04-20 09:03:38
TSK0362,User testing,User testing for design phase of project PRJ025.,Design,PRJ025,Medium,Complex,38.0,,1,"Communication,CRM",Developer,Junior,,2.4,EMP095,2024-08-26,In Progress,99,2024-08-31,2024-09-08,,True,539,3,,"TSK0363,TSK0371","TSK1841,TSK1393",TSK0115,False,,False,0,,,High,Critical,54.0,False,True,5,Daily,4.5,2025-03-31 13:02:22,2026-02-09 09:31:47
TSK0363,Icon set design,Icon set design for design phase of project PRJ089.,Design,PRJ089,High,Simple,3.3,4.6,3,"SQL,Kubernetes",Analyst,Junior,,6.6,EMP064,2025-01-04,Not Started,47.5,2025-01-06,2025-01-09,,False,-4,4,,,,TSK0255,False,,False,0,,8.8,Medium,Low,12.3,False,True,3,As needed,1.5,2024-07-05 15:07:37,2024-11-11 14:01:48
TSK0364,Icon set design,Icon set design for design phase of project PRJ081.,Design,PRJ081,High,Complex,41.5,,8,"Excel,Bloomberg,QuickBooks",Developer,Junior,PMP,4.1,EMP112,2024-01-17,Not Started,40.1,2024-01-21,2024-01-30,,False,-4,1,"TSK0239,TSK0252",,,,False,,True,1,,,High,Critical,28.4,False,True,3,Bi-weekly,3.9,2024-04-24 17:52:10,2024-10-31 08:22:55
TSK0365,Metrics dashboard,Metrics dashboard for analysis phase of project PRJ016.,Analysis,PRJ016,Critical,Moderate,6.9,9.3,13,"Node.js,MongoDB",Manager,Mid,,5.4,EMP013,2024-10-11,Blocked,5.4,2024-10-16,2024-10-27,,True,490,5,,,"TSK1366,TSK1389",,False,,False,0,,7.3,Low,High,10.1,False,True,3,Weekly,7.7,2024-03-23 17:12:03,2025-06-25 12:27:40
TSK0366,Update user guide,Update user guide for documentation phase of project PRJ016.,Documentation,PRJ016,Low,Complex,16.0,17.6,1,"Prospecting,HubSpot,Salesforce",Developer,Junior,Scrum Master,6.7,EMP055,2025-08-07,Not Started,43.1,2025-08-12,2025-08-19,,False,-5,2,,,"TSK0520,TSK0984",,True,,False,0,,6.4,High,Medium,25.2,False,True,2,Weekly,1.4,2024-08-14 09:28:41,2025-09-15 16:27:21
TSK0367,Build REST API,Build REST API for development phase of project PRJ032.,Development,PRJ032,Medium,Moderate,12.7,12.2,2,"Recruiting,SAP HR,Workday",Developer,Senior,,6.9,EMP170,2025-10-23,Completed,100.0,2025-10-25,2025-10-29,2025-10-31,False,0,3,"TSK0254,TSK0181",TSK0382,,,False,8.1,False,0,7.8,6.5,High,High,49.2,True,True,4,As needed,8.9,2025-04-16 08:51:33,2025-12-02 13:20:01
TSK0368,Feasibility study,Feasibility study for research phase of project PRJ074.,Research,PRJ074,High,Simple,3.8,,3,"Employment Law,HRIS",Developer,Junior,AWS Certified,4.5,EMP200,2024-03-05,In Review,0,2024-03-10,2024-03-12,,True,719,3,,,,TSK0258,True,,False,0,,8.6,Low,High,45.8,False,True,2,Bi-weekly,4.6,2025-02-09 08:41:05,2025-07-27 12:53:59
TSK0369,Design critique,Design critique for meeting phase of project PRJ021.,Meeting,PRJ021,Medium,Moderate,15.3,13.7,2,"Conflict Resolution,Training,HRIS",Analyst,Mid,PMP,3.7,EMP182,2024-01-03,In Review,46.5,2024-01-04,2024-01-10,,True,781,1,,,"TSK1169,TSK1077",,False,,False,0,,,Medium,Low,15.5,False,True,1,Bi-weekly,6.3,2024-03-28 10:00:58,2024-11-22 10:18:40
TSK0370,Deploy to staging,Deploy to staging for development phase of project PRJ063.,Development,PRJ063,Medium,Simple,2.5,,1,"Workday,Conflict Resolution",Developer,Senior,PMP,6.2,EMP056,2024-03-23,Blocked,65.0,2024-03-28,2024-04-07,,True,693,3,,,,,False,,False,0,,8.8,Low,Low,36.5,False,True,5,Bi-weekly,5.0,2024-10-24 09:18:00,2024-08-26 11:52:32
TSK0371,Security audit,Security audit for testing phase of project PRJ089.,Testing,PRJ089,High,Very Complex,82.3,64.6,3,Node.js,Tester,Mid,,5.9,EMP042,2025-02-21,Blocked,60.8,2025-02-26,2025-03-18,,True,348,2,,,"TSK0256,TSK0507",TSK0235,False,,False,0,,8.7,High,Low,63.0,False,True,3,Daily,10.0,2024-11-16 11:50:09,2024-09-25 16:41:01
TSK0372,Code review,Code review for development phase of project PRJ013.,Development,PRJ013,Low,Moderate,14.6,,13,"Go,FastAPI,Node.js",Analyst,Junior,,8.2,EMP065,2025-06-26,In Progress,53.2,2025-06-30,2025-07-06,,True,238,2,TSK0161,,"TSK0061,TSK0637",TSK0317,True,,False,0,,7.6,High,Critical,9.1,False,False,4,As needed,9.1,2024-11-05 08:34:44,2025-10-25 15:55:08
TSK0373,Add unit tests,Add unit tests for development phase of project PRJ006.,Development,PRJ006,Medium,Moderate,13.5,9.6,2,"Excel,Prospecting",Designer,Senior,,4.3,EMP183,2024-02-04,Not Started,10.2,2024-02-06,2024-02-15,,False,-1,1,TSK0249,,"TSK0347,TSK1629",,False,,False,0,,8.6,Low,Medium,5,False,True,4,Daily,4.8,2024-02-10 12:11:41,2025-01-24 13:57:58
TSK0374,Market sizing,Market sizing for research phase of project PRJ099.,Research,PRJ099,High,Simple,2.8,,13,Adobe Suite,Tester,Mid,,4.3,EMP021,2024-03-18,In Review,0,2024-03-23,2024-03-31,,True,700,5,,,"TSK0935,TSK0774",TSK0361,True,,False,0,,5.8,Low,Medium,50.6,False,True,3,Bi-weekly,0.7,2024-09-20 16:17:47,2025-06-03 12:47:10
TSK0375,Build design system,Build design system for design phase of project PRJ048.,Design,PRJ048,Medium,Moderate,6.4,7.7,13,"Figma,Prototyping",Tester,Junior,PMP,5.8,EMP106,2025-09-16,In Progress,44.9,2025-09-19,2025-09-23,,True,159,3,,,,,False,,False,0,,9.4,Medium,Critical,71.3,False,False,2,Weekly,2.2,2024-04-24 10:33:05,2025-08-26 09:56:50
TSK0376,Root cause analysis,Root cause analysis for analysis phase of project PRJ068.,Analysis,PRJ068,High,Complex,32.5,30.8,8,"Communication,Negotiation",Manager,Junior,,2.0,EMP031,2025-11-17,In Progress,0,2025-11-21,2025-12-05,,True,86,3,,TSK0394,"TSK1820,TSK0532",,False,,False,0,,,High,Low,75.9,False,True,4,Bi-weekly,5.5,2025-01-16 09:43:02,2024-07-16 10:04:32
TSK0377,Build design system,Build design system for design phase of project PRJ039.,Design,PRJ039,Low,Moderate,10.5,7.7,1,Excel,Designer,Senior,,4.5,EMP165,2025-03-06,Completed,100.0,2025-03-08,2025-03-12,2025-03-16,False,-2,4,,,,TSK0024,False,9.1,False,0,9.3,,Medium,Low,55.8,True,True,3,Bi-weekly,3.3,2025-04-11 17:19:08,2024-07-19 15:48:09
TSK0378,Stakeholder review,Stakeholder review for meeting phase of project PRJ088.,Meeting,PRJ088,Low,Simple,3.9,4.8,13,"Excel,Power BI,Supply Chain",Designer,Senior,,6.1,EMP182,2025-04-15,Completed,100.0,2025-04-20,2025-04-24,2025-04-26,False,-5,1,,,"TSK0935,TSK1318",,False,5.3,False,0,6.7,,Low,Low,10.2,False,True,3,Bi-weekly,3.4,2025-05-28 14:59:32,2024-08-26 18:47:50
TSK0379,Feasibility study,Feasibility study for research phase of project PRJ093.,Research,PRJ093,Medium,Simple,2.7,2.8,8,"Employment Law,Workday",Designer,Junior,,5.9,EMP028,2025-11-03,Not Started,37.0,2025-11-04,2025-11-12,,False,0,3,,,"TSK0841,TSK0467",TSK0216,True,,False,0,,,Low,Critical,34.6,False,True,3,Weekly,4.6,2024-10-12 10:03:43,2025-05-21 13:43:41
TSK0380,UAT coordination,UAT coordination for testing phase of project PRJ093.,Testing,PRJ093,Medium,Simple,2.0,2.7,13,"Bloomberg,VBA,Financial Modeling",Developer,Junior,,4.3,EMP120,2025-04-04,In Review,16.6,2025-04-05,2025-04-15,,True,320,5,,"TSK0381,TSK0390","TSK1419,TSK0032",,False,,False,0,,7.1,High,High,47.3,False,True,1,As needed,2.6,2024-10-06 10:27:08,2025-03-27 12:52:31
TSK0381,Code review,Code review for development phase of project PRJ090.,Development,PRJ090,Medium,Moderate,9.6,12.1,1,"AWS,FastAPI,TypeScript",Developer,Junior,Scrum Master,4.0,EMP084,2025-05-26,Not Started,52.0,2025-05-29,2025-06-08,,False,-4,4,,,,TSK0305,False,,False,0,,5.6,High,Medium,86.4,False,False,2,Bi-weekly,4.7,2024-10-16 16:07:06,2024-12-14 08:05:32
TSK0382,Requirements gathering,Requirements gathering for research phase of project PRJ099.,Research,PRJ099,Critical,Simple,1.7,2.3,2,"Project Management,Power BI",Analyst,Junior,,4.4,EMP095,2025-01-14,In Review,30.4,2025-01-15,2025-01-18,,True,407,5,,,,,True,,True,1,,,Low,Medium,18.0,True,True,1,Weekly,7.4,2024-07-27 08:50:02,2025-06-05 10:11:04
TSK0383,Architecture review,Architecture review for meeting phase of project PRJ040.,Meeting,PRJ040,Medium,Complex,27.3,31.6,13,"TypeScript,GCP",Analyst,Senior,,5.2,EMP199,2025-01-07,Completed,100.0,2025-01-09,2025-01-18,2025-01-17,False,-3,5,,,,,False,5.9,False,0,8.8,,High,High,42.5,True,True,5,Bi-weekly,5.9,2024-12-22 16:03:44,2024-12-29 18:47:59
TSK0384,Design critique,Design critique for meeting phase of project PRJ043.,Meeting,PRJ043,High,Simple,2.6,1.9,3,"User Research,Adobe XD",Designer,Junior,,4.7,EMP176,,In Review,6.7,2024-11-19,2024-11-21,,True,465,4,"TSK0290,TSK0200",,"TSK0018,TSK0792",TSK0262,False,,True,1,,7.0,High,Critical,53.1,False,False,2,As needed,4.6,2024-08-21 16:22:57,2025-03-25 18:51:24
TSK0385,Build REST API,Build REST API for development phase of project PRJ075.,Development,PRJ075,Low,Simple,3.7,,8,Employment Law,Developer,Senior,PMP,7.3,EMP012,2025-01-02,In Review,47.5,2025-01-04,2025-01-10,,True,415,3,TSK0362,,"TSK0121,TSK1330",,False,,False,0,,9.4,High,High,30.6,False,True,3,Weekly,4.6,2025-01-01 10:43:59,2025-02-04 14:05:50
TSK0386,Data analysis,Data analysis for analysis phase of project PRJ064.,Analysis,PRJ064,Medium,Moderate,9.0,8.4,13,Node.js,Designer,Junior,Scrum Master,7.8,EMP188,2025-09-07,In Review,26.0,2025-09-11,2025-09-19,,True,163,5,,TSK0395,,,False,,False,0,,7.0,Medium,Low,31.7,True,False,4,Bi-weekly,6.6,2024-04-11 09:10:35,2025-06-22 11:32:05
TSK0387,Fix critical bug,Fix critical bug for development phase of project PRJ003.,Development,PRJ003,Medium,Very Complex,93.7,100.5,5,"Financial Modeling,SAP,Risk Analysis",Designer,Senior,,3.4,EMP044,2024-02-06,In Progress,89.0,2024-02-08,2024-03-03,,True,728,3,,,"TSK1577,TSK1529",TSK0041,False,,False,0,,8.0,Low,Low,30.7,False,True,3,Weekly,8.9,2024-09-14 16:24:56,2026-01-04 18:50:24
TSK0388,Performance report,Performance report for analysis phase of project PRJ044.,Analysis,PRJ044,Medium,Moderate,8.3,,13,"Financial Modeling,Excel",Analyst,Junior,,5.1,EMP144,2024-01-24,In Review,52.0,2024-01-27,2024-02-04,,True,756,2,TSK0314,,"TSK1572,TSK0328",,False,,False,0,,4.6,High,Low,9.7,False,True,1,As needed,1.5,2024-01-29 16:41:40,2025-10-03 09:55:10
TSK0389,Root cause analysis,Root cause analysis for analysis phase of project PRJ016.,Analysis,PRJ016,Medium,Complex,47.1,,3,"FastAPI,Node.js",Analyst,Junior,,4.7,EMP034,2025-10-18,In Review,5.6,2025-10-20,2025-11-03,,True,118,5,,,,TSK0114,True,,True,1,,8.3,High,Critical,11.5,False,True,3,Bi-weekly,9.5,2024-01-06 17:21:36,2024-09-08 12:21:02
TSK0390,Load testing,Load testing for testing phase of project PRJ080.,Testing,PRJ080,High,Moderate,14.8,14.6,3,"Go,Java",Designer,Mid,Scrum Master,5.1,EMP027,2025-02-01,Completed,100.0,2025-02-06,2025-02-12,2025-02-10,False,-3,4,,"TSK0403,TSK0399","TSK0219,TSK0872",,False,8.2,False,0,4.9,9.4,Medium,Low,14.3,False,False,5,As needed,5.6,2025-01-03 16:20:28,2025-03-05 17:04:48
TSK0391,Refactor database layer,Refactor database layer for development phase of project PRJ007.,Development,PRJ007,Medium,Complex,27.7,,5,"Financial Modeling,SAP",Designer,Mid,,9.9,EMP149,,In Progress,80.9,2024-04-03,2024-04-17,,True,683,4,,,,TSK0261,False,,False,0,,6.2,High,Medium,36.9,False,False,5,Weekly,7.6,2024-08-13 18:46:10,2025-09-24 11:21:49
TSK0392,Requirements gathering,Requirements gathering for research phase of project PRJ016.,Research,PRJ016,Low,Moderate,9.8,,3,"ERP,Excel,Project Management",Tester,Junior,Scrum Master,5.3,EMP118,2024-09-11,In Progress,49.9,2024-09-12,2024-09-15,,True,532,1,"TSK0252,TSK0276",,,,False,,False,0,,7.6,Low,High,25.8,False,False,3,As needed,8.7,2025-03-27 08:47:31,2024-07-15 14:02:01
TSK0393,Technology evaluation,Technology evaluation for research phase of project PRJ035.,Research,PRJ035,Critical,Simple,1.8,,8,"Social Media,Copywriting",Manager,Mid,AWS Certified,2.3,EMP170,2024-02-19,In Progress,56.1,2024-02-22,2024-02-28,,True,732,5,,,,,False,,False,0,,8.7,Low,High,11.4,True,True,2,Daily,2.5,2025-05-30 16:30:11,2025-08-03 11:45:16
TSK0394,Kickoff meeting,Kickoff meeting for meeting phase of project PRJ074.,Meeting,PRJ074,Low,Complex,16.9,,2,Adobe XD,Analyst,Junior,Scrum Master,4.9,,2025-06-16,In Progress,31.0,2025-06-20,2025-06-26,,True,248,1,,,,TSK0044,False,,False,0,,10,High,High,49.9,False,False,4,As needed,7.5,2025-02-13 13:52:30,2025-08-18 14:25:55
TSK0395,Load testing,Load testing for testing phase of project PRJ062.,Testing,PRJ062,Critical,Simple,2.1,2.2,8,Adobe Suite,Tester,Mid,,3.3,EMP048,2024-12-11,Not Started,55.6,2024-12-16,2024-12-20,,False,-3,5,TSK0003,,"TSK1392,TSK0476",,False,,False,0,,,Low,Critical,10.1,False,True,4,As needed,2.0,2024-02-08 11:10:51,2024-08-29 12:15:03
TSK0396,Create mockups,Create mockups for design phase of project PRJ012.,Design,PRJ012,Medium,Simple,2.7,,8,"Workday,Employment Law",Designer,Mid,AWS Certified,3.9,EMP068,2024-03-16,In Progress,51.0,2024-03-21,2024-03-24,,True,707,1,"TSK0130,TSK0178",,,,False,,True,2,,,Medium,Critical,52.4,False,True,2,Bi-weekly,7.1,2025-03-23 18:16:04,2025-09-19 18:34:59
TSK0397,Create wireframes,Create wireframes for design phase of project PRJ042.,Design,PRJ042,Critical,Moderate,4.6,5.2,5,"HRIS,Employment Law,Training",Developer,Junior,AWS Certified,6.0,EMP079,2024-04-19,Not Started,31.9,2024-04-23,2024-05-01,,False,-1,2,"TSK0290,TSK0373",,,,False,,True,3,,5.3,Low,Medium,25.7,False,False,2,Daily,9.2,2024-05-07 13:40:04,2026-01-07 08:40:17
TSK0398,Test automation,Test automation for testing phase of project PRJ094.,Testing,PRJ094,High,Simple,1.9,,1,"Salesforce,Communication,Negotiation",Analyst,Junior,,3.4,EMP056,2024-02-04,In Review,67.5,2024-02-06,2024-02-09,,True,751,4,"TSK0161,TSK0305",,"TSK0389,TSK1543",,False,,False,0,,,High,Medium,13.7,False,True,2,Daily,8.5,2025-04-21 08:08:16,2025-03-04 08:19:59
TSK0399,KPI review,KPI review for analysis phase of project PRJ026.,Analysis,PRJ026,Low,Very Complex,31.1,23.9,3,"Prospecting,Negotiation",Manager,Junior,PMP,4.9,EMP122,2024-08-27,Completed,100.0,2024-08-29,2024-09-10,2024-09-10,False,-2,2,"TSK0050,TSK0093",,"TSK1636,TSK1581",,True,8.7,False,0,6.7,7.7,High,Low,55.2,False,False,1,Weekly,8.8,2024-08-15 18:15:36,2024-07-22 14:10:30
TSK0400,Create onboarding docs,Create onboarding docs for documentation phase of project PRJ095.,Documentation,PRJ095,Medium,Complex,43.9,,2,"Excel,HubSpot,CRM",Designer,Junior,,1,EMP145,2025-03-31,Blocked,86.3,2025-04-02,2025-04-18,,True,317,2,,,"TSK0069,TSK1707",TSK0201,False,,True,2,,7.6,Medium,Low,60.5,False,True,3,Weekly,3.9,2024-10-24 12:13:52,2024-11-12 17:51:50
TSK0401,Competitor analysis,Competitor analysis for research phase of project PRJ076.,Research,PRJ076,Low,Simple,3.1,,13,VBA,Developer,Junior,,5.9,EMP082,2024-06-01,Not Started,65.2,2024-06-02,2024-06-06,,False,-4,4,,,"TSK0434,TSK1299",,False,,False,0,,,High,Critical,67.8,False,True,4,Daily,4.8,2024-11-12 15:41:01,2025-02-03 12:17:51
TSK0402,Requirements gathering,Requirements gathering for research phase of project PRJ082.,Research,PRJ082,Medium,Simple,1.9,1.8,5,"HRIS,Workday,Recruiting",Manager,Mid,Scrum Master,3.3,EMP086,2025-11-14,Completed,100.0,2025-11-17,2025-11-25,2025-11-24,False,-5,5,,,"TSK0837,TSK0671",,False,7.2,False,0,8.2,6.8,Low,Medium,29.1,False,True,2,As needed,7.4,2024-09-19 18:08:05,2024-06-09 17:10:11
TSK0403,Design landing page,Design landing page for design phase of project PRJ042.,Design,PRJ042,Low,Moderate,8.2,9.4,3,"Go,React",Analyst,Senior,AWS Certified,5.3,,2024-07-19,Blocked,31.3,2024-07-21,2024-07-31,,True,578,2,TSK0186,,"TSK1380,TSK1367",,False,,True,1,,9.2,High,High,36.2,True,False,5,Bi-weekly,2.0,2024-02-25 16:29:34,2025-01-04 18:42:18
TSK0404,Impact assessment,Impact assessment for analysis phase of project PRJ064.,Analysis,PRJ064,Medium,Complex,12.9,13.6,8,Prototyping,Manager,Junior,,4.1,EMP144,2025-02-10,Completed,100.0,2025-02-12,2025-02-22,2025-02-24,False,0,4,,,"TSK1159,TSK1538",TSK0108,False,6.9,True,3,7.4,4.2,Medium,Critical,28.8,True,False,4,Weekly,4.7,2024-02-26 18:17:29,2024-11-29 11:49:43
TSK0405,Kickoff meeting,Kickoff meeting for meeting phase of project PRJ031.,Meeting,PRJ031,Medium,Moderate,14.5,14.4,8,Employment Law,Tester,Mid,,3.8,EMP097,2024-12-23,Completed,100.0,2024-12-27,2025-01-01,2025-01-04,False,-5,3,"TSK0010,TSK0387",,"TSK0664,TSK0855",,False,6.0,False,0,8.8,,High,Medium,23.4,False,True,1,Weekly,5.4,2024-05-04 14:37:47,2024-12-13 12:30:26
TSK0406,Process documentation,Process documentation for documentation phase of project PRJ009.,Documentation,PRJ009,High,Complex,40.4,,5,Project Management,Designer,Senior,,5.5,EMP041,2024-09-09,In Progress,48.0,2024-09-10,2024-09-26,,True,521,1,,,,,False,,True,3,,,Low,Low,40.9,False,True,3,Daily,9.0,2024-09-07 09:42:49,2025-09-11 15:40:20
TSK0407,Technology evaluation,Technology evaluation for research phase of project PRJ074.,Research,PRJ074,High,Simple,3.1,3.6,2,"Social Media,Content Marketing",Developer,Junior,,5.5,EMP194,2024-03-20,Not Started,45.5,2024-03-22,2024-03-31,,False,-4,4,TSK0367,,"TSK1277,TSK0487",,True,,True,1,,9.7,High,Medium,24.5,False,False,1,Weekly,8.4,2024-06-20 09:24:42,2024-06-13 08:23:55
TSK0408,Write API docs,Write API docs for documentation phase of project PRJ091.,Documentation,PRJ091,Medium,Moderate,4.9,3.9,2,JavaScript,Developer,Mid,,6.6,EMP038,2024-12-23,In Progress,73.6,2024-12-24,2024-12-28,,True,428,4,,,"TSK1699,TSK1520",,False,,False,0,,,Low,High,28.2,True,True,4,Bi-weekly,7.5,2025-03-18 15:14:49,2024-06-17 10:10:02
TSK0409,Release notes,Release notes for documentation phase of project PRJ074.,Documentation,PRJ074,Medium,Moderate,13.7,11.6,1,GCP,Manager,Junior,,1.6,EMP134,2024-10-14,In Review,22.5,2024-10-16,2024-10-20,,True,497,3,"TSK0259,TSK0129",,"TSK1352,TSK0603",TSK0174,False,,False,0,,9.2,Medium,Low,13.8,True,False,4,Weekly,4.5,2025-03-29 11:59:46,2024-10-19 16:11:36
TSK0410,Refactor database layer,Refactor database layer for development phase of project PRJ016.,Development,PRJ016,High,Moderate,6.8,,2,"Java,Docker,Python",Manager,Senior,PMP,4.3,EMP099,2024-06-05,Not Started,54.8,2024-06-10,2024-06-14,,False,-4,2,TSK0236,"TSK0419,TSK0428","TSK0335,TSK1832",,True,,False,0,,5.3,High,Low,57.6,False,True,1,Weekly,5.4,2024-05-03 17:03:58,2024-10-06 09:48:54
TSK0411,Security audit,Security audit for testing phase of project PRJ043.,Testing,PRJ043,High,Moderate,12.3,12.4,5,"Go,TypeScript,PostgreSQL",Designer,Mid,,4.7,EMP008,2025-08-19,Completed,100.0,2025-08-21,2025-08-30,2025-09-01,False,0,2,TSK0129,,,,True,7.9,False,0,5.4,,Medium,Medium,6.1,False,False,3,As needed,1.7,2025-04-14 10:39:38,2024-12-12 11:40:46
TSK0412,Regression test suite,Regression test suite for testing phase of project PRJ090.,Testing,PRJ090,Medium,Complex,12.6,9.1,3,"Adobe Suite,Copywriting",Tester,Mid,,4.5,EMP156,2024-09-03,In Review,0,2024-09-05,2024-09-17,,True,530,4,,,,TSK0116,False,,False,0,,7.6,Low,Critical,25.4,True,True,2,Bi-weekly,7.8,2024-04-29 12:44:56,2024-10-15 09:23:25
TSK0413,Team retrospective,Team retrospective for meeting phase of project PRJ026.,Meeting,PRJ026,Medium,Complex,24.4,20.7,3,"Adobe Suite,Content Marketing",Analyst,Senior,,4.5,EMP094,2025-06-21,Completed,100.0,2025-06-24,2025-07-08,2025-07-06,False,-4,4,"TSK0174,TSK0136",,"TSK1665,TSK0166",,True,7.7,False,0,6.9,,High,High,46.4,False,True,3,Daily,1.6,2024-04-23 09:58:26,2025-03-07 15:41:39
TSK0414,Build design system,Build design system for design phase of project PRJ033.,Design,PRJ033,High,Moderate,11.0,,8,"Training,Conflict Resolution",Manager,Senior,AWS Certified,5.7,EMP160,,Blocked,93.0,2025-03-27,2025-04-02,,True,333,3,,,,,True,,True,2,,6.4,High,Low,20.4,True,True,3,Weekly,7.4,2025-01-28 10:19:13,2024-07-19 18:04:58
TSK0415,Security audit,Security audit for testing phase of project PRJ081.,Testing,PRJ081,Medium,Moderate,12.8,12.4,8,Project Management,Developer,Junior,Scrum Master,7.3,EMP156,2025-01-20,Blocked,63.0,2025-01-21,2025-01-31,,True,394,2,,TSK0421,"TSK0108,TSK0384",,False,,True,2,,7.5,High,Critical,30.2,False,False,5,Weekly,6.4,2024-04-25 10:03:35,2025-07-06 09:16:47
TSK0416,Stakeholder review,Stakeholder review for meeting phase of project PRJ079.,Meeting,PRJ079,Medium,Simple,1.1,1.2,3,"MongoDB,Go",Tester,Senior,PMP,2.8,EMP166,2025-09-19,Completed,100.0,2025-09-24,2025-10-03,2025-10-02,False,-5,5,,,"TSK1998,TSK0663",,False,8.6,False,0,7.5,,Medium,Medium,26.0,False,True,4,Weekly,3.9,2025-03-20 08:30:19,2024-09-11 08:23:37
TSK0417,Build design system,Build design system for design phase of project PRJ078.,Design,PRJ078,Medium,Complex,15.7,19.5,8,"Negotiation,HubSpot,Prospecting",Developer,Junior,,4.7,,2024-08-18,Not Started,75.2,2024-08-23,2024-08-27,,False,-2,2,,,"TSK0798,TSK0339",,False,,False,0,,6.1,Low,Low,37.6,False,True,1,Bi-weekly,9.8,2024-08-27 13:25:23,2025-02-02 13:10:51
TSK0418,Test automation,Test automation for testing phase of project PRJ083.,Testing,PRJ083,Medium,Complex,39.5,36.8,2,"Email Marketing,Copywriting,A/B Testing",Designer,Mid,Scrum Master,4.3,EMP125,2025-03-01,Blocked,12.5,2025-03-03,2025-03-16,,True,350,3,,"TSK0429,TSK0424","TSK1153,TSK1405",,True,,False,0,,8.2,High,Critical,5,False,False,5,Daily,1.4,2024-08-17 18:33:21,2025-03-03 08:28:00
TSK0419,Implement authentication module,Implement authentication module for development phase of project PRJ072.,Development,PRJ072,Medium,Simple,2.7,,8,Prototyping,Manager,Junior,,5.1,EMP140,2025-02-24,Not Started,84.4,2025-02-28,2025-03-07,,False,0,4,TSK0262,,,,True,,True,2,,6.6,Low,Critical,85.0,False,True,2,Daily,2.9,2024-03-08 15:05:51,2025-06-29 08:15:12
TSK0420,KPI review,KPI review for analysis phase of project PRJ095.,Analysis,PRJ095,High,Simple,2.5,,2,"CRM,Communication,HubSpot",Manager,Mid,,1.1,EMP111,2025-10-23,In Review,56.1,2025-10-27,2025-11-02,,True,119,2,,,,,False,,True,1,,9.3,Low,Medium,29.9,True,True,3,Weekly,3.6,2024-04-23 09:57:03,2024-10-22 14:39:13
TSK0421,Create onboarding docs,Create onboarding docs for documentation phase of project PRJ041.,Documentation,PRJ041,Medium,Simple,1.1,,1,"Email Marketing,Content Marketing,Copywriting",Tester,Mid,,10,EMP191,2024-09-08,Blocked,53.8,2024-09-12,2024-09-17,,True,530,1,TSK0383,,"TSK1152,TSK0502",,False,,False,0,,,High,Critical,30.1,False,True,3,As needed,9.2,2024-12-19 10:42:02,2024-11-09 11:47:51
TSK0422,KPI review,KPI review for analysis phase of project PRJ047.,Analysis,PRJ047,Medium,Simple,2.4,,1,"Excel,ERP,Power BI",Analyst,Mid,,6.2,EMP152,,Not Started,96.3,2025-07-03,2025-07-09,,False,-5,5,,,"TSK0529,TSK0149",,True,,True,3,,7.0,High,Critical,10.9,False,False,1,As needed,7.6,2024-12-20 08:07:57,2025-04-05 14:28:02
TSK0423,Team retrospective,Team retrospective for meeting phase of project PRJ079.,Meeting,PRJ079,High,Simple,2.5,3.3,2,"Recruiting,Conflict Resolution,SAP HR",Analyst,Mid,PMP,5.1,EMP171,2025-05-26,In Review,64.8,2025-05-30,2025-06-01,,True,273,1,,TSK0436,"TSK1327,TSK0367",TSK0365,False,,False,0,,7.7,Low,Critical,5,False,True,3,Daily,4.2,2025-02-04 16:59:32,2024-08-11 13:22:47
TSK0424,Feasibility study,Feasibility study for research phase of project PRJ015.,Research,PRJ015,High,Moderate,9.0,6.8,3,"Recruiting,Workday,Employment Law",Designer,Junior,AWS Certified,5.3,EMP062,2025-07-23,Completed,100.0,2025-07-27,2025-08-03,2025-08-06,False,0,1,"TSK0039,TSK0262","TSK0437,TSK0427","TSK0924,TSK1732",,False,6.8,False,0,9.2,,Medium,Critical,19.2,False,True,5,As needed,7.4,2024-03-28 17:27:59,2025-01-16 08:22:10
TSK0425,Requirements gathering,Requirements gathering for research phase of project PRJ081.,Research,PRJ081,Low,Complex,26.0,,8,"Negotiation,Prospecting",Developer,Senior,PMP,8.0,EMP002,2025-07-28,In Progress,92.8,2025-07-30,2025-08-06,,True,207,4,,,,,False,,False,0,,7.1,High,High,31.0,False,True,5,Bi-weekly,1.7,2024-11-12 09:00:51,2025-04-02 08:53:45
TSK0426,Code review,Code review for development phase of project PRJ028.,Development,PRJ028,High,Simple,1.6,,3,"Lean Six Sigma,Power BI",Tester,Mid,Scrum Master,5.4,EMP098,2025-06-16,In Progress,19.6,2025-06-20,2025-06-24,,True,250,4,,,"TSK0410,TSK1882",TSK0341,False,,False,0,,10,Low,Medium,8.2,False,True,4,Daily,8.1,2024-08-02 18:25:27,2025-06-30 14:14:25
TSK0427,Sprint planning,Sprint planning for meeting phase of project PRJ093.,Meeting,PRJ093,Critical,Moderate,6.1,,2,"Rust,MongoDB,Python",Tester,Senior,,3.6,EMP176,2024-11-28,Not Started,12.9,2024-11-30,2024-12-11,,False,-4,3,"TSK0353,TSK0169",,"TSK0127,TSK0935",,False,,True,3,,8.1,Medium,Medium,42.6,False,False,3,Daily,5.0,2024-06-12 17:32:15,2025-11-02 16:57:10
TSK0428,Build REST API,Build REST API for development phase of project PRJ092.,Development,PRJ092,Low,Simple,2.8,2.9,2,Content Marketing,Tester,Mid,Scrum Master,4.0,EMP113,2024-03-27,Completed,100.0,2024-04-01,2024-04-06,2024-04-03,False,-3,4,,,"TSK0389,TSK1375",,False,5.4,False,0,6.5,5.7,Medium,Critical,59.5,False,True,2,As needed,3.4,2024-12-14 08:49:47,2024-07-05 17:54:05
TSK0429,Sprint planning,Sprint planning for meeting phase of project PRJ048.,Meeting,PRJ048,Medium,Complex,38.8,32.3,13,"Excel,Financial Modeling",Designer,Senior,,1,EMP004,2025-07-26,Blocked,65.2,2025-07-31,2025-08-13,,True,200,5,"TSK0070,TSK0001",,,,False,,False,0,,5.5,Medium,Critical,51.4,False,True,4,Weekly,3.0,2024-09-13 16:14:57,2025-06-20 13:26:30
TSK0430,Build REST API,Build REST API for development phase of project PRJ059.,Development,PRJ059,High,Moderate,12.4,12.2,2,"HRIS,Employment Law",Developer,Mid,Scrum Master,4.7,EMP009,2025-05-13,In Review,99,2025-05-17,2025-05-25,,True,280,2,,,,TSK0109,True,,False,0,,5.1,High,Medium,5,True,True,4,Daily,6.9,2024-12-01 16:03:19,2024-06-15 09:49:18
TSK0431,Feasibility study,Feasibility study for research phase of project PRJ016.,Research,PRJ016,High,Complex,28.8,,13,"HRIS,Conflict Resolution,Workday",Manager,Mid,,6.9,EMP082,2025-08-14,Not Started,34.2,2025-08-16,2025-08-22,,False,-1,1,TSK0295,,,TSK0065,False,,False,0,,7.2,Medium,Medium,25.3,True,False,1,Weekly,7.6,2024-11-03 08:36:18,2024-11-18 18:36:18
TSK0432,Deploy to staging,Deploy to staging for development phase of project PRJ024.,Development,PRJ024,Medium,Moderate,11.5,8.3,1,"Training,SAP HR",Manager,Senior,,5.6,EMP174,2024-05-19,Blocked,99,2024-05-22,2024-05-28,,True,642,5,"TSK0009,TSK0332",,,,True,,False,0,,,Low,Medium,20.5,True,False,4,Daily,1.8,2025-01-26 11:32:10,2024-06-05 15:07:22
TSK0433,Write integration tests,Write integration tests for testing phase of project PRJ072.,Testing,PRJ072,Low,Moderate,6.7,,13,Risk Analysis,Analyst,Senior,Scrum Master,2.6,EMP116,2025-02-26,Not Started,99,2025-02-28,2025-03-03,,False,-2,3,,,,,False,,False,0,,9.7,Medium,Low,6.2,False,True,2,As needed,3.2,2025-04-21 09:12:59,2025-07-20 12:36:53
TSK0434,Requirements gathering,Requirements gathering for research phase of project PRJ062.,Research,PRJ062,Critical,Complex,15.4,,2,"Excel,Lean Six Sigma,ERP",Manager,Mid,AWS Certified,3.4,EMP077,2024-06-25,In Review,63.6,2024-06-30,2024-07-09,,True,600,4,,TSK0445,,,False,,False,0,,8.9,Low,High,49.2,False,False,1,Weekly,5.0,2024-08-02 09:55:37,2025-01-15 12:27:20
TSK0435,Kickoff meeting,Kickoff meeting for meeting phase of project PRJ008.,Meeting,PRJ008,Low,Moderate,10.1,7.4,8,Negotiation,Designer,Mid,,5.8,EMP200,2024-11-01,Completed,100.0,2024-11-02,2024-11-10,2024-11-09,False,-4,4,,,,TSK0138,False,8.6,False,0,7.3,10,Low,Critical,48.6,True,True,5,As needed,7.7,2025-01-21 17:59:29,2025-02-12 15:26:46
TSK0436,Performance report,Performance report for analysis phase of project PRJ024.,Analysis,PRJ024,Critical,Very Complex,86.9,,8,"SQL,TypeScript,Kubernetes",Tester,Mid,,6.8,EMP048,2025-10-24,Not Started,26.8,2025-10-29,2025-11-18,,False,0,4,,"TSK0442,TSK0448","TSK1728,TSK1105",,False,,True,3,,,Low,Low,43.5,False,True,2,Bi-weekly,4.0,2024-01-29 11:57:58,2024-11-10 16:09:27
TSK0437,Technology evaluation,Technology evaluation for research phase of project PRJ025.,Research,PRJ025,Medium,Moderate,11.3,,2,"HRIS,Recruiting,Training",Manager,Junior,Scrum Master,5.7,EMP129,2025-07-08,In Review,58.2,2025-07-13,2025-07-22,,True,222,3,,,,,False,,False,0,,6.3,Medium,Critical,31.6,False,False,2,As needed,2.1,2025-02-10 11:15:01,2025-12-20 12:24:02
TSK0438,Add unit tests,Add unit tests for development phase of project PRJ061.,Development,PRJ061,Low,Moderate,14.7,,1,"Sketch,Photoshop",Designer,Mid,,3.6,EMP073,2024-07-29,Blocked,22.9,2024-07-31,2024-08-10,,True,568,3,,TSK0451,"TSK0149,TSK0595",,False,,False,0,,,Medium,Medium,43.3,True,True,1,Daily,6.3,2024-11-15 16:27:05,2024-07-08 14:46:49
TSK0439,User research,User research for research phase of project PRJ096.,Research,PRJ096,Low,Complex,14.2,18.8,2,"Excel,Project Management,Supply Chain",Developer,Mid,,6.3,EMP086,2025-08-26,Completed,100.0,2025-08-28,2025-09-01,2025-09-03,False,0,1,,,"TSK0561,TSK0314",,True,6.9,False,0,6.4,6.2,Medium,High,31.9,True,True,1,As needed,7.6,2025-01-18 08:10:15,2024-06-27 13:40:59
TSK0440,Design critique,Design critique for meeting phase of project PRJ004.,Meeting,PRJ004,High,Moderate,5.1,4.8,13,"ERP,Power BI",Developer,Mid,,4.7,EMP066,2025-10-29,Blocked,88.8,2025-11-03,2025-11-08,,True,113,1,TSK0260,,,,False,,False,0,,,Low,Low,41.5,False,True,1,Bi-weekly,7.6,2025-05-03 11:45:08,2025-03-13 17:04:14
TSK0441,Write API docs,Write API docs for documentation phase of project PRJ038.,Documentation,PRJ038,Medium,Simple,3.9,3.7,13,"QuickBooks,Excel",Designer,Junior,,4.8,EMP062,2024-06-18,In Progress,30.5,2024-06-21,2024-06-30,,True,609,3,,,,TSK0126,False,,False,0,,6.8,Low,High,36.8,True,False,5,As needed,6.6,2024-12-08 17:01:53,2025-04-19 09:35:08
TSK0442,Build design system,Build design system for design phase of project PRJ060.,Design,PRJ060,Medium,Simple,2.8,2.5,13,"Google Analytics,Copywriting,SEO",Analyst,Senior,,3.3,EMP032,2025-08-08,Completed,100.0,2025-08-09,2025-08-14,2025-08-10,False,-2,5,,,,,False,7.5,False,0,8.7,8.9,Medium,High,23.6,True,True,1,Daily,1.9,2024-08-03 16:40:09,2025-05-31 10:50:34
TSK0443,Team retrospective,Team retrospective for meeting phase of project PRJ075.,Meeting,PRJ075,High,Simple,1.6,,5,"HRIS,Conflict Resolution",Designer,Mid,PMP,3.6,EMP085,2024-01-17,In Progress,66.2,2024-01-19,2024-01-23,,True,768,4,,TSK0451,,TSK0108,False,,True,3,,5.9,Medium,Medium,13.4,False,True,4,Daily,5.2,2024-12-20 11:11:38,2025-12-25 15:56:15
TSK0444,UAT coordination,UAT coordination for testing phase of project PRJ091.,Testing,PRJ091,High,Simple,1.8,1.9,8,Workday,Designer,Senior,,5.5,EMP168,2025-04-10,Blocked,43.3,2025-04-11,2025-04-18,,True,317,3,,,,,False,,False,0,,8.0,High,Low,15.0,False,True,1,Bi-weekly,8.1,2025-05-23 13:27:39,2025-03-12 11:02:30
TSK0445,Data analysis,Data analysis for analysis phase of project PRJ092.,Analysis,PRJ092,Critical,Complex,44.3,,2,"Employment Law,SAP HR",Designer,Mid,PMP,5.2,EMP148,2025-11-06,Blocked,99,2025-11-08,2025-11-24,,True,97,1,,,"TSK1723,TSK1578",,False,,True,2,,7.2,High,High,51.4,False,True,5,Daily,6.2,2025-02-18 08:40:33,2025-03-27 09:46:44
TSK0446,Write integration tests,Write integration tests for testing phase of project PRJ087.,Testing,PRJ087,Critical,Complex,43.5,,5,"SAP,Excel",Manager,Mid,,5.9,EMP136,2024-10-09,In Progress,49.7,2024-10-11,2024-10-23,,True,494,4,TSK0383,,"TSK0866,TSK0640",,False,,False,0,,6.5,Medium,Medium,29.8,False,True,2,Weekly,7.3,2025-05-30 18:57:21,2025-04-09 10:29:59
TSK0447,Create wireframes,Create wireframes for design phase of project PRJ096.,Design,PRJ096,Medium,Very Complex,94.0,,13,"ERP,Supply Chain",Analyst,Junior,Scrum Master,7.2,EMP106,2025-01-16,Blocked,37.7,2025-01-18,2025-02-05,,True,389,5,,,"TSK0881,TSK1420",,False,,False,0,,,High,Critical,23.4,True,False,4,Bi-weekly,9.3,2024-01-21 12:03:59,2024-11-09 13:24:50
TSK0448,Implement authentication module,Implement authentication module for development phase of project PRJ006.,Development,PRJ006,Medium,Simple,1.3,1.7,5,"Prototyping,Illustrator,Figma",Analyst,Junior,,2.0,EMP115,2024-05-30,Completed,100.0,2024-05-31,2024-06-09,2024-06-11,False,-4,1,,,,TSK0070,True,8.3,False,0,7.8,6.3,Medium,Low,41.4,True,True,2,Daily,3.2,2024-11-12 14:17:56,2025-10-08 10:21:26
TSK0449,Add unit tests,Add unit tests for development phase of project PRJ037.,Development,PRJ037,Medium,Moderate,14.7,,5,"ERP,Project Management,Lean Six Sigma",Manager,Mid,PMP,6.5,EMP028,2024-07-25,In Progress,99,2024-07-28,2024-08-07,,True,571,5,,"TSK0462,TSK0464",,TSK0322,True,,False,0,,,Medium,High,32.6,True,False,4,Daily,4.7,2024-01-13 13:35:56,2024-08-09 11:33:02
TSK0450,Security audit,Security audit for testing phase of project PRJ058.,Testing,PRJ058,Medium,Simple,2.1,2.7,5,Google Analytics,Analyst,Junior,AWS Certified,6.4,EMP035,2025-10-28,Completed,100.0,2025-10-31,2025-11-10,2025-11-10,False,-3,4,"TSK0273,TSK0253",,"TSK1202,TSK1194",,False,9.5,False,0,7.6,8.4,Low,High,27.4,False,True,4,Weekly,3.1,2024-01-26 08:24:41,2024-12-09 13:42:22
TSK0451,Implement authentication module,Implement authentication module for development phase of project PRJ047.,Development,PRJ047,Low,Complex,46.3,54.9,3,"Excel,Salesforce",Manager,Mid,,5.1,EMP056,2025-08-19,Completed,100.0,2025-08-22,2025-09-03,2025-09-07,False,-3,4,TSK0138,,"TSK1434,TSK1648",,True,6.6,False,0,7.9,7.6,Low,Medium,50.2,False,False,1,Daily,9.8,2024-01-03 09:17:33,2024-09-19 10:37:46
TSK0452,Feasibility study,Feasibility study for research phase of project PRJ010.,Research,PRJ010,High,Moderate,4.5,5.0,2,"User Research,Prototyping,Figma",Developer,Mid,Scrum Master,2.1,EMP196,,Blocked,3.9,2024-09-14,2024-09-19,,True,528,4,,,,,False,,False,0,,,Medium,Low,5,False,False,3,As needed,9.8,2024-08-14 13:41:33,2025-08-17 17:37:02
TSK0453,Team retrospective,Team retrospective for meeting phase of project PRJ024.,Meeting,PRJ024,Critical,Complex,48.0,,5,"Copywriting,A/B Testing",Tester,Senior,,3.9,EMP042,2024-11-05,Not Started,70.0,2024-11-06,2024-11-22,,False,-5,1,,"TSK0470,TSK0471","TSK0797,TSK0010",,False,,False,0,,,High,High,29.4,False,True,1,As needed,3.9,2025-05-17 16:40:06,2025-01-03 08:18:36
TSK0454,Update user guide,Update user guide for documentation phase of project PRJ045.,Documentation,PRJ045,High,Moderate,15.1,,2,"Photoshop,Sketch,Adobe XD",Manager,Junior,AWS Certified,3.1,EMP136,2025-10-21,Blocked,0,2025-10-26,2025-10-31,,True,121,4,,,"TSK1720,TSK1910",,False,,False,0,,10,Low,Low,15.0,True,True,1,Weekly,3.7,2024-10-12 10:43:40,2025-09-29 16:33:22
TSK0455,Create onboarding docs,Create onboarding docs for documentation phase of project PRJ070.,Documentation,PRJ070,Critical,Simple,1.5,1.7,2,"Conflict Resolution,HRIS",Analyst,Senior,PMP,1.4,EMP107,2025-09-18,Completed,100.0,2025-09-19,2025-09-24,2025-09-27,False,-1,2,,,"TSK1970,TSK1605",TSK0436,False,7.6,True,2,9.0,7.4,Low,Low,54.7,False,True,1,As needed,1.3,2024-10-30 13:55:58,2024-06-19 10:47:24
TSK0456,Kickoff meeting,Kickoff meeting for meeting phase of project PRJ098.,Meeting,PRJ098,Medium,Moderate,6.7,,5,"Communication,CRM,HubSpot",Designer,Junior,Scrum Master,6.7,EMP056,2025-10-18,In Review,41.5,2025-10-19,2025-10-26,,True,126,2,,,,,False,,False,0,,5.1,Medium,Low,30.4,False,False,4,As needed,7.1,2024-12-20 18:14:12,2025-03-17 10:08:20
TSK0457,Icon set design,Icon set design for design phase of project PRJ076.,Design,PRJ076,Medium,Complex,16.8,16.0,1,Content Marketing,Manager,Senior,,3.7,EMP093,2025-04-28,In Progress,63.4,2025-05-03,2025-05-14,,True,291,2,"TSK0098,TSK0272",,"TSK1553,TSK1533",,False,,True,1,,7.0,High,Medium,61.3,False,True,5,Bi-weekly,4.5,2025-05-01 08:56:24,2026-01-12 11:43:37
TSK0458,Icon set design,Icon set design for design phase of project PRJ068.,Design,PRJ068,Medium,Simple,2.9,4.0,13,"Workday,SAP HR,Conflict Resolution",Tester,Mid,Scrum Master,2.2,EMP171,2024-11-10,In Progress,0,2024-11-13,2024-11-21,,True,465,1,,,"TSK0133,TSK0236",,True,,False,0,,6.4,High,High,14.0,False,True,5,Bi-weekly,4.6,2025-05-21 15:36:27,2024-10-19 14:43:12
TSK0459,Write API docs,Write API docs for documentation phase of project PRJ075.,Documentation,PRJ075,Medium,Complex,22.5,30.6,1,CRM,Analyst,Senior,,2.3,EMP142,2025-11-22,Blocked,4.6,2025-11-26,2025-12-08,,True,83,5,TSK0164,"TSK0470,TSK0478","TSK1648,TSK0029",,False,,True,3,,9.3,Medium,Critical,5,False,True,2,As needed,8.6,2024-10-27 17:25:27,2025-05-24 18:08:39
TSK0460,Test automation,Test automation for testing phase of project PRJ067.,Testing,PRJ067,Low,Simple,4.0,,5,"Salesforce,Prospecting",Manager,Mid,,3.5,EMP053,,Not Started,29.8,2024-06-08,2024-06-15,,False,-3,1,,,,TSK0241,True,,False,0,,9.9,High,Medium,5,False,True,4,Daily,9.4,2024-02-06 15:53:16,2025-07-09 14:56:45
TSK0461,Market sizing,Market sizing for research phase of project PRJ078.,Research,PRJ078,High,Complex,21.8,27.4,13,"A/B Testing,Adobe Suite",Analyst,Senior,PMP,6.3,EMP075,2024-03-29,In Progress,38.1,2024-04-02,2024-04-14,,True,686,1,,,"TSK1986,TSK1148",,False,,False,0,,8.3,High,Medium,32.6,False,True,4,As needed,2.7,2025-03-01 18:04:11,2025-06-23 09:16:39
TSK0462,Sprint planning,Sprint planning for meeting phase of project PRJ082.,Meeting,PRJ082,High,Simple,2.2,,3,Excel,Developer,Mid,,7.5,EMP066,2024-06-26,In Progress,0,2024-06-29,2024-07-08,,True,601,3,,,"TSK1977,TSK1967",,False,,False,0,,10,High,Low,27.4,True,False,3,Weekly,8.7,2025-05-02 18:42:40,2025-02-08 17:26:23
TSK0463,User testing,User testing for design phase of project PRJ062.,Design,PRJ062,Critical,Complex,39.6,36.5,5,"Bloomberg,Risk Analysis,Excel",Developer,Junior,,6.1,EMP086,2025-02-03,Blocked,35.3,2025-02-05,2025-02-20,,True,374,4,,,"TSK0264,TSK0801",,False,,False,0,,,Low,Medium,21.1,True,True,5,Bi-weekly,0.8,2025-05-26 15:05:44,2024-10-17 17:04:33
TSK0464,Test automation,Test automation for testing phase of project PRJ023.,Testing,PRJ023,High,Complex,14.3,,13,"Negotiation,Excel,Salesforce",Designer,Mid,,2.6,EMP154,2024-03-24,Blocked,10.9,2024-03-28,2024-04-08,,True,692,4,TSK0312,,,,False,,False,0,,,Low,Critical,30.3,False,True,4,Bi-weekly,4.1,2025-01-03 13:02:29,2024-11-02 16:15:06
TSK0465,Metrics dashboard,Metrics dashboard for analysis phase of project PRJ002.,Analysis,PRJ002,Critical,Simple,2.7,,8,Email Marketing,Analyst,Mid,,5.2,EMP190,2025-07-11,In Review,58.2,2025-07-13,2025-07-15,,True,229,5,,,,,False,,True,3,,6.4,Medium,High,5,True,True,3,As needed,4.4,2025-02-22 11:12:30,2026-01-13 10:09:50
TSK0466,KPI review,KPI review for analysis phase of project PRJ089.,Analysis,PRJ089,Medium,Complex,30.1,,2,"Google Analytics,Content Marketing",Designer,Senior,,6.2,EMP164,2024-06-29,Blocked,46.9,2024-07-04,2024-07-14,,True,595,4,,,"TSK0774,TSK0033",,False,,False,0,,8.3,Low,Low,82.8,False,True,2,As needed,4.4,2024-07-28 17:28:41,2025-11-24 16:22:33
TSK0467,Technology evaluation,Technology evaluation for research phase of project PRJ039.,Research,PRJ039,Medium,Moderate,12.2,,2,SAP HR,Developer,Senior,AWS Certified,6.0,EMP186,2025-10-03,In Review,11.5,2025-10-08,2025-10-20,,True,132,3,"TSK0264,TSK0234",,"TSK1214,TSK1783",TSK0435,True,,False,0,,,Low,Low,33.7,False,True,1,Bi-weekly,5.9,2024-11-23 12:22:47,2024-09-25 15:14:24
TSK0468,UAT coordination,UAT coordination for testing phase of project PRJ071.,Testing,PRJ071,Medium,Simple,3.2,,2,HubSpot,Analyst,Senior,,5.1,EMP121,2024-07-03,Not Started,53.2,2024-07-08,2024-07-14,,False,0,4,,,,TSK0207,False,,False,0,,8.1,High,Critical,8.0,False,True,4,Weekly,7.8,2025-05-02 11:29:54,2025-08-10 11:03:37
TSK0469,Requirements gathering,Requirements gathering for research phase of project PRJ059.,Research,PRJ059,Medium,Complex,30.6,40.0,1,"Google Analytics,A/B Testing",Developer,Senior,,4.4,EMP128,2025-02-21,In Progress,28.8,2025-02-25,2025-03-04,,True,362,5,,,,,False,,False,0,,7.8,Medium,Medium,5,True,False,1,Bi-weekly,4.3,2024-05-03 09:29:28,2025-04-24 11:37:35
TSK0470,Data analysis,Data analysis for analysis phase of project PRJ099.,Analysis,PRJ099,Critical,Very Complex,69.8,,2,"GCP,FastAPI",Manager,Senior,Scrum Master,3.7,EMP172,2024-03-30,In Review,43.4,2024-04-02,2024-04-23,,True,677,4,,,,,False,,False,0,,9.3,Medium,Critical,35.7,False,True,1,Weekly,4.8,2024-12-07 11:28:36,2025-12-23 10:07:18
TSK0471,Team retrospective,Team retrospective for meeting phase of project PRJ074.,Meeting,PRJ074,Low,Simple,2.4,2.1,5,"MongoDB,SQL",Tester,Mid,PMP,5.6,EMP096,2025-03-09,Completed,100.0,2025-03-12,2025-03-17,2025-03-12,False,-1,5,"TSK0244,TSK0247",,,,False,5.5,False,0,8.3,9.1,Medium,Critical,38.6,False,True,2,Bi-weekly,6.9,2025-05-29 16:04:01,2025-12-06 13:51:20
TSK0472,Write API docs,Write API docs for documentation phase of project PRJ058.,Documentation,PRJ058,Low,Moderate,10.0,12.5,1,Email Marketing,Developer,Mid,,4.4,,2024-02-13,In Review,42.8,2024-02-17,2024-02-28,,True,732,1,,,"TSK0183,TSK0474",,False,,False,0,,7.3,High,High,35.6,False,True,3,Daily,9.5,2024-05-21 10:40:30,2024-06-24 14:55:57
TSK0473,Create onboarding docs,Create onboarding docs for documentation phase of project PRJ080.,Documentation,PRJ080,High,Very Complex,64.6,80.9,2,"Adobe XD,Photoshop",Developer,Mid,Scrum Master,5.2,EMP174,2024-12-03,Blocked,36.9,2024-12-06,2024-12-24,,True,432,3,,,"TSK1303,TSK1786",TSK0323,False,,False,0,,5.0,High,Medium,27.5,True,True,3,Weekly,5.9,2024-01-19 12:44:55,2025-12-16 16:51:47
TSK0474,Feasibility study,Feasibility study for research phase of project PRJ064.,Research,PRJ064,High,Complex,15.8,,8,Excel,Developer,Senior,,4.5,EMP054,2025-03-21,Not Started,78.2,2025-03-24,2025-03-28,,False,-2,5,,,,,True,,False,0,,,Medium,Medium,60.6,True,True,4,As needed,5.9,2025-04-08 14:11:49,2024-11-13 17:22:59
TSK0475,Market sizing,Market sizing for research phase of project PRJ096.,Research,PRJ096,High,Very Complex,73.9,,5,"Django,TypeScript",Analyst,Junior,,7.6,EMP060,2025-07-28,In Review,0,2025-07-31,2025-08-22,,True,191,5,,,"TSK0707,TSK1398",,False,,False,0,,8.8,Medium,High,27.4,True,False,5,Daily,8.4,2025-04-19 16:02:16,2026-01-31 16:31:53
TSK0476,Technology evaluation,Technology evaluation for research phase of project PRJ018.,Research,PRJ018,Low,Simple,2.6,,13,"Sketch,Prototyping",Developer,Senior,,3.1,EMP172,2024-11-25,In Progress,80.5,2024-11-29,2024-12-03,,True,453,3,TSK0167,,,TSK0131,False,,False,0,,,Medium,High,32.4,False,True,2,Bi-weekly,7.7,2025-05-07 13:00:23,2025-07-17 16:32:40
TSK0477,Refactor database layer,Refactor database layer for development phase of project PRJ066.,Development,PRJ066,Critical,Complex,30.9,,8,Prototyping,Manager,Senior,PMP,5.1,,2025-04-22,In Progress,46.2,2025-04-27,2025-05-05,,True,300,2,,"TSK0491,TSK0492","TSK1190,TSK1300",,False,,False,0,,,High,Critical,30.4,True,True,3,Weekly,7.9,2024-07-25 14:31:22,2025-10-20 10:55:53
TSK0478,Design critique,Design critique for meeting phase of project PRJ097.,Meeting,PRJ097,High,Moderate,7.1,,2,Project Management,Tester,Junior,,2.4,EMP166,2024-12-01,Blocked,44.1,2024-12-04,2024-12-10,,True,446,4,,,"TSK1362,TSK1928",,True,,False,0,,5.5,Medium,High,27.1,True,True,1,Daily,8.7,2024-08-15 16:33:53,2026-02-20 18:55:23
TSK0479,Brand refresh,Brand refresh for design phase of project PRJ010.,Design,PRJ010,Low,Moderate,14.6,,13,Excel,Designer,Junior,PMP,4.9,EMP023,2024-04-02,In Progress,47.2,2024-04-06,2024-04-15,,True,685,4,,,,TSK0473,True,,False,0,,7.1,High,Medium,58.8,False,True,2,Bi-weekly,0.4,2025-03-01 10:04:03,2025-11-25 12:02:04
TSK0480,UAT coordination,UAT coordination for testing phase of project PRJ062.,Testing,PRJ062,High,Complex,29.9,29.2,5,"Excel,Supply Chain",Designer,Junior,Scrum Master,1.9,EMP165,2025-06-16,Not Started,83.7,2025-06-20,2025-06-27,,False,-2,1,"TSK0022,TSK0227",,,,True,,False,0,,4.8,Low,Low,45.6,False,False,2,As needed,8.0,2025-05-08 08:40:11,2025-03-19 15:18:32
TSK0481,Metrics dashboard,Metrics dashboard for analysis phase of project PRJ042.,Analysis,PRJ042,High,Moderate,10.3,13.3,2,HubSpot,Designer,Senior,,4.1,EMP031,2024-03-01,Blocked,66.0,2024-03-05,2024-03-11,,True,720,2,"TSK0251,TSK0395",,,,False,,True,2,,9.0,High,Medium,28.7,False,True,5,Weekly,4.8,2024-12-24 13:40:41,2025-06-10 18:01:17
TSK0482,KPI review,KPI review for analysis phase of project PRJ044.,Analysis,PRJ044,Medium,Moderate,8.3,,1,Communication,Analyst,Junior,,3.4,EMP030,2025-04-17,Not Started,60.6,2025-04-20,2025-04-23,,False,-4,5,,,"TSK0186,TSK1816",TSK0103,False,,False,0,,7.9,Medium,Medium,76.8,True,True,4,Daily,6.9,2024-07-31 09:24:47,2025-03-10 10:48:24
TSK0483,User research,User research for research phase of project PRJ030.,Research,PRJ030,Medium,Moderate,7.5,,13,"QuickBooks,SAP",Analyst,Junior,PMP,5.2,EMP031,2024-01-05,Blocked,42.1,2024-01-08,2024-01-12,,True,779,4,"TSK0212,TSK0395",,"TSK0179,TSK0967",,False,,False,0,,8.1,Low,Low,37.5,False,True,4,As needed,9.9,2024-02-25 14:26:20,2025-08-08 08:10:18
TSK0484,Release notes,Release notes for documentation phase of project PRJ022.,Documentation,PRJ022,Critical,Moderate,9.3,8.4,8,"User Research,Prototyping",Tester,Senior,,6.0,EMP050,2025-08-11,Completed,100.0,2025-08-16,2025-08-19,2025-08-23,False,-3,3,,,"TSK0203,TSK0978",TSK0163,True,9.6,False,0,6.5,9.8,Low,High,79.6,True,True,2,Bi-weekly,7.0,2025-05-27 12:23:56,2025-04-09 14:28:13
TSK0485,Add unit tests,Add unit tests for development phase of project PRJ087.,Development,PRJ087,Critical,Moderate,15.1,20.0,5,"Google Analytics,Adobe Suite,Content Marketing",Developer,Junior,Scrum Master,5.0,EMP153,2024-09-26,Completed,100.0,2024-09-27,2024-10-02,2024-09-27,False,-2,5,,,,TSK0114,False,7.4,False,0,6.2,5.3,High,Low,25.3,True,True,5,As needed,3.6,2025-03-08 12:00:01,2024-08-05 17:04:42
TSK0486,Metrics dashboard,Metrics dashboard for analysis phase of project PRJ084.,Analysis,PRJ084,Critical,Very Complex,56.2,70.1,2,"Excel,Communication",Tester,Junior,,5.1,EMP108,2025-03-23,In Progress,39.8,2025-03-24,2025-04-12,,True,323,2,,,,,True,,True,1,,,High,High,18.4,False,False,3,Daily,6.3,2024-12-12 17:09:15,2025-03-13 14:25:20
TSK0487,Create wireframes,Create wireframes for design phase of project PRJ009.,Design,PRJ009,High,Moderate,9.1,7.6,13,"Figma,User Research",Developer,Mid,,5.8,EMP009,2024-04-09,In Review,20.7,2024-04-10,2024-04-19,,True,681,3,,,"TSK1097,TSK0878",,False,,False,0,,6.7,Medium,Low,57.5,False,False,3,Daily,7.0,2024-11-26 18:54:17,2025-03-18 15:19:53
TSK0488,Technology evaluation,Technology evaluation for research phase of project PRJ031.,Research,PRJ031,Medium,Complex,25.4,,1,"Excel,Salesforce",Tester,Senior,,7.3,EMP129,2025-09-08,Blocked,34.5,2025-09-09,2025-09-22,,True,160,1,TSK0266,,"TSK0735,TSK0347",,False,,False,0,,,Medium,Low,11.3,False,True,5,Bi-weekly,4.5,2024-06-05 14:25:32,2024-07-21 14:13:47
TSK0489,Update user guide,Update user guide for documentation phase of project PRJ078.,Documentation,PRJ078,High,Simple,1.2,,8,Bloomberg,Designer,Junior,AWS Certified,3.7,EMP166,2024-09-30,Not Started,22.9,2024-10-02,2024-10-04,,False,-1,4,"TSK0309,TSK0072",,,TSK0002,False,,False,0,,7.6,Low,High,69.5,True,True,4,Daily,9.6,2024-09-24 09:12:17,2024-11-26 15:41:45
TSK0490,Market sizing,Market sizing for research phase of project PRJ025.,Research,PRJ025,Low,Moderate,9.9,12.9,3,"Negotiation,CRM",Designer,Senior,AWS Certified,3.5,EMP009,2024-04-08,Completed,100.0,2024-04-13,2024-04-20,2024-04-18,False,-4,2,,,"TSK1412,TSK1738",,False,6.7,False,0,6.4,10,High,Medium,42.3,False,False,2,As needed,2.1,2024-12-22 15:09:14,2025-11-16 18:06:27
TSK0491,Sprint planning,Sprint planning for meeting phase of project PRJ010.,Meeting,PRJ010,Low,Simple,1.7,1.3,5,"Project Management,Lean Six Sigma,ERP",Tester,Mid,,6.6,EMP085,2024-03-13,Not Started,61.7,2024-03-16,2024-03-21,,False,-2,2,,TSK0497,"TSK1928,TSK1574",,False,,False,0,,,Low,Medium,12.5,False,False,3,As needed,9.6,2024-07-29 15:39:10,2024-10-05 11:07:27
TSK0492,Performance report,Performance report for analysis phase of project PRJ095.,Analysis,PRJ095,Medium,Simple,2.9,2.0,8,"Workday,Training,Employment Law",Manager,Junior,,1.8,EMP160,2025-08-30,Blocked,30.1,2025-09-02,2025-09-07,,True,175,4,TSK0050,,,TSK0250,True,,True,2,,4.2,Medium,Medium,47.9,False,True,5,Weekly,8.5,2024-09-27 16:46:06,2024-10-06 16:01:42
TSK0493,Process documentation,Process documentation for documentation phase of project PRJ023.,Documentation,PRJ023,Medium,Complex,30.6,22.7,2,"Copywriting,Email Marketing,Content Marketing",Developer,Senior,Scrum Master,1,EMP142,2025-06-29,In Review,41.5,2025-07-01,2025-07-12,,True,232,4,TSK0196,,"TSK1616,TSK0142",,True,,False,0,,,High,High,39.1,False,True,5,Weekly,4.9,2024-04-26 11:16:43,2024-07-29 11:31:31
TSK0494,Create onboarding docs,Create onboarding docs for documentation phase of project PRJ010.,Documentation,PRJ010,Critical,Simple,3.8,4.2,5,"Content Marketing,Google Analytics",Analyst,Junior,PMP,5.6,EMP014,2024-01-27,Completed,100.0,2024-01-29,2024-02-06,2024-02-11,False,-4,1,,,,,False,7.9,False,0,8.5,7.3,Medium,Low,55.2,False,False,1,Bi-weekly,4.8,2024-01-24 11:20:44,2025-04-25 08:58:34
TSK0495,Fix critical bug,Fix critical bug for development phase of project PRJ073.,Development,PRJ073,High,Complex,46.8,50.4,13,"Prototyping,Photoshop,Figma",Analyst,Mid,PMP,7.7,EMP115,,Completed,100.0,2024-09-26,2024-10-09,2024-10-12,False,0,3,,,,,False,6.6,False,0,7.8,9.4,Medium,Medium,17.3,True,False,1,Weekly,8.8,2024-03-21 12:55:02,2025-05-24 18:34:03
TSK0496,Technology evaluation,Technology evaluation for research phase of project PRJ081.,Research,PRJ081,Medium,Moderate,14.1,,3,"A/B Testing,Content Marketing,Copywriting",Designer,Mid,,3.6,,2025-06-14,In Review,0,2025-06-15,2025-06-23,,True,251,1,TSK0441,,"TSK1234,TSK0679",TSK0046,True,,False,0,,7.0,High,Low,24.1,False,True,2,Bi-weekly,0.6,2024-04-30 13:36:21,2026-02-07 08:19:15
TSK0497,Add unit tests,Add unit tests for development phase of project PRJ044.,Development,PRJ044,Critical,Moderate,14.1,,13,"Adobe XD,Figma",Tester,Mid,,10.0,EMP197,2025-10-04,Not Started,41.3,2025-10-09,2025-10-19,,False,-2,3,"TSK0494,TSK0193","TSK0507,TSK0506","TSK0632,TSK0173",,False,,False,0,,6.8,Low,Low,14.8,False,False,4,Weekly,2.7,2024-10-12 15:59:45,2026-01-31 10:49:37
TSK0498,Technology evaluation,Technology evaluation for research phase of project PRJ096.,Research,PRJ096,High,Very Complex,38.3,,8,"ERP,Supply Chain,Lean Six Sigma",Manager,Mid,,6.9,EMP080,2025-06-24,In Review,61.8,2025-06-26,2025-07-08,,True,236,1,"TSK0342,TSK0327",,,,False,,False,0,,7.5,Low,Critical,34.2,True,True,4,Bi-weekly,4.4,2025-04-13 14:27:44,2025-07-15 08:44:39
TSK0499,Fix critical bug,Fix critical bug for development phase of project PRJ076.,Development,PRJ076,Low,Simple,2.1,2.7,3,Excel,Manager,Mid,AWS Certified,1.5,EMP128,2025-08-10,Completed,100.0,2025-08-13,2025-08-18,2025-08-20,False,-1,1,,,,TSK0423,False,8.6,True,3,6.3,,Medium,Critical,42.7,False,True,3,Daily,7.0,2025-01-03 13:18:16,2026-02-23 12:02:40
TSK0500,Data analysis,Data analysis for analysis phase of project PRJ080.,Analysis,PRJ080,High,Complex,23.5,,13,"QuickBooks,VBA",Analyst,Junior,Scrum Master,3.1,EMP069,2025-10-05,In Review,21.7,2025-10-07,2025-10-15,,True,137,4,,,,,True,,False,0,,7.0,High,Medium,5,False,False,4,Daily,9.5,2024-10-06 10:47:56,2025-08-11 14:01:15
TSK0501,Market sizing,Market sizing for research phase of project PRJ055.,Research,PRJ055,High,Moderate,13.5,,1,"Lean Six Sigma,ERP",Manager,Junior,PMP,5.4,EMP198,2024-11-04,In Progress,74.6,2024-11-09,2024-11-17,,True,469,5,,,,,False,,False,0,,7.8,Low,Critical,36.0,True,True,4,Daily,3.5,2025-05-02 16:03:30,2025-11-04 10:13:03
TSK0502,Technology evaluation,Technology evaluation for research phase of project PRJ086.,Research,PRJ086,Low,Moderate,6.4,,3,User Research,Analyst,Junior,,3.3,EMP111,2024-05-23,In Review,0,2024-05-24,2024-05-30,,True,640,4,TSK0294,,"TSK1134,TSK0947",,False,,False,0,,5.4,Medium,High,36.8,True,False,2,Daily,9.9,2025-01-29 14:43:27,2026-01-15 12:09:13
TSK0503,Release notes,Release notes for documentation phase of project PRJ038.,Documentation,PRJ038,High,Moderate,6.5,6.2,13,"Communication,HubSpot",Designer,Junior,,5.5,EMP122,2024-10-19,Completed,100.0,2024-10-20,2024-10-25,2024-10-28,False,-4,5,,,,,False,7.6,False,0,7.1,,Medium,High,13.9,False,False,2,As needed,1.4,2025-04-17 15:37:56,2025-02-02 16:56:42
TSK0504,Write API docs,Write API docs for documentation phase of project PRJ073.,Documentation,PRJ073,High,Complex,14.9,19.3,1,"Recruiting,Training,Workday",Tester,Junior,,2.1,EMP128,2025-03-28,In Progress,38.9,2025-03-29,2025-04-04,,True,331,5,,"TSK0520,TSK0512","TSK1651,TSK0210",,False,,True,2,,,Low,Medium,27.6,False,False,2,As needed,3.6,2024-04-12 12:39:25,2025-01-14 13:20:01
TSK0505,Build REST API,Build REST API for development phase of project PRJ075.,Development,PRJ075,Medium,Simple,1.2,,1,Conflict Resolution,Developer,Senior,Scrum Master,4.5,EMP024,2024-11-23,Not Started,53.1,2024-11-27,2024-12-07,,False,-4,3,,"TSK0513,TSK0506","TSK0986,TSK1662",,False,,False,0,,8.5,Low,Low,66.9,False,False,5,Weekly,4.1,2024-03-19 16:39:54,2024-11-09 10:46:43
TSK0506,Load testing,Load testing for testing phase of project PRJ002.,Testing,PRJ002,Critical,Moderate,6.5,6.1,8,Email Marketing,Developer,Senior,PMP,4.3,EMP081,2025-08-26,Completed,100.0,2025-08-30,2025-09-08,2025-09-04,False,0,4,,"TSK0514,TSK0509",,,False,5.3,True,3,7.4,7.1,High,High,46.3,False,True,4,As needed,0.5,2024-12-01 12:58:32,2025-05-07 14:09:20
TSK0507,Feasibility study,Feasibility study for research phase of project PRJ045.,Research,PRJ045,Low,Moderate,6.2,8.1,2,"Project Management,Excel",Manager,Senior,,1,EMP195,,Completed,100.0,2025-01-31,2025-02-07,2025-02-08,False,0,5,,,,,False,6.1,False,0,7.5,7.9,Low,High,10.9,False,True,3,Bi-weekly,7.5,2024-09-23 10:47:25,2025-10-19 18:01:33
TSK0508,Create onboarding docs,Create onboarding docs for documentation phase of project PRJ008.,Documentation,PRJ008,High,Complex,14.3,12.3,13,"CRM,Prospecting",Designer,Mid,,2.8,,2025-11-02,Not Started,47.6,2025-11-04,2025-11-14,,False,-1,2,,"TSK0526,TSK0511",,,True,,False,0,,6.8,Medium,Low,62.8,False,False,3,Daily,0.3,2025-05-21 14:00:05,2025-09-12 13:48:07
TSK0509,Sprint planning,Sprint planning for meeting phase of project PRJ096.,Meeting,PRJ096,Medium,Simple,3.7,4.0,5,"Training,Recruiting",Tester,Junior,,4.0,EMP161,2024-10-13,Completed,100.0,2024-10-17,2024-10-24,2024-10-28,False,-1,3,,,"TSK1527,TSK0745",,False,7.8,False,0,7.7,,Medium,High,31.5,False,True,2,Daily,3.5,2024-10-01 12:44:29,2025-07-06 17:47:54
TSK0510,Update user guide,Update user guide for documentation phase of project PRJ070.,Documentation,PRJ070,Low,Simple,3.3,4.1,3,Financial Modeling,Analyst,Mid,,4.3,EMP004,2024-02-27,In Review,48.1,2024-03-03,2024-03-13,,True,718,2,,,,,False,,False,0,,7.7,Medium,Medium,50.3,False,True,4,Weekly,3.9,2024-02-25 10:49:23,2025-02-05 14:32:31
TSK0511,Build design system,Build design system for design phase of project PRJ019.,Design,PRJ019,High,Complex,18.4,17.5,13,Training,Tester,Mid,AWS Certified,4.8,EMP113,2024-01-16,In Review,21.4,2024-01-21,2024-02-01,,True,759,5,TSK0328,"TSK0522,TSK0529",,,False,,False,0,,,Medium,Critical,54.7,False,False,4,Daily,3.8,2024-09-07 15:23:39,2024-06-06 12:18:29
TSK0512,Create onboarding docs,Create onboarding docs for documentation phase of project PRJ007.,Documentation,PRJ007,High,Very Complex,97.3,,1,Social Media,Analyst,Mid,AWS Certified,5.0,EMP117,2024-05-04,In Progress,0,2024-05-09,2024-06-03,,True,636,5,,,,,True,,False,0,,9.4,Low,High,34.6,False,True,1,Bi-weekly,6.9,2025-01-04 09:20:53,2025-06-14 08:07:12
TSK0513,Security audit,Security audit for testing phase of project PRJ021.,Testing,PRJ021,Medium,Simple,3.4,3.6,1,"MongoDB,JavaScript,FastAPI",Developer,Mid,,2.9,EMP160,2024-12-17,Blocked,40.5,2024-12-19,2024-12-21,,True,435,3,,,,,False,,True,3,,8.7,High,High,7.3,False,True,5,Weekly,6.7,2024-07-01 11:38:03,2025-06-20 08:23:26
TSK0514,Icon set design,Icon set design for design phase of project PRJ053.,Design,PRJ053,High,Moderate,5.8,,2,"Employment Law,Workday",Analyst,Mid,,5.8,EMP146,2024-10-30,Not Started,0,2024-10-31,2024-11-03,,False,-5,2,,,"TSK1545,TSK1113",TSK0112,False,,False,0,,5.7,Low,Low,5,False,False,2,Weekly,9.8,2024-02-17 10:12:00,2025-03-15 10:51:52
TSK0515,User testing,User testing for design phase of project PRJ031.,Design,PRJ031,High,Complex,30.9,,1,Workday,Developer,Senior,,4.4,EMP183,2024-01-01,In Progress,64.8,2024-01-05,2024-01-14,,True,777,3,,,"TSK1242,TSK0858",,True,,False,0,,6.2,Low,Critical,32.4,False,True,2,Weekly,1.9,2024-02-14 17:29:01,2024-09-04 17:51:37
TSK0516,Update user guide,Update user guide for documentation phase of project PRJ022.,Documentation,PRJ022,Medium,Moderate,11.6,11.1,5,"User Research,Adobe XD",Manager,Senior,,5.6,EMP161,2025-02-07,Completed,100.0,2025-02-09,2025-02-14,2025-02-13,False,0,1,"TSK0409,TSK0065",,,,True,4.8,False,0,8.2,8.9,High,Low,12.8,False,True,2,Bi-weekly,1.0,2025-04-12 17:28:00,2025-01-09 09:02:35
TSK0517,Deploy to staging,Deploy to staging for development phase of project PRJ068.,Development,PRJ068,Medium,Moderate,4.1,,2,"Excel,Lean Six Sigma",Developer,Mid,,4.9,EMP012,2024-09-17,Blocked,21.7,2024-09-21,2024-09-27,,True,520,5,TSK0072,,,,True,,False,0,,4.4,Medium,Low,55.9,False,True,5,Weekly,9.2,2024-12-08 11:28:06,2024-10-08 14:47:56
TSK0518,Data analysis,Data analysis for analysis phase of project PRJ068.,Analysis,PRJ068,Medium,Simple,4.0,3.7,5,SEO,Analyst,Senior,,4.0,EMP052,2025-05-09,Not Started,0,2025-05-13,2025-05-23,,False,-2,1,TSK0461,,,,False,,False,0,,,Low,Low,23.5,False,True,4,As needed,1.4,2025-05-12 16:42:20,2025-08-12 13:40:08
TSK0519,Load testing,Load testing for testing phase of project PRJ044.,Testing,PRJ044,High,Moderate,7.2,,3,"Illustrator,Photoshop",Tester,Senior,AWS Certified,7.9,EMP119,2024-06-22,Blocked,50.9,2024-06-27,2024-07-02,,True,607,5,,,"TSK1538,TSK1241",,False,,False,0,,8.6,Medium,Critical,53.7,False,False,2,As needed,8.9,2024-03-29 08:14:23,2025-07-17 13:31:17
TSK0520,Architecture review,Architecture review for meeting phase of project PRJ071.,Meeting,PRJ071,Low,Very Complex,48.1,57.4,13,Recruiting,Analyst,Senior,Scrum Master,8.3,,2025-08-13,Not Started,22.1,2025-08-16,2025-08-28,,False,0,4,TSK0086,TSK0534,,TSK0276,True,,False,0,,9.3,High,Critical,59.6,False,False,2,Daily,9.1,2024-11-18 10:52:45,2024-10-12 13:42:43
TSK0521,Create onboarding docs,Create onboarding docs for documentation phase of project PRJ074.,Documentation,PRJ074,Medium,Complex,36.7,27.1,1,"Recruiting,Training,SAP HR",Designer,Junior,PMP,2.9,EMP096,2024-07-19,In Progress,61.3,2024-07-22,2024-08-01,,True,577,1,TSK0367,TSK0535,,TSK0144,False,,False,0,,5.4,Medium,Low,5,False,False,3,As needed,8.9,2024-09-26 09:05:26,2024-06-16 10:32:23
TSK0522,Kickoff meeting,Kickoff meeting for meeting phase of project PRJ074.,Meeting,PRJ074,High,Simple,3.5,,3,"SEO,Email Marketing,Content Marketing",Designer,Junior,,6.8,EMP190,2024-12-31,Blocked,0,2025-01-02,2025-01-12,,True,413,4,,,"TSK0604,TSK1318",,False,,False,0,,6.2,Low,High,31.0,False,True,4,As needed,6.9,2024-10-16 08:18:54,2025-09-27 15:08:16
TSK0523,Design critique,Design critique for meeting phase of project PRJ082.,Meeting,PRJ082,High,Complex,44.9,36.2,8,"Project Management,Power BI,Excel",Manager,Junior,,2.7,EMP105,2025-06-01,Completed,100.0,2025-06-06,2025-06-18,2025-06-16,False,-5,3,TSK0515,"TSK0540,TSK0535",,,False,6.8,True,3,8.3,9.2,High,High,34.0,False,True,1,Weekly,9.9,2024-08-16 12:13:58,2025-02-27 12:03:45
TSK0524,Impact assessment,Impact assessment for analysis phase of project PRJ060.,Analysis,PRJ060,High,Moderate,4.2,3.1,3,"VBA,Risk Analysis,QuickBooks",Tester,Junior,,8.0,EMP083,2025-08-24,In Progress,54.9,2025-08-28,2025-09-04,,True,178,5,,"TSK0529,TSK0528",,,False,,False,0,,8.0,Medium,Low,26.7,True,True,1,As needed,9.3,2025-01-29 18:13:11,2025-08-29 14:11:59
TSK0525,Security audit,Security audit for testing phase of project PRJ092.,Testing,PRJ092,High,Complex,47.6,,5,"Employment Law,Conflict Resolution,HRIS",Analyst,Mid,,5.3,EMP190,2023-12-30,In Progress,6.0,2024-01-04,2024-01-20,,True,771,5,,TSK0542,"TSK0460,TSK1039",TSK0464,False,,False,0,,6.3,Low,Medium,20.9,False,True,3,Daily,3.2,2024-11-17 10:30:59,2025-03-18 15:54:51
TSK0526,Update user guide,Update user guide for documentation phase of project PRJ095.,Documentation,PRJ095,Critical,Very Complex,62.5,,3,Prototyping,Manager,Senior,,5.7,EMP059,2024-07-23,In Review,17.3,2024-07-28,2024-08-10,,True,568,4,TSK0021,,"TSK0731,TSK1819",,True,,True,2,,8.4,Low,Medium,43.4,False,True,4,Weekly,1.0,2024-01-03 13:57:13,2025-10-21 14:38:13
TSK0527,Brand refresh,Brand refresh for design phase of project PRJ094.,Design,PRJ094,Medium,Complex,44.6,53.4,1,"HRIS,Recruiting",Developer,Mid,,4.5,EMP132,2025-05-19,In Progress,43.0,2025-05-24,2025-06-06,,True,268,4,,,,,False,,False,0,,,High,Critical,37.0,True,True,5,Weekly,7.7,2025-04-02 18:04:54,2025-05-30 15:54:59
TSK0528,Brand refresh,Brand refresh for design phase of project PRJ086.,Design,PRJ086,High,Moderate,4.1,3.0,1,"React,Node.js,JavaScript",Manager,Junior,AWS Certified,6.4,EMP008,2025-07-07,Completed,100.0,2025-07-08,2025-07-12,2025-07-10,False,-5,3,,,"TSK0481,TSK0558",,True,5.9,False,0,7.7,4.5,High,High,48.9,False,True,3,As needed,3.7,2025-02-08 13:47:29,2024-12-15 10:37:41
TSK0529,Market sizing,Market sizing for research phase of project PRJ062.,Research,PRJ062,Critical,Simple,1.2,,13,Negotiation,Designer,Senior,,4.6,EMP110,2024-01-18,Not Started,97.1,2024-01-22,2024-01-26,,False,-3,2,TSK0330,,"TSK0856,TSK0306",TSK0064,False,,True,2,,7.1,Medium,Low,48.0,False,True,1,Daily,4.3,2024-05-04 14:38:03,2025-01-12 14:54:55
TSK0530,Competitor analysis,Competitor analysis for research phase of project PRJ008.,Research,PRJ008,Medium,Simple,1.4,1.6,8,"Copywriting,Google Analytics",Tester,Senior,,6.8,EMP027,2025-11-25,Completed,100.0,2025-11-28,2025-12-07,2025-12-12,False,-4,4,,,"TSK0927,TSK1740",TSK0521,True,7.0,False,0,5.8,,Low,Critical,18.2,False,True,4,Weekly,4.5,2024-09-16 16:11:44,2025-01-26 08:55:49
TSK0531,Deploy to staging,Deploy to staging for development phase of project PRJ073.,Development,PRJ073,High,Simple,2.0,2.5,3,"Communication,CRM,Excel",Developer,Senior,,6.7,EMP099,2024-12-25,Completed,100.0,2024-12-29,2024-12-31,2025-01-05,False,-4,1,,,,,False,6.0,True,1,8.9,,High,Low,22.9,False,True,2,As needed,9.8,2024-03-28 11:07:56,2026-02-16 09:23:06
TSK0532,Release notes,Release notes for documentation phase of project PRJ094.,Documentation,PRJ094,Low,Simple,3.4,2.4,1,"Power BI,Excel",Designer,Mid,,3.7,EMP154,2025-08-30,Not Started,57.6,2025-08-31,2025-09-02,,False,-3,3,,,"TSK1389,TSK0103",TSK0075,False,,False,0,,9.1,Medium,Low,12.5,False,False,4,Daily,1.0,2025-04-22 18:09:53,2026-02-14 12:10:00
TSK0533,Technology evaluation,Technology evaluation for research phase of project PRJ061.,Research,PRJ061,Low,Very Complex,60.8,,2,"Prototyping,Sketch,Illustrator",Designer,Junior,,4.9,EMP123,2024-06-03,Blocked,17.0,2024-06-06,2024-06-22,,True,617,1,,,"TSK1966,TSK0206",TSK0355,False,,True,2,,,Low,High,33.1,True,True,1,Daily,1.4,2025-02-17 11:13:16,2026-02-28 10:09:28
TSK0534,Data analysis,Data analysis for analysis phase of project PRJ063.,Analysis,PRJ063,High,Moderate,10.4,9.5,3,"Social Media,Email Marketing",Analyst,Junior,AWS Certified,4.9,EMP191,2025-03-05,Blocked,47.8,2025-03-08,2025-03-19,,True,347,2,,,,,False,,False,0,,7.5,High,Critical,15.8,True,True,2,Bi-weekly,1.5,2024-08-13 10:17:15,2025-02-13 10:06:47
TSK0535,Create mockups,Create mockups for design phase of project PRJ073.,Design,PRJ073,Medium,Complex,40.5,37.6,3,"User Research,Prototyping",Manager,Junior,PMP,5.4,,2025-07-13,Completed,100.0,2025-07-18,2025-07-26,2025-07-25,False,-3,4,,,,,False,5.6,False,0,7.6,,Low,High,63.5,False,True,5,Daily,3.7,2024-05-16 18:08:26,2024-10-26 11:59:45
TSK0536,Architecture review,Architecture review for meeting phase of project PRJ011.,Meeting,PRJ011,Critical,Very Complex,63.6,,3,"Supply Chain,Power BI",Developer,Senior,AWS Certified,1.4,EMP197,2024-05-15,Not Started,27.0,2024-05-18,2024-06-06,,False,-3,1,,,"TSK0378,TSK1106",,False,,False,0,,7.4,High,Medium,70.1,False,False,4,Bi-weekly,8.5,2025-05-13 14:17:51,2025-03-23 13:07:10
TSK0537,Design critique,Design critique for meeting phase of project PRJ042.,Meeting,PRJ042,Critical,Simple,1.5,1.6,8,"Figma,Adobe XD",Designer,Senior,,4.6,EMP151,2024-07-27,Not Started,1.4,2024-07-29,2024-08-04,,False,-4,4,"TSK0349,TSK0077","TSK0554,TSK0544",,,False,,False,0,,7.2,Medium,Critical,32.6,True,True,2,Daily,3.6,2024-12-07 18:41:48,2025-07-31 10:20:40
TSK0538,Refactor database layer,Refactor database layer for development phase of project PRJ088.,Development,PRJ088,Medium,Complex,14.6,,1,Excel,Tester,Senior,,4.1,EMP133,2025-07-10,In Progress,29.6,2025-07-13,2025-07-17,,True,227,5,"TSK0524,TSK0031",,,TSK0116,True,,False,0,,8.4,High,Critical,69.2,True,True,2,Daily,7.2,2024-03-18 18:59:32,2024-07-27 12:14:32
TSK0539,Security audit,Security audit for testing phase of project PRJ090.,Testing,PRJ090,Medium,Complex,47.4,,13,FastAPI,Manager,Junior,,4.8,EMP032,2025-01-17,Blocked,55.2,2025-01-19,2025-02-05,,True,389,3,,,"TSK0148,TSK1003",,True,,False,0,,7.6,Low,Medium,45.8,False,True,1,Daily,5.3,2024-06-19 08:26:13,2024-06-25 12:07:24
TSK0540,Write integration tests,Write integration tests for testing phase of project PRJ017.,Testing,PRJ017,High,Simple,2.2,,8,Supply Chain,Developer,Mid,PMP,3.3,EMP005,2025-08-10,Blocked,57.3,2025-08-11,2025-08-18,,True,195,2,"TSK0033,TSK0181",TSK0550,,,False,,False,0,,8.0,Low,Low,19.1,True,False,5,Daily,4.3,2024-07-28 18:56:56,2025-05-26 11:15:13
TSK0541,Security audit,Security audit for testing phase of project PRJ004.,Testing,PRJ004,Low,Moderate,6.2,,3,"SEO,A/B Testing,Email Marketing",Developer,Mid,,3.8,EMP010,2024-11-13,In Progress,60.4,2024-11-15,2024-11-22,,True,464,4,,,,,False,,False,0,,10,Low,Critical,38.7,False,True,3,Weekly,2.2,2024-04-13 17:20:55,2025-10-30 08:44:00
TSK0542,Fix critical bug,Fix critical bug for development phase of project PRJ071.,Development,PRJ071,Medium,Moderate,12.2,11.6,8,Lean Six Sigma,Designer,Junior,,10,EMP101,,Completed,100.0,2024-11-13,2024-11-23,2024-11-21,False,-3,5,,,,TSK0385,True,7.4,False,0,9.2,7.0,High,Low,5,False,True,5,Daily,8.5,2024-12-23 08:29:21,2024-10-01 17:59:10
TSK0543,Technology evaluation,Technology evaluation for research phase of project PRJ060.,Research,PRJ060,Medium,Moderate,4.3,3.3,13,"SAP HR,Employment Law",Developer,Junior,,6.8,EMP188,2024-06-09,Completed,100.0,2024-06-12,2024-06-16,2024-06-21,False,-4,5,,,"TSK1000,TSK0772",,False,6.4,False,0,7.7,,High,Critical,62.7,False,False,3,Weekly,0.6,2024-10-30 13:37:23,2025-05-30 08:35:03
TSK0544,Implement authentication module,Implement authentication module for development phase of project PRJ019.,Development,PRJ019,High,Complex,47.3,,13,A/B Testing,Manager,Mid,,7.9,EMP177,,Blocked,50.2,2024-11-18,2024-12-03,,True,453,3,"TSK0305,TSK0453",TSK0558,,TSK0331,False,,False,0,,7.5,High,Low,42.5,False,True,2,Daily,9.1,2024-12-20 12:59:04,2025-10-17 13:17:43
TSK0545,Refactor database layer,Refactor database layer for development phase of project PRJ013.,Development,PRJ013,Medium,Very Complex,70.4,,1,"Power BI,Supply Chain,Project Management",Manager,Mid,,8.1,EMP053,2025-07-17,Not Started,60.5,2025-07-21,2025-08-05,,False,-1,5,,TSK0558,"TSK0950,TSK1137",,False,,False,0,,5.5,High,High,36.1,False,False,3,Weekly,7.9,2024-06-07 13:29:56,2024-06-16 17:37:56
TSK0546,Design landing page,Design landing page for design phase of project PRJ066.,Design,PRJ066,Medium,Simple,2.6,,5,"Excel,Communication,HubSpot",Tester,Junior,,4.7,,2024-08-28,In Review,17.4,2024-09-01,2024-09-11,,True,536,2,,,"TSK1822,TSK0031",TSK0231,False,,False,0,,,High,High,62.5,False,True,4,Weekly,7.0,2024-03-07 17:55:41,2024-10-04 08:21:00
TSK0547,KPI review,KPI review for analysis phase of project PRJ063.,Analysis,PRJ063,High,Moderate,4.4,,5,"PostgreSQL,Node.js",Tester,Junior,,5.4,EMP152,2024-11-05,In Review,89.1,2024-11-09,2024-11-16,,True,470,3,,,,TSK0271,False,,True,3,,6.4,Low,Medium,17.3,True,False,1,Bi-weekly,4.1,2024-11-24 18:51:06,2025-02-27 09:43:14
TSK0548,Write integration tests,Write integration tests for testing phase of project PRJ025.,Testing,PRJ025,Low,Moderate,10.2,,5,"JavaScript,TypeScript",Designer,Junior,Scrum Master,2.5,EMP163,2025-06-01,In Progress,62.7,2025-06-03,2025-06-13,,True,261,4,,,"TSK0386,TSK0706",,False,,False,0,,7.6,High,Medium,23.7,False,True,4,Weekly,0.3,2024-07-28 12:29:34,2025-10-07 11:46:22
TSK0549,Regression test suite,Regression test suite for testing phase of project PRJ016.,Testing,PRJ016,Medium,Very Complex,113.9,149.2,13,"HRIS,SAP HR",Developer,Mid,PMP,5.4,EMP084,2024-07-16,Completed,100.0,2024-07-17,2024-08-07,2024-08-12,False,-1,1,,,"TSK1983,TSK0097",TSK0271,False,7.5,False,0,7.3,,High,Low,43.0,False,False,3,Bi-weekly,9.5,2024-07-08 16:33:50,2024-11-22 14:04:29
TSK0550,Brand refresh,Brand refresh for design phase of project PRJ034.,Design,PRJ034,High,Simple,3.8,3.9,2,Node.js,Designer,Mid,,5.2,EMP177,2025-03-19,Blocked,17.0,2025-03-20,2025-03-25,,True,341,1,,,,,True,,False,0,,,Low,Critical,31.0,False,False,2,As needed,8.1,2024-04-15 16:04:23,2025-05-20 11:42:37
TSK0551,Create mockups,Create mockups for design phase of project PRJ047.,Design,PRJ047,High,Moderate,4.4,,5,"User Research,Photoshop",Developer,Mid,,4.0,EMP129,2024-03-03,In Progress,24.2,2024-03-05,2024-03-13,,True,718,1,,"TSK0552,TSK0559","TSK1298,TSK0454",TSK0337,False,,False,0,,7.6,Low,Medium,11.1,False,False,4,Daily,2.7,2024-12-22 11:37:20,2025-02-06 14:37:33
TSK0552,Design critique,Design critique for meeting phase of project PRJ020.,Meeting,PRJ020,Medium,Very Complex,45.7,37.3,1,Adobe XD,Developer,Mid,,5.8,EMP111,,Completed,100.0,2025-06-07,2025-06-22,2025-06-27,False,-3,1,,,"TSK1151,TSK0413",,False,6.4,True,3,7.2,,High,High,18.6,False,False,5,As needed,7.0,2025-05-06 11:51:51,2024-10-12 15:29:26
TSK0553,Implement authentication module,Implement authentication module for development phase of project PRJ091.,Development,PRJ091,Medium,Complex,34.0,39.0,8,A/B Testing,Tester,Mid,,5.8,EMP093,2025-02-17,In Review,62.6,2025-02-21,2025-03-08,,True,358,5,,,"TSK1464,TSK1016",,False,,False,0,,7.5,Medium,High,9.3,False,False,5,Weekly,4.4,2024-11-15 16:56:36,2024-11-18 11:48:39
TSK0554,Competitor analysis,Competitor analysis for research phase of project PRJ005.,Research,PRJ005,Medium,Moderate,7.9,7.5,13,"SEO,Social Media,Google Analytics",Analyst,Junior,,4.9,EMP133,2025-05-21,In Progress,60.6,2025-05-23,2025-05-26,,True,279,2,,,"TSK1827,TSK1684",,False,,False,0,,7.2,Medium,Low,50.6,False,False,5,As needed,9.2,2024-01-04 15:54:46,2025-10-28 11:39:50
TSK0555,Icon set design,Icon set design for design phase of project PRJ087.,Design,PRJ087,Low,Simple,1.9,2.2,3,"SAP HR,Workday",Analyst,Mid,AWS Certified,5.2,EMP017,2025-08-22,In Progress,32.2,2025-08-25,2025-08-31,,True,182,2,,,"TSK0981,TSK0431",,False,,False,0,,9.7,Low,Low,29.0,False,True,1,Bi-weekly,1.9,2024-03-22 15:24:25,2024-06-22 10:18:18
TSK0556,Architecture review,Architecture review for meeting phase of project PRJ048.,Meeting,PRJ048,Medium,Moderate,11.1,,8,Supply Chain,Tester,Mid,PMP,1,EMP093,2025-01-26,Blocked,37.3,2025-01-31,2025-02-10,,True,384,3,,,"TSK1751,TSK1920",,False,,True,1,,6.6,High,Low,26.0,True,True,2,Bi-weekly,5.3,2024-09-23 13:06:08,2025-07-05 09:58:36
TSK0557,User testing,User testing for design phase of project PRJ058.,Design,PRJ058,High,Complex,17.7,,13,MongoDB,Designer,Junior,,6.6,EMP018,2025-10-22,Blocked,44.2,2025-10-24,2025-11-01,,True,120,3,,,"TSK0714,TSK0915",,True,,False,0,,6.1,High,High,57.2,False,True,4,As needed,4.8,2025-01-23 15:38:23,2026-01-15 18:44:41
TSK0558,User testing,User testing for design phase of project PRJ096.,Design,PRJ096,Low,Very Complex,54.4,,8,Python,Tester,Mid,,7.2,EMP116,2024-03-21,Blocked,0,2024-03-22,2024-04-08,,True,692,4,,,,,False,,True,3,,,High,Critical,28.0,False,True,2,Daily,9.9,2024-10-31 09:34:44,2025-02-01 13:37:02
TSK0559,Stakeholder review,Stakeholder review for meeting phase of project PRJ093.,Meeting,PRJ093,High,Moderate,4.6,,5,"Content Marketing,Social Media,Adobe Suite",Tester,Junior,,4.8,EMP093,2024-10-11,In Review,50.1,2024-10-12,2024-10-16,,True,501,4,,,"TSK1119,TSK0345",,False,,False,0,,4.3,High,Low,28.3,False,True,4,As needed,4.6,2025-04-25 13:01:06,2024-12-13 17:41:43
TSK0560,Release notes,Release notes for documentation phase of project PRJ028.,Documentation,PRJ028,High,Complex,18.2,17.8,5,"Recruiting,Employment Law",Developer,Junior,AWS Certified,4.7,EMP024,2025-09-16,In Review,67.5,2025-09-18,2025-09-30,,True,152,3,,,,,True,,False,0,,10,Medium,Critical,5,False,True,1,Bi-weekly,2.2,2024-10-31 12:51:15,2025-02-18 17:41:21
TSK0561,Performance testing,Performance testing for testing phase of project PRJ014.,Testing,PRJ014,Low,Complex,25.7,34.3,1,Rust,Developer,Mid,AWS Certified,7.2,EMP130,2024-03-18,Not Started,33.6,2024-03-19,2024-03-27,,False,-3,5,TSK0174,,,,False,,False,0,,5.4,High,High,26.2,False,True,1,Weekly,4.8,2024-07-21 11:14:15,2025-05-03 14:53:39
TSK0562,Security audit,Security audit for testing phase of project PRJ020.,Testing,PRJ020,Low,Moderate,7.1,7.2,8,JavaScript,Analyst,Mid,,3.9,EMP107,2024-03-25,In Review,2.7,2024-03-26,2024-04-04,,True,696,2,"TSK0439,TSK0379",,,,True,,False,0,,6.5,Medium,High,26.4,False,False,5,Weekly,7.1,2024-04-27 12:43:13,2025-05-08 11:21:56
TSK0563,Root cause analysis,Root cause analysis for analysis phase of project PRJ082.,Analysis,PRJ082,Medium,Simple,2.9,2.3,3,"Negotiation,Communication,Prospecting",Designer,Senior,,4.3,EMP022,2025-11-12,Completed,100.0,2025-11-15,2025-11-23,2025-11-25,False,-1,1,,,,,True,8.0,False,0,6.8,7.4,High,Low,38.5,False,False,1,Daily,6.2,2024-12-23 17:29:13,2025-08-25 10:21:15
TSK0564,Impact assessment,Impact assessment for analysis phase of project PRJ001.,Analysis,PRJ001,Medium,Moderate,7.3,6.3,8,"Rust,SQL,Java",Designer,Junior,Scrum Master,2.2,EMP066,2024-09-09,In Review,75.6,2024-09-13,2024-09-20,,True,527,2,TSK0246,,,TSK0355,False,,False,0,,,Medium,Medium,11.3,False,True,4,Bi-weekly,3.8,2024-12-19 15:34:44,2025-01-11 11:38:15
TSK0565,Create onboarding docs,Create onboarding docs for documentation phase of project PRJ075.,Documentation,PRJ075,High,Simple,1.1,,8,Risk Analysis,Tester,Senior,,4.3,EMP048,2025-06-03,In Review,40.6,2025-06-04,2025-06-11,,True,263,4,,,"TSK0860,TSK0323",,True,,False,0,,6.4,Low,Medium,11.7,False,False,5,As needed,3.6,2025-04-07 13:03:50,2026-01-15 16:55:02
TSK0566,Design critique,Design critique for meeting phase of project PRJ017.,Meeting,PRJ017,Low,Moderate,15.8,,5,"Excel,ERP",Manager,Junior,Scrum Master,6.3,EMP006,2025-08-21,In Progress,61.2,2025-08-22,2025-08-26,,True,187,4,,,,,False,,True,3,,,Low,Critical,60.5,False,False,2,As needed,0.8,2025-02-05 14:42:26,2025-03-09 15:04:01
TSK0567,Requirements gathering,Requirements gathering for research phase of project PRJ089.,Research,PRJ089,Medium,Moderate,9.3,8.9,8,"Kubernetes,JavaScript,GCP",Analyst,Junior,,5.2,EMP003,2024-01-25,Completed,100.0,2024-01-26,2024-02-06,2024-02-05,False,-4,2,,,"TSK0304,TSK1140",,False,8.0,False,0,9.7,,Low,Medium,40.1,False,True,3,As needed,1.2,2025-01-24 08:50:25,2024-08-02 14:29:41
TSK0568,Create mockups,Create mockups for design phase of project PRJ063.,Design,PRJ063,Critical,Moderate,14.6,,8,"Illustrator,Photoshop",Analyst,Mid,,3.6,,2024-04-29,In Progress,16.3,2024-04-30,2024-05-04,,True,666,1,,,,TSK0473,False,,False,0,,7.6,High,High,35.3,False,False,1,Weekly,7.4,2025-05-09 16:18:34,2025-07-17 13:10:13
TSK0569,Metrics dashboard,Metrics dashboard for analysis phase of project PRJ006.,Analysis,PRJ006,Medium,Moderate,14.1,,3,"Excel,Prospecting",Developer,Junior,PMP,1,,2024-09-25,In Progress,0,2024-09-27,2024-10-09,,True,508,2,,,,,True,,False,0,,,Low,Critical,59.3,False,True,1,Bi-weekly,5.5,2024-01-14 16:56:44,2025-11-10 14:56:44
TSK0570,Add unit tests,Add unit tests for development phase of project PRJ014.,Development,PRJ014,Low,Moderate,4.2,,8,"Kubernetes,TypeScript,Python",Designer,Senior,,4.2,EMP026,2025-02-10,In Review,56.1,2025-02-11,2025-02-18,,True,376,4,,TSK0584,,,False,,False,0,,,Medium,High,48.2,True,False,3,As needed,5.5,2024-12-09 11:40:29,2025-03-26 10:21:11
TSK0571,Test automation,Test automation for testing phase of project PRJ059.,Testing,PRJ059,Medium,Moderate,11.0,,13,Rust,Developer,Mid,Scrum Master,6.3,EMP161,2025-05-07,Blocked,44.4,2025-05-08,2025-05-14,,True,291,5,,,"TSK1938,TSK0779",,True,,True,2,,9.6,Medium,Critical,39.7,False,True,1,Bi-weekly,6.4,2024-12-18 18:43:40,2025-01-22 11:51:49
TSK0572,Update user guide,Update user guide for documentation phase of project PRJ100.,Documentation,PRJ100,Medium,Moderate,15.1,17.8,2,Conflict Resolution,Analyst,Mid,,4.4,EMP179,2024-01-13,Blocked,36.8,2024-01-18,2024-01-28,,True,763,2,,,"TSK1261,TSK1289",,True,,False,0,,,High,High,47.5,False,True,5,As needed,7.5,2024-09-04 08:39:26,2025-03-20 15:19:08
TSK0573,Update user guide,Update user guide for documentation phase of project PRJ082.,Documentation,PRJ082,Medium,Moderate,6.8,,3,"Figma,Photoshop,Sketch",Analyst,Junior,PMP,6.2,EMP173,2025-10-10,In Review,98.8,2025-10-15,2025-10-20,,True,132,5,,"TSK0586,TSK0592",,,False,,False,0,,,Low,High,7.7,False,True,1,As needed,5.9,2024-03-09 15:23:04,2025-09-16 09:15:23
TSK0574,Team retrospective,Team retrospective for meeting phase of project PRJ085.,Meeting,PRJ085,Low,Moderate,7.9,5.7,5,"Figma,Illustrator,Prototyping",Tester,Mid,,6.6,EMP067,2024-11-28,Completed,100.0,2024-11-30,2024-12-03,2024-12-04,False,-2,1,,,,,False,7.0,False,0,8.7,,Low,Medium,45.0,False,False,3,Daily,4.9,2024-12-27 12:26:06,2025-02-24 09:06:41
TSK0575,Root cause analysis,Root cause analysis for analysis phase of project PRJ075.,Analysis,PRJ075,High,Simple,1.3,1.7,2,"Excel,Risk Analysis,VBA",Developer,Senior,AWS Certified,4.2,EMP134,2025-11-04,Completed,100.0,2025-11-07,2025-11-10,2025-11-11,False,-3,2,,,"TSK1168,TSK1864",TSK0015,True,7.6,False,0,6.6,4.4,Low,Low,44.3,False,True,2,Weekly,5.7,2024-02-15 14:16:52,2024-09-08 17:39:48
TSK0576,Competitor analysis,Competitor analysis for research phase of project PRJ042.,Research,PRJ042,Medium,Moderate,5.9,,5,HubSpot,Developer,Mid,,1,EMP034,2024-11-23,Blocked,68.2,2024-11-25,2024-11-29,,True,457,4,TSK0008,,"TSK0814,TSK1773",,False,,False,0,,6.3,High,Medium,61.9,True,True,1,Daily,9.0,2025-03-10 17:47:10,2024-11-18 11:55:45
TSK0577,Create onboarding docs,Create onboarding docs for documentation phase of project PRJ060.,Documentation,PRJ060,Medium,Complex,18.0,,8,"Communication,Salesforce",Tester,Junior,Scrum Master,6.1,EMP200,2024-03-08,In Review,71.7,2024-03-10,2024-03-23,,True,708,1,,,"TSK1580,TSK1835",,False,,False,0,,,High,High,24.9,False,False,2,Weekly,3.6,2025-05-31 13:29:54,2024-10-31 16:41:14
TSK0578,Load testing,Load testing for testing phase of project PRJ052.,Testing,PRJ052,High,Complex,41.4,,3,"Go,React,Java",Designer,Senior,,5.7,EMP125,2025-09-01,Not Started,0,2025-09-06,2025-09-14,,False,-1,3,,,"TSK1041,TSK1260",,False,,False,0,,,High,Low,39.4,False,True,2,Bi-weekly,3.4,2024-11-04 16:47:30,2025-03-04 17:16:02
TSK0579,Metrics dashboard,Metrics dashboard for analysis phase of project PRJ006.,Analysis,PRJ006,Medium,Simple,1.6,,5,Sketch,Analyst,Senior,,2.6,EMP015,2025-07-02,Blocked,0,2025-07-07,2025-07-09,,True,235,4,,TSK0590,"TSK1676,TSK1229",,False,,False,0,,7.7,High,Low,39.6,False,True,2,Bi-weekly,6.2,2024-10-19 15:43:02,2024-06-05 10:58:22
TSK0580,Implement authentication module,Implement authentication module for development phase of project PRJ074.,Development,PRJ074,High,Moderate,11.8,,5,"HubSpot,Prospecting",Manager,Junior,PMP,6.0,EMP122,2025-03-08,In Progress,34.7,2025-03-11,2025-03-14,,True,352,5,,TSK0582,"TSK1383,TSK0165",TSK0271,True,,False,0,,,High,Medium,31.9,False,True,3,As needed,2.5,2025-03-19 16:49:41,2024-12-09 16:54:30
TSK0581,Feasibility study,Feasibility study for research phase of project PRJ045.,Research,PRJ045,Critical,Moderate,8.3,,13,"Copywriting,Adobe Suite,SEO",Tester,Mid,,5.3,EMP110,2024-11-22,In Progress,65.0,2024-11-27,2024-12-06,,True,450,5,TSK0245,,,,False,,True,1,,8.1,Low,High,20.1,False,True,4,Bi-weekly,6.5,2024-03-08 16:06:37,2025-07-09 18:07:12
TSK0582,Release notes,Release notes for documentation phase of project PRJ083.,Documentation,PRJ083,Medium,Complex,35.6,,1,"Node.js,FastAPI,Docker",Tester,Junior,,3.3,EMP166,2024-06-26,In Review,15.5,2024-07-01,2024-07-16,,True,593,1,,,,,False,,False,0,,7.8,Medium,Medium,46.8,False,False,5,Weekly,7.2,2025-03-03 09:25:40,2024-09-01 16:42:30
TSK0583,KPI review,KPI review for analysis phase of project PRJ059.,Analysis,PRJ059,Medium,Very Complex,58.5,,1,Prototyping,Manager,Senior,,4.7,EMP115,2025-09-24,Not Started,92.7,2025-09-25,2025-10-12,,False,0,3,"TSK0345,TSK0377",,,,False,,False,0,,,Low,Low,36.0,True,True,3,Daily,1.7,2024-08-29 12:20:37,2024-11-24 11:11:51
TSK0584,UAT coordination,UAT coordination for testing phase of project PRJ089.,Testing,PRJ089,Medium,Very Complex,46.3,,8,"Excel,Lean Six Sigma",Designer,Mid,,2.0,EMP054,2024-04-11,In Review,99,2024-04-14,2024-04-29,,True,671,2,,"TSK0585,TSK0600","TSK0005,TSK0372",TSK0385,False,,True,1,,,High,High,23.7,False,True,5,As needed,0.4,2024-06-24 13:09:06,2025-06-04 09:17:43
TSK0585,Stakeholder review,Stakeholder review for meeting phase of project PRJ094.,Meeting,PRJ094,Medium,Moderate,14.5,11.5,1,A/B Testing,Tester,Junior,,5.5,EMP169,2025-01-20,Completed,100.0,2025-01-25,2025-02-06,2025-02-03,False,0,3,"TSK0369,TSK0243","TSK0588,TSK0589",,,True,6.2,False,0,6.0,,Medium,Low,20.4,False,True,2,Weekly,3.3,2025-01-01 14:15:32,2025-06-15 17:35:04
TSK0586,Create onboarding docs,Create onboarding docs for documentation phase of project PRJ099.,Documentation,PRJ099,Low,Moderate,6.5,,2,User Research,Manager,Senior,,5.1,EMP184,2025-01-30,Blocked,44.1,2025-02-02,2025-02-13,,True,381,1,"TSK0467,TSK0380","TSK0597,TSK0587","TSK1532,TSK0080",,False,,False,0,,9.0,High,Critical,5,False,False,2,Weekly,2.0,2024-10-23 10:02:16,2025-02-01 08:03:25
TSK0587,Icon set design,Icon set design for design phase of project PRJ089.,Design,PRJ089,Low,Simple,1.1,1.4,13,ERP,Developer,Mid,AWS Certified,5.4,EMP196,2024-04-11,Completed,100.0,2024-04-13,2024-04-18,2024-04-17,False,-5,4,,,,,False,7.8,False,0,9.2,9.2,Low,High,30.7,False,False,1,Daily,0.3,2024-07-14 10:28:33,2026-02-09 10:34:42
TSK0588,Architecture review,Architecture review for meeting phase of project PRJ021.,Meeting,PRJ021,Medium,Simple,1.2,,3,"HRIS,Employment Law",Manager,Senior,,6.1,EMP098,2024-08-25,Blocked,99,2024-08-26,2024-09-02,,True,545,2,,,,,True,,False,0,,6.8,Low,Medium,22.5,False,False,3,As needed,4.7,2024-06-16 14:04:31,2024-12-20 14:11:37
TSK0589,Build design system,Build design system for design phase of project PRJ038.,Design,PRJ038,Medium,Moderate,10.5,12.6,2,Employment Law,Tester,Junior,,5.7,EMP040,2024-07-18,Completed,100.0,2024-07-19,2024-07-30,2024-08-01,False,-1,2,,TSK0596,,TSK0044,False,9.4,False,0,10,7.4,Medium,High,21.8,True,True,2,Weekly,5.9,2024-06-07 12:51:23,2025-07-03 15:43:01
TSK0590,Write API docs,Write API docs for documentation phase of project PRJ086.,Documentation,PRJ086,High,Moderate,10.9,14.5,13,Adobe XD,Tester,Junior,,6.5,EMP178,2024-12-21,In Progress,39.1,2024-12-22,2024-12-25,,True,431,3,"TSK0521,TSK0374",,"TSK0988,TSK0741",,False,,True,2,,6.6,Medium,Critical,11.8,True,True,2,Daily,0.1,2024-01-05 16:26:55,2024-08-11 16:27:38
TSK0591,Performance report,Performance report for analysis phase of project PRJ039.,Analysis,PRJ039,Medium,Moderate,12.2,12.5,1,"User Research,Sketch",Analyst,Senior,Scrum Master,1.8,EMP064,2024-12-23,In Review,39.7,2024-12-24,2024-12-30,,True,426,5,,,,,False,,False,0,,9.7,Low,Medium,22.8,False,True,4,Daily,7.9,2024-09-28 08:47:20,2026-01-04 14:19:30
TSK0592,Fix critical bug,Fix critical bug for development phase of project PRJ032.,Development,PRJ032,Medium,Complex,18.1,,3,"Communication,CRM",Analyst,Junior,,6.7,EMP186,2024-07-21,In Review,57.1,2024-07-22,2024-07-29,,True,580,1,,,"TSK0507,TSK1333",,False,,False,0,,5.9,Low,Medium,12.9,True,True,4,Bi-weekly,5.9,2024-10-15 15:35:29,2024-08-03 14:28:41
TSK0593,Design critique,Design critique for meeting phase of project PRJ086.,Meeting,PRJ086,Medium,Moderate,10.1,7.3,3,Go,Developer,Junior,,10,EMP188,2024-01-30,In Progress,11.5,2024-01-31,2024-02-10,,True,750,5,,,,,False,,True,2,,,Medium,Medium,5,False,True,5,Weekly,0.2,2025-02-28 12:03:56,2025-02-27 09:08:04
TSK0594,Refactor database layer,Refactor database layer for development phase of project PRJ059.,Development,PRJ059,Low,Complex,36.7,27.6,5,"Excel,SAP",Designer,Mid,,7.1,EMP134,2025-01-12,In Progress,46.6,2025-01-14,2025-01-22,,True,403,2,"TSK0022,TSK0581",,"TSK0236,TSK0215",,False,,False,0,,8.0,Medium,Medium,5.5,False,True,1,Bi-weekly,2.1,2025-01-13 17:12:16,2024-09-23 08:25:06
TSK0595,Team retrospective,Team retrospective for meeting phase of project PRJ054.,Meeting,PRJ054,Critical,Simple,1.8,1.5,13,Workday,Designer,Junior,,7.8,EMP048,2024-08-07,Completed,100.0,2024-08-08,2024-08-11,2024-08-13,False,-5,1,,"TSK0614,TSK0600","TSK1193,TSK1507",,True,7.8,False,0,7.5,6.2,High,Low,59.3,False,True,5,Daily,1.6,2025-04-07 09:50:37,2024-10-17 18:44:54
TSK0596,Data analysis,Data analysis for analysis phase of project PRJ083.,Analysis,PRJ083,Low,Moderate,14.3,,2,"Email Marketing,A/B Testing,Google Analytics",Developer,Junior,,3.9,EMP068,2025-08-26,In Review,56.4,2025-08-28,2025-09-05,,True,177,5,,,"TSK1495,TSK0278",,False,,False,0,,5.7,Low,Critical,6.6,False,False,4,As needed,5.1,2024-01-12 15:00:32,2024-10-16 12:03:32
TSK0597,Process documentation,Process documentation for documentation phase of project PRJ029.,Documentation,PRJ029,High,Simple,3.1,2.6,13,"Supply Chain,Project Management",Developer,Senior,Scrum Master,5.1,EMP047,2024-12-25,In Progress,0,2024-12-29,2025-01-07,,True,418,5,,,,TSK0090,True,,False,0,,4.2,Medium,Low,17.0,False,True,4,As needed,9.0,2024-08-09 14:01:49,2025-11-24 14:14:56
TSK0598,Data analysis,Data analysis for analysis phase of project PRJ027.,Analysis,PRJ027,Medium,Moderate,11.8,,3,"Excel,Risk Analysis,VBA",Analyst,Mid,PMP,2.5,EMP088,2025-02-15,In Review,26.3,2025-02-18,2025-02-28,,True,366,4,,,"TSK1199,TSK1176",TSK0070,False,,False,0,,,Medium,Low,15.0,False,True,5,Daily,4.4,2024-04-04 17:07:48,2025-10-30 09:47:57
TSK0599,Performance testing,Performance testing for testing phase of project PRJ079.,Testing,PRJ079,High,Simple,2.5,,3,"React,Node.js",Tester,Mid,AWS Certified,6.2,EMP179,2024-04-03,In Review,15.7,2024-04-05,2024-04-14,,True,686,4,,"TSK0611,TSK0604","TSK0807,TSK0074",,False,,False,0,,8.1,Medium,Critical,12.3,False,False,2,Bi-weekly,9.4,2024-11-19 11:16:42,2025-10-19 12:12:38
TSK0600,Icon set design,Icon set design for design phase of project PRJ064.,Design,PRJ064,Low,Simple,1.2,0.9,2,"Salesforce,CRM,HubSpot",Analyst,Junior,,5.7,EMP001,,Blocked,33.9,2024-01-27,2024-02-01,,True,759,4,,,,TSK0273,True,,False,0,,7.4,Low,High,29.0,False,False,4,Weekly,1.3,2024-06-21 15:44:53,2025-08-29 10:27:06
TSK0601,Deploy to staging,Deploy to staging for development phase of project PRJ044.,Development,PRJ044,Medium,Complex,42.9,,8,"FastAPI,GCP,SQL",Developer,Senior,,1.9,EMP150,2024-06-28,Not Started,59.2,2024-07-03,2024-07-20,,False,-3,3,,,,,False,,False,0,,7.7,High,Medium,13.5,False,True,1,Daily,5.1,2025-03-24 13:14:49,2025-09-23 17:19:28
TSK0602,Technology evaluation,Technology evaluation for research phase of project PRJ097.,Research,PRJ097,Medium,Moderate,6.6,,3,Social Media,Developer,Junior,,2.0,EMP138,2024-01-10,In Review,7.9,2024-01-14,2024-01-19,,True,772,3,,,"TSK1036,TSK1814",,False,,True,1,,8.2,Low,High,40.9,True,True,5,Bi-weekly,2.5,2024-02-12 18:42:19,2025-03-29 18:21:01
TSK0603,Sprint planning,Sprint planning for meeting phase of project PRJ030.,Meeting,PRJ030,High,Moderate,6.3,,8,HRIS,Tester,Junior,PMP,3.5,EMP076,2025-01-30,In Progress,51.8,2025-02-03,2025-02-06,,True,388,5,"TSK0018,TSK0478",,,,False,,True,3,,7.6,Low,Medium,44.6,False,True,5,Weekly,6.0,2024-09-14 13:17:48,2024-08-29 16:13:12
TSK0604,KPI review,KPI review for analysis phase of project PRJ064.,Analysis,PRJ064,Medium,Simple,3.0,,8,"Project Management,Power BI,Supply Chain",Developer,Senior,,4.3,EMP052,2025-04-09,In Review,5.5,2025-04-13,2025-04-19,,True,316,2,,,,,True,,True,2,,7.5,Medium,Low,45.9,True,True,4,Daily,6.4,2024-06-09 12:41:15,2025-08-01 12:34:21
TSK0605,Add unit tests,Add unit tests for development phase of project PRJ057.,Development,PRJ057,Medium,Complex,36.5,37.7,13,"Kubernetes,AWS,Python",Designer,Mid,,2.2,EMP172,2025-01-26,Completed,100.0,2025-01-31,2025-02-09,2025-02-12,False,-2,3,,,,,False,9.6,False,0,8.3,8.3,Medium,Low,5,False,True,2,As needed,2.7,2024-01-07 10:34:41,2024-11-15 14:52:22
TSK0606,Performance report,Performance report for analysis phase of project PRJ083.,Analysis,PRJ083,High,Very Complex,46.3,,3,"Project Management,Lean Six Sigma",Designer,Senior,AWS Certified,1,EMP065,2025-01-02,In Progress,9.3,2025-01-05,2025-01-20,,True,405,2,,,,TSK0517,False,,False,0,,9.1,High,Low,66.3,True,True,4,As needed,7.7,2024-06-17 15:03:17,2025-02-01 16:34:21
TSK0607,Team retrospective,Team retrospective for meeting phase of project PRJ019.,Meeting,PRJ019,High,Moderate,4.8,,8,"Prototyping,Adobe XD",Manager,Senior,,4.3,EMP150,2024-09-29,In Review,0.9,2024-10-04,2024-10-10,,True,507,2,,,,TSK0205,False,,False,0,,,High,Medium,20.1,False,True,4,Daily,1.1,2025-04-01 16:29:12,2025-10-05 16:05:21
TSK0608,Requirements gathering,Requirements gathering for research phase of project PRJ016.,Research,PRJ016,High,Moderate,4.8,4.1,13,HubSpot,Tester,Senior,,6.1,EMP006,2024-03-24,Completed,100.0,2024-03-28,2024-04-02,2024-04-04,False,-3,5,,,"TSK1509,TSK0156",,False,6.5,False,0,8.0,8.1,High,Medium,46.4,False,False,5,As needed,4.4,2025-04-11 09:25:53,2025-08-28 09:40:17
TSK0609,Update user guide,Update user guide for documentation phase of project PRJ086.,Documentation,PRJ086,Medium,Moderate,5.7,6.1,5,Lean Six Sigma,Designer,Junior,,6.7,EMP159,2024-07-10,Completed,100.0,2024-07-15,2024-07-22,2024-07-20,False,-5,2,,,"TSK0911,TSK0189",,True,7.6,False,0,8.6,,Medium,Critical,21.8,False,False,5,Weekly,8.3,2024-04-29 11:06:50,2025-07-06 12:20:15
TSK0610,Update user guide,Update user guide for documentation phase of project PRJ026.,Documentation,PRJ026,Low,Complex,17.8,24.8,5,"Negotiation,Communication",Developer,Senior,,1.7,,2024-12-31,In Review,35.6,2025-01-04,2025-01-11,,True,414,2,,,,TSK0273,False,,False,0,,6.4,Medium,High,11.0,False,False,2,As needed,8.7,2024-08-23 14:32:27,2025-01-27 14:40:54
TSK0611,Performance report,Performance report for analysis phase of project PRJ039.,Analysis,PRJ039,Critical,Moderate,7.7,,1,Risk Analysis,Analyst,Junior,PMP,2.7,EMP115,2025-11-04,Blocked,59.0,2025-11-08,2025-11-17,,True,104,2,TSK0273,,"TSK1512,TSK0425",TSK0138,True,,True,3,,9.5,Low,Medium,52.9,False,False,5,Weekly,5.9,2024-02-11 09:23:56,2024-06-03 18:49:43
TSK0612,Performance testing,Performance testing for testing phase of project PRJ080.,Testing,PRJ080,Medium,Moderate,15.8,15.9,3,Project Management,Manager,Junior,,3.7,EMP080,2024-03-01,Not Started,38.7,2024-03-03,2024-03-13,,False,-5,5,,,,,False,,False,0,,8.6,High,Medium,20.5,False,False,4,Daily,6.0,2024-02-18 17:55:04,2025-01-27 14:18:04
TSK0613,Feasibility study,Feasibility study for research phase of project PRJ083.,Research,PRJ083,Medium,Very Complex,81.2,108.5,8,React,Manager,Junior,,8.3,EMP007,2025-08-05,Not Started,67.3,2025-08-10,2025-08-29,,False,-2,5,"TSK0373,TSK0201",,"TSK0686,TSK0413",,True,,False,0,,3.6,Medium,Critical,23.6,False,False,5,Daily,8.6,2024-11-03 17:31:02,2025-02-27 14:17:35
TSK0614,Kickoff meeting,Kickoff meeting for meeting phase of project PRJ043.,Meeting,PRJ043,Medium,Very Complex,38.8,42.6,8,"Adobe XD,Sketch,User Research",Analyst,Junior,AWS Certified,5.1,EMP075,2024-10-13,Completed,100.0,2024-10-16,2024-10-24,2024-10-28,False,0,3,,,,,False,7.5,False,0,8.6,8.2,High,High,32.1,False,True,5,Weekly,3.3,2024-11-28 15:32:50,2024-12-22 17:45:52
TSK0615,Write API docs,Write API docs for documentation phase of project PRJ006.,Documentation,PRJ006,Low,Simple,2.4,,5,Google Analytics,Designer,Senior,,5.3,EMP177,2025-01-08,In Progress,45.6,2025-01-12,2025-01-22,,True,403,5,"TSK0015,TSK0328",TSK0633,"TSK0005,TSK0077",TSK0528,False,,False,0,,9.5,High,Low,24.4,False,False,3,Daily,0.1,2024-10-18 18:20:10,2025-04-22 13:56:15
TSK0616,Kickoff meeting,Kickoff meeting for meeting phase of project PRJ074.,Meeting,PRJ074,Medium,Moderate,8.3,,2,Negotiation,Manager,Junior,,1.6,EMP157,2024-06-04,Not Started,99,2024-06-08,2024-06-19,,False,-5,4,,"TSK0627,TSK0621","TSK1155,TSK0612",,True,,True,1,,,High,Medium,35.9,True,True,4,Bi-weekly,9.8,2025-02-03 18:29:57,2025-02-07 10:14:35
TSK0617,Stakeholder review,Stakeholder review for meeting phase of project PRJ083.,Meeting,PRJ083,High,Very Complex,64.9,,8,"Google Analytics,Content Marketing,SEO",Tester,Senior,,8.0,EMP006,2024-10-13,In Review,37.6,2024-10-15,2024-11-02,,True,484,2,,,,,False,,False,0,,7.4,Medium,Medium,5,True,True,3,Daily,9.2,2024-12-24 15:57:55,2026-01-08 16:47:53
TSK0618,Architecture review,Architecture review for meeting phase of project PRJ011.,Meeting,PRJ011,Medium,Moderate,10.6,10.1,2,Prospecting,Designer,Mid,PMP,6.0,EMP161,2025-01-09,Blocked,6.0,2025-01-11,2025-01-16,,True,409,5,TSK0078,,,TSK0344,False,,False,0,,,Low,Medium,44.9,False,True,3,Weekly,0.6,2024-03-02 10:17:54,2024-08-06 11:01:00
TSK0619,Deploy to staging,Deploy to staging for development phase of project PRJ015.,Development,PRJ015,Medium,Moderate,7.6,,2,"Content Marketing,Email Marketing",Tester,Mid,,6.2,EMP008,2025-04-17,In Review,1.4,2025-04-21,2025-05-01,,True,304,5,,,"TSK0894,TSK1328",,False,,False,0,,7.4,Medium,Critical,36.3,False,True,4,As needed,1.9,2025-02-24 16:01:02,2025-08-28 09:58:06
TSK0620,Release notes,Release notes for documentation phase of project PRJ037.,Documentation,PRJ037,Medium,Simple,3.8,,3,Communication,Manager,Mid,,2.3,EMP003,2024-04-03,In Review,27.3,2024-04-07,2024-04-10,,True,690,2,"TSK0077,TSK0442",,,TSK0619,False,,False,0,,7.6,High,High,58.3,True,True,4,Weekly,2.4,2024-03-02 11:31:07,2025-04-26 18:23:59
TSK0621,Create onboarding docs,Create onboarding docs for documentation phase of project PRJ052.,Documentation,PRJ052,Low,Moderate,5.6,7.3,1,SAP,Analyst,Junior,,2.9,EMP183,2024-11-01,Completed,100.0,2024-11-05,2024-11-12,2024-11-15,False,-3,5,,"TSK0638,TSK0630","TSK1585,TSK1043",,False,8.0,False,0,6.3,6.8,Medium,Medium,13.5,False,True,1,Bi-weekly,3.1,2025-02-10 15:07:07,2025-12-04 16:04:26
TSK0622,Code review,Code review for development phase of project PRJ068.,Development,PRJ068,Low,Moderate,9.3,,2,Conflict Resolution,Analyst,Mid,,3.2,EMP096,2024-10-18,In Progress,72.7,2024-10-22,2024-10-31,,True,486,4,TSK0344,,,,False,,False,0,,7.1,High,High,34.1,False,True,1,Daily,4.8,2024-04-16 12:06:09,2025-09-26 10:22:37
TSK0623,Icon set design,Icon set design for design phase of project PRJ014.,Design,PRJ014,High,Moderate,10.7,10.8,5,Supply Chain,Designer,Junior,,4.4,EMP042,2024-02-20,Completed,100.0,2024-02-23,2024-03-02,2024-03-04,False,0,3,"TSK0159,TSK0518",,"TSK0857,TSK0600",,True,8.9,True,3,5.3,9.4,Medium,Medium,18.9,False,True,3,As needed,4.2,2025-02-25 15:14:28,2024-11-22 13:02:03
TSK0624,Write API docs,Write API docs for documentation phase of project PRJ031.,Documentation,PRJ031,Critical,Very Complex,96.1,93.5,8,A/B Testing,Developer,Senior,AWS Certified,1,EMP001,,In Review,34.2,2025-09-29,2025-10-20,,True,132,2,"TSK0257,TSK0595",,,,False,,False,0,,6.4,Medium,Medium,30.4,False,True,4,Bi-weekly,1.2,2025-01-20 15:37:50,2024-12-01 17:26:01
TSK0625,UAT coordination,UAT coordination for testing phase of project PRJ067.,Testing,PRJ067,Medium,Simple,3.8,,2,"HRIS,Training",Manager,Senior,,6.3,,2024-01-29,In Progress,39.2,2024-02-03,2024-02-12,,True,748,1,,"TSK0627,TSK0628","TSK0438,TSK1855",,True,,False,0,,6.5,Low,Low,23.0,False,True,2,Weekly,3.6,2024-06-17 10:13:29,2025-10-19 13:02:17
TSK0626,Write integration tests,Write integration tests for testing phase of project PRJ068.,Testing,PRJ068,High,Moderate,6.9,,1,Illustrator,Manager,Senior,Scrum Master,4.0,EMP072,2025-09-13,In Progress,84.0,2025-09-16,2025-09-25,,True,157,5,TSK0305,,,,False,,False,0,,7.5,Medium,High,22.8,True,False,2,As needed,4.6,2024-02-03 10:39:42,2025-07-30 15:59:56
TSK0627,Implement authentication module,Implement authentication module for development phase of project PRJ043.,Development,PRJ043,Low,Moderate,13.3,,1,"VBA,Excel",Manager,Senior,,7.6,,2024-07-07,In Progress,57.2,2024-07-10,2024-07-18,,True,591,4,,,,,False,,False,0,,7.9,Low,Medium,56.4,True,True,5,Bi-weekly,0.7,2025-03-29 13:50:55,2025-10-03 14:05:31
TSK0628,Technology evaluation,Technology evaluation for research phase of project PRJ048.,Research,PRJ048,High,Simple,3.0,3.9,2,"Negotiation,CRM,HubSpot",Manager,Senior,,7.8,EMP150,2025-06-15,In Review,76.8,2025-06-16,2025-06-21,,True,253,4,,,,,True,,False,0,,9.7,Low,Critical,33.3,True,True,1,Bi-weekly,4.7,2024-01-06 17:09:35,2024-07-07 11:57:14
TSK0629,Feasibility study,Feasibility study for research phase of project PRJ012.,Research,PRJ012,Medium,Complex,19.8,17.9,3,"Photoshop,Sketch,User Research",Designer,Junior,,5.0,EMP105,2025-05-21,Completed,100.0,2025-05-25,2025-06-02,2025-05-30,False,0,5,,,,,True,7.4,False,0,8.9,7.2,High,Critical,5,False,False,1,Daily,6.0,2024-03-04 12:01:39,2024-12-30 11:25:46
TSK0630,User testing,User testing for design phase of project PRJ057.,Design,PRJ057,Low,Moderate,7.6,,2,"Illustrator,Adobe XD,Prototyping",Analyst,Mid,,6.4,EMP035,2024-09-18,In Progress,24.6,2024-09-22,2024-09-27,,True,520,4,,,,,False,,True,1,,,High,High,5,False,True,5,As needed,4.3,2024-01-05 13:52:29,2025-04-28 10:41:36
TSK0631,Market sizing,Market sizing for research phase of project PRJ051.,Research,PRJ051,High,Very Complex,73.1,,3,"MongoDB,Kubernetes,Rust",Analyst,Senior,Scrum Master,7.2,EMP031,2024-05-12,Not Started,68.3,2024-05-17,2024-05-31,,False,-1,4,"TSK0470,TSK0431",,"TSK1690,TSK0845",,True,,False,0,,4.7,Low,Critical,24.9,False,True,5,Bi-weekly,6.9,2024-10-23 11:28:42,2024-06-05 12:12:56
TSK0632,Stakeholder review,Stakeholder review for meeting phase of project PRJ033.,Meeting,PRJ033,Critical,Moderate,5.2,4.2,2,AWS,Analyst,Mid,,5.9,EMP038,2025-05-21,Completed,100.0,2025-05-24,2025-06-02,2025-06-02,False,-3,4,,,"TSK1356,TSK0362",,False,7.4,False,0,4.3,8.0,Medium,Low,16.4,True,True,3,Bi-weekly,2.1,2024-11-26 09:13:20,2025-08-11 11:43:45
TSK0633,Load testing,Load testing for testing phase of project PRJ029.,Testing,PRJ029,Low,Moderate,4.9,,13,Lean Six Sigma,Tester,Senior,,4.9,EMP092,2024-07-14,Not Started,60.9,2024-07-19,2024-07-26,,False,0,3,,TSK0652,"TSK0356,TSK1904",,True,,False,0,,,High,Critical,5,True,True,5,Daily,4.3,2024-06-29 13:18:38,2026-02-10 11:06:58
TSK0634,Write integration tests,Write integration tests for testing phase of project PRJ042.,Testing,PRJ042,Medium,Moderate,5.2,7.0,3,"Python,GCP",Manager,Senior,PMP,3.7,EMP099,2024-04-22,In Progress,14.3,2024-04-23,2024-04-28,,True,672,4,,,"TSK0929,TSK1617",,True,,False,0,,,High,Critical,14.2,False,True,2,Daily,2.7,2025-03-16 10:39:12,2024-08-06 17:48:06
TSK0635,Team retrospective,Team retrospective for meeting phase of project PRJ049.,Meeting,PRJ049,High,Moderate,14.6,13.4,3,Risk Analysis,Developer,Junior,Scrum Master,3.5,EMP200,2025-07-23,Completed,100.0,2025-07-25,2025-08-04,2025-08-08,False,-5,3,TSK0555,,,,False,6.1,False,0,9.5,7.3,Low,High,68.1,True,True,1,Bi-weekly,3.9,2025-02-22 18:46:03,2025-01-10 16:21:41
TSK0636,Load testing,Load testing for testing phase of project PRJ021.,Testing,PRJ021,Medium,Moderate,6.3,5.1,1,"Email Marketing,Adobe Suite,A/B Testing",Manager,Junior,,6.5,EMP080,2025-03-08,In Progress,88.6,2025-03-13,2025-03-23,,True,343,5,,"TSK0644,TSK0652",,TSK0218,False,,False,0,,7.4,Medium,High,47.0,False,False,3,Daily,4.2,2024-12-10 16:49:42,2024-10-10 17:16:34
TSK0637,Market sizing,Market sizing for research phase of project PRJ031.,Research,PRJ031,High,Simple,2.7,3.2,8,Negotiation,Designer,Senior,,4.6,EMP197,2024-11-28,Completed,100.0,2024-11-29,2024-12-05,2024-12-07,False,0,1,,,,,False,6.6,False,0,6.6,10,Low,Medium,5,False,False,2,Daily,9.6,2025-03-28 17:51:38,2025-10-14 13:04:42
TSK0638,Sprint planning,Sprint planning for meeting phase of project PRJ001.,Meeting,PRJ001,Medium,Moderate,11.9,,5,"TypeScript,JavaScript",Analyst,Mid,PMP,8.3,EMP027,2025-05-10,Not Started,64.5,2025-05-14,2025-05-19,,False,-2,2,"TSK0046,TSK0066",,"TSK1172,TSK0113",,False,,True,1,,9.5,High,Medium,28.4,False,False,3,As needed,7.0,2024-10-26 13:24:59,2025-12-10 12:18:08
TSK0639,Impact assessment,Impact assessment for analysis phase of project PRJ049.,Analysis,PRJ049,Medium,Simple,3.8,,1,VBA,Tester,Junior,PMP,4.6,EMP054,2025-02-27,Blocked,17.2,2025-02-28,2025-03-07,,True,359,1,TSK0207,,"TSK1399,TSK0992",,False,,True,1,,7.7,High,Medium,58.9,True,False,4,Daily,5.5,2024-06-04 09:40:54,2025-11-27 10:05:51
TSK0640,Technology evaluation,Technology evaluation for research phase of project PRJ086.,Research,PRJ086,Low,Moderate,6.3,,2,"Java,Go,Node.js",Tester,Mid,AWS Certified,3.8,EMP170,2025-01-16,In Progress,12.4,2025-01-20,2025-01-30,,True,395,5,,,"TSK1351,TSK0131",,True,,False,0,,,Medium,Critical,21.6,True,False,4,Weekly,3.1,2024-01-18 18:10:14,2025-10-28 12:39:09
TSK0641,Code review,Code review for development phase of project PRJ029.,Development,PRJ029,Low,Complex,34.4,31.8,2,"HRIS,Employment Law,Workday",Analyst,Senior,,2.7,EMP036,2025-09-05,In Review,12.2,2025-09-07,2025-09-14,,True,168,2,,"TSK0652,TSK0648",,,True,,False,0,,,High,High,5,False,True,1,Daily,9.8,2025-01-07 18:19:19,2025-04-12 16:54:19
TSK0642,Competitor analysis,Competitor analysis for research phase of project PRJ077.,Research,PRJ077,Low,Moderate,4.7,5.9,8,"Workday,Employment Law",Analyst,Junior,,4.0,EMP027,2025-07-12,Not Started,39.5,2025-07-16,2025-07-25,,False,-4,1,,,,TSK0154,False,,False,0,,,Medium,Medium,5,False,False,1,Weekly,4.3,2025-04-19 08:41:03,2025-10-19 17:27:49
TSK0643,Stakeholder review,Stakeholder review for meeting phase of project PRJ096.,Meeting,PRJ096,Medium,Complex,40.7,,1,"SAP HR,HRIS",Developer,Senior,,2.9,EMP031,2025-03-12,In Progress,77.6,2025-03-15,2025-03-29,,True,337,5,,,"TSK0068,TSK1195",,False,,False,0,,8.4,Medium,Critical,21.0,False,False,4,Weekly,3.5,2025-03-03 12:49:32,2025-05-29 16:27:58
TSK0644,Security audit,Security audit for testing phase of project PRJ064.,Testing,PRJ064,Medium,Moderate,14.8,,3,"Node.js,React",Manager,Senior,PMP,6.0,EMP094,2024-01-04,In Review,99,2024-01-05,2024-01-14,,True,777,1,,TSK0658,"TSK1118,TSK0097",,False,,False,0,,10,Low,Critical,35.8,False,True,3,Daily,7.2,2024-04-14 14:09:48,2025-09-19 13:00:54
TSK0645,Metrics dashboard,Metrics dashboard for analysis phase of project PRJ081.,Analysis,PRJ081,High,Simple,2.8,,5,"A/B Testing,Copywriting,SEO",Analyst,Mid,,8.1,EMP173,2024-08-12,In Progress,49.0,2024-08-17,2024-08-27,,True,551,1,TSK0135,,"TSK1839,TSK1295",,False,,False,0,,5.5,Medium,Low,13.1,False,False,5,Bi-weekly,1.4,2025-04-29 18:43:20,2024-08-21 10:00:36
TSK0646,Team retrospective,Team retrospective for meeting phase of project PRJ006.,Meeting,PRJ006,Low,Simple,3.0,3.1,1,"Bloomberg,Risk Analysis,Excel",Developer,Junior,,5.8,EMP109,2024-05-01,Blocked,77.4,2024-05-05,2024-05-08,,True,662,3,,,,,False,,False,0,,5.3,Low,Low,46.8,True,True,3,Daily,8.8,2024-07-10 16:40:59,2025-07-22 13:17:36
TSK0647,Refactor database layer,Refactor database layer for development phase of project PRJ060.,Development,PRJ060,Medium,Simple,2.0,,13,"Kubernetes,Python",Analyst,Senior,,5.2,EMP115,2024-05-01,In Review,50.4,2024-05-03,2024-05-05,,True,665,5,TSK0389,,"TSK1510,TSK0127",,True,,False,0,,7.0,Low,Critical,6.3,False,True,3,Daily,4.3,2024-01-22 16:41:11,2025-10-23 14:07:01
TSK0648,Deploy to staging,Deploy to staging for development phase of project PRJ022.,Development,PRJ022,High,Moderate,4.9,3.5,3,Conflict Resolution,Developer,Junior,,3.3,EMP086,2024-09-18,In Progress,72.5,2024-09-22,2024-09-29,,True,518,5,,,"TSK1083,TSK1020",,True,,False,0,,8.0,High,Low,40.6,False,False,2,Weekly,2.0,2024-09-29 11:10:17,2024-08-23 18:57:28
TSK0649,Implement authentication module,Implement authentication module for development phase of project PRJ086.,Development,PRJ086,Medium,Complex,15.5,16.3,2,"Excel,Financial Modeling,Risk Analysis",Manager,Mid,,6.0,,2025-03-01,Completed,100.0,2025-03-02,2025-03-09,2025-03-14,False,-1,2,,"TSK0666,TSK0667",,,False,7.3,True,1,5.2,5.3,High,Low,26.5,True,False,2,Bi-weekly,1.6,2024-10-08 09:31:02,2024-10-06 16:51:49
TSK0650,Kickoff meeting,Kickoff meeting for meeting phase of project PRJ029.,Meeting,PRJ029,High,Complex,20.6,24.2,2,"SEO,Social Media,Copywriting",Manager,Senior,,5.0,EMP122,2024-02-02,Completed,100.0,2024-02-05,2024-02-13,2024-02-18,False,0,1,,,,,True,8.6,False,0,7.9,8.3,Low,Low,5,False,True,4,As needed,4.3,2024-12-11 18:52:13,2025-07-04 10:53:36
TSK0651,User testing,User testing for design phase of project PRJ015.,Design,PRJ015,High,Simple,3.2,,8,VBA,Designer,Mid,,4.6,EMP149,2024-08-31,Not Started,63.9,2024-09-02,2024-09-08,,False,0,3,,,,,False,,False,0,,7.5,Low,Low,12.1,True,True,1,Bi-weekly,8.1,2024-11-29 09:55:18,2025-04-05 12:19:26
TSK0652,Design critique,Design critique for meeting phase of project PRJ047.,Meeting,PRJ047,Medium,Moderate,13.6,,8,Excel,Manager,Mid,,5.6,EMP077,2025-06-02,In Review,72.8,2025-06-07,2025-06-19,,True,255,5,,,"TSK0994,TSK0991",,False,,True,3,,,High,Low,45.2,True,True,2,Bi-weekly,9.7,2024-01-02 11:54:33,2025-01-02 12:48:06
TSK0653,Create mockups,Create mockups for design phase of project PRJ037.,Design,PRJ037,Medium,Simple,3.9,5.2,2,"PostgreSQL,Rust",Designer,Senior,,5.0,EMP013,2024-10-26,Completed,100.0,2024-10-31,2024-11-03,2024-11-05,False,-2,5,TSK0544,,"TSK1609,TSK0368",,True,5.3,False,0,6.0,8.5,High,High,24.8,False,False,3,Daily,7.3,2024-12-20 16:36:45,2026-01-14 16:45:42
TSK0654,Refactor database layer,Refactor database layer for development phase of project PRJ068.,Development,PRJ068,Low,Simple,3.9,,13,Social Media,Developer,Senior,Scrum Master,7.9,,2025-05-21,Blocked,36.7,2025-05-23,2025-06-02,,True,272,2,,"TSK0659,TSK0655","TSK1284,TSK1989",TSK0033,False,,False,0,,8.7,Low,Critical,43.0,True,True,2,Weekly,2.9,2024-08-20 08:42:33,2025-10-23 10:19:16
TSK0655,Technology evaluation,Technology evaluation for research phase of project PRJ065.,Research,PRJ065,Medium,Moderate,4.3,3.4,3,Go,Tester,Senior,Scrum Master,6.5,EMP111,2024-06-17,Completed,100.0,2024-06-20,2024-06-27,2024-07-02,False,-1,4,,TSK0670,,TSK0093,False,6.2,False,0,8.4,,Medium,High,46.0,False,True,1,Daily,0.5,2024-10-09 12:01:48,2024-10-26 15:28:24
TSK0656,Build REST API,Build REST API for development phase of project PRJ015.,Development,PRJ015,High,Simple,1.3,,8,"Adobe Suite,SEO",Developer,Junior,Scrum Master,6.3,EMP106,2024-03-30,In Progress,0,2024-04-04,2024-04-06,,True,694,1,"TSK0375,TSK0515","TSK0664,TSK0658","TSK0834,TSK0397",TSK0486,False,,False,0,,8.7,Low,Low,48.9,False,False,2,Daily,0.5,2025-01-24 10:14:28,2024-06-26 13:02:24
TSK0657,Impact assessment,Impact assessment for analysis phase of project PRJ059.,Analysis,PRJ059,High,Moderate,15.2,12.3,5,"Power BI,ERP,Supply Chain",Analyst,Junior,,7.3,EMP101,2025-08-09,In Review,7.5,2025-08-12,2025-08-18,,True,195,3,,,,,False,,False,0,,,Medium,Critical,45.2,False,True,3,Bi-weekly,9.4,2024-05-26 12:46:48,2024-11-22 08:23:38
TSK0658,Data analysis,Data analysis for analysis phase of project PRJ055.,Analysis,PRJ055,Medium,Very Complex,63.0,,8,"SQL,AWS,React",Developer,Senior,Scrum Master,5.8,EMP168,2024-10-02,Blocked,58.8,2024-10-05,2024-10-20,,True,497,4,,,,,False,,True,1,,6.5,Low,Critical,5,False,True,5,Daily,5.3,2024-09-03 13:33:45,2025-06-14 13:32:41
TSK0659,Icon set design,Icon set design for design phase of project PRJ055.,Design,PRJ055,Medium,Moderate,10.7,,2,"Prototyping,Figma,Sketch",Manager,Junior,,2.7,EMP075,2025-07-27,In Review,32.0,2025-08-01,2025-08-11,,True,202,3,"TSK0536,TSK0657",,"TSK1086,TSK0012",TSK0414,False,,False,0,,10,High,High,23.3,False,False,2,Weekly,8.0,2025-02-26 15:04:41,2025-12-29 17:37:09
TSK0660,Competitor analysis,Competitor analysis for research phase of project PRJ044.,Research,PRJ044,Low,Moderate,5.3,6.4,1,"QuickBooks,SAP",Tester,Mid,AWS Certified,5.7,EMP019,2025-09-26,Not Started,81.7,2025-09-29,2025-10-06,,False,-3,5,,,,,True,,False,0,,,High,Medium,48.4,False,True,5,Bi-weekly,0.4,2024-04-03 15:04:53,2024-12-12 08:48:15
TSK0661,Design critique,Design critique for meeting phase of project PRJ063.,Meeting,PRJ063,Low,Moderate,10.3,13.2,8,"Lean Six Sigma,Supply Chain,ERP",Designer,Junior,PMP,7.7,EMP028,2025-07-15,Completed,100.0,2025-07-19,2025-07-29,2025-07-28,False,0,4,,"TSK0663,TSK0664","TSK1775,TSK0147",,False,8.0,True,1,8.4,5.3,Medium,Medium,5,False,True,4,Daily,8.3,2024-04-12 08:58:09,2024-10-22 10:46:07
TSK0662,Icon set design,Icon set design for design phase of project PRJ090.,Design,PRJ090,Medium,Complex,43.5,,3,"Photoshop,Adobe XD",Manager,Junior,,4.9,EMP140,2024-02-04,Blocked,18.9,2024-02-06,2024-02-16,,True,744,1,,"TSK0665,TSK0681","TSK0277,TSK1868",TSK0605,False,,False,0,,,Medium,Low,23.7,False,True,1,As needed,0.2,2024-06-08 13:16:54,2025-04-05 17:24:20
TSK0663,UAT coordination,UAT coordination for testing phase of project PRJ005.,Testing,PRJ005,Critical,Complex,45.2,,1,"Employment Law,Workday",Manager,Junior,Scrum Master,6.2,EMP013,,In Progress,53.0,2025-06-14,2025-06-25,,True,249,3,"TSK0645,TSK0329",,"TSK0423,TSK1261",,True,,False,0,,5.9,High,Critical,30.9,False,False,4,Bi-weekly,3.1,2024-06-20 10:32:47,2025-10-14 16:00:31
TSK0664,Icon set design,Icon set design for design phase of project PRJ079.,Design,PRJ079,Low,Very Complex,110.9,,13,"Prospecting,CRM,Salesforce",Analyst,Mid,,3.3,EMP194,2025-08-12,Blocked,63.2,2025-08-15,2025-09-10,,True,172,4,,"TSK0674,TSK0675","TSK0946,TSK1469",,False,,False,0,,,Medium,Low,20.1,False,True,4,Weekly,6.4,2024-06-27 16:58:54,2025-09-19 11:09:59
TSK0665,Root cause analysis,Root cause analysis for analysis phase of project PRJ100.,Analysis,PRJ100,Low,Moderate,8.5,7.5,3,"Supply Chain,ERP",Analyst,Mid,,3.0,EMP197,2025-10-03,In Review,56.1,2025-10-08,2025-10-15,,True,137,2,,,"TSK0510,TSK0626",,False,,False,0,,6.6,Medium,Critical,28.5,False,True,2,As needed,8.2,2025-05-10 18:23:19,2026-02-10 18:09:42
TSK0666,Build REST API,Build REST API for development phase of project PRJ029.,Development,PRJ029,High,Complex,12.0,10.4,3,Recruiting,Tester,Junior,,5.7,EMP094,2025-10-12,In Progress,63.8,2025-10-16,2025-10-26,,True,126,1,,,,TSK0207,False,,False,0,,,High,High,21.2,True,False,5,Weekly,1.2,2025-01-14 09:02:41,2026-02-09 16:53:05
TSK0667,Implement authentication module,Implement authentication module for development phase of project PRJ004.,Development,PRJ004,High,Complex,22.6,,8,"SAP HR,Conflict Resolution,HRIS",Developer,Mid,,7.8,EMP145,2024-08-13,Not Started,76.0,2024-08-18,2024-08-25,,False,-2,1,TSK0090,,,,False,,False,0,,6.3,Low,Medium,5,True,True,3,As needed,8.9,2024-10-15 11:32:46,2024-12-24 16:55:47
TSK0668,Build REST API,Build REST API for development phase of project PRJ053.,Development,PRJ053,Medium,Complex,16.8,20.3,2,"QuickBooks,SAP,VBA",Designer,Mid,,6.4,EMP122,,Blocked,25.9,2024-11-14,2024-11-18,,True,468,3,,,,,False,,False,0,,6.4,Low,Low,16.8,False,False,4,Bi-weekly,8.0,2025-01-15 11:36:47,2024-07-03 13:28:45
TSK0669,Update user guide,Update user guide for documentation phase of project PRJ070.,Documentation,PRJ070,Medium,Very Complex,117.9,131.6,13,"Adobe XD,Prototyping,Sketch",Developer,Junior,,4.2,,2024-08-05,Completed,100.0,2024-08-08,2024-09-01,2024-09-01,False,0,5,,,"TSK1721,TSK1003",,True,8.1,False,0,8.3,6.4,Low,Low,20.4,True,True,5,Weekly,4.1,2024-10-28 17:40:11,2024-10-06 13:05:21
TSK0670,User research,User research for research phase of project PRJ075.,Research,PRJ075,Medium,Simple,2.5,,3,"Figma,User Research,Sketch",Developer,Senior,Scrum Master,5.3,EMP179,2024-03-06,Blocked,28.7,2024-03-11,2024-03-16,,True,715,3,TSK0128,,"TSK1093,TSK1355",,True,,False,0,,8.4,High,Critical,20.7,True,False,2,Daily,6.9,2025-03-26 13:02:52,2025-06-29 14:39:37
TSK0671,Fix critical bug,Fix critical bug for development phase of project PRJ088.,Development,PRJ088,Critical,Simple,3.2,4.4,1,Financial Modeling,Developer,Senior,AWS Certified,5.1,EMP108,2025-06-10,In Review,99,2025-06-14,2025-06-21,,True,253,5,,TSK0684,,,False,,False,0,,,Low,Low,13.2,True,False,1,As needed,7.3,2024-09-03 17:32:28,2024-08-20 18:42:18
TSK0672,Process documentation,Process documentation for documentation phase of project PRJ038.,Documentation,PRJ038,High,Very Complex,57.7,,1,"Email Marketing,A/B Testing",Tester,Mid,PMP,5.8,EMP075,2024-10-22,In Progress,91.8,2024-10-26,2024-11-11,,True,475,4,,"TSK0687,TSK0684","TSK0383,TSK1695",,False,,False,0,,8.0,Medium,Critical,5,False,False,1,Bi-weekly,7.1,2025-03-12 09:03:26,2025-11-08 17:26:23
TSK0673,Write integration tests,Write integration tests for testing phase of project PRJ095.,Testing,PRJ095,Medium,Moderate,15.7,14.0,3,"Bloomberg,Financial Modeling",Tester,Junior,Scrum Master,7.1,EMP051,2024-09-20,Completed,100.0,2024-09-22,2024-09-27,2024-09-29,False,-3,2,TSK0544,,"TSK1160,TSK0195",TSK0590,False,5.7,True,1,6.5,7.4,Low,Critical,27.7,False,True,4,Bi-weekly,0.0,2024-03-16 15:47:23,2025-09-11 14:47:00
TSK0674,Build REST API,Build REST API for development phase of project PRJ066.,Development,PRJ066,Low,Moderate,12.6,,1,HubSpot,Analyst,Junior,Scrum Master,9.9,EMP176,2024-05-10,In Review,22.9,2024-05-14,2024-05-22,,True,648,5,"TSK0297,TSK0584",,,TSK0253,False,,False,0,,,Medium,Low,35.6,True,True,2,Bi-weekly,4.4,2025-03-10 18:49:21,2024-09-21 14:13:38
TSK0675,Fix critical bug,Fix critical bug for development phase of project PRJ059.,Development,PRJ059,Low,Simple,2.0,,13,"Prospecting,CRM",Analyst,Senior,,1,,2025-06-27,Blocked,83.7,2025-07-01,2025-07-04,,True,240,2,,,,TSK0338,False,,False,0,,7.5,Medium,Critical,26.4,False,True,3,Daily,2.2,2024-03-07 13:04:13,2025-04-14 18:24:23
TSK0676,Fix critical bug,Fix critical bug for development phase of project PRJ070.,Development,PRJ070,High,Moderate,12.3,,3,Content Marketing,Tester,Mid,PMP,4.9,EMP126,2024-08-09,Blocked,66.2,2024-08-12,2024-08-24,,True,554,4,"TSK0470,TSK0139",,,,False,,False,0,,6.3,High,Medium,56.4,True,True,4,As needed,2.6,2024-04-07 08:55:47,2025-12-25 12:12:37
TSK0677,Competitor analysis,Competitor analysis for research phase of project PRJ016.,Research,PRJ016,High,Complex,30.7,,2,Illustrator,Tester,Mid,,3.3,EMP047,2024-10-03,Not Started,74.8,2024-10-08,2024-10-15,,False,-1,5,,,"TSK1078,TSK1125",,False,,False,0,,9.7,High,Critical,14.5,False,False,4,As needed,0.9,2024-10-26 17:05:29,2026-02-07 12:26:04
TSK0678,Team retrospective,Team retrospective for meeting phase of project PRJ079.,Meeting,PRJ079,Low,Moderate,12.5,15.7,13,"Adobe XD,User Research,Illustrator",Developer,Senior,AWS Certified,3.0,EMP167,2025-08-04,In Progress,39.0,2025-08-07,2025-08-16,,True,197,1,TSK0192,,,TSK0454,False,,False,0,,6.7,Low,Medium,39.0,True,True,5,Bi-weekly,6.0,2025-05-02 14:03:15,2026-01-05 14:55:44
TSK0679,Fix critical bug,Fix critical bug for development phase of project PRJ004.,Development,PRJ004,Medium,Complex,45.9,37.4,13,HRIS,Designer,Junior,PMP,5.0,EMP109,2025-04-29,Blocked,29.7,2025-05-04,2025-05-13,,True,292,3,,,"TSK1686,TSK1710",,False,,True,3,,7.1,Low,Medium,14.4,False,False,1,Bi-weekly,5.8,2024-02-13 12:03:49,2024-07-01 10:17:06
TSK0680,Team retrospective,Team retrospective for meeting phase of project PRJ058.,Meeting,PRJ058,Low,Moderate,7.0,8.8,8,"Copywriting,Google Analytics,Adobe Suite",Designer,Senior,,8.3,EMP039,2024-08-09,In Progress,4.9,2024-08-10,2024-08-14,,True,564,2,,,"TSK0548,TSK1110",,False,,False,0,,4.9,Medium,High,30.7,False,False,4,As needed,2.4,2024-08-18 10:17:43,2024-08-01 18:55:46
TSK0681,Regression test suite,Regression test suite for testing phase of project PRJ076.,Testing,PRJ076,Medium,Simple,3.7,,5,"A/B Testing,Copywriting,Adobe Suite",Tester,Junior,Scrum Master,6.8,EMP014,2024-06-19,In Review,0,2024-06-24,2024-07-03,,True,606,1,,TSK0700,"TSK0980,TSK0003",,True,,False,0,,9.3,Low,Critical,31.5,False,True,2,Bi-weekly,3.1,2024-07-06 15:32:54,2025-03-25 11:00:44
TSK0682,Deploy to staging,Deploy to staging for development phase of project PRJ029.,Development,PRJ029,High,Moderate,11.6,11.5,13,"Bloomberg,Risk Analysis",Manager,Junior,Scrum Master,5.8,EMP169,2024-10-16,Not Started,88.2,2024-10-20,2024-10-29,,False,-5,3,,"TSK0700,TSK0695",,,False,,False,0,,,Medium,High,23.9,True,True,3,As needed,2.9,2024-01-19 16:07:14,2024-10-11 10:11:22
TSK0683,Competitor analysis,Competitor analysis for research phase of project PRJ048.,Research,PRJ048,Low,Simple,1.5,1.4,3,"Illustrator,Adobe XD,Figma",Designer,Mid,,5.1,EMP095,2025-01-12,Completed,100.0,2025-01-17,2025-01-19,2025-01-18,False,-3,5,TSK0515,TSK0685,,,False,6.8,False,0,8.6,9.2,High,Critical,9.3,False,False,2,Weekly,2.5,2024-07-19 11:33:28,2025-08-14 16:32:13
TSK0684,Create onboarding docs,Create onboarding docs for documentation phase of project PRJ093.,Documentation,PRJ093,High,Moderate,13.5,,2,"HRIS,Conflict Resolution",Designer,Junior,Scrum Master,3.2,EMP027,2025-04-02,In Progress,23.8,2025-04-03,2025-04-10,,True,325,5,,,"TSK1058,TSK0524",,False,,False,0,,6.8,Low,High,49.5,False,False,1,As needed,4.6,2024-06-06 14:42:40,2025-08-19 10:34:05
TSK0685,Build REST API,Build REST API for development phase of project PRJ058.,Development,PRJ058,Medium,Moderate,15.8,20.5,5,"Node.js,MongoDB",Manager,Junior,AWS Certified,8.9,EMP018,2025-11-15,Blocked,73.8,2025-11-17,2025-11-24,,True,97,5,,,,,True,,False,0,,,High,High,31.8,False,True,4,Daily,2.1,2024-11-04 08:25:15,2025-06-09 15:11:16
TSK0686,Requirements gathering,Requirements gathering for research phase of project PRJ052.,Research,PRJ052,High,Moderate,8.2,10.4,8,"User Research,Adobe XD",Tester,Junior,Scrum Master,4.0,EMP142,2025-06-16,In Progress,13.9,2025-06-19,2025-06-27,,True,247,1,,,,,False,,False,0,,5.1,Medium,Medium,14.7,False,True,3,Bi-weekly,2.3,2025-01-25 12:39:36,2025-07-07 09:45:03
TSK0687,Requirements gathering,Requirements gathering for research phase of project PRJ064.,Research,PRJ064,High,Moderate,11.6,9.3,5,Go,Tester,Junior,Scrum Master,7.3,EMP062,2025-03-12,Completed,100.0,2025-03-15,2025-03-22,2025-03-19,False,-3,4,,,"TSK0734,TSK0493",,False,8.8,True,2,7.6,9.0,Low,Critical,5,False,False,2,Daily,5.0,2024-01-07 08:01:25,2026-02-17 17:43:05
TSK0688,Performance testing,Performance testing for testing phase of project PRJ047.,Testing,PRJ047,Medium,Very Complex,113.5,148.3,1,Salesforce,Developer,Junior,,3.2,EMP112,2024-06-05,In Progress,32.5,2024-06-09,2024-07-01,,True,608,3,,"TSK0701,TSK0695","TSK0028,TSK0716",,False,,False,0,,6.5,Low,Critical,27.0,False,True,1,Daily,8.1,2025-05-11 12:02:45,2025-10-28 18:07:04
TSK0689,Requirements gathering,Requirements gathering for research phase of project PRJ025.,Research,PRJ025,Critical,Complex,32.8,,8,"Excel,Supply Chain,Lean Six Sigma",Developer,Senior,,1,EMP133,2024-03-07,Blocked,28.7,2024-03-11,2024-03-22,,True,709,3,"TSK0054,TSK0574",,"TSK1525,TSK1082",,False,,False,0,,7.3,Low,High,6.0,False,True,2,As needed,3.5,2024-11-11 15:04:39,2024-12-09 15:41:54
TSK0690,Refactor database layer,Refactor database layer for development phase of project PRJ088.,Development,PRJ088,Critical,Moderate,9.5,,13,"Google Analytics,Adobe Suite",Developer,Mid,PMP,6.6,,2025-01-20,Blocked,99,2025-01-24,2025-01-29,,True,396,2,,,"TSK0738,TSK0060",,False,,True,1,,6.9,Medium,High,49.8,False,True,4,Weekly,8.3,2025-05-02 17:44:15,2026-01-19 09:59:38
TSK0691,Performance testing,Performance testing for testing phase of project PRJ063.,Testing,PRJ063,Medium,Moderate,14.5,,5,Node.js,Manager,Senior,PMP,6.3,EMP005,2024-06-03,Blocked,0,2024-06-05,2024-06-10,,True,629,5,TSK0648,,,TSK0225,False,,False,0,,,Low,Medium,49.2,True,True,2,Weekly,4.9,2024-01-14 11:19:24,2025-01-09 11:47:56
TSK0692,Create wireframes,Create wireframes for design phase of project PRJ066.,Design,PRJ066,Medium,Complex,40.9,37.8,13,Java,Analyst,Mid,AWS Certified,3.4,EMP086,2025-07-16,Completed,100.0,2025-07-19,2025-08-02,2025-08-06,False,0,4,,,"TSK0219,TSK1147",,False,8.7,False,0,7.2,6.5,High,High,6.5,True,True,5,Daily,3.5,2024-04-26 12:17:27,2025-07-22 09:56:38
TSK0693,Stakeholder review,Stakeholder review for meeting phase of project PRJ077.,Meeting,PRJ077,Medium,Simple,1.3,,2,"Power BI,ERP",Designer,Mid,PMP,2.8,EMP142,2025-01-05,Not Started,52.8,2025-01-07,2025-01-15,,False,-1,2,,,,,False,,False,0,,6.2,Medium,High,22.8,False,True,4,Weekly,5.5,2024-08-27 14:13:45,2025-05-10 16:03:42
TSK0694,UAT coordination,UAT coordination for testing phase of project PRJ097.,Testing,PRJ097,Medium,Simple,2.1,1.6,5,"HubSpot,Negotiation",Manager,Junior,Scrum Master,4.4,EMP114,2024-12-15,In Progress,56.4,2024-12-19,2024-12-27,,True,429,1,,,,,False,,False,0,,7.9,Medium,Medium,50.7,False,False,4,Bi-weekly,0.2,2025-04-03 12:28:17,2024-06-29 15:12:39
TSK0695,Feasibility study,Feasibility study for research phase of project PRJ020.,Research,PRJ020,Medium,Moderate,13.0,,1,Email Marketing,Analyst,Junior,AWS Certified,6.9,EMP063,2025-08-25,In Review,13.5,2025-08-26,2025-08-30,,True,183,4,,"TSK0703,TSK0705","TSK0099,TSK1825",,False,,False,0,,,Low,High,25.2,True,False,3,Weekly,0.2,2025-01-03 14:39:06,2025-03-10 14:43:06
TSK0696,Market sizing,Market sizing for research phase of project PRJ088.,Research,PRJ088,Critical,Very Complex,61.6,52.9,1,"Recruiting,Training,Employment Law",Analyst,Senior,,6.3,EMP069,2025-06-12,Completed,100.0,2025-06-14,2025-06-30,2025-07-04,False,-4,1,,,"TSK0075,TSK1958",,False,5.9,True,2,7.6,,Low,Low,45.8,False,True,5,Daily,3.8,2024-11-14 16:08:54,2025-09-23 10:12:41
TSK0697,Build REST API,Build REST API for development phase of project PRJ077.,Development,PRJ077,High,Moderate,4.2,,13,"Docker,TypeScript",Manager,Junior,,4.5,EMP002,2024-09-09,In Review,0,2024-09-13,2024-09-20,,True,527,1,,,"TSK0122,TSK0537",TSK0150,False,,False,0,,8.0,Low,High,47.5,False,True,2,Bi-weekly,2.1,2024-05-24 10:26:48,2025-06-10 12:37:13
TSK0698,Add unit tests,Add unit tests for development phase of project PRJ098.,Development,PRJ098,Medium,Simple,3.9,5.2,5,Conflict Resolution,Analyst,Junior,AWS Certified,6.4,EMP112,2025-01-12,Completed,100.0,2025-01-13,2025-01-16,2025-01-19,False,-1,2,TSK0118,,,TSK0051,False,5.8,False,0,6.2,7.9,Low,High,67.0,True,True,4,Weekly,5.4,2024-07-06 10:12:33,2025-02-21 11:23:54
TSK0699,Technology evaluation,Technology evaluation for research phase of project PRJ078.,Research,PRJ078,Critical,Simple,2.9,,3,"HRIS,Employment Law",Designer,Senior,,3.1,EMP124,2025-07-25,In Review,0,2025-07-29,2025-08-02,,True,211,2,,,,,True,,False,0,,9.1,Low,Low,30.8,False,False,4,Bi-weekly,7.9,2024-09-25 10:04:19,2025-03-22 16:13:52
TSK0700,KPI review,KPI review for analysis phase of project PRJ043.,Analysis,PRJ043,Medium,Complex,23.9,21.6,3,Email Marketing,Manager,Junior,PMP,7.9,EMP144,2025-09-30,Completed,100.0,2025-10-05,2025-10-13,2025-10-14,False,-4,5,TSK0697,,"TSK1658,TSK1460",TSK0156,False,7.9,False,0,9.1,,Low,High,17.7,False,True,1,Daily,5.5,2024-03-19 08:51:13,2024-06-21 10:11:56
TSK0701,Code review,Code review for development phase of project PRJ092.,Development,PRJ092,Low,Moderate,15.5,12.8,5,"Go,Rust",Tester,Mid,,6.2,EMP091,2025-02-27,Not Started,32.3,2025-03-03,2025-03-15,,False,-1,2,TSK0274,,,,False,,False,0,,8.4,Low,Medium,30.0,True,True,2,Weekly,9.1,2025-02-06 11:21:22,2025-03-03 14:39:43
TSK0702,Refactor database layer,Refactor database layer for development phase of project PRJ027.,Development,PRJ027,Low,Moderate,12.8,9.7,3,QuickBooks,Developer,Senior,,4.4,EMP046,2024-12-10,In Progress,16.1,2024-12-15,2024-12-26,,True,430,1,TSK0221,,"TSK1244,TSK0161",,False,,False,0,,5.9,Medium,Critical,15.8,False,False,5,Weekly,6.7,2024-04-20 17:41:07,2026-01-03 12:35:52
TSK0703,Design critique,Design critique for meeting phase of project PRJ059.,Meeting,PRJ059,Medium,Simple,1.7,1.9,2,"A/B Testing,SEO,Social Media",Analyst,Senior,,4.3,EMP127,2024-02-05,Not Started,45.9,2024-02-06,2024-02-10,,False,-5,3,,,"TSK1459,TSK1375",TSK0364,False,,True,3,,5.5,Medium,High,36.3,False,True,5,As needed,7.3,2024-10-24 11:05:01,2025-05-15 13:28:31
TSK0704,Deploy to staging,Deploy to staging for development phase of project PRJ085.,Development,PRJ085,Low,Simple,1.2,,3,"HRIS,Workday,Employment Law",Manager,Junior,,6.2,EMP141,2024-02-11,In Progress,51.3,2024-02-12,2024-02-22,,True,738,5,,,,,False,,False,0,,,High,Low,24.2,False,False,3,Daily,2.9,2025-01-01 08:35:22,2024-06-15 18:05:45
TSK0705,User testing,User testing for design phase of project PRJ087.,Design,PRJ087,Medium,Complex,37.7,44.5,13,"Communication,Negotiation",Analyst,Senior,,5.5,EMP106,2025-02-25,Blocked,82.0,2025-02-28,2025-03-12,,True,354,1,TSK0550,,"TSK1685,TSK1500",,False,,False,0,,10,High,Medium,16.6,False,False,4,Weekly,0.2,2024-04-10 16:41:35,2024-09-13 10:09:19
TSK0706,Metrics dashboard,Metrics dashboard for analysis phase of project PRJ099.,Analysis,PRJ099,Medium,Simple,1.8,,13,"Excel,Bloomberg,SAP",Designer,Junior,,5.1,EMP196,2025-09-10,In Progress,99,2025-09-11,2025-09-20,,True,162,1,"TSK0057,TSK0139",,"TSK0483,TSK0958",,True,,False,0,,8.0,Medium,Medium,43.6,False,True,1,Daily,3.2,2024-09-02 11:01:00,2024-12-22 10:21:24
TSK0707,Create onboarding docs,Create onboarding docs for documentation phase of project PRJ054.,Documentation,PRJ054,Medium,Complex,45.0,37.5,5,"QuickBooks,Financial Modeling,Risk Analysis",Tester,Junior,,4.3,EMP059,2024-03-08,Not Started,58.5,2024-03-12,2024-03-22,,False,-1,3,,,,,False,,False,0,,7.8,High,Medium,64.9,False,False,3,Bi-weekly,1.7,2024-05-18 11:08:56,2025-04-29 18:13:53
TSK0708,Performance testing,Performance testing for testing phase of project PRJ066.,Testing,PRJ066,High,Complex,41.7,42.2,2,Risk Analysis,Analyst,Mid,,4.4,EMP113,2024-08-03,Blocked,14.1,2024-08-04,2024-08-16,,True,562,5,TSK0332,,,,False,,True,3,,,High,High,35.3,False,True,1,Bi-weekly,1.3,2025-02-10 11:52:59,2025-07-29 12:10:29
TSK0709,Icon set design,Icon set design for design phase of project PRJ094.,Design,PRJ094,Low,Very Complex,66.6,78.5,5,"Conflict Resolution,Workday",Tester,Senior,,1.1,EMP197,2024-07-24,In Review,40.7,2024-07-26,2024-08-14,,True,564,4,TSK0136,,,,False,,False,0,,,Low,High,29.2,False,True,1,Bi-weekly,1.2,2025-04-15 13:27:07,2025-07-31 08:50:13
TSK0710,Write API docs,Write API docs for documentation phase of project PRJ037.,Documentation,PRJ037,Medium,Moderate,12.3,8.9,8,Project Management,Tester,Senior,PMP,6.7,EMP104,2024-07-06,Completed,100.0,2024-07-07,2024-07-13,2024-07-15,False,0,5,,,,,False,6.9,False,0,8.7,10,Medium,Low,35.6,False,True,2,Weekly,8.7,2025-01-06 18:36:53,2025-05-05 09:44:43
TSK0711,Design landing page,Design landing page for design phase of project PRJ076.,Design,PRJ076,High,Very Complex,33.2,,13,"QuickBooks,Excel,Risk Analysis",Manager,Senior,,5.3,EMP058,2024-07-24,In Progress,0,2024-07-28,2024-08-07,,True,571,3,,,,,False,,False,0,,,Low,Medium,13.6,False,False,4,Bi-weekly,1.0,2024-09-18 18:16:50,2025-11-04 14:21:29
TSK0712,Regression test suite,Regression test suite for testing phase of project PRJ026.,Testing,PRJ026,Low,Moderate,13.8,14.8,2,"HubSpot,CRM,Communication",Manager,Junior,,3.9,EMP113,2025-11-20,Completed,100.0,2025-11-23,2025-12-05,2025-12-03,False,0,3,,TSK0727,"TSK0931,TSK1543",TSK0586,True,7.6,False,0,7.5,,Medium,High,41.3,True,False,4,Daily,8.3,2024-06-19 17:35:56,2024-06-07 10:45:33
TSK0713,Performance testing,Performance testing for testing phase of project PRJ084.,Testing,PRJ084,Medium,Very Complex,101.7,77.3,2,A/B Testing,Manager,Senior,PMP,6.6,EMP190,2024-08-05,Completed,100.0,2024-08-06,2024-08-30,2024-09-01,False,-1,2,,,"TSK0264,TSK0738",,False,8.6,True,3,6.7,,Medium,Medium,20.4,False,True,3,Bi-weekly,7.1,2025-02-24 16:17:51,2025-10-04 09:52:12
TSK0714,Create mockups,Create mockups for design phase of project PRJ088.,Design,PRJ088,Critical,Simple,3.7,4.9,3,Excel,Manager,Senior,,7.2,EMP088,2025-10-25,Not Started,77.6,2025-10-26,2025-10-29,,False,0,3,,,,TSK0117,False,,True,2,,9.2,Medium,Critical,31.1,False,True,1,Weekly,4.5,2025-02-10 16:37:11,2025-09-18 16:57:40
TSK0715,Release notes,Release notes for documentation phase of project PRJ072.,Documentation,PRJ072,Medium,Moderate,13.3,18.2,13,Google Analytics,Designer,Mid,Scrum Master,5.8,EMP114,2025-09-21,Completed,100.0,2025-09-22,2025-09-29,2025-09-27,False,0,5,TSK0221,TSK0725,,,False,8.3,False,0,5.7,7.2,High,Critical,26.4,False,True,2,Bi-weekly,5.6,2024-08-14 12:37:59,2024-06-17 08:59:05
TSK0716,Update user guide,Update user guide for documentation phase of project PRJ058.,Documentation,PRJ058,Medium,Complex,33.9,,5,Python,Developer,Senior,,5.6,EMP023,2024-09-16,In Progress,0,2024-09-21,2024-09-29,,True,518,5,"TSK0319,TSK0707",,,,False,,True,3,,6.9,Low,High,24.5,False,True,3,Bi-weekly,4.4,2024-11-12 15:48:29,2024-11-23 09:50:14
TSK0717,Performance report,Performance report for analysis phase of project PRJ074.,Analysis,PRJ074,Medium,Simple,3.9,2.8,13,Copywriting,Manager,Junior,AWS Certified,3.8,EMP150,2024-03-14,In Progress,0,2024-03-17,2024-03-25,,True,706,1,,,,,False,,False,0,,7.7,Medium,Low,12.3,False,False,4,Daily,8.3,2024-06-11 14:20:24,2025-05-21 14:54:58
TSK0718,Team retrospective,Team retrospective for meeting phase of project PRJ036.,Meeting,PRJ036,Low,Moderate,8.7,8.9,13,"Figma,Prototyping,Sketch",Designer,Mid,,2.4,EMP005,,Completed,100.0,2024-04-24,2024-04-28,2024-04-28,False,-2,1,,,"TSK1459,TSK1876",,False,7.2,False,0,5.9,7.6,High,High,5,False,True,5,Weekly,7.5,2024-09-15 11:17:09,2024-11-12 17:38:55
TSK0719,Kickoff meeting,Kickoff meeting for meeting phase of project PRJ064.,Meeting,PRJ064,Medium,Simple,3.5,,2,Google Analytics,Developer,Junior,,4.2,EMP003,,Not Started,18.8,2024-09-03,2024-09-08,,False,-4,5,"TSK0044,TSK0348",,"TSK1515,TSK1673",,False,,False,0,,9.4,Low,Critical,27.6,False,True,5,Daily,7.8,2024-04-24 16:48:12,2025-11-17 14:56:17
TSK0720,Release notes,Release notes for documentation phase of project PRJ097.,Documentation,PRJ097,Medium,Moderate,8.9,6.7,8,"Risk Analysis,VBA",Developer,Senior,,2.4,EMP118,2025-01-31,Completed,100.0,2025-02-02,2025-02-12,2025-02-09,False,0,4,,,"TSK1705,TSK0336",,True,6.7,False,0,4.8,6.8,High,Critical,42.4,False,True,3,As needed,1.6,2024-10-29 16:05:34,2025-12-02 16:42:52
TSK0721,Market sizing,Market sizing for research phase of project PRJ057.,Research,PRJ057,Medium,Moderate,8.4,6.5,2,CRM,Developer,Mid,,4.5,EMP184,2024-04-21,Not Started,32.4,2024-04-25,2024-05-01,,False,-3,5,,,,,False,,False,0,,,Medium,Medium,17.8,True,True,5,Daily,2.4,2024-11-22 12:19:25,2025-10-26 12:51:57
TSK0722,User testing,User testing for design phase of project PRJ098.,Design,PRJ098,Low,Simple,3.2,,13,"Python,JavaScript",Manager,Junior,,6.8,EMP184,2024-10-25,Not Started,47.1,2024-10-30,2024-11-07,,False,-2,5,,,,,False,,False,0,,5.1,Low,Low,33.1,True,False,5,Daily,1.4,2024-01-27 13:29:48,2026-01-26 13:23:01
TSK0723,Add unit tests,Add unit tests for development phase of project PRJ008.,Development,PRJ008,High,Moderate,4.9,6.4,2,CRM,Developer,Senior,,6.3,EMP128,2025-01-24,Completed,100.0,2025-01-26,2025-01-31,2025-02-01,False,-4,1,TSK0658,,"TSK1499,TSK0572",,False,8.2,False,0,6.1,,Low,Critical,47.8,False,True,5,Bi-weekly,9.4,2025-02-01 16:20:13,2024-12-08 12:07:48
TSK0724,Regression test suite,Regression test suite for testing phase of project PRJ065.,Testing,PRJ065,Medium,Moderate,15.7,,13,"Employment Law,Workday",Designer,Senior,Scrum Master,3.6,EMP163,2024-02-03,Blocked,22.2,2024-02-06,2024-02-17,,True,743,4,,,,,False,,False,0,,,Medium,Low,49.2,False,True,1,Bi-weekly,2.8,2025-05-04 18:31:28,2025-04-04 15:26:49
TSK0725,User testing,User testing for design phase of project PRJ075.,Design,PRJ075,Medium,Complex,46.3,,5,"Photoshop,User Research,Illustrator",Designer,Junior,,6.2,EMP015,2025-03-22,Not Started,0,2025-03-25,2025-04-05,,False,-2,4,,,"TSK0677,TSK0190",TSK0415,False,,True,1,,6.9,Medium,Medium,36.2,False,False,2,Weekly,6.3,2025-05-28 18:53:30,2026-03-01 08:34:47
TSK0726,Metrics dashboard,Metrics dashboard for analysis phase of project PRJ094.,Analysis,PRJ094,Medium,Moderate,7.8,,1,"SAP,Excel",Analyst,Junior,Scrum Master,5.4,EMP090,2025-02-18,Not Started,47.8,2025-02-23,2025-02-26,,False,0,1,,,,TSK0201,True,,False,0,,,High,Medium,60.4,True,False,4,Daily,0.8,2024-03-23 16:03:03,2024-10-25 09:47:17
TSK0727,Release notes,Release notes for documentation phase of project PRJ067.,Documentation,PRJ067,Low,Complex,47.1,47.6,1,"Salesforce,Excel,HubSpot",Tester,Senior,,8.7,EMP176,2024-12-02,In Review,74.9,2024-12-06,2024-12-20,,True,436,4,,,,,False,,True,3,,5.4,Medium,High,30.9,False,False,2,As needed,0.5,2024-05-27 12:58:19,2025-07-07 17:33:17
TSK0728,Performance testing,Performance testing for testing phase of project PRJ073.,Testing,PRJ073,Medium,Complex,13.0,12.6,13,"ERP,Supply Chain",Developer,Junior,,2.9,EMP107,2024-01-26,Not Started,61.3,2024-01-29,2024-02-06,,False,-5,4,,,,,False,,False,0,,8.0,High,Low,22.5,True,True,2,Daily,3.4,2024-04-08 10:41:43,2025-11-02 13:05:13
TSK0729,Feasibility study,Feasibility study for research phase of project PRJ066.,Research,PRJ066,Medium,Moderate,14.1,16.5,2,"Java,FastAPI,TypeScript",Analyst,Mid,PMP,4.5,EMP128,2024-08-21,Completed,100.0,2024-08-23,2024-09-03,2024-09-02,False,-2,1,,,"TSK0127,TSK1674",,False,8.5,False,0,9.1,,High,High,37.4,False,True,4,As needed,2.4,2024-12-30 16:21:34,2024-11-26 09:39:27
TSK0730,Architecture review,Architecture review for meeting phase of project PRJ036.,Meeting,PRJ036,High,Complex,34.1,,2,"Bloomberg,Financial Modeling,VBA",Manager,Senior,Scrum Master,4.8,EMP094,2024-04-03,Blocked,20.2,2024-04-05,2024-04-14,,True,686,1,,,,,False,,False,0,,,Medium,Low,70.6,True,False,3,As needed,8.0,2025-05-13 11:07:43,2024-07-13 10:19:10
TSK0731,Requirements gathering,Requirements gathering for research phase of project PRJ038.,Research,PRJ038,Medium,Complex,27.5,,3,"Python,SQL,React",Developer,Junior,,3.3,EMP182,2025-03-09,In Progress,72.7,2025-03-13,2025-03-27,,True,339,3,TSK0621,"TSK0737,TSK0735",,,False,,True,1,,,High,High,19.6,False,True,4,Bi-weekly,5.8,2024-01-03 18:40:07,2025-12-29 14:42:40
TSK0732,Root cause analysis,Root cause analysis for analysis phase of project PRJ035.,Analysis,PRJ035,Medium,Complex,37.6,,1,"Excel,Risk Analysis",Developer,Mid,,5.6,EMP031,2024-12-03,In Review,75.0,2024-12-07,2024-12-15,,True,441,2,"TSK0393,TSK0051",,"TSK0586,TSK0963",,False,,True,1,,8.1,Medium,Low,5,False,False,2,Daily,7.9,2025-03-04 13:03:47,2025-07-18 16:33:40
TSK0733,Team retrospective,Team retrospective for meeting phase of project PRJ065.,Meeting,PRJ065,Medium,Complex,40.0,41.0,1,"User Research,Sketch",Developer,Senior,PMP,1,EMP090,2024-05-01,In Progress,22.9,2024-05-04,2024-05-18,,True,652,1,,,,,False,,False,0,,3.9,High,High,16.9,False,False,1,Bi-weekly,1.7,2025-06-01 12:00:01,2024-06-06 08:53:44
TSK0734,Implement authentication module,Implement authentication module for development phase of project PRJ028.,Development,PRJ028,High,Very Complex,53.7,56.8,13,"Excel,Communication",Analyst,Mid,,3.8,EMP049,2024-04-05,Completed,100.0,2024-04-09,2024-04-19,2024-04-18,False,-4,4,TSK0276,,"TSK1104,TSK0864",,False,5.8,False,0,7.6,6.6,Low,Low,48.5,True,False,5,As needed,1.6,2024-10-01 15:38:48,2025-01-31 17:13:40
TSK0735,Design landing page,Design landing page for design phase of project PRJ039.,Design,PRJ039,Medium,Moderate,7.4,,8,"Google Analytics,Email Marketing,Copywriting",Manager,Junior,Scrum Master,5.2,EMP180,2025-11-19,In Progress,74.8,2025-11-22,2025-12-01,,True,90,2,,,"TSK0795,TSK1098",,False,,False,0,,7.9,High,Low,30.7,False,False,1,Bi-weekly,1.8,2024-08-19 10:25:47,2025-03-14 13:29:02
TSK0736,Fix critical bug,Fix critical bug for development phase of project PRJ061.,Development,PRJ061,High,Very Complex,116.5,100.2,2,"Copywriting,Google Analytics",Tester,Senior,Scrum Master,6.9,EMP050,2025-11-06,In Progress,77.3,2025-11-07,2025-11-28,,True,93,1,,,,,False,,False,0,,8.6,High,High,5,True,False,5,Weekly,5.5,2024-05-12 09:45:01,2025-10-06 13:32:27
TSK0737,Load testing,Load testing for testing phase of project PRJ029.,Testing,PRJ029,Medium,Complex,12.8,11.8,1,"Recruiting,Employment Law,SAP HR",Designer,Junior,,7.7,EMP129,2025-01-16,Completed,100.0,2025-01-21,2025-01-28,2025-01-29,False,-4,1,,,,,False,6.9,False,0,6.6,7.0,Low,Medium,44.6,False,True,1,As needed,3.7,2024-09-08 12:47:18,2026-02-22 09:46:54
TSK0738,Metrics dashboard,Metrics dashboard for analysis phase of project PRJ006.,Analysis,PRJ006,Medium,Moderate,6.8,,8,"CRM,Prospecting",Developer,Junior,AWS Certified,6.4,EMP114,2024-03-24,Blocked,7.5,2024-03-28,2024-04-02,,True,698,4,"TSK0463,TSK0682",TSK0746,"TSK0655,TSK0932",,False,,False,0,,7.5,Low,High,39.1,False,True,1,Daily,7.5,2024-04-02 11:15:03,2024-11-20 09:17:52
TSK0739,Create onboarding docs,Create onboarding docs for documentation phase of project PRJ076.,Documentation,PRJ076,Low,Very Complex,37.2,47.8,5,"Go,Node.js,Kubernetes",Manager,Senior,Scrum Master,6.5,EMP143,2025-08-04,In Progress,7.3,2025-08-07,2025-08-17,,True,196,1,,,"TSK0402,TSK0423",,False,,False,0,,8.1,Medium,Low,5.2,False,False,5,Daily,2.9,2025-04-17 09:38:11,2026-02-14 08:55:32
TSK0740,Impact assessment,Impact assessment for analysis phase of project PRJ029.,Analysis,PRJ029,Medium,Moderate,5.6,5.3,5,"Employment Law,Training,Recruiting",Manager,Mid,PMP,4.7,EMP035,2025-04-23,Completed,100.0,2025-04-26,2025-05-06,2025-05-07,False,-5,5,,,,,False,5.9,True,3,9.9,7.1,Medium,Critical,7.1,False,False,5,Daily,0.4,2025-04-18 13:02:46,2025-07-27 16:08:12
TSK0741,Stakeholder review,Stakeholder review for meeting phase of project PRJ094.,Meeting,PRJ094,Medium,Moderate,14.1,,2,"Google Analytics,Social Media",Designer,Junior,,5.1,EMP129,2024-10-13,In Progress,0,2024-10-16,2024-10-21,,True,496,2,,,"TSK0899,TSK1394",,False,,False,0,,,Low,Medium,64.4,False,True,3,Bi-weekly,7.8,2025-05-26 14:39:48,2025-01-10 08:32:33
TSK0742,Write API docs,Write API docs for documentation phase of project PRJ028.,Documentation,PRJ028,Medium,Complex,27.8,33.6,3,"Adobe Suite,SEO,Content Marketing",Manager,Junior,PMP,4.6,EMP170,2025-11-16,Blocked,0,2025-11-19,2025-11-25,,True,96,4,,,,,False,,False,0,,,High,Low,44.9,False,True,4,As needed,1.8,2024-01-12 16:38:24,2024-11-15 16:42:31
TSK0743,Fix critical bug,Fix critical bug for development phase of project PRJ011.,Development,PRJ011,High,Simple,3.5,,3,"TypeScript,Python",Developer,Junior,,4.7,EMP020,2025-04-03,In Review,55.3,2025-04-04,2025-04-06,,True,329,1,,,,,False,,False,0,,10,Medium,Low,49.2,False,True,4,Bi-weekly,9.1,2024-10-12 14:53:22,2025-06-08 12:20:05
TSK0744,Data analysis,Data analysis for analysis phase of project PRJ024.,Analysis,PRJ024,Critical,Complex,45.6,,8,HRIS,Tester,Junior,,2.9,EMP007,2024-10-31,In Review,66.6,2024-11-04,2024-11-14,,True,472,3,,,,,False,,True,2,,7.4,High,Critical,5,False,True,1,Bi-weekly,8.0,2024-06-02 12:54:17,2025-12-13 14:17:49
TSK0745,Update user guide,Update user guide for documentation phase of project PRJ009.,Documentation,PRJ009,High,Moderate,8.2,9.0,13,Bloomberg,Manager,Mid,AWS Certified,5.3,EMP097,2024-07-17,Not Started,33.7,2024-07-20,2024-07-28,,False,-5,1,,,"TSK1457,TSK0053",,False,,False,0,,,High,Low,5,True,True,2,Weekly,5.7,2024-06-04 18:15:52,2025-07-06 10:20:37
TSK0746,Brand refresh,Brand refresh for design phase of project PRJ018.,Design,PRJ018,High,Moderate,9.9,7.7,8,"Rust,PostgreSQL",Tester,Mid,,8.5,EMP198,2025-09-13,Not Started,63.4,2025-09-14,2025-09-19,,False,0,3,,,"TSK0289,TSK1256",,False,,False,0,,6.5,High,High,16.1,True,True,3,Weekly,3.5,2024-06-20 16:54:29,2024-10-19 12:22:44
TSK0747,Impact assessment,Impact assessment for analysis phase of project PRJ082.,Analysis,PRJ082,Low,Moderate,15.2,,13,"Financial Modeling,Excel,Bloomberg",Manager,Junior,AWS Certified,4.4,EMP043,2025-03-31,Not Started,54.9,2025-04-02,2025-04-13,,False,-1,1,"TSK0658,TSK0292",,,TSK0163,True,,False,0,,7.8,High,Medium,5,True,True,3,Bi-weekly,10.0,2025-05-11 16:17:30,2025-05-22 17:00:17
TSK0748,Load testing,Load testing for testing phase of project PRJ060.,Testing,PRJ060,Medium,Simple,2.3,,2,Email Marketing,Tester,Mid,,7.1,EMP009,2024-12-15,In Progress,34.9,2024-12-18,2024-12-27,,True,429,5,"TSK0327,TSK0006",,"TSK1469,TSK1114",,True,,False,0,,6.4,Medium,Critical,45.5,True,False,2,Weekly,0.3,2024-07-18 18:53:28,2025-08-29 09:16:39
TSK0749,Data analysis,Data analysis for analysis phase of project PRJ037.,Analysis,PRJ037,Medium,Moderate,7.4,,8,"CRM,HubSpot,Excel",Tester,Mid,,8.2,EMP193,2024-04-26,In Review,38.3,2024-04-29,2024-05-07,,True,663,2,,TSK0753,,,False,,False,0,,6.6,High,Medium,5,True,True,1,Daily,8.0,2024-06-20 10:30:38,2025-12-27 10:54:23
TSK0750,Performance report,Performance report for analysis phase of project PRJ060.,Analysis,PRJ060,Medium,Complex,41.8,36.5,1,ERP,Analyst,Mid,,2.4,EMP009,2025-11-09,Blocked,44.4,2025-11-14,2025-11-26,,True,95,2,,"TSK0768,TSK0761","TSK0757,TSK1684",,False,,False,0,,5.7,Medium,Low,32.1,False,True,4,Daily,0.2,2025-04-12 12:36:17,2024-09-21 09:49:28
TSK0751,Add unit tests,Add unit tests for development phase of project PRJ048.,Development,PRJ048,Critical,Complex,20.4,,1,User Research,Tester,Senior,PMP,3.9,EMP158,2025-05-14,In Review,61.5,2025-05-15,2025-05-23,,True,282,4,,,"TSK1925,TSK1346",TSK0750,False,,False,0,,,Medium,High,32.7,False,True,4,Daily,0.4,2024-03-31 17:51:05,2024-07-19 11:23:12
TSK0752,Create wireframes,Create wireframes for design phase of project PRJ052.,Design,PRJ052,High,Very Complex,86.2,,2,"Prototyping,Illustrator,User Research",Developer,Senior,Scrum Master,4.2,EMP096,2024-07-20,Not Started,46.1,2024-07-25,2024-08-14,,False,-5,1,,,"TSK1254,TSK0526",,False,,False,0,,,Medium,High,21.4,False,True,4,As needed,3.1,2024-05-02 12:14:05,2025-01-10 15:57:16
TSK0753,Refactor database layer,Refactor database layer for development phase of project PRJ098.,Development,PRJ098,High,Complex,32.4,42.9,13,"Email Marketing,Google Analytics",Analyst,Junior,,3.4,EMP061,2024-01-04,Not Started,17.9,2024-01-05,2024-01-18,,False,-3,2,,,,,False,,False,0,,6.7,High,Medium,90,False,True,1,Daily,0.3,2024-01-06 14:37:20,2025-07-16 17:34:05
TSK0754,Create onboarding docs,Create onboarding docs for documentation phase of project PRJ069.,Documentation,PRJ069,High,Simple,3.9,,3,"Docker,Python",Developer,Junior,PMP,6.2,EMP180,2024-06-20,In Progress,38.9,2024-06-21,2024-06-29,,True,610,4,TSK0453,,"TSK0673,TSK0441",,False,,False,0,,7.0,Medium,Medium,23.0,False,False,4,As needed,7.3,2024-12-06 12:56:36,2025-02-07 12:58:29
TSK0755,Release notes,Release notes for documentation phase of project PRJ014.,Documentation,PRJ014,High,Complex,26.8,,13,"SQL,Python,PostgreSQL",Developer,Junior,,4.5,EMP021,2025-04-21,Blocked,71.7,2025-04-25,2025-05-09,,True,296,4,,,,,False,,True,3,,,Medium,High,43.9,False,False,1,Daily,2.5,2024-05-22 13:38:28,2025-07-27 13:31:05
TSK0756,Design landing page,Design landing page for design phase of project PRJ044.,Design,PRJ044,Medium,Complex,31.6,34.7,13,Power BI,Developer,Mid,,6.4,,2024-12-22,Completed,100.0,2024-12-27,2025-01-04,2025-01-05,False,-1,5,,,"TSK1590,TSK1948",,False,7.3,True,2,9.3,6.6,High,Low,67.4,False,True,4,As needed,3.6,2024-06-04 12:41:19,2024-12-04 08:53:15
TSK0757,Build REST API,Build REST API for development phase of project PRJ099.,Development,PRJ099,Medium,Moderate,9.9,13.3,1,"Salesforce,Negotiation",Manager,Junior,,3.7,EMP122,2025-07-20,Completed,100.0,2025-07-24,2025-07-28,2025-07-28,False,-5,1,,TSK0769,,TSK0069,False,6.0,True,1,4.1,5.6,Medium,Low,40.8,False,True,4,Daily,0.8,2024-05-11 11:12:41,2024-10-14 18:40:58
TSK0758,Build REST API,Build REST API for development phase of project PRJ007.,Development,PRJ007,Low,Complex,36.6,32.7,1,"Adobe XD,User Research",Developer,Senior,,7.7,EMP140,2025-02-10,Not Started,77.6,2025-02-12,2025-02-27,,False,-5,3,,,,,False,,False,0,,4.3,High,Critical,28.9,False,True,4,Weekly,6.5,2024-08-02 08:13:08,2024-11-12 09:27:48
TSK0759,Create onboarding docs,Create onboarding docs for documentation phase of project PRJ092.,Documentation,PRJ092,High,Simple,1.0,0.8,1,"CRM,Salesforce",Analyst,Mid,PMP,9.9,EMP173,2024-12-03,Blocked,58.5,2024-12-08,2024-12-15,,True,441,4,,,,,True,,True,1,,,Medium,Low,30.0,False,True,4,Bi-weekly,1.2,2025-03-31 13:24:22,2026-02-24 10:13:00
TSK0760,Fix critical bug,Fix critical bug for development phase of project PRJ017.,Development,PRJ017,Low,Very Complex,41.6,31.8,13,"Excel,Power BI,Supply Chain",Tester,Junior,,4.4,EMP092,2024-11-10,Completed,100.0,2024-11-14,2024-11-25,2024-11-26,False,0,2,,,,,True,7.4,False,0,4.8,6.3,Low,Critical,15.9,False,False,2,Daily,0.4,2024-02-11 17:55:07,2024-07-02 18:49:16
TSK0761,Feasibility study,Feasibility study for research phase of project PRJ005.,Research,PRJ005,Low,Moderate,11.8,,13,"ERP,Lean Six Sigma,Supply Chain",Tester,Senior,,4.3,EMP006,2025-01-27,Not Started,35.0,2025-01-31,2025-02-09,,False,-5,5,TSK0186,,"TSK0948,TSK0969",,False,,False,0,,9.4,High,Medium,8.9,False,True,4,Weekly,7.6,2024-06-19 18:49:18,2025-05-17 18:15:16
TSK0762,Technology evaluation,Technology evaluation for research phase of project PRJ034.,Research,PRJ034,Medium,Complex,43.4,,13,Communication,Tester,Senior,,4.8,EMP143,2025-06-02,Not Started,38.8,2025-06-05,2025-06-18,,False,-5,4,,,,,False,,False,0,,8.3,Medium,Low,40.0,False,True,5,Daily,2.7,2024-05-12 15:25:50,2025-03-16 18:25:07
TSK0763,Root cause analysis,Root cause analysis for analysis phase of project PRJ017.,Analysis,PRJ017,Medium,Complex,23.6,28.7,13,"Node.js,FastAPI",Developer,Senior,AWS Certified,5.9,EMP114,2024-05-25,In Review,23.2,2024-05-30,2024-06-09,,True,630,5,"TSK0573,TSK0405","TSK0774,TSK0770","TSK1915,TSK1401",,False,,False,0,,7.6,High,High,26.4,True,True,5,Bi-weekly,5.3,2024-11-25 13:00:23,2024-07-08 14:32:07
TSK0764,Performance testing,Performance testing for testing phase of project PRJ013.,Testing,PRJ013,High,Moderate,5.6,5.2,3,"Prospecting,Communication,Salesforce",Developer,Junior,,5.3,EMP181,2025-10-09,Blocked,38.1,2025-10-11,2025-10-19,,True,133,2,"TSK0607,TSK0617",,,,True,,False,0,,8.9,High,High,47.7,False,True,2,Daily,9.6,2024-09-07 08:35:36,2025-11-15 17:45:14
TSK0765,Add unit tests,Add unit tests for development phase of project PRJ073.,Development,PRJ073,High,Complex,18.7,15.2,13,"Supply Chain,Excel,Lean Six Sigma",Designer,Mid,Scrum Master,2.6,,2024-11-07,Not Started,57.6,2024-11-12,2024-11-18,,False,-1,4,,,"TSK1225,TSK0717",,True,,False,0,,,Medium,High,57.2,False,True,2,Bi-weekly,2.2,2024-07-22 14:46:16,2025-07-04 14:37:14
TSK0766,Feasibility study,Feasibility study for research phase of project PRJ008.,Research,PRJ008,Medium,Complex,45.0,,1,"Copywriting,SEO",Analyst,Mid,,6.4,EMP019,2024-03-25,In Review,0,2024-03-29,2024-04-11,,True,689,5,,,"TSK0029,TSK0723",,True,,False,0,,9.1,Low,Medium,9.7,False,True,5,Weekly,9.6,2024-06-02 16:40:35,2025-07-22 14:32:37
TSK0767,Create onboarding docs,Create onboarding docs for documentation phase of project PRJ002.,Documentation,PRJ002,Low,Moderate,12.1,,1,Workday,Developer,Junior,Scrum Master,1.8,EMP055,2024-11-14,In Progress,1.3,2024-11-15,2024-11-22,,True,464,1,TSK0047,,"TSK0465,TSK1234",,False,,False,0,,,Low,Low,39.7,False,True,5,Daily,9.4,2024-01-26 13:55:16,2024-11-22 12:35:48
TSK0768,Feasibility study,Feasibility study for research phase of project PRJ067.,Research,PRJ067,Medium,Simple,1.3,,13,ERP,Analyst,Senior,,7.6,EMP148,2024-01-03,In Review,32.0,2024-01-07,2024-01-17,,True,774,5,,,"TSK1599,TSK1277",,False,,True,1,,7.1,High,Low,16.6,False,False,5,Weekly,7.7,2025-05-28 12:08:29,2025-06-25 15:52:53
TSK0769,Competitor analysis,Competitor analysis for research phase of project PRJ036.,Research,PRJ036,Low,Moderate,13.3,17.9,1,A/B Testing,Manager,Senior,,3.2,EMP114,2025-03-22,In Review,21.1,2025-03-27,2025-04-08,,True,327,3,,,,,True,,False,0,,7.3,Low,Low,38.3,True,False,5,Weekly,6.9,2024-10-01 17:42:49,2024-08-09 12:04:03
TSK0770,Deploy to staging,Deploy to staging for development phase of project PRJ012.,Development,PRJ012,High,Simple,1.2,1.5,8,Social Media,Designer,Mid,Scrum Master,8.1,EMP151,2025-07-24,Completed,100.0,2025-07-27,2025-07-30,2025-08-03,False,-5,3,TSK0768,,,,False,8.2,False,0,7.3,6.7,High,High,26.9,True,False,1,Bi-weekly,8.2,2024-10-26 14:25:27,2026-02-12 18:08:58
TSK0771,Impact assessment,Impact assessment for analysis phase of project PRJ001.,Analysis,PRJ001,Medium,Complex,32.6,25.8,13,"HRIS,Training,Workday",Analyst,Mid,Scrum Master,4.4,EMP007,,In Progress,28.2,2024-08-29,2024-09-06,,True,541,5,,,,TSK0002,True,,False,0,,5.6,High,Medium,20.7,False,False,3,Bi-weekly,1.1,2024-10-27 15:38:03,2025-02-26 12:29:20
TSK0772,Implement authentication module,Implement authentication module for development phase of project PRJ045.,Development,PRJ045,Medium,Moderate,11.3,15.0,13,Figma,Tester,Junior,,5.5,,2025-03-15,Completed,100.0,2025-03-17,2025-03-20,2025-03-17,False,-1,5,,,,,False,6.4,False,0,6.3,,Medium,Medium,19.4,False,False,2,Weekly,1.7,2024-05-27 11:19:16,2024-10-20 12:04:57
TSK0773,KPI review,KPI review for analysis phase of project PRJ051.,Analysis,PRJ051,High,Moderate,10.7,,8,Salesforce,Designer,Junior,,6.6,EMP043,2025-10-23,Not Started,40.5,2025-10-25,2025-11-01,,False,0,5,,,"TSK1936,TSK1395",,False,,False,0,,,Medium,High,12.5,False,True,4,Daily,7.1,2024-09-27 16:58:39,2026-02-24 15:51:16
TSK0774,Metrics dashboard,Metrics dashboard for analysis phase of project PRJ033.,Analysis,PRJ033,Low,Simple,2.0,1.7,13,"CRM,Excel,Prospecting",Tester,Senior,PMP,7.9,EMP069,2024-09-15,Completed,100.0,2024-09-16,2024-09-26,2024-09-23,False,-2,3,,,,,False,7.5,True,2,4.5,7.8,Low,Medium,5,False,True,5,Bi-weekly,7.8,2024-02-27 13:27:38,2025-03-24 18:53:29
TSK0775,Competitor analysis,Competitor analysis for research phase of project PRJ098.,Research,PRJ098,Low,Complex,28.7,22.5,3,"QuickBooks,Financial Modeling,Risk Analysis",Developer,Junior,,5.0,EMP072,2024-02-11,Blocked,20.5,2024-02-14,2024-02-27,,True,733,5,,,,,False,,True,2,,,Low,Critical,13.7,False,False,5,Daily,7.9,2025-05-17 09:44:25,2025-10-13 18:31:33
TSK0776,Data analysis,Data analysis for analysis phase of project PRJ095.,Analysis,PRJ095,High,Simple,1.1,1.5,5,"CRM,HubSpot",Designer,Mid,,5.5,EMP003,2025-08-10,In Progress,39.1,2025-08-12,2025-08-16,,True,197,2,TSK0522,,,,False,,False,0,,8.5,Low,High,7.2,False,False,5,Daily,7.7,2025-05-25 13:36:54,2026-01-01 15:14:08
TSK0777,Team retrospective,Team retrospective for meeting phase of project PRJ023.,Meeting,PRJ023,High,Simple,3.5,,3,"Rust,Python",Tester,Mid,,4.2,EMP148,2025-06-14,Blocked,2.7,2025-06-18,2025-06-23,,True,251,5,,,"TSK1944,TSK1102",,False,,False,0,,7.7,Low,Low,22.1,True,True,2,As needed,7.8,2024-06-28 13:21:56,2025-09-14 11:00:47
TSK0778,Deploy to staging,Deploy to staging for development phase of project PRJ065.,Development,PRJ065,High,Moderate,5.6,5.1,13,"Lean Six Sigma,Project Management",Designer,Mid,,4.8,EMP047,2024-01-14,Blocked,29.3,2024-01-17,2024-01-21,,True,770,2,"TSK0227,TSK0295","TSK0791,TSK0786",,,False,,False,0,,,High,High,14.4,False,True,4,Bi-weekly,6.4,2025-03-26 12:57:48,2024-08-02 17:24:50
TSK0779,Write API docs,Write API docs for documentation phase of project PRJ030.,Documentation,PRJ030,Medium,Complex,46.4,,1,Supply Chain,Tester,Junior,,6.0,EMP196,2024-10-20,Blocked,33.2,2024-10-24,2024-11-08,,True,478,2,"TSK0554,TSK0243",,"TSK0145,TSK1202",,False,,False,0,,,Low,Medium,16.6,True,True,5,Weekly,1.6,2024-09-21 18:18:55,2025-06-14 12:42:44
TSK0780,Test automation,Test automation for testing phase of project PRJ093.,Testing,PRJ093,Critical,Complex,44.8,45.3,3,SAP HR,Designer,Junior,,8.0,EMP174,2025-09-01,In Progress,24.5,2025-09-06,2025-09-17,,True,165,3,,"TSK0794,TSK0798","TSK1476,TSK1240",TSK0210,False,,False,0,,,High,Critical,5.1,True,False,2,Daily,9.4,2025-02-19 11:20:51,2025-12-21 09:23:27
TSK0781,Competitor analysis,Competitor analysis for research phase of project PRJ010.,Research,PRJ010,Low,Very Complex,65.0,77.8,13,"Social Media,Copywriting",Tester,Junior,,3.9,EMP198,2024-04-13,In Progress,2.9,2024-04-14,2024-04-29,,True,671,2,,"TSK0789,TSK0787","TSK0987,TSK1873",,False,,False,0,,9.9,High,Critical,25.4,False,True,5,Bi-weekly,0.5,2024-08-09 15:22:05,2025-01-05 15:26:56
TSK0782,Design critique,Design critique for meeting phase of project PRJ069.,Meeting,PRJ069,Critical,Moderate,5.3,6.4,3,"QuickBooks,Bloomberg,SAP",Designer,Senior,,5.0,EMP160,,Not Started,25.4,2025-05-21,2025-05-24,,False,-5,5,,,"TSK0946,TSK0745",,False,,False,0,,9.2,High,Critical,50.4,False,True,3,Daily,1.3,2024-06-27 13:39:15,2024-09-29 18:10:56
TSK0783,Data analysis,Data analysis for analysis phase of project PRJ024.,Analysis,PRJ024,Critical,Simple,1.8,,3,QuickBooks,Manager,Junior,,8.4,EMP116,2025-01-05,In Review,8.5,2025-01-09,2025-01-16,,True,409,1,,,"TSK1546,TSK0989",,False,,False,0,,6.6,Low,Critical,38.2,True,False,1,As needed,3.9,2024-01-16 11:25:04,2025-03-20 18:42:49
TSK0784,Write integration tests,Write integration tests for testing phase of project PRJ039.,Testing,PRJ039,Medium,Complex,18.6,24.9,8,Adobe Suite,Manager,Mid,Scrum Master,8.1,EMP134,2025-01-24,Not Started,24.4,2025-01-26,2025-02-05,,False,0,1,,,"TSK0497,TSK1896",,False,,False,0,,7.3,Low,Critical,78.2,False,True,1,As needed,3.7,2024-07-15 09:28:10,2025-08-07 09:56:02
TSK0785,Write API docs,Write API docs for documentation phase of project PRJ087.,Documentation,PRJ087,High,Moderate,6.4,,3,"Photoshop,Illustrator,Sketch",Tester,Mid,,5.2,EMP013,2025-11-24,Not Started,37.5,2025-11-29,2025-12-08,,False,-3,1,,,"TSK1538,TSK1836",,False,,False,0,,10,Medium,Medium,32.1,False,False,3,Bi-weekly,3.2,2024-10-19 15:59:43,2025-09-17 08:25:02
TSK0786,Release notes,Release notes for documentation phase of project PRJ099.,Documentation,PRJ099,High,Moderate,8.1,,13,SEO,Tester,Senior,,4.2,EMP120,2025-01-14,Blocked,28.3,2025-01-17,2025-01-26,,True,399,3,,,,,False,,False,0,,8.7,Low,Low,5,False,False,4,Daily,4.0,2025-02-15 18:19:36,2024-12-23 10:15:31
TSK0787,Performance testing,Performance testing for testing phase of project PRJ043.,Testing,PRJ043,High,Moderate,10.2,,2,"Bloomberg,Risk Analysis",Tester,Junior,,6.6,EMP092,2025-10-29,In Progress,10.2,2025-10-31,2025-11-04,,True,117,3,"TSK0715,TSK0090",TSK0788,,,True,,False,0,,8.1,High,Critical,34.9,False,False,1,As needed,9.7,2024-05-27 15:44:31,2025-07-29 13:00:09
TSK0788,Data analysis,Data analysis for analysis phase of project PRJ094.,Analysis,PRJ094,High,Moderate,13.2,,1,SAP,Manager,Senior,,3.4,EMP117,2024-05-12,In Review,54.1,2024-05-16,2024-05-21,,True,649,3,TSK0113,,,,False,,False,0,,7.9,High,Critical,29.0,False,True,5,Weekly,1.0,2024-05-15 11:14:07,2025-04-23 18:14:17
TSK0789,Update user guide,Update user guide for documentation phase of project PRJ064.,Documentation,PRJ064,Medium,Simple,2.5,2.9,8,"Illustrator,Prototyping,User Research",Tester,Mid,Scrum Master,6.0,EMP098,2025-10-10,Not Started,25.9,2025-10-14,2025-10-19,,False,-5,4,,,"TSK0737,TSK0751",,True,,True,3,,8.2,Low,Low,13.7,False,True,5,Bi-weekly,1.3,2024-07-14 13:36:23,2025-01-29 08:05:49
TSK0790,Write API docs,Write API docs for documentation phase of project PRJ050.,Documentation,PRJ050,Medium,Moderate,9.9,12.4,1,Go,Analyst,Mid,,2.5,EMP038,2024-10-19,In Review,65.3,2024-10-23,2024-10-30,,True,487,3,"TSK0135,TSK0069",TSK0791,"TSK0166,TSK0083",,False,,False,0,,10,Medium,Medium,5,False,False,5,As needed,8.1,2024-07-06 10:39:03,2025-04-26 12:18:51
TSK0791,Implement authentication module,Implement authentication module for development phase of project PRJ059.,Development,PRJ059,Low,Moderate,14.3,12.2,2,"Copywriting,SEO,Email Marketing",Manager,Mid,,8.9,EMP003,2025-09-23,Completed,100.0,2025-09-26,2025-10-03,2025-10-08,False,-2,4,,,,,False,6.8,False,0,8.8,9.5,Medium,Critical,20.7,True,False,2,Bi-weekly,3.4,2024-06-10 15:53:46,2025-04-11 11:35:14
TSK0792,Brand refresh,Brand refresh for design phase of project PRJ090.,Design,PRJ090,High,Complex,17.8,,1,Excel,Analyst,Junior,,8.8,EMP192,2024-07-30,In Progress,27.8,2024-08-01,2024-08-09,,True,569,5,,,"TSK0090,TSK1668",TSK0709,False,,False,0,,9.5,Medium,Medium,25.2,True,True,1,Daily,8.2,2024-09-04 12:02:42,2026-01-15 14:44:01
TSK0793,Code review,Code review for development phase of project PRJ094.,Development,PRJ094,Medium,Moderate,15.5,,8,"Supply Chain,Power BI",Analyst,Junior,,3.9,EMP042,2025-01-13,Blocked,29.1,2025-01-17,2025-01-26,,True,399,5,,TSK0798,,,False,,False,0,,,Medium,Medium,68.9,True,False,3,As needed,0.8,2024-10-21 10:47:01,2025-01-14 18:20:29
TSK0794,Market sizing,Market sizing for research phase of project PRJ058.,Research,PRJ058,High,Simple,1.8,,13,Social Media,Tester,Junior,PMP,2.2,EMP126,2024-08-02,In Review,23.1,2024-08-06,2024-08-14,,True,564,2,,,"TSK1629,TSK0796",,True,,False,0,,6.6,High,Critical,64.7,True,True,2,As needed,7.5,2024-11-24 16:59:06,2025-03-02 18:49:43
TSK0795,Design critique,Design critique for meeting phase of project PRJ083.,Meeting,PRJ083,Medium,Complex,46.0,,13,"SEO,Google Analytics",Manager,Junior,,3.0,EMP118,2025-06-23,Blocked,50.7,2025-06-28,2025-07-14,,True,230,4,,,"TSK1030,TSK0898",,True,,True,2,,,Low,Medium,33.0,False,True,1,Bi-weekly,7.6,2024-06-21 18:55:16,2024-12-08 08:24:03
TSK0796,UAT coordination,UAT coordination for testing phase of project PRJ082.,Testing,PRJ082,High,Simple,1.3,,8,"Training,HRIS,Recruiting",Analyst,Senior,,5.7,EMP196,2025-09-14,Blocked,99,2025-09-16,2025-09-18,,True,164,3,"TSK0253,TSK0130",,"TSK1763,TSK0613",,False,,False,0,,7.5,Medium,Critical,42.6,False,False,2,Daily,4.4,2024-03-21 08:41:41,2025-03-14 14:13:49
TSK0797,Data analysis,Data analysis for analysis phase of project PRJ009.,Analysis,PRJ009,High,Moderate,8.6,11.3,8,"Adobe Suite,Content Marketing",Designer,Mid,Scrum Master,5.9,,2025-08-01,Completed,100.0,2025-08-02,2025-08-13,2025-08-17,False,-4,4,,,,,False,8.9,True,2,7.2,9.1,Low,Critical,19.9,False,True,1,Weekly,0.9,2024-12-07 11:48:39,2025-03-16 16:41:00
TSK0798,Metrics dashboard,Metrics dashboard for analysis phase of project PRJ060.,Analysis,PRJ060,High,Complex,41.5,51.3,2,"SAP HR,Training,Recruiting",Analyst,Mid,AWS Certified,2.4,EMP046,,Completed,100.0,2024-12-21,2025-01-06,2025-01-08,False,-5,3,,,,,False,10,False,0,9.4,,High,Medium,48.7,True,True,3,Bi-weekly,2.0,2025-05-16 09:01:43,2025-11-14 12:10:21
TSK0799,Requirements gathering,Requirements gathering for research phase of project PRJ094.,Research,PRJ094,Critical,Very Complex,46.7,,2,"Employment Law,Training,HRIS",Tester,Junior,,6.0,EMP080,2024-07-31,In Progress,92.8,2024-08-03,2024-08-16,,True,562,5,,,,TSK0506,False,,False,0,,8.3,High,High,59.4,True,True,1,Weekly,9.8,2024-02-16 08:46:19,2024-06-13 18:09:13
TSK0800,Architecture review,Architecture review for meeting phase of project PRJ036.,Meeting,PRJ036,Low,Very Complex,34.3,,2,Google Analytics,Tester,Mid,,7.4,EMP197,2025-10-12,In Progress,31.0,2025-10-17,2025-10-27,,True,125,5,,,"TSK1421,TSK0234",,False,,False,0,,8.4,Medium,High,13.4,True,True,4,As needed,5.0,2025-05-18 13:37:19,2024-11-07 16:13:05
TSK0801,Write API docs,Write API docs for documentation phase of project PRJ083.,Documentation,PRJ083,Medium,Complex,15.9,15.6,3,"FastAPI,Rust",Manager,Mid,,3.2,EMP087,2024-10-29,Completed,100.0,2024-11-02,2024-11-08,2024-11-03,False,-5,5,,,"TSK0196,TSK0372",,False,6.7,False,0,9.3,7.3,High,High,71.7,False,False,3,Daily,2.0,2024-09-11 12:59:23,2025-07-29 10:52:36
TSK0802,Create wireframes,Create wireframes for design phase of project PRJ029.,Design,PRJ029,Medium,Complex,27.2,21.1,5,"React,Node.js",Analyst,Mid,PMP,4.4,EMP077,2024-06-02,In Review,25.1,2024-06-06,2024-06-14,,True,625,2,,,,,False,,False,0,,,High,Low,40.1,True,True,2,Bi-weekly,6.4,2024-06-12 17:03:33,2025-01-17 09:48:46
TSK0803,Deploy to staging,Deploy to staging for development phase of project PRJ090.,Development,PRJ090,Medium,Complex,27.2,,1,Employment Law,Manager,Senior,AWS Certified,2.3,EMP052,2025-03-31,In Review,37.2,2025-04-03,2025-04-17,,True,318,4,,,"TSK1171,TSK1139",TSK0275,True,,False,0,,9.0,Medium,Low,6.6,False,True,3,Bi-weekly,6.6,2024-05-04 09:58:30,2025-03-23 10:24:05
TSK0804,Performance testing,Performance testing for testing phase of project PRJ017.,Testing,PRJ017,Low,Moderate,4.3,,1,"Figma,Photoshop",Analyst,Mid,AWS Certified,3.8,EMP199,2024-06-18,In Review,10.6,2024-06-19,2024-06-29,,True,610,3,,,"TSK1973,TSK0309",,False,,False,0,,,High,Critical,46.4,False,True,3,Daily,5.1,2024-01-09 16:27:27,2025-08-27 08:17:59
TSK0805,Design critique,Design critique for meeting phase of project PRJ100.,Meeting,PRJ100,Low,Moderate,13.9,15.6,3,Financial Modeling,Analyst,Junior,,3.8,EMP039,2024-11-23,Completed,100.0,2024-11-25,2024-12-03,2024-12-08,False,-3,1,,,,,False,6.2,False,0,6.9,9.6,High,Critical,20.5,True,True,3,Weekly,3.9,2024-08-02 14:05:07,2025-02-07 16:50:56
TSK0806,Release notes,Release notes for documentation phase of project PRJ061.,Documentation,PRJ061,Low,Moderate,5.2,4.2,1,"QuickBooks,SAP",Manager,Mid,,4.7,EMP190,2024-10-10,Completed,100.0,2024-10-13,2024-10-22,2024-10-23,False,-5,3,,"TSK0823,TSK0817","TSK0281,TSK0629",,False,9.1,False,0,8.0,5.8,Low,Low,32.9,True,False,5,Weekly,1.3,2024-01-23 11:50:34,2025-07-12 09:40:23
TSK0807,Team retrospective,Team retrospective for meeting phase of project PRJ057.,Meeting,PRJ057,High,Complex,22.3,29.2,1,"CRM,Prospecting",Manager,Mid,,7.0,,2024-07-08,In Progress,0,2024-07-12,2024-07-23,,True,586,5,,,,,False,,True,2,,,Low,Medium,40.5,False,True,1,Bi-weekly,9.7,2024-07-06 09:03:14,2025-10-17 17:47:36
TSK0808,Write API docs,Write API docs for documentation phase of project PRJ024.,Documentation,PRJ024,Critical,Moderate,10.4,14.1,13,"Excel,Lean Six Sigma,Supply Chain",Analyst,Mid,PMP,1.5,EMP086,2025-05-24,Blocked,3.8,2025-05-25,2025-05-28,,True,277,1,,TSK0823,,TSK0742,False,,True,3,,8.5,High,Low,37.3,True,True,2,Weekly,8.7,2025-02-25 17:27:47,2025-04-16 17:15:34
TSK0809,Impact assessment,Impact assessment for analysis phase of project PRJ019.,Analysis,PRJ019,High,Moderate,5.1,,5,Prototyping,Analyst,Senior,,4.6,EMP112,,Blocked,1.5,2024-08-11,2024-08-16,,True,562,5,,,"TSK1433,TSK1958",,True,,False,0,,5.0,High,Medium,37.5,False,True,5,Bi-weekly,7.1,2024-08-03 18:41:09,2024-07-13 09:58:50
TSK0810,Code review,Code review for development phase of project PRJ088.,Development,PRJ088,Medium,Complex,36.8,,1,"ERP,Project Management",Manager,Senior,,6.3,EMP024,2024-05-21,Not Started,69.3,2024-05-25,2024-06-09,,False,-5,3,,,,,False,,False,0,,,Low,Low,14.6,False,True,1,Daily,2.9,2024-09-02 17:28:49,2026-01-13 10:59:15
TSK0811,Load testing,Load testing for testing phase of project PRJ012.,Testing,PRJ012,Low,Complex,17.5,,8,"Workday,Training,Recruiting",Designer,Senior,,3.8,EMP097,2025-09-12,In Review,31.8,2025-09-13,2025-09-23,,True,159,2,,,,,True,,False,0,,7.0,Low,High,59.5,False,False,3,Weekly,2.1,2025-01-31 13:06:07,2025-10-04 14:35:10
TSK0812,KPI review,KPI review for analysis phase of project PRJ042.,Analysis,PRJ042,High,Moderate,5.8,6.1,13,Adobe Suite,Tester,Senior,,6.2,EMP108,2024-11-11,Blocked,32.0,2024-11-13,2024-11-21,,True,465,1,TSK0023,,"TSK0330,TSK0339",TSK0535,False,,True,3,,,Low,Medium,22.4,False,False,1,Daily,2.2,2025-05-03 08:01:09,2025-01-31 11:20:34
TSK0813,Create mockups,Create mockups for design phase of project PRJ026.,Design,PRJ026,Medium,Complex,12.8,13.2,3,"VBA,Excel",Designer,Mid,PMP,3.4,EMP136,2025-01-09,In Progress,1.3,2025-01-13,2025-01-24,,True,401,1,,,"TSK1334,TSK0862",,False,,False,0,,,Low,High,35.7,False,False,3,Daily,5.0,2025-01-03 18:32:22,2025-01-28 13:00:54
TSK0814,Root cause analysis,Root cause analysis for analysis phase of project PRJ056.,Analysis,PRJ056,Low,Simple,3.9,4.5,2,Copywriting,Analyst,Senior,AWS Certified,3.7,EMP168,,Blocked,12.2,2025-09-02,2025-09-08,,True,174,5,,,,,False,,False,0,,7.0,High,Medium,11.7,True,True,3,As needed,3.3,2024-07-12 18:23:56,2026-01-30 09:16:27
TSK0815,Build REST API,Build REST API for development phase of project PRJ081.,Development,PRJ081,Low,Simple,1.8,2.0,1,"Prototyping,Figma",Designer,Junior,,5.6,EMP020,2024-08-17,Completed,100.0,2024-08-19,2024-08-25,2024-08-24,False,-2,1,,,"TSK1611,TSK0951",,False,7.4,False,0,6.0,9.9,Medium,Medium,14.2,False,False,5,As needed,1.0,2024-07-08 18:10:16,2024-06-24 18:42:03
TSK0816,Code review,Code review for development phase of project PRJ018.,Development,PRJ018,Medium,Simple,3.5,,8,"Figma,Prototyping",Manager,Mid,,3.4,EMP038,2024-08-18,In Review,72.6,2024-08-21,2024-08-28,,True,550,1,TSK0725,,,TSK0239,False,,False,0,,,Medium,Critical,7.3,False,True,2,As needed,6.4,2025-03-02 17:50:53,2024-12-21 17:42:54
TSK0817,Data analysis,Data analysis for analysis phase of project PRJ020.,Analysis,PRJ020,Low,Moderate,5.0,,8,"SEO,Content Marketing,Adobe Suite",Developer,Senior,AWS Certified,8.3,EMP057,2024-09-13,In Review,52.5,2024-09-14,2024-09-21,,True,526,2,"TSK0646,TSK0012",TSK0825,,TSK0383,False,,False,0,,8.5,Medium,Medium,35.4,True,True,2,Bi-weekly,5.1,2024-10-21 11:03:21,2025-01-05 12:59:16
TSK0818,Metrics dashboard,Metrics dashboard for analysis phase of project PRJ082.,Analysis,PRJ082,Critical,Very Complex,110.3,,3,Photoshop,Designer,Senior,,4.0,EMP060,2024-08-17,Not Started,54.5,2024-08-22,2024-09-19,,False,-5,2,,,"TSK1463,TSK1861",,True,,False,0,,,Low,Medium,73.0,False,False,2,As needed,0.6,2024-09-24 11:56:56,2024-10-22 15:44:18
TSK0819,Deploy to staging,Deploy to staging for development phase of project PRJ021.,Development,PRJ021,Medium,Moderate,7.9,,13,"Adobe Suite,Email Marketing,Copywriting",Developer,Senior,,6.8,EMP130,2024-02-18,In Progress,90.7,2024-02-21,2024-02-26,,True,734,2,,,"TSK1864,TSK1314",,False,,True,1,,,Low,High,51.8,False,True,1,Bi-weekly,9.7,2024-04-07 11:13:22,2025-02-22 15:12:50
TSK0820,Architecture review,Architecture review for meeting phase of project PRJ032.,Meeting,PRJ032,Medium,Simple,3.3,3.1,13,"Illustrator,User Research",Manager,Mid,,7.0,EMP068,2025-02-01,In Review,30.9,2025-02-04,2025-02-09,,True,385,3,,,"TSK0001,TSK1050",,False,,False,0,,7.2,Medium,Critical,22.7,False,True,5,Weekly,10.0,2024-01-19 15:27:55,2024-12-12 11:30:53
TSK0821,Architecture review,Architecture review for meeting phase of project PRJ030.,Meeting,PRJ030,Medium,Complex,19.2,,1,"Bloomberg,Financial Modeling",Analyst,Mid,PMP,4.8,EMP167,2024-10-21,In Progress,23.1,2024-10-26,2024-11-06,,True,480,2,,,,,False,,False,0,,,Low,Critical,38.9,False,False,5,Weekly,7.6,2024-07-27 12:58:39,2025-07-06 12:30:51
TSK0822,Impact assessment,Impact assessment for analysis phase of project PRJ077.,Analysis,PRJ077,Critical,Moderate,11.5,,8,"Training,Recruiting",Manager,Senior,PMP,1.4,EMP107,2024-04-12,In Review,61.5,2024-04-17,2024-04-25,,True,675,3,"TSK0450,TSK0225",TSK0826,,,False,,False,0,,,Low,Critical,36.4,False,True,4,Daily,7.0,2024-05-20 15:25:09,2025-03-07 11:36:26
TSK0823,Architecture review,Architecture review for meeting phase of project PRJ007.,Meeting,PRJ007,High,Simple,1.1,1.2,2,"User Research,Illustrator",Manager,Junior,PMP,4.4,EMP194,2024-06-25,Completed,100.0,2024-06-26,2024-07-01,2024-06-30,False,-2,2,,,"TSK0724,TSK1731",,False,7.2,False,0,7.9,7.1,Medium,Critical,5,True,False,4,Bi-weekly,4.6,2024-06-16 17:14:54,2025-07-14 18:06:24
TSK0824,Data analysis,Data analysis for analysis phase of project PRJ053.,Analysis,PRJ053,High,Very Complex,93.2,,5,"Power BI,Supply Chain",Analyst,Junior,,4.5,EMP099,2025-08-09,Blocked,44.7,2025-08-10,2025-08-29,,True,184,5,,,,,True,,False,0,,,Medium,High,60.7,False,True,4,Daily,9.9,2025-05-09 18:58:37,2025-10-28 16:43:25
TSK0825,Refactor database layer,Refactor database layer for development phase of project PRJ067.,Development,PRJ067,Low,Moderate,4.8,4.2,13,"Supply Chain,Project Management",Designer,Senior,,3.2,EMP174,2025-07-14,Completed,100.0,2025-07-19,2025-07-21,2025-07-19,False,-4,2,,,"TSK1985,TSK1380",,False,7.0,False,0,7.8,6.7,Low,Medium,36.9,False,False,1,As needed,4.1,2024-09-17 17:35:23,2025-09-02 15:56:18
TSK0826,Create wireframes,Create wireframes for design phase of project PRJ057.,Design,PRJ057,Medium,Moderate,10.6,14.5,8,Excel,Tester,Senior,AWS Certified,6.1,EMP083,2025-11-23,In Review,0,2025-11-27,2025-12-07,,True,84,1,,,"TSK0235,TSK1488",TSK0030,False,,False,0,,5.6,High,Critical,32.6,False,True,1,Daily,1.8,2024-01-15 08:41:58,2025-02-11 14:19:49
TSK0827,Build design system,Build design system for design phase of project PRJ028.,Design,PRJ028,Medium,Simple,2.0,1.6,13,Adobe XD,Analyst,Junior,PMP,5.3,EMP103,2024-04-10,In Progress,24.0,2024-04-13,2024-04-17,,True,683,3,"TSK0342,TSK0268",,"TSK0621,TSK1737",,False,,False,0,,,Low,Critical,20.8,True,False,4,Bi-weekly,6.8,2025-05-17 10:03:46,2024-12-14 09:18:44
TSK0828,Create mockups,Create mockups for design phase of project PRJ002.,Design,PRJ002,Medium,Moderate,13.7,,2,"TypeScript,Go",Manager,Senior,,5.5,EMP150,2025-06-24,Blocked,74.8,2025-06-25,2025-07-03,,True,241,4,TSK0395,,"TSK0944,TSK1631",,False,,False,0,,7.7,High,Critical,47.0,False,False,5,Bi-weekly,2.1,2024-09-14 10:53:36,2025-09-06 18:03:14
TSK0829,Release notes,Release notes for documentation phase of project PRJ096.,Documentation,PRJ096,Critical,Complex,40.3,,13,"Supply Chain,Excel,ERP",Manager,Mid,,3.9,EMP050,2024-01-30,In Progress,37.9,2024-02-01,2024-02-13,,True,747,1,,,,TSK0172,True,,False,0,,,Medium,Critical,53.0,False,True,3,As needed,2.2,2024-11-20 09:45:40,2025-02-12 09:21:56
TSK0830,Competitor analysis,Competitor analysis for research phase of project PRJ009.,Research,PRJ009,Medium,Simple,1.3,,3,"Figma,Illustrator",Manager,Senior,PMP,6.7,EMP122,2025-08-15,In Review,59.0,2025-08-18,2025-08-27,,True,186,5,"TSK0160,TSK0502",,"TSK0398,TSK1472",TSK0685,False,,False,0,,7.8,Medium,Low,29.1,False,True,5,Weekly,1.3,2025-05-31 11:02:37,2024-11-03 10:04:48
TSK0831,Brand refresh,Brand refresh for design phase of project PRJ027.,Design,PRJ027,High,Simple,3.0,2.6,3,"Financial Modeling,QuickBooks",Designer,Junior,PMP,6.9,EMP009,2025-02-22,Not Started,60.3,2025-02-23,2025-02-25,,False,-4,4,,,"TSK0402,TSK1986",,False,,False,0,,3.1,Medium,High,49.8,False,False,1,Weekly,5.3,2024-02-26 14:38:53,2025-05-23 13:50:49
TSK0832,Build design system,Build design system for design phase of project PRJ016.,Design,PRJ016,Low,Complex,33.5,,2,"VBA,Excel",Designer,Mid,PMP,4.9,EMP142,2024-04-19,In Review,0,2024-04-22,2024-05-04,,True,666,4,TSK0565,,"TSK0089,TSK1651",,False,,True,1,,,Medium,Low,70.4,False,True,2,As needed,5.2,2024-10-22 17:40:53,2025-12-10 12:49:17
TSK0833,KPI review,KPI review for analysis phase of project PRJ001.,Analysis,PRJ001,Medium,Simple,2.2,,5,Python,Manager,Junior,,3.7,EMP135,2024-11-06,Not Started,17.4,2024-11-10,2024-11-12,,False,-1,3,TSK0397,,"TSK0208,TSK1445",,False,,False,0,,6.6,Low,Medium,49.9,False,False,2,Bi-weekly,5.2,2024-09-23 18:49:44,2024-06-18 12:48:05
TSK0834,Competitor analysis,Competitor analysis for research phase of project PRJ023.,Research,PRJ023,Medium,Simple,1.3,1.0,1,"Negotiation,Prospecting,CRM",Tester,Senior,,4.7,EMP193,2024-11-28,Not Started,4.8,2024-11-29,2024-12-05,,False,-1,3,,,,,False,,True,1,,7.5,Low,Medium,5,False,False,1,Bi-weekly,3.0,2024-01-21 09:10:04,2025-08-30 16:21:27
TSK0835,Stakeholder review,Stakeholder review for meeting phase of project PRJ082.,Meeting,PRJ082,High,Simple,3.0,,5,FastAPI,Designer,Junior,,3.0,EMP005,2024-12-06,In Review,0,2024-12-11,2024-12-18,,True,438,1,,,"TSK0391,TSK0175",,True,,False,0,,10,High,Critical,51.2,False,False,1,Bi-weekly,3.8,2025-04-25 08:50:40,2024-11-15 15:44:52
TSK0836,Design landing page,Design landing page for design phase of project PRJ080.,Design,PRJ080,Low,Complex,28.6,21.8,2,Adobe XD,Designer,Junior,,5.4,EMP131,2025-01-27,In Progress,49.2,2025-02-01,2025-02-11,,True,383,2,,,,TSK0314,False,,False,0,,8.4,Low,Critical,40.3,False,False,4,Daily,3.6,2024-06-02 15:16:59,2025-06-15 08:59:23
TSK0837,Sprint planning,Sprint planning for meeting phase of project PRJ090.,Meeting,PRJ090,Medium,Moderate,10.3,7.8,3,Lean Six Sigma,Analyst,Junior,Scrum Master,4.4,EMP195,2025-03-12,Completed,100.0,2025-03-15,2025-03-19,2025-03-21,False,0,2,,TSK0846,"TSK0866,TSK0145",,False,7.4,False,0,8.6,,Low,Low,14.2,False,False,1,Bi-weekly,7.8,2024-08-11 09:53:13,2026-02-22 15:48:33
TSK0838,Icon set design,Icon set design for design phase of project PRJ060.,Design,PRJ060,Medium,Moderate,13.5,,13,"SEO,Copywriting,Adobe Suite",Analyst,Senior,,5.6,EMP044,2025-05-05,Blocked,23.3,2025-05-08,2025-05-14,,True,291,3,"TSK0460,TSK0624",,"TSK0077,TSK0834",,False,,False,0,,7.4,Medium,Low,27.2,True,True,2,Weekly,3.2,2025-02-06 16:17:33,2024-08-13 08:24:54
TSK0839,User testing,User testing for design phase of project PRJ036.,Design,PRJ036,Medium,Very Complex,64.8,73.3,13,Google Analytics,Designer,Mid,,3.4,EMP087,2025-06-30,Completed,100.0,2025-07-02,2025-07-20,2025-07-18,False,-5,3,TSK0763,TSK0846,"TSK0148,TSK0427",,False,6.3,False,0,7.6,10,High,Medium,61.6,False,True,2,Bi-weekly,6.5,2024-03-10 10:37:01,2025-04-15 13:34:51
TSK0840,Release notes,Release notes for documentation phase of project PRJ054.,Documentation,PRJ054,Medium,Moderate,14.1,11.2,5,Prototyping,Developer,Mid,Scrum Master,2.9,EMP081,2024-02-17,In Review,93.1,2024-02-19,2024-02-28,,True,732,1,,,,,False,,False,0,,,High,Low,17.7,True,True,2,Daily,2.6,2025-02-07 13:56:27,2026-01-25 18:54:06
TSK0841,KPI review,KPI review for analysis phase of project PRJ092.,Analysis,PRJ092,Medium,Simple,3.3,4.6,5,Financial Modeling,Tester,Senior,PMP,2.8,EMP018,2025-07-15,In Review,50.7,2025-07-19,2025-07-24,,True,220,4,TSK0441,,"TSK1572,TSK0674",,True,,False,0,,,Medium,Low,28.5,False,True,1,Bi-weekly,4.4,2025-05-20 14:26:01,2024-08-17 15:59:34
TSK0842,Create wireframes,Create wireframes for design phase of project PRJ087.,Design,PRJ087,Critical,Moderate,5.2,,5,"Conflict Resolution,Training,HRIS",Manager,Mid,PMP,5.3,EMP039,2024-01-15,In Review,71.9,2024-01-18,2024-01-27,,True,764,3,,,"TSK0546,TSK0401",,False,,False,0,,5.4,Low,Low,16.6,False,False,3,Daily,8.3,2025-01-17 15:57:36,2025-05-29 13:47:51
TSK0843,Root cause analysis,Root cause analysis for analysis phase of project PRJ093.,Analysis,PRJ093,High,Moderate,10.6,,2,PostgreSQL,Manager,Mid,,5.8,EMP022,2025-04-03,Not Started,61.0,2025-04-07,2025-04-17,,False,-2,2,,,,TSK0810,False,,False,0,,,Medium,High,20.8,False,True,5,As needed,1.1,2025-03-27 18:53:22,2024-09-25 09:51:31
TSK0844,Security audit,Security audit for testing phase of project PRJ054.,Testing,PRJ054,Critical,Complex,22.2,,5,"SAP HR,Training,HRIS",Designer,Mid,,5.6,EMP047,2024-04-29,In Review,46.9,2024-04-30,2024-05-05,,True,665,5,,"TSK0861,TSK0850","TSK0969,TSK1140",,False,,False,0,,10,Medium,Critical,26.1,False,False,4,Daily,0.7,2024-08-04 18:49:37,2025-02-17 18:22:18
TSK0845,Fix critical bug,Fix critical bug for development phase of project PRJ049.,Development,PRJ049,Medium,Simple,3.1,,13,"Email Marketing,Social Media",Manager,Mid,,2.6,EMP052,2025-11-22,In Review,73.5,2025-11-25,2025-12-03,,True,88,3,,"TSK0857,TSK0861",,TSK0293,True,,False,0,,6.9,Medium,Critical,38.2,False,True,4,Daily,2.8,2025-03-15 14:33:30,2024-06-29 18:51:45
TSK0846,Stakeholder review,Stakeholder review for meeting phase of project PRJ072.,Meeting,PRJ072,Low,Moderate,8.7,,8,"Employment Law,Training",Designer,Junior,,8.3,EMP088,2024-04-20,Not Started,54.2,2024-04-21,2024-04-26,,False,0,2,,,"TSK0043,TSK1453",TSK0026,False,,True,3,,8.5,Low,High,41.3,False,True,3,Daily,7.0,2025-02-10 08:48:43,2025-12-24 10:16:44
TSK0847,Competitor analysis,Competitor analysis for research phase of project PRJ039.,Research,PRJ039,Low,Complex,32.4,,2,"Financial Modeling,Excel",Manager,Mid,Scrum Master,7.6,EMP099,2024-10-13,In Review,15.4,2024-10-18,2024-10-26,,True,491,4,,TSK0852,"TSK0070,TSK1788",,True,,True,2,,7.7,Low,Medium,45.7,False,True,1,Bi-weekly,3.4,2024-03-30 14:42:57,2025-09-25 10:38:55
TSK0848,Refactor database layer,Refactor database layer for development phase of project PRJ077.,Development,PRJ077,Critical,Simple,1.4,,5,"Workday,SAP HR",Tester,Senior,Scrum Master,6.1,EMP021,2025-08-20,Not Started,0.5,2025-08-22,2025-08-24,,False,-5,3,,TSK0867,"TSK0556,TSK0522",,False,,False,0,,6.4,Medium,Low,14.4,False,True,2,Weekly,1.3,2025-05-17 14:44:43,2025-03-12 16:24:04
TSK0849,Create onboarding docs,Create onboarding docs for documentation phase of project PRJ025.,Documentation,PRJ025,High,Moderate,8.2,,3,"Google Analytics,A/B Testing",Manager,Junior,AWS Certified,6.1,EMP124,2024-08-10,In Review,75.2,2024-08-12,2024-08-17,,True,561,1,,"TSK0857,TSK0866",,,False,,True,2,,,Medium,Medium,10.3,False,True,2,As needed,8.4,2024-06-09 17:00:44,2025-02-24 14:47:36
TSK0850,Sprint planning,Sprint planning for meeting phase of project PRJ079.,Meeting,PRJ079,Medium,Complex,44.7,,13,SAP HR,Tester,Junior,PMP,1.4,EMP186,2024-03-27,Not Started,44.2,2024-03-28,2024-04-09,,False,-2,4,,TSK0856,"TSK1840,TSK0523",,False,,True,2,,,Low,Low,66.2,False,True,2,Weekly,0.5,2024-08-24 09:14:37,2025-09-17 10:36:34
TSK0851,Update user guide,Update user guide for documentation phase of project PRJ061.,Documentation,PRJ061,High,Moderate,15.2,12.9,5,"Python,FastAPI,Docker",Analyst,Junior,Scrum Master,6.3,EMP103,2024-02-10,Not Started,0,2024-02-11,2024-02-19,,False,0,2,,,,,False,,False,0,,4.5,Medium,High,24.3,False,True,5,Bi-weekly,2.5,2024-06-23 18:14:13,2025-02-22 12:02:11
TSK0852,UAT coordination,UAT coordination for testing phase of project PRJ092.,Testing,PRJ092,Medium,Moderate,8.4,,3,"Sketch,Photoshop",Designer,Mid,,5.1,EMP001,2025-06-17,In Review,4.8,2025-06-21,2025-06-26,,True,248,1,,,,,False,,False,0,,6.0,Medium,Medium,72.3,True,True,1,Daily,0.1,2024-05-01 14:09:07,2026-02-13 16:36:55
TSK0853,Root cause analysis,Root cause analysis for analysis phase of project PRJ062.,Analysis,PRJ062,Medium,Very Complex,67.9,,3,"Java,MongoDB",Developer,Junior,PMP,3.5,EMP030,2024-03-26,In Progress,56.8,2024-03-31,2024-04-18,,True,682,1,,,,TSK0419,False,,False,0,,6.7,Low,Medium,17.6,True,False,3,As needed,9.1,2024-01-26 16:30:22,2024-12-15 13:34:41
TSK0854,Process documentation,Process documentation for documentation phase of project PRJ072.,Documentation,PRJ072,Medium,Complex,46.7,54.5,2,"Sketch,User Research,Adobe XD",Manager,Junior,,5.1,EMP184,2024-12-30,In Review,61.9,2025-01-04,2025-01-14,,True,411,2,,,,TSK0477,False,,False,0,,9.0,High,Critical,11.4,False,True,3,Bi-weekly,7.3,2024-06-15 16:16:01,2024-12-26 12:31:27
TSK0855,Update user guide,Update user guide for documentation phase of project PRJ052.,Documentation,PRJ052,Medium,Moderate,7.2,,13,Excel,Developer,Senior,AWS Certified,5.5,EMP132,2025-08-27,In Review,6.0,2025-08-31,2025-09-07,,True,175,2,,,,,False,,False,0,,7.3,Low,Low,65.0,False,True,5,Daily,8.8,2024-09-06 14:43:17,2024-07-31 14:37:21
TSK0856,Create onboarding docs,Create onboarding docs for documentation phase of project PRJ005.,Documentation,PRJ005,High,Moderate,14.9,,3,"QuickBooks,Bloomberg,SAP",Designer,Senior,,6.3,EMP061,2025-10-16,Blocked,54.2,2025-10-21,2025-11-01,,True,120,4,"TSK0846,TSK0680",TSK0864,,,False,,False,0,,9.8,High,High,30.0,True,True,1,Daily,3.5,2024-03-30 12:29:55,2026-01-10 14:42:03
TSK0857,Kickoff meeting,Kickoff meeting for meeting phase of project PRJ043.,Meeting,PRJ043,Medium,Simple,3.7,,3,"User Research,Sketch",Manager,Junior,,2.3,EMP051,2025-04-04,Not Started,38.2,2025-04-06,2025-04-14,,False,-3,5,TSK0747,"TSK0861,TSK0870",,TSK0539,False,,False,0,,,High,High,5,True,True,1,Weekly,5.9,2024-05-17 08:31:42,2025-10-28 09:34:31
TSK0858,Architecture review,Architecture review for meeting phase of project PRJ085.,Meeting,PRJ085,Medium,Moderate,8.2,9.5,2,"Workday,Recruiting,Training",Manager,Junior,AWS Certified,4.0,EMP050,2025-05-17,Completed,100.0,2025-05-20,2025-05-23,2025-05-23,False,-2,3,,,"TSK1848,TSK1590",TSK0590,False,8.1,False,0,6.9,7.9,High,Medium,10.0,False,True,1,Bi-weekly,1.0,2025-01-14 17:52:58,2025-04-01 08:03:19
TSK0859,Write API docs,Write API docs for documentation phase of project PRJ078.,Documentation,PRJ078,High,Moderate,4.1,,3,"SAP,QuickBooks",Manager,Mid,,6.9,EMP191,2025-11-14,In Review,34.8,2025-11-17,2025-11-23,,True,98,5,TSK0301,TSK0871,"TSK0202,TSK0303",,True,,False,0,,10,High,High,32.1,True,False,3,Daily,6.7,2025-01-03 15:29:46,2025-11-07 15:13:18
TSK0860,Refactor database layer,Refactor database layer for development phase of project PRJ086.,Development,PRJ086,High,Very Complex,43.4,,8,"Employment Law,SAP HR",Tester,Senior,,6.2,EMP018,2024-11-15,Not Started,30.2,2024-11-18,2024-12-04,,False,0,1,,,,,False,,False,0,,8.2,Low,High,35.3,False,True,4,Daily,4.3,2024-09-26 18:07:59,2025-04-02 12:47:09
TSK0861,Write integration tests,Write integration tests for testing phase of project PRJ096.,Testing,PRJ096,High,Complex,32.4,35.8,8,"Python,React,TypeScript",Analyst,Mid,PMP,10,EMP084,2025-05-22,Completed,100.0,2025-05-23,2025-06-04,2025-06-09,False,-5,4,,,"TSK0726,TSK1940",,False,7.0,True,2,8.3,7.0,Medium,Low,19.3,False,True,3,Daily,1.8,2025-01-06 13:16:40,2025-10-16 18:03:07
TSK0862,Regression test suite,Regression test suite for testing phase of project PRJ023.,Testing,PRJ023,High,Moderate,4.2,,8,"Adobe Suite,A/B Testing",Manager,Mid,PMP,2.2,EMP027,2025-07-08,In Progress,60.7,2025-07-10,2025-07-15,,True,229,3,,,"TSK0111,TSK0766",,True,,False,0,,7.8,High,Low,43.7,False,True,3,Weekly,4.2,2024-07-09 11:12:05,2026-02-05 18:50:13
TSK0863,Build REST API,Build REST API for development phase of project PRJ090.,Development,PRJ090,Low,Simple,1.1,0.9,8,"Django,TypeScript",Designer,Junior,,4.1,,2024-02-06,Not Started,45.8,2024-02-11,2024-02-16,,False,0,5,,,,,False,,False,0,,6.0,Low,High,54.4,True,True,5,Weekly,2.8,2024-09-28 15:42:15,2025-11-10 12:15:37
TSK0864,UAT coordination,UAT coordination for testing phase of project PRJ028.,Testing,PRJ028,High,Simple,2.1,1.5,2,SQL,Designer,Senior,,5.3,EMP106,2024-12-07,Blocked,52.8,2024-12-10,2024-12-15,,True,441,3,,,"TSK1114,TSK0189",TSK0478,False,,False,0,,6.6,Low,High,32.7,True,False,2,Bi-weekly,3.1,2025-02-25 15:30:48,2024-06-04 12:40:49
TSK0865,Architecture review,Architecture review for meeting phase of project PRJ012.,Meeting,PRJ012,Low,Moderate,4.6,,2,"QuickBooks,SAP,VBA",Analyst,Mid,AWS Certified,3.4,EMP123,2024-10-05,In Progress,37.3,2024-10-09,2024-10-12,,True,505,2,,,"TSK1120,TSK1134",,False,,True,2,,4.0,Low,Low,68.8,True,True,1,Weekly,4.5,2025-01-19 08:24:25,2024-10-15 13:42:37
TSK0866,Performance testing,Performance testing for testing phase of project PRJ098.,Testing,PRJ098,Medium,Moderate,7.6,,2,"Training,Conflict Resolution",Manager,Mid,,7.8,EMP045,2025-05-24,Not Started,28.9,2025-05-28,2025-06-04,,False,0,2,,,"TSK1740,TSK1032",,True,,False,0,,4.7,Low,Critical,55.6,False,False,2,As needed,8.8,2024-11-11 09:19:22,2025-05-19 08:37:29
TSK0867,Create mockups,Create mockups for design phase of project PRJ098.,Design,PRJ098,Medium,Complex,33.7,,8,"CRM,Negotiation",Manager,Mid,,2.2,EMP140,2025-06-09,Blocked,87.0,2025-06-10,2025-06-19,,True,255,3,,,,TSK0076,False,,False,0,,7.0,Low,High,44.8,False,True,5,Daily,1.6,2025-03-11 16:33:26,2025-06-29 08:32:42
TSK0868,Create onboarding docs,Create onboarding docs for documentation phase of project PRJ023.,Documentation,PRJ023,Medium,Simple,2.1,,5,Prospecting,Developer,Mid,AWS Certified,4.1,EMP093,2024-06-14,Not Started,84.8,2024-06-18,2024-06-22,,False,-3,3,"TSK0193,TSK0059",,"TSK1394,TSK0561",,False,,False,0,,,Medium,Medium,20.3,False,True,1,As needed,3.4,2024-09-25 16:29:25,2025-06-13 15:33:05
TSK0869,Metrics dashboard,Metrics dashboard for analysis phase of project PRJ048.,Analysis,PRJ048,High,Simple,2.2,2.1,5,Recruiting,Analyst,Junior,,6.2,EMP020,2024-04-02,In Review,35.0,2024-04-05,2024-04-14,,True,686,2,,,"TSK1694,TSK0202",,False,,False,0,,6.9,Low,Low,46.2,False,False,5,Daily,6.6,2024-10-06 10:01:49,2025-09-21 17:25:44
TSK0870,Fix critical bug,Fix critical bug for development phase of project PRJ090.,Development,PRJ090,High,Simple,2.9,3.2,13,"FastAPI,Node.js,MongoDB",Tester,Senior,,6.9,EMP143,2025-03-07,Completed,100.0,2025-03-12,2025-03-19,2025-03-15,False,-5,5,,,,,False,8.1,False,0,7.0,6.1,Medium,Medium,19.2,False,False,1,Bi-weekly,9.5,2024-10-22 09:42:23,2024-06-19 14:32:50
TSK0871,Create onboarding docs,Create onboarding docs for documentation phase of project PRJ072.,Documentation,PRJ072,Medium,Simple,2.7,2.0,5,"MongoDB,Kubernetes,React",Designer,Senior,,3.4,EMP144,2025-05-11,Not Started,56.0,2025-05-16,2025-05-26,,False,-5,4,,,"TSK1375,TSK0784",,False,,False,0,,,High,High,24.1,False,False,3,Daily,6.3,2024-06-21 12:56:40,2024-08-03 10:14:33
TSK0872,Root cause analysis,Root cause analysis for analysis phase of project PRJ057.,Analysis,PRJ057,High,Moderate,12.1,,5,Prototyping,Analyst,Junior,AWS Certified,5.1,EMP147,2024-10-27,In Progress,0,2024-10-29,2024-11-09,,True,477,4,,TSK0891,"TSK0279,TSK1633",,False,,False,0,,,Medium,Low,12.8,True,True,4,Bi-weekly,6.7,2025-04-28 12:23:50,2024-08-02 16:49:45
TSK0873,Release notes,Release notes for documentation phase of project PRJ027.,Documentation,PRJ027,Low,Moderate,13.8,,1,"Employment Law,Recruiting,Training",Tester,Senior,AWS Certified,7.0,EMP150,2025-03-23,Blocked,32.8,2025-03-28,2025-04-01,,True,334,3,,TSK0890,"TSK1883,TSK1772",,False,,False,0,,,Medium,Critical,37.3,False,False,3,Weekly,9.8,2024-10-17 11:05:02,2024-10-08 17:36:13
TSK0874,Root cause analysis,Root cause analysis for analysis phase of project PRJ019.,Analysis,PRJ019,Low,Complex,47.9,55.4,1,Copywriting,Designer,Junior,PMP,5.2,EMP199,2024-02-03,Completed,100.0,2024-02-06,2024-02-15,2024-02-12,False,-3,5,"TSK0108,TSK0310",,"TSK1618,TSK1770",TSK0136,False,7.9,False,0,6.1,8.0,High,Critical,27.6,False,False,1,As needed,2.8,2024-11-02 14:41:28,2025-02-20 16:56:09
TSK0875,Create wireframes,Create wireframes for design phase of project PRJ025.,Design,PRJ025,Low,Moderate,15.6,,2,"User Research,Illustrator,Sketch",Developer,Mid,,2.2,EMP179,2024-11-05,In Review,9.5,2024-11-06,2024-11-16,,True,470,3,TSK0277,,"TSK0235,TSK1708",,True,,False,0,,8.0,Medium,Medium,6.4,False,True,4,Weekly,4.1,2024-07-04 09:24:35,2025-03-05 15:11:46
TSK0876,Code review,Code review for development phase of project PRJ021.,Development,PRJ021,Low,Simple,3.4,4.3,5,Email Marketing,Manager,Junior,PMP,7.0,EMP192,2024-05-12,Not Started,7.3,2024-05-13,2024-05-19,,False,-3,3,,,,,True,,False,0,,5.2,Medium,High,22.0,False,False,4,Daily,5.8,2024-03-19 18:27:43,2025-10-02 11:18:44
TSK0877,Build design system,Build design system for design phase of project PRJ081.,Design,PRJ081,Low,Simple,1.3,0.9,1,SAP,Tester,Junior,AWS Certified,6.3,EMP153,2024-03-17,In Review,55.2,2024-03-20,2024-03-25,,True,706,4,TSK0427,,"TSK0863,TSK1484",,False,,False,0,,,High,High,5,False,True,3,Weekly,6.4,2025-01-07 14:19:26,2025-07-10 11:38:30
TSK0878,Add unit tests,Add unit tests for development phase of project PRJ065.,Development,PRJ065,Low,Simple,3.2,,5,"Copywriting,Content Marketing",Tester,Senior,PMP,4.4,EMP070,2025-05-18,Not Started,43.2,2025-05-20,2025-05-27,,False,-1,5,,,,,True,,False,0,,,High,High,18.3,False,True,2,Daily,3.1,2024-04-07 08:01:18,2026-01-07 16:12:20
TSK0879,Update user guide,Update user guide for documentation phase of project PRJ006.,Documentation,PRJ006,High,Moderate,10.0,,3,"PostgreSQL,Django,SQL",Analyst,Mid,,5.6,EMP083,2025-01-05,Blocked,86.9,2025-01-09,2025-01-13,,True,412,3,"TSK0037,TSK0605",,,,False,,True,2,,,High,High,37.5,False,True,2,Daily,1.4,2024-04-09 13:21:58,2026-01-09 13:36:39
TSK0880,Impact assessment,Impact assessment for analysis phase of project PRJ095.,Analysis,PRJ095,Medium,Complex,44.9,,5,"JavaScript,TypeScript,GCP",Tester,Junior,,5.1,EMP098,2025-03-18,Not Started,26.4,2025-03-19,2025-04-03,,False,-4,3,,,,,False,,False,0,,8.6,Medium,Critical,44.7,False,False,4,Daily,1.2,2024-08-28 15:00:11,2024-10-04 13:13:34
TSK0881,Performance report,Performance report for analysis phase of project PRJ098.,Analysis,PRJ098,High,Moderate,14.4,,2,Communication,Developer,Mid,,4.4,EMP028,,In Review,31.0,2025-02-10,2025-02-21,,True,373,2,,,,,True,,False,0,,,High,High,35.3,False,True,4,Bi-weekly,2.2,2024-07-23 14:58:03,2024-06-29 15:18:33
TSK0882,Code review,Code review for development phase of project PRJ026.,Development,PRJ026,High,Simple,1.7,2.3,8,"Workday,SAP HR,Training",Tester,Mid,,8.2,EMP008,,In Progress,43.3,2024-10-08,2024-10-11,,True,506,4,,TSK0893,,,False,,False,0,,7.4,High,High,24.6,False,False,4,As needed,4.0,2024-07-17 09:58:59,2025-01-05 17:47:25
TSK0883,Architecture review,Architecture review for meeting phase of project PRJ023.,Meeting,PRJ023,High,Moderate,6.5,,8,"Social Media,Adobe Suite,SEO",Developer,Mid,,4.7,EMP051,2024-01-20,Blocked,0,2024-01-24,2024-01-28,,True,763,1,"TSK0427,TSK0377",,"TSK0788,TSK0575",,False,,False,0,,6.6,Low,Medium,40.9,False,False,2,Weekly,8.9,2024-02-15 14:34:33,2025-04-16 11:48:37
TSK0884,Brand refresh,Brand refresh for design phase of project PRJ076.,Design,PRJ076,High,Complex,41.4,,13,"SAP,Risk Analysis",Tester,Mid,Scrum Master,2.1,EMP029,2024-05-24,Blocked,56.5,2024-05-28,2024-06-11,,True,628,2,,,,,False,,False,0,,6.0,High,Critical,54.6,False,False,3,Weekly,4.6,2024-05-07 17:46:46,2025-05-22 17:05:40
TSK0885,Refactor database layer,Refactor database layer for development phase of project PRJ080.,Development,PRJ080,High,Moderate,13.9,,3,"Project Management,Power BI",Analyst,Senior,AWS Certified,2.1,EMP129,2025-03-31,In Progress,32.7,2025-04-01,2025-04-12,,True,323,2,TSK0700,,"TSK0740,TSK0668",TSK0094,False,,False,0,,8.6,High,High,29.8,True,True,4,Bi-weekly,7.5,2024-11-11 15:59:23,2025-08-08 11:25:21
TSK0886,Refactor database layer,Refactor database layer for development phase of project PRJ065.,Development,PRJ065,Medium,Complex,12.8,9.3,3,Salesforce,Designer,Mid,,1.5,EMP048,2025-04-04,Completed,100.0,2025-04-09,2025-04-14,2025-04-17,False,-1,2,"TSK0650,TSK0187",,"TSK0356,TSK0478",,False,7.3,False,0,6.6,6.3,High,High,33.0,False,False,5,As needed,4.8,2024-02-04 10:23:40,2026-01-21 16:18:22
TSK0887,Process documentation,Process documentation for documentation phase of project PRJ041.,Documentation,PRJ041,Critical,Complex,16.9,15.6,2,"Illustrator,User Research,Adobe XD",Designer,Junior,Scrum Master,3.1,EMP169,2025-05-28,Not Started,49.1,2025-05-29,2025-06-09,,False,-1,2,TSK0452,"TSK0899,TSK0903",,,False,,False,0,,,Medium,High,39.3,True,True,4,Daily,2.4,2024-01-17 11:26:25,2025-02-05 16:27:42
TSK0888,Design critique,Design critique for meeting phase of project PRJ007.,Meeting,PRJ007,Low,Complex,28.4,,2,"Employment Law,Workday",Tester,Junior,,1.9,EMP137,2025-05-27,Not Started,54.8,2025-05-29,2025-06-08,,False,-5,1,"TSK0093,TSK0001",,"TSK0977,TSK0177",,False,,False,0,,,Medium,High,9.6,False,False,1,As needed,2.7,2024-09-21 08:51:44,2025-09-28 18:04:40
TSK0889,Brand refresh,Brand refresh for design phase of project PRJ088.,Design,PRJ088,Medium,Complex,46.9,36.0,3,"Adobe XD,Figma,Prototyping",Developer,Mid,,8.3,EMP113,2024-11-30,Not Started,15.2,2024-12-02,2024-12-16,,False,-4,2,"TSK0653,TSK0636",,,,False,,False,0,,,High,Critical,39.4,False,True,4,As needed,8.1,2024-01-13 18:55:35,2024-08-03 14:48:00
TSK0890,Market sizing,Market sizing for research phase of project PRJ007.,Research,PRJ007,Critical,Complex,14.2,12.8,3,Prototyping,Manager,Junior,PMP,1,EMP006,2024-03-28,Completed,100.0,2024-03-31,2024-04-12,2024-04-12,False,-3,2,,TSK0895,"TSK0595,TSK1334",,False,7.4,False,0,7.2,10,Medium,Low,28.1,True,False,5,Weekly,8.7,2025-01-28 13:34:44,2025-01-11 13:40:11
TSK0891,Market sizing,Market sizing for research phase of project PRJ031.,Research,PRJ031,Medium,Complex,38.1,,5,"Excel,ERP",Tester,Mid,,7.6,EMP157,2024-11-23,Blocked,14.7,2024-11-27,2024-12-11,,True,445,1,TSK0609,,"TSK1757,TSK1702",,False,,True,2,,7.6,High,Medium,24.2,False,True,4,As needed,1.1,2024-11-13 18:24:52,2025-05-04 18:02:41
TSK0892,Kickoff meeting,Kickoff meeting for meeting phase of project PRJ020.,Meeting,PRJ020,Medium,Simple,1.2,,1,"PostgreSQL,Django,MongoDB",Designer,Mid,,5.5,EMP183,2025-09-21,Not Started,49.2,2025-09-22,2025-09-25,,False,-1,1,,,,,False,,False,0,,,High,Medium,26.1,False,False,5,Weekly,0.7,2024-12-15 13:05:19,2025-08-19 10:43:56
TSK0893,Performance report,Performance report for analysis phase of project PRJ002.,Analysis,PRJ002,High,Simple,4.0,4.9,8,Salesforce,Designer,Mid,PMP,1.8,EMP118,2025-04-26,Blocked,87.7,2025-04-27,2025-05-05,,True,300,3,"TSK0550,TSK0572",TSK0909,"TSK0486,TSK0917",,True,,False,0,,,Low,High,26.2,False,True,4,Bi-weekly,8.6,2024-08-12 11:21:34,2025-04-18 09:44:22
TSK0894,Team retrospective,Team retrospective for meeting phase of project PRJ009.,Meeting,PRJ009,High,Moderate,4.5,4.7,8,FastAPI,Tester,Senior,Scrum Master,7.1,EMP134,2025-03-13,Not Started,56.1,2025-03-17,2025-03-26,,False,-1,2,,,,,False,,True,2,,5.5,Medium,Critical,33.1,False,True,3,Bi-weekly,5.9,2025-01-26 08:57:52,2025-10-11 08:11:35
TSK0895,Architecture review,Architecture review for meeting phase of project PRJ061.,Meeting,PRJ061,Medium,Complex,29.8,,5,"Lean Six Sigma,Excel",Tester,Mid,Scrum Master,4.1,EMP190,2025-04-08,In Progress,83.7,2025-04-11,2025-04-18,,True,317,2,,,"TSK1466,TSK1957",,False,,False,0,,7.7,High,Medium,30.5,False,True,1,Weekly,1.9,2024-02-02 12:19:08,2024-09-06 15:38:20
TSK0896,Build design system,Build design system for design phase of project PRJ039.,Design,PRJ039,Critical,Moderate,8.2,10.7,2,"ERP,Project Management,Supply Chain",Manager,Mid,,7.7,EMP199,2024-10-16,In Review,61.1,2024-10-17,2024-10-24,,True,493,4,TSK0452,,"TSK0768,TSK1787",,False,,False,0,,,Medium,Critical,15.7,False,True,2,Daily,6.3,2024-02-23 16:56:32,2025-10-28 08:28:51
TSK0897,Build design system,Build design system for design phase of project PRJ036.,Design,PRJ036,Low,Simple,2.0,,8,"HRIS,Workday",Analyst,Senior,AWS Certified,3.4,EMP109,2025-03-27,Not Started,7.6,2025-03-31,2025-04-09,,False,-1,2,,,,,True,,False,0,,,High,High,39.1,True,True,1,As needed,4.7,2025-03-16 16:15:54,2025-09-29 10:56:01
TSK0898,Fix critical bug,Fix critical bug for development phase of project PRJ099.,Development,PRJ099,Medium,Moderate,14.5,,1,"SEO,Copywriting,Google Analytics",Tester,Senior,,3.3,EMP181,2024-05-12,In Review,72.7,2024-05-17,2024-05-26,,True,644,5,,,,,False,,False,0,,8.6,Medium,Low,42.0,True,True,4,Daily,5.7,2024-03-10 14:05:33,2026-02-18 11:45:09
TSK0899,Release notes,Release notes for documentation phase of project PRJ090.,Documentation,PRJ090,Medium,Moderate,16.0,19.9,2,"Negotiation,Communication",Developer,Junior,,4.4,EMP093,2024-01-16,Completed,100.0,2024-01-18,2024-01-23,2024-01-19,False,-1,5,,,"TSK0166,TSK1627",,False,7.8,False,0,7.6,5.3,Low,Critical,31.6,False,False,2,As needed,6.0,2025-01-02 15:14:29,2025-09-16 13:27:47
TSK0900,Stakeholder review,Stakeholder review for meeting phase of project PRJ089.,Meeting,PRJ089,Critical,Very Complex,87.9,95.4,5,Adobe XD,Analyst,Mid,PMP,5.6,EMP156,2025-01-08,Not Started,25.6,2025-01-13,2025-01-31,,False,-3,1,"TSK0370,TSK0160",,,TSK0350,False,,True,1,,9.1,Medium,Low,56.1,False,True,3,As needed,8.6,2024-08-28 11:47:12,2025-01-05 08:22:27
TSK0901,Build REST API,Build REST API for development phase of project PRJ081.,Development,PRJ081,Critical,Simple,1.4,1.5,13,"Excel,Negotiation,Salesforce",Designer,Junior,AWS Certified,2.9,EMP191,2025-03-05,In Progress,30.8,2025-03-06,2025-03-15,,True,351,5,,,"TSK1650,TSK1330",,False,,True,3,,6.6,Medium,Low,50.8,False,True,5,As needed,6.6,2024-05-01 16:07:17,2025-01-28 11:48:20
TSK0902,Team retrospective,Team retrospective for meeting phase of project PRJ067.,Meeting,PRJ067,Medium,Very Complex,52.3,,8,"React,Django",Tester,Mid,AWS Certified,8.4,EMP152,2025-01-01,In Review,0,2025-01-06,2025-01-24,,True,401,5,,,,,False,,False,0,,5.5,Medium,High,65.5,False,False,3,Daily,0.9,2025-04-19 14:34:36,2025-12-16 11:52:25
TSK0903,Create mockups,Create mockups for design phase of project PRJ083.,Design,PRJ083,High,Complex,24.1,23.5,3,"Adobe Suite,Content Marketing,A/B Testing",Developer,Junior,,4.6,EMP200,2025-01-14,Blocked,67.5,2025-01-19,2025-01-31,,True,394,5,,,"TSK1650,TSK0178",,False,,False,0,,,Medium,High,36.4,False,False,3,As needed,1.2,2025-05-09 08:24:07,2024-09-07 12:55:00
TSK0904,Icon set design,Icon set design for design phase of project PRJ022.,Design,PRJ022,High,Complex,24.2,,13,"Project Management,Excel",Developer,Senior,,4.7,EMP195,2024-12-22,Blocked,17.1,2024-12-25,2025-01-08,,True,417,3,,,,,False,,False,0,,8.0,Medium,Low,5,False,True,2,Daily,2.2,2024-12-29 17:44:55,2024-07-06 15:29:17
TSK0905,Market sizing,Market sizing for research phase of project PRJ057.,Research,PRJ057,High,Moderate,6.3,6.9,2,Lean Six Sigma,Tester,Mid,,1.7,EMP178,2024-02-19,Not Started,67.2,2024-02-24,2024-03-03,,False,-5,3,,,"TSK0730,TSK0481",,False,,False,0,,9.7,Low,Low,53.8,False,False,2,As needed,2.1,2024-06-22 11:58:05,2024-07-18 15:44:50
TSK0906,Update user guide,Update user guide for documentation phase of project PRJ091.,Documentation,PRJ091,High,Moderate,9.7,,2,"SAP,Bloomberg",Manager,Junior,,7.3,EMP179,2024-02-01,Blocked,71.5,2024-02-02,2024-02-10,,True,750,3,,TSK0923,"TSK1537,TSK0226",,False,,True,3,,7.2,Low,Critical,17.9,True,True,4,Weekly,3.7,2024-04-16 16:51:44,2025-11-24 14:40:34
TSK0907,Performance report,Performance report for analysis phase of project PRJ026.,Analysis,PRJ026,Medium,Moderate,15.6,14.0,13,Communication,Designer,Mid,,5.7,EMP191,2024-11-09,Completed,100.0,2024-11-14,2024-11-25,2024-11-30,False,0,2,,,"TSK1360,TSK1437",,False,8.1,True,1,6.1,5.2,High,High,27.6,False,True,4,Daily,2.2,2024-10-03 11:09:15,2025-06-12 17:48:56
TSK0908,Build REST API,Build REST API for development phase of project PRJ052.,Development,PRJ052,Medium,Complex,28.5,35.1,5,"Django,GCP,PostgreSQL",Manager,Senior,Scrum Master,4.8,EMP039,2025-05-24,In Review,91.0,2025-05-28,2025-06-07,,True,267,1,,,,,False,,False,0,,5.4,High,Critical,36.9,False,False,5,Weekly,8.1,2025-05-26 18:57:46,2026-01-12 16:15:44
TSK0909,Build design system,Build design system for design phase of project PRJ067.,Design,PRJ067,Low,Simple,3.7,,5,"Sketch,Illustrator",Analyst,Senior,,4.7,EMP175,2024-01-01,In Progress,51.9,2024-01-06,2024-01-16,,True,775,2,,,"TSK1788,TSK1139",,False,,False,0,,9.8,Medium,High,15.5,False,True,1,Daily,1.3,2024-06-01 11:19:51,2025-01-13 18:28:55
TSK0910,Build REST API,Build REST API for development phase of project PRJ038.,Development,PRJ038,High,Complex,22.2,,13,"VBA,Excel",Designer,Junior,,5.6,EMP156,2024-05-02,Blocked,21.8,2024-05-05,2024-05-13,,True,657,4,,,,TSK0182,True,,False,0,,9.8,Medium,Low,5,True,False,1,Weekly,7.8,2024-07-14 15:34:56,2024-06-18 08:24:34
TSK0911,Write integration tests,Write integration tests for testing phase of project PRJ002.,Testing,PRJ002,High,Moderate,15.8,,13,Project Management,Analyst,Junior,,4.4,EMP151,,In Progress,40.6,2025-01-05,2025-01-14,,True,411,3,"TSK0864,TSK0104","TSK0922,TSK0927","TSK0202,TSK0768",,True,,False,0,,,Medium,Low,10.4,True,False,2,Bi-weekly,0.6,2024-01-27 10:15:11,2024-12-17 10:46:48
TSK0912,Data analysis,Data analysis for analysis phase of project PRJ016.,Analysis,PRJ016,Medium,Moderate,12.2,11.2,3,Communication,Developer,Mid,,5.7,,2025-05-31,Blocked,53.8,2025-06-03,2025-06-08,,True,266,3,,,"TSK1754,TSK1898",,False,,False,0,,8.3,Low,High,5,False,False,5,Bi-weekly,6.9,2024-05-05 17:54:36,2025-09-23 17:50:34
TSK0913,Performance report,Performance report for analysis phase of project PRJ012.,Analysis,PRJ012,Medium,Simple,3.0,3.8,1,"Power BI,Supply Chain",Developer,Senior,AWS Certified,6.5,EMP054,2024-04-13,Blocked,34.6,2024-04-15,2024-04-18,,True,682,3,"TSK0681,TSK0357",,,,False,,True,2,,,High,Critical,17.5,True,False,2,Daily,7.4,2024-11-18 14:22:26,2025-09-19 17:45:06
TSK0914,Root cause analysis,Root cause analysis for analysis phase of project PRJ055.,Analysis,PRJ055,Medium,Complex,44.2,45.3,2,"Financial Modeling,QuickBooks",Manager,Senior,PMP,5.0,EMP006,2025-09-18,In Progress,49.7,2025-09-23,2025-10-06,,True,146,3,,,"TSK1377,TSK1953",,False,,False,0,,,Medium,High,27.0,True,True,4,Daily,4.3,2025-02-03 16:42:16,2025-04-24 18:03:06
TSK0915,UAT coordination,UAT coordination for testing phase of project PRJ056.,Testing,PRJ056,High,Simple,2.0,,5,Risk Analysis,Tester,Senior,,3.4,EMP166,2024-01-17,Blocked,67.2,2024-01-19,2024-01-27,,True,764,1,,TSK0921,,,False,,True,3,,6.2,Medium,Critical,24.7,False,False,2,Daily,0.5,2024-06-29 08:32:21,2024-11-04 08:41:23
TSK0916,Feasibility study,Feasibility study for research phase of project PRJ034.,Research,PRJ034,Medium,Moderate,15.8,,8,User Research,Designer,Senior,,5.6,EMP121,2024-12-29,In Review,34.8,2025-01-01,2025-01-11,,True,414,3,,,"TSK0374,TSK1546",TSK0075,False,,False,0,,3,High,High,56.9,False,True,3,Weekly,1.8,2024-08-30 10:39:40,2026-01-09 13:42:32
TSK0917,User research,User research for research phase of project PRJ038.,Research,PRJ038,Low,Very Complex,111.6,,13,"Supply Chain,Excel",Analyst,Junior,,3.6,,2024-08-07,Blocked,60.8,2024-08-12,2024-09-01,,True,546,3,"TSK0738,TSK0857",,"TSK0502,TSK0216",TSK0445,False,,False,0,,6.7,Medium,Critical,16.2,True,False,2,Daily,0.5,2024-10-29 18:52:12,2024-12-25 13:37:54
TSK0918,Data analysis,Data analysis for analysis phase of project PRJ006.,Analysis,PRJ006,Low,Moderate,7.5,8.7,8,Workday,Manager,Junior,PMP,6.1,EMP100,2024-11-30,Completed,100.0,2024-12-03,2024-12-12,2024-12-11,False,-3,5,,,,,True,7.3,False,0,8.1,6.2,Low,Medium,16.5,False,True,1,Daily,4.2,2025-02-22 15:36:24,2026-02-04 11:39:56
TSK0919,Icon set design,Icon set design for design phase of project PRJ036.,Design,PRJ036,High,Complex,45.5,,8,SAP,Developer,Mid,,6.2,EMP107,,In Progress,10.5,2025-09-07,2025-09-18,,True,164,5,"TSK0551,TSK0436",,"TSK0673,TSK1907",,True,,True,3,,7.0,High,High,54.1,False,False,1,As needed,1.1,2024-11-15 14:19:35,2025-10-19 14:00:33
TSK0920,Architecture review,Architecture review for meeting phase of project PRJ048.,Meeting,PRJ048,High,Very Complex,57.5,,13,Employment Law,Manager,Junior,,3.7,EMP104,2024-07-23,Not Started,53.1,2024-07-26,2024-08-08,,False,-2,3,TSK0501,,"TSK0845,TSK0154",,False,,False,0,,6.0,High,Critical,15.7,True,True,4,Daily,9.5,2024-05-10 11:16:55,2026-01-18 12:52:59
TSK0921,Test automation,Test automation for testing phase of project PRJ094.,Testing,PRJ094,Medium,Moderate,7.2,,8,"Risk Analysis,SAP",Manager,Mid,,3.5,,2024-07-05,Not Started,40.3,2024-07-07,2024-07-16,,False,0,1,,,,,False,,False,0,,7.3,Low,Critical,54.3,False,True,5,Bi-weekly,4.2,2024-03-29 09:02:53,2024-12-16 08:34:53
TSK0922,Write API docs,Write API docs for documentation phase of project PRJ057.,Documentation,PRJ057,High,Moderate,6.6,,1,Adobe XD,Analyst,Senior,PMP,5.9,EMP163,2024-10-25,Not Started,0,2024-10-30,2024-11-06,,False,-2,1,TSK0528,,,TSK0726,False,,True,2,,8.4,Low,Medium,21.7,False,True,2,Weekly,4.6,2024-08-23 13:42:18,2025-02-25 18:17:21
TSK0923,Root cause analysis,Root cause analysis for analysis phase of project PRJ070.,Analysis,PRJ070,Critical,Complex,34.2,,13,"Docker,Node.js",Tester,Mid,AWS Certified,7.5,EMP083,2024-07-22,In Review,43.7,2024-07-26,2024-08-02,,True,576,1,,TSK0938,,,False,,False,0,,,High,Medium,5,False,True,1,Daily,3.3,2024-02-04 11:17:13,2024-10-01 14:09:39
TSK0924,Design landing page,Design landing page for design phase of project PRJ026.,Design,PRJ026,High,Moderate,5.5,,2,"Adobe Suite,Copywriting",Analyst,Mid,,7.1,EMP005,2025-01-10,In Progress,7.1,2025-01-13,2025-01-22,,True,403,1,,,,,False,,True,3,,5.5,High,Low,26.6,False,True,1,As needed,4.6,2024-09-27 11:41:58,2025-04-27 17:49:14
TSK0925,UAT coordination,UAT coordination for testing phase of project PRJ047.,Testing,PRJ047,Critical,Very Complex,112.8,134.3,2,"JavaScript,PostgreSQL,GCP",Tester,Junior,,5.0,EMP174,2025-01-04,Completed,100.0,2025-01-06,2025-02-01,2025-02-02,False,-2,2,,,,,False,7.7,False,0,8.2,,Medium,Low,37.2,False,True,5,Bi-weekly,8.1,2024-04-12 18:04:42,2025-08-16 16:46:35
TSK0926,Architecture review,Architecture review for meeting phase of project PRJ029.,Meeting,PRJ029,Medium,Simple,1.2,1.5,5,"Sketch,Illustrator,Prototyping",Analyst,Junior,Scrum Master,2.1,EMP050,2025-05-21,In Review,57.4,2025-05-22,2025-06-01,,True,273,3,"TSK0815,TSK0506",,,,False,,False,0,,7.6,Medium,High,14.6,True,True,5,As needed,6.3,2024-06-25 09:03:37,2025-02-28 11:54:34
TSK0927,Add unit tests,Add unit tests for development phase of project PRJ045.,Development,PRJ045,High,Complex,28.4,,1,Employment Law,Manager,Junior,AWS Certified,5.3,EMP134,2025-06-04,Blocked,75.0,2025-06-07,2025-06-21,,True,253,2,,,"TSK1234,TSK0843",,False,,False,0,,7.5,High,High,36.0,False,False,2,Daily,9.1,2025-01-10 11:59:57,2025-07-26 11:16:28
TSK0928,Data analysis,Data analysis for analysis phase of project PRJ081.,Analysis,PRJ081,Low,Very Complex,64.9,47.3,3,Content Marketing,Developer,Mid,Scrum Master,1,EMP180,2025-03-26,Blocked,7.1,2025-03-30,2025-04-19,,True,316,1,,,,TSK0563,False,,False,0,,,Medium,High,46.0,False,True,1,As needed,9.0,2025-04-08 12:49:42,2024-09-30 08:20:25
TSK0929,Competitor analysis,Competitor analysis for research phase of project PRJ025.,Research,PRJ025,High,Moderate,6.1,6.1,5,"Prospecting,HubSpot",Analyst,Mid,PMP,3.1,EMP107,2024-01-28,In Review,32.9,2024-02-02,2024-02-07,,True,753,3,,"TSK0947,TSK0943","TSK1456,TSK0208",,False,,False,0,,,High,Medium,45.0,False,True,4,Weekly,7.9,2024-02-29 16:09:58,2025-01-11 15:07:01
TSK0930,Security audit,Security audit for testing phase of project PRJ076.,Testing,PRJ076,Medium,Very Complex,47.8,,13,"ERP,Excel",Manager,Mid,PMP,4.8,EMP049,2024-09-04,Blocked,24.2,2024-09-08,2024-09-19,,True,528,4,,"TSK0933,TSK0934",,,False,,False,0,,9.1,Medium,Critical,5,False,True,5,Daily,5.7,2024-08-24 18:45:17,2025-03-02 08:53:08
TSK0931,Market sizing,Market sizing for research phase of project PRJ083.,Research,PRJ083,High,Simple,2.5,,2,"ERP,Excel,Power BI",Designer,Senior,,6.0,EMP079,2025-07-04,In Progress,99,2025-07-09,2025-07-18,,True,226,3,,,"TSK0436,TSK1547",,False,,False,0,,7.1,Low,Medium,15.6,False,True,2,As needed,6.6,2024-02-23 16:06:38,2025-04-03 12:18:35
TSK0932,Update user guide,Update user guide for documentation phase of project PRJ008.,Documentation,PRJ008,High,Simple,2.6,,13,"VBA,QuickBooks",Analyst,Mid,,4.6,EMP122,2025-09-15,In Progress,53.5,2025-09-16,2025-09-19,,True,163,5,"TSK0029,TSK0037",TSK0945,,,False,,False,0,,8.6,Low,Medium,5,False,False,4,As needed,9.2,2024-09-23 13:58:26,2025-08-05 15:03:59
TSK0933,Brand refresh,Brand refresh for design phase of project PRJ057.,Design,PRJ057,Critical,Moderate,4.8,5.3,5,"Excel,Communication",Manager,Senior,AWS Certified,2.1,EMP136,2025-01-14,Not Started,6.1,2025-01-18,2025-01-25,,False,-1,4,,,,,True,,False,0,,7.9,High,Low,23.2,False,False,2,Weekly,6.0,2025-04-22 16:17:03,2025-10-29 18:29:04
TSK0934,Write API docs,Write API docs for documentation phase of project PRJ047.,Documentation,PRJ047,Medium,Moderate,8.8,,13,"Project Management,Supply Chain",Analyst,Mid,,4.0,EMP018,2024-02-19,In Progress,67.2,2024-02-20,2024-02-23,,True,737,3,,,,,False,,False,0,,,Medium,Medium,8.2,False,True,3,As needed,0.0,2024-04-05 10:25:43,2024-06-19 13:56:26
TSK0935,Stakeholder review,Stakeholder review for meeting phase of project PRJ090.,Meeting,PRJ090,Critical,Simple,2.9,2.8,5,"FastAPI,Django",Analyst,Senior,,5.1,EMP075,2024-08-24,Completed,100.0,2024-08-27,2024-09-04,2024-09-02,False,-4,2,"TSK0705,TSK0534",,,TSK0510,False,8.2,False,0,8.5,,Medium,Medium,21.1,False,False,4,Daily,7.2,2024-08-06 17:07:50,2025-10-17 10:12:48
TSK0936,Create wireframes,Create wireframes for design phase of project PRJ071.,Design,PRJ071,Medium,Complex,20.1,24.0,3,"Adobe Suite,A/B Testing",Manager,Junior,AWS Certified,7.9,EMP136,2024-11-20,In Progress,99,2024-11-23,2024-12-02,,True,454,1,,,,,False,,False,0,,9.2,Low,Critical,39.2,False,True,3,Weekly,6.9,2024-01-11 08:17:53,2025-04-17 12:21:31
TSK0937,Update user guide,Update user guide for documentation phase of project PRJ037.,Documentation,PRJ037,Low,Complex,20.3,,5,"Recruiting,HRIS,Conflict Resolution",Analyst,Senior,,3.0,EMP080,2025-02-06,In Progress,80.4,2025-02-10,2025-02-20,,True,374,2,TSK0796,"TSK0954,TSK0949","TSK1041,TSK1890",,False,,False,0,,7.6,High,Critical,51.2,False,True,4,Bi-weekly,5.5,2025-02-05 15:35:51,2024-10-12 14:53:14
TSK0938,User research,User research for research phase of project PRJ049.,Research,PRJ049,High,Moderate,4.8,,1,"Excel,ERP",Manager,Junior,,5.3,EMP076,,In Review,19.1,2025-09-06,2025-09-11,,True,171,1,"TSK0430,TSK0649",,,,False,,False,0,,5.7,High,High,30.4,False,True,3,Daily,5.6,2024-11-14 15:36:28,2025-06-08 18:13:04
TSK0939,KPI review,KPI review for analysis phase of project PRJ088.,Analysis,PRJ088,High,Moderate,14.3,19.5,1,"Financial Modeling,SAP,Risk Analysis",Analyst,Mid,,6.1,EMP151,2025-03-02,In Review,66.7,2025-03-07,2025-03-15,,True,351,2,,,"TSK1686,TSK0384",,False,,False,0,,5.2,Medium,High,48.1,False,False,4,Bi-weekly,8.6,2024-09-15 09:47:51,2024-12-19 08:02:46
TSK0940,Data analysis,Data analysis for analysis phase of project PRJ080.,Analysis,PRJ080,Medium,Simple,1.1,,13,Excel,Designer,Mid,PMP,1.7,EMP129,2025-10-26,In Review,22.2,2025-10-28,2025-11-05,,True,116,4,,,,,False,,True,3,,7.2,Low,Medium,29.3,False,True,4,As needed,1.7,2024-07-07 13:29:33,2024-12-19 14:14:26
TSK0941,Process documentation,Process documentation for documentation phase of project PRJ014.,Documentation,PRJ014,Low,Simple,3.1,,5,CRM,Analyst,Junior,,3.3,EMP164,2024-02-18,In Progress,2.3,2024-02-19,2024-02-21,,True,739,1,TSK0765,,,TSK0930,False,,False,0,,,High,Low,73.7,True,False,4,Daily,3.2,2024-01-29 16:51:23,2024-10-05 09:44:04
TSK0942,Data analysis,Data analysis for analysis phase of project PRJ042.,Analysis,PRJ042,Low,Complex,15.9,,5,SAP,Tester,Junior,,6.0,EMP085,2024-03-17,In Progress,55.0,2024-03-18,2024-03-23,,True,708,2,,,"TSK0524,TSK0782",,True,,False,0,,,Medium,High,30.1,False,True,3,Weekly,3.4,2024-03-07 10:29:21,2025-01-20 14:47:11
TSK0943,Security audit,Security audit for testing phase of project PRJ061.,Testing,PRJ061,High,Complex,14.0,17.3,8,SAP,Tester,Senior,,4.3,EMP199,2025-11-04,In Progress,48.0,2025-11-07,2025-11-15,,True,106,4,,,,,False,,False,0,,7.4,Medium,Critical,51.3,True,False,1,Daily,8.5,2025-02-03 09:02:18,2024-11-24 08:15:01
TSK0944,Feasibility study,Feasibility study for research phase of project PRJ027.,Research,PRJ027,Critical,Complex,20.4,21.8,5,"Excel,Supply Chain,Project Management",Analyst,Mid,PMP,5.0,EMP185,2024-03-06,Completed,100.0,2024-03-08,2024-03-18,2024-03-20,False,-5,5,,"TSK0954,TSK0952","TSK0358,TSK0849",TSK0612,True,7.2,False,0,7.2,7.3,High,Low,36.3,False,True,2,Weekly,2.8,2024-11-07 09:20:58,2025-05-12 10:36:47
TSK0945,KPI review,KPI review for analysis phase of project PRJ080.,Analysis,PRJ080,Low,Moderate,15.9,12.1,8,Django,Manager,Junior,,1.6,EMP021,2025-09-23,Completed,100.0,2025-09-24,2025-10-04,2025-10-09,False,-5,1,TSK0060,,"TSK0107,TSK1242",,True,8.2,False,0,7.9,5.3,Medium,Low,5,False,True,4,Daily,3.3,2024-01-02 14:33:36,2024-06-27 10:52:23
TSK0946,Sprint planning,Sprint planning for meeting phase of project PRJ048.,Meeting,PRJ048,High,Complex,30.8,,3,Financial Modeling,Tester,Junior,PMP,3.2,EMP068,2025-07-24,Blocked,39.8,2025-07-26,2025-08-06,,True,207,1,,,"TSK0238,TSK1383",,False,,False,0,,8.5,Medium,High,15.4,False,False,1,Weekly,2.0,2024-09-11 15:58:48,2025-03-28 12:53:31
TSK0947,Add unit tests,Add unit tests for development phase of project PRJ045.,Development,PRJ045,Critical,Moderate,6.6,5.1,1,VBA,Manager,Senior,PMP,5.5,EMP131,2024-01-28,Completed,100.0,2024-02-01,2024-02-04,2024-02-04,False,-4,4,"TSK0676,TSK0945",,"TSK0948,TSK0213",,False,7.8,False,0,7.7,7.2,Medium,Medium,40.1,False,False,4,As needed,2.4,2024-12-16 16:28:51,2026-01-18 12:37:44
TSK0948,Icon set design,Icon set design for design phase of project PRJ085.,Design,PRJ085,Medium,Complex,15.9,20.9,5,"Java,SQL,Docker",Manager,Junior,,4.1,EMP085,2025-07-21,Not Started,66.2,2025-07-25,2025-07-30,,False,-4,4,,,,,True,,False,0,,7.4,Low,Critical,24.6,False,True,4,Bi-weekly,9.5,2024-07-20 12:59:42,2025-03-07 12:13:17
TSK0949,Deploy to staging,Deploy to staging for development phase of project PRJ024.,Development,PRJ024,High,Moderate,12.3,13.7,5,"Conflict Resolution,HRIS,Workday",Manager,Mid,,1.7,EMP081,2024-02-26,In Review,60.2,2024-02-27,2024-03-10,,True,721,4,,,,,True,,False,0,,,Medium,Critical,44.8,False,False,2,Bi-weekly,8.2,2025-05-21 15:41:43,2025-06-26 08:06:14
TSK0950,Implement authentication module,Implement authentication module for development phase of project PRJ003.,Development,PRJ003,High,Moderate,9.1,,5,Content Marketing,Developer,Junior,,5.2,EMP036,2024-05-02,In Review,30.5,2024-05-06,2024-05-14,,True,656,4,,TSK0969,,,False,,False,0,,4.9,High,Critical,49.7,False,False,1,Bi-weekly,3.5,2024-05-19 09:43:15,2024-08-06 17:05:15
TSK0951,Update user guide,Update user guide for documentation phase of project PRJ049.,Documentation,PRJ049,Medium,Simple,2.8,2.3,1,Power BI,Manager,Senior,,5.4,,2024-06-08,Not Started,21.8,2024-06-12,2024-06-21,,False,-4,4,,,,TSK0587,False,,False,0,,8.9,Medium,High,30.7,False,False,5,Bi-weekly,4.8,2025-04-12 18:25:02,2025-02-22 09:58:46
TSK0952,User testing,User testing for design phase of project PRJ070.,Design,PRJ070,Low,Moderate,9.8,13.6,5,Negotiation,Tester,Junior,,5.3,EMP049,2024-10-15,Completed,100.0,2024-10-20,2024-10-27,2024-10-26,False,-1,3,"TSK0119,TSK0170","TSK0960,TSK0955","TSK0289,TSK0503",,False,7.5,False,0,10,6.3,High,Critical,43.0,False,True,5,Weekly,5.8,2025-05-06 13:38:36,2024-07-23 13:32:33
TSK0953,UAT coordination,UAT coordination for testing phase of project PRJ015.,Testing,PRJ015,Medium,Complex,37.8,,1,"Illustrator,User Research",Developer,Senior,,4.7,EMP002,2024-10-24,Blocked,62.0,2024-10-29,2024-11-07,,True,479,1,,,,,False,,False,0,,,Medium,High,8.8,False,False,5,Daily,7.6,2025-05-02 13:10:52,2025-04-13 08:44:00
TSK0954,Add unit tests,Add unit tests for development phase of project PRJ059.,Development,PRJ059,Medium,Simple,2.8,,8,"ERP,Lean Six Sigma,Excel",Analyst,Senior,,6.8,EMP007,2024-10-18,In Progress,3.4,2024-10-22,2024-10-25,,True,492,2,,TSK0972,,TSK0550,False,,False,0,,4.8,Low,Medium,58.4,False,False,2,Bi-weekly,3.8,2024-05-21 17:17:17,2024-10-28 12:52:30
TSK0955,Create wireframes,Create wireframes for design phase of project PRJ018.,Design,PRJ018,Low,Moderate,15.2,,2,"Adobe XD,User Research,Prototyping",Tester,Senior,,4.3,,2024-09-02,In Progress,24.9,2024-09-07,2024-09-14,,True,533,3,TSK0840,,"TSK1472,TSK1524",,False,,False,0,,9.2,High,Medium,23.1,True,True,2,Bi-weekly,8.1,2025-05-19 13:10:08,2025-11-08 16:14:09
TSK0956,Build REST API,Build REST API for development phase of project PRJ098.,Development,PRJ098,High,Moderate,13.2,14.3,3,ERP,Manager,Senior,,8.6,EMP113,2025-09-10,Blocked,99,2025-09-12,2025-09-18,,True,164,5,,,"TSK1641,TSK0520",,False,,False,0,,10,High,Critical,5,False,True,3,Daily,2.3,2024-07-19 09:06:55,2025-07-04 13:13:07
TSK0957,Icon set design,Icon set design for design phase of project PRJ054.,Design,PRJ054,Medium,Very Complex,92.5,89.2,2,"Excel,Risk Analysis,Bloomberg",Developer,Senior,,2.0,EMP123,2025-03-26,Blocked,0.4,2025-03-29,2025-04-15,,True,320,3,"TSK0781,TSK0565",,,,True,,False,0,,5.7,High,Medium,35.6,False,True,5,Weekly,8.5,2025-03-16 08:51:25,2025-12-04 14:40:55
TSK0958,Release notes,Release notes for documentation phase of project PRJ090.,Documentation,PRJ090,High,Moderate,6.8,4.8,8,"QuickBooks,SAP",Designer,Senior,,5.6,EMP153,2025-02-22,Completed,100.0,2025-02-27,2025-03-06,2025-03-09,False,-4,5,,,,,False,9.0,False,0,7.0,,Medium,Critical,28.0,True,False,2,Daily,7.0,2024-03-24 11:46:48,2024-06-14 14:53:20
TSK0959,Root cause analysis,Root cause analysis for analysis phase of project PRJ026.,Analysis,PRJ026,Medium,Simple,3.1,4.2,3,"JavaScript,Kubernetes",Manager,Senior,,6.6,EMP196,2024-03-12,Completed,100.0,2024-03-13,2024-03-16,2024-03-17,False,0,5,,,,,True,5.7,False,0,8.0,5.5,Low,Low,41.0,False,True,2,Daily,2.0,2024-09-30 17:29:15,2024-09-29 08:23:13
TSK0960,Process documentation,Process documentation for documentation phase of project PRJ067.,Documentation,PRJ067,Medium,Complex,20.0,,13,Python,Developer,Senior,,2.9,EMP108,2024-09-30,In Progress,25.0,2024-10-05,2024-10-12,,True,505,5,TSK0041,"TSK0964,TSK0961",,,False,,False,0,,6.8,High,Critical,7.2,False,True,4,Weekly,1.0,2024-02-03 08:38:19,2025-05-09 11:04:38
TSK0961,Team retrospective,Team retrospective for meeting phase of project PRJ091.,Meeting,PRJ091,High,Simple,3.7,3.4,5,"Sketch,Figma,Illustrator",Tester,Junior,,1,EMP199,2024-06-14,Completed,100.0,2024-06-17,2024-06-26,2024-06-27,False,-2,1,,,,,False,7.8,False,0,6.8,7.9,Medium,Low,28.8,False,True,4,Weekly,7.4,2025-05-11 11:29:10,2024-11-03 18:20:30
TSK0962,Test automation,Test automation for testing phase of project PRJ070.,Testing,PRJ070,Medium,Simple,1.6,,2,"Excel,Power BI",Designer,Senior,,6.4,EMP037,2024-08-01,Not Started,61.2,2024-08-04,2024-08-14,,False,-5,5,,,,,False,,False,0,,7.2,Low,Low,45.3,False,False,3,As needed,4.5,2024-01-13 14:06:40,2024-11-02 13:07:31
TSK0963,UAT coordination,UAT coordination for testing phase of project PRJ031.,Testing,PRJ031,Medium,Simple,2.6,,8,"SAP HR,Training",Manager,Junior,,9.9,EMP026,2025-06-04,In Progress,66.5,2025-06-08,2025-06-13,,True,261,5,TSK0457,,,,False,,False,0,,6.1,Low,Critical,28.3,False,False,1,Weekly,5.5,2024-06-12 15:53:29,2025-04-01 14:39:48
TSK0964,Performance testing,Performance testing for testing phase of project PRJ092.,Testing,PRJ092,Medium,Moderate,7.5,,3,"Photoshop,Adobe XD",Analyst,Junior,AWS Certified,8.6,EMP028,2024-10-27,In Review,60.6,2024-10-28,2024-11-07,,True,479,5,,"TSK0978,TSK0976","TSK0276,TSK0775",,True,,False,0,,,Low,Low,5,True,False,2,Daily,2.7,2024-07-24 08:58:50,2025-10-11 15:36:53
TSK0965,Add unit tests,Add unit tests for development phase of project PRJ093.,Development,PRJ093,Low,Simple,3.7,,2,A/B Testing,Analyst,Senior,,2.5,EMP157,2025-05-24,In Review,83.2,2025-05-29,2025-06-08,,True,266,3,,,"TSK2000,TSK1588",,False,,True,3,,,Low,Critical,23.2,False,False,4,Weekly,4.8,2024-10-06 10:50:41,2024-08-06 12:07:23
TSK0966,User testing,User testing for design phase of project PRJ031.,Design,PRJ031,Medium,Moderate,13.6,,5,"Adobe XD,Sketch,Illustrator",Developer,Mid,,5.1,EMP089,2024-01-24,Blocked,80.1,2024-01-28,2024-02-01,,True,759,5,,,,,False,,True,1,,5.7,Medium,Critical,39.8,False,True,1,As needed,8.3,2025-03-28 14:01:28,2026-02-11 08:17:57
TSK0967,Market sizing,Market sizing for research phase of project PRJ083.,Research,PRJ083,Medium,Simple,2.0,,8,"Figma,Sketch",Developer,Senior,PMP,8.4,EMP156,2024-10-11,In Progress,48.0,2024-10-12,2024-10-17,,True,500,3,,,,,False,,False,0,,6.4,Low,Critical,28.4,False,True,4,Weekly,1.2,2024-07-21 11:24:12,2025-03-26 13:50:50
TSK0968,Create wireframes,Create wireframes for design phase of project PRJ069.,Design,PRJ069,Low,Complex,18.8,16.6,5,"Lean Six Sigma,Excel",Manager,Senior,Scrum Master,3.3,EMP107,2025-01-17,Completed,100.0,2025-01-18,2025-01-31,2025-02-02,False,-3,1,,,"TSK1371,TSK1503",,False,7.2,True,2,5.8,8.0,Low,Critical,60.3,False,True,2,Bi-weekly,9.1,2025-03-24 09:19:30,2024-07-23 14:31:22
TSK0969,Write API docs,Write API docs for documentation phase of project PRJ051.,Documentation,PRJ051,High,Simple,3.3,4.1,3,"Figma,Prototyping",Designer,Mid,,5.6,EMP108,2024-07-03,Not Started,65.0,2024-07-05,2024-07-08,,False,0,5,,,,,False,,False,0,,,Medium,Medium,61.9,False,False,4,Bi-weekly,3.8,2025-05-13 16:22:56,2024-10-04 11:27:33
TSK0970,Deploy to staging,Deploy to staging for development phase of project PRJ078.,Development,PRJ078,Medium,Complex,12.8,,1,"Lean Six Sigma,Excel",Designer,Mid,Scrum Master,3.2,EMP164,2024-12-08,In Review,36.2,2024-12-10,2024-12-22,,True,434,1,,,"TSK1752,TSK1573",,False,,True,1,,8.9,Medium,High,10.1,True,True,5,Bi-weekly,9.4,2024-05-11 09:37:42,2025-01-28 16:21:10
TSK0971,Icon set design,Icon set design for design phase of project PRJ022.,Design,PRJ022,Critical,Simple,3.9,5.3,8,"User Research,Figma,Sketch",Designer,Senior,PMP,6.0,EMP149,2024-03-19,In Review,39.4,2024-03-22,2024-03-25,,True,706,3,,TSK0982,"TSK1452,TSK0342",,False,,False,0,,8.1,Low,Medium,5,False,True,1,Daily,4.4,2024-03-23 12:33:28,2025-07-30 12:11:28
TSK0972,Build design system,Build design system for design phase of project PRJ001.,Design,PRJ001,High,Moderate,4.6,4.9,1,"Project Management,Power BI",Developer,Mid,,4.3,EMP193,2024-02-27,Not Started,53.3,2024-03-03,2024-03-11,,False,-4,5,TSK0835,,"TSK1140,TSK1272",,False,,True,2,,,High,Low,19.2,False,True,1,Daily,8.0,2025-03-21 18:56:31,2024-08-24 14:04:29
TSK0973,Create mockups,Create mockups for design phase of project PRJ059.,Design,PRJ059,Medium,Simple,2.8,,13,QuickBooks,Manager,Mid,,3.2,EMP139,2024-07-30,Blocked,35.8,2024-08-03,2024-08-06,,True,572,4,"TSK0621,TSK0149","TSK0987,TSK0991",,,True,,False,0,,,Low,Medium,65.8,False,True,4,As needed,3.2,2025-04-29 09:38:21,2025-05-06 15:10:36
TSK0974,Deploy to staging,Deploy to staging for development phase of project PRJ025.,Development,PRJ025,Medium,Complex,31.7,,3,"Excel,SAP,Financial Modeling",Manager,Junior,AWS Certified,6.4,EMP044,,In Review,36.8,2025-05-23,2025-06-02,,True,272,4,,TSK0983,"TSK1808,TSK0669",,False,,True,2,,7.8,Low,Low,36.9,True,False,3,Weekly,5.1,2025-01-03 17:58:58,2025-06-21 11:33:42
TSK0975,Regression test suite,Regression test suite for testing phase of project PRJ042.,Testing,PRJ042,Medium,Complex,43.0,58.0,3,"Excel,Communication",Designer,Junior,,4.5,EMP114,2025-01-24,Blocked,0,2025-01-28,2025-02-08,,True,386,2,,,"TSK1419,TSK1716",,False,,True,1,,8.6,Medium,High,5,True,False,2,As needed,8.7,2025-03-30 12:54:11,2025-09-29 13:28:59
TSK0976,Refactor database layer,Refactor database layer for development phase of project PRJ035.,Development,PRJ035,Medium,Very Complex,45.8,43.3,1,"Adobe Suite,Google Analytics",Analyst,Junior,,6.3,EMP127,2025-11-24,In Review,69.7,2025-11-26,2025-12-11,,True,80,3,,TSK0988,,TSK0034,False,,False,0,,,High,Low,57.0,False,True,5,As needed,1.1,2024-11-16 08:06:03,2024-10-31 18:15:36
TSK0977,Regression test suite,Regression test suite for testing phase of project PRJ015.,Testing,PRJ015,Medium,Simple,3.1,,3,"Rust,SQL,JavaScript",Developer,Junior,,8.1,EMP160,2024-02-06,Not Started,0,2024-02-11,2024-02-14,,False,-3,4,,,,,False,,False,0,,,Low,Critical,23.6,False,True,1,As needed,1.5,2025-05-12 16:11:04,2026-01-21 18:08:30
TSK0978,Create onboarding docs,Create onboarding docs for documentation phase of project PRJ004.,Documentation,PRJ004,High,Simple,3.2,,3,Conflict Resolution,Analyst,Junior,,9.4,EMP170,2024-06-25,In Review,21.3,2024-06-30,2024-07-10,,True,599,4,,,"TSK1527,TSK0766",,False,,True,1,,7.4,Low,Medium,61.8,False,True,3,As needed,0.0,2024-10-26 14:43:59,2025-08-27 12:02:30
TSK0979,User testing,User testing for design phase of project PRJ037.,Design,PRJ037,High,Moderate,14.4,,2,"SEO,Content Marketing,Email Marketing",Developer,Junior,,4.6,EMP006,2025-05-03,Not Started,44.5,2025-05-04,2025-05-15,,False,-1,1,,,"TSK1719,TSK0815",,True,,False,0,,7.4,Medium,Medium,5,False,False,5,As needed,5.6,2024-03-22 09:50:05,2025-01-04 08:30:14
TSK0980,Competitor analysis,Competitor analysis for research phase of project PRJ050.,Research,PRJ050,Low,Complex,33.6,34.3,3,Training,Analyst,Junior,Scrum Master,1,EMP045,2025-03-25,Completed,100.0,2025-03-26,2025-04-08,2025-04-10,False,-2,5,TSK0830,TSK0985,,,False,9.5,False,0,8.3,,Low,High,30.3,False,False,5,Bi-weekly,1.4,2025-05-14 16:26:47,2024-09-03 15:32:54
TSK0981,Regression test suite,Regression test suite for testing phase of project PRJ002.,Testing,PRJ002,Medium,Moderate,15.1,,13,"Copywriting,Social Media,Google Analytics",Tester,Junior,AWS Certified,4.1,EMP004,2024-05-04,Not Started,70.9,2024-05-09,2024-05-19,,False,-2,5,,TSK0993,"TSK1484,TSK1363",,False,,False,0,,5.4,Medium,Medium,40.8,True,True,2,As needed,0.7,2024-01-08 17:46:04,2024-10-17 16:45:09
TSK0982,Competitor analysis,Competitor analysis for research phase of project PRJ063.,Research,PRJ063,Medium,Complex,24.7,,13,"Lean Six Sigma,Supply Chain",Manager,Junior,Scrum Master,3.1,EMP041,2024-08-01,Blocked,35.4,2024-08-05,2024-08-18,,True,560,4,,,"TSK0532,TSK0985",,False,,True,1,,6.3,Low,High,10.0,False,False,1,Weekly,0.8,2024-01-24 14:25:25,2024-07-16 10:39:44
TSK0983,Performance report,Performance report for analysis phase of project PRJ064.,Analysis,PRJ064,Low,Moderate,5.4,,5,Excel,Manager,Mid,,2.2,,2025-08-26,In Review,85.9,2025-08-29,2025-08-31,,True,182,1,,,,,False,,False,0,,,High,Medium,21.1,False,True,5,Weekly,9.5,2024-12-09 17:47:16,2025-06-01 16:30:54
TSK0984,Sprint planning,Sprint planning for meeting phase of project PRJ007.,Meeting,PRJ007,High,Simple,1.1,,13,"Employment Law,Workday",Manager,Mid,PMP,7.2,EMP028,2024-11-06,Not Started,23.9,2024-11-09,2024-11-11,,False,-3,1,,,,,True,,False,0,,8.2,Medium,High,40.6,True,True,1,Bi-weekly,7.7,2025-02-14 13:18:47,2025-04-28 09:37:04
TSK0985,Architecture review,Architecture review for meeting phase of project PRJ055.,Meeting,PRJ055,Low,Complex,37.5,37.5,13,Adobe Suite,Analyst,Senior,Scrum Master,4.9,EMP108,2024-11-30,In Progress,25.6,2024-12-04,2024-12-18,,True,438,4,,,"TSK1970,TSK1981",,False,,False,0,,5.1,Low,Critical,36.3,False,False,4,Bi-weekly,9.9,2024-06-23 10:45:32,2025-09-28 14:31:00
TSK0986,Design critique,Design critique for meeting phase of project PRJ033.,Meeting,PRJ033,Medium,Very Complex,102.3,,13,Conflict Resolution,Developer,Senior,AWS Certified,1.4,EMP139,2024-03-05,Blocked,48.9,2024-03-06,2024-03-28,,True,703,5,,,"TSK0687,TSK0470",,False,,False,0,,9.0,Medium,Low,5,True,True,4,Weekly,9.6,2024-02-16 14:35:57,2025-05-01 14:26:50
TSK0987,Data analysis,Data analysis for analysis phase of project PRJ098.,Analysis,PRJ098,Low,Complex,34.1,,1,Docker,Analyst,Junior,,6.1,EMP031,2024-11-04,In Progress,6.4,2024-11-07,2024-11-15,,True,471,1,,,,,False,,False,0,,9.4,High,Low,27.0,False,True,5,Bi-weekly,1.6,2024-01-29 13:45:56,2024-09-20 16:23:53
TSK0988,Regression test suite,Regression test suite for testing phase of project PRJ094.,Testing,PRJ094,High,Moderate,5.1,5.3,5,"SAP,Financial Modeling,VBA",Manager,Mid,AWS Certified,3.8,EMP020,2025-07-23,In Progress,40.7,2025-07-26,2025-07-29,,True,215,1,,,,,False,,False,0,,6.8,Low,Medium,24.4,False,True,5,Daily,7.1,2025-03-12 08:45:53,2026-01-31 14:11:39
TSK0989,Sprint planning,Sprint planning for meeting phase of project PRJ032.,Meeting,PRJ032,Medium,Moderate,13.4,10.2,2,"Power BI,Lean Six Sigma,Project Management",Analyst,Mid,,7.8,EMP067,2024-11-26,Completed,100.0,2024-11-28,2024-12-03,2024-12-08,False,-2,1,,,,,False,7.4,False,0,7.6,7.1,High,Low,26.8,False,False,5,Daily,5.8,2024-05-02 17:46:35,2024-06-30 17:20:38
TSK0990,Release notes,Release notes for documentation phase of project PRJ099.,Documentation,PRJ099,Critical,Moderate,4.2,,5,HubSpot,Manager,Senior,,1.2,EMP025,2025-02-16,In Progress,43.4,2025-02-19,2025-02-23,,True,371,3,,,"TSK1041,TSK0110",,True,,False,0,,5.8,Medium,Medium,52.0,False,True,3,Bi-weekly,3.5,2024-12-15 18:28:02,2024-12-25 12:12:18
TSK0991,Performance report,Performance report for analysis phase of project PRJ074.,Analysis,PRJ074,Low,Complex,14.8,10.9,3,"User Research,Photoshop",Tester,Mid,,3.3,EMP168,2024-12-11,Not Started,30.2,2024-12-16,2024-12-27,,False,-4,1,,,,,True,,True,1,,6.2,Medium,Medium,20.2,True,True,1,As needed,9.5,2024-10-30 11:45:14,2024-06-27 13:18:03
TSK0992,KPI review,KPI review for analysis phase of project PRJ093.,Analysis,PRJ093,Medium,Moderate,5.2,4.2,2,Excel,Designer,Junior,,6.2,EMP196,2025-07-22,Blocked,31.1,2025-07-25,2025-07-29,,True,215,4,"TSK0721,TSK0197",,,,False,,False,0,,7.9,High,Medium,44.0,False,True,5,As needed,0.4,2024-07-13 17:39:23,2025-06-08 09:14:05
TSK0993,Build REST API,Build REST API for development phase of project PRJ031.,Development,PRJ031,High,Moderate,9.1,9.7,5,"ERP,Supply Chain",Developer,Senior,,2.0,,2024-07-16,Blocked,57.4,2024-07-18,2024-07-26,,True,583,5,"TSK0070,TSK0446",TSK0997,,TSK0340,True,,False,0,,7.5,Low,Critical,27.9,False,True,2,Bi-weekly,3.7,2024-05-22 10:31:04,2026-03-01 10:40:00
TSK0994,Competitor analysis,Competitor analysis for research phase of project PRJ039.,Research,PRJ039,Medium,Complex,22.6,21.9,1,"Social Media,Adobe Suite",Tester,Senior,Scrum Master,4.1,EMP164,2025-11-12,Blocked,0,2025-11-16,2025-11-28,,True,93,5,,,,,False,,False,0,,8.5,Low,High,5,False,False,3,Bi-weekly,8.0,2024-03-04 08:20:16,2025-02-11 18:05:42
TSK0995,Design landing page,Design landing page for design phase of project PRJ017.,Design,PRJ017,Low,Complex,22.8,,13,"Prospecting,Excel",Manager,Mid,,1.7,EMP057,2024-10-26,In Progress,23.7,2024-10-31,2024-11-09,,True,477,3,,,,TSK0368,False,,False,0,,8.1,Medium,Medium,16.4,True,False,3,Bi-weekly,5.4,2024-12-12 17:37:06,2025-11-25 17:48:58
TSK0996,Code review,Code review for development phase of project PRJ029.,Development,PRJ029,Critical,Moderate,12.2,10.9,2,JavaScript,Manager,Mid,,6.1,EMP195,2024-12-22,In Review,74.8,2024-12-23,2025-01-04,,True,421,3,,,,,True,,True,1,,9.8,High,Medium,31.8,False,False,2,Daily,0.0,2024-02-26 15:18:51,2026-02-16 16:35:42
TSK0997,Kickoff meeting,Kickoff meeting for meeting phase of project PRJ069.,Meeting,PRJ069,Medium,Complex,24.8,,8,"SEO,Content Marketing,Copywriting",Analyst,Mid,PMP,5.9,EMP098,2024-09-03,Blocked,81.4,2024-09-08,2024-09-22,,True,525,1,"TSK0587,TSK0358",,,,False,,False,0,,,Medium,Medium,43.1,True,True,5,Daily,8.7,2025-05-03 10:26:38,2024-10-10 13:11:13
TSK0998,Brand refresh,Brand refresh for design phase of project PRJ006.,Design,PRJ006,High,Complex,27.0,37.5,3,Copywriting,Manager,Junior,,6.8,EMP004,2024-12-11,Completed,100.0,2024-12-14,2024-12-20,2024-12-16,False,-5,4,"TSK0518,TSK0483",,,,False,8.8,True,1,6.9,,Low,Medium,27.9,False,False,2,As needed,5.7,2025-02-18 15:52:09,2025-12-21 08:12:26
TSK0999,Market sizing,Market sizing for research phase of project PRJ016.,Research,PRJ016,High,Moderate,10.9,12.9,8,Communication,Developer,Mid,Scrum Master,4.4,EMP124,2024-01-30,In Review,21.8,2024-02-03,2024-02-07,,True,753,2,"TSK0693,TSK0238",,,,False,,False,0,,,High,Low,16.4,False,False,5,Daily,5.9,2024-07-16 10:01:28,2026-02-03 14:18:18
TSK1000,Stakeholder review,Stakeholder review for meeting phase of project PRJ068.,Meeting,PRJ068,High,Simple,3.5,4.8,8,Java,Developer,Senior,PMP,1.8,,2024-08-18,In Review,25.9,2024-08-23,2024-08-26,,True,552,2,,TSK1008,"TSK0404,TSK1447",,False,,False,0,,7.7,High,Critical,20.1,False,True,4,Daily,2.9,2024-08-28 11:25:08,2025-12-14 18:41:07
TSK1001,Technology evaluation,Technology evaluation for research phase of project PRJ094.,Research,PRJ094,Critical,Simple,3.8,,2,"Risk Analysis,QuickBooks,Excel",Designer,Senior,,5.9,EMP172,2025-04-19,Not Started,72.5,2025-04-20,2025-04-23,,False,0,5,,,,,False,,True,2,,,High,Low,25.9,False,True,3,Weekly,2.2,2024-03-07 14:45:09,2025-10-08 08:18:39
TSK1002,Implement authentication module,Implement authentication module for development phase of project PRJ037.,Development,PRJ037,Critical,Simple,3.8,,2,Excel,Designer,Junior,,1,EMP103,2024-08-27,In Review,5.5,2024-08-30,2024-09-04,,True,543,5,,,"TSK0406,TSK0719",,False,,False,0,,,Medium,Low,13.4,False,True,2,Weekly,4.2,2024-01-03 11:03:31,2025-10-30 11:40:31
TSK1003,Implement authentication module,Implement authentication module for development phase of project PRJ083.,Development,PRJ083,Medium,Moderate,12.7,,1,"Lean Six Sigma,Power BI,Excel",Designer,Senior,,2.8,EMP170,2024-05-29,In Review,58.8,2024-05-30,2024-06-08,,True,631,4,TSK0090,,,,False,,True,3,,6.9,High,Low,5,True,False,5,Weekly,2.5,2024-08-12 12:59:23,2025-02-18 10:42:09
TSK1004,Data analysis,Data analysis for analysis phase of project PRJ094.,Analysis,PRJ094,Medium,Complex,38.9,41.3,5,SAP HR,Analyst,Junior,AWS Certified,6.8,EMP167,2024-06-26,Completed,100.0,2024-06-30,2024-07-09,2024-07-08,False,-3,3,TSK0387,,"TSK0659,TSK0692",,False,9.0,False,0,7.8,,Medium,Low,17.6,False,True,1,Bi-weekly,8.1,2024-12-06 11:50:29,2024-06-03 17:09:13
TSK1005,Team retrospective,Team retrospective for meeting phase of project PRJ066.,Meeting,PRJ066,High,Complex,30.7,,3,"Bloomberg,QuickBooks,Financial Modeling",Designer,Mid,,1.7,EMP113,2024-08-14,In Progress,15.7,2024-08-16,2024-08-25,,True,553,2,TSK0124,,"TSK1793,TSK1540",,False,,False,0,,8.0,Medium,Low,47.1,True,False,1,Daily,7.0,2024-07-04 09:42:08,2025-06-30 09:03:37
TSK1006,Design critique,Design critique for meeting phase of project PRJ090.,Meeting,PRJ090,High,Moderate,5.4,6.5,3,Financial Modeling,Developer,Senior,,3.3,EMP153,2025-01-30,In Progress,96.0,2025-02-03,2025-02-12,,True,382,3,,,,,False,,False,0,,8.1,Medium,High,31.0,False,True,4,Weekly,1.1,2024-04-13 13:58:34,2026-01-31 17:26:00
TSK1007,Update user guide,Update user guide for documentation phase of project PRJ079.,Documentation,PRJ079,Low,Very Complex,86.8,73.0,2,Docker,Analyst,Senior,Scrum Master,6.1,EMP132,2025-08-31,Completed,100.0,2025-09-05,2025-09-23,2025-09-21,False,-3,4,,"TSK1011,TSK1018",,,True,9.4,True,3,8.4,6.3,Low,Critical,15.7,False,False,5,Daily,9.5,2025-01-13 18:55:34,2025-02-12 08:29:15
TSK1008,Impact assessment,Impact assessment for analysis phase of project PRJ038.,Analysis,PRJ038,Medium,Moderate,14.9,,3,"SAP,Risk Analysis,VBA",Analyst,Mid,,3.5,EMP194,,Blocked,45.8,2024-08-05,2024-08-13,,True,565,4,"TSK0041,TSK0636",,,,False,,True,2,,5.1,High,Low,25.2,False,True,2,Bi-weekly,9.1,2024-09-08 16:11:02,2024-09-13 16:30:31
TSK1009,Market sizing,Market sizing for research phase of project PRJ058.,Research,PRJ058,High,Simple,3.4,4.6,5,"Prototyping,Figma",Developer,Mid,,5.7,EMP158,2024-03-17,In Review,62.2,2024-03-19,2024-03-22,,True,709,3,"TSK0466,TSK0954","TSK1025,TSK1018",,,False,,False,0,,9.0,Medium,High,18.4,False,True,5,Daily,1.1,2024-01-08 08:55:22,2025-08-04 13:43:20
TSK1010,Write integration tests,Write integration tests for testing phase of project PRJ032.,Testing,PRJ032,Low,Complex,12.7,10.7,2,"Workday,Employment Law,HRIS",Developer,Mid,,3.3,EMP116,2024-07-26,In Review,76.1,2024-07-27,2024-08-08,,True,570,4,TSK0100,,"TSK1070,TSK1659",,False,,True,3,,,High,High,22.8,False,True,3,As needed,7.0,2024-03-20 10:53:35,2025-03-19 08:51:13
TSK1011,Impact assessment,Impact assessment for analysis phase of project PRJ065.,Analysis,PRJ065,Medium,Simple,2.1,,13,Salesforce,Tester,Senior,Scrum Master,5.3,EMP141,2025-09-18,Blocked,0.8,2025-09-20,2025-09-23,,True,159,5,,,"TSK0481,TSK0498",,False,,True,2,,,Low,Medium,21.0,False,True,3,Weekly,6.1,2024-12-13 17:47:32,2024-08-09 12:33:34
TSK1012,Deploy to staging,Deploy to staging for development phase of project PRJ042.,Development,PRJ042,Critical,Moderate,8.2,8.5,8,Workday,Analyst,Senior,,3.3,EMP062,2024-05-14,Completed,100.0,2024-05-16,2024-05-21,2024-05-20,False,-2,4,,,,,False,7.6,False,0,8.4,7.8,Low,High,36.5,True,False,2,As needed,4.3,2024-01-12 12:37:06,2026-01-22 09:47:31
TSK1013,Write API docs,Write API docs for documentation phase of project PRJ073.,Documentation,PRJ073,Medium,Complex,28.4,24.2,8,"Negotiation,Prospecting",Tester,Mid,PMP,1.6,EMP043,,Completed,100.0,2024-02-23,2024-03-02,2024-02-28,False,-2,4,,,,,False,6.6,True,1,10,7.9,Medium,Medium,60.4,False,True,4,Bi-weekly,7.4,2024-09-19 13:44:50,2024-12-31 14:36:32
TSK1014,Sprint planning,Sprint planning for meeting phase of project PRJ010.,Meeting,PRJ010,High,Very Complex,61.4,,8,Communication,Manager,Senior,,5.6,EMP164,2025-05-20,In Review,70.8,2025-05-23,2025-06-08,,True,266,5,,,"TSK1500,TSK0462",,False,,False,0,,6.4,High,Low,5,False,True,1,Weekly,4.8,2024-11-20 10:55:08,2025-09-07 11:30:54
TSK1015,Performance report,Performance report for analysis phase of project PRJ090.,Analysis,PRJ090,Low,Simple,2.2,,8,ERP,Analyst,Mid,,6.9,EMP194,2025-04-23,Blocked,83.6,2025-04-24,2025-04-27,,True,308,4,,,"TSK1335,TSK1597",,False,,False,0,,,Medium,High,5,False,True,4,As needed,6.0,2024-11-06 11:05:56,2025-05-16 10:10:31
TSK1016,Design critique,Design critique for meeting phase of project PRJ080.,Meeting,PRJ080,Low,Simple,2.4,2.3,13,"User Research,Sketch",Analyst,Senior,,5.6,EMP007,2025-02-18,Completed,100.0,2025-02-19,2025-02-26,2025-02-24,False,-5,2,,,,,False,8.1,False,0,7.1,6.8,High,Low,43.9,False,False,4,Bi-weekly,1.4,2024-08-19 10:24:38,2025-04-01 12:42:24
TSK1017,UAT coordination,UAT coordination for testing phase of project PRJ029.,Testing,PRJ029,Low,Simple,1.3,,2,"Photoshop,Illustrator",Tester,Senior,,3.0,EMP127,2025-10-27,In Progress,75.7,2025-10-30,2025-11-06,,True,115,5,TSK0505,,,TSK0463,True,,False,0,,,High,Low,71.5,False,False,5,Daily,3.6,2024-07-14 14:27:19,2024-06-15 18:38:47
TSK1018,Competitor analysis,Competitor analysis for research phase of project PRJ072.,Research,PRJ072,Low,Simple,1.1,0.8,3,"Employment Law,Workday",Tester,Junior,Scrum Master,4.9,EMP172,2025-10-23,Blocked,26.7,2025-10-28,2025-10-31,,True,121,5,TSK0028,,,,True,,False,0,,8.2,High,Critical,32.9,True,True,3,As needed,2.3,2024-10-30 11:38:56,2025-10-11 14:54:32
TSK1019,Build design system,Build design system for design phase of project PRJ081.,Design,PRJ081,Medium,Complex,30.3,,8,"Social Media,A/B Testing",Analyst,Junior,,7.5,EMP084,2024-07-28,In Review,76.4,2024-08-02,2024-08-11,,True,567,5,,,,TSK0772,False,,False,0,,,Low,Medium,33.1,False,True,2,Weekly,6.3,2024-05-21 16:32:34,2026-02-13 15:50:03
TSK1020,Sprint planning,Sprint planning for meeting phase of project PRJ024.,Meeting,PRJ024,Critical,Complex,13.1,,5,"Conflict Resolution,Training,SAP HR",Manager,Senior,PMP,8.3,EMP007,2024-04-23,In Review,10.3,2024-04-27,2024-05-01,,True,669,5,,,"TSK0347,TSK1055",,False,,True,3,,,High,Medium,23.1,False,True,2,Weekly,5.5,2024-02-24 18:34:27,2026-02-08 09:37:05
TSK1021,Update user guide,Update user guide for documentation phase of project PRJ007.,Documentation,PRJ007,Medium,Moderate,14.9,13.8,13,Rust,Tester,Senior,AWS Certified,5.5,EMP007,2025-04-04,In Review,54.2,2025-04-05,2025-04-14,,True,321,2,,,"TSK1948,TSK1427",,False,,False,0,,8.8,Low,Medium,13.8,True,True,5,As needed,1.5,2024-08-14 09:38:01,2024-08-17 08:58:05
TSK1022,Process documentation,Process documentation for documentation phase of project PRJ045.,Documentation,PRJ045,Critical,Moderate,8.5,10.4,1,"Adobe Suite,Copywriting",Manager,Junior,,5.7,EMP025,2025-05-08,Completed,100.0,2025-05-12,2025-05-15,2025-05-14,False,-2,2,TSK0710,,"TSK1874,TSK0833",,False,8.1,False,0,5.5,,High,High,70.2,False,False,2,Daily,9.4,2025-03-21 10:23:14,2026-02-06 13:59:24
TSK1023,Create wireframes,Create wireframes for design phase of project PRJ075.,Design,PRJ075,Medium,Complex,29.7,,3,"Lean Six Sigma,Supply Chain,Power BI",Developer,Senior,AWS Certified,4.9,EMP037,2024-10-22,In Progress,54.5,2024-10-26,2024-11-01,,True,485,5,,,"TSK1023,TSK0650",,False,,True,1,,3.4,Low,Critical,47.4,True,True,4,Daily,0.2,2024-04-17 15:32:01,2025-07-24 13:20:54
TSK1024,Add unit tests,Add unit tests for development phase of project PRJ023.,Development,PRJ023,Medium,Moderate,5.6,,3,"SAP HR,Training,Conflict Resolution",Designer,Mid,Scrum Master,2.0,EMP102,2024-10-23,Not Started,43.0,2024-10-27,2024-10-31,,False,-2,1,,"TSK1043,TSK1037",,,False,,False,0,,5.9,Medium,High,29.5,True,False,1,As needed,7.9,2024-06-19 13:53:05,2026-02-09 18:59:07
TSK1025,Add unit tests,Add unit tests for development phase of project PRJ045.,Development,PRJ045,High,Moderate,15.6,,13,VBA,Designer,Senior,,4.8,EMP037,2025-11-14,In Progress,39.7,2025-11-15,2025-11-27,,True,94,1,"TSK0792,TSK0322",,"TSK1412,TSK1720",,False,,False,0,,8.5,Low,Low,24.7,False,True,5,Daily,3.8,2025-05-13 11:55:26,2025-12-10 13:11:43
TSK1026,Design landing page,Design landing page for design phase of project PRJ059.,Design,PRJ059,Critical,Complex,23.2,23.0,1,Excel,Tester,Junior,,4.3,,,Completed,100.0,2024-12-16,2024-12-29,2025-01-02,False,-1,3,"TSK0781,TSK0594",,"TSK0899,TSK1685",,True,8.0,True,2,6.4,8.2,Low,Low,51.0,True,True,2,As needed,2.6,2024-10-03 12:05:10,2025-10-06 13:30:52
TSK1027,KPI review,KPI review for analysis phase of project PRJ073.,Analysis,PRJ073,Medium,Simple,2.4,1.8,3,"SAP,QuickBooks,Risk Analysis",Developer,Junior,,5.5,EMP019,2025-11-30,In Progress,9.6,2025-12-01,2025-12-06,,True,85,3,TSK0040,,,,False,,True,2,,6.8,Low,High,41.5,False,True,4,Daily,0.5,2024-11-30 14:57:02,2025-11-04 16:26:12
TSK1028,Data analysis,Data analysis for analysis phase of project PRJ072.,Analysis,PRJ072,Critical,Complex,15.1,12.1,13,"HRIS,Training,Conflict Resolution",Tester,Mid,,8.1,EMP008,2024-04-13,Completed,100.0,2024-04-18,2024-04-26,2024-04-30,False,-1,3,,"TSK1033,TSK1037","TSK0204,TSK1114",,False,7.3,False,0,5.5,,High,High,19.8,False,True,5,As needed,8.9,2025-04-10 11:29:44,2026-02-01 17:23:24
TSK1029,Update user guide,Update user guide for documentation phase of project PRJ067.,Documentation,PRJ067,High,Complex,30.6,,8,"Sketch,Photoshop,Illustrator",Manager,Mid,AWS Certified,6.9,EMP056,2024-12-21,Blocked,61.4,2024-12-23,2025-01-01,,True,424,1,,,"TSK0491,TSK0660",,False,,False,0,,7.3,High,Low,17.3,False,True,2,As needed,8.6,2025-04-03 11:58:42,2025-12-04 10:28:25
TSK1030,Impact assessment,Impact assessment for analysis phase of project PRJ003.,Analysis,PRJ003,Medium,Complex,13.3,,5,"Java,GCP,Node.js",Analyst,Senior,PMP,4.0,EMP104,2025-09-24,In Progress,0,2025-09-25,2025-09-30,,True,152,4,,,,,False,,False,0,,6.4,Medium,Medium,17.5,True,True,1,As needed,3.0,2024-04-07 17:38:54,2025-01-15 16:36:08
TSK1031,Kickoff meeting,Kickoff meeting for meeting phase of project PRJ058.,Meeting,PRJ058,Medium,Very Complex,111.6,,2,"HRIS,Workday",Manager,Mid,,2.7,EMP064,2025-02-03,Not Started,76.7,2025-02-08,2025-03-03,,False,-4,3,,,,,True,,False,0,,,High,Critical,62.9,True,False,2,Daily,2.9,2025-04-14 18:15:44,2025-02-10 14:07:10
TSK1032,Brand refresh,Brand refresh for design phase of project PRJ076.,Design,PRJ076,Medium,Moderate,10.6,10.0,8,Excel,Developer,Senior,AWS Certified,3.9,EMP175,2025-11-13,In Review,63.4,2025-11-14,2025-11-24,,True,97,3,TSK0451,,"TSK1873,TSK0466",,False,,False,0,,6.9,Low,High,22.5,False,False,2,Weekly,8.1,2025-03-09 13:02:52,2026-02-19 08:07:11
TSK1033,Update user guide,Update user guide for documentation phase of project PRJ010.,Documentation,PRJ010,Medium,Complex,31.2,,3,"Excel,Project Management,Lean Six Sigma",Manager,Mid,,2.3,EMP100,2025-09-06,In Progress,0,2025-09-07,2025-09-14,,True,168,2,,,,TSK0694,False,,False,0,,8.5,High,Critical,19.0,False,True,4,Daily,9.9,2024-08-01 12:41:08,2024-09-13 16:57:01
TSK1034,Stakeholder review,Stakeholder review for meeting phase of project PRJ097.,Meeting,PRJ097,Medium,Complex,19.4,26.1,13,"Adobe XD,Prototyping",Tester,Senior,,6.6,EMP191,2024-05-17,Completed,100.0,2024-05-18,2024-05-26,2024-05-31,False,-1,4,,,,,True,7.0,True,2,7.7,8.9,Low,High,5,False,False,3,Daily,0.0,2024-01-24 09:57:36,2026-02-28 13:00:02
TSK1035,Release notes,Release notes for documentation phase of project PRJ072.,Documentation,PRJ072,High,Simple,1.8,1.4,3,"ERP,Project Management",Tester,Senior,PMP,1.6,EMP196,2025-04-07,Completed,100.0,2025-04-11,2025-04-18,2025-04-16,False,-4,2,,,,,False,8.6,False,0,5.9,,Medium,Medium,5,False,True,4,Daily,7.9,2024-07-08 18:35:42,2025-12-20 16:37:57
TSK1036,Test automation,Test automation for testing phase of project PRJ086.,Testing,PRJ086,Medium,Moderate,10.7,9.8,1,Bloomberg,Tester,Senior,,3.9,EMP092,2025-05-16,Blocked,4.1,2025-05-20,2025-05-25,,True,280,4,,TSK1055,"TSK1113,TSK0355",,False,,True,1,,7.4,Low,Critical,22.7,False,True,3,Daily,7.5,2024-03-13 14:04:15,2024-09-29 18:09:07
TSK1037,Technology evaluation,Technology evaluation for research phase of project PRJ068.,Research,PRJ068,Medium,Complex,31.3,36.7,2,Content Marketing,Developer,Senior,,7.8,EMP157,2025-03-19,Blocked,80.8,2025-03-20,2025-03-29,,True,337,4,"TSK0619,TSK0754",,"TSK0634,TSK1332",TSK0745,False,,False,0,,6.4,Low,High,20.7,False,True,5,Weekly,0.7,2024-08-22 10:06:53,2025-11-22 09:44:24
TSK1038,Metrics dashboard,Metrics dashboard for analysis phase of project PRJ061.,Analysis,PRJ061,High,Moderate,11.0,,3,A/B Testing,Analyst,Mid,AWS Certified,9.2,EMP098,2024-02-27,In Review,56.3,2024-02-29,2024-03-10,,True,721,2,,,,TSK0328,False,,False,0,,10,Low,Low,50.2,False,False,4,Bi-weekly,8.1,2025-05-02 10:42:17,2025-11-20 11:50:09
TSK1039,Test automation,Test automation for testing phase of project PRJ077.,Testing,PRJ077,Medium,Moderate,10.6,8.2,2,"Content Marketing,A/B Testing",Designer,Senior,Scrum Master,4.2,EMP198,2024-08-09,Blocked,5.1,2024-08-12,2024-08-18,,True,560,4,,,,,False,,False,0,,10.0,Low,Low,36.6,False,True,2,As needed,5.0,2025-03-08 10:06:13,2025-08-19 08:27:09
TSK1040,Process documentation,Process documentation for documentation phase of project PRJ037.,Documentation,PRJ037,High,Moderate,15.2,17.3,1,"VBA,SAP,QuickBooks",Developer,Junior,PMP,6.3,EMP100,2025-05-21,Completed,100.0,2025-05-25,2025-05-31,2025-06-02,False,-2,3,,,"TSK1953,TSK1404",,False,8.1,False,0,7.8,8.5,High,High,44.3,False,False,5,As needed,0.8,2024-02-09 17:57:54,2025-09-09 15:52:19
TSK1041,Code review,Code review for development phase of project PRJ066.,Development,PRJ066,Medium,Complex,17.1,15.0,13,"Adobe XD,Prototyping",Analyst,Senior,,4.3,EMP119,2024-09-04,Completed,100.0,2024-09-09,2024-09-18,2024-09-19,False,-4,2,,"TSK1044,TSK1056",,,True,9.5,False,0,8.3,,Medium,High,5,False,True,4,As needed,9.6,2024-01-05 18:08:51,2025-12-29 14:41:08
TSK1042,Refactor database layer,Refactor database layer for development phase of project PRJ045.,Development,PRJ045,High,Complex,20.4,26.5,8,Prototyping,Developer,Mid,PMP,1,EMP114,2025-08-12,Completed,100.0,2025-08-15,2025-08-27,2025-08-25,False,-4,4,,,"TSK1739,TSK1086",TSK0151,False,6.7,False,0,8.9,9.2,Medium,Medium,44.7,True,True,2,As needed,4.9,2024-04-25 15:48:29,2025-03-31 18:56:52
TSK1043,Impact assessment,Impact assessment for analysis phase of project PRJ022.,Analysis,PRJ022,High,Moderate,15.7,,3,"Python,Kubernetes",Analyst,Senior,Scrum Master,4.3,EMP090,2025-07-21,In Review,24.1,2025-07-25,2025-08-05,,True,208,2,TSK0766,,,,False,,False,0,,6.8,Medium,Critical,40.8,False,True,5,Daily,6.4,2025-05-06 09:53:02,2025-12-14 10:09:59
TSK1044,Data analysis,Data analysis for analysis phase of project PRJ070.,Analysis,PRJ070,Low,Moderate,6.6,,3,"VBA,QuickBooks,Risk Analysis",Developer,Senior,PMP,2.9,EMP139,2024-12-29,In Review,83.6,2025-01-02,2025-01-08,,True,417,2,,,,,False,,False,0,,8.1,Low,Medium,17.9,False,False,2,Weekly,1.8,2024-01-10 14:59:43,2026-01-16 15:31:29
TSK1045,Feasibility study,Feasibility study for research phase of project PRJ031.,Research,PRJ031,Low,Complex,47.2,,5,"Java,MongoDB,React",Manager,Senior,,6.5,EMP055,2024-02-26,Blocked,18.3,2024-03-02,2024-03-18,,True,713,4,"TSK0187,TSK0360",,"TSK0248,TSK1713",TSK0525,False,,False,0,,10,High,Critical,56.3,False,True,3,Daily,8.4,2024-01-07 10:41:13,2024-09-03 13:40:49
TSK1046,Team retrospective,Team retrospective for meeting phase of project PRJ022.,Meeting,PRJ022,Low,Complex,35.2,,13,"Social Media,Content Marketing,Email Marketing",Manager,Junior,AWS Certified,3.6,EMP141,2024-06-05,Not Started,55.3,2024-06-08,2024-06-19,,False,-5,5,,"TSK1064,TSK1056",,,False,,False,0,,7.1,High,Low,30.3,True,False,3,Weekly,1.0,2025-04-28 10:40:54,2026-01-01 14:08:59
TSK1047,Icon set design,Icon set design for design phase of project PRJ075.,Design,PRJ075,Low,Complex,22.2,23.0,13,"Node.js,Kubernetes,Docker",Manager,Mid,,3.4,EMP116,2024-10-02,Completed,100.0,2024-10-05,2024-10-16,2024-10-20,False,-4,1,,,,,False,6.2,False,0,6.1,8.1,Low,High,26.6,False,True,2,Daily,7.7,2024-12-21 14:11:11,2025-04-01 15:07:34
TSK1048,Build REST API,Build REST API for development phase of project PRJ025.,Development,PRJ025,Critical,Very Complex,76.4,96.6,8,"Adobe XD,Illustrator,Figma",Developer,Mid,,4.6,EMP184,2025-10-04,Not Started,67.4,2025-10-08,2025-10-25,,False,-3,4,,,"TSK0144,TSK1048",,False,,False,0,,9.0,Medium,Medium,5,False,False,4,Bi-weekly,1.3,2025-03-10 11:59:13,2025-08-22 09:35:54
TSK1049,Release notes,Release notes for documentation phase of project PRJ013.,Documentation,PRJ013,Critical,Moderate,14.8,14.1,5,"SEO,Email Marketing,Content Marketing",Manager,Mid,,2.4,EMP130,2024-05-24,Completed,100.0,2024-05-28,2024-06-09,2024-06-13,False,0,4,,,"TSK0571,TSK0149",TSK0539,True,9.0,False,0,8.7,9.8,High,Low,47.1,True,False,2,Weekly,5.2,2024-06-20 17:28:38,2025-11-05 08:50:53
TSK1050,Code review,Code review for development phase of project PRJ028.,Development,PRJ028,High,Moderate,13.0,,5,"Excel,Prospecting",Developer,Mid,,7.4,EMP160,2024-09-05,Not Started,99,2024-09-07,2024-09-19,,False,-5,4,TSK0907,,"TSK0770,TSK1560",TSK0076,False,,False,0,,,Medium,Low,25.1,False,False,5,Weekly,8.8,2024-02-23 11:10:47,2024-11-21 12:46:32
TSK1051,Write API docs,Write API docs for documentation phase of project PRJ009.,Documentation,PRJ009,Medium,Simple,3.7,3.3,3,SAP,Developer,Senior,,5.7,EMP005,2025-10-18,Completed,100.0,2025-10-22,2025-10-30,2025-10-29,False,-3,4,,TSK1066,,,False,9.6,False,0,7.3,5.6,High,Low,39.8,False,True,4,Daily,9.9,2025-04-11 09:26:20,2024-07-25 16:51:07
TSK1052,Feasibility study,Feasibility study for research phase of project PRJ007.,Research,PRJ007,Medium,Complex,27.8,,3,"Photoshop,Sketch,Prototyping",Manager,Senior,,4.2,EMP085,2024-06-03,Not Started,93.1,2024-06-05,2024-06-19,,False,-3,1,,,"TSK1061,TSK0304",,False,,False,0,,9.6,Low,High,52.4,False,False,5,As needed,5.3,2024-11-25 08:24:26,2024-06-27 09:54:59
TSK1053,Refactor database layer,Refactor database layer for development phase of project PRJ052.,Development,PRJ052,Medium,Moderate,15.3,,5,"Excel,Risk Analysis,VBA",Designer,Senior,AWS Certified,4.6,EMP027,2024-01-26,In Review,32.5,2024-01-30,2024-02-06,,True,754,3,"TSK0037,TSK0083",,"TSK0480,TSK1012",,False,,False,0,,5.8,Low,Low,5,False,False,4,As needed,1.7,2024-03-07 17:06:51,2025-06-28 11:42:00
TSK1054,Architecture review,Architecture review for meeting phase of project PRJ085.,Meeting,PRJ085,High,Complex,27.6,,3,SQL,Tester,Senior,AWS Certified,1,EMP121,2024-10-02,Not Started,76.3,2024-10-03,2024-10-16,,False,-3,2,,TSK1072,,,False,,True,1,,7.6,Low,Medium,18.7,False,True,2,Weekly,6.4,2024-03-26 10:43:19,2024-12-21 08:09:21
TSK1055,Release notes,Release notes for documentation phase of project PRJ085.,Documentation,PRJ085,High,Simple,3.1,,3,"Power BI,Supply Chain,ERP",Developer,Senior,,2.1,EMP004,2024-05-14,In Progress,33.1,2024-05-18,2024-05-22,,True,648,4,,,,,False,,False,0,,6.8,Medium,High,42.8,True,True,1,Daily,5.1,2024-02-16 11:12:47,2025-07-14 09:13:25
TSK1056,User testing,User testing for design phase of project PRJ062.,Design,PRJ062,High,Moderate,9.1,,13,"Training,Workday,Conflict Resolution",Designer,Junior,,7.5,EMP187,2025-01-13,In Review,70.7,2025-01-18,2025-01-22,,True,403,1,,"TSK1057,TSK1062",,,False,,False,0,,,Low,Low,22.3,False,True,1,Daily,0.0,2024-07-09 17:15:38,2025-02-26 08:36:49
TSK1057,Performance report,Performance report for analysis phase of project PRJ074.,Analysis,PRJ074,Medium,Moderate,14.2,,2,Java,Developer,Junior,,6.4,EMP195,2025-01-21,Blocked,26.2,2025-01-23,2025-01-31,,True,394,3,TSK0192,,"TSK1541,TSK0265",,False,,False,0,,,Medium,Medium,39.2,True,True,4,Bi-weekly,1.5,2024-01-21 10:20:22,2025-07-08 17:13:05
TSK1058,Process documentation,Process documentation for documentation phase of project PRJ056.,Documentation,PRJ056,Low,Complex,20.0,,5,"A/B Testing,SEO,Social Media",Analyst,Senior,,5.0,EMP090,2024-10-10,Not Started,42.3,2024-10-15,2024-10-24,,False,-5,2,TSK0901,,,,False,,False,0,,,Medium,Medium,32.0,True,True,1,Weekly,5.9,2025-04-27 16:19:10,2026-02-17 13:15:45
TSK1059,KPI review,KPI review for analysis phase of project PRJ026.,Analysis,PRJ026,High,Moderate,10.2,9.0,8,"ERP,Supply Chain,Lean Six Sigma",Analyst,Senior,PMP,7.9,EMP179,2024-07-08,Blocked,50.0,2024-07-10,2024-07-21,,True,588,3,"TSK0191,TSK0754",,,,False,,True,1,,,High,High,37.6,True,True,3,Bi-weekly,0.1,2024-03-11 14:36:34,2024-07-17 14:35:04
TSK1060,Build design system,Build design system for design phase of project PRJ044.,Design,PRJ044,High,Simple,3.1,4.0,3,"SAP HR,HRIS,Conflict Resolution",Analyst,Mid,,2.9,EMP032,2024-10-18,Completed,100.0,2024-10-21,2024-10-29,2024-11-02,False,-2,2,TSK0724,,"TSK0115,TSK0859",TSK0588,False,5.5,True,2,8.9,6.9,High,Low,5,False,False,1,Weekly,3.9,2024-06-06 18:32:29,2024-07-26 08:46:58
TSK1061,Market sizing,Market sizing for research phase of project PRJ097.,Research,PRJ097,Low,Simple,3.8,2.8,8,Excel,Designer,Junior,,6.4,EMP160,2024-07-17,Blocked,21.9,2024-07-18,2024-07-22,,True,587,3,,TSK1067,,,True,,False,0,,6.3,High,Medium,28.6,False,False,5,As needed,4.3,2024-05-26 11:51:57,2026-01-16 14:30:20
TSK1062,User research,User research for research phase of project PRJ093.,Research,PRJ093,Medium,Complex,33.1,,8,Excel,Manager,Senior,,2.2,EMP114,2025-04-24,Blocked,34.3,2025-04-28,2025-05-13,,True,292,3,"TSK0536,TSK0911","TSK1077,TSK1069","TSK1958,TSK1347",,True,,False,0,,7.5,High,Critical,50.7,False,True,5,Weekly,9.5,2024-01-30 15:19:40,2026-01-23 13:45:39
TSK1063,User research,User research for research phase of project PRJ024.,Research,PRJ024,High,Moderate,11.7,,3,Excel,Analyst,Junior,,7.3,EMP175,2024-04-17,In Progress,0,2024-04-21,2024-04-26,,True,674,2,,,"TSK1238,TSK1843",TSK0260,False,,False,0,,,Low,Medium,29.7,False,True,5,Weekly,7.2,2024-07-11 12:37:18,2024-11-03 16:15:22
TSK1064,Impact assessment,Impact assessment for analysis phase of project PRJ018.,Analysis,PRJ018,Medium,Moderate,9.4,8.4,3,"Project Management,Lean Six Sigma,Excel",Developer,Mid,,8.5,EMP028,2025-02-07,Not Started,15.3,2025-02-09,2025-02-16,,False,-1,2,,,,,False,,False,0,,5.5,Low,Critical,32.7,False,True,1,Weekly,4.4,2024-02-05 18:57:36,2025-03-05 11:05:22
TSK1065,Icon set design,Icon set design for design phase of project PRJ015.,Design,PRJ015,Low,Complex,41.4,,5,"React,PostgreSQL",Manager,Junior,,5.5,EMP103,2025-06-15,Blocked,44.8,2025-06-19,2025-07-03,,True,241,2,,,"TSK1550,TSK1294",TSK1000,False,,False,0,,7.4,High,Low,5,False,True,1,Weekly,9.2,2025-02-24 11:22:49,2025-03-23 11:07:14
TSK1066,Create wireframes,Create wireframes for design phase of project PRJ016.,Design,PRJ016,Low,Simple,3.8,3.8,8,QuickBooks,Designer,Senior,,4.1,EMP147,2024-11-22,Not Started,46.5,2024-11-23,2024-11-29,,False,-4,4,,,"TSK0528,TSK0579",,False,,True,1,,5.5,Medium,Critical,5,False,True,1,As needed,5.9,2024-06-06 14:01:02,2025-05-19 12:09:35
TSK1067,Feasibility study,Feasibility study for research phase of project PRJ028.,Research,PRJ028,Medium,Moderate,4.5,4.7,8,"Excel,Lean Six Sigma,ERP",Tester,Senior,,6.4,EMP020,2024-04-17,Blocked,60.2,2024-04-19,2024-04-28,,True,672,3,"TSK0206,TSK1015",,,,True,,False,0,,7.6,High,High,64.4,True,True,3,As needed,5.1,2024-04-25 18:27:38,2024-07-31 15:50:15
TSK1068,Impact assessment,Impact assessment for analysis phase of project PRJ029.,Analysis,PRJ029,Medium,Complex,14.0,10.3,8,"Excel,Bloomberg",Manager,Senior,,5.6,EMP030,,In Progress,69.0,2024-04-29,2024-05-07,,True,663,5,,,"TSK1836,TSK0480",TSK0318,False,,False,0,,7.8,High,Medium,5,True,True,4,Bi-weekly,3.3,2025-05-23 10:29:44,2024-07-09 13:39:08
TSK1069,KPI review,KPI review for analysis phase of project PRJ082.,Analysis,PRJ082,Medium,Complex,46.2,,5,"Excel,Power BI",Tester,Senior,Scrum Master,4.0,EMP125,2025-09-20,Blocked,74.1,2025-09-23,2025-10-08,,True,144,3,"TSK0436,TSK0267",,"TSK1027,TSK1930",,False,,False,0,,,High,Low,23.3,False,False,3,Daily,0.0,2024-03-19 12:41:03,2025-02-19 11:56:35
TSK1070,Process documentation,Process documentation for documentation phase of project PRJ001.,Documentation,PRJ001,Low,Complex,14.5,,3,"VBA,Financial Modeling",Developer,Junior,Scrum Master,5.3,EMP083,2025-06-27,Not Started,53.1,2025-06-29,2025-07-06,,False,-1,3,,,"TSK0736,TSK0979",TSK1048,False,,False,0,,,Medium,High,18.9,False,True,3,As needed,7.6,2024-07-13 18:27:03,2025-02-22 10:20:36
TSK1071,Process documentation,Process documentation for documentation phase of project PRJ003.,Documentation,PRJ003,Medium,Complex,36.3,27.2,3,Content Marketing,Tester,Mid,,1.8,EMP191,2025-08-08,Not Started,83.2,2025-08-10,2025-08-23,,False,0,5,,TSK1089,"TSK1488,TSK1837",,False,,False,0,,7.7,Medium,Medium,5.4,False,True,1,Daily,7.0,2024-08-17 13:38:02,2024-08-18 11:11:46
TSK1072,Metrics dashboard,Metrics dashboard for analysis phase of project PRJ082.,Analysis,PRJ082,Medium,Complex,12.8,11.5,8,GCP,Analyst,Junior,AWS Certified,4.4,EMP054,2024-09-18,In Review,53.9,2024-09-22,2024-10-04,,True,513,2,,"TSK1073,TSK1090","TSK1705,TSK0768",,False,,False,0,,,Low,High,35.2,False,True,3,As needed,6.0,2024-05-04 15:10:00,2025-09-26 08:15:27
TSK1073,Team retrospective,Team retrospective for meeting phase of project PRJ063.,Meeting,PRJ063,High,Complex,30.1,,1,"Conflict Resolution,Employment Law",Tester,Mid,,7.6,EMP124,2024-02-15,In Progress,70.6,2024-02-19,2024-02-27,,True,733,3,TSK0047,TSK1084,,TSK0321,True,,False,0,,6.3,Low,Critical,30.9,False,True,3,Weekly,2.0,2024-09-15 08:51:06,2025-08-02 12:50:53
TSK1074,Stakeholder review,Stakeholder review for meeting phase of project PRJ059.,Meeting,PRJ059,Medium,Moderate,4.7,6.4,2,Google Analytics,Designer,Junior,PMP,3.5,EMP091,2024-08-21,Completed,100.0,2024-08-22,2024-08-27,2024-08-24,False,-2,4,,,"TSK1402,TSK0649",,True,7.0,True,3,5.7,,Medium,Critical,52.3,False,True,3,As needed,6.4,2024-02-02 08:55:25,2024-12-05 10:20:52
TSK1075,Performance report,Performance report for analysis phase of project PRJ006.,Analysis,PRJ006,Low,Moderate,9.9,7.5,3,"CRM,Communication",Manager,Junior,Scrum Master,3.5,EMP145,2025-07-08,Blocked,52.1,2025-07-13,2025-07-16,,True,228,5,,,,TSK1032,True,,False,0,,6.4,Low,Critical,33.8,False,True,2,Bi-weekly,6.8,2024-10-02 13:04:25,2026-02-13 14:05:13
TSK1076,Feasibility study,Feasibility study for research phase of project PRJ002.,Research,PRJ002,Medium,Simple,2.6,,2,"Prototyping,Sketch",Analyst,Senior,Scrum Master,1,EMP036,2024-08-17,In Review,5.1,2024-08-18,2024-08-21,,True,557,3,TSK0841,"TSK1081,TSK1092",,,True,,True,3,,9.0,Low,Critical,60.5,False,True,2,Daily,3.2,2024-10-16 13:50:10,2025-12-22 09:13:16
TSK1077,Process documentation,Process documentation for documentation phase of project PRJ060.,Documentation,PRJ060,Medium,Complex,28.1,36.7,8,CRM,Developer,Mid,,4.8,EMP009,2024-08-13,In Review,65.4,2024-08-16,2024-08-24,,True,554,4,"TSK0354,TSK0609","TSK1087,TSK1093","TSK0280,TSK0994",TSK0314,True,,False,0,,,High,Low,38.3,False,True,4,Bi-weekly,8.2,2024-11-07 09:42:36,2024-06-16 12:20:16
TSK1078,Data analysis,Data analysis for analysis phase of project PRJ074.,Analysis,PRJ074,Low,Moderate,12.6,13.5,1,"Recruiting,Conflict Resolution",Analyst,Mid,PMP,7.7,EMP134,2025-09-11,Completed,100.0,2025-09-15,2025-09-21,2025-09-18,False,-1,3,"TSK0188,TSK0081",TSK1085,,,False,5.7,True,1,6.0,8.3,Low,High,28.3,False,False,1,As needed,4.3,2024-11-26 12:29:33,2025-11-07 17:06:51
TSK1079,Performance testing,Performance testing for testing phase of project PRJ048.,Testing,PRJ048,High,Complex,33.1,45.0,1,"Adobe XD,User Research",Designer,Junior,,3.3,,2025-11-25,Completed,100.0,2025-11-28,2025-12-06,2025-12-05,False,0,3,,,,,False,8.6,False,0,9.3,,High,High,27.0,True,True,1,As needed,0.7,2024-11-07 14:27:00,2026-02-12 08:15:45
TSK1080,Regression test suite,Regression test suite for testing phase of project PRJ015.,Testing,PRJ015,High,Moderate,11.8,15.9,2,"Excel,CRM,Prospecting",Designer,Mid,AWS Certified,6.6,EMP092,2024-09-09,In Progress,63.1,2024-09-10,2024-09-16,,True,531,4,,,"TSK0387,TSK0071",,False,,False,0,,7.8,Medium,Medium,12.0,False,False,3,Daily,7.3,2024-10-28 15:22:23,2024-08-14 13:53:48
TSK1081,Design critique,Design critique for meeting phase of project PRJ052.,Meeting,PRJ052,High,Simple,3.8,,5,SAP,Analyst,Senior,,4.7,EMP018,2025-07-10,In Progress,66.7,2025-07-14,2025-07-17,,True,227,2,,,"TSK1003,TSK1464",TSK0580,False,,False,0,,,Low,High,56.0,False,True,3,Weekly,9.5,2025-05-07 13:55:38,2025-11-23 10:18:34
TSK1082,Fix critical bug,Fix critical bug for development phase of project PRJ028.,Development,PRJ028,Low,Moderate,15.4,21.2,3,"Salesforce,Prospecting",Analyst,Mid,,7.1,EMP071,2024-07-01,Blocked,57.1,2024-07-04,2024-07-13,,True,596,3,"TSK0294,TSK1021",,"TSK0116,TSK0488",,True,,False,0,,,High,High,35.1,False,True,2,As needed,7.7,2024-07-18 15:02:57,2024-07-05 17:22:07
TSK1083,Code review,Code review for development phase of project PRJ028.,Development,PRJ028,High,Complex,41.4,,5,"SEO,Google Analytics,Adobe Suite",Developer,Senior,,3.4,EMP066,2024-05-24,Not Started,44.0,2024-05-29,2024-06-08,,False,-1,4,"TSK0719,TSK1006","TSK1084,TSK1098",,,False,,True,2,,7.3,Low,Critical,50.1,True,True,5,Bi-weekly,1.3,2025-05-05 14:18:10,2025-11-03 12:41:55
TSK1084,Root cause analysis,Root cause analysis for analysis phase of project PRJ050.,Analysis,PRJ050,Medium,Simple,1.5,1.6,2,"Figma,Prototyping,User Research",Developer,Mid,,4.3,EMP183,2024-12-22,Not Started,64.4,2024-12-26,2025-01-05,,False,0,4,"TSK0962,TSK0472",,"TSK0496,TSK1158",,False,,True,1,,,Low,Low,47.0,False,True,5,Daily,9.2,2025-04-07 15:07:37,2025-07-11 18:58:31
TSK1085,Technology evaluation,Technology evaluation for research phase of project PRJ063.,Research,PRJ063,High,Very Complex,36.0,34.9,3,"QuickBooks,Risk Analysis,VBA",Manager,Mid,PMP,4.2,EMP192,2025-02-16,Completed,100.0,2025-02-18,2025-03-02,2025-03-02,False,0,5,"TSK0600,TSK0648","TSK1096,TSK1091",,,False,6.6,False,0,6.4,6.3,High,Medium,37.3,True,False,1,As needed,5.2,2024-01-25 14:13:19,2025-04-30 16:43:21
TSK1086,User research,User research for research phase of project PRJ096.,Research,PRJ096,High,Moderate,9.8,8.8,3,"Lean Six Sigma,Power BI",Analyst,Senior,,4.5,EMP061,2025-01-18,Not Started,64.2,2025-01-20,2025-01-31,,False,0,5,,,,TSK0560,False,,False,0,,6.8,Medium,High,35.5,False,True,1,Weekly,0.7,2025-01-19 10:30:23,2025-09-09 18:12:15
TSK1087,Sprint planning,Sprint planning for meeting phase of project PRJ024.,Meeting,PRJ024,Critical,Simple,1.3,,2,"Salesforce,Excel,Negotiation",Manager,Mid,Scrum Master,5.8,EMP200,2025-09-12,Blocked,78.2,2025-09-16,2025-09-23,,True,159,2,,,"TSK1251,TSK1070",,False,,False,0,,7.7,Low,Critical,30.1,False,True,3,Daily,8.5,2024-01-07 12:11:17,2024-10-19 13:35:16
TSK1088,Requirements gathering,Requirements gathering for research phase of project PRJ048.,Research,PRJ048,Medium,Moderate,6.5,,3,"Excel,Power BI",Developer,Mid,AWS Certified,4.4,EMP093,2024-04-01,In Progress,53.8,2024-04-04,2024-04-14,,True,686,4,TSK1019,,,,True,,False,0,,,Medium,Medium,8.3,False,True,3,Weekly,2.7,2025-01-07 10:58:07,2025-07-05 12:57:10
TSK1089,Design critique,Design critique for meeting phase of project PRJ005.,Meeting,PRJ005,High,Very Complex,40.0,,2,Prototyping,Tester,Mid,,6.0,EMP082,2025-10-28,Blocked,62.6,2025-11-01,2025-11-14,,True,107,3,,,,,False,,False,0,,,High,Low,23.5,True,True,1,Daily,6.0,2024-08-29 14:14:38,2026-02-15 16:51:50
TSK1090,Kickoff meeting,Kickoff meeting for meeting phase of project PRJ053.,Meeting,PRJ053,High,Very Complex,110.3,,5,"Java,Rust,SQL",Developer,Mid,,3.3,EMP184,2025-08-02,In Progress,73.6,2025-08-05,2025-08-31,,True,182,5,,,,,True,,False,0,,7.0,Medium,Critical,5,False,False,5,Weekly,3.1,2024-12-13 17:14:15,2025-02-15 16:56:32
TSK1091,Requirements gathering,Requirements gathering for research phase of project PRJ073.,Research,PRJ073,Medium,Moderate,4.7,,13,"Prototyping,Sketch",Designer,Mid,AWS Certified,4.7,EMP052,,In Progress,95.7,2025-09-19,2025-09-28,,True,154,4,,TSK1109,,,False,,False,0,,,Low,Low,9.7,True,True,5,Weekly,2.4,2025-05-10 14:25:59,2024-08-30 14:13:39
TSK1092,Release notes,Release notes for documentation phase of project PRJ036.,Documentation,PRJ036,Medium,Complex,28.5,,1,"Prospecting,Communication",Designer,Senior,Scrum Master,6.8,EMP090,2024-11-27,In Progress,60.9,2024-11-28,2024-12-11,,True,445,3,,,"TSK0995,TSK1122",,False,,True,3,,,Medium,Low,5,False,False,5,Weekly,0.3,2024-12-25 09:07:15,2025-04-04 16:49:27
TSK1093,Regression test suite,Regression test suite for testing phase of project PRJ058.,Testing,PRJ058,Medium,Complex,32.0,,3,"Email Marketing,A/B Testing,Copywriting",Developer,Mid,,7.4,EMP042,2024-06-13,Not Started,0,2024-06-16,2024-06-27,,False,0,1,,,"TSK1471,TSK1899",TSK0859,False,,False,0,,,Medium,Medium,28.3,False,False,2,Daily,0.5,2025-04-18 10:14:36,2025-06-18 11:11:28
TSK1094,Release notes,Release notes for documentation phase of project PRJ015.,Documentation,PRJ015,Medium,Simple,3.5,3.6,13,"AWS,Go",Manager,Senior,AWS Certified,6.9,EMP079,2024-05-19,Completed,100.0,2024-05-20,2024-05-28,2024-05-24,False,-3,5,,"TSK1104,TSK1107",,,False,7.3,False,0,6.7,,High,Critical,35.8,False,True,5,Daily,5.6,2024-10-23 09:29:32,2025-08-03 15:39:41
TSK1095,Root cause analysis,Root cause analysis for analysis phase of project PRJ029.,Analysis,PRJ029,High,Complex,27.7,30.5,1,SEO,Designer,Junior,,3.4,EMP014,2025-08-28,In Progress,99,2025-09-01,2025-09-12,,True,170,4,,,,,False,,False,0,,,Low,High,12.3,False,True,1,Daily,9.1,2024-04-11 15:25:11,2025-12-22 13:53:44
TSK1096,Deploy to staging,Deploy to staging for development phase of project PRJ001.,Development,PRJ001,Medium,Simple,3.4,3.4,1,"Python,React,AWS",Analyst,Junior,AWS Certified,4.4,EMP103,2024-09-26,Not Started,30.5,2024-09-30,2024-10-02,,False,0,2,TSK0770,"TSK1106,TSK1099","TSK0162,TSK0697",,False,,True,2,,6.8,Medium,High,5,False,False,1,Weekly,2.5,2024-03-19 13:14:53,2024-12-06 17:14:53
TSK1097,Add unit tests,Add unit tests for development phase of project PRJ034.,Development,PRJ034,Medium,Complex,44.2,50.9,3,"Salesforce,Communication",Designer,Junior,,5.5,EMP183,2024-07-29,Blocked,55.7,2024-07-31,2024-08-14,,True,564,5,,,"TSK0588,TSK1076",,False,,False,0,,,High,High,19.8,False,False,1,As needed,7.1,2025-01-25 18:59:29,2025-08-07 13:04:31
TSK1098,Build design system,Build design system for design phase of project PRJ062.,Design,PRJ062,High,Very Complex,58.2,,1,"SQL,Python",Analyst,Mid,,8.3,EMP112,2024-05-13,In Progress,63.9,2024-05-14,2024-05-28,,True,642,4,TSK0634,,"TSK0776,TSK0874",TSK0109,False,,False,0,,,High,High,5.8,True,True,4,Bi-weekly,3.1,2025-01-12 09:21:29,2024-09-05 15:42:36
TSK1099,Create mockups,Create mockups for design phase of project PRJ089.,Design,PRJ089,Medium,Simple,4.0,4.2,8,"AWS,Rust",Manager,Mid,,4.5,EMP085,2024-10-07,Blocked,73.9,2024-10-11,2024-10-15,,True,502,5,TSK0674,,,TSK0314,True,,True,2,,7.0,Medium,Critical,14.4,False,True,2,As needed,5.6,2025-04-09 17:14:53,2025-03-28 16:55:59
TSK1100,Load testing,Load testing for testing phase of project PRJ080.,Testing,PRJ080,Medium,Complex,42.7,33.6,8,"Photoshop,Sketch",Tester,Senior,,7.0,,2025-11-11,Completed,100.0,2025-11-12,2025-11-24,2025-11-25,False,0,1,"TSK0761,TSK1005",,,,False,8.1,False,0,9.4,8.1,Medium,Low,7.3,False,True,1,As needed,5.3,2024-08-28 10:42:56,2024-10-15 13:42:03
TSK1101,Update user guide,Update user guide for documentation phase of project PRJ091.,Documentation,PRJ091,Low,Moderate,13.9,12.0,8,"Content Marketing,Social Media",Tester,Senior,AWS Certified,5.9,EMP024,2024-05-27,Completed,100.0,2024-05-28,2024-06-03,2024-06-03,False,-5,2,"TSK0306,TSK0427",,,,False,9.3,False,0,7.0,9.3,Medium,Medium,15.8,True,False,2,Bi-weekly,5.6,2025-05-06 15:05:17,2025-07-09 15:14:13
TSK1102,Team retrospective,Team retrospective for meeting phase of project PRJ076.,Meeting,PRJ076,High,Simple,1.5,,3,"Workday,Conflict Resolution,SAP HR",Developer,Mid,,5.0,EMP050,2025-06-13,In Progress,38.2,2025-06-18,2025-06-23,,True,251,2,,,,,True,,False,0,,4.5,Medium,Medium,48.2,False,True,5,Daily,5.5,2024-11-04 08:40:50,2025-01-15 08:12:09
TSK1103,Write integration tests,Write integration tests for testing phase of project PRJ029.,Testing,PRJ029,Medium,Moderate,11.2,,8,Google Analytics,Developer,Mid,Scrum Master,5.5,EMP107,2024-01-11,In Review,58.8,2024-01-12,2024-01-20,,True,771,4,,,,,False,,False,0,,,Low,High,37.4,False,True,4,Bi-weekly,3.2,2025-03-16 13:25:02,2024-10-19 14:30:45
TSK1104,Load testing,Load testing for testing phase of project PRJ013.,Testing,PRJ013,High,Simple,2.2,,5,"Adobe Suite,SEO,Copywriting",Developer,Senior,,4.5,EMP163,2025-01-25,Blocked,28.2,2025-01-26,2025-01-30,,True,395,2,,TSK1116,"TSK1552,TSK1694",,False,,False,0,,,High,High,28.5,False,True,3,Weekly,6.3,2024-06-07 08:45:39,2024-11-22 16:14:41
TSK1105,Test automation,Test automation for testing phase of project PRJ031.,Testing,PRJ031,Medium,Complex,35.0,,3,"Excel,Risk Analysis",Designer,Senior,,2.9,EMP107,2024-06-18,In Review,11.5,2024-06-23,2024-07-08,,True,601,1,,,,,False,,False,0,,6.7,Low,Low,22.1,True,True,4,Bi-weekly,9.7,2024-06-21 12:39:17,2025-04-11 10:47:35
TSK1106,Brand refresh,Brand refresh for design phase of project PRJ070.,Design,PRJ070,Low,Moderate,6.3,6.0,5,Employment Law,Designer,Mid,,5.6,EMP138,2025-01-18,In Review,61.6,2025-01-19,2025-01-28,,True,397,5,,"TSK1108,TSK1110",,,False,,False,0,,,Low,Medium,84.4,False,True,5,Weekly,5.2,2024-10-31 08:16:29,2024-07-02 12:52:59
TSK1107,Icon set design,Icon set design for design phase of project PRJ006.,Design,PRJ006,High,Very Complex,68.1,82.0,5,"Figma,Adobe XD,Prototyping",Developer,Senior,Scrum Master,4.2,EMP069,2025-06-25,Completed,100.0,2025-06-27,2025-07-16,2025-07-19,False,0,2,,,,TSK0768,False,7.1,False,0,7.7,6.8,Low,Medium,25.2,False,False,3,Daily,8.9,2025-05-24 12:36:12,2025-11-26 11:16:56
TSK1108,Implement authentication module,Implement authentication module for development phase of project PRJ053.,Development,PRJ053,Low,Simple,3.3,,5,Salesforce,Manager,Mid,AWS Certified,8.1,EMP029,2025-05-21,In Review,6.1,2025-05-26,2025-06-01,,True,273,3,,,,,False,,False,0,,3.4,Low,Low,5.7,False,True,4,As needed,5.8,2024-10-30 14:12:53,2025-04-20 08:31:30
TSK1109,Icon set design,Icon set design for design phase of project PRJ096.,Design,PRJ096,Low,Complex,24.2,,2,"GCP,PostgreSQL,Node.js",Analyst,Mid,,9.9,EMP178,2024-12-31,Blocked,85.2,2025-01-05,2025-01-14,,True,411,2,,,"TSK0329,TSK0664",,False,,False,0,,8.3,Low,Critical,31.9,False,True,3,Bi-weekly,9.9,2025-02-20 15:50:35,2025-06-21 16:38:10
TSK1110,Market sizing,Market sizing for research phase of project PRJ096.,Research,PRJ096,Critical,Moderate,7.8,8.1,3,"Prospecting,CRM,Negotiation",Analyst,Junior,,5.0,EMP102,2024-04-05,In Progress,24.1,2024-04-07,2024-04-11,,True,689,5,,,,,True,,False,0,,,High,Low,32.3,True,True,1,Bi-weekly,0.3,2024-11-05 12:46:10,2025-12-08 09:26:19
TSK1111,Security audit,Security audit for testing phase of project PRJ065.,Testing,PRJ065,High,Very Complex,88.4,68.6,13,Workday,Analyst,Senior,,5.1,EMP126,2025-02-09,Blocked,48.0,2025-02-10,2025-03-01,,True,365,3,,,,,True,,False,0,,6.8,High,High,20.2,False,True,1,Weekly,0.5,2025-04-22 14:15:28,2025-09-01 13:22:53
TSK1112,Load testing,Load testing for testing phase of project PRJ085.,Testing,PRJ085,High,Complex,22.7,17.5,2,"Lean Six Sigma,ERP",Manager,Mid,Scrum Master,3.1,EMP024,2024-07-08,In Progress,10.2,2024-07-12,2024-07-23,,True,586,4,,,"TSK0980,TSK0726",,False,,False,0,,,Medium,Critical,32.7,True,True,5,Bi-weekly,4.8,2025-04-22 18:35:21,2025-04-03 18:40:03
TSK1113,Requirements gathering,Requirements gathering for research phase of project PRJ075.,Research,PRJ075,Medium,Moderate,11.4,,8,A/B Testing,Manager,Junior,,5.3,EMP166,2024-08-10,In Review,40.9,2024-08-11,2024-08-20,,True,558,3,"TSK0026,TSK0255",,"TSK0984,TSK1042",TSK0130,True,,True,2,,8.9,Medium,Medium,5,False,True,5,Bi-weekly,4.3,2024-06-04 17:26:22,2025-01-04 17:54:37
TSK1114,Sprint planning,Sprint planning for meeting phase of project PRJ076.,Meeting,PRJ076,Low,Moderate,9.7,11.5,3,"Excel,Risk Analysis",Developer,Junior,PMP,3.9,EMP072,,Completed,100.0,2024-04-08,2024-04-17,2024-04-18,False,0,5,,,,,False,8.5,True,1,6.1,8.9,High,High,23.9,False,True,1,Daily,6.5,2025-04-14 18:12:17,2024-08-29 13:09:30
TSK1115,Load testing,Load testing for testing phase of project PRJ097.,Testing,PRJ097,High,Complex,47.6,,3,"VBA,Risk Analysis",Manager,Mid,PMP,5.3,EMP141,2024-02-25,Blocked,57.3,2024-03-01,2024-03-14,,True,717,2,,,,,False,,False,0,,,Medium,Critical,6.7,False,False,1,Weekly,7.5,2024-05-26 13:12:49,2025-08-14 13:50:20
TSK1116,Design landing page,Design landing page for design phase of project PRJ020.,Design,PRJ020,Low,Simple,2.6,,3,Excel,Tester,Junior,Scrum Master,4.5,EMP101,2024-12-26,Blocked,40.5,2024-12-27,2024-12-30,,True,426,3,,TSK1119,,,False,,False,0,,,High,High,46.6,False,False,4,As needed,1.8,2025-03-11 17:52:14,2025-03-18 16:56:24
TSK1117,Competitor analysis,Competitor analysis for research phase of project PRJ028.,Research,PRJ028,Medium,Very Complex,46.7,48.3,3,"Rust,FastAPI",Developer,Junior,,3.9,EMP078,2025-04-29,Blocked,99,2025-05-04,2025-05-17,,True,288,2,,,"TSK0210,TSK1233",,False,,False,0,,8.2,Medium,Medium,33.7,False,False,5,Daily,4.2,2024-01-01 15:42:30,2024-08-07 16:59:52
TSK1118,Competitor analysis,Competitor analysis for research phase of project PRJ023.,Research,PRJ023,High,Moderate,4.6,4.2,8,"Sketch,Prototyping,Adobe XD",Analyst,Mid,,2.1,EMP065,2025-07-10,In Review,80.2,2025-07-12,2025-07-22,,True,222,2,,,"TSK0075,TSK0141",,False,,True,2,,,High,Medium,47.2,True,True,2,Weekly,3.4,2024-04-12 09:38:55,2025-03-22 11:26:06
TSK1119,Write integration tests,Write integration tests for testing phase of project PRJ063.,Testing,PRJ063,High,Moderate,11.0,,5,"Adobe Suite,Email Marketing",Manager,Mid,,3.6,EMP165,2024-12-08,Blocked,69.9,2024-12-13,2024-12-19,,True,437,1,,,,,True,,False,0,,8.7,Medium,High,28.7,False,True,1,As needed,4.5,2024-09-15 10:05:45,2024-06-24 13:19:15
TSK1120,Load testing,Load testing for testing phase of project PRJ096.,Testing,PRJ096,High,Simple,2.3,,8,"Java,Node.js,PostgreSQL",Designer,Junior,,7.8,EMP040,2025-08-23,Blocked,60.9,2025-08-28,2025-09-06,,True,176,5,,,"TSK0466,TSK1988",,False,,False,0,,,High,Critical,5,True,True,1,As needed,1.2,2024-02-23 09:34:26,2024-06-23 13:00:15
TSK1121,UAT coordination,UAT coordination for testing phase of project PRJ005.,Testing,PRJ005,High,Complex,39.2,,3,"Recruiting,HRIS",Designer,Junior,,7.2,EMP006,2025-02-14,Not Started,75.1,2025-02-19,2025-02-28,,False,-3,1,"TSK0089,TSK0917",,"TSK0444,TSK1524",,False,,True,1,,,Medium,Critical,21.1,True,True,5,Weekly,3.6,2024-11-30 09:06:29,2024-08-19 12:18:54
TSK1122,Sprint planning,Sprint planning for meeting phase of project PRJ004.,Meeting,PRJ004,High,Moderate,10.4,9.6,2,Training,Developer,Junior,Scrum Master,4.2,EMP032,2025-03-25,Completed,100.0,2025-03-28,2025-04-03,2025-04-07,False,-5,1,,,,,False,7.7,False,0,7.3,7.8,High,Medium,47.5,False,True,4,Bi-weekly,9.7,2025-05-28 09:05:23,2025-10-02 17:48:05
TSK1123,Build design system,Build design system for design phase of project PRJ050.,Design,PRJ050,High,Moderate,15.7,14.7,8,"Employment Law,HRIS,Workday",Developer,Senior,PMP,6.5,EMP062,2025-03-26,Blocked,46.8,2025-03-29,2025-04-04,,True,331,5,,,"TSK0192,TSK1765",,False,,False,0,,7.9,High,Medium,5,True,True,3,Bi-weekly,8.8,2025-04-24 08:41:42,2025-04-24 12:58:15
TSK1124,Icon set design,Icon set design for design phase of project PRJ023.,Design,PRJ023,Low,Moderate,12.4,10.3,13,"Figma,User Research,Sketch",Designer,Mid,,4.2,EMP120,2024-10-08,In Review,88.6,2024-10-09,2024-10-17,,True,500,2,,"TSK1130,TSK1132",,,False,,False,0,,7.2,Low,High,16.9,False,False,3,Daily,3.4,2024-01-07 17:19:26,2024-09-06 15:17:23
TSK1125,UAT coordination,UAT coordination for testing phase of project PRJ053.,Testing,PRJ053,Low,Moderate,13.2,14.0,13,HRIS,Manager,Mid,,3.6,,2024-11-24,Not Started,0,2024-11-29,2024-12-04,,False,-4,2,,"TSK1144,TSK1140",,,False,,False,0,,8.1,Medium,High,22.3,False,False,2,Bi-weekly,6.3,2024-01-21 09:11:14,2024-11-19 17:00:52
TSK1126,Build REST API,Build REST API for development phase of project PRJ014.,Development,PRJ014,High,Complex,41.0,,1,"Project Management,Power BI",Analyst,Mid,AWS Certified,6.1,EMP043,,Blocked,26.7,2024-12-29,2025-01-14,,True,411,2,,,,,False,,False,0,,8.8,High,Critical,54.7,True,True,3,Bi-weekly,4.9,2024-01-17 15:16:38,2025-05-07 10:08:18
TSK1127,Create onboarding docs,Create onboarding docs for documentation phase of project PRJ080.,Documentation,PRJ080,Medium,Complex,31.7,31.0,5,"Conflict Resolution,Employment Law",Designer,Junior,,5.2,EMP074,2024-04-29,Completed,100.0,2024-05-03,2024-05-16,2024-05-15,False,-1,1,,"TSK1142,TSK1144","TSK1809,TSK1822",TSK1051,False,10.0,False,0,7.9,7.6,Low,Critical,9.2,True,True,3,Weekly,9.8,2024-11-22 08:34:59,2025-05-28 09:55:07
TSK1128,Create mockups,Create mockups for design phase of project PRJ060.,Design,PRJ060,Medium,Moderate,11.8,,13,Workday,Designer,Mid,,2.7,EMP087,2025-09-29,Not Started,11.8,2025-10-01,2025-10-12,,False,-5,3,,,"TSK1654,TSK1432",,True,,True,3,,8.2,High,Low,36.9,True,False,5,As needed,7.2,2024-02-03 10:34:37,2026-01-18 11:53:26
TSK1129,UAT coordination,UAT coordination for testing phase of project PRJ083.,Testing,PRJ083,High,Simple,3.0,,8,CRM,Tester,Junior,AWS Certified,6.7,EMP135,2024-11-15,In Progress,78.8,2024-11-19,2024-11-28,,True,458,5,,,,,False,,True,2,,,Medium,Critical,39.0,False,True,5,Bi-weekly,7.5,2024-01-01 16:23:10,2024-12-02 16:26:05
TSK1130,Process documentation,Process documentation for documentation phase of project PRJ068.,Documentation,PRJ068,Low,Simple,3.3,,5,"Project Management,Excel",Designer,Senior,,1.3,EMP038,2025-05-31,Not Started,77.8,2025-06-05,2025-06-09,,False,-2,5,,,,,False,,True,1,,,Low,Medium,17.8,False,True,3,Bi-weekly,8.5,2024-03-08 12:27:58,2025-06-05 17:37:32
TSK1131,Design landing page,Design landing page for design phase of project PRJ009.,Design,PRJ009,Medium,Very Complex,83.5,,3,Figma,Analyst,Junior,Scrum Master,3.4,EMP166,2024-04-11,Blocked,38.7,2024-04-15,2024-05-08,,True,662,5,"TSK0223,TSK0213",,"TSK0775,TSK1369",,False,,False,0,,8.5,Medium,High,5,False,True,1,As needed,7.0,2025-01-20 09:50:15,2025-12-30 11:17:59
TSK1132,User research,User research for research phase of project PRJ034.,Research,PRJ034,High,Moderate,13.8,,3,"Conflict Resolution,Employment Law,Training",Analyst,Junior,,5.1,EMP010,2024-03-02,Not Started,37.0,2024-03-06,2024-03-18,,False,-2,3,,,,,False,,False,0,,8.7,Low,Medium,5.1,False,True,1,Daily,2.8,2024-04-24 16:09:58,2025-07-02 18:03:27
TSK1133,Design critique,Design critique for meeting phase of project PRJ006.,Meeting,PRJ006,High,Moderate,15.1,,1,Negotiation,Tester,Junior,PMP,3.5,EMP128,2025-02-28,Not Started,88.6,2025-03-05,2025-03-13,,False,-3,4,,TSK1137,,,True,,False,0,,,Medium,Critical,30.9,True,True,4,Bi-weekly,3.4,2024-09-28 08:45:30,2026-01-28 18:18:51
TSK1134,Create wireframes,Create wireframes for design phase of project PRJ083.,Design,PRJ083,Medium,Moderate,5.5,,8,Sketch,Manager,Mid,,5.4,EMP106,2025-10-17,In Progress,0,2025-10-20,2025-10-27,,True,125,2,"TSK0930,TSK0984",,"TSK1060,TSK1681",,True,,False,0,,7.3,High,Medium,27.2,False,False,4,Bi-weekly,3.8,2024-06-23 18:53:40,2025-07-15 16:54:49
TSK1135,Add unit tests,Add unit tests for development phase of project PRJ099.,Development,PRJ099,Medium,Simple,2.1,2.8,8,"Salesforce,Prospecting,Negotiation",Developer,Senior,Scrum Master,5.9,EMP025,2024-12-06,Not Started,34.7,2024-12-09,2024-12-18,,False,-5,1,"TSK0675,TSK0917","TSK1136,TSK1139",,TSK0282,False,,False,0,,6.5,Low,High,41.7,True,False,4,Bi-weekly,6.2,2024-11-27 18:42:17,2025-03-09 08:35:00
TSK1136,Sprint planning,Sprint planning for meeting phase of project PRJ075.,Meeting,PRJ075,Medium,Moderate,5.9,,2,"PostgreSQL,Django,FastAPI",Developer,Junior,,4.0,EMP110,2024-12-03,Blocked,35.0,2024-12-08,2024-12-14,,True,442,5,,,"TSK0604,TSK0529",,False,,False,0,,9.4,Medium,High,43.7,False,True,2,Weekly,2.4,2024-10-05 08:36:07,2025-08-31 08:49:32
TSK1137,Design critique,Design critique for meeting phase of project PRJ073.,Meeting,PRJ073,Medium,Very Complex,119.0,158.4,1,"SAP,VBA,Bloomberg",Manager,Senior,,2.5,EMP041,2024-05-24,In Review,54.3,2024-05-27,2024-06-23,,True,616,4,TSK0417,,,,False,,False,0,,8.3,Medium,Low,47.3,True,False,3,As needed,3.6,2025-04-15 11:57:34,2025-07-24 16:33:01
TSK1138,Load testing,Load testing for testing phase of project PRJ007.,Testing,PRJ007,High,Moderate,5.2,,1,Python,Tester,Junior,PMP,5.1,EMP005,2024-03-16,In Review,56.4,2024-03-17,2024-03-27,,True,704,4,"TSK1128,TSK1009",,"TSK1035,TSK0621",,False,,False,0,,7.2,Low,Low,32.9,False,True,1,As needed,8.7,2024-06-20 15:01:05,2025-12-21 17:07:13
TSK1139,Update user guide,Update user guide for documentation phase of project PRJ072.,Documentation,PRJ072,Medium,Very Complex,40.2,,5,"ERP,Excel",Manager,Mid,,2.6,EMP138,2023-12-29,In Progress,24.5,2024-01-03,2024-01-17,,True,774,5,,,,,False,,True,1,,8.6,High,Medium,39.1,False,False,2,Daily,9.7,2024-12-04 08:10:18,2024-07-27 17:53:00
TSK1140,Write integration tests,Write integration tests for testing phase of project PRJ006.,Testing,PRJ006,Medium,Simple,3.6,,5,"Lean Six Sigma,ERP,Power BI",Developer,Junior,AWS Certified,6.8,EMP167,2025-04-03,In Review,74.7,2025-04-07,2025-04-12,,True,323,3,,,,TSK0318,False,,False,0,,7.2,High,Critical,44.3,False,True,3,Bi-weekly,0.9,2024-06-13 10:29:26,2024-06-03 15:52:34
TSK1141,Competitor analysis,Competitor analysis for research phase of project PRJ055.,Research,PRJ055,Low,Moderate,12.4,11.2,2,"Content Marketing,Email Marketing,SEO",Designer,Mid,,7.1,EMP060,2023-12-31,In Review,0,2024-01-04,2024-01-15,,True,776,1,"TSK0261,TSK0409",,,,False,,False,0,,8.8,Medium,Low,27.8,False,True,1,Bi-weekly,2.3,2024-05-10 13:17:32,2024-10-23 18:20:42
TSK1142,Add unit tests,Add unit tests for development phase of project PRJ069.,Development,PRJ069,Medium,Complex,14.3,,2,"Lean Six Sigma,ERP",Tester,Mid,Scrum Master,3.4,EMP109,2024-09-23,In Review,69.5,2024-09-28,2024-10-09,,True,508,3,"TSK0593,TSK0050",,,,False,,False,0,,6.7,Medium,Low,5,True,False,5,As needed,8.4,2024-07-24 08:10:52,2025-11-13 14:27:55
TSK1143,Stakeholder review,Stakeholder review for meeting phase of project PRJ083.,Meeting,PRJ083,High,Complex,20.8,15.7,8,Negotiation,Analyst,Mid,,3.0,EMP028,2025-08-14,Blocked,36.7,2025-08-15,2025-08-28,,True,185,3,,,,,False,,False,0,,,Low,Critical,29.4,False,True,1,Daily,7.5,2024-04-01 13:27:59,2025-07-31 11:40:07
TSK1144,Team retrospective,Team retrospective for meeting phase of project PRJ009.,Meeting,PRJ009,Low,Very Complex,75.9,,3,Financial Modeling,Designer,Senior,PMP,8.5,EMP058,2025-09-12,Blocked,41.1,2025-09-13,2025-09-30,,True,152,5,,TSK1154,"TSK0385,TSK1380",,False,,False,0,,,Medium,Low,32.4,False,True,1,As needed,7.1,2024-04-17 15:14:21,2025-05-20 18:58:39
TSK1145,Write API docs,Write API docs for documentation phase of project PRJ063.,Documentation,PRJ063,Low,Moderate,9.3,9.3,5,"Copywriting,Adobe Suite",Manager,Senior,,7.8,EMP051,2024-02-25,Not Started,13.9,2024-03-01,2024-03-05,,False,-3,4,,,"TSK0217,TSK0627",,True,,False,0,,5.5,Low,Critical,30.4,True,False,4,Bi-weekly,7.2,2024-12-26 15:25:04,2024-07-15 13:08:52
TSK1146,Feasibility study,Feasibility study for research phase of project PRJ023.,Research,PRJ023,Low,Complex,41.4,55.5,1,"Excel,Communication",Developer,Senior,,2.5,EMP015,2024-11-05,In Review,28.9,2024-11-09,2024-11-24,,True,462,4,,,,,True,,False,0,,10,Low,High,26.5,False,False,5,Daily,7.6,2024-06-11 15:16:08,2025-05-03 16:36:06
TSK1147,UAT coordination,UAT coordination for testing phase of project PRJ077.,Testing,PRJ077,Medium,Moderate,14.7,,13,Bloomberg,Designer,Mid,,4.8,EMP112,2024-08-08,Blocked,59.6,2024-08-10,2024-08-21,,True,557,2,"TSK0027,TSK1077",,,,False,,False,0,,,Medium,Medium,25.2,False,False,2,Bi-weekly,4.9,2024-05-25 14:43:31,2024-11-09 09:34:10
TSK1148,Regression test suite,Regression test suite for testing phase of project PRJ063.,Testing,PRJ063,Critical,Simple,2.1,1.8,1,"Figma,Adobe XD,Illustrator",Analyst,Mid,,5.9,EMP138,,Completed,100.0,2025-05-06,2025-05-13,2025-05-17,False,-2,2,TSK0844,,,,False,6.1,False,0,6.9,8.0,Medium,Critical,5,False,True,2,As needed,3.2,2024-08-01 18:43:12,2024-09-08 16:56:53
TSK1149,Architecture review,Architecture review for meeting phase of project PRJ032.,Meeting,PRJ032,High,Simple,3.2,,8,"Supply Chain,Lean Six Sigma,Excel",Designer,Senior,Scrum Master,3.6,EMP106,2025-10-11,Not Started,9.0,2025-10-14,2025-10-18,,False,0,1,TSK0833,TSK1157,,,False,,True,1,,,Medium,Critical,46.1,True,True,2,Daily,1.7,2025-02-20 14:39:33,2024-07-18 11:08:41
TSK1150,Kickoff meeting,Kickoff meeting for meeting phase of project PRJ057.,Meeting,PRJ057,High,Complex,32.3,,13,"Excel,Salesforce,HubSpot",Designer,Junior,,6.3,EMP073,2024-06-28,Blocked,38.1,2024-07-01,2024-07-08,,True,601,5,TSK0562,,,TSK1045,True,,False,0,,8.0,Low,Medium,21.1,False,True,4,Daily,8.1,2024-01-19 09:17:45,2025-10-09 11:46:17
TSK1151,Stakeholder review,Stakeholder review for meeting phase of project PRJ018.,Meeting,PRJ018,Medium,Very Complex,45.6,,1,"A/B Testing,SEO,Copywriting",Developer,Junior,Scrum Master,3.9,EMP020,2024-01-10,Blocked,77.0,2024-01-11,2024-01-20,,True,771,1,,"TSK1170,TSK1168",,,False,,False,0,,,Medium,Critical,62.9,True,False,2,As needed,3.9,2025-03-04 12:28:39,2025-11-21 18:50:42
TSK1152,Test automation,Test automation for testing phase of project PRJ081.,Testing,PRJ081,Medium,Moderate,11.8,,3,"Excel,Prospecting",Tester,Senior,PMP,4.3,EMP027,2025-01-25,In Progress,39.8,2025-01-27,2025-02-07,,True,387,1,,,"TSK0355,TSK1205",,False,,True,2,,6.0,High,High,14.7,True,False,2,Weekly,6.0,2025-05-24 09:11:15,2025-07-29 11:02:27
TSK1153,Add unit tests,Add unit tests for development phase of project PRJ078.,Development,PRJ078,Medium,Complex,37.7,43.4,13,"Project Management,Supply Chain,Excel",Analyst,Junior,AWS Certified,1,EMP021,2024-04-28,Completed,100.0,2024-05-02,2024-05-18,2024-05-22,False,0,4,,,"TSK1893,TSK1538",,False,6.2,False,0,6.7,8.3,Medium,Low,15.4,True,False,4,Bi-weekly,5.6,2025-03-04 15:47:48,2024-09-24 12:52:14
TSK1154,Competitor analysis,Competitor analysis for research phase of project PRJ036.,Research,PRJ036,Critical,Moderate,6.8,5.2,3,Go,Developer,Junior,,6.9,EMP177,2025-09-02,Completed,100.0,2025-09-04,2025-09-07,2025-09-10,False,-2,5,"TSK0597,TSK0142",,,,False,8.4,False,0,8.3,6.4,High,Medium,5,False,False,4,Weekly,9.3,2024-09-07 11:09:36,2024-12-18 11:42:57
TSK1155,Add unit tests,Add unit tests for development phase of project PRJ002.,Development,PRJ002,Low,Simple,2.6,,5,"A/B Testing,Google Analytics,Copywriting",Manager,Senior,Scrum Master,5.8,EMP025,2024-01-08,In Review,49.3,2024-01-09,2024-01-11,,True,780,4,,TSK1161,"TSK1681,TSK0550",,False,,False,0,,,Low,Medium,35.1,False,False,2,As needed,5.5,2025-05-17 10:55:47,2025-05-06 11:36:33
TSK1156,Design landing page,Design landing page for design phase of project PRJ090.,Design,PRJ090,Critical,Moderate,6.7,4.9,13,Content Marketing,Manager,Senior,,1.6,EMP138,2025-01-25,In Review,99,2025-01-28,2025-02-08,,True,386,3,,,,,False,,False,0,,10,High,High,28.0,False,True,4,Daily,4.2,2025-01-11 10:14:02,2025-12-18 09:38:42
TSK1157,Requirements gathering,Requirements gathering for research phase of project PRJ028.,Research,PRJ028,High,Simple,3.1,,13,A/B Testing,Tester,Mid,PMP,6.4,EMP168,2024-01-15,In Review,48.8,2024-01-16,2024-01-22,,True,769,3,"TSK0786,TSK0468",,"TSK1845,TSK0351",,False,,False,0,,,Medium,Critical,6.2,False,True,2,As needed,7.4,2024-01-02 13:31:01,2024-11-11 15:12:40
TSK1158,Code review,Code review for development phase of project PRJ099.,Development,PRJ099,High,Simple,3.6,2.7,2,"Salesforce,CRM,Communication",Developer,Mid,AWS Certified,4.1,EMP013,2024-08-09,Not Started,56.4,2024-08-11,2024-08-13,,False,-5,1,,"TSK1168,TSK1160","TSK1890,TSK1385",TSK0755,False,,False,0,,8.4,Low,Critical,38.2,False,True,2,Daily,3.6,2024-07-23 10:45:33,2025-01-19 15:04:44
TSK1159,Load testing,Load testing for testing phase of project PRJ068.,Testing,PRJ068,Critical,Moderate,7.1,,1,"Adobe Suite,SEO,A/B Testing",Developer,Senior,,4.7,EMP125,2024-06-02,Blocked,44.9,2024-06-03,2024-06-10,,True,629,4,,,,TSK0224,False,,False,0,,,High,Medium,34.5,False,True,3,Weekly,2.0,2024-12-24 15:18:04,2025-05-31 09:35:48
TSK1160,Data analysis,Data analysis for analysis phase of project PRJ016.,Analysis,PRJ016,High,Very Complex,52.5,61.9,2,"Bloomberg,Excel,QuickBooks",Tester,Junior,,4.8,EMP188,2024-04-20,In Progress,92.6,2024-04-25,2024-05-10,,True,660,1,"TSK0793,TSK1127",,"TSK0236,TSK1656",,False,,False,0,,5.7,Medium,Low,10.1,False,False,5,Bi-weekly,5.6,2024-06-04 17:23:56,2025-04-09 12:46:59
TSK1161,Design critique,Design critique for meeting phase of project PRJ004.,Meeting,PRJ004,Medium,Moderate,13.3,11.5,1,"Lean Six Sigma,Supply Chain,Excel",Tester,Senior,PMP,4.0,EMP199,2025-07-19,Completed,100.0,2025-07-21,2025-07-27,2025-07-23,False,-2,4,,,,,False,8.3,False,0,6.2,7.1,High,High,32.7,False,False,3,Daily,3.1,2025-02-11 10:22:10,2025-05-30 13:56:35
TSK1162,Add unit tests,Add unit tests for development phase of project PRJ032.,Development,PRJ032,High,Complex,20.0,,3,"Risk Analysis,SAP",Designer,Mid,,6.4,EMP018,2024-07-16,In Review,8.6,2024-07-18,2024-07-24,,True,585,2,"TSK0505,TSK0215",,"TSK0805,TSK0007",TSK0540,False,,False,0,,6.9,Low,Low,28.1,False,True,1,As needed,3.0,2024-12-10 10:22:19,2025-12-11 14:07:41
TSK1163,KPI review,KPI review for analysis phase of project PRJ098.,Analysis,PRJ098,High,Complex,23.9,,1,"AWS,Django",Manager,Mid,,6.6,EMP004,2024-02-18,Blocked,39.6,2024-02-20,2024-03-04,,True,727,1,"TSK0274,TSK0934",TSK1170,"TSK1142,TSK0134",,False,,False,0,,8.3,Medium,Low,5,False,False,3,Bi-weekly,6.5,2024-04-20 13:11:48,2025-02-28 10:30:44
TSK1164,Load testing,Load testing for testing phase of project PRJ086.,Testing,PRJ086,Low,Simple,2.1,2.0,1,PostgreSQL,Tester,Senior,Scrum Master,7.9,EMP098,2025-11-25,Not Started,32.5,2025-11-27,2025-12-05,,False,-5,3,,,,,False,,True,1,,7.4,Medium,High,49.8,True,False,2,Daily,8.7,2024-03-09 15:48:03,2025-06-27 10:55:09
TSK1165,Stakeholder review,Stakeholder review for meeting phase of project PRJ015.,Meeting,PRJ015,Medium,Very Complex,57.7,70.0,8,"Adobe Suite,Email Marketing,SEO",Manager,Junior,,5.0,EMP086,2024-01-11,Completed,100.0,2024-01-15,2024-01-26,2024-01-24,False,-5,2,"TSK0575,TSK0311",,"TSK1836,TSK0368",,True,9.1,True,1,9.1,7.9,High,Medium,70.2,False,False,3,Bi-weekly,0.0,2024-07-18 12:14:57,2025-06-21 16:40:49
TSK1166,Write API docs,Write API docs for documentation phase of project PRJ054.,Documentation,PRJ054,Medium,Moderate,4.7,,5,"SAP,QuickBooks,Risk Analysis",Analyst,Mid,,6.4,,2025-02-06,Not Started,54.4,2025-02-10,2025-02-15,,False,0,1,,,,,False,,True,2,,,Low,High,21.2,False,True,1,Daily,1.5,2024-09-18 10:20:58,2025-07-27 18:05:38
TSK1167,Feasibility study,Feasibility study for research phase of project PRJ023.,Research,PRJ023,High,Complex,34.9,,1,"Email Marketing,Adobe Suite",Tester,Senior,,4.6,EMP172,2024-07-11,Blocked,77.5,2024-07-16,2024-07-30,,True,579,4,,,"TSK0972,TSK1586",,False,,True,1,,,Medium,Low,35.9,True,True,5,Bi-weekly,0.9,2024-02-22 14:10:38,2025-04-08 12:09:01
TSK1168,Test automation,Test automation for testing phase of project PRJ023.,Testing,PRJ023,High,Complex,13.3,17.5,13,"Photoshop,Figma",Designer,Junior,,4.5,EMP054,2024-04-11,In Review,16.6,2024-04-14,2024-04-20,,True,680,5,,,"TSK1677,TSK1511",,False,,True,2,,8.0,High,Low,23.9,False,True,5,As needed,1.6,2024-10-31 15:59:40,2024-06-20 15:43:09
TSK1169,Build REST API,Build REST API for development phase of project PRJ061.,Development,PRJ061,High,Complex,45.6,,1,"Node.js,AWS,React",Designer,Senior,,7.1,EMP057,2024-02-26,Blocked,35.6,2024-02-27,2024-03-12,,True,719,2,"TSK0588,TSK0127",,,,False,,False,0,,,High,Critical,16.4,False,True,3,Daily,8.7,2025-01-27 17:15:55,2025-07-08 14:46:45
TSK1170,Market sizing,Market sizing for research phase of project PRJ030.,Research,PRJ030,Medium,Complex,32.7,,13,"Figma,Sketch",Analyst,Mid,,1.4,EMP152,2023-12-29,Not Started,60.6,2024-01-01,2024-01-15,,False,-1,2,,,"TSK0811,TSK1031",,False,,False,0,,6.2,Medium,Low,31.3,False,False,5,Bi-weekly,5.8,2025-04-16 09:37:56,2024-09-01 11:39:11
TSK1171,Implement authentication module,Implement authentication module for development phase of project PRJ016.,Development,PRJ016,Critical,Simple,2.0,,3,"Financial Modeling,SAP,Bloomberg",Analyst,Senior,,4.3,EMP172,2024-04-18,In Review,0,2024-04-19,2024-04-25,,True,675,4,,,,TSK0494,False,,False,0,,6.3,Medium,Critical,15.1,False,True,5,Bi-weekly,0.2,2025-02-11 18:56:52,2025-02-23 08:08:37
TSK1172,Write API docs,Write API docs for documentation phase of project PRJ012.,Documentation,PRJ012,Medium,Moderate,14.0,,8,"Adobe Suite,Social Media,SEO",Manager,Mid,,7.1,EMP172,2025-01-21,Blocked,36.4,2025-01-23,2025-01-29,,True,396,1,TSK1098,"TSK1177,TSK1185",,,True,,False,0,,6.5,High,Low,33.4,False,True,5,Bi-weekly,5.7,2024-10-11 18:03:50,2024-10-02 16:39:52
TSK1173,Write API docs,Write API docs for documentation phase of project PRJ074.,Documentation,PRJ074,High,Moderate,6.2,5.3,13,"Recruiting,Training,HRIS",Manager,Mid,,3.9,EMP168,2025-10-18,Blocked,99,2025-10-23,2025-11-01,,True,120,4,,,"TSK0974,TSK1220",,False,,False,0,,,Low,High,40.2,False,True,2,Bi-weekly,4.9,2025-04-23 12:06:22,2025-04-03 14:55:12
TSK1174,Sprint planning,Sprint planning for meeting phase of project PRJ028.,Meeting,PRJ028,Medium,Moderate,12.6,,3,Prospecting,Manager,Mid,AWS Certified,7.5,EMP148,2024-01-24,Blocked,50.8,2024-01-29,2024-02-04,,True,756,5,TSK0859,,"TSK0937,TSK0009",TSK0423,False,,False,0,,6.9,High,Low,5,False,False,2,Weekly,9.9,2025-05-09 16:43:39,2026-02-26 18:05:43
TSK1175,Feasibility study,Feasibility study for research phase of project PRJ020.,Research,PRJ020,Low,Very Complex,60.4,,1,Conflict Resolution,Tester,Junior,,6.5,EMP156,2024-12-25,In Progress,19.5,2024-12-30,2025-01-12,,True,413,2,"TSK0130,TSK0835",,,,False,,False,0,,,High,Low,55.1,True,True,4,As needed,8.2,2024-01-10 16:36:35,2026-02-08 09:45:07
TSK1176,Create mockups,Create mockups for design phase of project PRJ066.,Design,PRJ066,Low,Very Complex,38.9,,3,Adobe XD,Tester,Mid,Scrum Master,7.2,,2024-02-02,In Progress,45.1,2024-02-03,2024-02-12,,True,748,1,"TSK0916,TSK0170",,,,False,,True,2,,7.4,High,Medium,64.0,False,True,4,Bi-weekly,7.5,2025-02-15 17:52:26,2025-12-16 10:25:51
TSK1177,Design critique,Design critique for meeting phase of project PRJ008.,Meeting,PRJ008,High,Complex,32.2,,2,Google Analytics,Tester,Mid,AWS Certified,2.2,EMP011,2025-10-02,Not Started,58.1,2025-10-06,2025-10-18,,False,-4,5,"TSK0165,TSK0014",,"TSK0918,TSK1709",,True,,False,0,,7.0,High,Low,23.4,False,False,5,As needed,3.5,2024-04-16 11:01:06,2024-11-17 08:53:31
TSK1178,Icon set design,Icon set design for design phase of project PRJ003.,Design,PRJ003,High,Simple,1.6,,1,"Lean Six Sigma,Supply Chain",Tester,Senior,,2.3,EMP085,2024-12-10,In Review,51.6,2024-12-13,2024-12-15,,True,441,2,,,"TSK0314,TSK0293",TSK0015,False,,False,0,,8.2,Medium,Critical,41.7,False,True,2,Daily,4.1,2024-04-17 11:47:21,2024-06-03 10:19:34
TSK1179,Performance report,Performance report for analysis phase of project PRJ085.,Analysis,PRJ085,High,Very Complex,60.9,,5,ERP,Tester,Junior,,4.7,EMP011,2025-01-31,In Review,47.4,2025-02-04,2025-02-24,,True,370,4,,,,,False,,False,0,,,High,Low,49.1,False,False,1,As needed,0.3,2024-06-17 18:03:55,2024-08-04 10:09:55
TSK1180,Implement authentication module,Implement authentication module for development phase of project PRJ097.,Development,PRJ097,Low,Moderate,14.7,,5,"Social Media,A/B Testing,Email Marketing",Designer,Mid,,5.8,EMP132,2024-06-04,In Review,83.2,2024-06-05,2024-06-12,,True,627,5,,,"TSK0161,TSK0649",,False,,True,1,,8.0,Low,Low,30.8,True,False,5,Weekly,4.0,2024-04-23 08:43:19,2025-03-25 15:47:42
TSK1181,User research,User research for research phase of project PRJ086.,Research,PRJ086,High,Complex,37.3,,13,"Recruiting,Employment Law,Workday",Tester,Mid,,3.0,EMP198,2024-10-26,In Review,22.9,2024-10-29,2024-11-06,,True,480,3,,,,,False,,False,0,,7.2,Medium,High,67.7,False,True,2,Bi-weekly,4.1,2024-06-20 17:28:10,2025-06-11 12:35:14
TSK1182,Security audit,Security audit for testing phase of project PRJ036.,Testing,PRJ036,High,Complex,33.3,27.7,8,"Risk Analysis,SAP,Financial Modeling",Developer,Mid,,5.2,EMP176,2025-06-12,Completed,100.0,2025-06-15,2025-06-27,2025-06-24,False,-4,3,,,,TSK0022,False,9.1,False,0,6.6,,High,Low,48.0,True,False,1,Daily,8.0,2024-09-07 10:24:15,2025-02-08 17:34:35
TSK1183,Requirements gathering,Requirements gathering for research phase of project PRJ066.,Research,PRJ066,Medium,Moderate,9.0,9.3,2,Lean Six Sigma,Analyst,Senior,,5.7,EMP147,2024-10-05,Completed,100.0,2024-10-09,2024-10-20,2024-10-25,False,-4,1,TSK0846,,,,True,7.2,True,3,7.8,7.3,Medium,Low,8.7,False,True,1,Weekly,1.7,2024-04-01 13:06:40,2025-12-21 15:06:02
TSK1184,Security audit,Security audit for testing phase of project PRJ003.,Testing,PRJ003,High,Moderate,15.2,18.7,3,SEO,Tester,Junior,PMP,3.1,EMP039,2025-02-11,In Review,0,2025-02-14,2025-02-21,,True,373,5,,,"TSK0499,TSK0215",TSK0328,False,,False,0,,6.4,Medium,Low,31.8,False,False,2,Daily,3.3,2024-01-26 18:58:00,2025-04-30 08:45:26
TSK1185,Team retrospective,Team retrospective for meeting phase of project PRJ062.,Meeting,PRJ062,High,Very Complex,99.1,123.1,13,"Salesforce,Prospecting,Negotiation",Tester,Mid,,2.9,EMP060,2025-09-19,Not Started,49.5,2025-09-20,2025-10-16,,False,0,5,,,,,False,,False,0,,8.2,High,Low,41.9,False,False,2,As needed,10.0,2024-02-28 14:31:01,2025-09-23 14:55:37
TSK1186,User research,User research for research phase of project PRJ062.,Research,PRJ062,Critical,Simple,3.1,,5,"Prototyping,User Research",Developer,Senior,,2.8,EMP041,2024-04-14,Blocked,34.0,2024-04-17,2024-04-26,,True,674,4,,,,,False,,False,0,,7.1,Medium,High,39.0,True,False,4,Daily,0.9,2025-01-01 11:18:01,2025-04-21 10:49:19
TSK1187,Build design system,Build design system for design phase of project PRJ055.,Design,PRJ055,Critical,Very Complex,99.2,115.4,5,"HRIS,Employment Law,Recruiting",Developer,Junior,,4.5,EMP003,2025-03-16,Completed,100.0,2025-03-17,2025-04-11,2025-04-15,False,-1,4,"TSK0088,TSK0432",,"TSK0730,TSK0993",,False,7.6,False,0,7.3,7.1,Low,Critical,9.7,False,False,1,Weekly,7.5,2024-12-20 14:00:43,2026-02-26 12:58:14
TSK1188,Brand refresh,Brand refresh for design phase of project PRJ004.,Design,PRJ004,Low,Simple,1.1,0.9,3,Excel,Manager,Junior,PMP,6.5,EMP116,2024-09-09,In Progress,30.9,2024-09-12,2024-09-19,,True,528,3,,,,,False,,False,0,,8.7,Medium,High,55.2,False,True,2,Bi-weekly,7.3,2025-02-18 18:52:52,2025-12-28 11:16:33
TSK1189,Performance testing,Performance testing for testing phase of project PRJ038.,Testing,PRJ038,Medium,Moderate,12.2,13.6,2,"CRM,Prospecting",Designer,Junior,,9.2,EMP150,2024-01-22,Completed,100.0,2024-01-26,2024-02-04,2024-02-02,False,0,5,"TSK0364,TSK1023",,,,False,7.0,False,0,6.2,,Low,Low,49.6,True,False,2,Weekly,9.3,2024-06-24 10:26:09,2026-02-20 11:24:48
TSK1190,Test automation,Test automation for testing phase of project PRJ066.,Testing,PRJ066,Medium,Complex,37.9,,13,"Salesforce,Prospecting",Tester,Mid,,4.8,EMP078,2024-02-16,Blocked,59.2,2024-02-18,2024-03-02,,True,729,2,,,,TSK0013,False,,False,0,,9.0,Medium,Critical,45.4,False,True,1,As needed,1.1,2025-03-27 08:01:05,2025-01-07 14:20:04
TSK1191,User testing,User testing for design phase of project PRJ024.,Design,PRJ024,Low,Moderate,8.3,9.3,2,Communication,Designer,Mid,AWS Certified,6.1,EMP098,2024-11-10,Completed,100.0,2024-11-13,2024-11-23,2024-11-26,False,-3,2,"TSK0366,TSK0811",,,,False,9.3,False,0,9.4,,High,Medium,5,True,True,3,Weekly,0.9,2024-02-07 10:20:39,2024-07-17 12:28:23
TSK1192,Performance testing,Performance testing for testing phase of project PRJ090.,Testing,PRJ090,High,Moderate,5.1,,2,"Negotiation,Prospecting,CRM",Designer,Junior,,2.4,EMP178,2024-11-22,Not Started,0.7,2024-11-25,2024-11-28,,False,-1,5,,,,,True,,False,0,,6.9,Low,Low,5.2,False,True,2,As needed,6.2,2024-04-11 18:31:29,2024-06-29 08:05:52
TSK1193,Design landing page,Design landing page for design phase of project PRJ069.,Design,PRJ069,Low,Moderate,12.7,,8,"Figma,User Research,Photoshop",Designer,Senior,,2.7,EMP141,2025-10-22,In Review,91.2,2025-10-27,2025-11-04,,True,117,5,,"TSK1206,TSK1203",,,False,,True,1,,,Medium,Medium,18.3,False,True,2,Weekly,8.7,2024-06-14 13:00:22,2025-02-06 16:25:20
TSK1194,Impact assessment,Impact assessment for analysis phase of project PRJ025.,Analysis,PRJ025,Low,Simple,2.7,,1,User Research,Tester,Junior,,4.6,EMP071,,Blocked,91.7,2024-03-03,2024-03-09,,True,722,1,,,"TSK1585,TSK1929",,False,,False,0,,7.5,High,Low,29.0,False,True,3,As needed,8.3,2024-02-16 11:59:08,2024-08-26 18:27:21
TSK1195,Fix critical bug,Fix critical bug for development phase of project PRJ041.,Development,PRJ041,High,Moderate,14.2,12.3,13,"Risk Analysis,SAP,VBA",Developer,Junior,,3.6,EMP120,2025-01-18,Completed,100.0,2025-01-19,2025-01-24,2025-01-26,False,-2,1,,TSK1200,"TSK0758,TSK1047",,False,9.0,False,0,8.2,8.8,Low,High,32.8,True,True,3,Bi-weekly,6.5,2024-05-31 14:56:29,2025-02-17 14:36:43
TSK1196,Root cause analysis,Root cause analysis for analysis phase of project PRJ031.,Analysis,PRJ031,Critical,Very Complex,47.1,,1,Excel,Designer,Senior,,2.8,EMP173,2025-03-28,In Progress,62.9,2025-04-01,2025-04-12,,True,323,1,TSK1024,,,,False,,True,2,,7.1,Medium,High,18.7,False,True,2,Weekly,3.4,2025-01-11 17:38:19,2025-12-23 12:35:10
TSK1197,Team retrospective,Team retrospective for meeting phase of project PRJ064.,Meeting,PRJ064,Medium,Moderate,8.4,8.8,5,"Supply Chain,Project Management,Excel",Manager,Senior,,9.8,EMP001,2025-10-04,Blocked,52.0,2025-10-08,2025-10-15,,True,137,1,,,"TSK0786,TSK1376",,False,,True,3,,8.2,Low,Low,5,False,False,1,Weekly,7.3,2025-02-21 09:54:48,2024-10-23 15:46:14
TSK1198,Regression test suite,Regression test suite for testing phase of project PRJ091.,Testing,PRJ091,Medium,Moderate,9.8,,8,"Conflict Resolution,Workday",Developer,Mid,,5.1,EMP177,2025-09-29,Blocked,73.5,2025-10-01,2025-10-08,,True,144,1,,,,,False,,False,0,,,High,Critical,52.2,True,False,3,Daily,8.3,2024-04-25 12:38:03,2025-11-19 15:27:38
TSK1199,Release notes,Release notes for documentation phase of project PRJ016.,Documentation,PRJ016,High,Moderate,10.7,7.9,2,"Power BI,Excel",Analyst,Mid,,4.1,EMP183,2025-11-13,Not Started,88.3,2025-11-18,2025-11-27,,False,-5,5,,,,,False,,False,0,,6.5,High,Medium,29.3,False,False,2,Daily,2.7,2024-02-04 09:25:03,2025-03-23 10:53:26
TSK1200,Root cause analysis,Root cause analysis for analysis phase of project PRJ030.,Analysis,PRJ030,High,Moderate,11.5,13.6,3,"A/B Testing,Google Analytics",Developer,Senior,Scrum Master,3.9,EMP131,2025-08-07,Completed,100.0,2025-08-08,2025-08-19,2025-08-22,False,-3,3,,,,,False,10,False,0,7.8,8.9,Low,Low,16.7,False,True,2,Bi-weekly,5.2,2025-01-09 16:57:12,2024-07-22 15:24:52
TSK1201,Update user guide,Update user guide for documentation phase of project PRJ018.,Documentation,PRJ018,High,Simple,2.0,,2,"Bloomberg,SAP",Analyst,Senior,PMP,4.8,EMP184,2024-10-09,In Progress,37.8,2024-10-12,2024-10-18,,True,499,2,,"TSK1206,TSK1207","TSK1024,TSK1478",TSK0108,False,,False,0,,6.5,Medium,Medium,25.7,True,False,1,Weekly,0.0,2024-04-15 08:16:05,2024-10-26 13:32:59
TSK1202,Write API docs,Write API docs for documentation phase of project PRJ053.,Documentation,PRJ053,High,Moderate,11.9,,2,"CRM,Prospecting",Analyst,Junior,,1.9,EMP129,2024-02-10,Not Started,82.9,2024-02-15,2024-02-20,,False,-1,1,,,,,False,,True,2,,7.2,High,High,10.2,True,False,1,Daily,7.5,2024-08-04 13:42:57,2024-09-23 18:46:35
TSK1203,Release notes,Release notes for documentation phase of project PRJ083.,Documentation,PRJ083,High,Complex,22.0,23.0,13,"Training,Conflict Resolution,Employment Law",Tester,Junior,Scrum Master,6.8,EMP117,2024-10-12,In Review,61.4,2024-10-17,2024-10-26,,True,491,4,,"TSK1211,TSK1206","TSK1113,TSK1430",,False,,False,0,,8.7,High,High,13.0,True,True,2,As needed,2.2,2025-03-26 13:18:44,2025-11-05 12:21:11
TSK1204,Security audit,Security audit for testing phase of project PRJ004.,Testing,PRJ004,High,Very Complex,100.7,140.1,2,"Salesforce,HubSpot,CRM",Designer,Junior,AWS Certified,5.4,EMP197,2024-07-20,Completed,100.0,2024-07-23,2024-08-11,2024-08-10,False,0,3,,,,,True,7.8,False,0,8.9,7.6,Medium,Medium,5,False,True,2,As needed,6.5,2025-03-01 11:19:40,2025-11-17 13:08:56
TSK1205,Release notes,Release notes for documentation phase of project PRJ042.,Documentation,PRJ042,High,Simple,4.0,2.8,3,"Illustrator,Photoshop,Sketch",Designer,Senior,AWS Certified,7.5,EMP044,2024-04-06,Blocked,11.8,2024-04-07,2024-04-11,,True,689,1,TSK1026,TSK1216,,,True,,True,3,,10,High,Low,25.9,False,False,1,As needed,5.1,2024-07-11 12:00:06,2024-06-21 15:29:42
TSK1206,Create mockups,Create mockups for design phase of project PRJ045.,Design,PRJ045,High,Simple,3.4,,8,User Research,Designer,Junior,,6.2,EMP070,2024-08-06,Blocked,38.6,2024-08-10,2024-08-12,,True,566,4,"TSK0293,TSK0958",,"TSK0389,TSK0885",,False,,False,0,,8.1,Medium,High,5,False,False,4,Daily,9.5,2024-12-16 13:31:25,2025-01-28 12:07:47
TSK1207,Team retrospective,Team retrospective for meeting phase of project PRJ056.,Meeting,PRJ056,Low,Simple,3.7,,13,"Copywriting,Content Marketing,Google Analytics",Designer,Junior,PMP,1.9,EMP014,2024-07-31,In Review,49.9,2024-08-02,2024-08-11,,True,567,2,,,"TSK1854,TSK0994",TSK0202,False,,True,3,,4.4,High,Critical,17.2,False,True,2,As needed,5.1,2024-06-07 14:21:00,2024-07-19 18:13:05
TSK1208,Sprint planning,Sprint planning for meeting phase of project PRJ022.,Meeting,PRJ022,Critical,Moderate,7.4,,3,Excel,Analyst,Senior,Scrum Master,2.8,EMP054,2024-08-19,In Progress,99,2024-08-20,2024-08-29,,True,549,4,,,,,False,,False,0,,8.4,High,Critical,32.7,False,True,5,Daily,5.6,2025-05-31 15:00:56,2025-11-12 17:35:21
TSK1209,Fix critical bug,Fix critical bug for development phase of project PRJ006.,Development,PRJ006,Critical,Simple,2.6,2.0,3,Prospecting,Analyst,Mid,PMP,3.8,EMP145,,Blocked,56.2,2024-08-14,2024-08-18,,True,560,1,,,,,False,,True,3,,5.0,Medium,Low,24.9,True,True,5,Daily,8.8,2024-09-15 17:10:13,2025-05-05 17:44:45
TSK1210,Team retrospective,Team retrospective for meeting phase of project PRJ021.,Meeting,PRJ021,Low,Moderate,6.5,8.1,1,Google Analytics,Designer,Mid,Scrum Master,8.9,EMP028,2025-08-12,Not Started,29.2,2025-08-14,2025-08-24,,False,-5,5,,,"TSK0875,TSK0759",,False,,False,0,,,High,Low,47.8,False,False,2,Bi-weekly,5.7,2024-10-02 16:21:54,2026-02-26 14:07:32
TSK1211,Write API docs,Write API docs for documentation phase of project PRJ038.,Documentation,PRJ038,High,Moderate,13.5,,8,Django,Developer,Mid,PMP,6.8,EMP022,2024-08-13,In Review,0,2024-08-16,2024-08-28,,True,550,5,TSK0424,TSK1227,"TSK0067,TSK0187",,False,,False,0,,,High,Low,38.9,False,False,2,As needed,8.3,2025-02-04 15:41:39,2026-01-06 09:42:32
TSK1212,Create wireframes,Create wireframes for design phase of project PRJ036.,Design,PRJ036,High,Moderate,7.4,,5,"Financial Modeling,Bloomberg",Designer,Senior,,3.7,EMP069,,In Progress,0,2024-09-16,2024-09-21,,True,526,1,,,,,False,,True,1,,,Low,Low,5.3,False,True,2,Bi-weekly,5.8,2025-03-03 09:29:56,2025-04-13 14:16:35
TSK1213,Market sizing,Market sizing for research phase of project PRJ081.,Research,PRJ081,High,Moderate,4.7,6.1,13,"ERP,Excel",Tester,Junior,Scrum Master,6.7,EMP069,2024-05-29,Blocked,50.3,2024-06-02,2024-06-04,,True,635,4,TSK0998,,"TSK0212,TSK1624",,False,,False,0,,7.6,Medium,Medium,7.3,False,False,4,Bi-weekly,8.7,2024-04-17 15:51:35,2025-03-29 09:52:27
TSK1214,Kickoff meeting,Kickoff meeting for meeting phase of project PRJ033.,Meeting,PRJ033,Medium,Complex,38.5,49.6,3,Conflict Resolution,Analyst,Junior,PMP,8.2,EMP096,2024-04-18,Not Started,76.5,2024-04-20,2024-05-03,,False,-5,4,,TSK1222,,,False,,False,0,,8.5,High,Critical,33.5,False,False,4,Daily,6.1,2024-09-05 17:18:31,2025-06-01 16:23:39
TSK1215,Update user guide,Update user guide for documentation phase of project PRJ078.,Documentation,PRJ078,Medium,Moderate,5.8,4.2,1,Risk Analysis,Designer,Mid,,6.7,EMP019,2024-04-07,Blocked,19.1,2024-04-11,2024-04-17,,True,683,1,,,,TSK0581,True,,False,0,,8.3,High,High,16.3,False,True,1,Bi-weekly,8.7,2024-05-29 12:34:39,2025-05-06 14:45:25
TSK1216,Load testing,Load testing for testing phase of project PRJ036.,Testing,PRJ036,Medium,Simple,3.7,4.1,13,Conflict Resolution,Tester,Junior,Scrum Master,4.4,EMP072,2024-08-06,Blocked,33.0,2024-08-10,2024-08-12,,True,566,4,TSK0677,"TSK1225,TSK1217",,,False,,False,0,,8.2,High,Low,28.8,True,False,1,Bi-weekly,7.3,2024-03-29 13:20:50,2025-11-29 09:25:31
TSK1217,Create mockups,Create mockups for design phase of project PRJ067.,Design,PRJ067,Medium,Complex,33.1,23.2,1,Kubernetes,Manager,Mid,,4.6,EMP048,2025-09-17,Completed,100.0,2025-09-20,2025-10-05,2025-10-08,False,-4,2,,,"TSK1895,TSK1221",,False,8.0,False,0,6.0,,Medium,High,11.9,True,False,1,Daily,4.2,2024-09-30 17:55:44,2025-05-07 17:35:59
TSK1218,Create wireframes,Create wireframes for design phase of project PRJ096.,Design,PRJ096,Medium,Very Complex,100.1,90.7,8,"User Research,Prototyping,Sketch",Analyst,Senior,,3.7,EMP094,2025-09-18,Blocked,0,2025-09-20,2025-10-08,,True,144,3,"TSK0344,TSK0770",,,,False,,False,0,,,High,Low,7.9,False,True,4,Daily,1.9,2024-10-01 15:47:14,2024-09-20 10:48:50
TSK1219,Team retrospective,Team retrospective for meeting phase of project PRJ043.,Meeting,PRJ043,High,Complex,29.8,28.2,5,"Conflict Resolution,Recruiting",Manager,Senior,,6.2,EMP040,2025-09-29,Completed,100.0,2025-10-04,2025-10-17,2025-10-20,False,-5,4,,,"TSK0341,TSK1553",TSK0101,True,4.9,True,3,6.0,9.7,High,Critical,26.2,False,False,1,As needed,3.1,2024-02-17 16:33:28,2024-07-05 12:18:36
TSK1220,Code review,Code review for development phase of project PRJ083.,Development,PRJ083,Medium,Simple,3.1,,1,Google Analytics,Analyst,Mid,Scrum Master,1.7,EMP037,2025-01-04,Not Started,11.5,2025-01-06,2025-01-16,,False,-4,4,,,,,False,,False,0,,5.5,Medium,Medium,11.8,False,True,1,Bi-weekly,1.3,2025-01-04 17:55:25,2024-08-20 15:40:02
TSK1221,Process documentation,Process documentation for documentation phase of project PRJ068.,Documentation,PRJ068,Medium,Moderate,12.8,,5,Workday,Manager,Senior,,3.9,EMP095,2024-09-29,Not Started,42.7,2024-09-30,2024-10-04,,False,-4,5,,"TSK1229,TSK1235",,,True,,False,0,,7.5,High,Low,12.6,False,True,2,Daily,7.5,2024-01-30 10:42:41,2025-11-03 15:33:20
TSK1222,Create wireframes,Create wireframes for design phase of project PRJ064.,Design,PRJ064,High,Complex,23.2,,2,CRM,Developer,Junior,,5.7,EMP031,2024-07-12,Not Started,80.0,2024-07-15,2024-07-25,,False,-5,1,,,"TSK1069,TSK1308",,False,,False,0,,9.5,Low,Medium,29.4,False,False,2,As needed,6.7,2024-04-25 12:03:11,2024-12-05 14:38:22
TSK1223,Market sizing,Market sizing for research phase of project PRJ023.,Research,PRJ023,High,Complex,48.0,,5,"Lean Six Sigma,Supply Chain",Tester,Senior,PMP,7.2,EMP145,2025-07-19,In Review,74.2,2025-07-24,2025-08-03,,True,210,2,"TSK0642,TSK0494","TSK1229,TSK1224","TSK0305,TSK0110",,False,,False,0,,10,High,Medium,5.0,False,True,2,Weekly,0.6,2024-09-18 18:44:17,2025-06-10 18:40:26
TSK1224,Data analysis,Data analysis for analysis phase of project PRJ081.,Analysis,PRJ081,Medium,Complex,43.8,40.2,8,"Workday,Training,HRIS",Manager,Senior,,9.5,EMP031,2025-05-13,Not Started,28.0,2025-05-14,2025-05-23,,False,-3,3,,,,,False,,False,0,,,High,Medium,41.2,False,True,1,Weekly,1.2,2024-12-24 10:12:17,2025-11-21 12:56:07
TSK1225,Feasibility study,Feasibility study for research phase of project PRJ091.,Research,PRJ091,High,Simple,1.7,1.6,2,"Node.js,Django,TypeScript",Analyst,Mid,,4.5,EMP011,2025-03-21,In Progress,85.6,2025-03-25,2025-04-03,,True,332,5,TSK0927,,,,False,,False,0,,6.9,High,Medium,15.6,False,False,2,Weekly,1.8,2024-08-20 17:19:47,2025-10-18 18:34:02
TSK1226,Metrics dashboard,Metrics dashboard for analysis phase of project PRJ006.,Analysis,PRJ006,Low,Simple,3.3,2.6,1,User Research,Developer,Mid,,2.2,EMP111,2025-11-01,Completed,100.0,2025-11-05,2025-11-13,2025-11-17,False,-3,2,,,,,False,9.2,False,0,7.9,7.7,Medium,Medium,14.6,True,False,4,Daily,5.8,2024-04-06 12:19:10,2025-12-02 16:16:21
TSK1227,Impact assessment,Impact assessment for analysis phase of project PRJ070.,Analysis,PRJ070,High,Simple,3.1,2.2,8,"HRIS,Employment Law,Training",Tester,Junior,AWS Certified,4.4,EMP127,2025-11-03,Completed,100.0,2025-11-07,2025-11-09,2025-11-05,False,-5,5,,"TSK1245,TSK1239","TSK1193,TSK1422",,False,7.6,False,0,7.7,4.8,Medium,Medium,10.8,False,True,3,Daily,4.6,2024-11-26 18:23:57,2024-09-02 16:36:23
TSK1228,Stakeholder review,Stakeholder review for meeting phase of project PRJ042.,Meeting,PRJ042,Medium,Complex,22.1,,13,Figma,Manager,Senior,,7.8,EMP032,2025-06-16,In Progress,99,2025-06-21,2025-07-01,,True,243,2,,TSK1238,,,False,,False,0,,8.8,Medium,Critical,44.0,False,True,4,Weekly,5.8,2025-01-20 12:04:30,2025-07-10 18:40:46
TSK1229,Architecture review,Architecture review for meeting phase of project PRJ044.,Meeting,PRJ044,Medium,Simple,2.3,,1,SAP HR,Developer,Mid,,4.7,EMP132,2024-01-01,Blocked,66.0,2024-01-03,2024-01-05,,True,786,2,,,,,False,,False,0,,10,High,Critical,46.9,True,False,2,Weekly,4.3,2024-02-10 09:34:31,2024-12-13 14:15:31
TSK1230,Requirements gathering,Requirements gathering for research phase of project PRJ023.,Research,PRJ023,Medium,Moderate,4.6,3.4,8,"Copywriting,Adobe Suite,Social Media",Analyst,Junior,,5.8,EMP104,2025-09-28,Completed,100.0,2025-09-29,2025-10-02,2025-10-04,False,-5,2,,,,,False,6.6,True,3,7.3,8.7,High,Low,27.7,False,True,4,Bi-weekly,4.9,2024-09-01 14:50:27,2025-03-19 15:07:32
TSK1231,Data analysis,Data analysis for analysis phase of project PRJ027.,Analysis,PRJ027,Critical,Moderate,11.3,,3,"User Research,Prototyping,Sketch",Manager,Senior,,2.0,EMP187,2024-06-05,In Review,63.2,2024-06-07,2024-06-15,,True,624,3,TSK0467,,"TSK0489,TSK0524",TSK0395,False,,False,0,,,Medium,Low,20.2,False,True,3,Daily,3.2,2025-01-08 16:46:24,2024-12-04 09:55:31
TSK1232,KPI review,KPI review for analysis phase of project PRJ005.,Analysis,PRJ005,Low,Moderate,13.3,,5,Prototyping,Analyst,Senior,,2.5,EMP200,2025-08-17,Not Started,61.5,2025-08-22,2025-08-27,,False,-5,1,,,"TSK1814,TSK0365",,False,,False,0,,7.5,Medium,High,7.7,False,False,1,Weekly,6.3,2025-03-17 11:52:02,2025-10-09 11:13:22
TSK1233,Write API docs,Write API docs for documentation phase of project PRJ096.,Documentation,PRJ096,Medium,Moderate,15.1,11.3,2,"Content Marketing,Email Marketing,Adobe Suite",Tester,Senior,AWS Certified,3.1,EMP151,2024-06-25,In Review,0,2024-06-29,2024-07-08,,True,601,2,"TSK0858,TSK0454",,,,True,,False,0,,7.3,High,Medium,5,True,False,4,Bi-weekly,1.6,2024-07-14 10:35:38,2025-02-06 09:49:44
TSK1234,Refactor database layer,Refactor database layer for development phase of project PRJ040.,Development,PRJ040,Medium,Very Complex,78.7,86.2,8,"Power BI,Project Management,ERP",Analyst,Junior,,6.2,EMP055,2025-02-16,Completed,100.0,2025-02-21,2025-03-11,2025-03-09,False,0,4,TSK0929,,,,True,8.9,False,0,7.5,8.4,High,High,5,False,True,3,Bi-weekly,7.9,2024-11-02 18:46:08,2025-02-13 17:42:17
TSK1235,Deploy to staging,Deploy to staging for development phase of project PRJ044.,Development,PRJ044,High,Simple,3.7,,1,"A/B Testing,Google Analytics,Adobe Suite",Manager,Mid,,4.1,EMP118,2025-07-25,In Review,28.3,2025-07-30,2025-08-01,,True,212,4,TSK0627,,,,False,,False,0,,,High,High,5,False,True,4,As needed,5.5,2024-07-20 10:04:40,2025-11-22 14:28:56
TSK1236,Create wireframes,Create wireframes for design phase of project PRJ027.,Design,PRJ027,High,Simple,1.9,2.2,5,"Project Management,ERP,Power BI",Tester,Senior,Scrum Master,7.6,EMP199,2024-06-17,Completed,100.0,2024-06-22,2024-06-24,2024-06-25,False,-2,1,"TSK0336,TSK0205",,,,False,8.9,False,0,7.0,8.5,Low,High,5,False,False,5,Daily,9.1,2024-05-03 10:09:46,2025-01-31 08:10:49
TSK1237,Test automation,Test automation for testing phase of project PRJ028.,Testing,PRJ028,High,Very Complex,102.1,141.1,13,Social Media,Tester,Senior,,7.0,EMP066,2024-05-28,Completed,100.0,2024-05-30,2024-06-22,2024-06-27,False,-3,5,"TSK0369,TSK0674",,"TSK1171,TSK1438",,True,5.4,False,0,8.5,8.0,High,Medium,44.3,False,True,2,Weekly,2.4,2024-02-19 09:32:26,2024-09-19 14:10:25
TSK1238,Stakeholder review,Stakeholder review for meeting phase of project PRJ037.,Meeting,PRJ037,Medium,Moderate,11.0,,1,ERP,Tester,Senior,PMP,3.8,EMP078,2025-10-26,Not Started,0,2025-10-28,2025-11-01,,False,-1,1,,,,,False,,False,0,,5.9,Low,Medium,6.7,False,True,4,Daily,7.7,2024-08-07 11:52:24,2024-06-28 14:12:22
TSK1239,Create onboarding docs,Create onboarding docs for documentation phase of project PRJ073.,Documentation,PRJ073,High,Complex,40.2,46.1,5,"Salesforce,CRM",Analyst,Mid,,4.1,,2024-08-11,Completed,100.0,2024-08-13,2024-08-22,2024-08-23,False,-1,4,,,,,False,10,False,0,7.4,,High,Critical,29.6,False,False,2,Bi-weekly,8.5,2025-03-03 09:54:13,2025-11-14 09:59:53
TSK1240,Write API docs,Write API docs for documentation phase of project PRJ035.,Documentation,PRJ035,Medium,Moderate,13.9,17.9,5,Project Management,Manager,Senior,,1,EMP051,2024-03-15,Completed,100.0,2024-03-17,2024-03-21,2024-03-16,False,-4,5,,,,,False,4.8,False,0,8.9,8.6,Medium,Critical,43.5,True,True,4,Weekly,2.2,2025-04-11 17:39:49,2025-09-05 18:59:40
TSK1241,Update user guide,Update user guide for documentation phase of project PRJ099.,Documentation,PRJ099,High,Simple,2.0,2.6,13,"Bloomberg,SAP",Tester,Junior,Scrum Master,1,EMP087,2025-02-18,Blocked,32.1,2025-02-19,2025-02-26,,True,368,4,,TSK1250,"TSK1464,TSK0863",TSK1028,False,,False,0,,5.9,Low,Low,39.5,False,True,5,As needed,7.5,2024-02-04 14:31:38,2025-09-20 18:10:12
TSK1242,Release notes,Release notes for documentation phase of project PRJ037.,Documentation,PRJ037,Low,Complex,30.5,41.8,1,"CRM,Excel,Salesforce",Analyst,Senior,Scrum Master,3.9,EMP008,2025-01-06,Completed,100.0,2025-01-08,2025-01-19,2025-01-14,False,0,5,,,,,False,9.0,False,0,7.1,,Low,Medium,16.7,True,True,5,Daily,4.1,2024-09-24 08:03:48,2025-04-23 09:20:24
TSK1243,User testing,User testing for design phase of project PRJ074.,Design,PRJ074,Medium,Simple,1.7,1.5,2,AWS,Analyst,Junior,,6.3,EMP197,2025-08-01,Not Started,32.3,2025-08-06,2025-08-10,,False,-4,1,,,"TSK1799,TSK1571",,False,,False,0,,,High,Low,14.1,True,True,3,Bi-weekly,3.2,2024-05-07 18:21:30,2025-04-11 11:19:29
TSK1244,Process documentation,Process documentation for documentation phase of project PRJ062.,Documentation,PRJ062,Medium,Moderate,7.0,5.9,1,Go,Designer,Mid,AWS Certified,7.1,EMP016,2025-08-16,Completed,100.0,2025-08-20,2025-08-29,2025-08-30,False,-4,1,,,"TSK0090,TSK1257",,False,7.2,False,0,6.3,7.8,High,Low,57.9,True,True,2,Daily,6.5,2025-05-12 12:14:29,2025-04-20 18:04:42
TSK1245,Technology evaluation,Technology evaluation for research phase of project PRJ061.,Research,PRJ061,Medium,Very Complex,115.3,,8,Recruiting,Tester,Mid,,3.8,EMP140,2025-07-22,In Progress,56.2,2025-07-26,2025-08-17,,True,196,4,,,"TSK1262,TSK1221",,False,,False,0,,4.8,Low,Medium,33.0,False,False,2,Bi-weekly,4.5,2024-09-03 14:26:51,2025-07-21 16:43:00
TSK1246,Build design system,Build design system for design phase of project PRJ072.,Design,PRJ072,Critical,Moderate,5.2,,8,"ERP,Excel,Lean Six Sigma",Manager,Mid,,3.9,EMP197,2025-01-14,In Review,15.9,2025-01-15,2025-01-18,,True,407,1,,,"TSK0659,TSK0565",,False,,False,0,,9.3,Medium,High,10.3,False,False,4,Daily,6.9,2025-06-01 15:47:58,2025-08-14 16:35:49
TSK1247,Brand refresh,Brand refresh for design phase of project PRJ066.,Design,PRJ066,High,Complex,38.0,,8,"User Research,Adobe XD,Photoshop",Manager,Mid,PMP,3.9,EMP180,2025-08-12,In Review,36.7,2025-08-17,2025-09-01,,True,181,1,,,"TSK0109,TSK1177",,False,,False,0,,9.8,Low,Critical,23.2,False,True,1,Weekly,6.0,2024-06-13 08:01:05,2025-03-13 13:02:04
TSK1248,Impact assessment,Impact assessment for analysis phase of project PRJ098.,Analysis,PRJ098,Medium,Moderate,7.6,5.3,2,"Salesforce,Negotiation",Tester,Mid,,5.2,EMP034,2025-09-21,In Review,45.3,2025-09-24,2025-09-27,,True,155,2,TSK0120,"TSK1267,TSK1254",,,True,,False,0,,,High,Low,49.8,False,False,1,Daily,8.2,2024-04-04 17:00:32,2024-07-14 12:29:38
TSK1249,Architecture review,Architecture review for meeting phase of project PRJ039.,Meeting,PRJ039,Medium,Complex,24.8,,5,"CRM,Communication,Salesforce",Designer,Junior,,4.1,EMP180,2025-06-16,In Review,56.6,2025-06-19,2025-07-03,,True,241,2,,,"TSK0768,TSK0284",,False,,True,1,,,Medium,Critical,5,False,True,2,As needed,5.6,2025-04-02 16:46:50,2024-08-03 16:45:50
TSK1250,Root cause analysis,Root cause analysis for analysis phase of project PRJ073.,Analysis,PRJ073,Medium,Moderate,11.0,8.9,13,"Lean Six Sigma,Supply Chain,Excel",Manager,Senior,AWS Certified,5.6,EMP139,2024-05-14,Completed,100.0,2024-05-16,2024-05-20,2024-05-23,False,-5,4,,,"TSK1086,TSK1223",,True,5.8,False,0,8.8,8.1,High,High,38.5,True,True,2,Weekly,0.7,2025-02-07 12:11:44,2024-10-04 17:53:27
TSK1251,Build design system,Build design system for design phase of project PRJ099.,Design,PRJ099,Medium,Complex,14.8,,1,Employment Law,Developer,Mid,,5.3,EMP138,2025-04-01,Not Started,33.5,2025-04-02,2025-04-11,,False,-2,5,"TSK1042,TSK0486",,,,False,,False,0,,5.7,Medium,Medium,25.6,True,False,3,As needed,7.9,2025-01-07 10:17:33,2025-01-24 12:34:12
TSK1252,Stakeholder review,Stakeholder review for meeting phase of project PRJ011.,Meeting,PRJ011,Low,Moderate,4.2,3.9,5,"QuickBooks,Bloomberg,Risk Analysis",Designer,Senior,,8.0,EMP004,2024-10-29,Completed,100.0,2024-11-02,2024-11-09,2024-11-14,False,-3,4,,,,,True,6.3,False,0,6.9,10,High,Medium,19.2,False,True,3,Daily,3.8,2024-10-06 08:00:48,2024-06-05 14:30:38
TSK1253,Load testing,Load testing for testing phase of project PRJ060.,Testing,PRJ060,High,Complex,32.6,,13,"Salesforce,Communication,CRM",Manager,Junior,Scrum Master,7.6,EMP176,2025-11-05,Not Started,3.8,2025-11-10,2025-11-18,,False,-2,1,,,"TSK1735,TSK1657",,True,,False,0,,6.3,Low,High,5.1,True,False,5,As needed,6.9,2024-06-19 13:55:16,2025-10-10 18:03:28
TSK1254,Create onboarding docs,Create onboarding docs for documentation phase of project PRJ070.,Documentation,PRJ070,Medium,Complex,45.1,,1,"Training,Workday,Conflict Resolution",Developer,Junior,PMP,6.5,EMP006,2025-01-14,In Review,93.7,2025-01-16,2025-01-26,,True,399,2,TSK0569,,,TSK0872,True,,False,0,,5.1,Low,Critical,15.4,False,True,1,As needed,4.3,2024-06-17 18:53:16,2024-06-10 10:44:25
TSK1255,Create wireframes,Create wireframes for design phase of project PRJ089.,Design,PRJ089,Medium,Moderate,15.7,17.5,8,SAP,Developer,Junior,,3.0,EMP103,2024-12-11,Completed,100.0,2024-12-15,2024-12-21,2024-12-25,False,-5,5,,,,,True,8.5,True,1,6.6,6.7,Low,Medium,26.5,True,True,2,Bi-weekly,2.6,2024-08-17 15:19:53,2026-01-05 13:26:32
TSK1256,Create onboarding docs,Create onboarding docs for documentation phase of project PRJ073.,Documentation,PRJ073,Medium,Moderate,9.8,,8,"Bloomberg,VBA",Designer,Junior,,1.8,EMP085,2024-02-09,In Progress,62.6,2024-02-14,2024-02-24,,True,736,2,,,,,False,,True,3,,,Low,Medium,5,False,True,5,Weekly,5.4,2024-07-09 11:49:06,2024-12-13 09:43:51
TSK1257,Release notes,Release notes for documentation phase of project PRJ059.,Documentation,PRJ059,High,Complex,40.6,,5,"A/B Testing,Email Marketing,Content Marketing",Analyst,Junior,Scrum Master,2.3,EMP115,2024-12-20,In Progress,56.4,2024-12-24,2025-01-06,,True,419,2,,,,,False,,False,0,,10,High,Medium,24.7,False,True,2,As needed,1.0,2024-08-09 12:41:20,2025-08-14 12:34:47
TSK1258,Market sizing,Market sizing for research phase of project PRJ064.,Research,PRJ064,Low,Very Complex,60.6,,1,"Content Marketing,Adobe Suite",Manager,Junior,AWS Certified,4.6,EMP017,2024-08-16,Blocked,51.1,2024-08-18,2024-08-30,,True,548,2,TSK0751,,"TSK0464,TSK1867",,False,,True,2,,8.5,Medium,Low,43.6,False,True,4,Daily,8.3,2024-05-15 13:03:16,2025-07-22 09:25:06
TSK1259,Requirements gathering,Requirements gathering for research phase of project PRJ010.,Research,PRJ010,Medium,Moderate,5.4,6.8,13,SAP,Manager,Senior,,6.6,,2024-04-16,In Review,31.7,2024-04-20,2024-04-23,,True,677,5,,,"TSK0580,TSK1668",,True,,True,1,,8.0,Low,Medium,5,False,True,5,Daily,9.8,2024-12-21 16:41:09,2024-11-03 16:14:54
TSK1260,Impact assessment,Impact assessment for analysis phase of project PRJ001.,Analysis,PRJ001,Low,Complex,25.9,,3,"Prototyping,Photoshop,Figma",Manager,Junior,Scrum Master,4.7,EMP023,2025-02-28,In Review,17.2,2025-03-02,2025-03-13,,True,353,3,TSK1136,,,,False,,False,0,,,Low,High,44.0,False,False,2,As needed,6.5,2024-11-21 08:57:41,2025-04-07 12:26:20
TSK1261,Metrics dashboard,Metrics dashboard for analysis phase of project PRJ096.,Analysis,PRJ096,High,Moderate,5.3,6.6,8,"Docker,AWS",Developer,Junior,,6.5,EMP158,2025-09-26,Completed,100.0,2025-10-01,2025-10-11,2025-10-11,False,-3,5,"TSK1239,TSK1158",,"TSK0534,TSK0552",,False,7.9,False,0,7.7,7.3,Low,Low,24.0,False,False,2,Weekly,0.8,2024-11-05 11:44:53,2024-11-11 11:43:00
TSK1262,Market sizing,Market sizing for research phase of project PRJ036.,Research,PRJ036,High,Moderate,7.5,6.2,13,"VBA,Excel,Financial Modeling",Manager,Mid,Scrum Master,4.6,EMP120,2025-10-12,In Review,13.2,2025-10-14,2025-10-17,,True,135,1,,,"TSK0772,TSK0637",TSK1256,False,,False,0,,,Low,Critical,27.2,True,True,4,Weekly,8.1,2025-05-27 18:21:33,2025-09-10 17:57:32
TSK1263,Build REST API,Build REST API for development phase of project PRJ052.,Development,PRJ052,Medium,Moderate,5.8,,3,Recruiting,Manager,Senior,,4.6,EMP110,2024-08-14,Blocked,75.3,2024-08-16,2024-08-18,,True,560,2,,,"TSK1986,TSK1594",,True,,True,2,,6.3,Low,Medium,5,False,False,5,Daily,7.2,2025-05-24 15:20:52,2025-10-20 16:31:12
TSK1264,Load testing,Load testing for testing phase of project PRJ076.,Testing,PRJ076,High,Complex,22.5,,2,"React,GCP",Manager,Senior,PMP,7.1,EMP197,2025-11-11,In Progress,33.3,2025-11-15,2025-11-25,,True,96,2,,,"TSK1290,TSK1024",,False,,False,0,,5.7,Low,Low,15.7,False,True,3,As needed,9.2,2025-04-14 15:41:58,2025-06-28 14:54:35
TSK1265,Implement authentication module,Implement authentication module for development phase of project PRJ100.,Development,PRJ100,Low,Complex,44.3,,8,"Email Marketing,Social Media",Manager,Mid,AWS Certified,3.4,EMP019,2024-04-03,Not Started,56.5,2024-04-07,2024-04-19,,False,-3,4,,,,,False,,False,0,,,High,Critical,23.9,False,False,1,Bi-weekly,0.4,2024-04-15 16:48:11,2025-10-08 11:24:37
TSK1266,Metrics dashboard,Metrics dashboard for analysis phase of project PRJ085.,Analysis,PRJ085,High,Very Complex,39.5,46.7,2,"Supply Chain,Excel",Designer,Mid,,7.6,EMP101,,Not Started,0,2025-05-05,2025-05-20,,False,-2,1,,,"TSK0401,TSK0063",,True,,False,0,,10,Medium,Low,58.8,False,True,4,Daily,2.5,2024-02-09 09:32:43,2024-10-03 09:01:45
TSK1267,Requirements gathering,Requirements gathering for research phase of project PRJ026.,Research,PRJ026,High,Moderate,6.0,6.4,8,"Bloomberg,Financial Modeling,QuickBooks",Tester,Junior,,3.5,EMP180,2024-04-29,Completed,100.0,2024-05-02,2024-05-07,2024-05-04,False,0,4,,,"TSK0258,TSK0696",,False,6.9,False,0,6.3,7.4,Low,Medium,20.4,False,True,1,As needed,5.1,2024-04-09 15:30:05,2024-07-28 18:41:10
TSK1268,Build REST API,Build REST API for development phase of project PRJ027.,Development,PRJ027,Medium,Moderate,5.3,5.7,8,"Workday,Employment Law,SAP HR",Developer,Junior,PMP,3.7,EMP052,2025-04-04,Not Started,12.5,2025-04-08,2025-04-14,,False,-1,4,,,"TSK1631,TSK1785",,False,,False,0,,7.3,Medium,Medium,63.4,False,False,2,Daily,7.1,2024-04-30 18:24:13,2026-02-09 12:21:05
TSK1269,Sprint planning,Sprint planning for meeting phase of project PRJ021.,Meeting,PRJ021,High,Moderate,10.2,,8,"Photoshop,Prototyping",Manager,Mid,,1.6,EMP031,2025-08-31,Not Started,0,2025-09-05,2025-09-16,,False,-5,1,,,"TSK1449,TSK1871",,False,,False,0,,10,High,Critical,5,False,False,2,Bi-weekly,2.0,2025-05-19 10:19:44,2025-01-03 14:47:29
TSK1270,Test automation,Test automation for testing phase of project PRJ017.,Testing,PRJ017,Medium,Complex,40.7,35.4,8,Python,Designer,Junior,,4.2,EMP190,2024-01-13,Completed,100.0,2024-01-17,2024-02-02,2024-02-04,False,-3,5,,,"TSK0599,TSK0642",TSK0997,False,8.4,False,0,7.9,10,Medium,Medium,5,False,True,2,Bi-weekly,2.3,2024-05-13 11:43:58,2025-02-22 14:40:38
TSK1271,User testing,User testing for design phase of project PRJ093.,Design,PRJ093,Medium,Complex,42.0,,2,Project Management,Manager,Senior,,3.5,EMP016,2024-03-10,In Progress,52.9,2024-03-14,2024-03-25,,True,706,3,,,,,False,,True,1,,5.6,Medium,Medium,6.3,True,True,4,As needed,4.8,2024-05-25 18:13:44,2025-10-13 16:26:35
TSK1272,Release notes,Release notes for documentation phase of project PRJ033.,Documentation,PRJ033,High,Complex,19.2,,5,"SEO,Social Media",Designer,Mid,Scrum Master,5.8,EMP063,2024-09-20,In Progress,35.2,2024-09-25,2024-10-05,,True,512,3,,"TSK1289,TSK1277",,TSK0702,False,,False,0,,5.0,Medium,Medium,53.0,False,True,5,Bi-weekly,6.5,2024-05-13 09:58:09,2025-03-23 08:09:53
TSK1273,Brand refresh,Brand refresh for design phase of project PRJ065.,Design,PRJ065,Low,Simple,3.0,3.4,3,Power BI,Analyst,Mid,,7.8,EMP052,2025-08-29,In Review,92.5,2025-09-02,2025-09-12,,True,170,4,"TSK1180,TSK0599",,,,False,,False,0,,7.7,High,Critical,27.4,False,True,4,Bi-weekly,1.2,2024-05-22 16:25:18,2024-06-05 09:35:56
TSK1274,Metrics dashboard,Metrics dashboard for analysis phase of project PRJ011.,Analysis,PRJ011,Low,Complex,33.0,27.4,3,Python,Designer,Senior,AWS Certified,8.5,EMP097,2024-03-23,Not Started,36.8,2024-03-25,2024-04-01,,False,-4,4,,,,,True,,False,0,,,High,Medium,30.6,False,True,4,As needed,4.8,2025-01-31 11:46:03,2024-11-11 11:53:51
TSK1275,Regression test suite,Regression test suite for testing phase of project PRJ074.,Testing,PRJ074,Medium,Moderate,15.4,,3,Power BI,Tester,Senior,,7.5,EMP182,2024-10-10,Not Started,1.3,2024-10-13,2024-10-23,,False,-4,5,TSK1188,"TSK1277,TSK1280",,,True,,False,0,,9.0,Medium,High,39.9,False,False,4,As needed,9.9,2025-03-03 12:08:17,2026-02-03 13:19:57
TSK1276,Competitor analysis,Competitor analysis for research phase of project PRJ053.,Research,PRJ053,Medium,Moderate,13.7,,5,"VBA,Excel,SAP",Designer,Senior,,5.0,EMP176,2024-06-01,In Progress,0,2024-06-03,2024-06-09,,True,630,1,,,"TSK0947,TSK1935",,False,,False,0,,6.2,Low,High,20.9,True,False,5,Weekly,7.2,2024-12-10 16:29:16,2025-09-09 12:48:17
TSK1277,Build REST API,Build REST API for development phase of project PRJ084.,Development,PRJ084,Low,Moderate,7.4,6.5,3,Project Management,Analyst,Mid,PMP,2.7,EMP192,2025-06-22,Blocked,0,2025-06-24,2025-07-05,,True,239,2,,,"TSK0154,TSK1264",,False,,True,2,,,Low,Critical,49.9,True,True,2,Daily,7.1,2024-01-18 18:42:06,2024-07-14 15:40:27
TSK1278,Design landing page,Design landing page for design phase of project PRJ031.,Design,PRJ031,Medium,Moderate,8.1,6.3,2,Excel,Designer,Senior,,2.9,EMP058,2025-10-07,Completed,100.0,2025-10-11,2025-10-14,2025-10-16,False,-3,1,,,,,False,9.8,True,2,7.3,7.6,High,Medium,49.2,False,False,5,Weekly,2.3,2024-03-06 15:30:31,2025-01-23 14:47:18
TSK1279,Data analysis,Data analysis for analysis phase of project PRJ076.,Analysis,PRJ076,High,Complex,20.5,,13,"Bloomberg,SAP",Manager,Mid,PMP,3.1,EMP088,2025-07-13,In Review,25.5,2025-07-17,2025-07-23,,True,221,4,,,"TSK0400,TSK1095",,False,,False,0,,5.5,High,Low,37.8,False,True,3,Daily,9.4,2024-10-07 17:57:23,2025-07-31 18:26:03
TSK1280,User testing,User testing for design phase of project PRJ041.,Design,PRJ041,Medium,Simple,1.6,,13,HRIS,Developer,Senior,AWS Certified,4.2,EMP152,2024-11-24,Blocked,3.6,2024-11-26,2024-12-03,,True,453,4,,,"TSK0259,TSK1516",,True,,False,0,,10,High,Critical,5,False,True,5,Bi-weekly,7.8,2024-08-23 17:24:02,2025-02-27 16:12:51
TSK1281,Performance report,Performance report for analysis phase of project PRJ095.,Analysis,PRJ095,Critical,Moderate,14.9,,3,"Employment Law,SAP HR,HRIS",Designer,Junior,Scrum Master,2.8,EMP027,2024-04-29,Not Started,46.0,2024-05-04,2024-05-12,,False,-2,5,,,"TSK1881,TSK1462",,False,,False,0,,8.2,Low,Medium,5,False,False,2,Daily,7.5,2024-12-26 13:54:14,2024-11-13 15:31:43
TSK1282,Market sizing,Market sizing for research phase of project PRJ061.,Research,PRJ061,Low,Moderate,13.7,,1,"Workday,Conflict Resolution,Employment Law",Analyst,Mid,,2.7,EMP178,2025-06-28,In Progress,45.2,2025-07-02,2025-07-07,,True,237,5,TSK0731,,,,False,,False,0,,,Medium,High,36.8,True,True,4,Daily,4.1,2025-05-25 08:09:38,2025-09-27 10:31:59
TSK1283,Build design system,Build design system for design phase of project PRJ008.,Design,PRJ008,High,Very Complex,81.5,108.0,3,Bloomberg,Manager,Mid,,6.8,EMP037,2025-03-18,In Review,40.1,2025-03-20,2025-04-11,,True,324,2,,,,,False,,True,1,,7.0,Medium,High,40.7,False,False,2,As needed,7.1,2025-05-27 10:33:30,2025-03-08 18:09:40
TSK1284,Performance testing,Performance testing for testing phase of project PRJ079.,Testing,PRJ079,Medium,Moderate,6.9,,3,"Risk Analysis,VBA,Bloomberg",Designer,Junior,PMP,2.2,EMP129,2025-06-23,In Review,45.0,2025-06-28,2025-07-02,,True,242,3,,,"TSK1362,TSK1966",,True,,False,0,,7.3,Low,Medium,53.1,False,False,5,Bi-weekly,2.2,2025-03-08 16:34:55,2024-11-05 12:03:39
TSK1285,Team retrospective,Team retrospective for meeting phase of project PRJ088.,Meeting,PRJ088,Low,Complex,21.6,30.0,8,"Excel,Lean Six Sigma,Project Management",Analyst,Senior,,5.6,EMP162,2025-08-14,Not Started,23.4,2025-08-19,2025-08-29,,False,-3,3,,TSK1300,"TSK1174,TSK0257",,False,,False,0,,7.2,Low,Critical,38.5,True,False,1,Daily,0.7,2024-05-20 17:11:29,2024-09-21 16:08:08
TSK1286,Architecture review,Architecture review for meeting phase of project PRJ080.,Meeting,PRJ080,Critical,Moderate,7.7,9.4,2,Prototyping,Manager,Mid,AWS Certified,5.0,EMP104,2025-05-09,Completed,100.0,2025-05-13,2025-05-21,2025-05-26,False,-3,1,,,,,False,8.1,False,0,8.2,10,Medium,Medium,23.0,False,False,5,Weekly,6.9,2025-04-09 11:36:21,2024-11-05 15:13:47
TSK1287,Market sizing,Market sizing for research phase of project PRJ062.,Research,PRJ062,Medium,Simple,3.1,,1,Excel,Analyst,Senior,PMP,4.3,EMP059,2024-09-13,In Review,0,2024-09-16,2024-09-22,,True,525,2,TSK0886,TSK1298,,,False,,True,3,,6.6,Low,High,16.3,True,True,3,Bi-weekly,4.5,2024-01-08 10:31:43,2025-12-25 17:11:44
TSK1288,Design critique,Design critique for meeting phase of project PRJ076.,Meeting,PRJ076,Low,Simple,2.4,1.9,13,User Research,Manager,Senior,,3.9,EMP051,2025-06-12,In Progress,31.8,2025-06-17,2025-06-21,,True,253,3,,,"TSK1148,TSK1114",,False,,False,0,,6.7,High,Critical,5,True,True,5,Bi-weekly,8.1,2025-05-30 09:19:27,2025-02-11 13:48:48
TSK1289,Update user guide,Update user guide for documentation phase of project PRJ008.,Documentation,PRJ008,Medium,Simple,2.9,,13,Workday,Developer,Mid,Scrum Master,7.8,EMP024,2025-10-19,Blocked,0,2025-10-23,2025-10-27,,True,125,5,,,,,False,,True,3,,6.9,Medium,Medium,40.3,False,True,1,Daily,4.0,2025-02-27 11:48:45,2024-10-20 10:23:34
TSK1290,Refactor database layer,Refactor database layer for development phase of project PRJ056.,Development,PRJ056,Low,Very Complex,115.0,149.9,2,"ERP,Lean Six Sigma,Excel",Tester,Junior,,8.3,EMP066,2025-08-16,In Progress,25.3,2025-08-19,2025-09-13,,True,169,3,TSK0741,,,,False,,False,0,,10,Low,Medium,55.8,False,True,1,Bi-weekly,0.6,2024-07-05 18:09:27,2025-11-02 08:34:07
TSK1291,UAT coordination,UAT coordination for testing phase of project PRJ051.,Testing,PRJ051,High,Complex,46.4,,3,"Excel,Prospecting,CRM",Manager,Junior,,4.8,EMP124,2025-02-04,In Review,7.0,2025-02-09,2025-02-24,,True,370,4,,,"TSK1512,TSK0140",,False,,False,0,,8.9,Medium,High,27.0,True,True,1,Bi-weekly,4.9,2024-07-27 15:06:59,2026-01-12 12:02:11
TSK1292,Kickoff meeting,Kickoff meeting for meeting phase of project PRJ005.,Meeting,PRJ005,High,Simple,2.4,2.5,1,"Power BI,Excel,Lean Six Sigma",Designer,Mid,,5.6,EMP011,2024-03-29,Completed,100.0,2024-03-31,2024-04-02,2024-04-04,False,-2,1,,,"TSK0082,TSK0336",,True,6.8,False,0,6.0,8.1,Medium,High,13.7,False,False,1,Daily,4.0,2025-01-20 18:55:08,2024-09-27 14:18:39
TSK1293,Test automation,Test automation for testing phase of project PRJ099.,Testing,PRJ099,Low,Very Complex,42.8,32.1,8,"Rust,React",Analyst,Junior,,7.8,EMP089,2024-07-07,Blocked,83.0,2024-07-10,2024-07-24,,True,585,2,TSK0022,"TSK1310,TSK1303","TSK0386,TSK1750",,True,,False,0,,6.1,High,Medium,12.3,True,True,3,Weekly,6.8,2025-05-16 10:26:37,2026-02-05 13:06:54
TSK1294,Release notes,Release notes for documentation phase of project PRJ085.,Documentation,PRJ085,High,Simple,1.6,,3,"Illustrator,Prototyping",Developer,Junior,,5.8,EMP135,2025-05-14,Not Started,44.4,2025-05-18,2025-05-24,,False,-3,5,TSK1147,,"TSK0831,TSK0941",,False,,False,0,,6.4,Low,Critical,35.3,False,True,4,As needed,0.2,2025-01-16 11:18:12,2025-04-18 11:23:25
TSK1295,UAT coordination,UAT coordination for testing phase of project PRJ008.,Testing,PRJ008,Low,Moderate,5.0,6.1,1,"CRM,Excel",Manager,Junior,Scrum Master,3.1,EMP066,2024-12-05,In Progress,26.1,2024-12-09,2024-12-18,,True,438,3,TSK1064,,,TSK0050,False,,True,2,,7.3,Medium,Medium,58.1,False,False,3,Weekly,1.9,2024-04-22 13:45:48,2026-02-02 14:12:52
TSK1296,Market sizing,Market sizing for research phase of project PRJ004.,Research,PRJ004,High,Simple,3.1,4.2,2,"Lean Six Sigma,Excel",Designer,Mid,Scrum Master,5.0,EMP146,2024-03-25,In Review,26.3,2024-03-28,2024-04-06,,True,694,1,TSK0384,,,,False,,False,0,,,Low,Medium,13.6,False,True,3,Daily,2.2,2024-10-23 14:28:30,2025-11-07 09:31:40
TSK1297,Kickoff meeting,Kickoff meeting for meeting phase of project PRJ095.,Meeting,PRJ095,High,Complex,16.5,15.8,3,"SAP HR,Employment Law",Developer,Junior,,6.0,EMP192,2024-03-21,Completed,100.0,2024-03-22,2024-03-30,2024-04-02,False,-3,1,,,"TSK1145,TSK0143",,False,8.3,False,0,7.7,,Medium,Low,28.8,False,True,2,Daily,4.5,2024-01-03 10:15:25,2025-10-16 11:40:37
TSK1298,Impact assessment,Impact assessment for analysis phase of project PRJ055.,Analysis,PRJ055,High,Moderate,11.0,,2,"Communication,HubSpot,Salesforce",Tester,Junior,,1.0,EMP188,2025-03-31,Blocked,38.4,2025-04-05,2025-04-08,,True,327,1,TSK0452,,"TSK0033,TSK0326",,True,,False,0,,8.6,Low,High,49.7,True,False,3,Bi-weekly,4.2,2025-03-24 17:22:53,2025-05-03 17:15:44
TSK1299,Competitor analysis,Competitor analysis for research phase of project PRJ090.,Research,PRJ090,High,Moderate,14.6,,5,"Adobe Suite,Copywriting",Tester,Senior,,3.4,EMP081,2024-03-07,In Review,40.0,2024-03-10,2024-03-22,,True,709,1,,,,,False,,False,0,,7.9,High,Low,48.6,True,True,2,Bi-weekly,0.8,2024-09-28 10:57:17,2025-01-10 13:46:01
TSK1300,Impact assessment,Impact assessment for analysis phase of project PRJ034.,Analysis,PRJ034,Medium,Complex,40.1,,2,"Social Media,Content Marketing,Copywriting",Tester,Junior,,8.6,EMP094,2025-11-29,In Review,42.4,2025-12-01,2025-12-15,,True,76,5,,,,TSK0971,False,,False,0,,8.6,Low,Critical,42.3,False,True,5,As needed,5.0,2024-10-12 16:38:52,2024-09-02 16:08:57
TSK1301,Load testing,Load testing for testing phase of project PRJ042.,Testing,PRJ042,Critical,Very Complex,50.4,41.3,3,"Conflict Resolution,Training,Employment Law",Designer,Junior,,7.6,EMP154,2024-02-07,Completed,100.0,2024-02-09,2024-02-19,2024-02-16,False,0,5,,,,,False,7.6,False,0,7.6,,Medium,Medium,36.3,False,False,4,As needed,9.3,2025-05-17 11:32:38,2024-12-28 18:36:06
TSK1302,Architecture review,Architecture review for meeting phase of project PRJ012.,Meeting,PRJ012,High,Complex,17.4,,13,Sketch,Designer,Junior,,6.3,EMP173,2025-07-24,Blocked,70.4,2025-07-27,2025-07-31,,True,213,1,,TSK1317,,,True,,True,2,,8.7,Medium,Medium,5,True,True,4,Bi-weekly,1.2,2024-05-17 18:51:57,2025-11-05 15:00:49
TSK1303,Performance testing,Performance testing for testing phase of project PRJ068.,Testing,PRJ068,Medium,Moderate,6.4,6.7,8,"Recruiting,Conflict Resolution,SAP HR",Tester,Mid,,7.5,EMP111,2024-05-31,Blocked,39.5,2024-06-03,2024-06-12,,True,627,1,,,,,True,,False,0,,4.2,High,Critical,21.2,False,False,2,Daily,5.9,2024-02-21 09:48:49,2025-06-03 15:14:46
TSK1304,Implement authentication module,Implement authentication module for development phase of project PRJ038.,Development,PRJ038,Medium,Simple,1.2,1.0,8,"Lean Six Sigma,Project Management",Designer,Senior,,3.1,EMP097,2025-05-12,Not Started,19.4,2025-05-13,2025-05-20,,False,-2,4,,"TSK1310,TSK1307","TSK0590,TSK1665",,True,,False,0,,,Low,High,15.3,True,True,2,Bi-weekly,0.1,2024-12-15 16:35:37,2024-12-31 16:46:05
TSK1305,Design critique,Design critique for meeting phase of project PRJ026.,Meeting,PRJ026,Medium,Complex,41.1,40.3,13,Social Media,Tester,Mid,,1.2,EMP115,2025-03-24,In Review,17.8,2025-03-26,2025-04-03,,True,332,2,,TSK1306,,,False,,False,0,,,Low,High,47.1,True,True,1,Bi-weekly,5.4,2024-04-11 09:56:37,2025-04-18 10:14:46
TSK1306,Feasibility study,Feasibility study for research phase of project PRJ014.,Research,PRJ014,Medium,Complex,23.4,,13,"Bloomberg,SAP",Designer,Senior,PMP,4.4,EMP064,,In Review,40.3,2025-09-20,2025-09-26,,True,156,2,,"TSK1322,TSK1308","TSK0060,TSK1275",,False,,True,2,,5.5,Medium,High,39.1,False,False,2,Daily,7.4,2025-03-22 08:47:27,2025-04-29 13:05:09
TSK1307,Release notes,Release notes for documentation phase of project PRJ016.,Documentation,PRJ016,Low,Very Complex,77.5,,1,SAP HR,Designer,Senior,,4.7,EMP079,2024-09-10,Not Started,1.6,2024-09-12,2024-09-26,,False,-4,3,,,"TSK1488,TSK0890",,False,,True,1,,9.6,High,High,5,True,False,4,As needed,5.7,2025-04-06 18:26:19,2025-03-18 11:14:05
TSK1308,Stakeholder review,Stakeholder review for meeting phase of project PRJ022.,Meeting,PRJ022,Medium,Moderate,8.5,,8,Photoshop,Analyst,Junior,AWS Certified,4.4,EMP032,2025-09-20,Not Started,38.4,2025-09-24,2025-09-30,,False,-3,4,,,"TSK0413,TSK1373",TSK0270,False,,True,1,,7.6,Medium,Critical,18.5,False,False,4,As needed,0.8,2024-09-07 16:25:19,2025-12-17 16:54:50
TSK1309,Technology evaluation,Technology evaluation for research phase of project PRJ067.,Research,PRJ067,High,Complex,30.3,36.2,13,"Conflict Resolution,Recruiting",Manager,Mid,,5.6,EMP097,2024-07-16,Completed,100.0,2024-07-19,2024-08-03,2024-08-08,False,-3,1,,,"TSK0118,TSK1882",,False,6.6,True,2,4.9,9.6,High,Medium,51.2,False,False,2,Weekly,6.5,2025-03-12 18:42:28,2024-08-28 12:27:55
TSK1310,Metrics dashboard,Metrics dashboard for analysis phase of project PRJ089.,Analysis,PRJ089,Medium,Complex,46.6,,8,"Salesforce,Communication",Manager,Senior,,4.1,EMP188,2025-08-30,Not Started,54.2,2025-09-03,2025-09-13,,False,-2,2,,"TSK1312,TSK1325","TSK1318,TSK1802",,False,,True,1,,,Low,Critical,24.1,False,True,4,As needed,4.1,2024-03-03 09:26:33,2025-07-01 09:34:06
TSK1311,Architecture review,Architecture review for meeting phase of project PRJ035.,Meeting,PRJ035,Medium,Moderate,5.7,4.3,2,"ERP,Lean Six Sigma",Tester,Senior,AWS Certified,4.7,EMP092,2025-04-06,In Progress,0,2025-04-09,2025-04-12,,True,323,1,,,,TSK0256,False,,False,0,,,Medium,High,51.8,False,True,1,Daily,8.1,2024-10-06 16:17:22,2025-08-15 12:40:33
TSK1312,Sprint planning,Sprint planning for meeting phase of project PRJ005.,Meeting,PRJ005,Medium,Moderate,12.9,,1,A/B Testing,Manager,Senior,,6.2,EMP042,2024-02-22,Not Started,34.4,2024-02-26,2024-03-06,,False,-4,5,,,"TSK0266,TSK0513",,False,,False,0,,7.9,Medium,Medium,5,False,True,1,Daily,7.9,2024-11-01 11:09:16,2024-06-07 13:02:44
TSK1313,Data analysis,Data analysis for analysis phase of project PRJ035.,Analysis,PRJ035,Medium,Simple,3.4,,13,Sketch,Developer,Junior,,3.8,EMP120,2024-03-13,Not Started,71.9,2024-03-14,2024-03-24,,False,-1,1,,,,,True,,True,1,,4.8,Low,Critical,7.4,True,False,3,Weekly,8.9,2024-09-27 16:30:20,2025-06-09 18:15:20
TSK1314,Kickoff meeting,Kickoff meeting for meeting phase of project PRJ044.,Meeting,PRJ044,High,Complex,31.4,35.9,13,Copywriting,Tester,Senior,PMP,1,EMP112,2025-08-17,Completed,100.0,2025-08-21,2025-09-03,2025-09-03,False,-1,2,,,"TSK0846,TSK1952",,True,8.7,False,0,6.3,8.7,Medium,Medium,15.4,False,True,1,Daily,4.4,2024-03-02 10:18:31,2025-06-14 14:30:54
TSK1315,Root cause analysis,Root cause analysis for analysis phase of project PRJ081.,Analysis,PRJ081,High,Very Complex,72.2,52.4,3,"Prototyping,Adobe XD,User Research",Designer,Mid,PMP,3.1,EMP021,2024-09-22,Completed,100.0,2024-09-26,2024-10-17,2024-10-19,False,-5,3,TSK0880,,"TSK1395,TSK0803",TSK1065,False,5.8,True,2,9.2,,Medium,Medium,33.7,False,True,3,Weekly,6.5,2024-02-06 08:22:17,2025-01-13 09:24:52
TSK1316,Impact assessment,Impact assessment for analysis phase of project PRJ084.,Analysis,PRJ084,Medium,Very Complex,54.2,,3,"SAP HR,Recruiting,Training",Manager,Senior,,3.1,EMP112,2024-06-13,In Review,8.4,2024-06-17,2024-07-02,,True,607,1,TSK0401,"TSK1328,TSK1333","TSK1362,TSK0721",,False,,False,0,,,Low,Medium,9.7,False,True,4,Bi-weekly,5.3,2024-08-10 17:35:32,2025-07-23 09:55:45
TSK1317,Refactor database layer,Refactor database layer for development phase of project PRJ027.,Development,PRJ027,Medium,Moderate,6.8,6.3,8,"Project Management,Supply Chain,Excel",Designer,Mid,Scrum Master,3.7,EMP182,2025-11-15,Not Started,45.8,2025-11-20,2025-11-24,,False,-3,4,TSK0004,,,,False,,False,0,,,High,Critical,38.5,False,True,5,As needed,2.4,2024-03-20 14:24:51,2025-05-22 17:14:28
TSK1318,Create wireframes,Create wireframes for design phase of project PRJ041.,Design,PRJ041,Low,Simple,1.6,,1,"Power BI,ERP",Analyst,Junior,PMP,7.3,EMP032,2025-09-01,Not Started,62.2,2025-09-03,2025-09-10,,False,-5,5,,,,TSK1188,False,,False,0,,,Medium,Low,75.3,False,False,5,Daily,1.3,2024-08-12 16:27:34,2025-07-11 09:40:56
TSK1319,Sprint planning,Sprint planning for meeting phase of project PRJ014.,Meeting,PRJ014,Critical,Complex,37.0,40.5,2,Sketch,Tester,Junior,,7.8,EMP026,2025-05-21,In Progress,34.3,2025-05-26,2025-06-08,,True,266,2,"TSK0414,TSK0050",,"TSK1639,TSK0171",,False,,False,0,,6.0,Low,High,66.3,False,True,3,As needed,8.1,2025-05-23 11:01:03,2026-02-18 09:25:18
TSK1320,Market sizing,Market sizing for research phase of project PRJ010.,Research,PRJ010,High,Complex,39.5,,13,Excel,Designer,Senior,,2.5,EMP120,2024-02-07,In Review,78.8,2024-02-09,2024-02-25,,True,735,5,"TSK0153,TSK0796",,"TSK0333,TSK1321",,False,,False,0,,3.5,High,Critical,45.8,False,True,2,As needed,2.0,2025-01-14 18:45:56,2024-12-30 13:50:08
TSK1321,Stakeholder review,Stakeholder review for meeting phase of project PRJ086.,Meeting,PRJ086,High,Moderate,9.5,,13,"Email Marketing,Copywriting",Analyst,Senior,,4.9,EMP193,2025-02-07,Blocked,66.6,2025-02-09,2025-02-18,,True,376,1,,,"TSK1089,TSK1830",,True,,False,0,,7.2,Low,High,5,False,False,4,Daily,7.6,2024-02-09 16:29:41,2024-09-23 11:05:47
TSK1322,Release notes,Release notes for documentation phase of project PRJ060.,Documentation,PRJ060,Low,Very Complex,61.1,49.3,8,FastAPI,Tester,Senior,Scrum Master,2.3,EMP104,2025-06-11,Not Started,12.7,2025-06-16,2025-06-30,,False,0,1,TSK1272,,,,False,,False,0,,7.3,Medium,Medium,24.1,True,True,4,Daily,9.2,2024-07-10 16:10:44,2025-09-14 11:36:34
TSK1323,Deploy to staging,Deploy to staging for development phase of project PRJ075.,Development,PRJ075,High,Very Complex,78.2,96.6,3,Excel,Manager,Junior,AWS Certified,2.7,EMP183,2024-12-03,Blocked,25.9,2024-12-06,2024-12-24,,True,432,4,,,"TSK0146,TSK1087",,False,,True,3,,8.3,Medium,High,52.4,False,True,5,Bi-weekly,6.6,2024-01-23 17:56:59,2024-09-12 16:05:18
TSK1324,Create onboarding docs,Create onboarding docs for documentation phase of project PRJ094.,Documentation,PRJ094,High,Very Complex,110.4,,1,"Node.js,PostgreSQL",Developer,Junior,,5.2,EMP123,2024-06-18,In Progress,63.6,2024-06-22,2024-07-18,,True,591,3,"TSK0899,TSK0698",,"TSK1241,TSK0799",TSK0158,False,,False,0,,8.9,Low,Medium,44.0,False,True,2,Bi-weekly,2.1,2024-10-08 10:40:39,2024-11-04 16:44:49
TSK1325,Write integration tests,Write integration tests for testing phase of project PRJ002.,Testing,PRJ002,Medium,Moderate,6.8,,5,"Financial Modeling,QuickBooks",Analyst,Mid,,9.0,EMP195,2024-10-29,In Review,56.3,2024-11-02,2024-11-12,,True,474,5,,"TSK1329,TSK1331",,,False,,True,3,,7.6,Medium,High,55.9,False,True,3,Weekly,3.2,2025-01-23 18:40:15,2024-08-05 08:34:09
TSK1326,Brand refresh,Brand refresh for design phase of project PRJ024.,Design,PRJ024,High,Simple,1.4,1.0,5,"Negotiation,Excel",Analyst,Mid,,6.0,EMP077,2024-10-28,In Review,0,2024-10-29,2024-11-08,,True,478,4,"TSK1149,TSK0936",,"TSK1642,TSK1655",TSK0622,False,,False,0,,,Medium,Critical,30.8,False,True,3,As needed,8.8,2025-01-12 11:03:41,2025-03-28 13:12:29
TSK1327,Metrics dashboard,Metrics dashboard for analysis phase of project PRJ007.,Analysis,PRJ007,High,Moderate,14.3,18.8,13,"Excel,Salesforce,Prospecting",Developer,Mid,,5.8,EMP022,,Completed,100.0,2024-09-16,2024-09-23,2024-09-24,False,-2,5,,,"TSK1380,TSK1691",,False,5.9,False,0,6.3,7.4,Medium,Medium,48.0,True,True,4,Daily,6.0,2025-03-30 13:52:05,2025-07-17 12:16:50
TSK1328,Impact assessment,Impact assessment for analysis phase of project PRJ058.,Analysis,PRJ058,Medium,Complex,31.7,38.3,3,"Django,MongoDB,FastAPI",Developer,Junior,Scrum Master,10,EMP191,2025-09-16,In Review,20.8,2025-09-19,2025-10-03,,True,149,4,,,"TSK0912,TSK0252",,False,,False,0,,8.2,High,Critical,20.0,True,True,5,Weekly,2.7,2024-12-30 09:15:51,2025-03-18 18:02:05
TSK1329,Requirements gathering,Requirements gathering for research phase of project PRJ036.,Research,PRJ036,High,Complex,15.7,13.8,5,"Illustrator,Sketch,Photoshop",Designer,Mid,AWS Certified,4.2,EMP134,2024-09-29,Completed,100.0,2024-10-02,2024-10-07,2024-10-11,False,-5,5,,,,,True,6.2,False,0,6.4,6.9,Medium,Medium,56.0,False,True,1,Bi-weekly,8.0,2025-03-29 10:36:43,2025-01-24 08:25:00
TSK1330,Metrics dashboard,Metrics dashboard for analysis phase of project PRJ069.,Analysis,PRJ069,High,Moderate,10.7,,3,Excel,Manager,Mid,AWS Certified,2.0,EMP081,2024-07-12,Not Started,24.0,2024-07-13,2024-07-24,,False,-3,2,,,"TSK0782,TSK1270",,False,,False,0,,,Low,Low,21.5,False,False,3,Bi-weekly,2.6,2024-05-12 10:32:37,2025-09-26 12:13:47
TSK1331,Performance testing,Performance testing for testing phase of project PRJ062.,Testing,PRJ062,Medium,Simple,2.3,3.1,5,Excel,Tester,Senior,,5.1,EMP050,2025-03-25,Not Started,0,2025-03-26,2025-03-29,,False,-1,2,"TSK0761,TSK0831",,"TSK0137,TSK0017",,False,,False,0,,7.6,Medium,Critical,40.6,True,True,5,Weekly,7.3,2024-09-09 09:09:19,2025-08-03 15:24:53
TSK1332,Competitor analysis,Competitor analysis for research phase of project PRJ064.,Research,PRJ064,High,Simple,2.3,,2,"Kubernetes,TypeScript",Analyst,Mid,AWS Certified,7.5,EMP072,2024-01-02,Blocked,82.2,2024-01-03,2024-01-13,,True,778,3,TSK0685,,"TSK1853,TSK0659",,False,,False,0,,8.3,Low,Critical,5,False,False,1,Bi-weekly,8.5,2025-02-23 14:22:03,2025-03-21 14:52:41
TSK1333,Design critique,Design critique for meeting phase of project PRJ032.,Meeting,PRJ032,Medium,Complex,18.4,,5,Training,Analyst,Mid,PMP,5.4,EMP092,2025-07-10,In Progress,31.6,2025-07-15,2025-07-26,,True,218,4,,,,TSK0524,False,,False,0,,,High,Critical,43.7,False,True,5,As needed,4.1,2025-01-19 18:35:09,2026-01-04 14:35:39
TSK1334,Data analysis,Data analysis for analysis phase of project PRJ085.,Analysis,PRJ085,High,Complex,46.4,,8,"Email Marketing,Adobe Suite",Manager,Mid,,3.5,EMP040,,In Progress,0,2025-04-05,2025-04-15,,True,320,4,TSK0479,,,TSK0975,False,,False,0,,,Low,Critical,70.4,False,True,3,Daily,8.6,2025-01-03 16:58:00,2025-03-18 14:53:36
TSK1335,Load testing,Load testing for testing phase of project PRJ061.,Testing,PRJ061,Critical,Very Complex,58.6,,5,"Excel,Project Management,Power BI",Developer,Junior,,5.4,EMP092,2025-02-07,In Progress,4.5,2025-02-09,2025-02-24,,True,370,1,,TSK1344,"TSK1762,TSK1285",,False,,False,0,,10,High,Medium,49.8,False,True,1,Bi-weekly,0.9,2025-02-16 14:55:54,2024-09-05 15:53:23
TSK1336,Write API docs,Write API docs for documentation phase of project PRJ056.,Documentation,PRJ056,Critical,Very Complex,37.7,,2,PostgreSQL,Manager,Senior,Scrum Master,1,EMP127,2025-10-31,In Progress,23.4,2025-11-03,2025-11-17,,True,104,2,,,,,False,,False,0,,7.3,Medium,Medium,49.9,True,True,5,Bi-weekly,4.6,2024-12-19 15:58:35,2025-07-12 10:04:32
TSK1337,Impact assessment,Impact assessment for analysis phase of project PRJ084.,Analysis,PRJ084,Low,Simple,2.9,,8,"Google Analytics,Email Marketing",Manager,Junior,,4.1,EMP182,2024-01-03,In Progress,0,2024-01-07,2024-01-15,,True,776,2,"TSK0198,TSK0776",,"TSK1619,TSK0185",,False,,False,0,,,Low,Medium,61.9,True,False,4,Bi-weekly,6.6,2025-03-09 17:02:28,2025-12-16 18:10:12
TSK1338,Release notes,Release notes for documentation phase of project PRJ096.,Documentation,PRJ096,Medium,Complex,41.7,47.7,3,"User Research,Sketch,Illustrator",Developer,Senior,AWS Certified,4.0,EMP018,2025-06-22,Not Started,47.3,2025-06-27,2025-07-12,,False,-2,2,,,"TSK0679,TSK0180",,False,,False,0,,8.4,Medium,Medium,28.8,False,False,3,Daily,8.2,2024-02-20 09:08:32,2025-01-25 12:17:59
TSK1339,Process documentation,Process documentation for documentation phase of project PRJ022.,Documentation,PRJ022,Low,Moderate,6.8,,1,"Risk Analysis,Bloomberg,QuickBooks",Manager,Senior,,2.8,EMP054,2025-05-06,Not Started,50.3,2025-05-11,2025-05-14,,False,-3,5,,,,,False,,False,0,,,High,High,5.5,False,True,1,Bi-weekly,7.0,2025-02-01 17:51:13,2025-05-28 12:05:37
TSK1340,Process documentation,Process documentation for documentation phase of project PRJ074.,Documentation,PRJ074,Medium,Very Complex,109.8,,2,"Communication,Negotiation",Designer,Mid,AWS Certified,4.0,EMP060,2025-03-08,Blocked,53.8,2025-03-12,2025-04-06,,True,329,5,TSK0400,,"TSK1905,TSK0343",,False,,True,2,,5.1,Medium,High,9.7,False,False,5,Bi-weekly,4.7,2025-02-03 17:42:58,2025-02-01 10:21:47
TSK1341,Technology evaluation,Technology evaluation for research phase of project PRJ024.,Research,PRJ024,Medium,Moderate,7.4,9.5,3,"Bloomberg,Excel,Financial Modeling",Tester,Mid,Scrum Master,4.2,EMP190,2024-12-24,Blocked,10.7,2024-12-26,2024-12-31,,True,425,2,"TSK0619,TSK1191",,,TSK0748,False,,False,0,,8.2,Medium,Medium,15.4,True,False,2,Bi-weekly,1.5,2025-03-04 12:48:23,2024-11-10 10:02:14
TSK1342,Write API docs,Write API docs for documentation phase of project PRJ037.,Documentation,PRJ037,Medium,Very Complex,111.6,,3,"Prospecting,Communication,Salesforce",Analyst,Senior,,4.8,EMP126,2025-10-23,In Progress,88.3,2025-10-28,2025-11-25,,True,96,3,,,,TSK0050,False,,False,0,,8.5,Medium,High,90,True,False,2,Weekly,7.6,2024-11-21 12:33:32,2024-06-05 11:57:30
TSK1343,Brand refresh,Brand refresh for design phase of project PRJ014.,Design,PRJ014,Medium,Moderate,14.1,,8,"Recruiting,SAP HR,Workday",Tester,Junior,,7.1,EMP195,2024-12-22,Blocked,57.2,2024-12-25,2024-12-29,,True,427,3,,"TSK1349,TSK1344",,,False,,False,0,,7.3,Low,High,18.5,True,True,1,Daily,6.7,2024-07-04 09:15:36,2025-04-22 09:06:25
TSK1344,Competitor analysis,Competitor analysis for research phase of project PRJ026.,Research,PRJ026,Medium,Very Complex,103.8,104.0,8,HubSpot,Manager,Senior,AWS Certified,4.5,EMP200,2025-10-05,Completed,100.0,2025-10-06,2025-10-27,2025-10-27,False,-3,1,"TSK1341,TSK1115",,,,False,4.4,False,0,5.0,,High,High,43.5,True,False,1,Bi-weekly,3.5,2024-04-21 12:10:19,2025-07-20 17:27:13
TSK1345,Requirements gathering,Requirements gathering for research phase of project PRJ013.,Research,PRJ013,Low,Complex,44.5,39.6,8,Go,Manager,Mid,,6.9,EMP153,2024-09-18,Completed,100.0,2024-09-19,2024-10-03,2024-10-07,False,-5,4,TSK0426,,"TSK0251,TSK0481",,False,8.1,False,0,6.6,8.0,Low,Low,34.3,False,True,3,As needed,6.1,2024-04-18 17:02:14,2024-10-27 16:43:31
TSK1346,Data analysis,Data analysis for analysis phase of project PRJ081.,Analysis,PRJ081,Low,Complex,14.9,,1,"PostgreSQL,Rust",Manager,Junior,,8.6,EMP160,2025-04-22,In Review,61.4,2025-04-27,2025-05-02,,True,303,3,,,"TSK0231,TSK0846",,False,,False,0,,,Medium,Medium,29.3,False,True,5,Weekly,6.2,2024-07-30 09:07:35,2025-08-06 08:56:51
TSK1347,Process documentation,Process documentation for documentation phase of project PRJ008.,Documentation,PRJ008,Medium,Simple,2.2,2.2,1,"Social Media,Adobe Suite",Analyst,Mid,,3.2,EMP065,2025-10-17,Completed,100.0,2025-10-18,2025-10-20,2025-10-20,False,-4,5,"TSK1262,TSK0993",,"TSK0013,TSK1887",,False,6.8,False,0,6.0,,Medium,High,45.2,False,True,2,As needed,2.7,2025-02-15 18:54:47,2025-08-07 10:42:06
TSK1348,Feasibility study,Feasibility study for research phase of project PRJ090.,Research,PRJ090,Medium,Moderate,8.3,10.7,3,Kubernetes,Manager,Junior,AWS Certified,7.4,EMP055,2025-05-26,Completed,100.0,2025-05-31,2025-06-10,2025-06-14,False,-2,5,"TSK0685,TSK1223",,"TSK0235,TSK1283",,False,7.8,False,0,5.9,6.5,High,Medium,36.7,False,False,1,Bi-weekly,5.1,2024-03-03 13:55:43,2024-06-18 13:22:32
TSK1349,Fix critical bug,Fix critical bug for development phase of project PRJ039.,Development,PRJ039,High,Moderate,12.2,,2,"Adobe Suite,Copywriting,Google Analytics",Designer,Senior,AWS Certified,6.7,EMP030,2025-05-01,In Progress,72.5,2025-05-03,2025-05-12,,True,293,2,,,"TSK0614,TSK1833",,True,,False,0,,,High,Medium,49.2,True,False,2,As needed,0.3,2024-01-11 16:11:34,2025-08-27 10:49:12
TSK1350,Create onboarding docs,Create onboarding docs for documentation phase of project PRJ072.,Documentation,PRJ072,Medium,Complex,36.8,,5,Training,Developer,Mid,PMP,1.6,EMP178,2025-11-21,In Review,32.4,2025-11-22,2025-12-08,,True,83,4,,,"TSK1901,TSK1767",,False,,True,2,,7.0,Low,Critical,31.0,True,False,5,As needed,5.1,2024-09-04 17:30:31,2025-08-27 08:19:52
TSK1351,Icon set design,Icon set design for design phase of project PRJ045.,Design,PRJ045,High,Very Complex,41.0,,3,"Photoshop,Illustrator",Analyst,Junior,,8.3,EMP108,,Blocked,68.0,2024-08-31,2024-09-08,,True,539,4,,,"TSK1848,TSK1464",,False,,False,0,,7.8,Low,Medium,27.3,False,True,5,Daily,1.8,2025-04-23 18:13:20,2025-01-24 18:38:16
TSK1352,Deploy to staging,Deploy to staging for development phase of project PRJ014.,Development,PRJ014,Medium,Complex,42.1,45.5,1,Social Media,Tester,Senior,,6.4,EMP084,2025-05-11,Completed,100.0,2025-05-16,2025-05-30,2025-05-31,False,-1,5,"TSK0582,TSK0390",,,,False,7.8,False,0,6.3,8.4,Low,Low,34.5,False,True,5,As needed,0.1,2025-02-19 10:57:34,2024-08-08 13:38:15
TSK1353,Design landing page,Design landing page for design phase of project PRJ099.,Design,PRJ099,High,Moderate,13.0,9.5,13,Risk Analysis,Developer,Senior,AWS Certified,5.1,EMP099,2024-04-19,In Progress,76.2,2024-04-20,2024-04-30,,True,670,1,,,"TSK0616,TSK0737",,False,,False,0,,,Medium,Critical,35.8,True,True,5,Bi-weekly,7.6,2025-04-17 10:48:56,2025-07-17 15:37:22
TSK1354,Performance report,Performance report for analysis phase of project PRJ006.,Analysis,PRJ006,Medium,Very Complex,113.0,,5,"Workday,Employment Law,Conflict Resolution",Designer,Senior,PMP,6.1,EMP127,2024-12-09,Blocked,38.0,2024-12-11,2025-01-03,,True,422,2,,,"TSK0532,TSK1328",,False,,False,0,,7.9,High,High,41.1,False,False,5,As needed,5.6,2025-03-20 15:49:43,2024-09-26 12:59:36
TSK1355,Implement authentication module,Implement authentication module for development phase of project PRJ056.,Development,PRJ056,Medium,Moderate,12.4,9.4,3,"Power BI,Lean Six Sigma",Analyst,Mid,AWS Certified,3.6,EMP163,2025-08-06,Not Started,16.6,2025-08-11,2025-08-23,,False,-5,5,"TSK0751,TSK1186",,"TSK1238,TSK0210",TSK0911,False,,False,0,,,Medium,High,53.6,False,True,4,Weekly,0.3,2024-06-20 10:21:50,2025-12-04 13:51:53
TSK1356,Feasibility study,Feasibility study for research phase of project PRJ020.,Research,PRJ020,High,Simple,2.0,,8,"Recruiting,Workday,Employment Law",Manager,Mid,AWS Certified,1.8,EMP164,2024-12-08,Blocked,45.2,2024-12-11,2024-12-20,,True,436,5,"TSK0967,TSK0790",,,,False,,False,0,,9.7,High,High,15.7,False,True,1,As needed,7.7,2024-02-07 11:03:12,2025-07-05 16:31:14
TSK1357,Impact assessment,Impact assessment for analysis phase of project PRJ032.,Analysis,PRJ032,High,Simple,2.0,1.7,5,Content Marketing,Tester,Senior,,4.6,EMP142,2024-04-23,In Review,78.8,2024-04-26,2024-05-01,,True,669,1,,TSK1367,,TSK0921,False,,False,0,,9.3,Medium,Medium,39.3,False,False,2,Bi-weekly,0.3,2024-11-01 10:17:46,2024-08-11 12:22:11
TSK1358,KPI review,KPI review for analysis phase of project PRJ075.,Analysis,PRJ075,High,Complex,32.5,,3,"Conflict Resolution,Employment Law,Training",Developer,Junior,PMP,2.6,EMP134,2024-01-06,Blocked,45.4,2024-01-08,2024-01-15,,True,776,3,"TSK0558,TSK1331",,"TSK1212,TSK1802",TSK0608,False,,False,0,,6.1,High,Critical,5,True,True,4,Weekly,3.7,2025-04-08 11:37:55,2025-08-23 16:13:40
TSK1359,Performance testing,Performance testing for testing phase of project PRJ011.,Testing,PRJ011,Low,Complex,13.9,,8,Prototyping,Developer,Mid,,3.3,EMP041,2024-08-01,In Progress,11.6,2024-08-05,2024-08-09,,True,569,4,,,"TSK1679,TSK1530",,True,,False,0,,,Low,Medium,24.3,False,True,2,Weekly,4.0,2024-09-08 15:15:59,2025-01-18 17:54:28
TSK1360,Process documentation,Process documentation for documentation phase of project PRJ048.,Documentation,PRJ048,Low,Very Complex,110.2,,8,"Workday,Recruiting,Conflict Resolution",Tester,Mid,,5.2,EMP011,2025-10-31,In Progress,30.1,2025-11-02,2025-11-26,,True,95,5,,"TSK1367,TSK1371",,,False,,False,0,,,Low,High,30.7,False,False,4,As needed,0.7,2024-03-18 11:23:44,2025-11-04 18:34:35
TSK1361,Write integration tests,Write integration tests for testing phase of project PRJ046.,Testing,PRJ046,Medium,Moderate,12.1,16.5,1,TypeScript,Developer,Mid,,2.5,EMP002,2025-04-08,Not Started,0,2025-04-09,2025-04-18,,False,-1,5,,,"TSK1204,TSK1708",,False,,False,0,,,Medium,Critical,35.7,True,True,2,As needed,1.7,2024-09-02 08:02:36,2025-01-02 08:26:13
TSK1362,Design landing page,Design landing page for design phase of project PRJ072.,Design,PRJ072,Medium,Complex,27.5,,3,"Recruiting,Training",Tester,Junior,AWS Certified,3.7,EMP171,2024-10-01,In Progress,20.8,2024-10-05,2024-10-13,,True,504,1,TSK0098,,"TSK0519,TSK0022",TSK0216,False,,False,0,,,Low,High,38.2,False,True,3,As needed,2.4,2024-07-24 11:56:55,2025-01-04 14:30:57
TSK1363,Implement authentication module,Implement authentication module for development phase of project PRJ058.,Development,PRJ058,Medium,Complex,38.3,45.1,13,"QuickBooks,SAP,Risk Analysis",Manager,Mid,,5.4,EMP163,2025-08-28,Not Started,0,2025-08-31,2025-09-13,,False,-3,4,,,,,False,,False,0,,6.8,High,Critical,21.4,False,False,4,Weekly,0.5,2024-06-17 16:28:08,2025-09-20 13:53:29
TSK1364,Kickoff meeting,Kickoff meeting for meeting phase of project PRJ028.,Meeting,PRJ028,Low,Very Complex,107.9,83.6,13,"ERP,Supply Chain",Designer,Senior,Scrum Master,8.7,EMP115,2024-03-13,Blocked,67.5,2024-03-17,2024-04-08,,True,692,2,,,,,False,,False,0,,8.4,Low,High,43.8,False,False,3,Bi-weekly,5.9,2025-04-14 17:16:34,2025-04-15 15:06:57
TSK1365,Architecture review,Architecture review for meeting phase of project PRJ052.,Meeting,PRJ052,Medium,Complex,32.6,,8,"Excel,Power BI,Project Management",Analyst,Senior,,6.5,,2025-03-09,In Review,0,2025-03-12,2025-03-23,,True,343,5,,,,,True,,False,0,,7.9,High,Medium,9.1,False,True,1,Bi-weekly,6.2,2025-03-05 08:20:08,2025-06-29 15:05:56
TSK1366,Market sizing,Market sizing for research phase of project PRJ076.,Research,PRJ076,Medium,Moderate,13.6,,3,"ERP,Supply Chain,Project Management",Designer,Mid,,4.8,EMP068,2025-11-23,Not Started,40.3,2025-11-28,2025-12-05,,False,-4,1,TSK1275,,,,True,,True,2,,,Medium,Critical,47.8,False,True,1,Daily,1.1,2024-04-20 15:03:50,2025-09-28 16:57:08
TSK1367,Kickoff meeting,Kickoff meeting for meeting phase of project PRJ014.,Meeting,PRJ014,Critical,Very Complex,67.8,78.9,13,"Sketch,Figma,Illustrator",Tester,Senior,,7.5,EMP036,2025-08-21,In Progress,73.0,2025-08-25,2025-09-13,,True,169,1,"TSK0725,TSK0513",,"TSK0293,TSK1326",,False,,True,3,,5.8,Medium,High,40.1,False,True,4,Weekly,8.7,2024-02-15 08:35:25,2025-04-28 18:56:30
TSK1368,Process documentation,Process documentation for documentation phase of project PRJ060.,Documentation,PRJ060,Medium,Complex,22.1,22.8,2,"Conflict Resolution,Employment Law",Designer,Mid,,2.0,EMP184,2025-09-26,In Review,0,2025-09-30,2025-10-09,,True,143,2,,,"TSK1332,TSK1161",,False,,False,0,,7.3,Medium,High,17.3,False,True,3,As needed,8.0,2024-06-08 15:56:03,2025-10-31 13:23:12
TSK1369,Stakeholder review,Stakeholder review for meeting phase of project PRJ010.,Meeting,PRJ010,Medium,Complex,24.5,32.6,2,"Recruiting,SAP HR",Developer,Junior,,5.1,EMP029,2024-09-30,In Review,55.6,2024-10-03,2024-10-17,,True,500,3,,,,,False,,False,0,,6.4,Low,Medium,47.7,False,True,1,Daily,4.9,2025-01-27 16:49:23,2024-09-07 12:22:53
TSK1370,Refactor database layer,Refactor database layer for development phase of project PRJ095.,Development,PRJ095,High,Moderate,11.5,9.2,3,Recruiting,Tester,Mid,,5.5,EMP015,2025-07-13,Not Started,81.9,2025-07-14,2025-07-23,,False,0,4,,,"TSK1232,TSK1449",,False,,False,0,,7.3,Medium,Critical,57.1,False,False,2,As needed,3.7,2024-08-12 11:51:41,2025-05-06 14:23:28
TSK1371,Create wireframes,Create wireframes for design phase of project PRJ020.,Design,PRJ020,Medium,Moderate,5.5,,8,"Financial Modeling,VBA,Bloomberg",Tester,Mid,,4.7,EMP152,2025-06-29,In Progress,65.2,2025-07-01,2025-07-07,,True,237,3,,,,,False,,False,0,,7.0,High,Critical,39.8,False,True,3,Daily,6.3,2024-12-01 12:25:45,2025-07-19 18:22:58
TSK1372,Create mockups,Create mockups for design phase of project PRJ018.,Design,PRJ018,Medium,Moderate,8.1,9.7,13,"Prospecting,Communication",Tester,Senior,,6.6,,2025-11-09,In Progress,73.2,2025-11-11,2025-11-20,,True,101,5,,,"TSK1972,TSK0556",,False,,False,0,,5.2,High,Medium,27.7,False,False,3,Daily,2.1,2024-05-10 16:38:39,2025-04-29 13:18:19
TSK1373,Test automation,Test automation for testing phase of project PRJ062.,Testing,PRJ062,Medium,Simple,3.2,2.3,3,"Sketch,Photoshop,Prototyping",Analyst,Junior,,5.3,EMP170,2025-02-15,Completed,100.0,2025-02-17,2025-02-27,2025-03-02,False,-4,5,,,,,False,8.3,False,0,8.2,7.2,Low,Medium,9.5,True,False,3,Daily,1.7,2024-02-19 08:52:39,2024-08-31 08:14:04
TSK1374,Icon set design,Icon set design for design phase of project PRJ068.,Design,PRJ068,Low,Complex,17.1,,5,"Excel,HubSpot",Analyst,Mid,,1,EMP200,2025-10-29,Blocked,55.9,2025-10-30,2025-11-07,,True,114,4,,,,,False,,False,0,,,High,Critical,21.2,False,True,1,Bi-weekly,9.6,2025-04-25 11:05:17,2025-04-25 18:02:42
TSK1375,User testing,User testing for design phase of project PRJ095.,Design,PRJ095,Medium,Moderate,6.5,5.3,3,"User Research,Prototyping",Designer,Junior,PMP,4.6,EMP173,2024-07-17,In Review,0,2024-07-20,2024-07-25,,True,584,2,"TSK0111,TSK0202",,"TSK1022,TSK0997",,False,,False,0,,,Low,Critical,5,False,False,1,Weekly,9.9,2025-02-17 16:05:51,2025-04-22 12:09:15
TSK1376,Update user guide,Update user guide for documentation phase of project PRJ024.,Documentation,PRJ024,Medium,Moderate,11.3,12.2,1,Power BI,Developer,Mid,Scrum Master,4.0,EMP018,2025-08-09,Blocked,56.8,2025-08-14,2025-08-18,,True,195,5,"TSK0969,TSK1286",,,,False,,False,0,,,Medium,Medium,46.1,False,False,2,Bi-weekly,5.8,2025-01-13 10:45:21,2024-11-17 18:36:11
TSK1377,Impact assessment,Impact assessment for analysis phase of project PRJ037.,Analysis,PRJ037,Critical,Complex,40.3,,8,Django,Analyst,Mid,,5.2,EMP164,,Blocked,69.7,2025-10-13,2025-10-26,,True,126,5,"TSK1063,TSK1135",,"TSK1253,TSK1355",,False,,False,0,,,Low,High,17.9,False,True,3,As needed,4.2,2024-01-21 08:48:44,2025-07-10 17:27:16
TSK1378,Technology evaluation,Technology evaluation for research phase of project PRJ079.,Research,PRJ079,Low,Complex,26.7,31.1,3,"Project Management,Power BI",Manager,Mid,,5.1,EMP075,2025-04-07,In Review,0,2025-04-08,2025-04-14,,True,321,1,"TSK1320,TSK1026",,"TSK0175,TSK0172",,True,,False,0,,,Medium,Medium,14.9,False,True,4,Daily,1.2,2024-08-03 18:56:46,2024-10-05 18:48:49
TSK1379,KPI review,KPI review for analysis phase of project PRJ051.,Analysis,PRJ051,High,Moderate,11.3,,1,"QuickBooks,Bloomberg",Developer,Junior,AWS Certified,6.5,EMP147,2025-11-06,Blocked,33.2,2025-11-09,2025-11-14,,True,107,2,,,,,False,,False,0,,7.9,High,Critical,29.4,False,False,1,Daily,3.7,2024-04-09 17:24:48,2025-11-29 09:49:19
TSK1380,Kickoff meeting,Kickoff meeting for meeting phase of project PRJ055.,Meeting,PRJ055,High,Very Complex,107.9,109.1,13,Content Marketing,Manager,Junior,,4.7,EMP027,2025-01-24,Not Started,34.5,2025-01-27,2025-02-19,,False,-4,2,TSK0639,"TSK1391,TSK1386",,,False,,False,0,,8.9,Low,Critical,49.1,False,False,1,Bi-weekly,1.7,2024-06-13 16:22:08,2024-11-26 08:19:50
TSK1381,Build design system,Build design system for design phase of project PRJ030.,Design,PRJ030,High,Complex,26.0,22.4,2,"Email Marketing,Social Media,Copywriting",Developer,Senior,,4.0,EMP121,2024-01-27,In Progress,18.8,2024-01-31,2024-02-10,,True,750,4,,,,,False,,True,2,,6.8,Low,Critical,13.6,False,True,1,Bi-weekly,2.1,2025-01-19 14:57:02,2025-11-22 14:02:50
TSK1382,Load testing,Load testing for testing phase of project PRJ066.,Testing,PRJ066,Medium,Moderate,11.6,11.1,5,"Photoshop,Sketch,Prototyping",Developer,Senior,AWS Certified,5.1,EMP101,2024-10-26,Blocked,0,2024-10-27,2024-11-05,,True,481,5,,,"TSK1254,TSK0409",,False,,True,1,,7.2,Medium,Medium,5,True,False,4,Daily,9.3,2025-02-24 10:11:13,2024-09-06 12:08:06
TSK1383,Fix critical bug,Fix critical bug for development phase of project PRJ085.,Development,PRJ085,High,Simple,2.0,,1,Power BI,Analyst,Junior,,6.3,EMP034,2024-09-22,In Review,0,2024-09-24,2024-09-30,,True,517,3,,TSK1390,,,False,,False,0,,8.4,Medium,Critical,5,False,False,4,Daily,1.7,2025-03-05 13:07:59,2025-02-18 17:10:19
TSK1384,Team retrospective,Team retrospective for meeting phase of project PRJ014.,Meeting,PRJ014,Low,Complex,26.8,,2,"Project Management,Power BI",Manager,Mid,,5.4,EMP010,2025-06-07,Not Started,5.5,2025-06-08,2025-06-15,,False,-4,2,,,,,False,,False,0,,7.9,Medium,Critical,31.0,True,False,3,Bi-weekly,3.5,2025-01-10 09:14:50,2024-10-09 10:41:08
TSK1385,Requirements gathering,Requirements gathering for research phase of project PRJ056.,Research,PRJ056,Critical,Moderate,11.2,,3,Sketch,Tester,Mid,AWS Certified,5.6,EMP076,2024-02-21,Blocked,51.3,2024-02-24,2024-03-03,,True,728,4,"TSK0254,TSK0647",,,,False,,False,0,,,Medium,High,28.7,True,True,1,Daily,4.6,2024-11-11 13:55:27,2024-09-19 18:33:21
TSK1386,Deploy to staging,Deploy to staging for development phase of project PRJ022.,Development,PRJ022,Low,Moderate,7.2,,3,"Excel,Salesforce,CRM",Analyst,Senior,PMP,6.4,EMP088,2025-04-16,In Progress,0.4,2025-04-19,2025-04-28,,True,307,5,,,,,False,,False,0,,,Medium,High,33.4,False,False,4,Weekly,2.0,2024-07-01 18:31:47,2025-12-28 12:46:59
TSK1387,User testing,User testing for design phase of project PRJ082.,Design,PRJ082,Medium,Moderate,7.6,,1,SAP,Analyst,Mid,,6.5,EMP060,2024-03-12,In Review,27.4,2024-03-14,2024-03-24,,True,707,3,TSK0415,,,,False,,False,0,,,Medium,High,41.8,True,True,1,As needed,3.5,2024-04-18 15:48:41,2025-01-10 09:49:06
TSK1388,Requirements gathering,Requirements gathering for research phase of project PRJ004.,Research,PRJ004,High,Complex,16.6,,13,"Prototyping,Sketch",Tester,Junior,AWS Certified,1.3,EMP029,2024-07-18,Not Started,23.6,2024-07-20,2024-07-30,,False,-1,1,,,,,False,,False,0,,7.8,Medium,Critical,40.7,False,True,5,Bi-weekly,6.3,2024-01-10 12:17:51,2025-12-21 14:41:03
TSK1389,Refactor database layer,Refactor database layer for development phase of project PRJ007.,Development,PRJ007,Low,Complex,17.3,,1,"Risk Analysis,VBA",Tester,Senior,,7.1,EMP146,2024-06-12,Not Started,50.3,2024-06-17,2024-06-22,,False,0,5,,TSK1394,,,False,,False,0,,,Low,Low,25.1,True,True,3,Daily,8.0,2025-01-09 18:59:52,2024-12-05 15:30:24
TSK1390,Test automation,Test automation for testing phase of project PRJ093.,Testing,PRJ093,High,Complex,41.3,,3,"A/B Testing,SEO",Designer,Senior,,6.0,EMP114,2024-09-27,In Review,81.6,2024-09-29,2024-10-09,,True,508,3,,,,,False,,False,0,,10,High,Medium,65.6,True,True,5,Bi-weekly,6.9,2025-03-15 09:42:01,2025-11-16 14:10:56
TSK1391,Brand refresh,Brand refresh for design phase of project PRJ053.,Design,PRJ053,High,Complex,33.9,30.4,5,"Content Marketing,Adobe Suite",Developer,Mid,PMP,7.0,EMP009,2025-02-27,Blocked,24.7,2025-03-01,2025-03-14,,True,352,5,,,"TSK1052,TSK0591",,False,,False,0,,,High,Medium,7.9,True,False,5,Weekly,4.9,2025-03-16 14:04:07,2024-12-24 09:46:30
TSK1392,User research,User research for research phase of project PRJ098.,Research,PRJ098,High,Complex,38.7,,1,"Communication,Negotiation,CRM",Developer,Senior,Scrum Master,4.7,EMP143,2023-12-29,Blocked,1.8,2024-01-03,2024-01-15,,True,776,5,,,"TSK0314,TSK1829",,False,,False,0,,,High,Low,5.4,False,True,2,Daily,3.5,2024-08-15 12:26:21,2024-06-30 11:09:18
TSK1393,Team retrospective,Team retrospective for meeting phase of project PRJ004.,Meeting,PRJ004,High,Very Complex,32.3,,2,"Financial Modeling,SAP,Risk Analysis",Manager,Mid,,2.0,EMP080,2025-05-26,Not Started,36.0,2025-05-27,2025-06-08,,False,0,3,,,,TSK0548,False,,False,0,,,High,Low,41.8,False,False,3,As needed,3.5,2024-09-19 14:01:03,2024-10-22 13:12:01
TSK1394,Refactor database layer,Refactor database layer for development phase of project PRJ080.,Development,PRJ080,High,Moderate,12.5,,5,"Figma,User Research",Tester,Senior,,3.3,EMP094,2025-10-21,Blocked,10.4,2025-10-24,2025-11-01,,True,120,3,,,"TSK1872,TSK0369",,False,,True,2,,5.7,Low,Medium,5,False,False,5,As needed,9.4,2024-03-03 14:43:25,2025-08-09 12:12:01
TSK1395,Feasibility study,Feasibility study for research phase of project PRJ058.,Research,PRJ058,Low,Moderate,4.5,5.8,3,"Node.js,MongoDB",Developer,Mid,,3.1,EMP141,2025-10-17,Completed,100.0,2025-10-18,2025-10-23,2025-10-21,False,-5,4,"TSK1010,TSK0597",TSK1414,"TSK0901,TSK0095",,False,6.9,False,0,8.8,,Low,Low,44.2,False,False,2,Bi-weekly,6.1,2025-01-07 08:39:44,2025-07-18 09:35:14
TSK1396,Performance report,Performance report for analysis phase of project PRJ003.,Analysis,PRJ003,Medium,Moderate,9.0,,13,SAP,Analyst,Senior,,4.1,EMP015,2025-07-26,Blocked,32.7,2025-07-28,2025-08-03,,True,210,2,,TSK1402,"TSK0433,TSK1533",,True,,False,0,,3.6,Medium,Low,15.3,True,True,1,Daily,9.0,2024-08-20 08:47:43,2025-06-01 10:49:28
TSK1397,Build REST API,Build REST API for development phase of project PRJ026.,Development,PRJ026,Medium,Complex,31.3,,13,"Google Analytics,Content Marketing,Email Marketing",Developer,Senior,AWS Certified,3.2,EMP091,2024-11-02,In Review,30.3,2024-11-03,2024-11-13,,True,473,5,,,,,False,,False,0,,8.3,Medium,High,20.5,True,True,3,Daily,5.3,2024-02-21 10:50:25,2024-10-11 11:40:14
TSK1398,Brand refresh,Brand refresh for design phase of project PRJ019.,Design,PRJ019,High,Moderate,5.0,,1,"Power BI,ERP,Project Management",Tester,Senior,,4.7,EMP076,2024-02-09,In Progress,0.2,2024-02-13,2024-02-22,,True,738,5,"TSK0322,TSK0494",,"TSK1217,TSK0945",,False,,False,0,,,Medium,Medium,27.8,False,True,4,As needed,7.6,2024-03-04 11:27:01,2024-11-17 17:05:38
TSK1399,User testing,User testing for design phase of project PRJ003.,Design,PRJ003,Medium,Simple,2.4,,8,"Communication,HubSpot",Tester,Junior,,6.3,EMP105,2025-08-20,Blocked,92.0,2025-08-22,2025-09-01,,True,181,3,,,,,False,,False,0,,8.9,High,Low,13.3,False,True,1,Daily,1.6,2024-01-21 16:13:32,2026-01-12 10:06:04
TSK1400,Market sizing,Market sizing for research phase of project PRJ025.,Research,PRJ025,Medium,Simple,1.4,1.7,2,"Risk Analysis,Financial Modeling,SAP",Tester,Senior,Scrum Master,7.3,EMP132,2024-09-11,Completed,100.0,2024-09-14,2024-09-17,2024-09-15,False,0,5,TSK0093,,"TSK1236,TSK1849",TSK1124,False,7.4,False,0,8.7,8.4,Medium,High,45.1,False,True,5,Bi-weekly,7.7,2024-02-23 12:11:41,2024-09-10 09:26:45
TSK1401,Create wireframes,Create wireframes for design phase of project PRJ028.,Design,PRJ028,Medium,Simple,2.3,,8,"QuickBooks,VBA,Bloomberg",Manager,Senior,PMP,2.7,EMP020,2025-09-04,In Progress,10.3,2025-09-05,2025-09-10,,True,172,2,,,,TSK1150,False,,False,0,,,High,Critical,19.5,False,True,1,Daily,1.2,2024-10-09 17:05:12,2025-02-11 15:03:36
TSK1402,Kickoff meeting,Kickoff meeting for meeting phase of project PRJ035.,Meeting,PRJ035,Medium,Complex,18.0,14.4,3,Email Marketing,Analyst,Junior,Scrum Master,3.7,EMP023,2024-08-25,Completed,100.0,2024-08-29,2024-09-04,2024-09-08,False,-2,3,,,"TSK0334,TSK0633",,False,5.5,False,0,5.1,8.2,Low,Low,31.0,False,True,5,Daily,9.6,2024-06-15 14:39:54,2025-10-25 12:56:42
TSK1403,Root cause analysis,Root cause analysis for analysis phase of project PRJ019.,Analysis,PRJ019,Medium,Complex,26.1,,5,"SAP HR,Conflict Resolution,Employment Law",Developer,Junior,,7.0,EMP070,2025-10-07,Blocked,28.2,2025-10-08,2025-10-20,,True,132,3,TSK0357,,"TSK0075,TSK0032",,False,,True,2,,7.7,Low,Medium,27.1,False,True,5,Bi-weekly,4.5,2024-07-01 16:07:41,2025-07-22 10:42:14
TSK1404,Technology evaluation,Technology evaluation for research phase of project PRJ043.,Research,PRJ043,High,Complex,27.3,,3,Content Marketing,Designer,Mid,,5.0,EMP148,2024-10-07,Blocked,65.3,2024-10-12,2024-10-24,,True,493,5,,TSK1410,"TSK1668,TSK1264",,False,,False,0,,8.5,Low,Critical,52.1,False,True,4,Weekly,5.8,2025-05-29 12:40:02,2025-06-07 13:13:31
TSK1405,User testing,User testing for design phase of project PRJ065.,Design,PRJ065,Medium,Simple,1.7,,1,"Java,Kubernetes",Designer,Junior,,5.1,EMP165,2023-12-31,Not Started,29.6,2024-01-01,2024-01-06,,False,-4,4,,,"TSK1513,TSK0181",,False,,False,0,,,Low,Medium,56.4,False,True,3,As needed,3.2,2025-04-04 12:57:18,2025-06-14 16:10:22
TSK1406,Stakeholder review,Stakeholder review for meeting phase of project PRJ083.,Meeting,PRJ083,Medium,Moderate,6.7,5.5,8,"MongoDB,Kubernetes,Node.js",Designer,Mid,,1,EMP158,2024-08-23,Completed,100.0,2024-08-28,2024-09-03,2024-09-05,False,-4,3,,,"TSK1485,TSK0148",,False,7.9,False,0,5.4,5.2,High,Critical,5,True,True,2,Bi-weekly,6.8,2024-12-14 15:34:34,2025-02-19 11:19:29
TSK1407,Load testing,Load testing for testing phase of project PRJ072.,Testing,PRJ072,Medium,Moderate,4.6,3.4,3,"ERP,Supply Chain,Project Management",Manager,Junior,Scrum Master,6.7,EMP129,2025-04-20,Completed,100.0,2025-04-22,2025-04-26,2025-04-27,False,-4,4,,,"TSK0683,TSK0730",,False,6.6,True,1,7.0,8.9,High,Medium,30.3,True,True,2,Weekly,1.2,2024-12-30 10:15:59,2024-06-10 18:01:21
TSK1408,Add unit tests,Add unit tests for development phase of project PRJ055.,Development,PRJ055,High,Complex,17.2,23.2,1,"VBA,Risk Analysis,Bloomberg",Developer,Junior,,3.5,EMP117,2024-03-07,In Progress,2.5,2024-03-10,2024-03-18,,True,713,4,,TSK1419,"TSK1645,TSK1783",,False,,False,0,,4.5,Low,High,63.3,False,True,3,Bi-weekly,2.1,2024-03-03 18:01:37,2025-04-09 14:29:18
TSK1409,Write API docs,Write API docs for documentation phase of project PRJ003.,Documentation,PRJ003,Critical,Simple,1.9,2.6,8,"Employment Law,Recruiting",Analyst,Mid,AWS Certified,5.5,EMP199,2024-08-13,Completed,100.0,2024-08-15,2024-08-22,2024-08-23,False,-3,1,,"TSK1420,TSK1414","TSK1143,TSK1128",,False,8.2,False,0,6.3,9.4,Medium,Critical,5,True,True,2,As needed,3.4,2024-01-16 16:47:48,2025-04-18 14:38:53
TSK1410,Build design system,Build design system for design phase of project PRJ007.,Design,PRJ007,Critical,Moderate,11.7,11.0,13,Sketch,Developer,Mid,,4.8,EMP111,2025-04-04,In Progress,20.7,2025-04-06,2025-04-15,,True,320,4,TSK0955,,"TSK1040,TSK0452",,False,,True,2,,6.4,High,High,17.7,False,True,2,Bi-weekly,6.6,2024-06-20 18:30:43,2024-06-07 08:41:24
TSK1411,Process documentation,Process documentation for documentation phase of project PRJ072.,Documentation,PRJ072,High,Simple,1.5,1.2,3,"Bloomberg,VBA,Excel",Designer,Mid,Scrum Master,8.1,EMP104,2024-11-18,Not Started,49.8,2024-11-20,2024-11-22,,False,-1,4,,TSK1412,"TSK1769,TSK1905",,True,,False,0,,,Low,Low,38.2,False,True,4,Daily,2.5,2024-12-26 17:00:50,2025-09-20 09:15:35
TSK1412,Write integration tests,Write integration tests for testing phase of project PRJ043.,Testing,PRJ043,High,Moderate,8.3,6.3,13,"VBA,Financial Modeling,Risk Analysis",Designer,Junior,Scrum Master,8.2,EMP200,2024-06-08,Completed,100.0,2024-06-12,2024-06-19,2024-06-18,False,-4,5,,,,,False,9.3,False,0,8.0,9.7,High,Low,43.2,False,True,3,Daily,2.2,2024-06-15 18:54:51,2025-06-26 11:06:11
TSK1413,KPI review,KPI review for analysis phase of project PRJ086.,Analysis,PRJ086,High,Very Complex,120.0,120.8,8,"QuickBooks,Risk Analysis,Excel",Developer,Mid,PMP,4.5,,2024-07-30,Completed,100.0,2024-07-31,2024-08-28,2024-08-25,False,-4,4,TSK0732,,,,False,8.1,False,0,7.6,6.6,High,Low,27.2,False,True,5,Daily,6.5,2024-01-12 08:57:45,2026-02-24 16:21:05
TSK1414,Competitor analysis,Competitor analysis for research phase of project PRJ065.,Research,PRJ065,Medium,Moderate,13.2,11.5,5,"Lean Six Sigma,Power BI,ERP",Manager,Junior,,6.0,EMP039,2024-05-03,Blocked,44.9,2024-05-07,2024-05-11,,True,659,4,"TSK0809,TSK1051",TSK1424,"TSK1954,TSK0277",,False,,False,0,,8.5,High,Low,41.7,False,True,5,Daily,8.7,2025-05-20 08:29:40,2025-11-21 10:18:47
TSK1415,Impact assessment,Impact assessment for analysis phase of project PRJ071.,Analysis,PRJ071,High,Moderate,7.5,,5,Photoshop,Designer,Mid,,2.9,EMP172,2024-09-20,Not Started,3.9,2024-09-25,2024-10-04,,False,-1,3,TSK0754,TSK1426,"TSK1994,TSK1353",,False,,False,0,,8.7,Low,Low,10.1,False,True,2,Daily,1.8,2024-02-08 18:07:14,2025-02-05 10:30:33
TSK1416,Fix critical bug,Fix critical bug for development phase of project PRJ078.,Development,PRJ078,Low,Complex,40.9,,3,"Bloomberg,Risk Analysis",Analyst,Senior,,3.3,EMP179,2025-05-13,In Review,16.4,2025-05-15,2025-05-26,,True,279,3,,"TSK1427,TSK1423",,,False,,False,0,,,High,Medium,5,False,True,3,Daily,7.6,2025-04-03 17:12:58,2025-09-12 14:52:59
TSK1417,KPI review,KPI review for analysis phase of project PRJ001.,Analysis,PRJ001,High,Moderate,8.5,9.5,2,"JavaScript,Go",Designer,Senior,,6.0,EMP066,2025-06-04,In Progress,78.7,2025-06-07,2025-06-10,,True,264,1,"TSK0747,TSK1194",,"TSK1085,TSK1912",,False,,False,0,,7.3,High,Critical,27.9,True,True,5,Weekly,4.2,2025-05-17 10:48:56,2025-02-14 12:16:43
TSK1418,Design landing page,Design landing page for design phase of project PRJ066.,Design,PRJ066,Low,Moderate,7.4,,3,"Power BI,Supply Chain",Tester,Mid,,3.8,EMP182,2024-02-10,In Progress,0,2024-02-15,2024-02-22,,True,738,4,"TSK0792,TSK0266",,,,False,,False,0,,5.9,Medium,Critical,47.9,False,True,1,Weekly,5.3,2024-11-16 09:45:12,2024-06-06 10:38:42
TSK1419,Process documentation,Process documentation for documentation phase of project PRJ100.,Documentation,PRJ100,Medium,Simple,1.6,1.3,3,Figma,Developer,Mid,PMP,4.9,EMP128,2025-01-07,Completed,100.0,2025-01-08,2025-01-16,2025-01-19,False,-3,2,,,,,False,4.1,False,0,5.9,,Low,High,46.7,False,True,2,Weekly,9.8,2024-10-08 09:24:45,2025-03-21 17:56:28
TSK1420,Process documentation,Process documentation for documentation phase of project PRJ071.,Documentation,PRJ071,High,Moderate,7.1,,13,"Recruiting,Workday,Employment Law",Manager,Mid,PMP,3.0,EMP002,2025-06-13,Not Started,43.6,2025-06-17,2025-06-21,,False,-5,2,,,,,True,,False,0,,,Medium,Medium,43.7,False,False,3,Bi-weekly,5.7,2024-09-05 10:49:43,2025-11-01 14:35:54
TSK1421,Market sizing,Market sizing for research phase of project PRJ009.,Research,PRJ009,Medium,Moderate,13.1,,2,"Content Marketing,Adobe Suite",Developer,Senior,PMP,1.6,EMP172,2024-07-16,In Progress,13.2,2024-07-17,2024-07-22,,True,587,2,,,,,False,,False,0,,7.3,Medium,Medium,30.5,False,True,3,Daily,2.9,2024-03-14 09:07:48,2025-07-17 16:57:35
TSK1422,Implement authentication module,Implement authentication module for development phase of project PRJ024.,Development,PRJ024,High,Simple,2.0,,3,"SEO,Email Marketing",Analyst,Mid,AWS Certified,6.6,EMP172,2024-10-03,In Review,99,2024-10-05,2024-10-10,,True,507,3,,"TSK1436,TSK1435","TSK0276,TSK0448",,True,,True,3,,,Medium,Low,28.1,True,False,5,Daily,1.5,2024-09-25 14:47:48,2025-12-15 11:57:01
TSK1423,Data analysis,Data analysis for analysis phase of project PRJ043.,Analysis,PRJ043,Medium,Complex,31.2,,13,"VBA,QuickBooks",Developer,Junior,,3.4,EMP100,2025-03-06,In Review,7.5,2025-03-08,2025-03-21,,True,345,5,TSK0329,,"TSK1465,TSK1503",,True,,False,0,,,High,Low,37.8,True,False,2,Weekly,4.8,2024-04-07 17:27:57,2025-09-26 18:46:58
TSK1424,Refactor database layer,Refactor database layer for development phase of project PRJ029.,Development,PRJ029,Low,Moderate,6.4,5.0,1,"SAP HR,Workday,HRIS",Analyst,Mid,,5.9,EMP169,2025-08-25,Completed,100.0,2025-08-29,2025-09-09,2025-09-07,False,-4,2,,,,,False,8.3,False,0,7.5,,Low,Low,17.4,True,True,3,Weekly,3.8,2024-10-17 17:43:51,2024-10-16 16:45:38
TSK1425,User research,User research for research phase of project PRJ052.,Research,PRJ052,High,Complex,14.8,17.1,8,"User Research,Adobe XD",Designer,Junior,,6.9,EMP177,2025-05-02,Completed,100.0,2025-05-07,2025-05-13,2025-05-16,False,-2,1,,,,,False,8.9,False,0,9.8,5.1,High,High,50.8,False,True,4,As needed,6.6,2025-05-07 17:25:51,2024-06-22 16:28:57
TSK1426,Add unit tests,Add unit tests for development phase of project PRJ079.,Development,PRJ079,Medium,Complex,25.2,,13,"HRIS,Training",Designer,Junior,PMP,10,EMP163,,In Progress,28.4,2024-05-09,2024-05-18,,True,652,1,"TSK1190,TSK0254",,,,False,,False,0,,,Low,Medium,23.9,False,False,1,Bi-weekly,6.7,2024-01-19 08:35:06,2026-01-05 16:08:10
TSK1427,Architecture review,Architecture review for meeting phase of project PRJ019.,Meeting,PRJ019,Medium,Simple,3.5,4.0,2,"Project Management,Excel,Supply Chain",Manager,Junior,,6.8,EMP043,2024-01-07,Blocked,7.1,2024-01-12,2024-01-20,,True,771,3,,,"TSK0604,TSK1258",,False,,True,1,,6.8,Low,Medium,79.1,True,True,3,Weekly,3.7,2025-04-20 17:21:14,2026-02-13 12:46:21
TSK1428,Stakeholder review,Stakeholder review for meeting phase of project PRJ047.,Meeting,PRJ047,High,Simple,2.9,3.4,8,SEO,Designer,Junior,PMP,5.2,EMP062,2024-04-11,In Review,41.9,2024-04-15,2024-04-22,,True,678,3,"TSK0481,TSK1179",,,,False,,False,0,,,High,Medium,25.1,False,True,2,As needed,2.6,2024-05-24 18:25:08,2025-01-08 10:51:36
TSK1429,Sprint planning,Sprint planning for meeting phase of project PRJ072.,Meeting,PRJ072,Medium,Complex,15.5,,2,"Social Media,Google Analytics,Email Marketing",Developer,Senior,AWS Certified,4.8,EMP068,2025-02-04,Blocked,48.8,2025-02-07,2025-02-14,,True,380,3,,TSK1444,"TSK0557,TSK1617",,True,,True,1,,7.0,Medium,Critical,39.9,True,False,1,Daily,7.2,2025-03-20 16:13:37,2025-09-17 08:01:29
TSK1430,Icon set design,Icon set design for design phase of project PRJ035.,Design,PRJ035,Medium,Simple,3.0,,3,"Supply Chain,ERP,Power BI",Analyst,Mid,,2.8,EMP090,2025-03-08,Not Started,54.0,2025-03-10,2025-03-13,,False,0,1,,,,,False,,False,0,,7.8,High,High,5,False,True,1,Daily,5.1,2024-03-11 16:18:25,2025-04-21 08:13:59
TSK1431,Create wireframes,Create wireframes for design phase of project PRJ004.,Design,PRJ004,High,Very Complex,73.9,72.7,8,"Illustrator,User Research",Developer,Senior,,4.3,EMP174,2024-11-29,In Progress,84.8,2024-12-02,2024-12-22,,True,434,5,,,,,False,,False,0,,7.2,Low,High,25.2,False,True,1,Weekly,3.7,2024-11-14 15:11:40,2024-12-21 17:01:00
TSK1432,Root cause analysis,Root cause analysis for analysis phase of project PRJ049.,Analysis,PRJ049,Critical,Simple,3.9,,5,Rust,Tester,Senior,Scrum Master,6.1,EMP196,2024-10-18,In Progress,46.7,2024-10-21,2024-10-27,,True,490,2,,,,,False,,False,0,,8.9,Medium,High,28.0,False,True,4,Weekly,0.0,2024-04-22 14:57:14,2024-06-10 16:04:40
TSK1433,Create onboarding docs,Create onboarding docs for documentation phase of project PRJ030.,Documentation,PRJ030,Low,Moderate,8.3,,13,"JavaScript,Go",Tester,Junior,,1.5,EMP119,2025-03-10,In Review,68.5,2025-03-15,2025-03-26,,True,340,4,,,,,False,,False,0,,9.6,High,Medium,24.5,False,False,5,Bi-weekly,0.8,2024-12-19 18:06:37,2025-07-07 13:51:28
TSK1434,Sprint planning,Sprint planning for meeting phase of project PRJ098.,Meeting,PRJ098,Medium,Moderate,11.3,15.0,5,Financial Modeling,Tester,Junior,,7.0,EMP064,2024-07-15,Completed,100.0,2024-07-18,2024-07-22,2024-07-19,False,-3,3,,"TSK1452,TSK1440",,TSK0847,False,7.8,False,0,5.1,,Medium,Low,55.3,False,True,3,Daily,8.2,2024-09-18 14:22:29,2024-10-13 09:06:35
TSK1435,Requirements gathering,Requirements gathering for research phase of project PRJ019.,Research,PRJ019,Medium,Complex,21.4,24.3,1,"Excel,Power BI,Supply Chain",Developer,Senior,,2.9,EMP029,2025-11-11,In Review,42.6,2025-11-12,2025-11-17,,True,104,2,"TSK0499,TSK0366",,"TSK0287,TSK0774",,False,,False,0,,8.2,High,Medium,27.0,False,False,4,Bi-weekly,3.8,2024-07-07 13:39:28,2025-08-01 17:08:16
TSK1436,Technology evaluation,Technology evaluation for research phase of project PRJ084.,Research,PRJ084,Medium,Very Complex,35.3,,1,Recruiting,Designer,Junior,,1.7,EMP079,2024-06-18,In Review,59.9,2024-06-23,2024-06-30,,True,609,3,,TSK1451,,,False,,False,0,,,Low,Medium,33.9,False,True,2,Daily,5.1,2025-01-24 11:30:03,2024-09-17 10:56:27
TSK1437,Market sizing,Market sizing for research phase of project PRJ094.,Research,PRJ094,High,Simple,2.8,,3,"HRIS,Conflict Resolution,Recruiting",Manager,Senior,PMP,4.1,EMP079,2025-06-14,Not Started,26.5,2025-06-18,2025-06-22,,False,-5,3,"TSK0718,TSK1269",,,,False,,True,2,,9.2,Low,Medium,49.5,True,False,2,Bi-weekly,4.6,2025-04-10 09:50:09,2024-10-10 12:25:50
TSK1438,Create mockups,Create mockups for design phase of project PRJ100.,Design,PRJ100,Medium,Moderate,7.1,,5,"React,Node.js",Manager,Junior,PMP,6.2,EMP174,2025-09-27,Blocked,5.9,2025-09-29,2025-10-05,,True,147,3,,,"TSK1749,TSK0958",,True,,False,0,,6.9,Low,Low,18.5,False,False,2,Bi-weekly,1.1,2025-03-01 15:48:00,2024-09-16 08:15:43
TSK1439,Competitor analysis,Competitor analysis for research phase of project PRJ060.,Research,PRJ060,Medium,Moderate,10.4,12.1,13,"Prototyping,Sketch,Adobe XD",Manager,Mid,,5.4,EMP143,,Completed,100.0,2025-08-25,2025-09-01,2025-09-04,False,-4,4,,,,,False,8.2,False,0,8.9,8.7,Medium,Critical,5,False,True,1,Daily,10.0,2024-11-06 15:09:20,2026-01-29 12:32:28
TSK1440,Root cause analysis,Root cause analysis for analysis phase of project PRJ062.,Analysis,PRJ062,High,Simple,1.5,,1,"HRIS,SAP HR",Manager,Senior,,3.5,EMP121,2024-01-03,Blocked,1.2,2024-01-04,2024-01-06,,True,785,1,,,"TSK0338,TSK1530",,False,,False,0,,,High,Medium,48.1,False,True,5,Weekly,8.3,2024-10-01 10:54:23,2025-06-28 08:12:23
TSK1441,Fix critical bug,Fix critical bug for development phase of project PRJ094.,Development,PRJ094,Medium,Moderate,14.7,,8,Sketch,Tester,Junior,,3.5,EMP018,2024-09-15,In Progress,20.2,2024-09-20,2024-10-02,,True,515,4,,,,,False,,False,0,,,Medium,High,39.2,False,False,2,Daily,9.6,2024-04-23 12:40:05,2025-09-02 12:31:40
TSK1442,Fix critical bug,Fix critical bug for development phase of project PRJ098.,Development,PRJ098,Medium,Moderate,11.1,13.5,5,HRIS,Tester,Senior,,2.7,EMP103,2024-08-06,Completed,100.0,2024-08-10,2024-08-19,2024-08-16,False,-2,4,"TSK0345,TSK0547",,"TSK1510,TSK0562",TSK0167,False,6.4,False,0,7.4,10,Low,High,57.8,True,True,2,Bi-weekly,3.6,2024-11-11 16:55:07,2025-09-15 10:25:30
TSK1443,Design critique,Design critique for meeting phase of project PRJ030.,Meeting,PRJ030,Low,Simple,2.7,,13,Lean Six Sigma,Manager,Mid,Scrum Master,1,EMP168,2024-04-01,In Review,16.1,2024-04-05,2024-04-08,,True,692,4,,,,,False,,True,1,,,High,Low,29.9,False,True,4,Daily,6.7,2024-01-31 09:50:58,2025-02-04 11:02:12
TSK1444,UAT coordination,UAT coordination for testing phase of project PRJ100.,Testing,PRJ100,High,Simple,2.4,,5,"Kubernetes,Rust",Tester,Senior,,4.9,EMP089,2024-03-22,Not Started,17.4,2024-03-23,2024-03-28,,False,0,5,,,,TSK0755,True,,False,0,,6.0,Medium,Critical,33.4,False,False,3,Daily,2.4,2024-05-16 17:48:42,2025-02-22 10:49:47
TSK1445,Process documentation,Process documentation for documentation phase of project PRJ062.,Documentation,PRJ062,Low,Moderate,7.9,,5,"Prospecting,Excel",Analyst,Mid,Scrum Master,2.4,EMP098,2024-02-11,Not Started,50.9,2024-02-13,2024-02-16,,False,-5,4,,"TSK1450,TSK1462","TSK1458,TSK1529",,False,,False,0,,,Medium,Critical,26.7,False,True,3,Daily,8.4,2025-03-20 12:08:25,2025-03-30 11:39:42
TSK1446,Technology evaluation,Technology evaluation for research phase of project PRJ079.,Research,PRJ079,Medium,Moderate,5.3,,3,"Sketch,User Research,Figma",Manager,Mid,PMP,2.2,EMP178,2024-09-03,Not Started,0,2024-09-07,2024-09-10,,False,-2,3,,TSK1451,,,False,,False,0,,8.8,Low,High,24.9,False,False,4,Daily,1.6,2025-03-14 14:26:48,2025-03-13 18:22:02
TSK1447,Create wireframes,Create wireframes for design phase of project PRJ074.,Design,PRJ074,Medium,Simple,2.5,2.2,8,"Excel,SAP,VBA",Tester,Junior,PMP,3.0,EMP187,2025-03-21,In Progress,37.8,2025-03-25,2025-03-29,,True,337,2,TSK0619,,"TSK0310,TSK0550",,False,,False,0,,6.9,Low,Low,16.4,False,True,2,As needed,5.5,2024-10-17 13:31:08,2026-01-23 17:32:48
TSK1448,Market sizing,Market sizing for research phase of project PRJ022.,Research,PRJ022,High,Moderate,9.9,10.3,8,Lean Six Sigma,Designer,Mid,,3.9,EMP084,2025-08-29,Blocked,55.4,2025-09-02,2025-09-12,,True,170,3,"TSK1058,TSK0390",,"TSK0360,TSK1504",,True,,False,0,,5.5,Medium,High,44.8,False,True,4,Daily,3.9,2025-01-23 12:21:26,2025-11-30 15:48:48
TSK1449,Create onboarding docs,Create onboarding docs for documentation phase of project PRJ040.,Documentation,PRJ040,Critical,Moderate,8.5,8.7,13,Bloomberg,Tester,Mid,,2.8,EMP037,2025-02-05,Completed,100.0,2025-02-08,2025-02-14,2025-02-11,False,-1,3,,,"TSK1794,TSK0491",,True,8.2,False,0,5.3,,High,Critical,41.3,False,False,3,As needed,5.7,2024-01-13 15:45:12,2025-09-24 08:44:49
TSK1450,Feasibility study,Feasibility study for research phase of project PRJ096.,Research,PRJ096,High,Complex,21.8,20.5,13,"Google Analytics,Content Marketing,SEO",Tester,Junior,,6.8,EMP106,2024-01-19,Completed,100.0,2024-01-22,2024-01-29,2024-02-01,False,-1,5,"TSK1269,TSK0215",,"TSK0804,TSK1226",,False,8.0,False,0,8.5,6.4,Low,Critical,68.6,False,False,5,Bi-weekly,5.2,2024-06-14 12:08:44,2025-08-26 18:51:55
TSK1451,KPI review,KPI review for analysis phase of project PRJ069.,Analysis,PRJ069,High,Complex,38.9,,5,"Lean Six Sigma,Power BI",Tester,Senior,,7.3,EMP124,2024-01-28,Blocked,17.5,2024-01-31,2024-02-15,,True,745,3,,,"TSK1202,TSK0264",,False,,False,0,,,Medium,Medium,40.7,False,True,1,As needed,3.6,2025-04-05 13:22:04,2025-10-22 11:52:36
TSK1452,Process documentation,Process documentation for documentation phase of project PRJ091.,Documentation,PRJ091,Low,Simple,3.7,4.3,8,"Content Marketing,SEO,Google Analytics",Analyst,Mid,,5.1,EMP065,2025-04-21,Not Started,95.3,2025-04-23,2025-04-26,,False,-2,5,,,,,False,,False,0,,,High,Critical,39.6,False,False,4,Bi-weekly,2.5,2024-05-14 10:13:57,2024-07-25 11:01:48
TSK1453,Release notes,Release notes for documentation phase of project PRJ043.,Documentation,PRJ043,Critical,Simple,3.7,,1,"HRIS,Training,Conflict Resolution",Developer,Senior,PMP,4.0,EMP005,2025-03-10,Blocked,26.9,2025-03-12,2025-03-21,,True,345,4,,"TSK1462,TSK1463",,,False,,False,0,,5.8,Low,High,8.8,False,True,5,Weekly,5.4,2024-01-15 13:02:20,2024-11-08 14:48:32
TSK1454,Technology evaluation,Technology evaluation for research phase of project PRJ053.,Research,PRJ053,High,Moderate,8.9,,8,"User Research,Illustrator,Adobe XD",Analyst,Junior,Scrum Master,3.6,EMP189,2025-07-31,Not Started,53.7,2025-08-03,2025-08-09,,False,-5,1,,,,,False,,False,0,,7.6,Medium,High,15.6,False,True,5,Daily,5.5,2025-02-01 13:59:16,2025-08-19 11:24:32
TSK1455,Architecture review,Architecture review for meeting phase of project PRJ008.,Meeting,PRJ008,Medium,Moderate,9.4,,2,"Docker,FastAPI",Designer,Mid,,6.1,EMP167,,Blocked,80.9,2024-02-16,2024-02-25,,True,735,3,"TSK0883,TSK0285",TSK1468,,,False,,False,0,,8.5,Medium,Medium,22.3,True,True,5,Weekly,3.6,2024-06-14 15:47:45,2025-01-03 15:06:05
TSK1456,Update user guide,Update user guide for documentation phase of project PRJ011.,Documentation,PRJ011,High,Complex,43.0,,1,"Communication,CRM,Excel",Analyst,Senior,,7.4,EMP131,2024-10-25,Not Started,92.0,2024-10-30,2024-11-13,,False,0,3,,,,,False,,False,0,,9.8,High,Low,42.6,False,True,2,As needed,9.2,2025-02-16 13:01:05,2025-09-19 15:09:31
TSK1457,User testing,User testing for design phase of project PRJ028.,Design,PRJ028,Medium,Simple,2.7,3.1,5,"Adobe Suite,A/B Testing,SEO",Analyst,Junior,PMP,8.5,EMP064,2024-04-02,Completed,100.0,2024-04-06,2024-04-09,2024-04-08,False,-1,2,TSK0182,,,,True,6.6,False,0,7.4,6.5,Medium,High,47.7,False,True,3,As needed,3.1,2025-05-31 13:45:19,2024-10-28 08:26:24
TSK1458,Competitor analysis,Competitor analysis for research phase of project PRJ014.,Research,PRJ014,Low,Complex,21.6,,5,"Figma,Photoshop",Designer,Senior,AWS Certified,1.9,EMP145,2024-09-25,In Review,32.4,2024-09-27,2024-10-04,,True,513,1,,,,,False,,False,0,,8.4,High,Critical,5.4,True,False,3,Daily,2.3,2025-05-03 12:15:15,2026-01-14 13:56:57
TSK1459,Implement authentication module,Implement authentication module for development phase of project PRJ084.,Development,PRJ084,Critical,Simple,2.8,3.6,2,"Bloomberg,SAP,Risk Analysis",Designer,Senior,,7.6,EMP027,2024-08-18,Blocked,17.0,2024-08-19,2024-08-21,,True,557,3,"TSK0794,TSK0948",,"TSK0099,TSK0402",TSK0598,True,,False,0,,8.0,High,Low,33.0,False,False,1,Weekly,3.2,2024-12-29 14:17:46,2024-08-18 14:28:58
TSK1460,Build design system,Build design system for design phase of project PRJ007.,Design,PRJ007,High,Moderate,5.4,,8,Excel,Analyst,Mid,AWS Certified,7.9,,2025-06-19,In Progress,56.8,2025-06-21,2025-06-23,,True,251,2,TSK1309,"TSK1474,TSK1475","TSK0977,TSK1223",,False,,False,0,,,High,Medium,71.1,False,False,5,Weekly,6.1,2024-12-15 10:07:57,2025-02-17 15:36:50
TSK1461,Security audit,Security audit for testing phase of project PRJ078.,Testing,PRJ078,Medium,Moderate,11.1,9.4,2,"Excel,ERP",Tester,Senior,AWS Certified,7.7,EMP040,2024-09-02,Blocked,63.5,2024-09-07,2024-09-18,,True,529,3,,,,,True,,False,0,,7.4,Low,High,5,True,False,2,Bi-weekly,5.5,2024-07-28 09:33:04,2024-06-05 08:56:54
TSK1462,Requirements gathering,Requirements gathering for research phase of project PRJ086.,Research,PRJ086,Low,Complex,25.0,21.8,13,"FastAPI,AWS,TypeScript",Designer,Junior,AWS Certified,5.2,EMP152,2024-07-24,Completed,100.0,2024-07-25,2024-08-08,2024-08-05,False,-5,4,,"TSK1478,TSK1476",,,False,6.8,True,2,8.4,,High,Medium,52.4,False,False,2,Bi-weekly,9.5,2024-10-17 14:14:42,2024-08-12 16:47:18
TSK1463,Feasibility study,Feasibility study for research phase of project PRJ050.,Research,PRJ050,Low,Simple,1.1,,2,"Employment Law,HRIS",Analyst,Mid,,5.3,EMP125,2025-05-28,In Progress,35.2,2025-06-01,2025-06-08,,True,266,3,,,"TSK0863,TSK0528",,True,,True,3,,5.6,High,Low,28.6,False,False,3,Weekly,6.8,2024-03-22 13:26:11,2025-10-24 16:47:13
TSK1464,Implement authentication module,Implement authentication module for development phase of project PRJ017.,Development,PRJ017,Medium,Moderate,11.4,,3,FastAPI,Analyst,Senior,,2.7,EMP014,2025-05-03,Blocked,17.7,2025-05-05,2025-05-14,,True,291,5,"TSK1157,TSK0197",,,,False,,False,0,,6.2,Low,Medium,74.4,False,True,4,Weekly,3.0,2025-03-19 12:38:03,2025-05-31 15:20:10
TSK1465,Build REST API,Build REST API for development phase of project PRJ059.,Development,PRJ059,High,Complex,32.0,26.9,1,Communication,Designer,Mid,,2.9,EMP144,2024-03-08,Completed,100.0,2024-03-10,2024-03-20,2024-03-20,False,0,3,"TSK1108,TSK0610","TSK1484,TSK1480",,,False,6.3,False,0,8.1,9.4,Medium,Medium,5,False,True,3,Daily,4.0,2025-03-06 12:29:31,2024-08-26 14:59:20
TSK1466,Icon set design,Icon set design for design phase of project PRJ045.,Design,PRJ045,Medium,Complex,27.7,32.4,1,"Recruiting,SAP HR,Conflict Resolution",Designer,Senior,AWS Certified,3.4,EMP023,2024-01-13,Blocked,61.7,2024-01-16,2024-01-27,,True,764,4,,,,,False,,False,0,,8.8,High,Medium,21.6,True,True,2,As needed,5.5,2024-06-28 15:49:00,2025-11-08 14:58:42
TSK1467,Metrics dashboard,Metrics dashboard for analysis phase of project PRJ084.,Analysis,PRJ084,Medium,Simple,1.5,,2,"Conflict Resolution,Training",Tester,Senior,,5.5,EMP021,2025-01-28,In Progress,35.8,2025-02-01,2025-02-03,,True,391,5,,,"TSK0158,TSK0256",TSK0664,False,,False,0,,6.5,Medium,High,32.9,False,True,1,Weekly,5.2,2024-08-29 12:27:36,2024-07-22 17:00:24
TSK1468,Update user guide,Update user guide for documentation phase of project PRJ045.,Documentation,PRJ045,Medium,Moderate,11.9,,3,"Recruiting,Conflict Resolution,Training",Manager,Junior,Scrum Master,2.3,EMP141,2024-11-27,In Progress,57.0,2024-11-29,2024-12-04,,True,452,4,,"TSK1476,TSK1479",,,False,,True,2,,,Medium,High,54.9,False,False,2,As needed,5.0,2025-04-20 11:02:59,2026-01-06 08:36:40
TSK1469,Load testing,Load testing for testing phase of project PRJ022.,Testing,PRJ022,Medium,Simple,1.6,,5,"Kubernetes,Django,Rust",Developer,Mid,,4.2,EMP096,2025-02-21,Not Started,45.7,2025-02-26,2025-03-01,,False,-3,3,,TSK1470,,,False,,False,0,,7.2,Low,High,5.8,False,False,5,Daily,3.0,2024-12-13 10:26:24,2025-07-05 12:23:29
TSK1470,Code review,Code review for development phase of project PRJ085.,Development,PRJ085,Critical,Complex,17.5,23.1,2,Django,Manager,Mid,,6.4,EMP012,2025-09-07,Completed,100.0,2025-09-09,2025-09-14,2025-09-19,False,-3,3,,,"TSK1051,TSK0311",,True,10,False,0,6.7,,Low,Medium,20.6,False,True,5,Bi-weekly,2.5,2025-02-05 17:50:22,2024-09-12 11:37:19
TSK1471,Technology evaluation,Technology evaluation for research phase of project PRJ042.,Research,PRJ042,Medium,Simple,2.8,2.9,13,Communication,Tester,Mid,PMP,7.1,EMP182,2025-10-19,Completed,100.0,2025-10-20,2025-10-25,2025-10-22,False,-4,4,,,,,False,10.0,False,0,8.3,,Low,Low,52.1,False,False,4,Bi-weekly,6.1,2024-01-09 08:27:32,2025-02-11 18:10:27
TSK1472,Brand refresh,Brand refresh for design phase of project PRJ006.,Design,PRJ006,Critical,Complex,38.0,,3,Prospecting,Tester,Mid,,1.9,EMP140,2025-06-23,In Progress,49.9,2025-06-25,2025-07-09,,True,235,1,TSK1362,,,,False,,False,0,,8.9,High,Low,18.5,False,False,4,Bi-weekly,9.6,2024-11-22 13:41:19,2024-06-16 12:31:24
TSK1473,Performance report,Performance report for analysis phase of project PRJ082.,Analysis,PRJ082,Medium,Moderate,16.0,15.1,3,Prospecting,Developer,Senior,,1.1,EMP052,2024-06-29,Completed,100.0,2024-07-01,2024-07-11,2024-07-14,False,-3,2,,,,,False,8.3,False,0,7.9,,High,Low,21.5,False,False,5,Daily,1.6,2024-12-31 16:11:37,2025-03-04 11:55:34
TSK1474,Deploy to staging,Deploy to staging for development phase of project PRJ002.,Development,PRJ002,Low,Moderate,12.5,16.8,1,"Excel,ERP,Project Management",Manager,Senior,,1,EMP179,2024-07-31,Completed,100.0,2024-08-01,2024-08-10,2024-08-09,False,0,3,,,"TSK1352,TSK1131",TSK0766,False,7.9,False,0,8.6,,High,Medium,25.1,False,True,3,Daily,1.2,2024-02-26 11:47:05,2025-09-11 18:16:41
TSK1475,Create onboarding docs,Create onboarding docs for documentation phase of project PRJ063.,Documentation,PRJ063,Low,Simple,2.6,3.5,13,"Copywriting,SEO,A/B Testing",Developer,Junior,PMP,4.1,,2025-07-10,Completed,100.0,2025-07-12,2025-07-20,2025-07-18,False,-5,2,,,,,False,7.4,False,0,9.0,6.3,High,High,37.9,False,False,2,Weekly,4.4,2025-01-23 13:41:33,2024-10-12 18:41:15
TSK1476,Sprint planning,Sprint planning for meeting phase of project PRJ065.,Meeting,PRJ065,Low,Complex,22.3,,3,"Salesforce,Prospecting,HubSpot",Analyst,Mid,AWS Certified,8.6,EMP173,2024-12-20,Blocked,24.2,2024-12-21,2024-12-31,,True,425,4,,,,TSK0547,False,,True,3,,6.8,Medium,Critical,26.0,False,False,3,As needed,1.8,2025-02-09 11:00:34,2024-10-06 10:47:43
TSK1477,Kickoff meeting,Kickoff meeting for meeting phase of project PRJ011.,Meeting,PRJ011,Medium,Moderate,15.3,15.9,13,Excel,Manager,Junior,AWS Certified,5.6,EMP113,2024-05-26,Blocked,50.4,2024-05-28,2024-06-07,,True,632,2,,,"TSK1816,TSK0904",TSK1147,False,,False,0,,7.2,Low,Medium,14.9,False,False,5,Daily,7.8,2025-05-07 16:46:09,2025-11-07 11:26:29
TSK1478,Write API docs,Write API docs for documentation phase of project PRJ054.,Documentation,PRJ054,High,Simple,1.4,1.8,8,"JavaScript,AWS,TypeScript",Analyst,Mid,,3.5,EMP041,2025-08-09,Not Started,45.9,2025-08-10,2025-08-17,,False,-4,5,TSK0505,,"TSK0265,TSK1621",,False,,False,0,,9.6,High,Critical,33.6,True,True,3,As needed,7.3,2024-07-08 10:27:53,2024-08-02 12:11:06
TSK1479,Feasibility study,Feasibility study for research phase of project PRJ020.,Research,PRJ020,Medium,Moderate,13.7,,2,QuickBooks,Manager,Senior,,2.6,EMP189,2025-03-16,Not Started,66.5,2025-03-19,2025-03-24,,False,-4,2,,,,,False,,False,0,,7.7,Medium,Low,49.4,False,False,3,As needed,0.8,2025-04-08 12:03:45,2025-10-04 12:39:37
TSK1480,Architecture review,Architecture review for meeting phase of project PRJ010.,Meeting,PRJ010,High,Simple,2.1,,13,"Lean Six Sigma,ERP",Manager,Junior,AWS Certified,4.0,EMP113,2024-05-06,In Review,28.4,2024-05-07,2024-05-14,,True,656,5,,,,,False,,True,3,,8.8,High,Low,30.5,False,True,5,Bi-weekly,9.8,2024-05-08 08:15:41,2025-07-01 10:27:21
TSK1481,KPI review,KPI review for analysis phase of project PRJ029.,Analysis,PRJ029,Medium,Moderate,7.5,8.2,2,"Social Media,Email Marketing,A/B Testing",Developer,Junior,,4.8,EMP089,2023-12-29,Completed,100.0,2024-01-03,2024-01-13,2024-01-14,False,-3,3,,,"TSK0663,TSK0036",TSK0243,False,7.7,False,0,6.5,9.9,High,High,20.1,True,True,3,Daily,7.0,2024-03-22 17:52:13,2024-08-26 12:20:00
TSK1482,Write integration tests,Write integration tests for testing phase of project PRJ015.,Testing,PRJ015,Low,Moderate,12.4,,13,"Training,Recruiting,Employment Law",Designer,Senior,PMP,4.7,EMP143,2024-12-29,In Progress,50.7,2025-01-02,2025-01-13,,True,412,4,,,"TSK0068,TSK0106",,False,,True,2,,6.5,Medium,High,5,False,True,2,Weekly,1.0,2024-12-02 13:25:43,2024-12-14 09:42:17
TSK1483,Sprint planning,Sprint planning for meeting phase of project PRJ034.,Meeting,PRJ034,High,Moderate,12.2,,2,"Salesforce,Communication,HubSpot",Developer,Senior,,4.8,EMP160,2025-05-08,Blocked,0,2025-05-11,2025-05-22,,True,283,3,,,,,False,,False,0,,8.4,High,Critical,7.8,False,True,1,As needed,7.4,2025-03-17 08:35:46,2024-07-19 15:38:18
TSK1484,Impact assessment,Impact assessment for analysis phase of project PRJ052.,Analysis,PRJ052,Medium,Very Complex,39.9,33.6,1,"Content Marketing,Email Marketing",Analyst,Mid,,2.5,EMP004,2024-12-18,Not Started,70.5,2024-12-21,2025-01-04,,False,-3,2,,TSK1486,"TSK0411,TSK0982",,False,,False,0,,,High,Critical,11.5,False,True,5,As needed,3.5,2025-03-20 16:09:44,2024-12-14 16:21:30
TSK1485,Create wireframes,Create wireframes for design phase of project PRJ016.,Design,PRJ016,Low,Moderate,6.7,4.9,2,"Negotiation,HubSpot",Manager,Mid,AWS Certified,3.1,EMP003,,In Review,43.7,2024-07-15,2024-07-21,,True,588,5,TSK1132,,"TSK1477,TSK1893",,False,,False,0,,,Low,Low,28.5,False,False,5,As needed,2.9,2024-06-06 17:58:23,2025-08-20 12:59:27
TSK1486,Design critique,Design critique for meeting phase of project PRJ074.,Meeting,PRJ074,Critical,Moderate,12.4,,5,"A/B Testing,Email Marketing,Google Analytics",Developer,Senior,Scrum Master,2.9,EMP130,2025-04-11,Not Started,20.7,2025-04-12,2025-04-18,,False,-4,1,,"TSK1503,TSK1502","TSK1819,TSK0874",,True,,False,0,,,Low,Critical,49.3,False,True,2,Bi-weekly,3.1,2025-03-19 12:05:18,2025-05-11 16:11:14
TSK1487,Build REST API,Build REST API for development phase of project PRJ026.,Development,PRJ026,High,Moderate,7.6,10.3,5,Adobe Suite,Tester,Junior,PMP,4.8,EMP053,2024-07-17,Blocked,31.2,2024-07-22,2024-07-28,,True,581,2,,TSK1497,,,False,,True,1,,7.0,Low,Medium,34.6,False,True,1,Weekly,2.2,2025-04-02 17:06:51,2024-06-30 08:40:12
TSK1488,Build design system,Build design system for design phase of project PRJ013.,Design,PRJ013,Medium,Moderate,13.3,,5,"SQL,JavaScript",Analyst,Mid,,10,EMP175,2025-05-13,Blocked,33.8,2025-05-17,2025-05-21,,True,284,5,,,"TSK1006,TSK0339",,True,,False,0,,10,Medium,Medium,22.5,False,False,3,Weekly,0.6,2024-02-25 18:27:47,2025-03-20 16:50:28
TSK1489,Build REST API,Build REST API for development phase of project PRJ002.,Development,PRJ002,Low,Complex,21.7,,2,"Excel,VBA",Manager,Junior,,3.5,EMP167,2025-11-16,In Progress,99,2025-11-20,2025-11-29,,True,92,1,,TSK1507,,,False,,False,0,,7.0,Low,High,39.1,True,True,3,Daily,0.6,2024-10-08 09:14:04,2025-07-04 13:33:45
TSK1490,Competitor analysis,Competitor analysis for research phase of project PRJ016.,Research,PRJ016,Low,Moderate,5.3,6.2,1,"A/B Testing,Email Marketing",Manager,Junior,,6.3,EMP016,2025-05-04,In Progress,95.2,2025-05-09,2025-05-12,,True,293,2,,,"TSK0556,TSK0727",,False,,False,0,,,Medium,Low,26.1,True,True,3,As needed,1.1,2025-01-21 09:47:53,2025-01-31 12:56:28
TSK1491,Build REST API,Build REST API for development phase of project PRJ064.,Development,PRJ064,Medium,Simple,1.6,2.1,8,"Financial Modeling,SAP",Tester,Senior,,3.9,EMP198,2025-07-08,Completed,100.0,2025-07-09,2025-07-17,2025-07-17,False,-1,4,"TSK1223,TSK0354",,,,False,7.8,False,0,8.4,,Low,Critical,12.9,False,True,5,As needed,2.4,2025-04-06 12:11:41,2025-03-28 12:50:15
TSK1492,Performance report,Performance report for analysis phase of project PRJ041.,Analysis,PRJ041,High,Moderate,7.6,,8,"ERP,Lean Six Sigma",Designer,Junior,AWS Certified,3.6,EMP087,2024-02-26,Not Started,69.7,2024-02-28,2024-03-08,,False,-5,2,,,"TSK1744,TSK0565",,False,,False,0,,,Low,Medium,28.6,False,False,2,Bi-weekly,7.9,2024-10-31 17:22:12,2025-08-20 18:18:03
TSK1493,Create mockups,Create mockups for design phase of project PRJ097.,Design,PRJ097,Medium,Moderate,6.6,,8,VBA,Tester,Junior,,3.5,EMP103,2025-10-06,In Progress,40.5,2025-10-07,2025-10-11,,True,141,2,"TSK0289,TSK0847",TSK1510,"TSK0072,TSK0066",,False,,False,0,,,Medium,Critical,16.2,True,False,1,Weekly,1.0,2025-05-20 09:49:05,2024-09-28 15:41:00
TSK1494,Write API docs,Write API docs for documentation phase of project PRJ063.,Documentation,PRJ063,Critical,Complex,17.5,,13,Power BI,Developer,Mid,,7.3,EMP098,2025-05-21,In Progress,37.8,2025-05-22,2025-06-01,,True,273,5,"TSK0864,TSK0575",,"TSK1601,TSK1300",,True,,False,0,,8.8,Low,Medium,27.5,False,True,5,Bi-weekly,1.4,2024-03-08 16:19:55,2025-06-25 09:09:08
TSK1495,Design landing page,Design landing page for design phase of project PRJ075.,Design,PRJ075,Low,Moderate,7.6,8.9,5,Supply Chain,Developer,Senior,,2.7,EMP011,2024-10-16,In Review,61.1,2024-10-19,2024-10-22,,True,495,4,,,,,False,,False,0,,6.8,High,Critical,48.0,True,True,2,Daily,1.2,2025-04-10 08:29:38,2024-08-20 18:43:16
TSK1496,Update user guide,Update user guide for documentation phase of project PRJ090.,Documentation,PRJ090,Low,Complex,18.8,,2,"SEO,Content Marketing,Adobe Suite",Designer,Senior,,5.3,,2025-06-07,Blocked,68.7,2025-06-10,2025-06-16,,True,258,1,,,,,False,,False,0,,7.2,Medium,Low,49.9,True,False,3,Daily,9.3,2024-10-13 16:25:47,2025-02-12 08:50:09
TSK1497,Create mockups,Create mockups for design phase of project PRJ076.,Design,PRJ076,Medium,Moderate,4.7,,8,"Sketch,Adobe XD,User Research",Developer,Senior,,7.0,EMP079,2024-11-02,In Progress,35.1,2024-11-05,2024-11-15,,True,471,4,,"TSK1501,TSK1512",,,True,,False,0,,6.3,Low,High,19.1,False,True,4,Daily,4.4,2024-11-20 14:20:04,2025-09-15 11:41:59
TSK1498,Stakeholder review,Stakeholder review for meeting phase of project PRJ080.,Meeting,PRJ080,Critical,Very Complex,66.1,76.1,13,"Adobe Suite,Social Media,Email Marketing",Developer,Junior,Scrum Master,3.6,,2024-04-11,Not Started,31.0,2024-04-14,2024-05-01,,False,-3,2,,,"TSK0952,TSK1311",,True,,False,0,,,Medium,High,57.0,False,False,3,As needed,9.2,2025-04-15 16:24:40,2024-09-25 10:35:48
TSK1499,Feasibility study,Feasibility study for research phase of project PRJ001.,Research,PRJ001,Low,Moderate,12.9,,2,"Lean Six Sigma,Project Management",Manager,Junior,Scrum Master,4.4,EMP102,,In Progress,0,2024-10-08,2024-10-18,,True,499,4,TSK0851,,,,False,,False,0,,6.6,Low,Medium,11.7,False,True,2,As needed,8.9,2024-12-11 13:35:32,2024-12-21 18:30:55
TSK1500,Code review,Code review for development phase of project PRJ006.,Development,PRJ006,Medium,Complex,32.2,,8,Workday,Analyst,Junior,AWS Certified,5.8,,2025-10-05,In Review,99,2025-10-06,2025-10-20,,True,132,2,,,,,False,,False,0,,5.2,High,Low,55.0,False,False,4,Bi-weekly,4.3,2024-07-20 11:47:17,2025-06-15 17:32:43
TSK1501,Write integration tests,Write integration tests for testing phase of project PRJ006.,Testing,PRJ006,High,Moderate,13.3,12.4,2,GCP,Developer,Junior,Scrum Master,5.8,,2025-04-01,Completed,100.0,2025-04-02,2025-04-12,2025-04-10,False,-1,5,"TSK0940,TSK0780","TSK1511,TSK1502",,,False,6.5,True,3,6.8,6.9,High,Low,58.7,False,False,2,Weekly,3.0,2024-08-26 17:00:25,2026-01-01 13:46:55
TSK1502,Security audit,Security audit for testing phase of project PRJ081.,Testing,PRJ081,Low,Simple,1.1,0.9,2,Project Management,Developer,Senior,AWS Certified,6.2,EMP181,2024-11-16,Not Started,96.0,2024-11-17,2024-11-20,,False,-5,2,,,"TSK1591,TSK1739",TSK1148,False,,False,0,,8.1,High,Low,5,False,True,3,Weekly,7.2,2024-01-06 11:04:08,2025-02-19 11:33:30
TSK1503,Performance report,Performance report for analysis phase of project PRJ008.,Analysis,PRJ008,Low,Moderate,6.5,,13,"Supply Chain,ERP,Excel",Developer,Junior,,3.5,EMP055,2024-09-12,In Review,61.6,2024-09-13,2024-09-17,,True,530,5,,"TSK1517,TSK1510","TSK1445,TSK1375",,True,,False,0,,,Medium,High,23.8,False,True,2,As needed,7.6,2025-05-06 16:49:26,2025-02-25 13:53:07
TSK1504,Feasibility study,Feasibility study for research phase of project PRJ063.,Research,PRJ063,Critical,Moderate,12.9,,13,"Java,React,JavaScript",Manager,Senior,AWS Certified,5.4,EMP021,2023-12-30,In Review,40.2,2024-01-01,2024-01-12,,True,779,1,"TSK0372,TSK0471",TSK1506,,TSK0263,False,,False,0,,9.7,High,Medium,19.3,False,True,2,Weekly,2.0,2024-07-10 15:03:01,2025-07-01 14:09:39
TSK1505,Regression test suite,Regression test suite for testing phase of project PRJ025.,Testing,PRJ025,High,Moderate,6.0,,5,Lean Six Sigma,Manager,Junior,,1,EMP011,2024-07-07,In Review,88.6,2024-07-12,2024-07-19,,True,590,4,,,,,False,,False,0,,,High,Medium,40.2,False,True,4,Weekly,9.1,2024-03-04 16:39:46,2025-03-29 13:25:06
TSK1506,Stakeholder review,Stakeholder review for meeting phase of project PRJ020.,Meeting,PRJ020,High,Very Complex,72.7,,5,PostgreSQL,Tester,Junior,PMP,5.2,EMP175,2025-10-07,In Review,72.7,2025-10-09,2025-10-31,,True,121,5,,,,TSK0345,True,,False,0,,,High,Critical,5,False,True,2,Weekly,5.5,2024-04-07 14:27:12,2024-09-22 16:16:36
TSK1507,Release notes,Release notes for documentation phase of project PRJ030.,Documentation,PRJ030,Medium,Simple,2.1,2.7,13,"SAP HR,Employment Law",Developer,Junior,,3.5,EMP075,2024-04-12,Completed,100.0,2024-04-14,2024-04-23,2024-04-24,False,-4,4,"TSK0854,TSK0210",,"TSK0565,TSK1994",,False,6.2,False,0,8.2,6.4,Low,Medium,16.4,False,True,3,Bi-weekly,0.2,2024-11-13 09:49:20,2025-12-13 15:41:38
TSK1508,Root cause analysis,Root cause analysis for analysis phase of project PRJ004.,Analysis,PRJ004,High,Moderate,4.6,3.3,8,CRM,Analyst,Junior,,7.4,EMP059,2025-11-01,Completed,100.0,2025-11-03,2025-11-07,2025-11-08,False,0,3,,,"TSK0543,TSK1012",,False,8.2,True,2,8.3,7.2,High,Critical,5,False,True,4,Weekly,3.0,2024-07-17 09:43:18,2024-07-06 17:07:43
TSK1509,Sprint planning,Sprint planning for meeting phase of project PRJ057.,Meeting,PRJ057,Low,Moderate,9.3,11.5,8,"Salesforce,Excel",Analyst,Junior,Scrum Master,3.0,EMP063,2025-08-21,In Progress,0,2025-08-26,2025-09-03,,True,179,3,"TSK0755,TSK0539",,,,False,,True,3,,6.2,Medium,High,27.5,True,False,1,Bi-weekly,3.8,2025-03-27 09:31:41,2024-06-11 09:59:27
TSK1510,Performance testing,Performance testing for testing phase of project PRJ042.,Testing,PRJ042,Low,Complex,29.4,23.5,5,"Photoshop,Sketch",Developer,Junior,,4.4,EMP182,2025-09-05,In Review,99,2025-09-10,2025-09-16,,True,166,1,,,,,False,,True,2,,7.8,Medium,Low,28.8,False,True,1,As needed,8.2,2024-06-07 12:01:42,2025-01-10 08:21:44
TSK1511,Design critique,Design critique for meeting phase of project PRJ084.,Meeting,PRJ084,Medium,Moderate,10.6,13.9,8,Photoshop,Designer,Senior,AWS Certified,6.5,EMP145,2024-10-25,Completed,100.0,2024-10-28,2024-11-07,2024-11-11,False,-5,4,,,,,False,6.6,False,0,8.0,7.8,High,Critical,33.0,False,True,5,Bi-weekly,5.8,2024-05-06 17:31:45,2025-03-17 11:24:09
TSK1512,User research,User research for research phase of project PRJ013.,Research,PRJ013,High,Very Complex,102.3,84.1,5,"HubSpot,Negotiation,Salesforce",Developer,Mid,PMP,7.6,EMP118,2025-07-11,Completed,100.0,2025-07-15,2025-08-06,2025-08-07,False,-2,1,"TSK1305,TSK0020",,"TSK0924,TSK0208",TSK0566,False,5.8,False,0,5.7,6.5,Low,Critical,72.6,True,True,2,Weekly,1.8,2024-09-19 11:08:10,2025-09-16 09:57:04
TSK1513,Test automation,Test automation for testing phase of project PRJ017.,Testing,PRJ017,Medium,Complex,38.2,28.6,8,Email Marketing,Designer,Senior,,7.0,EMP010,2025-07-18,Blocked,2.6,2025-07-19,2025-07-28,,True,216,5,,,,,True,,False,0,,8.2,Medium,Medium,58.3,False,True,2,Weekly,3.0,2025-01-17 16:59:00,2026-01-08 14:45:39
TSK1514,Technology evaluation,Technology evaluation for research phase of project PRJ031.,Research,PRJ031,Low,Moderate,8.8,8.4,8,PostgreSQL,Manager,Mid,,7.3,EMP132,2024-07-23,Completed,100.0,2024-07-24,2024-08-03,2024-08-03,False,-2,4,TSK0750,,"TSK0152,TSK1346",,False,7.6,False,0,7.0,7.9,Low,High,39.0,False,False,3,Daily,3.2,2024-01-11 14:05:57,2024-11-29 18:43:21
TSK1515,Icon set design,Icon set design for design phase of project PRJ008.,Design,PRJ008,Medium,Simple,2.3,2.0,3,"Sketch,Figma,User Research",Developer,Senior,Scrum Master,3.8,EMP076,2024-05-04,Blocked,5.9,2024-05-07,2024-05-11,,True,659,1,,,,,False,,False,0,,7.7,Low,Medium,58.5,False,True,1,As needed,9.2,2024-08-25 15:48:45,2024-09-15 12:41:16
TSK1516,Team retrospective,Team retrospective for meeting phase of project PRJ024.,Meeting,PRJ024,High,Moderate,4.3,,13,"ERP,Power BI,Supply Chain",Developer,Senior,,5.2,EMP108,2024-02-26,Not Started,0,2024-02-29,2024-03-04,,False,-1,5,,,,,False,,False,0,,,High,Critical,11.3,False,False,4,As needed,3.7,2024-01-04 18:57:33,2024-07-05 08:58:17
TSK1517,Design landing page,Design landing page for design phase of project PRJ066.,Design,PRJ066,Medium,Moderate,8.9,,8,"Excel,ERP",Designer,Junior,Scrum Master,3.9,EMP012,2025-03-15,Blocked,52.9,2025-03-16,2025-03-19,,True,347,3,,,,,False,,False,0,,6.4,Medium,Critical,26.0,False,False,3,As needed,2.6,2025-02-09 08:44:54,2025-07-10 10:58:20
TSK1518,Architecture review,Architecture review for meeting phase of project PRJ086.,Meeting,PRJ086,Critical,Simple,2.6,,8,"Negotiation,HubSpot",Manager,Junior,,6.0,EMP155,2025-11-11,In Progress,58.4,2025-11-16,2025-11-25,,True,96,3,,,"TSK0734,TSK0423",,False,,True,1,,9.7,High,Medium,57.7,False,True,5,As needed,6.6,2024-04-25 10:22:56,2024-10-02 18:45:05
TSK1519,Build design system,Build design system for design phase of project PRJ030.,Design,PRJ030,High,Moderate,9.7,13.5,13,"Recruiting,Workday,SAP HR",Developer,Junior,,2.9,EMP079,2025-08-09,Completed,100.0,2025-08-10,2025-08-17,2025-08-19,False,-1,1,"TSK0029,TSK0070",,,TSK0181,False,8.0,True,3,8.7,8.3,Low,Critical,32.9,False,False,2,As needed,1.2,2024-06-07 14:16:03,2025-02-26 08:28:37
TSK1520,Write API docs,Write API docs for documentation phase of project PRJ022.,Documentation,PRJ022,High,Very Complex,86.9,,5,Communication,Tester,Junior,,5.7,EMP107,2025-11-09,In Progress,30.2,2025-11-10,2025-11-26,,True,95,4,,,,,False,,False,0,,6.2,High,Low,41.5,False,False,5,As needed,9.1,2025-04-12 18:05:13,2025-03-22 17:48:23
TSK1521,Write integration tests,Write integration tests for testing phase of project PRJ019.,Testing,PRJ019,Low,Complex,47.6,47.8,2,Content Marketing,Analyst,Mid,,3.5,EMP072,2024-11-25,Completed,100.0,2024-11-30,2024-12-09,2024-12-14,False,-3,1,"TSK1270,TSK0426",,"TSK1599,TSK0231",,False,6.5,False,0,9.8,6.7,High,Low,45.4,False,True,5,Daily,2.9,2025-04-16 09:00:26,2026-01-23 13:45:53
TSK1522,Competitor analysis,Competitor analysis for research phase of project PRJ024.,Research,PRJ024,Medium,Very Complex,99.7,97.3,8,"Conflict Resolution,Recruiting",Analyst,Senior,,4.0,EMP061,2025-08-17,In Review,62.8,2025-08-20,2025-09-09,,True,173,4,,"TSK1536,TSK1524","TSK1199,TSK1289",TSK0630,False,,True,1,,,Low,Low,41.4,False,True,2,As needed,3.9,2024-10-09 08:51:52,2025-10-06 12:07:39
TSK1523,Team retrospective,Team retrospective for meeting phase of project PRJ085.,Meeting,PRJ085,High,Simple,3.7,4.8,2,SQL,Developer,Senior,Scrum Master,5.2,EMP138,2024-09-05,Completed,100.0,2024-09-07,2024-09-10,2024-09-12,False,-2,5,TSK0263,,,,False,8.5,False,0,5.5,7.2,Medium,Critical,23.0,False,True,5,Bi-weekly,8.2,2024-02-26 14:38:48,2025-06-06 11:00:09
TSK1524,Add unit tests,Add unit tests for development phase of project PRJ082.,Development,PRJ082,Medium,Simple,2.0,1.7,1,"Negotiation,HubSpot",Developer,Senior,AWS Certified,5.3,EMP127,2025-06-05,Not Started,72.4,2025-06-09,2025-06-16,,False,-1,1,,,,TSK0749,False,,True,2,,7.3,Low,Low,5,True,True,4,Daily,4.0,2024-01-19 11:09:56,2025-03-02 16:29:40
TSK1525,Kickoff meeting,Kickoff meeting for meeting phase of project PRJ089.,Meeting,PRJ089,Low,Moderate,4.5,,2,"MongoDB,Node.js,Docker",Developer,Mid,,7.4,EMP131,2025-03-12,Not Started,50.6,2025-03-16,2025-03-19,,False,-2,4,,"TSK1533,TSK1526","TSK0286,TSK0919",,True,,False,0,,7.5,High,Critical,47.2,False,True,3,Bi-weekly,1.0,2024-05-17 10:46:17,2025-03-17 17:17:59
TSK1526,Write API docs,Write API docs for documentation phase of project PRJ089.,Documentation,PRJ089,Medium,Simple,3.9,,2,"SQL,Kubernetes,GCP",Designer,Mid,,3.5,EMP184,2025-04-07,Blocked,68.3,2025-04-08,2025-04-14,,True,321,3,,,,,False,,False,0,,4.9,Low,Critical,44.2,False,True,4,Bi-weekly,4.6,2024-02-07 08:28:45,2024-08-29 18:52:50
TSK1527,Impact assessment,Impact assessment for analysis phase of project PRJ021.,Analysis,PRJ021,High,Moderate,4.8,,13,"HubSpot,Negotiation",Analyst,Mid,,5.9,EMP025,2024-06-02,In Progress,41.5,2024-06-03,2024-06-10,,True,629,3,"TSK0926,TSK0170",,"TSK1638,TSK0079",,False,,False,0,,6.6,Low,Critical,52.6,False,True,4,Weekly,5.6,2024-02-10 14:06:24,2024-12-28 10:45:50
TSK1528,Team retrospective,Team retrospective for meeting phase of project PRJ065.,Meeting,PRJ065,High,Simple,3.6,3.6,5,"JavaScript,TypeScript",Developer,Senior,,6.0,EMP005,2025-05-19,Completed,100.0,2025-05-23,2025-05-27,2025-05-30,False,-3,5,,,,,True,8.5,False,0,7.7,9.7,Medium,Critical,25.6,False,True,3,As needed,3.4,2024-09-23 18:24:28,2025-06-28 13:52:21
TSK1529,Refactor database layer,Refactor database layer for development phase of project PRJ045.,Development,PRJ045,High,Simple,3.1,2.6,13,"SAP HR,Recruiting",Analyst,Senior,,2.9,EMP033,2025-05-01,In Progress,14.1,2025-05-04,2025-05-10,,True,295,5,,"TSK1547,TSK1548","TSK1830,TSK0370",,True,,True,1,,9.5,Low,Low,11.6,False,True,5,Weekly,2.4,2024-12-31 13:04:14,2025-05-31 11:11:29
TSK1530,Performance testing,Performance testing for testing phase of project PRJ076.,Testing,PRJ076,Low,Moderate,12.0,,8,"Adobe XD,Prototyping",Manager,Mid,,7.6,EMP017,2024-03-02,Blocked,69.7,2024-03-04,2024-03-15,,True,716,5,,,,,True,,False,0,,,Low,High,19.4,False,True,2,Weekly,8.1,2025-01-05 16:03:54,2024-12-12 17:45:31
TSK1531,Design landing page,Design landing page for design phase of project PRJ062.,Design,PRJ062,Medium,Complex,44.1,,1,"Workday,Conflict Resolution,Recruiting",Manager,Mid,Scrum Master,8.9,EMP024,2024-10-26,In Progress,20.3,2024-10-29,2024-11-12,,True,474,4,,,,,False,,True,2,,7.3,Medium,Low,30.9,True,False,5,Daily,4.4,2024-11-16 15:58:40,2025-12-13 15:09:13
TSK1532,Code review,Code review for development phase of project PRJ059.,Development,PRJ059,Critical,Moderate,11.9,,13,SAP HR,Analyst,Junior,PMP,1.5,EMP049,2024-12-22,Blocked,12.2,2024-12-25,2024-12-29,,True,427,2,"TSK1293,TSK0913",,"TSK1106,TSK0027",,False,,True,1,,8.5,Medium,High,19.0,True,True,1,Weekly,5.3,2024-11-05 16:28:06,2025-07-05 12:19:22
TSK1533,Feasibility study,Feasibility study for research phase of project PRJ087.,Research,PRJ087,High,Complex,43.0,,8,"Sketch,Photoshop",Designer,Mid,,4.1,EMP120,2024-09-04,Not Started,40.0,2024-09-07,2024-09-17,,False,-5,4,,,"TSK0057,TSK1989",,False,,False,0,,,High,Critical,5,True,False,3,Weekly,4.6,2025-01-26 17:23:37,2025-04-28 11:46:52
TSK1534,Load testing,Load testing for testing phase of project PRJ084.,Testing,PRJ084,High,Simple,3.3,,5,"MongoDB,TypeScript,FastAPI",Tester,Mid,Scrum Master,6.2,,2025-10-14,In Review,52.2,2025-10-16,2025-10-20,,True,132,1,,,,,False,,False,0,,,High,High,8.6,True,False,3,Weekly,7.7,2025-04-14 10:17:13,2025-10-02 09:42:18
TSK1535,Fix critical bug,Fix critical bug for development phase of project PRJ066.,Development,PRJ066,Low,Moderate,8.9,7.7,1,AWS,Analyst,Mid,PMP,4.8,EMP076,2025-07-15,Completed,100.0,2025-07-19,2025-07-24,2025-07-19,False,-3,5,,,"TSK1625,TSK0195",,False,8.0,False,0,7.9,7.9,Medium,High,32.1,False,False,4,Weekly,8.6,2025-01-24 16:05:04,2024-09-10 08:18:04
TSK1536,Load testing,Load testing for testing phase of project PRJ044.,Testing,PRJ044,High,Moderate,7.7,7.6,3,Bloomberg,Tester,Senior,,8.1,,2025-03-18,Not Started,51.1,2025-03-21,2025-03-27,,False,0,3,,,,,True,,False,0,,8.4,Low,High,38.6,False,False,2,Weekly,4.3,2025-01-08 10:34:41,2024-11-22 14:18:55
TSK1537,Update user guide,Update user guide for documentation phase of project PRJ014.,Documentation,PRJ014,Medium,Simple,3.5,3.0,13,"Prototyping,Sketch",Tester,Mid,Scrum Master,4.2,EMP081,2025-10-06,In Review,33.6,2025-10-07,2025-10-13,,True,139,5,"TSK0779,TSK0733",,,,True,,True,1,,5.5,Low,Low,35.7,False,True,3,Bi-weekly,6.9,2025-03-04 12:04:29,2025-01-28 09:17:06
TSK1538,Data analysis,Data analysis for analysis phase of project PRJ008.,Analysis,PRJ008,Medium,Moderate,11.8,,2,"Sketch,Adobe XD,User Research",Analyst,Senior,,7.0,EMP065,2024-04-07,Blocked,65.7,2024-04-10,2024-04-21,,True,679,5,,,,,False,,False,0,,7.2,Medium,Low,45.0,False,False,5,Weekly,2.0,2024-10-25 13:28:27,2024-09-29 09:03:09
TSK1539,Build design system,Build design system for design phase of project PRJ046.,Design,PRJ046,Low,Moderate,7.3,,8,"User Research,Adobe XD,Prototyping",Designer,Mid,PMP,5.3,EMP124,2024-06-19,In Review,50.9,2024-06-20,2024-06-29,,True,610,5,,,,,False,,True,1,,,Medium,Medium,37.4,True,True,4,Weekly,7.5,2024-03-29 16:54:23,2025-05-11 14:36:21
TSK1540,Impact assessment,Impact assessment for analysis phase of project PRJ040.,Analysis,PRJ040,Medium,Complex,39.7,,5,Recruiting,Tester,Mid,,5.8,EMP129,2024-09-30,In Review,20.9,2024-10-05,2024-10-15,,True,502,2,,,,,False,,True,1,,,Low,Low,53.4,False,True,2,Daily,3.8,2024-12-28 11:49:36,2024-07-12 16:12:03
TSK1541,Create wireframes,Create wireframes for design phase of project PRJ021.,Design,PRJ021,Medium,Very Complex,91.9,,13,Lean Six Sigma,Tester,Mid,,1.7,EMP185,,Blocked,36.4,2024-07-26,2024-08-13,,True,565,2,,,"TSK1945,TSK0627",TSK1341,False,,False,0,,,High,Medium,35.2,False,True,3,Daily,9.9,2024-05-18 18:55:30,2024-06-26 12:15:48
TSK1542,Root cause analysis,Root cause analysis for analysis phase of project PRJ077.,Analysis,PRJ077,Low,Moderate,14.7,,5,Docker,Tester,Junior,,7.7,EMP137,2024-04-12,Not Started,0,2024-04-15,2024-04-20,,False,-2,1,,,,,False,,False,0,,,High,High,13.2,False,True,4,Weekly,9.5,2025-04-13 14:49:01,2024-09-02 15:39:54
TSK1543,Load testing,Load testing for testing phase of project PRJ032.,Testing,PRJ032,Medium,Complex,39.8,42.8,13,Figma,Designer,Mid,,5.7,EMP153,2024-09-28,Completed,100.0,2024-10-01,2024-10-17,2024-10-12,False,-4,5,,,,TSK0867,False,8.1,False,0,6.7,10.0,High,Low,17.2,False,True,5,Daily,8.9,2024-06-06 16:29:53,2024-06-21 08:55:44
TSK1544,User research,User research for research phase of project PRJ051.,Research,PRJ051,Low,Moderate,15.1,12.5,5,"Risk Analysis,Bloomberg",Designer,Junior,,5.3,EMP042,2025-09-03,Completed,100.0,2025-09-06,2025-09-12,2025-09-09,False,-3,4,TSK1220,,"TSK0058,TSK1814",,False,7.1,False,0,6.5,7.7,Low,Medium,43.2,False,True,1,Bi-weekly,9.8,2024-02-20 14:31:22,2024-11-19 08:53:07
TSK1545,Architecture review,Architecture review for meeting phase of project PRJ068.,Meeting,PRJ068,Medium,Simple,1.4,1.3,2,"Sketch,Adobe XD",Manager,Mid,PMP,4.3,EMP101,2024-11-19,In Review,30.8,2024-11-22,2024-11-28,,True,458,3,,,"TSK1137,TSK0045",TSK0037,False,,False,0,,,Medium,High,31.6,False,True,2,Bi-weekly,1.8,2024-04-04 13:34:37,2026-02-13 16:12:43
TSK1546,Icon set design,Icon set design for design phase of project PRJ019.,Design,PRJ019,Medium,Simple,1.8,1.5,13,"Sketch,Figma,Photoshop",Analyst,Mid,,3.2,EMP120,2025-02-06,Completed,100.0,2025-02-10,2025-02-13,2025-02-09,False,-5,4,,,,,False,7.2,False,0,6.6,8.8,High,Critical,8.7,False,True,2,Bi-weekly,1.9,2024-02-09 13:12:54,2024-12-25 12:13:09
TSK1547,Feasibility study,Feasibility study for research phase of project PRJ044.,Research,PRJ044,High,Moderate,6.2,6.5,5,"Bloomberg,Excel,SAP",Developer,Senior,PMP,1.5,EMP013,2024-12-20,Completed,100.0,2024-12-25,2024-12-28,2024-12-31,False,-5,5,,,,,False,5.2,False,0,8.9,7.5,High,Medium,6.5,False,False,2,Weekly,4.9,2024-02-09 08:01:09,2025-10-15 11:46:56
TSK1548,User research,User research for research phase of project PRJ029.,Research,PRJ029,High,Complex,45.5,53.8,13,"QuickBooks,Bloomberg,VBA",Manager,Mid,Scrum Master,7.1,EMP119,2025-08-13,In Review,37.8,2025-08-16,2025-08-29,,True,184,3,,,"TSK0919,TSK1723",,False,,False,0,,9.0,Low,Medium,25.1,False,True,5,As needed,7.2,2025-04-14 09:11:09,2024-12-16 15:14:36
TSK1549,Icon set design,Icon set design for design phase of project PRJ021.,Design,PRJ021,Low,Complex,28.8,20.6,5,"Project Management,Lean Six Sigma,Power BI",Analyst,Junior,,4.2,EMP011,2025-04-27,In Review,66.9,2025-05-02,2025-05-08,,True,297,2,,TSK1563,"TSK1812,TSK0407",,False,,False,0,,7.7,High,Low,37.9,True,False,2,Bi-weekly,8.7,2024-05-30 15:47:50,2025-02-22 14:35:06
TSK1550,User research,User research for research phase of project PRJ020.,Research,PRJ020,Low,Moderate,10.0,,2,"SEO,Google Analytics",Developer,Senior,,5.0,EMP044,2025-05-03,In Progress,34.5,2025-05-08,2025-05-12,,True,293,3,TSK0935,,"TSK2000,TSK1193",,False,,False,0,,7.5,High,High,35.0,True,True,3,Weekly,2.3,2025-03-13 13:34:26,2025-03-04 15:59:02
TSK1551,KPI review,KPI review for analysis phase of project PRJ023.,Analysis,PRJ023,Medium,Simple,2.3,,3,QuickBooks,Manager,Junior,,5.0,EMP178,2024-09-24,Not Started,69.2,2024-09-29,2024-10-04,,False,-3,4,,,"TSK1157,TSK0134",TSK0891,False,,False,0,,8.1,Medium,Low,61.5,True,True,4,Weekly,5.9,2025-03-16 17:54:41,2025-02-18 18:14:41
TSK1552,Update user guide,Update user guide for documentation phase of project PRJ025.,Documentation,PRJ025,Medium,Simple,1.5,1.2,3,Content Marketing,Tester,Mid,PMP,6.1,EMP057,2025-06-25,In Review,3.9,2025-06-29,2025-07-05,,True,239,1,,,"TSK1779,TSK0840",,False,,False,0,,,Low,Critical,35.5,False,False,2,Daily,6.1,2024-05-28 11:49:49,2024-12-07 14:31:53
TSK1553,Feasibility study,Feasibility study for research phase of project PRJ023.,Research,PRJ023,Low,Complex,43.2,,3,"VBA,Excel,Bloomberg",Designer,Mid,,4.0,EMP111,2024-06-19,In Progress,11.7,2024-06-20,2024-06-29,,True,610,4,TSK0156,TSK1555,"TSK1812,TSK1317",,False,,False,0,,8.8,Low,Critical,43.3,False,False,2,Weekly,4.5,2024-02-24 08:47:11,2025-07-19 09:27:27
TSK1554,Process documentation,Process documentation for documentation phase of project PRJ045.,Documentation,PRJ045,Medium,Moderate,6.2,,5,"React,Python",Manager,Senior,PMP,6.9,EMP095,2024-09-21,In Review,1.7,2024-09-22,2024-10-01,,True,516,1,,,,,False,,False,0,,8.7,Medium,Critical,55.7,False,False,1,Bi-weekly,3.6,2024-06-20 12:04:52,2025-03-03 18:37:07
TSK1555,Kickoff meeting,Kickoff meeting for meeting phase of project PRJ093.,Meeting,PRJ093,Low,Moderate,4.3,,8,"TypeScript,Node.js,SQL",Tester,Junior,AWS Certified,5.1,EMP187,2024-01-21,In Review,64.3,2024-01-23,2024-01-29,,True,762,1,,,,,False,,False,0,,7.3,Medium,Critical,8.2,True,True,1,As needed,2.7,2024-11-14 10:33:09,2025-02-10 17:51:27
TSK1556,Build design system,Build design system for design phase of project PRJ076.,Design,PRJ076,Low,Complex,43.8,61.2,3,"Communication,Salesforce",Designer,Mid,Scrum Master,4.8,EMP123,2025-05-28,Blocked,0,2025-05-31,2025-06-17,,True,257,4,,,"TSK1701,TSK1851",TSK0701,False,,False,0,,9.2,High,Critical,11.8,False,False,4,Bi-weekly,5.6,2024-09-20 08:35:14,2025-02-26 09:22:32
TSK1557,Design critique,Design critique for meeting phase of project PRJ044.,Meeting,PRJ044,Medium,Moderate,8.7,,13,"Excel,SAP",Tester,Mid,,5.8,EMP027,2025-10-07,Not Started,43.0,2025-10-10,2025-10-16,,False,-1,4,,,,TSK0846,True,,False,0,,8.7,High,Critical,5,True,False,2,Weekly,8.0,2024-01-14 13:02:33,2025-02-11 11:20:01
TSK1558,Regression test suite,Regression test suite for testing phase of project PRJ022.,Testing,PRJ022,Medium,Complex,40.4,46.1,5,"Negotiation,HubSpot,Salesforce",Designer,Mid,PMP,6.0,EMP159,2025-02-06,In Progress,47.8,2025-02-09,2025-02-25,,True,369,2,,,"TSK1988,TSK1605",,True,,False,0,,6.3,Medium,Low,39.4,False,True,1,Bi-weekly,2.4,2024-05-14 08:16:10,2025-04-16 17:48:57
TSK1559,Metrics dashboard,Metrics dashboard for analysis phase of project PRJ029.,Analysis,PRJ029,Critical,Complex,42.9,45.9,2,"SQL,Go,Docker",Analyst,Mid,,1.5,EMP097,2025-11-04,Completed,100.0,2025-11-07,2025-11-24,2025-11-21,False,-5,3,,,"TSK1087,TSK0355",,False,5.8,False,0,8.1,10,High,Critical,23.4,False,False,2,Daily,0.9,2024-07-12 16:19:43,2025-02-18 08:57:59
TSK1560,Performance testing,Performance testing for testing phase of project PRJ058.,Testing,PRJ058,High,Complex,37.5,,2,Google Analytics,Tester,Junior,,1,EMP081,2024-11-11,In Review,19.9,2024-11-16,2024-11-30,,True,456,4,,,,,True,,False,0,,8.7,High,High,20.3,False,True,5,Daily,7.5,2024-03-09 16:35:45,2025-09-28 10:08:13
TSK1561,Kickoff meeting,Kickoff meeting for meeting phase of project PRJ081.,Meeting,PRJ081,Medium,Simple,1.1,,5,Lean Six Sigma,Designer,Junior,,4.2,EMP026,2024-09-03,In Progress,7.8,2024-09-07,2024-09-11,,True,536,5,,,,,False,,False,0,,6.4,High,Medium,24.4,False,True,4,As needed,5.5,2025-04-10 17:27:54,2025-08-05 09:07:15
TSK1562,Implement authentication module,Implement authentication module for development phase of project PRJ013.,Development,PRJ013,High,Moderate,7.5,,8,"Sketch,Prototyping",Developer,Mid,Scrum Master,5.6,EMP102,2025-03-01,Not Started,30.7,2025-03-02,2025-03-13,,False,-2,5,,,"TSK1971,TSK1164",,False,,False,0,,7.8,High,High,55.3,False,False,3,Bi-weekly,4.5,2024-12-05 16:25:46,2024-10-27 09:33:31
TSK1563,Performance testing,Performance testing for testing phase of project PRJ037.,Testing,PRJ037,High,Simple,2.3,2.4,13,Python,Developer,Mid,AWS Certified,2.8,EMP117,2024-06-04,In Review,46.7,2024-06-06,2024-06-12,,True,627,3,,TSK1569,,,False,,True,3,,8.9,High,Critical,42.5,False,True,2,As needed,7.2,2024-01-09 08:12:49,2024-10-07 08:24:25
TSK1564,Icon set design,Icon set design for design phase of project PRJ010.,Design,PRJ010,High,Complex,41.1,51.8,5,"React,Java",Designer,Mid,,3.9,EMP033,2024-04-24,Completed,100.0,2024-04-26,2024-05-06,2024-05-04,False,-3,2,,,"TSK1780,TSK1080",,False,8.6,False,0,9.5,6.1,High,Medium,58.7,True,True,4,Weekly,9.4,2024-02-22 08:01:52,2024-09-10 17:01:36
TSK1565,Create wireframes,Create wireframes for design phase of project PRJ072.,Design,PRJ072,Medium,Complex,36.3,41.4,8,"Conflict Resolution,HRIS,Training",Developer,Mid,,2.7,EMP033,2025-04-16,Not Started,27.8,2025-04-20,2025-05-01,,False,0,2,,,,TSK0276,False,,True,3,,5.1,Low,Critical,18.6,False,True,4,Bi-weekly,3.7,2024-02-06 12:56:19,2025-07-08 10:11:57
TSK1566,KPI review,KPI review for analysis phase of project PRJ002.,Analysis,PRJ002,High,Simple,2.8,2.6,13,Risk Analysis,Designer,Senior,Scrum Master,5.2,EMP150,2024-09-04,Blocked,21.2,2024-09-08,2024-09-18,,True,529,1,,,"TSK1968,TSK1972",,False,,True,1,,,Low,Critical,5,False,False,1,Weekly,6.8,2024-11-30 16:45:47,2025-06-05 08:43:03
TSK1567,Add unit tests,Add unit tests for development phase of project PRJ088.,Development,PRJ088,High,Moderate,12.7,17.2,13,Bloomberg,Analyst,Mid,,7.9,EMP118,2025-08-17,In Progress,41.3,2025-08-20,2025-08-24,,True,189,4,,,"TSK0542,TSK1272",,False,,False,0,,,Medium,High,20.4,False,False,3,Weekly,5.6,2024-06-08 09:27:46,2025-10-15 10:08:56
TSK1568,Design critique,Design critique for meeting phase of project PRJ096.,Meeting,PRJ096,Medium,Simple,3.4,3.5,3,"Email Marketing,SEO,A/B Testing",Manager,Mid,,5.0,EMP164,2025-01-02,Blocked,44.7,2025-01-04,2025-01-13,,True,412,2,TSK0833,,,,True,,False,0,,,High,Medium,5,True,True,1,Weekly,0.3,2024-04-04 10:49:04,2025-05-31 13:59:02
TSK1569,Code review,Code review for development phase of project PRJ015.,Development,PRJ015,Medium,Complex,43.1,40.0,13,"Google Analytics,Social Media,Content Marketing",Tester,Mid,AWS Certified,5.3,EMP068,2025-03-10,In Progress,80.6,2025-03-15,2025-03-30,,True,336,3,,,,,False,,False,0,,5.6,Medium,Critical,27.7,False,True,3,As needed,1.3,2025-04-02 15:09:53,2024-06-01 16:43:03
TSK1570,Requirements gathering,Requirements gathering for research phase of project PRJ083.,Research,PRJ083,Medium,Moderate,13.6,,5,VBA,Manager,Senior,AWS Certified,4.8,EMP102,2025-07-11,In Review,0,2025-07-13,2025-07-18,,True,226,1,,,,,False,,False,0,,6.6,High,Low,5,False,True,3,Weekly,3.7,2025-05-01 12:07:39,2024-12-05 10:56:50
TSK1571,Metrics dashboard,Metrics dashboard for analysis phase of project PRJ075.,Analysis,PRJ075,Low,Simple,1.8,1.4,13,"Lean Six Sigma,ERP",Developer,Junior,Scrum Master,3.8,EMP143,,Completed,100.0,2025-07-03,2025-07-12,2025-07-14,False,-3,5,,,,TSK0007,False,7.9,True,1,7.2,7.6,Medium,Low,39.6,False,False,1,As needed,1.3,2024-07-02 16:33:13,2024-10-20 10:41:37
TSK1572,Update user guide,Update user guide for documentation phase of project PRJ032.,Documentation,PRJ032,High,Moderate,4.9,,2,Employment Law,Analyst,Mid,,2.2,EMP083,,In Progress,72.5,2024-07-28,2024-07-31,,True,578,5,,,,,True,,False,0,,,High,High,5,False,False,4,Daily,3.3,2025-01-14 13:50:12,2025-04-20 09:47:15
TSK1573,Test automation,Test automation for testing phase of project PRJ087.,Testing,PRJ087,High,Simple,3.6,3.5,3,"Conflict Resolution,Employment Law",Developer,Senior,,6.7,EMP066,2025-06-13,Completed,100.0,2025-06-16,2025-06-26,2025-06-30,False,-1,5,,,,,False,7.0,True,2,6.4,5.0,Low,High,55.8,True,True,3,Weekly,0.9,2024-04-29 16:40:34,2025-04-28 09:33:09
TSK1574,Refactor database layer,Refactor database layer for development phase of project PRJ095.,Development,PRJ095,High,Moderate,5.8,4.3,8,Excel,Tester,Mid,,1.8,EMP113,2025-08-21,Not Started,50.0,2025-08-25,2025-09-04,,False,-1,4,,,"TSK0988,TSK0255",,False,,False,0,,,High,Low,18.8,False,True,2,Weekly,8.8,2024-02-06 10:36:07,2024-12-16 18:39:14
TSK1575,Kickoff meeting,Kickoff meeting for meeting phase of project PRJ088.,Meeting,PRJ088,Low,Complex,19.8,,2,Kubernetes,Tester,Mid,,7.2,,2024-10-29,In Progress,58.9,2024-10-31,2024-11-11,,True,475,4,,,,TSK0526,False,,False,0,,7.2,Medium,Low,5,True,True,3,Weekly,5.4,2024-04-24 09:59:14,2025-05-28 17:07:40
TSK1576,Technology evaluation,Technology evaluation for research phase of project PRJ014.,Research,PRJ014,Low,Complex,24.5,33.0,5,SEO,Manager,Senior,Scrum Master,6.3,EMP117,2024-10-19,Not Started,77.5,2024-10-23,2024-11-06,,False,-3,2,,,,,False,,False,0,,7.1,High,Low,58.9,False,True,3,Bi-weekly,8.0,2024-01-23 10:32:41,2024-10-12 12:02:46
TSK1577,Impact assessment,Impact assessment for analysis phase of project PRJ082.,Analysis,PRJ082,Low,Complex,13.2,,2,"Project Management,ERP,Supply Chain",Analyst,Junior,Scrum Master,4.1,EMP147,2025-04-18,Blocked,46.0,2025-04-21,2025-04-25,,True,310,2,,,"TSK1979,TSK1321",,False,,False,0,,6.9,Medium,High,12.5,False,True,3,Bi-weekly,7.7,2024-12-15 16:52:41,2024-09-29 12:58:39
TSK1578,Data analysis,Data analysis for analysis phase of project PRJ009.,Analysis,PRJ009,High,Complex,34.9,,13,"Prospecting,CRM",Developer,Mid,,5.2,EMP100,2025-05-08,In Review,36.6,2025-05-11,2025-05-23,,True,282,5,,,"TSK0367,TSK1988",,False,,False,0,,,High,High,38.6,True,True,1,Weekly,9.8,2024-05-26 15:34:14,2024-09-15 09:24:36
TSK1579,UAT coordination,UAT coordination for testing phase of project PRJ019.,Testing,PRJ019,Medium,Moderate,12.5,13.7,13,Conflict Resolution,Analyst,Senior,,5.7,EMP016,2024-02-21,In Progress,99,2024-02-26,2024-03-01,,True,730,2,TSK0360,"TSK1590,TSK1598","TSK1563,TSK0495",,False,,False,0,,,Low,Critical,36.7,False,True,4,Bi-weekly,2.5,2024-02-08 14:41:06,2024-12-17 12:53:07
TSK1580,Metrics dashboard,Metrics dashboard for analysis phase of project PRJ078.,Analysis,PRJ078,Low,Moderate,6.3,,8,"Django,AWS",Developer,Senior,,2.2,EMP093,2024-12-11,Blocked,47.4,2024-12-12,2024-12-15,,True,441,2,,,"TSK0155,TSK0303",,False,,False,0,,,High,Critical,72.2,True,True,4,Weekly,3.8,2024-07-07 15:17:11,2024-10-20 13:35:20
TSK1581,Build design system,Build design system for design phase of project PRJ074.,Design,PRJ074,Medium,Complex,12.9,14.2,5,"User Research,Sketch",Designer,Senior,,3.5,EMP162,2025-11-27,Blocked,0,2025-11-28,2025-12-07,,True,84,3,"TSK0186,TSK0138",,"TSK0576,TSK0605",TSK0869,False,,False,0,,,Medium,Low,17.5,False,False,5,Bi-weekly,8.6,2024-06-11 17:49:34,2024-06-07 15:05:31
TSK1582,Update user guide,Update user guide for documentation phase of project PRJ055.,Documentation,PRJ055,High,Simple,1.2,,8,"Prototyping,Sketch",Manager,Mid,,3.6,EMP184,2025-04-25,Not Started,86.4,2025-04-29,2025-05-09,,False,0,4,"TSK0060,TSK1180",,"TSK1639,TSK1632",TSK0674,True,,False,0,,8.1,Low,Critical,37.2,True,False,3,Bi-weekly,0.3,2025-04-07 17:45:23,2025-06-06 17:33:52
TSK1583,Architecture review,Architecture review for meeting phase of project PRJ095.,Meeting,PRJ095,High,Simple,4.0,2.9,1,Adobe XD,Manager,Senior,AWS Certified,8.3,EMP094,2024-03-10,Completed,100.0,2024-03-11,2024-03-13,2024-03-12,False,-4,3,,,,,False,8.1,False,0,7.4,9.3,High,Critical,50.6,False,False,2,Weekly,0.2,2024-01-17 10:46:17,2024-11-07 14:40:50
TSK1584,Data analysis,Data analysis for analysis phase of project PRJ090.,Analysis,PRJ090,Medium,Moderate,14.9,11.2,8,"Prototyping,Adobe XD,Figma",Tester,Junior,Scrum Master,5.7,EMP062,2024-10-09,Completed,100.0,2024-10-12,2024-10-23,2024-10-19,False,0,4,,TSK1595,"TSK1882,TSK1806",,False,7.7,False,0,8.5,,High,Medium,44.2,False,True,2,Daily,7.7,2024-01-06 08:42:48,2025-05-15 16:01:37
TSK1585,Create onboarding docs,Create onboarding docs for documentation phase of project PRJ068.,Documentation,PRJ068,Critical,Very Complex,119.9,119.9,2,Docker,Developer,Senior,,1.1,EMP038,2025-02-26,In Progress,4.9,2025-03-01,2025-03-30,,True,336,1,,,"TSK0470,TSK0050",,True,,False,0,,10,Low,Low,35.6,False,False,4,Bi-weekly,4.9,2024-11-17 12:03:42,2026-02-07 16:20:40
TSK1586,Design critique,Design critique for meeting phase of project PRJ051.,Meeting,PRJ051,Medium,Moderate,6.2,,8,"Adobe Suite,SEO",Developer,Senior,,6.6,EMP103,2024-10-22,In Review,56.9,2024-10-27,2024-11-06,,True,480,5,,,,,False,,True,3,,8.8,Low,High,65.3,False,True,5,As needed,4.1,2024-08-28 08:42:16,2025-11-19 10:29:44
TSK1587,Create mockups,Create mockups for design phase of project PRJ012.,Design,PRJ012,Medium,Simple,1.6,1.9,8,"Power BI,ERP",Analyst,Senior,PMP,5.7,EMP117,2024-05-05,Completed,100.0,2024-05-06,2024-05-09,2024-05-13,False,-1,4,,,"TSK0146,TSK1937",TSK1111,False,8.1,False,0,6.9,,High,High,31.5,False,False,1,As needed,0.7,2025-05-22 11:51:01,2024-12-05 09:22:25
TSK1588,Kickoff meeting,Kickoff meeting for meeting phase of project PRJ004.,Meeting,PRJ004,Critical,Simple,2.8,3.7,1,"Java,GCP,JavaScript",Analyst,Junior,PMP,1,EMP118,2025-02-17,In Review,27.3,2025-02-18,2025-02-25,,True,369,5,,,"TSK1624,TSK1789",,False,,False,0,,7.8,Low,High,5,False,False,5,Daily,8.0,2024-07-16 16:34:53,2024-09-08 18:13:36
TSK1589,Team retrospective,Team retrospective for meeting phase of project PRJ028.,Meeting,PRJ028,Medium,Moderate,11.2,,8,"Sketch,Figma",Tester,Mid,,6.2,EMP023,2024-06-15,Not Started,5.2,2024-06-19,2024-06-24,,False,0,1,,,,TSK1588,False,,False,0,,6.8,Medium,Medium,32.8,False,True,1,Weekly,7.4,2024-12-16 14:36:55,2025-07-05 14:06:45
TSK1590,Security audit,Security audit for testing phase of project PRJ051.,Testing,PRJ051,High,Complex,24.8,,13,"CRM,Salesforce,Communication",Designer,Senior,,7.3,EMP049,2025-11-21,Not Started,13.5,2025-11-26,2025-12-08,,False,-4,4,,,"TSK1776,TSK1322",,False,,False,0,,6.0,High,Medium,5,False,True,1,As needed,1.3,2025-04-21 09:47:49,2024-08-21 14:18:33
TSK1591,Create onboarding docs,Create onboarding docs for documentation phase of project PRJ084.,Documentation,PRJ084,High,Moderate,11.3,,3,"Training,Conflict Resolution",Manager,Senior,,3.4,EMP085,2024-06-30,In Progress,0,2024-07-05,2024-07-08,,True,601,2,"TSK1098,TSK1066",TSK1599,"TSK1702,TSK1136",,True,,False,0,,,High,Medium,49.6,False,True,1,Daily,8.4,2024-12-08 14:40:05,2025-02-20 16:51:34
TSK1592,Code review,Code review for development phase of project PRJ085.,Development,PRJ085,Low,Simple,1.8,,5,"Adobe XD,Prototyping,Illustrator",Designer,Junior,Scrum Master,1,EMP145,2025-04-30,In Review,76.8,2025-05-04,2025-05-07,,True,298,2,,,,,False,,False,0,,6.1,High,Medium,30.5,False,True,4,Bi-weekly,8.0,2025-03-23 11:07:11,2024-08-05 10:34:15
TSK1593,Stakeholder review,Stakeholder review for meeting phase of project PRJ029.,Meeting,PRJ029,High,Very Complex,117.1,,13,"Google Analytics,Adobe Suite,SEO",Developer,Junior,AWS Certified,4.0,EMP036,2025-02-07,Blocked,42.8,2025-02-08,2025-03-03,,True,363,5,,,"TSK0949,TSK1833",,True,,False,0,,,Low,Low,35.4,True,False,3,Daily,8.2,2024-09-04 08:14:16,2025-07-19 13:32:20
TSK1594,Regression test suite,Regression test suite for testing phase of project PRJ047.,Testing,PRJ047,High,Complex,18.5,,1,A/B Testing,Analyst,Mid,Scrum Master,2.7,EMP114,2024-11-07,In Review,17.6,2024-11-11,2024-11-17,,True,469,1,,,,,False,,False,0,,10,Medium,High,12.8,False,True,1,Bi-weekly,5.2,2024-03-15 18:45:56,2024-12-31 12:50:06
TSK1595,Performance testing,Performance testing for testing phase of project PRJ063.,Testing,PRJ063,High,Simple,3.6,,8,"Docker,JavaScript",Analyst,Junior,AWS Certified,6.8,EMP027,2024-09-28,Blocked,92.8,2024-10-01,2024-10-10,,True,507,1,"TSK0244,TSK0914",,"TSK0066,TSK0412",,False,,False,0,,7.7,High,Low,43.7,False,False,4,Weekly,6.6,2025-05-23 11:48:19,2025-08-03 10:14:11
TSK1596,Root cause analysis,Root cause analysis for analysis phase of project PRJ087.,Analysis,PRJ087,High,Moderate,15.4,13.9,2,"Project Management,Excel",Developer,Mid,,8.2,EMP036,2025-08-15,In Progress,58.8,2025-08-20,2025-08-31,,True,182,3,,,"TSK0084,TSK1021",TSK1302,False,,False,0,,7.7,High,Low,59.2,False,True,5,Weekly,2.6,2024-05-16 17:36:37,2024-07-19 14:12:46
TSK1597,Impact assessment,Impact assessment for analysis phase of project PRJ074.,Analysis,PRJ074,High,Moderate,6.7,,1,Excel,Manager,Senior,,5.8,EMP200,,In Progress,10.1,2024-07-06,2024-07-14,,True,595,1,TSK0834,,,TSK0173,False,,True,2,,8.7,High,Medium,25.8,False,True,1,Bi-weekly,9.8,2025-02-24 08:40:09,2024-09-15 16:06:46
TSK1598,Create mockups,Create mockups for design phase of project PRJ076.,Design,PRJ076,Medium,Complex,43.0,46.7,8,"Content Marketing,SEO",Tester,Mid,AWS Certified,5.1,EMP113,2024-02-02,In Review,92.7,2024-02-06,2024-02-16,,True,744,4,,,,,False,,False,0,,,High,Critical,46.1,False,True,2,Daily,5.7,2024-05-15 09:05:43,2024-11-02 09:31:53
TSK1599,Release notes,Release notes for documentation phase of project PRJ044.,Documentation,PRJ044,Medium,Simple,3.1,4.0,1,"SEO,Content Marketing,Social Media",Manager,Junior,,9.0,EMP142,2024-05-26,In Progress,76.9,2024-05-30,2024-06-06,,True,633,2,,,"TSK0836,TSK1511",TSK1419,False,,False,0,,7.2,Low,Medium,22.7,True,False,4,As needed,3.8,2024-01-27 17:19:55,2026-02-04 13:50:52
TSK1600,Stakeholder review,Stakeholder review for meeting phase of project PRJ010.,Meeting,PRJ010,Medium,Complex,41.4,,3,Training,Designer,Mid,Scrum Master,4.6,EMP044,2025-09-16,In Review,55.1,2025-09-19,2025-09-29,,True,153,2,,"TSK1609,TSK1619","TSK0883,TSK0902",TSK1127,False,,True,2,,7.6,Medium,Low,26.4,True,True,2,Bi-weekly,4.0,2024-03-27 09:00:45,2025-02-13 15:40:18
TSK1601,Metrics dashboard,Metrics dashboard for analysis phase of project PRJ069.,Analysis,PRJ069,High,Complex,20.5,,2,"Power BI,ERP",Manager,Mid,Scrum Master,7.3,EMP026,2025-02-28,Not Started,45.8,2025-03-01,2025-03-13,,False,-1,1,,,,,False,,False,0,,7.8,Low,Medium,60.5,False,True,3,Weekly,3.3,2025-01-18 16:28:08,2025-11-02 09:12:27
TSK1602,User testing,User testing for design phase of project PRJ019.,Design,PRJ019,Medium,Moderate,10.9,13.1,2,"Prototyping,Illustrator",Designer,Senior,,3.3,EMP030,2025-11-14,Completed,100.0,2025-11-17,2025-11-25,2025-11-23,False,-4,3,"TSK1514,TSK0193","TSK1617,TSK1612","TSK0827,TSK1650",,True,7.6,False,0,9.0,8.3,Medium,Low,15.5,True,True,5,Daily,4.5,2025-02-07 18:42:56,2025-04-26 09:05:57
TSK1603,User testing,User testing for design phase of project PRJ026.,Design,PRJ026,Low,Very Complex,53.8,61.8,13,"Supply Chain,Excel,Project Management",Designer,Junior,Scrum Master,8.5,EMP011,2024-11-07,Completed,100.0,2024-11-08,2024-11-26,2024-11-25,False,-1,2,,TSK1608,"TSK1234,TSK1585",,False,8.5,False,0,9.5,,High,Low,22.1,False,False,2,Daily,0.4,2025-01-01 13:01:34,2025-05-28 14:39:05
TSK1604,Update user guide,Update user guide for documentation phase of project PRJ057.,Documentation,PRJ057,High,Complex,39.4,,1,"JavaScript,Kubernetes,FastAPI",Manager,Mid,PMP,4.2,EMP136,2024-08-07,In Review,88.8,2024-08-08,2024-08-18,,True,560,2,"TSK0501,TSK1104",,,,False,,False,0,,6.9,Low,Critical,31.3,False,True,5,As needed,1.7,2024-09-02 11:58:53,2026-01-01 13:06:30
TSK1605,Write API docs,Write API docs for documentation phase of project PRJ091.,Documentation,PRJ091,High,Simple,1.2,,3,"Conflict Resolution,HRIS",Analyst,Mid,,1.8,EMP142,2024-06-02,In Progress,79.5,2024-06-03,2024-06-07,,True,632,5,,,,TSK1490,False,,False,0,,8.3,Medium,Medium,40.9,True,False,5,Weekly,8.5,2024-05-16 15:54:20,2025-07-20 09:28:05
TSK1606,Architecture review,Architecture review for meeting phase of project PRJ026.,Meeting,PRJ026,Medium,Moderate,16.0,,3,Training,Developer,Junior,,5.7,EMP047,2025-04-19,Blocked,0,2025-04-20,2025-05-01,,True,304,1,,"TSK1620,TSK1614","TSK0400,TSK1090",TSK1533,False,,False,0,,4.5,Low,Critical,25.9,False,False,2,Bi-weekly,4.8,2025-04-01 11:15:41,2025-06-30 10:13:18
TSK1607,Create mockups,Create mockups for design phase of project PRJ081.,Design,PRJ081,Medium,Complex,17.4,17.4,2,"Social Media,Adobe Suite",Tester,Senior,,2.1,EMP040,,Blocked,84.3,2025-02-16,2025-02-24,,True,370,4,,,"TSK0737,TSK1565",TSK1394,False,,False,0,,6.2,Low,Medium,10.3,False,True,1,Daily,2.8,2024-11-29 13:51:31,2026-02-22 16:30:12
TSK1608,Stakeholder review,Stakeholder review for meeting phase of project PRJ020.,Meeting,PRJ020,High,Complex,26.4,,2,"SAP,Excel,QuickBooks",Designer,Senior,PMP,5.2,EMP094,2025-06-30,Blocked,16.6,2025-07-02,2025-07-16,,True,228,1,"TSK1134,TSK1221",,"TSK1639,TSK1753",,False,,False,0,,7.5,High,Low,6.4,True,False,1,Bi-weekly,8.6,2024-09-18 09:55:14,2025-04-09 13:14:02
TSK1609,Test automation,Test automation for testing phase of project PRJ093.,Testing,PRJ093,Medium,Simple,3.6,,3,"Content Marketing,Social Media",Tester,Junior,,7.4,EMP048,2025-01-07,In Review,43.6,2025-01-12,2025-01-21,,True,404,2,,,,,False,,True,2,,8.1,Low,Critical,21.9,False,True,1,As needed,4.1,2024-05-15 12:56:45,2025-03-21 16:37:57
TSK1610,Write API docs,Write API docs for documentation phase of project PRJ063.,Documentation,PRJ063,Critical,Complex,21.7,,3,"AWS,React",Developer,Mid,AWS Certified,3.6,EMP172,2025-07-02,Blocked,26.9,2025-07-04,2025-07-14,,True,230,1,,,"TSK0452,TSK0476",,True,,False,0,,6.5,Low,Low,36.1,False,False,1,Daily,8.0,2024-09-16 16:56:08,2025-04-06 09:31:36
TSK1611,Regression test suite,Regression test suite for testing phase of project PRJ049.,Testing,PRJ049,High,Moderate,14.0,,1,Negotiation,Manager,Junior,,4.9,EMP177,2025-09-11,In Progress,80.7,2025-09-16,2025-09-25,,True,157,2,,TSK1629,,,False,,False,0,,6.5,Medium,Critical,13.3,False,True,4,As needed,3.7,2024-08-01 09:19:38,2024-08-28 15:03:29
TSK1612,Technology evaluation,Technology evaluation for research phase of project PRJ046.,Research,PRJ046,High,Complex,13.4,13.0,3,Adobe XD,Analyst,Mid,AWS Certified,8.7,EMP023,2023-12-31,In Progress,7.7,2024-01-04,2024-01-10,,True,781,3,,,,,False,,False,0,,8.3,Low,Low,39.0,False,True,1,Weekly,5.1,2025-04-10 10:37:14,2025-12-24 18:47:51
TSK1613,Root cause analysis,Root cause analysis for analysis phase of project PRJ026.,Analysis,PRJ026,High,Complex,31.9,30.0,3,"React,PostgreSQL",Analyst,Mid,PMP,4.2,EMP084,2024-03-07,Completed,100.0,2024-03-08,2024-03-17,2024-03-16,False,0,5,"TSK0411,TSK1357",,,,False,8.7,False,0,6.0,,Low,Low,39.3,False,True,3,Weekly,7.5,2024-12-24 17:09:39,2025-11-17 10:50:33
TSK1614,Implement authentication module,Implement authentication module for development phase of project PRJ021.,Development,PRJ021,Low,Simple,3.2,2.6,1,Conflict Resolution,Developer,Senior,,6.4,EMP148,2024-07-25,Blocked,62.3,2024-07-29,2024-08-02,,True,576,5,,,"TSK0346,TSK0281",TSK1181,False,,False,0,,6.8,Medium,Medium,43.5,False,True,1,As needed,5.1,2024-02-28 16:42:32,2025-11-18 16:08:41
TSK1615,Create mockups,Create mockups for design phase of project PRJ079.,Design,PRJ079,High,Complex,45.1,,3,SAP HR,Manager,Senior,,3.0,EMP096,2024-06-11,In Progress,24.9,2024-06-12,2024-06-25,,True,614,1,,,"TSK0747,TSK1417",,True,,False,0,,7.3,High,Critical,30.6,False,False,2,Weekly,2.8,2025-05-10 09:26:11,2025-11-25 11:17:31
TSK1616,Load testing,Load testing for testing phase of project PRJ040.,Testing,PRJ040,Medium,Simple,3.7,,1,Kubernetes,Developer,Senior,Scrum Master,3.9,EMP139,2025-03-13,In Progress,39.7,2025-03-18,2025-03-27,,True,339,2,,,"TSK1589,TSK0632",TSK0104,True,,False,0,,5.9,Low,Critical,5,False,True,5,Daily,1.8,2025-03-04 18:28:25,2024-08-14 16:07:35
TSK1617,Create mockups,Create mockups for design phase of project PRJ068.,Design,PRJ068,High,Simple,1.3,,2,"Recruiting,HRIS",Manager,Senior,,10,EMP062,2025-07-24,In Progress,46.6,2025-07-25,2025-07-28,,True,216,1,,,,,False,,False,0,,,High,Low,33.7,False,True,5,Weekly,4.0,2024-10-15 18:20:35,2025-12-18 13:27:37
TSK1618,Design landing page,Design landing page for design phase of project PRJ036.,Design,PRJ036,Medium,Simple,2.5,2.7,13,"Excel,Lean Six Sigma,Supply Chain",Designer,Junior,,5.3,EMP052,2025-06-25,In Review,86.3,2025-06-30,2025-07-05,,True,239,1,TSK0869,,"TSK0641,TSK1378",,False,,False,0,,,Medium,Critical,32.8,False,False,2,Daily,1.4,2024-10-29 09:21:31,2025-10-02 13:54:47
TSK1619,Root cause analysis,Root cause analysis for analysis phase of project PRJ001.,Analysis,PRJ001,High,Moderate,14.2,,2,Adobe XD,Manager,Senior,Scrum Master,5.6,EMP116,2025-08-04,In Review,0,2025-08-06,2025-08-13,,True,200,1,,,"TSK0938,TSK0970",,False,,False,0,,,Medium,High,35.4,False,False,3,Weekly,7.6,2025-03-09 18:06:14,2024-07-03 16:06:54
TSK1620,Technology evaluation,Technology evaluation for research phase of project PRJ057.,Research,PRJ057,Medium,Complex,46.0,63.4,5,SAP HR,Manager,Junior,,6.6,EMP148,2024-01-22,In Progress,0,2024-01-26,2024-02-12,,True,748,1,TSK0437,"TSK1636,TSK1630","TSK1103,TSK1557",,False,,False,0,,8.8,Low,Medium,5,False,True,4,Weekly,5.2,2024-05-04 18:33:12,2025-10-03 16:46:39
TSK1621,Kickoff meeting,Kickoff meeting for meeting phase of project PRJ044.,Meeting,PRJ044,Low,Moderate,5.6,,5,"Lean Six Sigma,Excel",Manager,Mid,Scrum Master,5.6,EMP020,2024-07-02,In Review,60.1,2024-07-04,2024-07-11,,True,598,2,,,"TSK0426,TSK0909",,True,,True,3,,,Medium,High,14.0,False,True,2,As needed,7.9,2025-05-12 09:43:40,2024-12-25 10:01:43
TSK1622,Icon set design,Icon set design for design phase of project PRJ009.,Design,PRJ009,Medium,Simple,1.0,1.0,5,Figma,Analyst,Junior,,9.7,EMP056,2024-08-21,In Progress,23.3,2024-08-25,2024-09-02,,True,545,1,,TSK1640,"TSK0677,TSK0414",,False,,False,0,,,High,Critical,9.2,True,True,4,Bi-weekly,2.3,2024-03-21 18:17:38,2024-06-15 14:50:02
TSK1623,Write integration tests,Write integration tests for testing phase of project PRJ049.,Testing,PRJ049,Medium,Complex,20.8,,2,"Figma,Prototyping",Manager,Junior,PMP,4.6,EMP030,2024-09-08,In Progress,31.0,2024-09-10,2024-09-21,,True,526,1,,,,,False,,False,0,,,Medium,Medium,5,True,True,1,Daily,1.5,2024-05-22 18:13:12,2024-12-12 12:34:16
TSK1624,Sprint planning,Sprint planning for meeting phase of project PRJ056.,Meeting,PRJ056,Low,Very Complex,33.6,23.6,8,SAP,Tester,Senior,,5.7,EMP163,2025-06-30,In Progress,71.4,2025-07-01,2025-07-14,,True,230,2,,,,,True,,False,0,,6.8,High,Critical,54.6,False,True,3,As needed,1.8,2025-03-11 18:31:34,2026-01-04 08:17:16
TSK1625,Brand refresh,Brand refresh for design phase of project PRJ020.,Design,PRJ020,Critical,Complex,39.6,,13,"Excel,Financial Modeling,QuickBooks",Tester,Junior,,9.7,EMP179,2024-04-02,Blocked,52.5,2024-04-06,2024-04-14,,True,686,2,,,"TSK0029,TSK0362",,False,,False,0,,6.6,Low,High,59.4,True,True,4,Daily,1.8,2024-05-13 08:45:54,2025-11-10 13:20:21
TSK1626,Performance testing,Performance testing for testing phase of project PRJ046.,Testing,PRJ046,High,Simple,1.3,1.0,8,"Power BI,Lean Six Sigma,Supply Chain",Designer,Senior,,5.2,,2025-05-17,Not Started,55.9,2025-05-18,2025-05-25,,False,-2,3,,,"TSK1894,TSK0427",,True,,False,0,,7.6,High,Medium,53.6,False,False,3,Daily,0.3,2024-04-25 12:42:54,2025-06-08 16:59:44
TSK1627,User testing,User testing for design phase of project PRJ026.,Design,PRJ026,Critical,Complex,31.8,30.8,5,Content Marketing,Analyst,Mid,,6.2,EMP126,2024-05-29,Not Started,13.7,2024-06-02,2024-06-16,,False,-3,4,,,"TSK1822,TSK0236",,False,,True,3,,9.3,Medium,Low,43.2,False,False,5,Daily,4.7,2024-05-24 16:25:17,2025-06-12 13:05:32
TSK1628,Create onboarding docs,Create onboarding docs for documentation phase of project PRJ009.,Documentation,PRJ009,Medium,Simple,1.2,,3,"GCP,Docker",Designer,Mid,,8.3,EMP016,2025-09-21,In Progress,76.3,2025-09-26,2025-09-29,,True,153,1,,TSK1643,,,False,,False,0,,,Low,Medium,60.7,False,False,2,Weekly,1.3,2024-09-12 17:03:42,2025-11-26 15:24:42
TSK1629,Technology evaluation,Technology evaluation for research phase of project PRJ021.,Research,PRJ021,Critical,Moderate,12.1,13.4,3,"A/B Testing,SEO",Analyst,Junior,,3.3,EMP191,,In Review,39.7,2025-08-29,2025-09-04,,True,178,2,,,,TSK1606,False,,True,2,,6.0,Medium,High,11.1,False,False,5,As needed,0.2,2024-01-02 12:08:28,2025-02-20 17:36:35
TSK1630,Technology evaluation,Technology evaluation for research phase of project PRJ012.,Research,PRJ012,Medium,Simple,2.4,2.6,13,"Salesforce,Excel",Analyst,Mid,,4.2,EMP104,2024-09-18,Blocked,70.8,2024-09-23,2024-09-25,,True,522,3,TSK1517,,"TSK1015,TSK0914",TSK1137,False,,False,0,,,High,Medium,19.2,False,True,3,Weekly,4.9,2025-02-23 13:58:41,2025-10-04 09:39:12
TSK1631,Kickoff meeting,Kickoff meeting for meeting phase of project PRJ021.,Meeting,PRJ021,High,Complex,40.4,,13,"Content Marketing,Social Media,A/B Testing",Tester,Mid,,7.3,EMP019,2025-04-01,In Review,52.0,2025-04-06,2025-04-22,,True,313,3,"TSK1286,TSK0008",,"TSK0777,TSK1680",,True,,True,2,,5.7,Medium,High,29.2,True,False,3,Daily,4.9,2024-01-07 13:11:58,2025-11-24 15:13:49
TSK1632,Build REST API,Build REST API for development phase of project PRJ011.,Development,PRJ011,Critical,Moderate,8.6,,13,"Adobe XD,Photoshop",Developer,Senior,,4.0,EMP064,2025-10-28,In Progress,23.2,2025-10-30,2025-11-05,,True,116,2,,,,TSK1016,False,,True,2,,,Medium,Low,14.6,False,False,4,Weekly,8.0,2024-12-13 11:39:15,2025-12-24 18:52:16
TSK1633,Create wireframes,Create wireframes for design phase of project PRJ049.,Design,PRJ049,High,Very Complex,35.0,,2,"Prospecting,Communication",Tester,Senior,Scrum Master,6.1,EMP001,2025-09-13,Blocked,60.6,2025-09-17,2025-09-25,,True,157,4,,,"TSK0851,TSK0476",,True,,True,1,,,High,Medium,53.0,False,False,2,As needed,6.7,2025-05-02 14:17:11,2025-08-20 12:49:38
TSK1634,Build design system,Build design system for design phase of project PRJ073.,Design,PRJ073,Low,Moderate,15.2,17.0,5,Conflict Resolution,Developer,Junior,,5.3,EMP191,2025-11-17,In Progress,13.0,2025-11-22,2025-12-03,,True,88,3,,,,,True,,False,0,,,Medium,Low,25.5,True,True,5,Bi-weekly,5.6,2024-06-18 18:35:33,2025-08-19 14:44:53
TSK1635,Refactor database layer,Refactor database layer for development phase of project PRJ077.,Development,PRJ077,Medium,Very Complex,45.5,,1,"Salesforce,HubSpot",Designer,Mid,,4.5,EMP106,2024-10-20,Blocked,29.3,2024-10-22,2024-11-05,,True,481,4,,,,,False,,True,1,,,High,High,67.0,False,False,3,Weekly,9.8,2024-08-10 15:49:57,2025-03-13 10:59:50
TSK1636,Deploy to staging,Deploy to staging for development phase of project PRJ017.,Development,PRJ017,High,Complex,40.0,42.3,13,"Lean Six Sigma,Power BI,Project Management",Manager,Junior,,5.3,EMP079,2024-02-05,In Progress,81.8,2024-02-09,2024-02-25,,True,735,5,,,"TSK0694,TSK1900",,False,,True,1,,5.6,Low,Low,56.9,False,False,2,As needed,7.1,2024-02-06 16:10:06,2025-01-02 18:20:38
TSK1637,Fix critical bug,Fix critical bug for development phase of project PRJ022.,Development,PRJ022,High,Moderate,14.0,,13,"SEO,Social Media",Analyst,Junior,,10,EMP180,2024-01-05,In Progress,91.0,2024-01-09,2024-01-20,,True,771,5,,,,,False,,True,1,,6.5,Medium,Low,47.8,False,True,5,Bi-weekly,3.7,2024-05-16 09:04:10,2026-02-24 12:17:13
TSK1638,Test automation,Test automation for testing phase of project PRJ035.,Testing,PRJ035,Low,Moderate,12.5,11.2,3,"User Research,Prototyping",Analyst,Mid,,4.4,EMP198,2024-04-01,Completed,100.0,2024-04-02,2024-04-06,2024-04-07,False,-2,5,"TSK1560,TSK1607",,"TSK0733,TSK0077",,False,7.7,False,0,7.4,5.3,Medium,Medium,5,False,True,2,Bi-weekly,7.0,2024-06-13 13:27:53,2025-05-17 16:49:53
TSK1639,Create onboarding docs,Create onboarding docs for documentation phase of project PRJ074.,Documentation,PRJ074,Medium,Complex,16.2,,13,"VBA,Excel,Risk Analysis",Developer,Senior,,4.9,EMP078,2024-01-03,In Progress,29.9,2024-01-05,2024-01-10,,True,781,5,,,,,False,,False,0,,7.6,High,Low,43.7,False,True,1,Weekly,8.5,2025-02-20 09:49:17,2026-01-22 16:00:37
TSK1640,Build design system,Build design system for design phase of project PRJ039.,Design,PRJ039,Medium,Moderate,15.1,14.3,3,"Project Management,Lean Six Sigma,ERP",Analyst,Mid,PMP,4.7,EMP191,2025-08-04,In Review,45.7,2025-08-09,2025-08-21,,True,192,5,,,,,False,,False,0,,4.8,High,High,5,False,False,1,Bi-weekly,4.3,2025-01-08 18:22:49,2024-08-11 17:31:57
TSK1641,Performance report,Performance report for analysis phase of project PRJ015.,Analysis,PRJ015,High,Simple,3.7,3.2,13,"Content Marketing,Social Media,A/B Testing",Designer,Mid,Scrum Master,3.7,EMP032,2024-07-16,In Progress,0,2024-07-17,2024-07-19,,True,590,1,TSK0994,,,,False,,True,2,,10,High,Medium,46.1,True,True,5,As needed,9.7,2024-08-04 16:50:24,2025-01-28 14:19:20
TSK1642,Update user guide,Update user guide for documentation phase of project PRJ086.,Documentation,PRJ086,High,Moderate,14.2,17.8,3,"Content Marketing,A/B Testing",Designer,Junior,PMP,4.5,EMP006,2025-04-27,Blocked,0,2025-04-30,2025-05-05,,True,300,4,,,,,False,,True,1,,10,Medium,Medium,16.2,False,False,5,As needed,3.6,2024-08-31 14:22:36,2025-12-21 17:46:25
TSK1643,Load testing,Load testing for testing phase of project PRJ089.,Testing,PRJ089,Medium,Simple,3.5,,5,"Java,FastAPI",Tester,Mid,PMP,5.7,EMP198,2025-04-09,Blocked,17.3,2025-04-10,2025-04-15,,True,320,4,,TSK1662,,,False,,True,3,,8.6,Low,Medium,27.7,False,True,4,Daily,7.6,2024-04-09 12:13:03,2024-06-06 10:57:32
TSK1644,Design critique,Design critique for meeting phase of project PRJ028.,Meeting,PRJ028,High,Moderate,8.6,,8,Communication,Developer,Senior,,2.2,EMP089,2024-08-25,Blocked,18.4,2024-08-28,2024-09-08,,True,539,1,,,,,False,,False,0,,7.5,High,Low,5,False,False,2,As needed,3.8,2025-01-13 13:05:19,2025-06-25 09:09:42
TSK1645,Architecture review,Architecture review for meeting phase of project PRJ038.,Meeting,PRJ038,High,Complex,24.8,,8,"HRIS,Workday",Tester,Junior,,8.4,EMP041,2024-06-05,Not Started,49.1,2024-06-07,2024-06-14,,False,-3,4,"TSK0903,TSK0013",,"TSK0695,TSK1650",,False,,False,0,,4.6,Low,Critical,8.8,True,True,5,Bi-weekly,2.6,2025-03-28 14:24:48,2024-11-01 15:29:09
TSK1646,Root cause analysis,Root cause analysis for analysis phase of project PRJ066.,Analysis,PRJ066,Medium,Very Complex,95.1,,2,Lean Six Sigma,Analyst,Junior,,4.5,EMP130,2024-08-25,Blocked,26.5,2024-08-29,2024-09-19,,True,528,5,"TSK0691,TSK0784",,"TSK0999,TSK0612",,False,,False,0,,8.0,Medium,Medium,49.8,False,True,3,As needed,8.1,2024-08-06 16:07:06,2024-09-11 16:18:17
TSK1647,Create onboarding docs,Create onboarding docs for documentation phase of project PRJ089.,Documentation,PRJ089,High,Simple,2.3,,3,"Node.js,Rust",Manager,Junior,AWS Certified,5.8,,2024-04-17,In Review,0,2024-04-22,2024-04-29,,True,671,2,,,"TSK1411,TSK0986",,False,,False,0,,6.8,Low,Medium,22.9,False,False,4,Weekly,5.4,2025-01-26 13:48:00,2024-09-24 18:33:34
TSK1648,Load testing,Load testing for testing phase of project PRJ006.,Testing,PRJ006,High,Simple,1.8,,3,"TypeScript,Python",Manager,Junior,,3.6,EMP117,2024-06-27,In Progress,48.8,2024-06-29,2024-07-03,,True,606,5,TSK1630,,,,True,,True,2,,,High,High,56.5,False,True,5,Bi-weekly,7.4,2024-06-10 18:50:42,2024-09-11 12:37:47
TSK1649,Regression test suite,Regression test suite for testing phase of project PRJ016.,Testing,PRJ016,High,Moderate,7.2,,5,"Content Marketing,Adobe Suite,SEO",Analyst,Mid,,6.5,EMP106,2025-08-07,In Progress,34.0,2025-08-11,2025-08-15,,True,198,5,TSK0981,,,,False,,False,0,,9.4,High,High,37.4,False,True,1,Daily,8.6,2024-01-19 18:27:21,2025-05-18 16:37:43
TSK1650,Process documentation,Process documentation for documentation phase of project PRJ066.,Documentation,PRJ066,High,Moderate,4.0,4.4,8,"Django,Python",Developer,Junior,PMP,5.3,EMP058,2024-10-06,Completed,100.0,2024-10-07,2024-10-11,2024-10-10,False,-5,2,,,,TSK0117,True,6.8,False,0,7.4,9.7,High,Medium,29.6,False,False,2,Bi-weekly,7.1,2024-10-27 15:46:55,2024-12-08 17:44:36
TSK1651,Process documentation,Process documentation for documentation phase of project PRJ020.,Documentation,PRJ020,Low,Complex,23.9,31.6,3,"Social Media,Copywriting,Adobe Suite",Analyst,Mid,,6.0,EMP084,2025-02-24,Completed,100.0,2025-02-27,2025-03-05,2025-03-09,False,-4,1,"TSK0695,TSK0204",,"TSK0891,TSK0762",,True,10,False,0,7.1,7.9,High,Low,44.1,False,True,2,Weekly,6.0,2024-05-19 10:47:51,2024-11-24 12:24:48
TSK1652,Build design system,Build design system for design phase of project PRJ061.,Design,PRJ061,Low,Moderate,13.8,10.2,13,"Workday,Conflict Resolution,HRIS",Developer,Senior,,5.1,,2025-10-13,Not Started,22.6,2025-10-17,2025-10-28,,False,-5,1,,,"TSK0477,TSK1308",,False,,True,3,,6.1,Low,Critical,34.1,False,True,5,Bi-weekly,3.2,2024-04-29 09:52:24,2024-12-12 15:41:59
TSK1653,Build REST API,Build REST API for development phase of project PRJ083.,Development,PRJ083,High,Very Complex,81.7,71.5,2,"Rust,TypeScript,Java",Developer,Mid,,6.8,EMP109,2024-07-19,In Review,64.6,2024-07-21,2024-08-07,,True,571,3,,,,,True,,True,2,,,Low,Low,29.2,False,True,5,Daily,4.3,2025-03-07 15:43:39,2025-06-24 15:05:47
TSK1654,Create wireframes,Create wireframes for design phase of project PRJ017.,Design,PRJ017,High,Moderate,14.9,12.2,8,"VBA,Risk Analysis,QuickBooks",Analyst,Senior,Scrum Master,6.9,,2025-06-19,Completed,100.0,2025-06-22,2025-06-28,2025-07-03,False,-5,2,TSK1326,,,TSK0180,True,8.6,False,0,9.3,,High,Low,33.5,False,True,4,Daily,6.1,2025-04-26 12:10:13,2024-06-06 14:58:22
TSK1655,Performance testing,Performance testing for testing phase of project PRJ088.,Testing,PRJ088,High,Simple,3.2,2.3,1,"Prospecting,HubSpot,Negotiation",Tester,Junior,,6.6,EMP020,2025-04-29,Completed,100.0,2025-05-01,2025-05-08,2025-05-11,False,-4,2,,TSK1668,,,False,7.1,False,0,7.8,,High,Critical,46.1,False,True,4,As needed,0.4,2024-08-26 17:40:06,2025-01-03 10:51:18
TSK1656,Metrics dashboard,Metrics dashboard for analysis phase of project PRJ090.,Analysis,PRJ090,High,Moderate,13.4,14.1,2,"Copywriting,Email Marketing,Adobe Suite",Tester,Mid,,6.2,EMP067,2025-04-17,In Review,46.4,2025-04-21,2025-04-29,,True,306,5,,,"TSK0417,TSK0979",,False,,False,0,,,Low,Low,16.6,False,True,2,Bi-weekly,7.8,2024-02-02 18:32:30,2025-12-23 14:46:35
TSK1657,User research,User research for research phase of project PRJ067.,Research,PRJ067,High,Moderate,14.3,,2,HubSpot,Manager,Senior,Scrum Master,7.0,EMP154,2024-12-05,In Review,99,2024-12-10,2024-12-21,,True,435,1,,,"TSK1964,TSK1364",,False,,True,3,,7.8,High,Low,11.8,False,True,1,Weekly,6.5,2025-02-19 15:04:58,2025-02-25 13:08:28
TSK1658,Design landing page,Design landing page for design phase of project PRJ017.,Design,PRJ017,High,Complex,15.8,11.9,1,"Content Marketing,Social Media",Designer,Senior,AWS Certified,6.2,EMP180,2024-09-06,In Review,99,2024-09-08,2024-09-18,,True,529,2,,,,,True,,False,0,,7.6,Low,Medium,14.1,True,False,5,Bi-weekly,5.2,2024-11-22 18:25:14,2026-01-04 08:52:50
TSK1659,Design critique,Design critique for meeting phase of project PRJ029.,Meeting,PRJ029,High,Complex,30.4,26.8,13,Conflict Resolution,Developer,Mid,,3.8,EMP055,2024-06-24,Completed,100.0,2024-06-29,2024-07-10,2024-07-15,False,-2,1,TSK1290,,,TSK1419,False,6.4,False,0,7.6,8.7,Medium,Low,36.9,False,True,5,As needed,6.7,2025-05-19 16:11:43,2025-07-22 13:04:23
TSK1660,Build REST API,Build REST API for development phase of project PRJ084.,Development,PRJ084,Medium,Moderate,13.1,9.7,8,"Conflict Resolution,SAP HR",Tester,Mid,,5.9,EMP072,2024-08-11,In Review,50.7,2024-08-12,2024-08-23,,True,555,1,"TSK0639,TSK1628",,"TSK0626,TSK0948",,False,,False,0,,9.0,Low,Low,19.7,False,True,2,Weekly,2.8,2024-04-13 17:25:00,2025-03-21 09:28:26
TSK1661,Process documentation,Process documentation for documentation phase of project PRJ096.,Documentation,PRJ096,Medium,Moderate,9.4,6.7,1,Google Analytics,Tester,Mid,,7.7,EMP131,2025-01-29,Not Started,43.9,2025-02-02,2025-02-07,,False,-5,4,,,"TSK1581,TSK1604",TSK1260,False,,False,0,,5.0,High,High,22.0,False,True,3,As needed,1.7,2024-11-23 12:29:02,2025-09-06 18:23:36
TSK1662,Team retrospective,Team retrospective for meeting phase of project PRJ097.,Meeting,PRJ097,High,Simple,3.9,,1,"CRM,Negotiation,Salesforce",Developer,Senior,Scrum Master,2.9,EMP168,2025-02-13,In Review,71.1,2025-02-17,2025-02-25,,True,369,2,,,,TSK0189,False,,False,0,,7.7,High,Low,21.8,False,False,3,As needed,2.5,2024-09-19 12:10:53,2025-09-04 13:04:13
TSK1663,Build REST API,Build REST API for development phase of project PRJ099.,Development,PRJ099,Low,Complex,47.2,,5,"Copywriting,Social Media",Designer,Mid,,7.9,EMP019,2024-01-12,Not Started,28.6,2024-01-15,2024-01-31,,False,-4,1,"TSK1343,TSK0770",,"TSK1508,TSK1184",,False,,False,0,,7.9,Low,Critical,37.2,True,True,1,Bi-weekly,5.7,2024-04-18 14:35:27,2025-07-30 09:43:58
TSK1664,Metrics dashboard,Metrics dashboard for analysis phase of project PRJ017.,Analysis,PRJ017,Medium,Complex,40.3,,2,ERP,Designer,Mid,AWS Certified,2.1,EMP036,2025-02-24,Not Started,15.0,2025-02-27,2025-03-09,,False,-1,5,TSK0937,,,,False,,False,0,,8.5,Medium,Medium,28.8,False,True,4,Daily,5.5,2024-03-07 13:04:21,2026-01-23 12:30:09
TSK1665,Create onboarding docs,Create onboarding docs for documentation phase of project PRJ034.,Documentation,PRJ034,High,Simple,3.7,3.5,1,"Prospecting,CRM",Tester,Senior,AWS Certified,3.6,EMP141,2025-11-22,Blocked,30.5,2025-11-24,2025-11-29,,True,92,1,,,,,False,,False,0,,7.7,Medium,Low,9.0,False,True,4,Daily,0.7,2025-05-16 16:51:35,2024-09-16 09:02:37
TSK1666,Add unit tests,Add unit tests for development phase of project PRJ091.,Development,PRJ091,High,Complex,23.0,24.1,5,"AWS,Django",Developer,Mid,,2.3,EMP178,2024-03-10,In Progress,24.6,2024-03-15,2024-03-27,,True,704,5,,"TSK1680,TSK1679","TSK0249,TSK0905",,False,,False,0,,8.1,Medium,Critical,25.8,False,True,4,Daily,8.9,2024-02-18 10:10:31,2026-02-04 11:19:45
TSK1667,Feasibility study,Feasibility study for research phase of project PRJ061.,Research,PRJ061,Critical,Moderate,12.3,,1,"SAP HR,Employment Law,HRIS",Analyst,Mid,AWS Certified,6.9,EMP042,2024-03-28,In Review,46.4,2024-03-30,2024-04-06,,True,694,4,,,"TSK0789,TSK0209",,True,,False,0,,9.7,Low,High,26.2,True,False,2,Daily,6.0,2025-05-20 10:54:37,2025-09-23 08:07:59
TSK1668,Add unit tests,Add unit tests for development phase of project PRJ032.,Development,PRJ032,High,Simple,3.6,,5,"React,Go,JavaScript",Manager,Mid,PMP,7.3,EMP021,2024-08-28,Blocked,29.5,2024-08-31,2024-09-09,,True,538,2,,,"TSK1536,TSK1244",,False,,True,3,,9.5,Medium,Medium,42.0,True,True,4,Weekly,8.8,2025-02-19 16:35:48,2025-07-17 10:07:45
TSK1669,Process documentation,Process documentation for documentation phase of project PRJ094.,Documentation,PRJ094,Critical,Moderate,5.4,3.9,3,"SAP,VBA",Designer,Mid,,4.1,EMP044,2024-12-10,Not Started,49.8,2024-12-15,2024-12-17,,False,-2,5,,,"TSK1213,TSK1443",,False,,False,0,,6.7,Medium,Low,41.3,False,False,3,As needed,6.9,2025-05-19 15:09:26,2025-06-22 17:06:25
TSK1670,Performance report,Performance report for analysis phase of project PRJ037.,Analysis,PRJ037,High,Simple,3.7,,2,"Training,HRIS",Developer,Mid,Scrum Master,5.0,EMP165,2024-04-19,Not Started,34.3,2024-04-24,2024-05-01,,False,-5,5,,,,,False,,False,0,,,High,Low,11.9,False,False,5,Bi-weekly,7.9,2024-01-05 10:52:23,2024-10-29 08:31:17
TSK1671,Data analysis,Data analysis for analysis phase of project PRJ025.,Analysis,PRJ025,High,Moderate,16.0,,8,"SAP,Financial Modeling,Bloomberg",Tester,Senior,AWS Certified,8.8,EMP056,2025-06-20,Blocked,50.3,2025-06-23,2025-07-01,,True,243,2,,,,TSK1091,False,,False,0,,6.0,Medium,Medium,42.3,False,False,1,As needed,5.2,2024-03-08 11:09:23,2025-05-03 09:55:53
TSK1672,User research,User research for research phase of project PRJ001.,Research,PRJ001,Medium,Very Complex,62.6,,13,VBA,Tester,Junior,,7.8,,2024-10-22,In Progress,46.7,2024-10-24,2024-11-08,,True,478,4,,,,TSK1527,False,,False,0,,,Low,High,37.4,False,False,4,Bi-weekly,1.8,2025-05-08 10:05:40,2025-09-04 18:38:32
TSK1673,Metrics dashboard,Metrics dashboard for analysis phase of project PRJ020.,Analysis,PRJ020,Critical,Complex,45.2,,1,Workday,Designer,Senior,AWS Certified,7.8,EMP155,2025-11-12,In Review,23.4,2025-11-14,2025-12-01,,True,90,1,,,,,True,,False,0,,8.0,High,Medium,41.3,True,True,5,As needed,3.6,2024-12-31 18:04:08,2024-08-17 10:56:32
TSK1674,Feasibility study,Feasibility study for research phase of project PRJ086.,Research,PRJ086,Medium,Complex,40.6,,5,GCP,Designer,Junior,,7.8,EMP127,2024-06-12,Not Started,52.1,2024-06-14,2024-06-22,,False,-5,1,,,"TSK1025,TSK0580",TSK1106,False,,False,0,,7.9,Medium,Low,28.8,False,True,1,Daily,8.6,2024-10-30 14:22:24,2025-02-27 18:45:11
TSK1675,Create mockups,Create mockups for design phase of project PRJ023.,Design,PRJ023,Medium,Very Complex,63.3,85.1,2,Prospecting,Analyst,Junior,AWS Certified,3.0,EMP095,2024-03-25,In Review,62.8,2024-03-29,2024-04-11,,True,689,2,,,,TSK0645,False,,False,0,,5.6,Low,Critical,44.9,True,False,1,As needed,8.5,2025-05-11 18:15:22,2026-02-22 13:43:00
TSK1676,Process documentation,Process documentation for documentation phase of project PRJ036.,Documentation,PRJ036,High,Complex,20.1,18.1,2,"HRIS,Training",Tester,Senior,Scrum Master,4.7,EMP145,2025-02-15,Completed,100.0,2025-02-19,2025-02-24,2025-02-26,False,-5,1,TSK1018,,"TSK0008,TSK0014",,False,8.7,False,0,6.6,,Medium,Critical,46.4,False,True,3,Daily,4.3,2024-07-10 11:42:33,2024-08-08 10:38:43
TSK1677,Architecture review,Architecture review for meeting phase of project PRJ100.,Meeting,PRJ100,Low,Simple,1.3,,5,"Figma,Adobe XD,Prototyping",Analyst,Junior,PMP,6.3,EMP109,2025-04-12,Not Started,41.0,2025-04-15,2025-04-21,,False,-4,5,,,,,False,,True,1,,10,Medium,Low,34.2,False,True,2,Weekly,5.2,2024-10-12 09:48:37,2025-04-05 17:20:26
TSK1678,Create mockups,Create mockups for design phase of project PRJ097.,Design,PRJ097,Medium,Moderate,9.5,7.1,3,"Docker,TypeScript",Designer,Junior,,6.4,EMP114,,In Review,34.0,2025-09-27,2025-10-08,,True,144,4,"TSK0120,TSK0181",,"TSK0102,TSK0567",,True,,False,0,,,Medium,Low,18.1,False,False,4,Bi-weekly,8.2,2024-01-14 18:52:56,2025-06-27 08:50:12
TSK1679,Sprint planning,Sprint planning for meeting phase of project PRJ019.,Meeting,PRJ019,Low,Complex,47.9,,3,HubSpot,Tester,Junior,Scrum Master,4.8,EMP176,2024-12-11,In Progress,39.5,2024-12-14,2024-12-29,,True,427,3,,,,,False,,False,0,,6.3,High,High,21.3,False,True,3,Weekly,5.5,2024-07-17 10:28:19,2024-12-31 13:01:34
TSK1680,Create mockups,Create mockups for design phase of project PRJ038.,Design,PRJ038,Low,Simple,3.3,,8,Workday,Tester,Junior,Scrum Master,3.9,EMP192,2024-02-29,Not Started,51.8,2024-03-03,2024-03-09,,False,-1,1,,,,,False,,False,0,,,High,Low,40.2,False,False,5,Bi-weekly,9.9,2024-03-16 14:37:27,2024-06-11 18:32:19
TSK1681,Code review,Code review for development phase of project PRJ010.,Development,PRJ010,Low,Very Complex,55.0,,1,User Research,Manager,Junior,AWS Certified,3.0,EMP092,2024-12-01,Not Started,86.8,2024-12-05,2024-12-18,,False,-4,2,"TSK0681,TSK1074","TSK1689,TSK1686",,,False,,False,0,,6.2,High,Medium,12.9,False,False,4,Weekly,3.2,2025-02-26 15:53:37,2025-06-18 14:04:22
TSK1682,Code review,Code review for development phase of project PRJ006.,Development,PRJ006,High,Simple,1.4,1.2,1,"Illustrator,Photoshop",Developer,Senior,Scrum Master,5.8,EMP138,2025-03-25,Blocked,34.1,2025-03-27,2025-04-01,,True,334,1,,,,TSK1009,False,,False,0,,9.1,Low,High,16.9,False,True,4,Bi-weekly,8.8,2024-04-02 14:07:46,2026-02-07 15:10:12
TSK1683,Kickoff meeting,Kickoff meeting for meeting phase of project PRJ064.,Meeting,PRJ064,High,Moderate,13.5,,5,"VBA,Excel",Tester,Junior,,3.3,EMP032,2025-06-26,In Review,46.9,2025-06-30,2025-07-11,,True,233,4,,TSK1690,"TSK1027,TSK1537",,False,,False,0,,6.7,Medium,High,18.2,False,True,4,Bi-weekly,0.4,2024-11-04 08:06:05,2025-08-20 12:22:33
TSK1684,Add unit tests,Add unit tests for development phase of project PRJ058.,Development,PRJ058,High,Complex,41.7,,3,"CRM,Negotiation,Salesforce",Designer,Junior,AWS Certified,3.0,EMP040,2024-10-03,Blocked,36.6,2024-10-06,2024-10-15,,True,502,3,"TSK0713,TSK0050","TSK1694,TSK1686","TSK0683,TSK1957",TSK0252,False,,False,0,,,Medium,Medium,54.1,False,False,1,As needed,8.6,2024-12-25 09:58:46,2026-03-01 12:37:52
TSK1685,Market sizing,Market sizing for research phase of project PRJ027.,Research,PRJ027,Medium,Simple,1.4,,8,Communication,Developer,Junior,,6.7,EMP047,2025-07-22,Not Started,46.9,2025-07-24,2025-08-01,,False,-3,4,,,"TSK0618,TSK0932",TSK1442,False,,False,0,,8.4,Medium,Medium,32.0,False,True,1,Weekly,5.6,2024-06-27 18:01:20,2024-11-06 15:57:53
TSK1686,Implement authentication module,Implement authentication module for development phase of project PRJ002.,Development,PRJ002,Critical,Simple,2.2,2.6,1,Risk Analysis,Developer,Mid,,5.7,EMP089,2025-02-22,Completed,100.0,2025-02-27,2025-03-05,2025-03-08,False,-1,5,"TSK1044,TSK1620",,,,True,9.0,False,0,7.6,5.8,High,Critical,5,False,False,5,Bi-weekly,6.6,2024-12-15 17:11:46,2025-01-10 09:15:35
TSK1687,User research,User research for research phase of project PRJ003.,Research,PRJ003,Medium,Complex,18.6,,1,"HubSpot,Excel",Developer,Mid,Scrum Master,4.9,EMP174,2025-05-11,Not Started,41.5,2025-05-15,2025-05-20,,False,-4,5,,,"TSK1569,TSK0478",,True,,False,0,,6.4,Medium,High,17.0,False,False,4,As needed,3.5,2025-02-09 12:00:13,2024-06-24 11:29:53
TSK1688,Design critique,Design critique for meeting phase of project PRJ023.,Meeting,PRJ023,Medium,Very Complex,49.6,67.3,1,"QuickBooks,SAP,Bloomberg",Developer,Junior,AWS Certified,3.4,EMP016,2025-08-17,Completed,100.0,2025-08-19,2025-09-06,2025-09-06,False,0,3,,,,,False,7.3,False,0,5.4,4.0,High,Critical,15.6,False,False,2,Weekly,1.3,2024-01-08 18:34:16,2025-02-20 09:24:35
TSK1689,Team retrospective,Team retrospective for meeting phase of project PRJ055.,Meeting,PRJ055,Medium,Complex,43.8,57.8,3,VBA,Developer,Senior,,8.0,EMP035,2025-08-02,Completed,100.0,2025-08-05,2025-08-15,2025-08-17,False,-2,3,,,,,True,6.8,False,0,6.3,,High,Medium,39.2,True,True,2,Weekly,4.7,2024-07-09 11:57:04,2025-09-27 13:21:48
TSK1690,Architecture review,Architecture review for meeting phase of project PRJ091.,Meeting,PRJ091,Critical,Simple,2.7,2.6,1,SAP HR,Manager,Junior,AWS Certified,1.2,EMP024,2025-03-28,Completed,100.0,2025-03-29,2025-04-06,2025-04-11,False,-3,5,,,"TSK0755,TSK0091",,False,5.8,False,0,7.3,9.2,Low,Critical,46.8,False,True,5,As needed,9.8,2025-02-22 09:22:38,2024-11-21 08:26:52
TSK1691,Design critique,Design critique for meeting phase of project PRJ040.,Meeting,PRJ040,Low,Complex,40.6,,5,"Power BI,Excel",Developer,Senior,,1.7,EMP158,,Blocked,60.7,2024-04-28,2024-05-12,,True,658,4,,,"TSK1081,TSK0018",,False,,False,0,,8.2,Medium,Low,45.7,False,False,2,Bi-weekly,1.8,2024-08-04 08:20:47,2025-06-29 16:46:09
TSK1692,Deploy to staging,Deploy to staging for development phase of project PRJ082.,Development,PRJ082,High,Simple,3.4,2.5,3,SAP,Developer,Junior,AWS Certified,8.5,EMP100,2024-08-24,In Progress,53.3,2024-08-28,2024-09-07,,True,540,1,,,"TSK0482,TSK1656",TSK0181,False,,False,0,,,High,High,20.5,True,True,4,Bi-weekly,5.1,2025-02-09 09:10:35,2025-08-28 12:37:38
TSK1693,Implement authentication module,Implement authentication module for development phase of project PRJ061.,Development,PRJ061,High,Complex,27.7,,5,"Financial Modeling,Excel,QuickBooks",Manager,Junior,,3.9,EMP171,2024-06-24,In Progress,80.5,2024-06-26,2024-07-02,,True,607,1,TSK0242,,,,False,,False,0,,9.8,High,Medium,46.1,False,False,3,Bi-weekly,2.8,2025-01-27 10:23:39,2025-09-04 18:17:56
TSK1694,Add unit tests,Add unit tests for development phase of project PRJ016.,Development,PRJ016,High,Simple,2.9,,2,"PostgreSQL,GCP,SQL",Tester,Mid,PMP,5.5,EMP093,2024-05-28,In Review,34.9,2024-06-02,2024-06-12,,True,627,2,,,"TSK0829,TSK1759",,False,,False,0,,9.3,Medium,High,5,False,False,5,Bi-weekly,9.4,2024-06-12 12:09:04,2024-08-14 08:31:02
TSK1695,Design landing page,Design landing page for design phase of project PRJ070.,Design,PRJ070,Critical,Simple,1.4,1.3,3,Content Marketing,Designer,Mid,,3.1,EMP068,2024-08-15,Blocked,7.7,2024-08-18,2024-08-26,,True,552,3,TSK0060,,,TSK0239,False,,True,2,,5.9,High,Low,49.5,False,True,1,Daily,0.1,2024-04-26 17:27:22,2025-08-08 16:20:16
TSK1696,Root cause analysis,Root cause analysis for analysis phase of project PRJ049.,Analysis,PRJ049,High,Simple,1.8,1.9,1,SAP HR,Analyst,Mid,,6.8,EMP113,2025-09-02,Completed,100.0,2025-09-06,2025-09-15,2025-09-15,False,-2,1,,,"TSK1209,TSK0424",,False,7.1,False,0,5.9,5.7,Medium,Medium,38.7,False,True,4,Weekly,2.2,2025-03-01 13:32:28,2025-12-08 12:25:29
TSK1697,Release notes,Release notes for documentation phase of project PRJ052.,Documentation,PRJ052,High,Simple,1.8,,13,"Excel,Communication",Analyst,Junior,,6.8,EMP036,2024-11-06,Blocked,40.1,2024-11-07,2024-11-10,,True,476,1,,"TSK1707,TSK1698","TSK1301,TSK0740",,False,,False,0,,7.2,High,Medium,10.2,False,True,1,As needed,2.8,2025-02-16 15:34:55,2024-11-02 14:32:03
TSK1698,Icon set design,Icon set design for design phase of project PRJ090.,Design,PRJ090,High,Complex,42.6,55.2,2,"SEO,Content Marketing,Copywriting",Tester,Mid,,5.6,EMP053,2025-03-28,In Review,39.9,2025-03-30,2025-04-12,,True,323,3,,,"TSK1948,TSK0302",,False,,False,0,,8.1,High,Medium,14.5,False,True,4,As needed,1.9,2024-01-02 09:10:14,2025-03-22 11:48:23
TSK1699,Write integration tests,Write integration tests for testing phase of project PRJ024.,Testing,PRJ024,Medium,Complex,24.6,19.8,1,"Supply Chain,Project Management,Lean Six Sigma",Manager,Junior,AWS Certified,7.5,EMP140,2025-08-21,Blocked,45.6,2025-08-24,2025-09-03,,True,179,4,,,"TSK1608,TSK1419",,False,,False,0,,8.3,Medium,Critical,24.1,False,True,2,As needed,2.5,2024-09-15 09:54:25,2024-11-01 15:44:24
TSK1700,Design landing page,Design landing page for design phase of project PRJ020.,Design,PRJ020,Medium,Complex,38.5,28.8,1,Risk Analysis,Designer,Mid,,7.4,EMP171,2025-10-10,Blocked,46.6,2025-10-15,2025-10-29,,True,123,4,,,,TSK0168,False,,False,0,,5.1,High,Medium,30.2,False,True,1,Bi-weekly,1.7,2024-11-03 18:43:36,2024-12-18 16:12:23
TSK1701,Deploy to staging,Deploy to staging for development phase of project PRJ080.,Development,PRJ080,Low,Moderate,5.1,6.6,13,"Sketch,User Research,Illustrator",Designer,Junior,,6.0,EMP059,2024-06-21,In Review,46.6,2024-06-22,2024-06-29,,True,610,1,,,"TSK0746,TSK0124",,False,,False,0,,,Medium,Low,28.4,False,True,3,Bi-weekly,3.2,2024-04-11 17:35:49,2025-05-01 17:30:03
TSK1702,Architecture review,Architecture review for meeting phase of project PRJ028.,Meeting,PRJ028,Medium,Simple,2.9,2.0,13,"Project Management,Excel",Manager,Junior,,4.7,EMP004,2025-09-11,In Review,1.2,2025-09-16,2025-09-23,,True,159,5,,,,,False,,False,0,,6.1,Low,Medium,33.4,True,True,4,Weekly,9.8,2024-07-20 17:44:24,2025-01-25 08:49:54
TSK1703,Test automation,Test automation for testing phase of project PRJ034.,Testing,PRJ034,High,Simple,2.1,1.8,8,"Lean Six Sigma,Excel",Designer,Mid,AWS Certified,4.1,EMP129,2024-06-15,Completed,100.0,2024-06-20,2024-06-29,2024-06-25,False,-4,4,,,,TSK0085,False,7.6,False,0,7.5,,Medium,Critical,23.4,False,True,1,As needed,6.8,2025-04-12 10:05:09,2024-08-26 10:54:08
TSK1704,Technology evaluation,Technology evaluation for research phase of project PRJ056.,Research,PRJ056,Medium,Moderate,6.1,6.1,5,"Negotiation,Prospecting,CRM",Manager,Junior,,5.8,EMP166,2025-08-01,In Progress,71.0,2025-08-05,2025-08-08,,True,205,3,,,,,False,,False,0,,,Low,Medium,20.9,False,True,3,As needed,1.0,2024-03-22 17:52:38,2025-05-27 16:56:29
TSK1705,Kickoff meeting,Kickoff meeting for meeting phase of project PRJ076.,Meeting,PRJ076,Low,Very Complex,47.7,,8,"Negotiation,Prospecting,Communication",Manager,Senior,,4.3,EMP090,2025-05-27,In Review,19.6,2025-05-30,2025-06-14,,True,260,3,"TSK0556,TSK0259",,"TSK0413,TSK0793",,True,,False,0,,,Low,Low,44.4,False,True,2,Bi-weekly,0.7,2024-12-08 13:21:07,2024-10-10 11:49:18
TSK1706,Create mockups,Create mockups for design phase of project PRJ024.,Design,PRJ024,High,Complex,37.2,,3,Copywriting,Designer,Senior,Scrum Master,6.1,,2024-04-28,In Review,17.5,2024-04-30,2024-05-14,,True,656,3,,,"TSK1713,TSK1403",,False,,True,3,,,High,Low,5,True,True,3,Weekly,1.2,2024-02-03 14:22:14,2026-03-01 08:14:38
TSK1707,Build REST API,Build REST API for development phase of project PRJ042.,Development,PRJ042,Critical,Moderate,8.9,10.2,13,"Prototyping,User Research,Adobe XD",Designer,Senior,PMP,5.1,EMP081,2024-10-14,Not Started,21.3,2024-10-16,2024-10-23,,False,0,3,"TSK0433,TSK1399",,"TSK1061,TSK1778",,False,,True,2,,8.6,Medium,Low,28.8,False,True,2,As needed,6.9,2024-03-21 18:17:21,2025-10-21 16:40:37
TSK1708,Technology evaluation,Technology evaluation for research phase of project PRJ030.,Research,PRJ030,Low,Simple,2.4,,1,Social Media,Designer,Senior,PMP,1.9,EMP042,2024-03-15,Not Started,0,2024-03-19,2024-03-27,,False,-4,2,TSK0054,,"TSK0651,TSK1995",,False,,False,0,,6.9,Medium,Medium,10.1,True,False,1,Weekly,2.9,2024-11-17 18:43:04,2025-08-07 10:43:18
TSK1709,Create wireframes,Create wireframes for design phase of project PRJ019.,Design,PRJ019,Medium,Simple,2.1,,1,"Risk Analysis,SAP,Bloomberg",Designer,Junior,,7.5,EMP040,2024-01-20,In Progress,46.8,2024-01-25,2024-01-31,,True,760,4,,,"TSK0383,TSK1275",,False,,False,0,,6.1,Low,High,34.6,False,False,1,Daily,0.7,2025-04-17 17:30:51,2025-05-13 08:31:49
TSK1710,UAT coordination,UAT coordination for testing phase of project PRJ071.,Testing,PRJ071,High,Moderate,11.3,11.7,5,Illustrator,Designer,Junior,,2.0,EMP072,2025-01-07,Blocked,0,2025-01-10,2025-01-21,,True,404,5,,,,,False,,False,0,,,High,Low,5,True,False,3,Daily,8.1,2025-04-10 17:48:31,2025-04-21 15:26:00
TSK1711,Build REST API,Build REST API for development phase of project PRJ010.,Development,PRJ010,High,Very Complex,113.8,,1,"CRM,Communication,Prospecting",Analyst,Senior,,8.3,EMP002,2025-08-07,In Review,33.6,2025-08-08,2025-09-01,,True,181,4,,,,TSK0633,False,,False,0,,,High,Medium,48.0,False,False,3,Weekly,4.2,2025-02-09 12:16:38,2024-07-06 08:14:50
TSK1712,Release notes,Release notes for documentation phase of project PRJ079.,Documentation,PRJ079,Low,Moderate,13.5,,3,Power BI,Designer,Senior,,6.3,EMP162,2025-01-03,In Review,27.9,2025-01-07,2025-01-17,,True,408,1,,,,,False,,True,1,,,Low,Medium,6.8,False,True,3,Daily,6.6,2024-04-16 15:19:42,2025-12-20 14:13:33
TSK1713,Technology evaluation,Technology evaluation for research phase of project PRJ068.,Research,PRJ068,Medium,Simple,4.0,3.9,2,Photoshop,Tester,Junior,PMP,7.3,EMP106,2025-08-04,Not Started,5.7,2025-08-09,2025-08-13,,False,-2,3,,,"TSK1496,TSK0825",,False,,True,2,,8.7,High,Low,65.9,False,False,2,Weekly,3.0,2024-05-28 11:27:48,2025-12-18 16:50:13
TSK1714,Code review,Code review for development phase of project PRJ019.,Development,PRJ019,Medium,Simple,3.2,,3,"Negotiation,Prospecting",Analyst,Senior,,8.2,EMP009,2024-05-21,Blocked,8.6,2024-05-24,2024-05-26,,True,644,3,,"TSK1718,TSK1721","TSK1069,TSK1453",,False,,False,0,,8.8,Medium,Medium,75.8,False,True,2,As needed,8.7,2024-03-03 08:12:26,2026-01-06 08:16:45
TSK1715,Create wireframes,Create wireframes for design phase of project PRJ049.,Design,PRJ049,Low,Simple,2.4,,13,"Lean Six Sigma,ERP,Supply Chain",Analyst,Mid,Scrum Master,4.9,EMP065,2024-10-02,In Review,22.6,2024-10-07,2024-10-13,,True,504,4,,,"TSK1042,TSK1557",,False,,True,1,,8.6,High,Low,42.1,True,False,1,As needed,1.7,2024-09-18 10:08:15,2024-10-10 18:46:15
TSK1716,Test automation,Test automation for testing phase of project PRJ081.,Testing,PRJ081,High,Moderate,4.8,3.5,2,Adobe XD,Manager,Senior,,4.9,EMP169,2024-08-03,Completed,100.0,2024-08-05,2024-08-10,2024-08-14,False,-3,1,"TSK1195,TSK0892",,"TSK1790,TSK0359",,False,5.3,False,0,7.1,4.9,Medium,Medium,9.8,False,False,2,As needed,4.9,2024-02-07 11:09:36,2025-06-02 09:30:54
TSK1717,Build REST API,Build REST API for development phase of project PRJ092.,Development,PRJ092,Medium,Moderate,15.1,14.3,13,HRIS,Manager,Junior,AWS Certified,5.0,EMP025,2025-04-16,Completed,100.0,2025-04-20,2025-04-24,2025-04-29,False,-4,3,,,"TSK1345,TSK0664",TSK0637,False,8.8,True,3,9.1,5.1,High,High,28.6,False,True,2,As needed,8.2,2025-03-15 12:58:25,2025-12-21 11:06:35
TSK1718,Create onboarding docs,Create onboarding docs for documentation phase of project PRJ064.,Documentation,PRJ064,Low,Moderate,5.3,6.7,1,Project Management,Manager,Mid,,3.4,EMP012,,In Review,39.6,2024-12-22,2024-12-27,,True,429,3,TSK0915,TSK1728,"TSK0525,TSK0655",,False,,False,0,,5.5,Low,High,5,True,True,5,Weekly,0.1,2024-06-20 09:59:12,2024-12-26 12:30:00
TSK1719,Release notes,Release notes for documentation phase of project PRJ037.,Documentation,PRJ037,High,Moderate,10.7,,5,"Content Marketing,Social Media,Email Marketing",Designer,Mid,,2.1,EMP071,,In Progress,33.3,2025-06-05,2025-06-16,,True,258,4,,,"TSK1592,TSK0766",TSK1112,True,,True,3,,6.4,High,Critical,46.2,False,False,3,As needed,6.6,2025-05-14 14:35:18,2024-06-27 17:14:34
TSK1720,Deploy to staging,Deploy to staging for development phase of project PRJ010.,Development,PRJ010,High,Simple,2.2,,2,"Docker,Python",Manager,Junior,,7.0,EMP042,2024-09-20,Not Started,59.5,2024-09-25,2024-10-01,,False,-4,1,"TSK1037,TSK0054",,,TSK0507,True,,True,1,,,Low,Low,44.7,False,True,2,Daily,9.8,2024-10-29 16:07:06,2024-08-27 10:36:30
TSK1721,Root cause analysis,Root cause analysis for analysis phase of project PRJ055.,Analysis,PRJ055,Medium,Complex,16.7,,3,Excel,Manager,Senior,Scrum Master,4.8,EMP174,2024-12-04,Not Started,47.7,2024-12-05,2024-12-17,,False,-5,3,,,"TSK0838,TSK0418",,False,,False,0,,,High,Critical,31.7,True,True,3,Weekly,4.3,2025-02-06 10:36:13,2026-01-06 17:42:40
TSK1722,Process documentation,Process documentation for documentation phase of project PRJ064.,Documentation,PRJ064,Medium,Simple,3.8,3.0,5,"SEO,Email Marketing",Analyst,Mid,AWS Certified,4.1,EMP109,2024-02-13,Not Started,18.5,2024-02-16,2024-02-26,,False,-3,3,,,,,False,,True,3,,7.9,Medium,Critical,24.7,False,False,1,Daily,3.1,2025-03-27 11:01:46,2025-10-28 18:58:23
TSK1723,Create onboarding docs,Create onboarding docs for documentation phase of project PRJ022.,Documentation,PRJ022,Medium,Simple,1.9,,1,"Copywriting,Content Marketing,Google Analytics",Manager,Senior,,7.4,EMP052,2025-02-02,Blocked,25.2,2025-02-04,2025-02-09,,True,385,5,TSK0469,,,,True,,True,2,,8.0,Low,Medium,32.8,False,True,5,Bi-weekly,2.8,2025-04-10 10:52:35,2024-11-10 14:58:07
TSK1724,Update user guide,Update user guide for documentation phase of project PRJ053.,Documentation,PRJ053,Medium,Moderate,11.5,9.1,2,"User Research,Sketch,Illustrator",Tester,Senior,,5.3,EMP128,2025-06-01,Completed,100.0,2025-06-03,2025-06-10,2025-06-13,False,-5,5,,,"TSK1044,TSK1980",,False,7.8,False,0,8.0,7.1,Medium,Low,21.7,False,True,2,As needed,9.4,2024-01-22 15:25:26,2026-01-02 17:12:42
TSK1725,User research,User research for research phase of project PRJ015.,Research,PRJ015,High,Complex,19.2,14.8,3,Adobe Suite,Manager,Senior,,6.6,EMP060,2024-08-01,Completed,100.0,2024-08-04,2024-08-10,2024-08-15,False,-2,5,,,,,False,6.7,False,0,9.5,6.6,High,High,5,True,True,3,As needed,7.8,2024-12-29 17:45:37,2024-12-13 13:12:32
TSK1726,Write integration tests,Write integration tests for testing phase of project PRJ073.,Testing,PRJ073,High,Complex,18.3,17.0,8,"Lean Six Sigma,Excel,Supply Chain",Designer,Mid,,3.7,EMP051,2024-06-30,In Review,0,2024-07-02,2024-07-09,,True,600,1,,,"TSK1314,TSK0410",,False,,False,0,,9.5,High,Critical,10.7,False,True,3,As needed,2.9,2024-09-15 11:39:50,2026-02-28 10:00:53
TSK1727,KPI review,KPI review for analysis phase of project PRJ055.,Analysis,PRJ055,Low,Simple,1.2,,1,Copywriting,Analyst,Senior,,2.8,EMP125,2024-06-28,Blocked,26.7,2024-07-02,2024-07-09,,True,600,4,"TSK1186,TSK0953",,,,False,,False,0,,,Medium,Low,5,False,False,3,As needed,0.3,2024-10-30 13:25:31,2025-06-09 16:01:51
TSK1728,Kickoff meeting,Kickoff meeting for meeting phase of project PRJ075.,Meeting,PRJ075,High,Complex,19.8,,2,"Figma,User Research,Photoshop",Tester,Junior,,5.5,EMP076,2025-09-03,Not Started,41.4,2025-09-04,2025-09-14,,False,-3,5,,,,,True,,True,2,,8.6,Medium,Low,37.5,True,True,4,As needed,4.7,2024-07-05 08:48:42,2025-10-21 16:50:15
TSK1729,Architecture review,Architecture review for meeting phase of project PRJ017.,Meeting,PRJ017,Medium,Moderate,8.3,,5,"TypeScript,PostgreSQL,MongoDB",Developer,Mid,,6.9,EMP120,,Not Started,8.9,2025-10-04,2025-10-08,,False,-1,4,,,"TSK1820,TSK1861",,False,,False,0,,,Low,Medium,5,True,False,5,Weekly,7.7,2024-12-19 08:39:58,2025-09-20 12:53:37
TSK1730,Write API docs,Write API docs for documentation phase of project PRJ090.,Documentation,PRJ090,High,Moderate,4.5,,3,VBA,Designer,Junior,Scrum Master,5.3,EMP092,2025-04-13,Blocked,54.7,2025-04-17,2025-04-20,,True,315,5,TSK1208,"TSK1737,TSK1748","TSK0234,TSK1678",,False,,False,0,,,Medium,Low,38.1,True,True,4,Bi-weekly,2.4,2024-11-28 11:08:54,2024-11-21 15:01:46
TSK1731,Release notes,Release notes for documentation phase of project PRJ056.,Documentation,PRJ056,High,Moderate,9.6,11.5,8,Bloomberg,Developer,Senior,,4.4,EMP032,2025-02-22,In Progress,12.3,2025-02-27,2025-03-09,,True,357,4,,,,,True,,False,0,,5.9,Low,Critical,26.5,True,False,3,Weekly,6.3,2024-01-14 12:26:21,2025-11-28 16:27:13
TSK1732,Release notes,Release notes for documentation phase of project PRJ032.,Documentation,PRJ032,Low,Complex,31.5,37.8,2,"Training,Employment Law,Workday",Tester,Junior,,3.8,EMP172,2024-07-01,Not Started,5.4,2024-07-05,2024-07-12,,False,-5,4,,,"TSK0184,TSK1064",,True,,False,0,,8.3,Low,Critical,14.2,False,False,1,Daily,4.5,2024-11-24 09:27:54,2025-09-11 14:50:42
TSK1733,Write API docs,Write API docs for documentation phase of project PRJ032.,Documentation,PRJ032,Medium,Simple,3.8,4.6,2,"Rust,Python",Analyst,Senior,Scrum Master,5.6,EMP024,2023-12-30,Blocked,61.0,2024-01-03,2024-01-08,,True,783,3,"TSK1554,TSK1539",,,,False,,False,0,,,High,Low,49.8,False,True,4,Daily,3.3,2025-03-23 13:21:52,2024-11-05 08:20:17
TSK1734,Write API docs,Write API docs for documentation phase of project PRJ028.,Documentation,PRJ028,Medium,Complex,23.1,,13,"Sketch,User Research,Figma",Manager,Junior,,8.8,,2024-11-01,Blocked,65.9,2024-11-04,2024-11-16,,True,470,4,"TSK1634,TSK0612",,,TSK1072,False,,False,0,,,High,High,29.8,True,False,1,Bi-weekly,5.3,2025-01-11 15:54:57,2025-01-27 13:34:32
TSK1735,Test automation,Test automation for testing phase of project PRJ034.,Testing,PRJ034,Medium,Moderate,5.5,4.2,2,"Financial Modeling,Bloomberg,Excel",Tester,Junior,,7.2,EMP034,2024-11-27,Completed,100.0,2024-11-28,2024-12-07,2024-12-10,False,-2,1,,,"TSK0350,TSK1609",TSK0605,False,8.6,False,0,8.5,,High,High,20.5,False,False,3,Bi-weekly,8.8,2025-02-18 18:57:42,2025-08-15 18:05:57
TSK1736,Load testing,Load testing for testing phase of project PRJ024.,Testing,PRJ024,Medium,Moderate,11.4,,3,"ERP,Lean Six Sigma,Power BI",Designer,Mid,,6.1,EMP166,2025-03-29,In Progress,46.7,2025-03-31,2025-04-08,,True,327,1,,,"TSK0791,TSK0778",TSK1075,True,,False,0,,,High,Low,15.7,False,True,2,Bi-weekly,8.3,2024-07-03 08:29:26,2026-01-10 13:57:54
TSK1737,Build design system,Build design system for design phase of project PRJ052.,Design,PRJ052,Medium,Complex,18.7,,13,"Supply Chain,ERP",Analyst,Senior,,4.3,,2025-06-16,Blocked,33.5,2025-06-19,2025-06-27,,True,247,2,,,,TSK0606,False,,True,3,,6.3,Low,Medium,13.9,False,True,2,Bi-weekly,0.7,2024-04-23 12:59:21,2025-12-01 17:11:39
TSK1738,Feasibility study,Feasibility study for research phase of project PRJ004.,Research,PRJ004,High,Complex,18.1,23.7,13,"Communication,CRM,Salesforce",Tester,Mid,,6.4,EMP101,2025-07-27,Not Started,78.6,2025-07-29,2025-08-03,,False,-4,5,,,,TSK1269,False,,False,0,,7.0,Medium,High,27.5,False,True,5,Bi-weekly,8.1,2025-05-16 13:50:27,2025-01-22 11:32:58
TSK1739,User research,User research for research phase of project PRJ076.,Research,PRJ076,Medium,Simple,1.7,1.9,2,Employment Law,Manager,Junior,,5.0,EMP105,2024-02-18,Completed,100.0,2024-02-23,2024-03-03,2024-03-02,False,0,1,,,,,False,7.0,True,2,8.5,7.4,High,Critical,48.8,False,False,2,As needed,9.4,2024-02-04 14:08:28,2025-09-09 15:54:40
TSK1740,KPI review,KPI review for analysis phase of project PRJ066.,Analysis,PRJ066,Medium,Moderate,10.7,,2,"Workday,Recruiting,HRIS",Tester,Mid,,4.9,EMP097,2024-11-17,Not Started,8.2,2024-11-18,2024-11-27,,False,-5,2,,,"TSK0664,TSK0821",,False,,False,0,,,Medium,Critical,24.6,False,True,2,As needed,1.5,2024-08-19 13:38:59,2024-10-26 12:37:04
TSK1741,Competitor analysis,Competitor analysis for research phase of project PRJ088.,Research,PRJ088,Low,Simple,1.6,1.6,1,"Lean Six Sigma,Power BI,Excel",Analyst,Junior,Scrum Master,6.8,EMP119,2024-05-08,Completed,100.0,2024-05-12,2024-05-17,2024-05-14,False,-3,5,,,,TSK0029,True,8.3,False,0,6.6,5.8,Medium,Medium,23.3,False,False,3,Bi-weekly,1.2,2024-01-02 10:18:54,2026-02-07 11:29:44
TSK1742,Build design system,Build design system for design phase of project PRJ099.,Design,PRJ099,Medium,Simple,2.7,,3,Excel,Analyst,Mid,,4.4,EMP101,2024-11-23,Blocked,5.8,2024-11-27,2024-12-02,,True,454,2,,,"TSK0080,TSK1378",,False,,False,0,,8.3,High,Medium,24.1,True,False,2,As needed,7.9,2025-01-09 08:09:45,2024-09-12 17:00:15
TSK1743,Icon set design,Icon set design for design phase of project PRJ034.,Design,PRJ034,High,Simple,3.5,2.8,8,"HRIS,SAP HR,Recruiting",Manager,Senior,,3.1,EMP055,2024-09-24,In Progress,57.3,2024-09-25,2024-10-02,,True,515,4,,,,,False,,False,0,,7.1,Low,Low,52.5,False,False,5,Bi-weekly,8.6,2025-05-04 11:28:48,2025-05-08 14:52:05
TSK1744,Technology evaluation,Technology evaluation for research phase of project PRJ072.,Research,PRJ072,High,Moderate,12.4,14.4,2,"Negotiation,Salesforce",Manager,Junior,AWS Certified,3.5,EMP096,2025-04-17,Completed,100.0,2025-04-19,2025-04-27,2025-04-26,False,-5,1,"TSK1122,TSK0097",,"TSK0241,TSK1075",,False,8.2,False,0,6.5,,Medium,High,19.3,False,True,4,Daily,2.9,2024-06-17 17:29:25,2024-06-06 11:16:27
TSK1745,Refactor database layer,Refactor database layer for development phase of project PRJ085.,Development,PRJ085,Low,Complex,31.6,,3,Excel,Developer,Mid,Scrum Master,2.2,EMP082,2024-12-06,In Progress,24.4,2024-12-10,2024-12-23,,True,433,2,TSK1256,,"TSK1391,TSK0300",TSK1447,False,,True,2,,10.0,Medium,Critical,35.0,True,True,3,As needed,5.0,2024-12-24 09:13:33,2024-11-30 18:55:50
TSK1746,Write integration tests,Write integration tests for testing phase of project PRJ037.,Testing,PRJ037,Medium,Simple,4.0,,2,Node.js,Manager,Mid,Scrum Master,4.4,EMP121,2025-02-18,In Review,33.0,2025-02-21,2025-02-25,,True,369,4,,,,,True,,True,1,,9.5,Low,Critical,22.8,True,True,2,Weekly,2.5,2024-01-15 12:47:10,2025-04-10 12:46:04
TSK1747,Load testing,Load testing for testing phase of project PRJ074.,Testing,PRJ074,Low,Simple,2.7,,8,Training,Manager,Junior,,4.1,EMP194,2024-08-18,In Progress,88.7,2024-08-19,2024-08-23,,True,555,3,,TSK1750,,,False,,False,0,,,Low,Critical,5.7,True,True,2,Weekly,4.7,2025-01-10 12:43:39,2024-10-17 15:26:40
TSK1748,Regression test suite,Regression test suite for testing phase of project PRJ015.,Testing,PRJ015,Medium,Simple,2.1,2.2,3,"CRM,Salesforce,HubSpot",Developer,Junior,,5.0,EMP112,2025-02-09,Not Started,61.7,2025-02-14,2025-02-23,,False,-3,3,,,,,False,,False,0,,7.3,Low,Medium,21.3,False,True,3,Weekly,6.8,2024-03-12 17:03:58,2024-06-24 14:49:49
TSK1749,Process documentation,Process documentation for documentation phase of project PRJ042.,Documentation,PRJ042,High,Moderate,13.4,15.0,3,"Bloomberg,Risk Analysis,SAP",Tester,Senior,PMP,1,EMP029,2024-02-27,In Progress,52.8,2024-03-01,2024-03-11,,True,720,1,TSK0078,,"TSK1505,TSK1554",,False,,False,0,,,Medium,Medium,54.6,False,False,1,Bi-weekly,4.8,2025-05-05 09:27:43,2025-10-12 10:26:46
TSK1750,Build design system,Build design system for design phase of project PRJ031.,Design,PRJ031,Critical,Simple,3.8,,13,SAP,Designer,Junior,Scrum Master,5.9,EMP139,2024-04-29,In Review,81.3,2024-05-02,2024-05-04,,True,666,3,,,,,False,,False,0,,5.7,High,Critical,14.7,False,True,2,Daily,6.0,2024-12-08 16:28:44,2026-02-12 10:56:50
TSK1751,Refactor database layer,Refactor database layer for development phase of project PRJ002.,Development,PRJ002,Critical,Complex,30.1,,2,"Excel,CRM",Developer,Mid,PMP,1.5,EMP056,2024-09-22,In Progress,23.4,2024-09-23,2024-10-01,,True,516,5,,,"TSK1806,TSK0139",,False,,False,0,,,Low,Low,17.3,False,False,4,As needed,6.5,2024-10-14 17:25:30,2024-10-01 09:36:26
TSK1752,Add unit tests,Add unit tests for development phase of project PRJ038.,Development,PRJ038,Low,Simple,2.0,2.1,5,"Communication,Salesforce,Excel",Manager,Junior,,3.7,EMP169,2025-03-26,Completed,100.0,2025-03-28,2025-04-03,2025-04-07,False,0,2,,,,,False,7.4,True,2,8.2,,Medium,High,34.9,False,True,4,Bi-weekly,5.8,2025-02-10 14:31:06,2025-03-04 17:47:25
TSK1753,Brand refresh,Brand refresh for design phase of project PRJ078.,Design,PRJ078,Medium,Moderate,7.7,6.9,8,Illustrator,Analyst,Junior,,3.7,EMP003,2024-04-30,Completed,100.0,2024-05-05,2024-05-10,2024-05-08,False,-4,3,,TSK1766,,,False,5.4,False,0,5.6,9.4,Medium,Critical,64.7,False,True,2,As needed,6.4,2024-04-07 12:29:28,2024-06-18 08:57:49
TSK1754,KPI review,KPI review for analysis phase of project PRJ093.,Analysis,PRJ093,High,Simple,3.5,4.8,2,"HRIS,Recruiting,Training",Analyst,Mid,,3.9,EMP065,2024-01-22,Completed,100.0,2024-01-24,2024-01-26,2024-01-30,False,-2,2,TSK0546,,"TSK0325,TSK0073",,False,5.8,False,0,7.6,7.4,Low,Medium,24.6,True,True,4,Bi-weekly,7.9,2025-03-21 09:02:17,2024-07-02 18:47:21
TSK1755,Update user guide,Update user guide for documentation phase of project PRJ062.,Documentation,PRJ062,Low,Moderate,5.5,,3,Adobe Suite,Manager,Mid,Scrum Master,4.4,EMP191,2024-11-02,In Progress,54.0,2024-11-04,2024-11-07,,True,479,5,,,"TSK0699,TSK0465",,False,,False,0,,8.5,Medium,Critical,17.0,False,False,3,Daily,10.0,2025-04-09 09:48:35,2025-11-21 14:25:33
TSK1756,Process documentation,Process documentation for documentation phase of project PRJ020.,Documentation,PRJ020,High,Moderate,10.1,7.7,8,"Rust,Go,React",Designer,Junior,PMP,5.8,EMP110,2024-11-25,In Review,41.9,2024-11-26,2024-12-01,,True,455,1,,TSK1763,,,False,,False,0,,6.9,High,Medium,49.8,False,True,2,Weekly,2.9,2024-11-24 11:34:30,2025-07-19 08:52:15
TSK1757,Design landing page,Design landing page for design phase of project PRJ080.,Design,PRJ080,Medium,Complex,30.2,24.3,8,"QuickBooks,Risk Analysis,VBA",Manager,Junior,,5.9,EMP098,2024-10-07,Not Started,39.3,2024-10-12,2024-10-21,,False,-1,2,"TSK0436,TSK0078",,"TSK1770,TSK1534",,False,,False,0,,10,High,High,21.8,False,False,2,Daily,2.5,2024-08-05 16:57:34,2026-02-03 17:26:21
TSK1758,Regression test suite,Regression test suite for testing phase of project PRJ077.,Testing,PRJ077,Medium,Moderate,9.3,,5,"Power BI,Excel,Supply Chain",Tester,Mid,Scrum Master,3.6,,2024-06-26,Blocked,0,2024-06-30,2024-07-03,,True,606,2,,,,,False,,False,0,,8.6,High,High,12.3,False,True,4,As needed,8.9,2025-03-18 12:59:33,2025-02-14 15:17:48
TSK1759,UAT coordination,UAT coordination for testing phase of project PRJ016.,Testing,PRJ016,Medium,Moderate,14.6,,3,"Google Analytics,Email Marketing,A/B Testing",Tester,Junior,,5.6,EMP137,2025-05-16,Not Started,76.2,2025-05-20,2025-05-31,,False,-4,3,,,"TSK1745,TSK0533",,False,,False,0,,7.7,Low,Medium,23.0,False,True,5,Daily,4.3,2025-04-01 10:54:08,2025-03-12 11:39:30
TSK1760,Technology evaluation,Technology evaluation for research phase of project PRJ021.,Research,PRJ021,High,Simple,2.4,3.2,5,"QuickBooks,Risk Analysis",Tester,Senior,,3.2,EMP134,2024-03-13,In Progress,82.7,2024-03-16,2024-03-19,,True,712,3,,,"TSK1652,TSK1857",,False,,False,0,,,Medium,Low,34.2,False,False,1,Bi-weekly,9.8,2024-08-31 11:30:56,2025-12-18 08:07:16
TSK1761,Icon set design,Icon set design for design phase of project PRJ092.,Design,PRJ092,Medium,Moderate,11.1,,3,"Risk Analysis,Financial Modeling,QuickBooks",Manager,Mid,Scrum Master,3.9,EMP100,2025-08-02,In Review,37.2,2025-08-06,2025-08-14,,True,199,2,,,,,False,,False,0,,9.6,Medium,Critical,24.7,False,False,5,Bi-weekly,7.1,2024-11-17 17:25:56,2025-05-22 09:12:07
TSK1762,Design landing page,Design landing page for design phase of project PRJ068.,Design,PRJ068,Low,Simple,3.2,,5,"Workday,Conflict Resolution",Designer,Junior,,4.5,EMP051,2024-07-29,In Review,27.4,2024-08-03,2024-08-13,,True,565,3,,,"TSK1973,TSK0923",,False,,True,2,,,Medium,Critical,38.8,False,True,2,Weekly,4.5,2024-09-10 10:32:26,2025-04-10 15:33:40
TSK1763,Competitor analysis,Competitor analysis for research phase of project PRJ023.,Research,PRJ023,High,Complex,28.0,,5,"Adobe XD,Photoshop",Analyst,Mid,AWS Certified,7.3,EMP061,2024-01-16,Not Started,7.9,2024-01-21,2024-02-01,,False,-4,3,,,,,False,,False,0,,,Low,High,38.6,False,True,4,Bi-weekly,7.4,2025-04-15 18:05:53,2025-10-31 14:16:56
TSK1764,Refactor database layer,Refactor database layer for development phase of project PRJ037.,Development,PRJ037,Critical,Moderate,13.1,,3,"CRM,Salesforce",Developer,Mid,,7.2,EMP001,2024-02-19,In Progress,0,2024-02-20,2024-02-26,,True,734,1,"TSK0226,TSK0196",TSK1773,"TSK1167,TSK0213",,False,,False,0,,9.3,Low,High,30.6,False,False,5,Weekly,1.5,2024-06-06 15:29:23,2025-02-14 12:46:06
TSK1765,Data analysis,Data analysis for analysis phase of project PRJ005.,Analysis,PRJ005,Medium,Simple,3.9,,13,"Adobe XD,Figma,User Research",Designer,Junior,,2.2,EMP018,2024-10-08,Blocked,45.2,2024-10-13,2024-10-16,,True,501,4,,TSK1769,,,False,,False,0,,10,High,Critical,47.5,False,True,1,Weekly,6.8,2024-03-08 09:46:51,2025-04-20 14:37:38
TSK1766,Performance report,Performance report for analysis phase of project PRJ058.,Analysis,PRJ058,Critical,Very Complex,114.1,149.7,8,Supply Chain,Developer,Junior,PMP,5.3,EMP120,2024-09-18,Not Started,8.8,2024-09-21,2024-10-12,,False,-1,4,"TSK1293,TSK0952",,"TSK0026,TSK0841",,False,,False,0,,9.9,High,Medium,50.5,False,False,2,Daily,0.2,2025-04-24 16:49:31,2025-10-27 12:34:55
TSK1767,Release notes,Release notes for documentation phase of project PRJ082.,Documentation,PRJ082,High,Complex,13.9,,1,Google Analytics,Designer,Mid,,4.6,EMP010,2025-02-14,Not Started,47.6,2025-02-15,2025-02-23,,False,-1,4,,,,,False,,False,0,,6.5,Low,Medium,57.2,False,True,3,Daily,1.2,2025-05-31 08:23:13,2025-11-07 18:46:32
TSK1768,Design landing page,Design landing page for design phase of project PRJ076.,Design,PRJ076,Medium,Simple,1.2,,13,"Figma,Illustrator",Designer,Mid,,8.0,EMP025,2025-11-17,Blocked,61.8,2025-11-21,2025-11-30,,True,91,4,,TSK1787,,TSK0928,True,,False,0,,,Low,Low,62.5,False,True,1,Weekly,1.5,2024-06-30 12:25:03,2025-09-17 14:11:54
TSK1769,Feasibility study,Feasibility study for research phase of project PRJ027.,Research,PRJ027,High,Moderate,10.8,,1,Rust,Designer,Senior,AWS Certified,6.0,EMP063,2024-06-17,In Progress,49.7,2024-06-21,2024-07-02,,True,607,3,,,"TSK1699,TSK1610",,True,,False,0,,,Low,High,36.6,False,True,4,Weekly,7.0,2025-04-30 13:42:35,2024-08-23 17:50:02
TSK1770,Release notes,Release notes for documentation phase of project PRJ089.,Documentation,PRJ089,Low,Complex,30.6,,5,"Recruiting,Employment Law",Analyst,Mid,,3.2,EMP115,2024-07-28,Not Started,45.9,2024-07-31,2024-08-08,,False,0,1,,,"TSK1057,TSK1044",TSK1134,False,,False,0,,,High,High,55.6,False,True,2,As needed,0.8,2025-05-06 13:55:44,2025-10-02 14:14:41
TSK1771,Write API docs,Write API docs for documentation phase of project PRJ047.,Documentation,PRJ047,Medium,Simple,1.3,1.6,3,"Email Marketing,Adobe Suite,Copywriting",Developer,Junior,Scrum Master,2.9,EMP109,2024-08-04,In Review,51.8,2024-08-07,2024-08-09,,True,569,2,TSK1437,,"TSK0679,TSK0415",,True,,False,0,,9.3,High,High,40.4,True,False,5,Bi-weekly,9.5,2024-02-14 12:15:00,2024-10-17 18:48:13
TSK1772,Performance report,Performance report for analysis phase of project PRJ072.,Analysis,PRJ072,Medium,Moderate,4.8,3.6,1,Power BI,Tester,Junior,Scrum Master,2.1,EMP034,2024-04-18,Blocked,4.3,2024-04-21,2024-04-27,,True,673,4,"TSK0138,TSK0375",,,TSK0662,False,,False,0,,9.2,Low,Medium,17.4,True,True,2,As needed,2.6,2024-08-16 08:42:09,2025-03-28 11:38:02
TSK1773,Write API docs,Write API docs for documentation phase of project PRJ086.,Documentation,PRJ086,Medium,Moderate,11.8,,13,Negotiation,Tester,Mid,,8.3,EMP129,2024-08-11,In Progress,52.5,2024-08-12,2024-08-19,,True,559,4,,,"TSK1730,TSK1881",,False,,False,0,,7.5,High,High,28.8,False,True,1,Weekly,5.4,2024-03-09 15:55:13,2025-06-06 11:53:16
TSK1774,KPI review,KPI review for analysis phase of project PRJ096.,Analysis,PRJ096,High,Complex,31.0,,8,Email Marketing,Analyst,Senior,,5.6,,2024-12-03,Not Started,0,2024-12-06,2024-12-20,,False,-1,5,"TSK1169,TSK1327",,"TSK0955,TSK0037",,True,,False,0,,,Medium,Medium,5,False,True,1,Weekly,4.1,2024-09-08 09:32:40,2024-12-09 10:15:43
TSK1775,Write API docs,Write API docs for documentation phase of project PRJ073.,Documentation,PRJ073,Medium,Complex,37.6,46.7,2,"Sketch,Illustrator",Manager,Mid,,2.1,EMP094,2024-03-24,In Progress,74.8,2024-03-25,2024-04-10,,True,690,3,TSK1600,,"TSK1327,TSK0297",,False,,False,0,,,Low,High,48.8,False,False,3,Daily,6.5,2025-04-07 16:55:20,2024-11-30 14:12:29
TSK1776,Create wireframes,Create wireframes for design phase of project PRJ008.,Design,PRJ008,Low,Moderate,15.2,,13,SEO,Analyst,Mid,PMP,5.6,EMP130,2024-03-20,In Progress,53.0,2024-03-24,2024-04-02,,True,698,4,TSK0609,,,TSK1719,False,,False,0,,9.6,High,Low,23.6,False,True,1,Daily,9.8,2024-02-18 17:18:23,2024-08-02 10:23:17
TSK1777,Create onboarding docs,Create onboarding docs for documentation phase of project PRJ022.,Documentation,PRJ022,High,Complex,42.9,49.4,13,"TypeScript,SQL,Rust",Analyst,Senior,,2.2,EMP016,2024-03-28,Completed,100.0,2024-04-01,2024-04-15,2024-04-15,False,-5,3,,,"TSK0079,TSK1098",,False,6.5,True,3,9.0,8.3,Low,Critical,70.8,False,False,2,Daily,0.3,2024-05-18 10:17:22,2024-06-27 10:45:21
TSK1778,Metrics dashboard,Metrics dashboard for analysis phase of project PRJ078.,Analysis,PRJ078,Low,Moderate,9.7,,13,"SEO,Social Media",Analyst,Senior,AWS Certified,4.9,EMP139,2024-03-20,In Progress,21.9,2024-03-22,2024-03-29,,True,702,5,TSK1055,,"TSK0690,TSK1118",,False,,False,0,,,Low,Low,25.6,True,False,1,Weekly,0.5,2024-09-30 12:49:22,2025-12-30 12:01:25
TSK1779,Write integration tests,Write integration tests for testing phase of project PRJ048.,Testing,PRJ048,Low,Moderate,5.3,,3,SQL,Developer,Mid,PMP,4.9,EMP186,2024-06-28,In Review,73.6,2024-07-01,2024-07-03,,True,606,2,,,"TSK1191,TSK0630",,True,,True,2,,5.7,High,Medium,5,False,True,4,Daily,2.2,2024-11-18 08:56:42,2025-09-08 15:41:10
TSK1780,Feasibility study,Feasibility study for research phase of project PRJ075.,Research,PRJ075,Medium,Complex,30.1,,1,Risk Analysis,Analyst,Junior,,4.9,EMP122,2025-03-20,Not Started,30.5,2025-03-25,2025-04-07,,False,0,2,,,"TSK0412,TSK0558",,False,,True,3,,6.6,Medium,High,17.3,False,True,5,As needed,9.1,2024-02-04 12:34:56,2024-08-11 08:38:57
TSK1781,Add unit tests,Add unit tests for development phase of project PRJ045.,Development,PRJ045,High,Moderate,8.5,7.5,1,"Communication,Prospecting",Analyst,Senior,,2.0,EMP165,2025-09-23,Completed,100.0,2025-09-25,2025-10-04,2025-10-04,False,-3,4,,,"TSK0973,TSK0169",,False,8.8,False,0,7.9,,Medium,Critical,27.9,False,True,3,Daily,6.6,2024-09-12 09:21:24,2024-09-17 09:39:44
TSK1782,Icon set design,Icon set design for design phase of project PRJ029.,Design,PRJ029,Medium,Moderate,8.8,6.5,1,"Risk Analysis,Excel,Bloomberg",Tester,Senior,,8.6,EMP025,2024-10-01,Completed,100.0,2024-10-05,2024-10-12,2024-10-12,False,0,4,TSK0124,,"TSK1026,TSK1463",,False,5.4,False,0,8.3,5.4,Medium,High,5,True,True,5,Daily,6.7,2024-11-09 08:26:09,2025-08-01 15:58:19
TSK1783,Performance report,Performance report for analysis phase of project PRJ076.,Analysis,PRJ076,Low,Moderate,14.0,,2,"Conflict Resolution,SAP HR",Developer,Mid,AWS Certified,7.0,EMP042,2024-12-08,In Review,3.6,2024-12-12,2024-12-21,,True,435,4,,,"TSK1158,TSK0065",,False,,False,0,,7.2,Medium,Low,30.3,True,True,2,Bi-weekly,9.3,2025-04-14 14:18:53,2025-07-01 09:05:14
TSK1784,Icon set design,Icon set design for design phase of project PRJ074.,Design,PRJ074,Medium,Simple,1.7,2.2,3,"Django,Node.js,Docker",Designer,Senior,,2.6,EMP191,2025-08-22,Completed,100.0,2025-08-25,2025-08-27,2025-08-29,False,0,1,,,"TSK0412,TSK0186",,True,7.6,False,0,7.3,,Medium,Medium,6.6,True,True,2,Daily,8.9,2024-01-15 08:10:56,2025-07-05 15:38:36
TSK1785,Build design system,Build design system for design phase of project PRJ041.,Design,PRJ041,High,Simple,3.0,3.0,5,"Kubernetes,Python,Java",Analyst,Senior,,6.2,EMP170,2024-03-19,Completed,100.0,2024-03-23,2024-04-01,2024-03-29,False,-2,4,,"TSK1790,TSK1797","TSK0146,TSK0650",TSK0538,True,5.6,True,3,7.8,,Low,High,34.3,False,False,2,Bi-weekly,0.1,2025-04-21 13:19:21,2024-07-27 13:35:02
TSK1786,Sprint planning,Sprint planning for meeting phase of project PRJ072.,Meeting,PRJ072,Low,Moderate,12.0,,3,"Copywriting,Social Media",Analyst,Senior,,5.1,EMP145,2024-02-15,In Review,23.2,2024-02-18,2024-02-25,,True,735,3,"TSK0928,TSK0802",,,,False,,False,0,,8.5,Medium,Medium,16.3,False,False,2,Bi-weekly,9.7,2024-11-25 09:20:14,2024-07-28 14:12:12
TSK1787,Impact assessment,Impact assessment for analysis phase of project PRJ093.,Analysis,PRJ093,Medium,Simple,1.3,,8,"Project Management,Lean Six Sigma",Manager,Mid,,4.7,EMP130,2025-11-15,Not Started,58.1,2025-11-19,2025-11-24,,False,-4,2,,,,,True,,False,0,,4.8,High,Low,31.5,True,False,5,Bi-weekly,5.4,2025-01-14 08:36:05,2024-09-20 13:55:42
TSK1788,Brand refresh,Brand refresh for design phase of project PRJ020.,Design,PRJ020,High,Moderate,11.8,,1,"Sketch,User Research,Illustrator",Tester,Junior,PMP,4.9,EMP068,2025-04-03,Not Started,30.2,2025-04-07,2025-04-18,,False,-5,5,,"TSK1802,TSK1801","TSK0537,TSK0362",,False,,False,0,,,Medium,Low,60.0,False,False,4,Daily,3.1,2024-12-28 15:11:56,2025-03-20 18:21:33
TSK1789,Update user guide,Update user guide for documentation phase of project PRJ064.,Documentation,PRJ064,Medium,Complex,15.4,17.6,8,Recruiting,Manager,Junior,,6.7,EMP035,2025-04-22,Completed,100.0,2025-04-27,2025-05-06,2025-05-05,False,-3,4,,,"TSK0317,TSK1753",,False,6.6,False,0,6.8,6.8,Medium,Medium,40.9,False,True,2,As needed,7.4,2025-01-03 18:37:19,2024-11-13 11:54:08
TSK1790,Build design system,Build design system for design phase of project PRJ050.,Design,PRJ050,Low,Complex,41.6,,3,"ERP,Power BI",Manager,Mid,AWS Certified,10,EMP071,2025-10-10,Blocked,92.0,2025-10-14,2025-10-23,,True,129,3,TSK0041,,,TSK1248,False,,False,0,,,Low,Low,18.2,False,False,5,Daily,8.5,2025-06-01 16:15:42,2026-02-15 08:26:44
TSK1791,Feasibility study,Feasibility study for research phase of project PRJ091.,Research,PRJ091,High,Moderate,9.3,6.8,2,Project Management,Designer,Junior,,6.5,EMP024,2024-06-16,Completed,100.0,2024-06-19,2024-06-23,2024-06-26,False,0,5,TSK0266,,,,False,7.8,False,0,7.6,7.3,Medium,Critical,51.8,False,True,1,Bi-weekly,8.7,2024-11-12 09:28:22,2024-06-24 12:50:27
TSK1792,Performance testing,Performance testing for testing phase of project PRJ069.,Testing,PRJ069,Medium,Moderate,7.7,,5,"Conflict Resolution,SAP HR",Designer,Junior,,3.0,EMP026,2024-06-28,In Progress,0,2024-06-29,2024-07-02,,True,607,4,"TSK1618,TSK0690",,,,False,,False,0,,,High,Critical,57.6,False,True,4,As needed,2.8,2024-03-29 14:13:19,2024-10-21 11:02:40
TSK1793,Process documentation,Process documentation for documentation phase of project PRJ058.,Documentation,PRJ058,Medium,Very Complex,114.3,108.6,13,"Figma,Adobe XD",Manager,Mid,,6.8,EMP175,2025-06-03,In Review,67.1,2025-06-08,2025-07-07,,True,237,1,,,"TSK0968,TSK1704",,True,,False,0,,,Medium,Low,26.4,True,True,1,Daily,5.8,2025-02-22 10:36:44,2026-01-19 10:33:42
TSK1794,Security audit,Security audit for testing phase of project PRJ020.,Testing,PRJ020,Medium,Moderate,9.8,11.0,8,"Excel,CRM,Prospecting",Developer,Senior,,7.5,EMP057,2025-10-19,In Progress,22.9,2025-10-21,2025-10-25,,True,127,5,,,,TSK0940,False,,False,0,,7.3,High,Critical,37.0,False,True,5,As needed,4.6,2024-02-06 17:48:05,2025-10-29 10:59:49
TSK1795,Performance report,Performance report for analysis phase of project PRJ038.,Analysis,PRJ038,Critical,Moderate,4.4,4.3,2,"QuickBooks,SAP",Manager,Junior,Scrum Master,4.0,EMP147,2024-08-26,Completed,100.0,2024-08-31,2024-09-08,2024-09-09,False,-5,2,,,,,True,6.9,False,0,9.4,5.5,Low,High,55.9,False,True,3,Daily,6.1,2024-10-09 10:08:05,2025-05-09 08:21:56
TSK1796,Design critique,Design critique for meeting phase of project PRJ064.,Meeting,PRJ064,Medium,Very Complex,117.3,,13,VBA,Developer,Mid,,6.6,EMP017,,In Review,60.2,2025-07-12,2025-08-08,,True,205,1,,,"TSK1661,TSK1043",,False,,False,0,,7.7,Low,High,41.0,False,False,5,As needed,2.6,2024-09-05 11:57:12,2025-06-08 14:20:43
TSK1797,UAT coordination,UAT coordination for testing phase of project PRJ074.,Testing,PRJ074,Medium,Complex,31.4,29.6,2,"Lean Six Sigma,ERP",Designer,Senior,AWS Certified,3.9,EMP076,2024-09-19,Completed,100.0,2024-09-21,2024-09-29,2024-09-29,False,-5,2,TSK0997,,,TSK0956,False,6.9,False,0,6.4,3.8,Medium,High,53.7,True,False,5,Bi-weekly,7.0,2025-03-26 10:41:00,2024-08-01 08:00:56
TSK1798,User testing,User testing for design phase of project PRJ027.,Design,PRJ027,High,Complex,15.2,,2,User Research,Manager,Mid,,2.6,EMP075,2025-01-11,In Progress,11.3,2025-01-14,2025-01-23,,True,402,4,,,,TSK1708,False,,False,0,,7.8,Low,High,5,False,False,1,Daily,6.3,2025-05-13 09:06:35,2024-08-20 10:49:38
TSK1799,Write API docs,Write API docs for documentation phase of project PRJ064.,Documentation,PRJ064,Low,Complex,25.0,23.8,5,"Power BI,Project Management,Supply Chain",Tester,Mid,,3.8,EMP036,2025-06-25,In Review,64.6,2025-06-28,2025-07-05,,True,239,2,,,,,False,,True,2,,,Low,Low,49.3,False,True,5,As needed,8.6,2024-02-28 08:31:52,2026-01-26 08:05:48
TSK1800,Build design system,Build design system for design phase of project PRJ015.,Design,PRJ015,High,Moderate,13.8,,3,Excel,Developer,Senior,Scrum Master,5.5,EMP173,2024-01-17,Not Started,62.6,2024-01-18,2024-01-27,,False,0,4,,,"TSK0282,TSK1052",,True,,False,0,,7.4,Medium,High,5,False,False,1,Weekly,2.2,2025-05-28 10:33:56,2026-02-19 17:04:06
TSK1801,Design critique,Design critique for meeting phase of project PRJ087.,Meeting,PRJ087,Medium,Simple,2.3,3.2,3,HubSpot,Analyst,Junior,,5.7,EMP169,2024-10-09,Completed,100.0,2024-10-14,2024-10-22,2024-10-27,False,-5,1,,"TSK1817,TSK1815","TSK0400,TSK0044",,False,7.4,False,0,8.8,,Medium,Low,5,False,True,3,Bi-weekly,9.2,2024-06-20 17:10:30,2025-12-27 14:51:14
TSK1802,Brand refresh,Brand refresh for design phase of project PRJ009.,Design,PRJ009,Low,Complex,45.9,57.4,3,"Prospecting,HubSpot,Negotiation",Manager,Junior,,5.0,EMP067,2025-10-20,Not Started,0,2025-10-21,2025-11-02,,False,-4,5,,,,,True,,False,0,,8.7,High,High,42.2,False,True,4,As needed,3.7,2024-11-22 08:21:57,2025-09-09 14:34:52
TSK1803,Security audit,Security audit for testing phase of project PRJ032.,Testing,PRJ032,High,Moderate,15.5,16.0,5,"SEO,Content Marketing",Designer,Senior,,2.5,EMP097,2025-10-17,Completed,100.0,2025-10-18,2025-10-22,2025-10-22,False,-1,2,,,"TSK0438,TSK1659",,False,8.7,False,0,7.4,10,High,Low,10.7,False,True,4,Bi-weekly,4.7,2024-09-17 08:03:45,2024-06-17 13:26:06
TSK1804,Feasibility study,Feasibility study for research phase of project PRJ014.,Research,PRJ014,Medium,Moderate,14.0,9.9,2,Lean Six Sigma,Analyst,Senior,,2.9,EMP012,2025-10-04,Completed,100.0,2025-10-05,2025-10-09,2025-10-13,False,-2,4,"TSK0341,TSK0421",,,,False,9.3,False,0,9.4,8.0,Low,High,28.4,False,True,3,As needed,1.8,2024-11-11 15:36:42,2025-07-16 12:57:25
TSK1805,Release notes,Release notes for documentation phase of project PRJ093.,Documentation,PRJ093,Low,Simple,2.8,3.0,13,"Recruiting,Employment Law,HRIS",Manager,Junior,AWS Certified,5.4,EMP109,2025-08-05,Completed,100.0,2025-08-10,2025-08-13,2025-08-13,False,-1,1,,,"TSK1197,TSK0694",,False,8.0,True,1,7.8,9.1,Low,Medium,48.4,False,True,3,Bi-weekly,2.4,2024-01-17 13:43:12,2025-06-27 16:22:49
TSK1806,Kickoff meeting,Kickoff meeting for meeting phase of project PRJ033.,Meeting,PRJ033,Medium,Simple,3.6,,2,"QuickBooks,VBA",Analyst,Mid,,10,EMP124,2024-05-09,Blocked,20.5,2024-05-13,2024-05-19,,True,651,5,TSK0357,,,TSK1663,False,,True,3,,8.1,High,Medium,15.1,False,True,2,Daily,2.3,2025-05-31 11:14:43,2025-07-04 13:09:56
TSK1807,Create onboarding docs,Create onboarding docs for documentation phase of project PRJ001.,Documentation,PRJ001,Medium,Moderate,14.4,,13,"HRIS,Conflict Resolution,Recruiting",Tester,Mid,,3.1,EMP179,2025-04-26,In Review,50.3,2025-04-30,2025-05-06,,True,299,4,"TSK0625,TSK1456",,,TSK0190,True,,False,0,,,Low,High,21.8,False,True,3,Bi-weekly,9.1,2025-04-18 18:07:48,2024-06-15 14:43:35
TSK1808,Implement authentication module,Implement authentication module for development phase of project PRJ046.,Development,PRJ046,Low,Moderate,11.5,11.8,13,"Java,MongoDB",Tester,Senior,,1.9,EMP177,2024-01-15,Not Started,4.8,2024-01-19,2024-01-29,,False,-1,1,,,"TSK1348,TSK0773",,False,,False,0,,8.2,Low,Medium,7.6,True,False,1,Weekly,5.3,2024-10-28 11:04:50,2025-01-31 10:02:19
TSK1809,Market sizing,Market sizing for research phase of project PRJ084.,Research,PRJ084,Low,Complex,38.4,52.0,13,"Java,MongoDB",Analyst,Mid,,3.9,EMP148,2025-02-08,In Review,57.1,2025-02-10,2025-02-21,,True,373,4,,TSK1819,"TSK1369,TSK0390",,False,,True,2,,8.8,High,Medium,52.3,True,False,2,As needed,8.3,2024-06-25 14:14:35,2024-09-25 13:52:09
TSK1810,Create wireframes,Create wireframes for design phase of project PRJ092.,Design,PRJ092,Medium,Moderate,14.0,,3,"Risk Analysis,SAP",Tester,Senior,,6.1,EMP104,2025-02-07,In Review,49.7,2025-02-08,2025-02-15,,True,379,5,,,,,False,,False,0,,,Low,Critical,37.1,True,True,2,Daily,3.7,2024-03-16 12:37:24,2024-06-09 15:32:13
TSK1811,Requirements gathering,Requirements gathering for research phase of project PRJ085.,Research,PRJ085,Low,Moderate,11.0,14.6,13,QuickBooks,Manager,Mid,PMP,4.4,EMP038,2025-05-25,Blocked,87.8,2025-05-27,2025-06-01,,True,273,1,"TSK1741,TSK0549",,"TSK1332,TSK0176",,False,,False,0,,6.1,Low,Low,37.5,True,False,4,Bi-weekly,1.0,2025-04-26 16:31:07,2024-10-29 13:33:58
TSK1812,Deploy to staging,Deploy to staging for development phase of project PRJ012.,Development,PRJ012,Low,Moderate,5.3,,8,"CRM,Excel,Negotiation",Tester,Mid,AWS Certified,5.8,EMP093,2025-03-25,In Review,43.9,2025-03-30,2025-04-07,,True,328,5,"TSK0763,TSK0027",,"TSK1517,TSK0537",,False,,False,0,,8.2,Low,High,38.0,False,False,3,Daily,4.8,2024-07-31 09:42:57,2025-08-22 11:02:26
TSK1813,Build design system,Build design system for design phase of project PRJ058.,Design,PRJ058,Medium,Very Complex,43.4,,13,Adobe XD,Designer,Junior,,3.2,EMP068,2024-03-10,Blocked,99,2024-03-12,2024-03-25,,True,706,3,,"TSK1828,TSK1831","TSK0623,TSK0526",,True,,False,0,,7.5,Medium,Critical,33.1,False,False,1,Weekly,0.1,2024-11-24 13:39:58,2024-09-11 12:50:36
TSK1814,Release notes,Release notes for documentation phase of project PRJ059.,Documentation,PRJ059,Medium,Complex,43.1,56.1,5,"Google Analytics,Social Media,Email Marketing",Manager,Mid,,1.2,EMP189,2024-05-03,In Progress,41.4,2024-05-06,2024-05-21,,True,649,3,"TSK0576,TSK1285",TSK1818,,TSK0729,False,,False,0,,7.0,Low,Critical,5,False,True,4,Weekly,0.4,2024-09-16 09:59:25,2025-09-21 18:11:33
TSK1815,Regression test suite,Regression test suite for testing phase of project PRJ075.,Testing,PRJ075,Critical,Moderate,13.5,,2,"User Research,Prototyping",Analyst,Senior,,8.5,EMP097,2025-11-12,In Progress,29.8,2025-11-14,2025-11-19,,True,102,1,,TSK1834,"TSK1522,TSK1635",,False,,False,0,,4.7,Low,Medium,5,True,False,3,Weekly,4.1,2024-10-25 17:24:29,2025-10-17 11:05:21
TSK1816,Update user guide,Update user guide for documentation phase of project PRJ054.,Documentation,PRJ054,Medium,Simple,1.9,,2,"Adobe Suite,Email Marketing",Developer,Junior,AWS Certified,3.0,EMP198,2024-07-12,Blocked,22.4,2024-07-16,2024-07-19,,True,590,3,,,,,False,,True,3,,,High,Low,19.8,False,True,1,Daily,9.4,2024-10-05 11:24:55,2024-07-24 14:00:31
TSK1817,Requirements gathering,Requirements gathering for research phase of project PRJ091.,Research,PRJ091,High,Simple,1.7,,13,"HRIS,Conflict Resolution,Workday",Manager,Mid,,6.5,EMP193,,In Review,42.4,2024-08-07,2024-08-11,,True,567,3,,TSK1818,,,False,,False,0,,,High,Low,32.8,False,False,2,Bi-weekly,4.6,2024-09-17 09:42:11,2025-10-09 13:44:16
TSK1818,Design landing page,Design landing page for design phase of project PRJ052.,Design,PRJ052,Medium,Moderate,14.2,15.8,8,"Prototyping,Illustrator,User Research",Developer,Junior,,5.0,EMP055,2025-08-16,Completed,100.0,2025-08-19,2025-08-31,2025-09-02,False,-1,3,TSK0114,,"TSK0844,TSK0682",,False,4.2,False,0,6.4,,High,Medium,18.4,False,False,3,Weekly,6.2,2025-03-05 12:09:08,2025-01-14 12:06:43
TSK1819,Data analysis,Data analysis for analysis phase of project PRJ063.,Analysis,PRJ063,Medium,Simple,2.4,3.0,8,"Social Media,Content Marketing,SEO",Tester,Senior,,6.9,EMP168,2024-04-12,Not Started,70.5,2024-04-17,2024-04-23,,False,-4,2,"TSK1715,TSK0956",,"TSK0035,TSK0452",,False,,False,0,,,High,Low,27.5,False,True,2,Bi-weekly,1.0,2024-07-18 14:07:41,2024-08-21 09:52:13
TSK1820,Feasibility study,Feasibility study for research phase of project PRJ079.,Research,PRJ079,High,Moderate,10.7,13.7,3,"Copywriting,Social Media,A/B Testing",Analyst,Junior,,5.1,EMP035,2025-09-13,Not Started,72.3,2025-09-16,2025-09-19,,False,-3,1,,,,,True,,False,0,,8.0,Low,High,26.7,False,True,1,Daily,0.8,2024-06-23 13:13:11,2025-05-31 16:06:15
TSK1821,Release notes,Release notes for documentation phase of project PRJ054.,Documentation,PRJ054,High,Very Complex,50.4,61.9,13,"HRIS,Conflict Resolution,Employment Law",Designer,Senior,,2.5,EMP032,2024-08-09,Completed,100.0,2024-08-13,2024-08-26,2024-08-25,False,0,1,TSK0945,,"TSK0136,TSK0980",,False,7.0,False,0,7.0,,Low,Low,5,False,False,5,Bi-weekly,5.4,2024-03-07 15:16:50,2025-10-17 17:44:04
TSK1822,Load testing,Load testing for testing phase of project PRJ041.,Testing,PRJ041,Low,Complex,39.9,,1,"FastAPI,Java,Docker",Developer,Mid,Scrum Master,5.2,EMP091,2025-11-20,In Progress,4.1,2025-11-25,2025-12-07,,True,84,1,TSK0694,,,,False,,False,0,,5.1,Low,Medium,24.7,False,True,2,Weekly,2.8,2024-06-28 11:58:50,2024-10-10 08:26:37
TSK1823,Add unit tests,Add unit tests for development phase of project PRJ052.,Development,PRJ052,Medium,Complex,47.8,59.4,13,Salesforce,Designer,Mid,,3.8,EMP104,,Blocked,38.7,2024-02-15,2024-02-24,,True,736,2,TSK0971,,"TSK1689,TSK1582",,False,,False,0,,6.9,Medium,Critical,34.0,True,True,1,Daily,6.9,2024-11-30 14:23:39,2025-02-01 08:44:00
TSK1824,UAT coordination,UAT coordination for testing phase of project PRJ023.,Testing,PRJ023,High,Very Complex,117.3,125.1,5,"Project Management,ERP,Power BI",Developer,Senior,,7.2,EMP183,2024-08-30,In Progress,80.8,2024-09-01,2024-09-30,,True,517,5,,,,,False,,True,2,,7.3,Low,Critical,36.7,True,True,2,As needed,8.4,2024-11-02 14:51:44,2025-09-14 13:30:13
TSK1825,Create onboarding docs,Create onboarding docs for documentation phase of project PRJ087.,Documentation,PRJ087,Medium,Complex,46.5,53.5,13,Supply Chain,Tester,Senior,,6.2,EMP026,2025-05-12,Blocked,11.2,2025-05-17,2025-05-26,,True,279,3,TSK1290,"TSK1831,TSK1834",,,False,,False,0,,5.7,Medium,Medium,5,True,True,1,Daily,4.0,2024-09-29 14:30:46,2025-10-22 14:36:32
TSK1826,Create mockups,Create mockups for design phase of project PRJ078.,Design,PRJ078,Critical,Moderate,8.7,7.1,3,Rust,Tester,Junior,AWS Certified,4.5,EMP056,2024-05-29,In Review,16.7,2024-06-02,2024-06-05,,True,634,2,,,"TSK1979,TSK1625",,False,,False,0,,6.6,High,Critical,57.1,False,True,4,As needed,5.3,2024-10-11 08:43:53,2025-12-03 16:18:14
TSK1827,Write integration tests,Write integration tests for testing phase of project PRJ015.,Testing,PRJ015,High,Complex,33.7,45.5,5,Lean Six Sigma,Manager,Mid,,3.5,EMP127,2024-11-29,Blocked,55.3,2024-12-01,2024-12-16,,True,440,5,,,"TSK1160,TSK0857",,False,,False,0,,6.1,Low,Medium,32.2,False,True,3,As needed,4.8,2024-07-05 18:52:59,2025-10-02 14:40:29
TSK1828,Requirements gathering,Requirements gathering for research phase of project PRJ006.,Research,PRJ006,Medium,Very Complex,110.6,150.9,3,Adobe Suite,Designer,Senior,,5.4,EMP167,2024-09-08,Completed,100.0,2024-09-13,2024-10-03,2024-10-02,False,0,4,,"TSK1847,TSK1831",,,False,9.3,False,0,5.4,7.1,Low,High,24.2,False,True,4,As needed,1.3,2025-01-26 10:26:22,2026-02-24 14:07:27
TSK1829,Create mockups,Create mockups for design phase of project PRJ041.,Design,PRJ041,Low,Very Complex,43.3,,5,"TypeScript,AWS,Go",Designer,Mid,,3.6,EMP069,2024-12-21,Not Started,91.2,2024-12-22,2025-01-04,,False,-5,5,,,"TSK1590,TSK0154",,False,,False,0,,,Low,Low,9.0,False,True,3,As needed,3.4,2024-09-19 13:13:58,2025-04-14 10:27:09
TSK1830,Stakeholder review,Stakeholder review for meeting phase of project PRJ048.,Meeting,PRJ048,High,Moderate,12.6,,13,Excel,Analyst,Senior,,6.6,EMP076,2025-01-22,In Progress,43.5,2025-01-25,2025-01-31,,True,394,5,TSK1600,,,TSK1172,False,,False,0,,,Low,Critical,13.1,False,True,2,Bi-weekly,8.5,2025-03-07 16:05:17,2025-05-15 17:15:06
TSK1831,Add unit tests,Add unit tests for development phase of project PRJ003.,Development,PRJ003,Low,Complex,31.1,,3,Prototyping,Designer,Mid,,4.4,EMP047,2024-05-01,Blocked,56.9,2024-05-04,2024-05-19,,True,651,1,,,,TSK1730,False,,False,0,,10,Low,Low,13.0,True,False,5,As needed,3.0,2024-08-10 12:17:30,2025-09-10 10:35:40
TSK1832,Market sizing,Market sizing for research phase of project PRJ087.,Research,PRJ087,High,Moderate,12.3,14.0,13,"Photoshop,Adobe XD",Designer,Mid,,5.0,EMP098,2024-05-21,In Review,0,2024-05-24,2024-06-05,,True,634,4,,,"TSK0057,TSK1322",,False,,False,0,,,Low,Medium,56.3,False,False,2,Daily,2.1,2024-04-10 10:19:33,2025-05-19 17:49:38
TSK1833,Stakeholder review,Stakeholder review for meeting phase of project PRJ007.,Meeting,PRJ007,Low,Moderate,11.5,11.7,2,"Excel,Financial Modeling,Bloomberg",Tester,Senior,Scrum Master,4.1,,2024-01-29,Completed,100.0,2024-01-31,2024-02-11,2024-02-16,False,-3,4,TSK1572,"TSK1852,TSK1836","TSK0044,TSK1039",TSK0545,False,7.4,True,3,8.4,,Medium,Critical,50.3,False,True,4,As needed,7.0,2024-06-27 15:14:31,2025-05-04 18:43:08
TSK1834,Deploy to staging,Deploy to staging for development phase of project PRJ095.,Development,PRJ095,High,Moderate,9.0,6.8,2,Email Marketing,Designer,Mid,Scrum Master,5.7,EMP123,2025-01-16,In Review,13.4,2025-01-19,2025-01-29,,True,396,5,,,"TSK0392,TSK0212",,False,,False,0,,5.8,High,Medium,59.0,True,True,4,Weekly,0.9,2024-10-12 12:15:35,2025-08-13 08:30:55
TSK1835,User testing,User testing for design phase of project PRJ006.,Design,PRJ006,Low,Very Complex,69.2,,2,Financial Modeling,Manager,Junior,,5.4,EMP023,2024-04-15,Blocked,50.8,2024-04-20,2024-05-11,,True,659,5,,,"TSK1275,TSK1044",,False,,False,0,,6.2,High,Low,53.7,False,False,3,Bi-weekly,9.1,2024-07-31 08:58:39,2026-01-15 14:22:16
TSK1836,Icon set design,Icon set design for design phase of project PRJ013.,Design,PRJ013,High,Moderate,12.4,,13,"SQL,Docker",Tester,Junior,,7.3,EMP013,2025-01-21,Not Started,23.6,2025-01-26,2025-02-07,,False,0,3,,,,,True,,False,0,,6.8,Medium,Low,5,False,True,2,Daily,3.0,2024-08-04 14:45:50,2025-08-28 16:46:08
TSK1837,Fix critical bug,Fix critical bug for development phase of project PRJ051.,Development,PRJ051,Low,Complex,44.6,,3,SQL,Designer,Mid,PMP,4.8,EMP117,2025-03-02,Blocked,44.7,2025-03-05,2025-03-17,,True,349,4,TSK0428,,,,True,,False,0,,6.2,High,Medium,47.9,False,False,2,Weekly,4.9,2024-11-24 18:23:54,2025-11-20 15:25:48
TSK1838,Kickoff meeting,Kickoff meeting for meeting phase of project PRJ059.,Meeting,PRJ059,Medium,Simple,2.3,2.6,1,Training,Designer,Mid,,8.0,EMP053,2025-09-17,In Progress,31.4,2025-09-21,2025-10-01,,True,151,2,,,,,False,,False,0,,3.3,High,High,12.5,False,True,2,Weekly,3.7,2024-11-19 11:16:49,2025-07-24 09:40:27
TSK1839,Create onboarding docs,Create onboarding docs for documentation phase of project PRJ042.,Documentation,PRJ042,Low,Moderate,13.8,,2,SAP,Tester,Junior,Scrum Master,3.4,EMP169,2024-01-15,Not Started,53.7,2024-01-18,2024-01-26,,False,-2,3,,,,,False,,False,0,,,Medium,High,13.6,False,True,5,Daily,8.5,2024-05-16 16:31:36,2025-10-31 13:09:26
TSK1840,Sprint planning,Sprint planning for meeting phase of project PRJ062.,Meeting,PRJ062,Critical,Very Complex,69.0,74.7,3,SQL,Designer,Senior,,4.8,EMP076,2024-05-11,Blocked,28.4,2024-05-16,2024-06-06,,True,633,5,,"TSK1853,TSK1845","TSK0525,TSK0881",TSK1197,False,,False,0,,8.5,High,High,82.3,False,True,2,As needed,7.2,2025-01-26 08:08:29,2025-10-20 11:03:20
TSK1841,Load testing,Load testing for testing phase of project PRJ055.,Testing,PRJ055,High,Moderate,11.3,,2,"Employment Law,SAP HR,Workday",Tester,Senior,,8.2,EMP050,2025-08-24,Blocked,31.0,2025-08-27,2025-08-30,,True,183,3,TSK1561,,,,True,,True,3,,,High,Medium,61.7,False,True,1,Weekly,9.0,2025-03-11 11:42:31,2025-09-24 10:50:49
TSK1842,Write integration tests,Write integration tests for testing phase of project PRJ070.,Testing,PRJ070,High,Moderate,12.0,,13,"Power BI,Project Management",Designer,Senior,Scrum Master,3.9,EMP039,2025-10-07,In Progress,55.7,2025-10-10,2025-10-18,,True,134,1,"TSK1777,TSK0603",,"TSK1332,TSK1710",,False,,False,0,,8.6,Medium,Medium,14.2,False,True,2,Weekly,2.8,2025-03-31 15:54:20,2024-12-27 10:01:39
TSK1843,Metrics dashboard,Metrics dashboard for analysis phase of project PRJ099.,Analysis,PRJ099,Low,Moderate,11.4,8.7,2,"HubSpot,CRM",Designer,Mid,,1.8,EMP009,2025-05-04,Blocked,46.2,2025-05-06,2025-05-10,,True,295,5,"TSK0631,TSK1433",,"TSK0288,TSK1936",,True,,False,0,,6.1,Low,Critical,29.7,False,False,3,Bi-weekly,5.0,2024-11-11 15:45:01,2025-12-19 10:05:43
TSK1844,Architecture review,Architecture review for meeting phase of project PRJ063.,Meeting,PRJ063,Medium,Simple,1.5,1.7,1,"Prospecting,CRM",Tester,Mid,,1.1,EMP026,,Completed,100.0,2024-03-31,2024-04-07,2024-04-03,False,0,5,,TSK1862,,,False,5.9,False,0,7.7,6.8,Medium,High,38.5,False,False,3,As needed,8.8,2024-12-23 08:51:55,2025-11-05 15:47:03
TSK1845,Competitor analysis,Competitor analysis for research phase of project PRJ075.,Research,PRJ075,High,Moderate,12.0,10.9,13,QuickBooks,Tester,Junior,AWS Certified,1.9,EMP166,2024-04-15,In Review,5.5,2024-04-20,2024-05-01,,True,669,1,,,,,False,,False,0,,7.3,High,High,61.8,False,True,2,Bi-weekly,3.5,2024-08-01 13:27:20,2025-05-31 16:09:18
TSK1846,Build design system,Build design system for design phase of project PRJ003.,Design,PRJ003,Medium,Simple,1.0,1.2,1,CRM,Designer,Junior,,3.9,EMP134,2024-09-04,Blocked,62.1,2024-09-06,2024-09-11,,True,536,4,TSK1713,"TSK1853,TSK1847","TSK0052,TSK1345",,False,,False,0,,,Low,Critical,29.5,False,True,2,Weekly,7.8,2025-04-15 08:25:29,2024-12-07 08:42:03
TSK1847,Refactor database layer,Refactor database layer for development phase of project PRJ059.,Development,PRJ059,Medium,Moderate,12.2,14.3,2,"Financial Modeling,Excel",Manager,Junior,,5.4,EMP037,2024-01-27,Not Started,0,2024-01-29,2024-02-06,,False,0,5,,,,,True,,True,1,,,High,High,17.3,False,False,3,Weekly,0.9,2024-09-25 17:04:15,2025-03-26 12:00:19
TSK1848,Release notes,Release notes for documentation phase of project PRJ098.,Documentation,PRJ098,Medium,Moderate,12.6,14.0,1,"Sketch,Illustrator,User Research",Analyst,Mid,,6.0,EMP046,2025-02-17,Completed,100.0,2025-02-21,2025-03-04,2025-03-03,False,-3,4,,"TSK1861,TSK1853",,,False,7.2,False,0,9.8,8.8,Medium,Critical,41.0,False,False,5,Bi-weekly,7.2,2025-01-19 15:09:41,2024-07-09 17:03:04
TSK1849,Add unit tests,Add unit tests for development phase of project PRJ077.,Development,PRJ077,High,Very Complex,47.7,,8,Figma,Analyst,Mid,Scrum Master,4.2,EMP001,2025-08-18,In Progress,12.4,2025-08-19,2025-08-30,,True,183,3,,TSK1867,,,False,,False,0,,9.1,Medium,Medium,26.0,False,True,5,Weekly,5.5,2024-04-24 09:20:38,2024-11-28 12:30:02
TSK1850,Data analysis,Data analysis for analysis phase of project PRJ012.,Analysis,PRJ012,Medium,Moderate,12.4,10.3,8,"SAP,Financial Modeling",Designer,Mid,,5.6,,2025-10-19,Completed,100.0,2025-10-24,2025-11-01,2025-11-05,False,-3,4,,,,,False,7.5,False,0,7.0,8.4,High,Low,13.1,False,False,1,As needed,4.5,2025-03-22 13:43:42,2025-04-16 16:25:26
TSK1851,Icon set design,Icon set design for design phase of project PRJ078.,Design,PRJ078,High,Very Complex,36.0,33.5,8,"Excel,VBA",Designer,Senior,Scrum Master,4.9,EMP178,2024-06-26,Not Started,59.8,2024-06-30,2024-07-14,,False,-1,5,,,"TSK0484,TSK0041",,False,,False,0,,7.6,Low,Medium,24.6,False,True,1,Daily,6.3,2025-04-25 18:55:22,2025-01-07 11:48:31
TSK1852,Brand refresh,Brand refresh for design phase of project PRJ090.,Design,PRJ090,Medium,Moderate,12.8,,13,"Prospecting,HubSpot",Designer,Junior,,3.0,EMP186,2025-06-14,Blocked,75.8,2025-06-15,2025-06-21,,True,253,4,,,,,False,,False,0,,7.2,Low,Critical,54.5,True,True,1,As needed,6.5,2025-04-17 15:06:37,2025-12-05 13:34:34
TSK1853,KPI review,KPI review for analysis phase of project PRJ097.,Analysis,PRJ097,High,Very Complex,89.0,85.6,5,Node.js,Analyst,Mid,PMP,4.0,EMP084,2024-09-18,Not Started,44.6,2024-09-19,2024-10-10,,False,-1,3,"TSK1047,TSK1007","TSK1870,TSK1872",,,False,,False,0,,5.5,Medium,Critical,22.5,False,False,5,As needed,9.7,2024-11-17 09:14:57,2025-01-07 13:39:53
TSK1854,Performance testing,Performance testing for testing phase of project PRJ051.,Testing,PRJ051,Medium,Moderate,6.0,8.2,2,"QuickBooks,SAP",Analyst,Mid,,6.2,EMP134,2025-06-18,In Review,28.2,2025-06-20,2025-06-30,,True,244,3,,"TSK1858,TSK1873",,,False,,False,0,,6.9,Low,Low,5,False,True,1,Daily,2.2,2024-03-26 13:38:04,2024-06-25 14:26:34
TSK1855,Security audit,Security audit for testing phase of project PRJ037.,Testing,PRJ037,High,Complex,14.6,16.5,3,"Project Management,Lean Six Sigma",Manager,Junior,,6.8,EMP173,2024-05-07,Completed,100.0,2024-05-12,2024-05-16,2024-05-16,False,0,2,,"TSK1863,TSK1862","TSK1492,TSK0951",,True,7.1,False,0,7.4,6.1,High,Medium,58.8,False,True,4,Daily,3.7,2024-03-19 08:42:01,2025-08-11 18:19:04
TSK1856,Team retrospective,Team retrospective for meeting phase of project PRJ071.,Meeting,PRJ071,High,Complex,12.4,16.0,1,Recruiting,Analyst,Junior,,2.8,EMP121,2025-11-26,In Progress,84.9,2025-11-30,2025-12-07,,True,84,2,,,,,False,,False,0,,8.0,High,High,22.3,True,False,1,Weekly,0.1,2025-01-23 08:28:23,2024-11-01 15:29:57
TSK1857,Stakeholder review,Stakeholder review for meeting phase of project PRJ081.,Meeting,PRJ081,Medium,Simple,2.7,,8,VBA,Manager,Mid,,7.8,EMP100,2025-10-31,Not Started,0,2025-11-04,2025-11-06,,False,0,2,"TSK1824,TSK0539",,,,False,,False,0,,6.9,High,High,11.5,False,True,3,As needed,0.5,2024-07-07 12:08:27,2025-03-16 18:17:46
TSK1858,Create onboarding docs,Create onboarding docs for documentation phase of project PRJ064.,Documentation,PRJ064,Critical,Complex,43.1,,1,"Project Management,ERP",Developer,Mid,AWS Certified,5.5,EMP108,2025-04-30,Blocked,72.8,2025-05-05,2025-05-20,,True,285,5,,TSK1870,,,False,,False,0,,6.4,Medium,Medium,5,False,False,3,Weekly,3.9,2024-04-30 16:09:43,2025-02-25 10:55:22
TSK1859,Data analysis,Data analysis for analysis phase of project PRJ097.,Analysis,PRJ097,Medium,Simple,2.1,,5,"Figma,Illustrator,User Research",Tester,Mid,,7.7,EMP082,2024-09-11,In Progress,26.4,2024-09-14,2024-09-19,,True,528,2,,,"TSK0206,TSK0448",,True,,False,0,,10,High,Low,31.8,False,True,3,As needed,8.9,2024-10-11 10:11:27,2026-01-30 13:29:20
TSK1860,Technology evaluation,Technology evaluation for research phase of project PRJ088.,Research,PRJ088,High,Moderate,7.9,7.0,5,SAP HR,Developer,Senior,,1,EMP187,2024-02-09,Completed,100.0,2024-02-13,2024-02-17,2024-02-17,False,-4,5,,,,TSK0405,False,7.9,False,0,9.1,,Low,Critical,47.9,False,True,5,Bi-weekly,5.5,2024-09-11 11:43:59,2025-08-23 10:25:05
TSK1861,Root cause analysis,Root cause analysis for analysis phase of project PRJ074.,Analysis,PRJ074,Medium,Moderate,14.1,18.9,1,ERP,Developer,Junior,,7.7,EMP184,2024-10-25,Completed,100.0,2024-10-29,2024-11-08,2024-11-13,False,-2,2,,,"TSK1809,TSK1560",,False,6.1,True,3,8.8,6.7,High,Low,30.8,True,True,1,Daily,3.3,2024-03-02 13:13:51,2025-08-19 14:19:11
TSK1862,Competitor analysis,Competitor analysis for research phase of project PRJ092.,Research,PRJ092,Medium,Complex,17.8,20.4,1,Financial Modeling,Developer,Senior,,4.8,EMP103,2025-08-12,In Review,0,2025-08-15,2025-08-24,,True,189,4,,,"TSK0450,TSK1643",,False,,False,0,,7.9,Medium,Critical,36.7,False,True,5,Weekly,2.8,2024-09-12 12:23:19,2025-04-17 14:20:53
TSK1863,Performance report,Performance report for analysis phase of project PRJ011.,Analysis,PRJ011,Medium,Moderate,11.2,10.9,3,Adobe XD,Analyst,Senior,PMP,7.2,EMP070,2025-06-26,Blocked,42.2,2025-06-27,2025-07-05,,True,239,2,,,,TSK0664,False,,False,0,,7.2,High,High,18.9,True,True,3,Weekly,5.0,2024-03-14 16:11:45,2025-03-28 11:33:59
TSK1864,Icon set design,Icon set design for design phase of project PRJ082.,Design,PRJ082,Medium,Complex,16.8,,3,Illustrator,Tester,Mid,AWS Certified,2.5,EMP152,2025-06-28,Not Started,52.6,2025-07-02,2025-07-07,,False,-4,4,,,"TSK0153,TSK1080",TSK0902,False,,True,1,,7.3,High,Critical,25.7,True,False,5,Weekly,7.9,2025-04-01 13:26:42,2026-02-08 15:12:06
TSK1865,User research,User research for research phase of project PRJ028.,Research,PRJ028,Medium,Simple,1.2,,2,"Sketch,User Research,Illustrator",Analyst,Junior,,6.1,EMP103,2024-10-08,In Progress,25.0,2024-10-13,2024-10-16,,True,501,1,,,"TSK0936,TSK0828",,False,,True,1,,,High,Low,38.3,False,False,3,Daily,9.0,2024-04-24 18:06:38,2026-01-27 16:32:54
TSK1866,Create onboarding docs,Create onboarding docs for documentation phase of project PRJ058.,Documentation,PRJ058,High,Very Complex,84.4,,1,"Django,Node.js",Designer,Junior,,3.0,EMP116,2024-10-28,Blocked,71.4,2024-11-02,2024-11-21,,True,465,1,TSK1255,,,,False,,False,0,,10,Medium,High,35.5,False,True,4,As needed,0.6,2025-01-31 16:01:06,2024-08-07 08:28:15
TSK1867,Market sizing,Market sizing for research phase of project PRJ096.,Research,PRJ096,Medium,Moderate,11.0,,5,Employment Law,Tester,Junior,Scrum Master,4.6,EMP044,2025-09-24,Not Started,79.1,2025-09-27,2025-10-06,,False,-1,5,,TSK1871,"TSK1473,TSK1269",TSK1662,False,,False,0,,7.6,High,High,26.8,False,True,3,As needed,1.7,2025-03-09 10:01:18,2024-11-16 13:05:46
TSK1868,Competitor analysis,Competitor analysis for research phase of project PRJ038.,Research,PRJ038,Medium,Very Complex,64.2,63.9,13,"QuickBooks,VBA,Financial Modeling",Developer,Mid,,6.2,EMP128,,In Progress,0,2024-06-29,2024-07-15,,True,594,3,,,"TSK0434,TSK1930",TSK1187,False,,True,1,,,High,Medium,53.7,False,False,3,Bi-weekly,4.9,2025-04-26 12:11:49,2026-01-22 16:01:07
TSK1869,Sprint planning,Sprint planning for meeting phase of project PRJ033.,Meeting,PRJ033,High,Moderate,5.2,4.2,1,"Project Management,Lean Six Sigma",Tester,Junior,Scrum Master,4.1,EMP053,2024-06-03,Completed,100.0,2024-06-06,2024-06-08,2024-06-12,False,-5,1,,,,,False,8.1,True,2,9.4,7.3,Medium,Medium,71.0,True,False,3,Daily,6.6,2024-07-10 10:11:25,2025-12-21 16:01:33
TSK1870,Test automation,Test automation for testing phase of project PRJ069.,Testing,PRJ069,Medium,Complex,44.5,,13,Lean Six Sigma,Tester,Senior,,7.0,EMP191,2024-06-27,Not Started,29.5,2024-07-01,2024-07-13,,False,0,3,,,,,False,,False,0,,,Low,Medium,15.3,False,True,2,Bi-weekly,0.4,2025-01-25 13:44:47,2025-05-25 17:25:51
TSK1871,Sprint planning,Sprint planning for meeting phase of project PRJ063.,Meeting,PRJ063,Low,Moderate,10.9,9.0,8,"VBA,Financial Modeling,SAP",Analyst,Junior,,1.7,EMP009,2025-08-25,Blocked,0,2025-08-28,2025-09-05,,True,177,3,,,"TSK1790,TSK1604",,False,,False,0,,,High,High,10.2,False,True,3,Weekly,7.0,2024-08-04 17:11:10,2025-11-12 14:11:35
TSK1872,Create onboarding docs,Create onboarding docs for documentation phase of project PRJ042.,Documentation,PRJ042,Medium,Simple,2.8,3.6,3,"Kubernetes,Node.js",Developer,Senior,Scrum Master,6.0,EMP108,2024-03-29,In Review,99,2024-03-31,2024-04-05,,True,695,3,,,"TSK1967,TSK1830",,False,,False,0,,6.2,High,High,21.6,True,False,4,Daily,2.7,2025-05-24 17:44:01,2025-10-25 11:51:56
TSK1873,Test automation,Test automation for testing phase of project PRJ065.,Testing,PRJ065,Medium,Simple,3.0,3.2,1,"Power BI,Excel,Lean Six Sigma",Tester,Mid,AWS Certified,2.7,EMP005,2025-05-17,Blocked,35.9,2025-05-19,2025-05-21,,True,284,3,,,,TSK0100,True,,False,0,,,Medium,Medium,9.6,False,False,5,Daily,3.0,2024-01-24 15:39:42,2024-09-19 13:19:10
TSK1874,Performance testing,Performance testing for testing phase of project PRJ094.,Testing,PRJ094,Critical,Complex,39.0,39.3,1,HRIS,Analyst,Senior,,5.1,EMP036,,Blocked,23.3,2025-09-06,2025-09-21,,True,161,4,TSK0957,,,,False,,False,0,,6.1,High,Critical,55.7,False,True,2,Daily,4.1,2024-07-20 11:26:12,2024-07-20 17:21:31
TSK1875,Update user guide,Update user guide for documentation phase of project PRJ043.,Documentation,PRJ043,Medium,Very Complex,52.0,,1,Prototyping,Developer,Senior,,5.2,EMP183,2024-11-18,Blocked,20.9,2024-11-20,2024-12-03,,True,453,2,"TSK0814,TSK1533","TSK1889,TSK1878",,,False,,True,1,,6.5,Medium,High,5,False,False,4,Weekly,9.0,2024-05-19 10:59:29,2024-09-08 13:53:19
TSK1876,Release notes,Release notes for documentation phase of project PRJ040.,Documentation,PRJ040,Low,Simple,1.6,,1,"Excel,Bloomberg,VBA",Analyst,Junior,,4.5,EMP128,2024-05-25,Not Started,62.1,2024-05-30,2024-06-06,,False,0,5,TSK0741,,"TSK1521,TSK0447",,False,,False,0,,8.1,High,Low,47.0,True,False,3,Daily,9.9,2025-05-28 08:38:38,2025-04-18 14:28:56
TSK1877,Brand refresh,Brand refresh for design phase of project PRJ055.,Design,PRJ055,Low,Moderate,9.7,8.1,5,Prospecting,Manager,Junior,,2.8,EMP066,2024-04-23,Blocked,4.1,2024-04-26,2024-05-05,,True,665,4,TSK1848,,"TSK1012,TSK1321",,False,,False,0,,8.9,Low,High,36.9,False,True,1,Daily,7.4,2024-10-03 17:13:35,2024-06-13 08:35:37
TSK1878,KPI review,KPI review for analysis phase of project PRJ003.,Analysis,PRJ003,High,Very Complex,103.5,139.1,3,"Project Management,Power BI",Manager,Senior,PMP,2.9,EMP178,2025-05-18,Not Started,2.5,2025-05-19,2025-06-07,,False,-5,5,TSK1217,,"TSK0711,TSK1655",,False,,True,3,,8.1,Medium,Critical,31.1,True,True,1,As needed,6.6,2025-01-18 12:14:27,2024-11-26 12:30:12
TSK1879,Regression test suite,Regression test suite for testing phase of project PRJ043.,Testing,PRJ043,Low,Complex,44.2,36.4,5,"SAP,Bloomberg",Manager,Mid,AWS Certified,5.3,EMP172,2024-09-25,In Progress,53.3,2024-09-28,2024-10-09,,True,508,2,"TSK0624,TSK1331",,,,True,,False,0,,10,High,High,9.9,False,True,5,Daily,5.4,2025-01-25 14:38:45,2024-07-02 09:10:21
TSK1880,Write API docs,Write API docs for documentation phase of project PRJ010.,Documentation,PRJ010,Critical,Simple,3.6,,8,"SAP HR,Employment Law,Workday",Designer,Junior,,6.2,EMP117,2024-11-19,In Review,0,2024-11-23,2024-11-30,,True,456,5,,TSK1891,"TSK0818,TSK0922",TSK0898,False,,True,3,,8.0,Low,High,21.2,False,True,2,Daily,4.9,2024-01-10 18:00:56,2025-04-08 17:07:11
TSK1881,Performance testing,Performance testing for testing phase of project PRJ015.,Testing,PRJ015,Low,Moderate,7.3,,1,"Lean Six Sigma,Power BI,Excel",Developer,Mid,,5.2,EMP119,2025-04-20,Blocked,55.4,2025-04-24,2025-05-05,,True,300,2,,,"TSK1886,TSK1918",,False,,False,0,,,High,Medium,42.4,False,True,4,As needed,5.2,2024-07-03 08:14:10,2024-09-06 12:53:15
TSK1882,Kickoff meeting,Kickoff meeting for meeting phase of project PRJ047.,Meeting,PRJ047,High,Complex,14.8,,2,"CRM,Salesforce",Tester,Mid,,4.1,EMP050,2025-10-03,Blocked,63.8,2025-10-08,2025-10-18,,True,134,4,,,,,False,,False,0,,7.1,Low,Critical,5,False,True,5,As needed,8.3,2024-11-20 16:05:31,2025-03-23 10:59:17
TSK1883,Stakeholder review,Stakeholder review for meeting phase of project PRJ034.,Meeting,PRJ034,Low,Moderate,10.1,,3,QuickBooks,Tester,Junior,,5.3,EMP044,2025-05-13,In Progress,65.2,2025-05-16,2025-05-27,,True,278,2,,,,,False,,False,0,,6.6,Low,Low,5,False,True,2,Daily,3.4,2024-01-10 09:42:02,2025-07-07 09:06:11
TSK1884,Process documentation,Process documentation for documentation phase of project PRJ079.,Documentation,PRJ079,Medium,Simple,2.7,2.9,2,Communication,Tester,Mid,AWS Certified,5.8,EMP020,2025-05-30,Completed,100.0,2025-06-04,2025-06-12,2025-06-16,False,-1,3,TSK1618,"TSK1894,TSK1895",,,False,7.3,False,0,6.9,,High,Low,30.9,False,False,4,Daily,3.0,2024-04-28 15:40:07,2025-11-08 18:06:52
TSK1885,Load testing,Load testing for testing phase of project PRJ020.,Testing,PRJ020,Low,Complex,22.2,,8,Prospecting,Designer,Junior,,4.9,EMP008,2025-07-21,Blocked,3.2,2025-07-22,2025-08-02,,True,211,2,,,,,False,,False,0,,7.3,Low,Critical,28.7,False,True,2,Weekly,5.4,2024-03-01 16:21:31,2025-02-14 12:13:02
TSK1886,Security audit,Security audit for testing phase of project PRJ074.,Testing,PRJ074,Low,Very Complex,64.1,,3,"Content Marketing,A/B Testing",Designer,Senior,PMP,5.1,,2025-05-06,Not Started,83.1,2025-05-11,2025-05-28,,False,-5,3,,,"TSK0365,TSK1658",,False,,False,0,,8.7,Medium,High,37.2,False,True,3,Bi-weekly,4.7,2024-06-14 11:10:57,2025-05-02 13:00:41
TSK1887,Process documentation,Process documentation for documentation phase of project PRJ060.,Documentation,PRJ060,Medium,Simple,3.2,2.9,13,"Copywriting,Email Marketing",Manager,Mid,,5.8,EMP188,2025-09-27,In Progress,30.3,2025-10-02,2025-10-08,,True,144,2,,,,,False,,False,0,,7.1,Low,Medium,6.4,False,True,3,Weekly,6.6,2024-06-30 11:16:08,2025-04-14 12:08:10
TSK1888,Design critique,Design critique for meeting phase of project PRJ074.,Meeting,PRJ074,High,Simple,3.6,,2,"User Research,Photoshop",Manager,Senior,,4.8,EMP035,2024-03-07,In Progress,37.0,2024-03-10,2024-03-16,,True,715,4,,,"TSK1340,TSK0147",TSK0990,False,,False,0,,,High,Critical,42.9,False,False,5,Bi-weekly,1.7,2024-01-29 09:26:15,2024-09-28 13:37:36
TSK1889,Performance report,Performance report for analysis phase of project PRJ013.,Analysis,PRJ013,High,Simple,1.1,0.9,8,"SAP HR,Employment Law",Analyst,Junior,,7.5,EMP140,2024-03-29,In Review,34.0,2024-04-01,2024-04-09,,True,691,4,,,"TSK1175,TSK1764",TSK1416,False,,False,0,,8.1,Medium,Critical,44.6,False,True,3,Bi-weekly,5.9,2024-07-27 11:44:36,2024-06-19 17:52:06
TSK1890,Test automation,Test automation for testing phase of project PRJ029.,Testing,PRJ029,Medium,Moderate,9.6,,5,Adobe Suite,Manager,Junior,,6.4,EMP048,2024-06-07,In Progress,18.4,2024-06-12,2024-06-21,,True,618,4,,,,,False,,False,0,,9.3,Medium,Critical,5,False,True,4,Daily,5.4,2024-07-28 08:44:03,2025-09-25 12:46:24
TSK1891,Stakeholder review,Stakeholder review for meeting phase of project PRJ017.,Meeting,PRJ017,High,Moderate,4.1,3.2,2,"Go,FastAPI,Docker",Designer,Mid,,6.3,EMP106,2024-05-11,Completed,100.0,2024-05-12,2024-05-18,2024-05-17,False,-2,2,,,"TSK1595,TSK1965",,False,7.6,False,0,6.2,6.5,High,Medium,39.3,True,True,3,Weekly,8.5,2024-09-09 09:38:21,2024-12-18 09:39:58
TSK1892,Design critique,Design critique for meeting phase of project PRJ023.,Meeting,PRJ023,High,Complex,27.1,22.5,8,"SAP,Bloomberg",Developer,Mid,,8.0,EMP031,2024-12-09,In Review,0,2024-12-13,2024-12-27,,True,429,1,"TSK0895,TSK1244",,"TSK0101,TSK0424",TSK1688,True,,False,0,,,High,Critical,12.8,False,True,1,Daily,4.7,2024-01-23 15:54:49,2025-07-22 08:45:07
TSK1893,Performance report,Performance report for analysis phase of project PRJ093.,Analysis,PRJ093,Medium,Moderate,5.0,,13,"HubSpot,CRM",Developer,Mid,Scrum Master,7.1,EMP066,2025-02-24,In Progress,47.6,2025-02-26,2025-03-03,,True,363,1,,,,TSK1807,False,,False,0,,5.4,Low,Critical,30.8,False,True,4,Weekly,8.0,2024-10-01 12:32:59,2024-12-12 16:49:17
TSK1894,Competitor analysis,Competitor analysis for research phase of project PRJ004.,Research,PRJ004,Low,Complex,42.3,,2,SQL,Tester,Mid,,4.2,EMP086,2025-10-13,In Review,41.1,2025-10-15,2025-11-01,,True,120,5,,,,TSK1062,False,,False,0,,6.1,Medium,Medium,18.7,False,False,2,Bi-weekly,9.4,2024-02-29 16:48:25,2024-07-05 09:15:51
TSK1895,Market sizing,Market sizing for research phase of project PRJ039.,Research,PRJ039,Critical,Very Complex,80.6,,1,Sketch,Developer,Mid,,1,EMP149,2025-09-26,Not Started,0,2025-09-30,2025-10-22,,False,-5,1,TSK1034,,"TSK1778,TSK1352",TSK1651,False,,False,0,,,Low,High,13.9,True,True,4,Weekly,1.0,2024-03-09 09:17:35,2025-11-15 12:48:10
TSK1896,Test automation,Test automation for testing phase of project PRJ050.,Testing,PRJ050,High,Moderate,4.9,,13,SQL,Designer,Junior,,7.4,EMP183,2024-11-21,Not Started,18.2,2024-11-23,2024-11-28,,False,0,3,"TSK0257,TSK1280",,,,False,,True,3,,,Medium,High,32.8,False,True,1,Weekly,3.7,2025-04-23 09:30:47,2025-07-10 08:06:17
TSK1897,Feasibility study,Feasibility study for research phase of project PRJ019.,Research,PRJ019,Low,Moderate,8.5,8.4,13,"Risk Analysis,SAP",Tester,Senior,,1,EMP190,2024-12-07,Blocked,0,2024-12-09,2024-12-13,,True,443,3,,,,,False,,True,2,,,Low,High,20.1,False,False,5,Weekly,8.5,2024-05-02 16:53:17,2025-06-25 18:28:46
TSK1898,Load testing,Load testing for testing phase of project PRJ040.,Testing,PRJ040,Medium,Moderate,13.6,,13,"Recruiting,SAP HR,Conflict Resolution",Designer,Mid,,2.3,EMP012,2024-01-04,In Review,41.6,2024-01-06,2024-01-17,,True,774,4,,,"TSK1264,TSK1961",,False,,True,2,,8.8,High,Critical,48.9,False,False,4,Daily,7.2,2024-01-10 08:57:05,2025-09-23 09:08:21
TSK1899,Refactor database layer,Refactor database layer for development phase of project PRJ049.,Development,PRJ049,Medium,Complex,29.5,,5,"Social Media,Adobe Suite",Analyst,Junior,,6.6,EMP163,2025-05-24,Blocked,39.1,2025-05-25,2025-06-05,,True,269,3,,TSK1907,,,False,,False,0,,6.8,High,Low,67.1,False,True,4,Bi-weekly,0.3,2024-01-07 16:46:52,2024-06-13 08:40:25
TSK1900,Fix critical bug,Fix critical bug for development phase of project PRJ002.,Development,PRJ002,Medium,Simple,1.6,1.8,1,"User Research,Sketch",Tester,Senior,,8.2,EMP087,2024-03-30,Completed,100.0,2024-04-01,2024-04-06,2024-04-06,False,-3,2,,"TSK1910,TSK1919",,,False,6.0,False,0,6.8,6.6,Medium,Low,38.5,False,True,2,Daily,7.6,2024-05-13 17:17:56,2025-11-16 10:13:57
TSK1901,Release notes,Release notes for documentation phase of project PRJ085.,Documentation,PRJ085,Low,Complex,20.0,17.1,8,"HubSpot,Salesforce,Negotiation",Developer,Senior,Scrum Master,4.7,EMP147,2024-08-15,Blocked,0,2024-08-16,2024-08-23,,True,555,3,"TSK0488,TSK1146",,,,False,,False,0,,,Low,High,5,False,True,1,Bi-weekly,4.1,2025-03-31 11:09:52,2025-06-22 17:57:35
TSK1902,Technology evaluation,Technology evaluation for research phase of project PRJ075.,Research,PRJ075,Critical,Very Complex,66.1,73.2,13,"Illustrator,Photoshop",Designer,Senior,,4.7,EMP063,2024-06-24,In Review,46.6,2024-06-25,2024-07-14,,True,595,1,,"TSK1912,TSK1917",,TSK0034,False,,False,0,,6.1,High,Low,33.9,False,False,3,Bi-weekly,9.3,2024-02-02 17:41:14,2025-05-22 17:24:09
TSK1903,Create wireframes,Create wireframes for design phase of project PRJ072.,Design,PRJ072,Medium,Simple,2.4,3.1,3,"Adobe XD,User Research",Designer,Senior,,2.2,EMP048,2024-08-01,In Progress,0,2024-08-05,2024-08-14,,True,564,2,TSK0713,,,,False,,False,0,,7.7,Low,High,64.7,False,True,1,Daily,2.8,2024-05-04 15:40:33,2025-07-06 09:22:24
TSK1904,Build design system,Build design system for design phase of project PRJ092.,Design,PRJ092,High,Moderate,5.8,,1,User Research,Manager,Mid,PMP,5.7,EMP122,2025-03-16,In Review,53.0,2025-03-19,2025-03-21,,True,345,3,,"TSK1916,TSK1909","TSK1425,TSK0031",TSK1551,False,,False,0,,8.2,Medium,Critical,13.4,False,True,5,As needed,8.2,2025-05-08 14:29:34,2024-10-02 15:27:29
TSK1905,UAT coordination,UAT coordination for testing phase of project PRJ078.,Testing,PRJ078,High,Complex,28.3,35.0,2,"Adobe XD,Illustrator",Analyst,Senior,Scrum Master,5.1,EMP180,2025-11-21,Completed,100.0,2025-11-22,2025-12-05,2025-12-09,False,-3,4,,,,,False,7.8,False,0,8.3,8.1,Medium,Low,31.2,False,False,5,As needed,2.2,2024-12-07 13:40:40,2025-12-25 12:59:53
TSK1906,Data analysis,Data analysis for analysis phase of project PRJ088.,Analysis,PRJ088,Medium,Complex,25.0,,2,"Docker,TypeScript,PostgreSQL",Designer,Junior,,8.5,EMP146,2024-11-30,In Progress,74.2,2024-12-02,2024-12-16,,True,440,3,"TSK0874,TSK1245","TSK1912,TSK1907",,TSK1260,False,,False,0,,,Medium,Medium,49.8,False,False,2,Daily,4.0,2024-08-21 13:05:09,2025-09-13 14:44:05
TSK1907,User testing,User testing for design phase of project PRJ065.,Design,PRJ065,Medium,Moderate,9.0,,2,"Prospecting,Salesforce,HubSpot",Manager,Junior,,8.1,EMP183,2024-02-19,Not Started,28.3,2024-02-23,2024-03-02,,False,0,3,,,"TSK1591,TSK0386",TSK0550,False,,False,0,,8.9,High,Low,28.1,False,True,3,Weekly,5.9,2025-03-17 16:43:46,2026-02-19 13:41:36
TSK1908,Root cause analysis,Root cause analysis for analysis phase of project PRJ054.,Analysis,PRJ054,High,Simple,3.2,4.4,1,"HubSpot,Communication,Negotiation",Manager,Mid,PMP,1,EMP044,2024-11-25,Blocked,50.6,2024-11-26,2024-12-01,,True,455,5,TSK0763,,,,True,,True,2,,7.4,High,Low,61.8,True,True,1,Bi-weekly,9.7,2024-12-26 09:17:43,2025-01-05 08:42:57
TSK1909,Update user guide,Update user guide for documentation phase of project PRJ009.,Documentation,PRJ009,Low,Complex,42.9,,1,"Email Marketing,A/B Testing,Copywriting",Manager,Senior,,4.7,,2025-01-30,Blocked,25.5,2025-02-03,2025-02-13,,True,381,3,,,,,False,,False,0,,7.6,Medium,Medium,36.5,True,True,4,Daily,8.1,2025-01-07 17:45:32,2025-12-30 08:10:00
TSK1910,Stakeholder review,Stakeholder review for meeting phase of project PRJ015.,Meeting,PRJ015,Low,Moderate,8.0,8.5,2,"Employment Law,SAP HR,Recruiting",Developer,Senior,AWS Certified,5.7,EMP135,2025-01-02,Blocked,56.5,2025-01-03,2025-01-07,,True,418,3,"TSK0573,TSK1869",,,,False,,True,2,,7.3,Medium,Medium,29.2,True,True,1,Daily,8.8,2024-12-21 18:05:18,2024-08-16 16:58:50
TSK1911,Performance testing,Performance testing for testing phase of project PRJ067.,Testing,PRJ067,Critical,Complex,21.8,,1,"Communication,Prospecting",Tester,Mid,PMP,6.9,EMP181,2025-01-03,Not Started,63.0,2025-01-08,2025-01-20,,False,0,3,,,,,False,,True,3,,5.6,High,Low,5,False,True,4,Daily,8.3,2024-01-11 12:27:55,2025-09-02 12:23:29
TSK1912,Feasibility study,Feasibility study for research phase of project PRJ010.,Research,PRJ010,High,Simple,2.7,2.8,13,"SAP,Financial Modeling",Analyst,Mid,AWS Certified,6.0,EMP137,2025-11-10,In Progress,36.3,2025-11-13,2025-11-23,,True,98,2,,,,,False,,False,0,,7.3,Low,Medium,38.9,False,True,4,As needed,6.9,2024-01-29 16:04:36,2024-11-14 08:43:20
TSK1913,Feasibility study,Feasibility study for research phase of project PRJ066.,Research,PRJ066,High,Moderate,6.0,,8,"Adobe XD,User Research,Prototyping",Analyst,Junior,AWS Certified,3.7,EMP123,2024-01-20,In Progress,92.4,2024-01-23,2024-01-27,,True,764,2,,,"TSK0652,TSK0078",,False,,False,0,,9.5,Low,High,61.7,False,True,5,Weekly,6.2,2024-06-23 11:10:02,2025-03-20 09:18:21
TSK1914,Release notes,Release notes for documentation phase of project PRJ013.,Documentation,PRJ013,Low,Complex,47.8,54.5,8,"SAP,Financial Modeling",Manager,Junior,,2.1,EMP025,2025-01-07,Blocked,87.4,2025-01-12,2025-01-23,,True,402,3,,,"TSK0391,TSK0064",,False,,False,0,,7.0,Low,Critical,12.6,False,False,3,Weekly,9.3,2024-06-19 09:46:10,2024-08-02 14:57:10
TSK1915,Kickoff meeting,Kickoff meeting for meeting phase of project PRJ041.,Meeting,PRJ041,High,Moderate,10.1,7.8,3,"Email Marketing,Copywriting,Content Marketing",Designer,Mid,AWS Certified,3.7,,2024-07-06,Not Started,37.3,2024-07-07,2024-07-12,,False,-1,4,,,"TSK1601,TSK0893",TSK1454,False,,True,2,,7.1,Medium,Critical,56.2,False,True,3,As needed,9.4,2024-01-15 10:06:20,2025-12-17 18:53:14
TSK1916,Update user guide,Update user guide for documentation phase of project PRJ008.,Documentation,PRJ008,Medium,Moderate,13.1,,8,"Negotiation,Communication,Excel",Manager,Mid,PMP,4.1,EMP103,2025-09-19,Blocked,50.0,2025-09-21,2025-09-28,,True,154,5,,,,,False,,False,0,,,Low,Medium,9.6,True,False,4,Daily,1.0,2024-09-10 16:17:43,2025-09-10 14:58:39
TSK1917,Write API docs,Write API docs for documentation phase of project PRJ088.,Documentation,PRJ088,Medium,Simple,3.0,,8,"A/B Testing,SEO,Email Marketing",Manager,Senior,,5.3,EMP182,2024-09-27,In Review,43.8,2024-09-28,2024-10-03,,True,514,3,,TSK1931,"TSK0732,TSK1830",,False,,False,0,,,Medium,Low,41.0,False,False,4,Bi-weekly,7.7,2025-03-28 11:54:52,2024-12-21 12:38:10
TSK1918,Process documentation,Process documentation for documentation phase of project PRJ013.,Documentation,PRJ013,High,Very Complex,85.3,,5,"Conflict Resolution,Workday,Training",Designer,Mid,,8.9,EMP177,2024-05-31,In Review,51.3,2024-06-05,2024-06-29,,True,610,5,TSK1851,,"TSK0789,TSK0231",TSK0312,False,,False,0,,,Low,Medium,5,False,True,2,As needed,0.8,2024-11-29 16:18:23,2025-08-09 12:27:13
TSK1919,Data analysis,Data analysis for analysis phase of project PRJ061.,Analysis,PRJ061,High,Very Complex,95.4,92.5,13,"Python,PostgreSQL",Developer,Senior,AWS Certified,4.5,EMP200,2025-06-27,In Progress,28.1,2025-06-29,2025-07-24,,True,220,4,,,"TSK1646,TSK1677",,False,,True,3,,8.4,High,Medium,27.1,False,True,2,Weekly,4.5,2024-06-14 13:31:35,2025-03-30 08:36:01
TSK1920,Build design system,Build design system for design phase of project PRJ051.,Design,PRJ051,Critical,Moderate,4.2,,3,"Python,Java,Django",Tester,Senior,,7.3,EMP162,2025-05-04,Not Started,1.5,2025-05-08,2025-05-10,,False,-1,5,,,"TSK0258,TSK1864",,False,,True,1,,9.4,High,High,5,True,True,1,Bi-weekly,8.8,2025-04-03 10:59:03,2025-04-17 08:43:46
TSK1921,Write API docs,Write API docs for documentation phase of project PRJ010.,Documentation,PRJ010,High,Complex,16.9,22.7,1,"Adobe XD,User Research,Figma",Analyst,Mid,AWS Certified,5.6,EMP063,2024-08-09,Completed,100.0,2024-08-10,2024-08-20,2024-08-20,False,-3,3,,,,,False,5.0,False,0,7.1,5.8,Medium,High,57.7,False,True,4,Bi-weekly,5.1,2024-09-25 17:07:06,2025-10-04 09:20:37
TSK1922,Stakeholder review,Stakeholder review for meeting phase of project PRJ075.,Meeting,PRJ075,Medium,Moderate,8.8,11.5,5,HubSpot,Developer,Mid,,8.2,EMP163,2025-11-07,Completed,100.0,2025-11-09,2025-11-18,2025-11-19,False,-4,2,,,,,False,8.1,False,0,6.9,8.6,Low,Low,45.8,False,False,2,Weekly,0.5,2025-01-24 17:30:32,2025-04-14 10:26:01
TSK1923,Update user guide,Update user guide for documentation phase of project PRJ005.,Documentation,PRJ005,Medium,Simple,3.6,3.0,8,"Lean Six Sigma,Supply Chain,Power BI",Tester,Junior,,4.8,EMP024,2025-03-26,In Progress,50.0,2025-03-30,2025-04-08,,True,327,3,,"TSK1931,TSK1926","TSK1928,TSK1108",,False,,False,0,,9.4,High,Critical,5,True,True,3,Bi-weekly,9.4,2024-11-30 18:44:46,2025-06-04 08:43:23
TSK1924,User research,User research for research phase of project PRJ016.,Research,PRJ016,Critical,Simple,3.0,3.9,3,"Communication,Salesforce",Designer,Mid,,4.3,EMP015,2025-02-14,Completed,100.0,2025-02-16,2025-02-26,2025-03-02,False,-5,2,,,"TSK0455,TSK0522",,False,7.9,False,0,7.2,6.3,Medium,Low,38.1,False,True,1,As needed,4.7,2024-12-28 09:57:12,2024-12-17 10:16:50
TSK1925,Regression test suite,Regression test suite for testing phase of project PRJ028.,Testing,PRJ028,High,Complex,23.7,,3,"Financial Modeling,QuickBooks",Analyst,Junior,,4.5,EMP024,2024-06-13,In Progress,17.6,2024-06-17,2024-06-23,,True,616,5,TSK1871,,,,False,,False,0,,,Low,Medium,44.6,False,True,5,Weekly,5.3,2024-02-24 13:36:03,2026-01-15 11:14:51
TSK1926,Metrics dashboard,Metrics dashboard for analysis phase of project PRJ039.,Analysis,PRJ039,Low,Simple,2.1,,3,Illustrator,Developer,Junior,,5.6,EMP085,2025-03-19,Blocked,66.7,2025-03-24,2025-03-27,,True,339,4,TSK1289,,,,False,,False,0,,7.5,Low,Critical,5,False,False,1,Bi-weekly,2.6,2024-04-04 18:04:42,2025-05-26 08:30:18
TSK1927,Stakeholder review,Stakeholder review for meeting phase of project PRJ024.,Meeting,PRJ024,Low,Moderate,7.0,,2,Conflict Resolution,Manager,Senior,,6.0,EMP168,2024-07-12,Blocked,60.2,2024-07-16,2024-07-25,,True,584,5,,,"TSK0436,TSK0571",,False,,False,0,,6.4,Medium,Medium,5,False,True,3,Weekly,6.2,2025-03-18 17:25:05,2025-10-27 13:45:56
TSK1928,Kickoff meeting,Kickoff meeting for meeting phase of project PRJ008.,Meeting,PRJ008,Low,Complex,28.0,36.8,5,"Adobe Suite,Social Media,Copywriting",Tester,Mid,,3.6,EMP038,2025-05-23,In Progress,0,2025-05-25,2025-06-03,,True,271,4,"TSK0079,TSK0493",,,,False,,False,0,,6.9,Low,Critical,16.3,False,False,4,As needed,4.9,2024-12-06 16:20:00,2025-01-20 11:24:27
TSK1929,User research,User research for research phase of project PRJ041.,Research,PRJ041,Medium,Moderate,15.8,13.1,3,Google Analytics,Manager,Senior,,7.5,EMP064,2025-10-08,In Review,46.1,2025-10-12,2025-10-18,,True,134,1,TSK0159,,"TSK0321,TSK0955",TSK1404,False,,True,3,,8.5,High,Low,13.9,False,False,1,As needed,9.4,2024-07-12 16:51:14,2026-02-21 10:25:13
TSK1930,Design landing page,Design landing page for design phase of project PRJ043.,Design,PRJ043,Low,Very Complex,79.9,106.1,3,Lean Six Sigma,Designer,Junior,,3.7,EMP129,2025-04-01,Completed,100.0,2025-04-02,2025-04-23,2025-04-26,False,-1,1,TSK0284,,,,False,6.3,True,2,6.8,3.5,Medium,High,52.6,False,False,3,Weekly,9.8,2024-09-30 15:59:32,2025-12-24 09:58:35
TSK1931,Regression test suite,Regression test suite for testing phase of project PRJ059.,Testing,PRJ059,Medium,Moderate,11.1,,5,User Research,Analyst,Mid,Scrum Master,2.7,EMP110,2025-06-01,In Progress,38.8,2025-06-04,2025-06-10,,True,264,4,,"TSK1932,TSK1940","TSK0823,TSK1037",,False,,False,0,,5.1,Low,Low,39.5,False,True,5,Bi-weekly,7.6,2024-12-19 16:13:55,2024-09-29 17:57:08
TSK1932,Write API docs,Write API docs for documentation phase of project PRJ018.,Documentation,PRJ018,Medium,Very Complex,32.7,,5,Communication,Developer,Senior,Scrum Master,4.2,EMP160,2025-07-09,In Progress,21.1,2025-07-13,2025-07-24,,True,220,5,,,"TSK1449,TSK1276",TSK0551,False,,False,0,,9.6,Low,High,47.4,True,True,1,As needed,3.1,2024-02-14 11:44:39,2024-07-14 09:13:58
TSK1933,Create onboarding docs,Create onboarding docs for documentation phase of project PRJ035.,Documentation,PRJ035,High,Simple,2.5,3.1,2,Workday,Analyst,Senior,,8.6,EMP123,2024-08-07,In Review,1.9,2024-08-11,2024-08-20,,True,558,2,,,"TSK0720,TSK1792",,False,,False,0,,5.5,Low,High,59.5,False,False,5,Bi-weekly,0.1,2025-02-07 08:03:47,2024-07-08 10:08:23
TSK1934,Process documentation,Process documentation for documentation phase of project PRJ044.,Documentation,PRJ044,Medium,Moderate,14.3,,13,"Communication,Prospecting,Excel",Analyst,Junior,,1.6,EMP074,2025-04-09,Not Started,31.0,2025-04-13,2025-04-24,,False,0,1,,,,,True,,False,0,,,Low,Medium,46.6,False,False,5,Bi-weekly,8.8,2024-09-22 08:38:30,2024-10-25 15:37:16
TSK1935,Competitor analysis,Competitor analysis for research phase of project PRJ071.,Research,PRJ071,High,Moderate,8.1,6.0,8,Workday,Designer,Senior,,5.1,EMP101,2024-11-24,In Progress,20.0,2024-11-27,2024-11-30,,True,456,4,,"TSK1940,TSK1952",,,False,,False,0,,,Low,High,5,False,True,1,Weekly,7.7,2024-11-05 12:47:59,2026-01-07 17:07:11
TSK1936,Market sizing,Market sizing for research phase of project PRJ012.,Research,PRJ012,Critical,Simple,2.1,,1,"FastAPI,Kubernetes,Docker",Analyst,Junior,,3.4,EMP137,2025-04-20,In Review,67.9,2025-04-21,2025-04-28,,True,307,2,,,,TSK0756,True,,False,0,,,Medium,High,83.3,False,True,3,Weekly,6.5,2024-11-07 14:51:53,2025-12-08 09:58:09
TSK1937,Add unit tests,Add unit tests for development phase of project PRJ075.,Development,PRJ075,Medium,Simple,2.0,,3,"VBA,QuickBooks",Designer,Junior,,3.8,EMP065,,Not Started,57.6,2024-10-20,2024-10-24,,False,0,5,,"TSK1949,TSK1953","TSK0187,TSK1869",,False,,False,0,,8.2,High,Critical,57.5,False,True,2,Weekly,4.1,2024-05-12 16:01:31,2024-10-25 10:09:39
TSK1938,Process documentation,Process documentation for documentation phase of project PRJ082.,Documentation,PRJ082,Low,Simple,3.1,3.7,1,A/B Testing,Analyst,Mid,AWS Certified,5.0,EMP096,2025-10-14,In Review,78.6,2025-10-16,2025-10-26,,True,126,5,"TSK0548,TSK1550",,,TSK0147,False,,False,0,,8.8,High,High,20.4,False,False,3,Weekly,9.8,2025-04-09 11:40:02,2025-12-14 08:26:33
TSK1939,Competitor analysis,Competitor analysis for research phase of project PRJ037.,Research,PRJ037,Low,Simple,2.3,,5,"Lean Six Sigma,Excel",Developer,Senior,,8.5,EMP096,2024-07-08,In Progress,16.6,2024-07-12,2024-07-16,,True,593,3,,,"TSK0589,TSK1652",TSK1318,False,,True,1,,6.1,Low,High,45.8,False,False,4,Weekly,1.7,2024-01-13 13:42:09,2025-05-21 18:28:09
TSK1940,User testing,User testing for design phase of project PRJ026.,Design,PRJ026,Medium,Simple,1.7,1.8,2,"Conflict Resolution,Recruiting",Manager,Mid,,3.7,EMP097,2024-11-13,In Progress,44.0,2024-11-14,2024-11-19,,True,467,2,"TSK1528,TSK0990",,"TSK0551,TSK1882",TSK0592,False,,False,0,,4.8,High,High,31.2,False,False,4,Bi-weekly,4.3,2025-05-07 10:39:01,2026-01-29 18:37:53
TSK1941,Brand refresh,Brand refresh for design phase of project PRJ088.,Design,PRJ088,High,Complex,26.6,33.0,2,"Lean Six Sigma,Project Management,Supply Chain",Designer,Mid,,5.4,EMP103,2025-01-24,Blocked,53.2,2025-01-25,2025-02-01,,True,393,1,TSK1133,,"TSK0390,TSK1888",,False,,False,0,,9.8,Medium,Medium,5,True,False,3,Weekly,9.3,2024-04-17 12:32:16,2024-07-07 15:21:51
TSK1942,Metrics dashboard,Metrics dashboard for analysis phase of project PRJ082.,Analysis,PRJ082,Medium,Complex,46.5,41.8,1,"Photoshop,Illustrator,User Research",Analyst,Senior,Scrum Master,8.8,EMP078,2025-04-06,In Review,35.5,2025-04-08,2025-04-19,,True,316,1,,,"TSK1648,TSK1817",TSK0037,False,,False,0,,7.0,Medium,High,38.0,False,True,3,Bi-weekly,1.4,2025-04-21 18:12:50,2025-07-06 09:40:35
TSK1943,Add unit tests,Add unit tests for development phase of project PRJ019.,Development,PRJ019,High,Very Complex,42.6,,8,SQL,Designer,Senior,Scrum Master,6.2,EMP055,2025-05-12,Blocked,0,2025-05-13,2025-05-24,,True,281,2,,,"TSK0417,TSK0081",,False,,False,0,,8.8,Low,Medium,28.5,True,False,4,Bi-weekly,8.0,2025-01-13 18:09:07,2025-06-14 17:28:33
TSK1944,Impact assessment,Impact assessment for analysis phase of project PRJ031.,Analysis,PRJ031,Medium,Moderate,4.0,3.4,13,"Lean Six Sigma,Excel,Project Management",Analyst,Junior,PMP,5.1,EMP153,2025-03-27,Completed,100.0,2025-03-30,2025-04-07,2025-04-06,False,-4,5,TSK0037,,"TSK0318,TSK1853",,False,7.7,True,3,7.3,9.4,Low,Medium,63.6,False,True,5,Weekly,2.7,2025-05-05 11:26:55,2025-03-04 14:08:22
TSK1945,Team retrospective,Team retrospective for meeting phase of project PRJ064.,Meeting,PRJ064,Medium,Very Complex,91.6,,2,"Sketch,Prototyping",Analyst,Senior,Scrum Master,5.6,EMP048,2025-03-21,In Progress,4.9,2025-03-26,2025-04-16,,True,319,1,,,,,True,,False,0,,6.8,Medium,High,26.2,True,True,3,Weekly,9.3,2024-03-27 13:08:15,2024-12-16 14:54:06
TSK1946,Write API docs,Write API docs for documentation phase of project PRJ028.,Documentation,PRJ028,Medium,Complex,14.6,18.6,2,"SAP HR,Recruiting,HRIS",Analyst,Mid,,3.6,EMP063,2025-08-08,In Review,99,2025-08-12,2025-08-17,,True,196,2,TSK0261,,"TSK1925,TSK0221",,False,,False,0,,8.5,Medium,Medium,39.6,True,True,1,As needed,1.3,2025-03-14 17:39:44,2025-11-21 11:15:54
TSK1947,Design critique,Design critique for meeting phase of project PRJ055.,Meeting,PRJ055,High,Simple,3.8,4.5,2,Figma,Developer,Senior,,4.0,EMP099,2024-08-14,In Review,49.6,2024-08-16,2024-08-19,,True,559,4,,,"TSK0152,TSK1987",,False,,True,2,,,High,High,21.1,False,True,3,Daily,3.3,2024-08-23 15:28:29,2024-08-06 16:12:58
TSK1948,Sprint planning,Sprint planning for meeting phase of project PRJ011.,Meeting,PRJ011,Medium,Moderate,11.9,,5,"Conflict Resolution,Employment Law,Recruiting",Analyst,Junior,,7.7,EMP021,2025-02-20,In Review,67.1,2025-02-22,2025-02-27,,True,367,4,,,,,False,,False,0,,6.4,Low,Medium,52.2,False,False,2,Bi-weekly,5.9,2024-03-22 14:29:09,2026-01-05 17:59:32
TSK1949,Process documentation,Process documentation for documentation phase of project PRJ067.,Documentation,PRJ067,Medium,Very Complex,96.5,76.0,13,Sketch,Developer,Senior,Scrum Master,1,EMP078,2024-05-21,Completed,100.0,2024-05-23,2024-06-11,2024-06-10,False,-3,1,TSK0482,,"TSK1716,TSK1927",,False,7.9,False,0,8.3,10,High,Critical,73.7,False,False,5,Daily,1.9,2024-02-29 08:51:12,2025-01-08 16:36:14
TSK1950,Design critique,Design critique for meeting phase of project PRJ019.,Meeting,PRJ019,Low,Simple,2.6,3.3,13,FastAPI,Designer,Senior,PMP,6.9,EMP035,2024-08-11,Completed,100.0,2024-08-12,2024-08-17,2024-08-22,False,-1,1,,,"TSK1056,TSK1974",TSK0234,False,5.7,False,0,6.7,8.4,Low,Low,33.8,True,True,3,Bi-weekly,5.5,2024-12-05 16:31:34,2025-01-31 11:22:52
TSK1951,Root cause analysis,Root cause analysis for analysis phase of project PRJ021.,Analysis,PRJ021,Medium,Simple,3.7,,1,"Negotiation,CRM,Salesforce",Analyst,Junior,AWS Certified,1.9,EMP177,2024-06-04,In Review,33.3,2024-06-05,2024-06-08,,True,631,5,"TSK1549,TSK1087",,,TSK1628,False,,True,2,,7.5,Low,Critical,12.0,False,False,2,Bi-weekly,3.9,2024-08-07 11:33:46,2026-01-15 11:27:15
TSK1952,Brand refresh,Brand refresh for design phase of project PRJ091.,Design,PRJ091,Medium,Very Complex,117.8,,5,"Lean Six Sigma,Power BI,ERP",Developer,Mid,,6.8,EMP068,2024-07-17,Blocked,30.9,2024-07-20,2024-08-18,,True,560,5,,,"TSK1924,TSK1301",,False,,False,0,,,Medium,Medium,5,False,False,2,Bi-weekly,8.3,2024-09-15 08:50:00,2025-10-12 18:36:31
TSK1953,Kickoff meeting,Kickoff meeting for meeting phase of project PRJ073.,Meeting,PRJ073,High,Complex,15.7,,2,"Content Marketing,Social Media",Developer,Junior,Scrum Master,6.0,EMP048,2024-03-27,Not Started,39.4,2024-03-31,2024-04-09,,False,-2,1,,"TSK1957,TSK1956","TSK0060,TSK1577",,False,,False,0,,7.5,Low,Low,21.3,False,False,1,As needed,8.3,2024-01-04 11:27:18,2025-12-22 11:52:52
TSK1954,Team retrospective,Team retrospective for meeting phase of project PRJ053.,Meeting,PRJ053,High,Moderate,12.2,9.9,5,"Adobe Suite,A/B Testing",Tester,Mid,Scrum Master,3.2,EMP198,2025-05-25,Completed,100.0,2025-05-28,2025-06-03,2025-06-08,False,-1,1,,,"TSK0374,TSK0601",,True,5.9,False,0,7.5,6.7,Medium,Low,36.4,False,True,1,Weekly,6.6,2025-02-13 14:47:06,2025-04-18 12:02:03
TSK1955,Market sizing,Market sizing for research phase of project PRJ052.,Research,PRJ052,High,Complex,15.7,,5,Bloomberg,Analyst,Mid,,3.6,EMP056,2025-05-18,In Progress,0,2025-05-23,2025-06-03,,True,271,3,,"TSK1961,TSK1972","TSK1637,TSK1421",,False,,True,3,,7.3,Low,Medium,59.6,False,True,5,As needed,1.9,2024-09-16 13:58:32,2024-08-18 10:26:42
TSK1956,Create onboarding docs,Create onboarding docs for documentation phase of project PRJ016.,Documentation,PRJ016,Medium,Moderate,4.1,3.9,3,Excel,Developer,Mid,AWS Certified,4.8,EMP078,,In Review,43.2,2024-12-16,2024-12-19,,True,437,1,,,"TSK1423,TSK0415",,False,,False,0,,8.9,Low,Medium,23.1,False,False,3,Daily,7.2,2024-06-26 13:45:58,2025-06-05 09:22:14
TSK1957,Write API docs,Write API docs for documentation phase of project PRJ049.,Documentation,PRJ049,Medium,Complex,19.8,19.8,8,"SAP,Bloomberg",Manager,Mid,,6.3,EMP010,2025-03-24,In Review,98.8,2025-03-25,2025-04-05,,True,330,4,,,,,False,,False,0,,8.0,High,Medium,23.0,False,True,4,Daily,2.8,2024-05-02 18:05:39,2025-11-28 15:03:31
TSK1958,Kickoff meeting,Kickoff meeting for meeting phase of project PRJ069.,Meeting,PRJ069,Low,Simple,4.0,4.4,5,"TypeScript,PostgreSQL",Tester,Junior,,2.5,EMP137,2024-11-05,Not Started,70.8,2024-11-10,2024-11-20,,False,0,3,"TSK1885,TSK0736",,"TSK0315,TSK1870",,True,,False,0,,,Medium,Low,41.3,False,False,3,Weekly,6.4,2024-04-23 11:50:41,2026-02-06 14:48:52
TSK1959,Build design system,Build design system for design phase of project PRJ042.,Design,PRJ042,Medium,Complex,38.7,,2,"Financial Modeling,SAP,Bloomberg",Developer,Mid,,3.7,EMP140,2025-07-24,In Review,0.5,2025-07-29,2025-08-11,,True,202,2,,,"TSK1158,TSK0225",,False,,False,0,,,High,High,5,False,True,2,Daily,4.1,2024-10-10 16:33:27,2025-04-01 15:51:25
TSK1960,Process documentation,Process documentation for documentation phase of project PRJ041.,Documentation,PRJ041,High,Simple,4.0,,8,SAP HR,Developer,Mid,PMP,4.7,EMP164,2024-03-03,In Progress,48.8,2024-03-07,2024-03-09,,True,722,1,"TSK0962,TSK0196",,"TSK1871,TSK1944",,True,,True,1,,5.4,High,Low,23.6,True,False,1,Daily,1.7,2024-01-03 10:34:21,2025-11-23 15:17:29
TSK1961,Build REST API,Build REST API for development phase of project PRJ032.,Development,PRJ032,Medium,Simple,1.5,,5,"SAP,Financial Modeling,QuickBooks",Developer,Mid,Scrum Master,5.2,EMP139,2025-11-26,Blocked,36.4,2025-11-30,2025-12-08,,True,83,5,,"TSK1970,TSK1964","TSK0730,TSK0204",TSK1322,False,,False,0,,9.0,Low,Low,14.1,False,False,1,Weekly,9.1,2024-12-07 13:33:30,2025-10-31 14:44:21
TSK1962,Deploy to staging,Deploy to staging for development phase of project PRJ030.,Development,PRJ030,High,Simple,3.7,,5,"SAP HR,Training,HRIS",Developer,Junior,Scrum Master,4.3,EMP114,2025-02-23,In Review,27.7,2025-02-28,2025-03-09,,True,357,2,,,,,False,,False,0,,8.5,Medium,Low,38.3,False,True,4,Weekly,2.2,2025-05-16 15:34:22,2024-12-14 11:53:12
TSK1963,Load testing,Load testing for testing phase of project PRJ025.,Testing,PRJ025,Medium,Very Complex,33.7,,8,"Photoshop,Illustrator,Figma",Designer,Mid,Scrum Master,2.5,EMP032,2024-08-04,Blocked,39.2,2024-08-08,2024-08-21,,True,557,5,,,"TSK0519,TSK0356",,False,,False,0,,6.4,Low,Low,28.7,False,False,5,Bi-weekly,1.8,2025-03-24 14:39:22,2024-11-20 17:01:01
TSK1964,Release notes,Release notes for documentation phase of project PRJ008.,Documentation,PRJ008,Critical,Moderate,7.5,10.1,13,"Supply Chain,Lean Six Sigma,ERP",Developer,Junior,,4.9,EMP047,2025-10-10,In Progress,51.1,2025-10-14,2025-10-24,,True,128,4,,TSK1982,,,True,,False,0,,6.9,High,Medium,55.0,True,False,1,Daily,8.3,2024-11-22 14:44:46,2025-02-26 11:53:48
TSK1965,Brand refresh,Brand refresh for design phase of project PRJ019.,Design,PRJ019,Medium,Very Complex,42.0,,5,"Figma,Adobe XD,Sketch",Designer,Senior,Scrum Master,4.1,EMP038,2024-06-18,In Progress,2.3,2024-06-20,2024-06-30,,True,609,1,,TSK1983,"TSK1495,TSK1794",TSK1937,False,,False,0,,6.4,Medium,Medium,38.7,False,False,2,As needed,3.2,2024-06-07 11:45:36,2025-12-09 09:56:33
TSK1966,Build design system,Build design system for design phase of project PRJ092.,Design,PRJ092,Low,Moderate,12.8,9.8,3,"Financial Modeling,Excel",Developer,Junior,Scrum Master,3.8,EMP139,2024-06-18,In Review,43.1,2024-06-23,2024-06-27,,True,612,5,,,,TSK0686,False,,True,1,,7.1,High,High,22.5,False,True,4,Bi-weekly,7.6,2024-10-27 13:31:06,2024-08-14 10:50:46
TSK1967,Data analysis,Data analysis for analysis phase of project PRJ056.,Analysis,PRJ056,Low,Complex,29.7,,5,"Recruiting,SAP HR,Training",Tester,Senior,,5.4,EMP103,2025-10-21,Not Started,52.1,2025-10-25,2025-11-01,,False,-4,5,,,"TSK0991,TSK1629",,False,,False,0,,6.6,High,Low,25.3,False,True,2,Weekly,4.9,2024-11-27 14:08:03,2024-08-23 08:15:53
TSK1968,Update user guide,Update user guide for documentation phase of project PRJ097.,Documentation,PRJ097,Medium,Moderate,13.2,14.7,3,"Excel,Negotiation,Prospecting",Designer,Junior,,2.2,EMP199,,Blocked,0,2025-03-15,2025-03-24,,True,342,3,,,"TSK1609,TSK1510",,True,,False,0,,,Medium,High,38.6,False,True,3,Weekly,4.0,2024-05-09 16:56:37,2025-02-17 11:32:45
TSK1969,Icon set design,Icon set design for design phase of project PRJ008.,Design,PRJ008,Medium,Complex,17.5,13.9,2,"HubSpot,Negotiation,Excel",Tester,Senior,,3.6,EMP110,2024-07-15,Blocked,89.8,2024-07-16,2024-07-24,,True,585,2,"TSK0713,TSK1861",,,,False,,False,0,,,Low,Critical,49.9,False,False,1,As needed,7.6,2024-03-15 15:23:51,2024-08-15 14:44:14
TSK1970,Build design system,Build design system for design phase of project PRJ100.,Design,PRJ100,Low,Simple,3.7,2.9,3,Excel,Tester,Senior,PMP,2.6,EMP118,2024-08-25,In Progress,69.9,2024-08-29,2024-09-06,,True,541,3,,"TSK1987,TSK1971","TSK0185,TSK0903",,False,,False,0,,,Medium,Critical,54.8,False,True,3,Bi-weekly,8.7,2025-02-06 12:51:01,2024-08-16 18:04:27
TSK1971,Icon set design,Icon set design for design phase of project PRJ006.,Design,PRJ006,Medium,Very Complex,47.8,,1,FastAPI,Analyst,Mid,,4.7,,2024-08-26,In Review,27.1,2024-08-29,2024-09-11,,True,536,2,"TSK1082,TSK0642",,"TSK1658,TSK1362",TSK1668,True,,False,0,,8.0,Low,Low,34.4,True,True,1,As needed,9.7,2025-05-16 13:49:38,2025-12-30 16:53:11
TSK1972,Team retrospective,Team retrospective for meeting phase of project PRJ032.,Meeting,PRJ032,High,Simple,1.1,1.2,2,"Copywriting,Adobe Suite",Designer,Junior,,4.0,EMP069,2024-12-12,Not Started,27.2,2024-12-17,2024-12-21,,False,-2,5,,,"TSK0334,TSK1335",,False,,False,0,,,Low,Low,38.6,False,False,5,As needed,8.7,2025-04-07 13:14:44,2025-02-24 12:28:23
TSK1973,User research,User research for research phase of project PRJ014.,Research,PRJ014,High,Simple,1.3,1.1,2,Prototyping,Tester,Senior,,4.0,EMP136,2024-03-23,In Progress,14.5,2024-03-25,2024-03-31,,True,700,4,,,"TSK0931,TSK0756",,False,,False,0,,7.4,High,High,25.3,False,True,5,Daily,2.2,2024-05-12 15:24:31,2025-02-13 12:19:30
TSK1974,UAT coordination,UAT coordination for testing phase of project PRJ093.,Testing,PRJ093,Low,Simple,4.0,2.8,5,"VBA,Excel,Bloomberg",Developer,Junior,,4.7,EMP028,,In Progress,7.5,2025-09-08,2025-09-11,,True,171,3,"TSK0196,TSK1734",,"TSK1690,TSK0606",,False,,True,3,,,Medium,High,48.9,False,True,5,Weekly,0.8,2024-05-10 09:51:45,2025-04-05 18:22:06
TSK1975,Team retrospective,Team retrospective for meeting phase of project PRJ070.,Meeting,PRJ070,Medium,Moderate,14.8,18.3,2,"Training,HRIS",Analyst,Senior,,9.0,EMP057,2024-05-20,In Progress,0,2024-05-23,2024-05-27,,True,643,3,"TSK0262,TSK1450",,"TSK0878,TSK1390",,False,,False,0,,9.1,High,Low,34.3,True,False,4,Bi-weekly,5.0,2024-06-24 16:07:40,2025-12-25 11:51:23
TSK1976,Write integration tests,Write integration tests for testing phase of project PRJ015.,Testing,PRJ015,Low,Complex,17.1,23.4,5,ERP,Manager,Junior,,3.2,EMP069,2024-05-03,Completed,100.0,2024-05-08,2024-05-14,2024-05-16,False,0,2,TSK1550,,,,False,9.9,False,0,5.7,7.5,Low,High,24.7,False,True,1,As needed,3.1,2024-04-06 08:24:06,2024-10-08 13:11:18
TSK1977,Kickoff meeting,Kickoff meeting for meeting phase of project PRJ010.,Meeting,PRJ010,Medium,Moderate,4.6,5.2,3,Adobe XD,Developer,Senior,,10,EMP110,2024-03-15,In Progress,13.6,2024-03-16,2024-03-22,,True,709,2,,,"TSK0529,TSK0546",,True,,False,0,,5.9,Medium,Low,21.2,False,False,5,Bi-weekly,1.1,2024-07-05 18:54:19,2025-08-20 16:18:28
TSK1978,Performance report,Performance report for analysis phase of project PRJ027.,Analysis,PRJ027,High,Complex,36.1,,8,"Adobe XD,Figma,Prototyping",Developer,Senior,,6.8,EMP107,2024-04-20,Blocked,61.2,2024-04-21,2024-05-02,,True,668,2,,,,,False,,False,0,,6.0,Medium,Low,55.3,False,True,4,Weekly,9.6,2025-05-08 17:45:02,2025-05-28 10:37:24
TSK1979,Process documentation,Process documentation for documentation phase of project PRJ091.,Documentation,PRJ091,Medium,Very Complex,74.8,,5,"Conflict Resolution,Workday",Tester,Senior,AWS Certified,9.1,EMP015,2024-07-15,Not Started,58.0,2024-07-17,2024-08-01,,False,-4,3,,,,,False,,False,0,,6.3,Low,Critical,11.9,False,True,1,As needed,4.7,2024-01-26 09:49:46,2026-01-08 14:37:25
TSK1980,Technology evaluation,Technology evaluation for research phase of project PRJ095.,Research,PRJ095,High,Moderate,8.1,,13,"Photoshop,Sketch,Prototyping",Designer,Mid,,4.1,EMP117,2025-09-28,In Review,14.4,2025-09-30,2025-10-04,,True,148,1,TSK1770,,,TSK0929,True,,False,0,,6.9,Medium,Low,61.1,False,True,2,Weekly,2.2,2024-08-30 14:48:33,2024-10-20 16:43:20
TSK1981,Design critique,Design critique for meeting phase of project PRJ031.,Meeting,PRJ031,Medium,Very Complex,41.4,38.3,13,SAP,Analyst,Junior,,3.5,EMP025,2024-07-02,In Review,82.9,2024-07-07,2024-07-22,,True,587,3,TSK1671,,"TSK1114,TSK1957",,False,,False,0,,,Medium,Low,5,False,False,3,Bi-weekly,5.0,2025-05-02 08:31:21,2025-10-07 17:59:50
TSK1982,Design landing page,Design landing page for design phase of project PRJ064.,Design,PRJ064,High,Simple,2.6,2.9,13,"Prototyping,Adobe XD",Tester,Junior,,6.9,EMP014,2025-04-24,In Review,15.0,2025-04-27,2025-05-05,,True,300,1,,,,,False,,False,0,,7.4,High,Critical,24.7,False,True,4,As needed,1.9,2024-05-29 18:48:26,2025-12-02 15:30:24
TSK1983,Process documentation,Process documentation for documentation phase of project PRJ076.,Documentation,PRJ076,Low,Moderate,10.8,11.0,13,"Prospecting,Salesforce",Tester,Junior,,3.5,EMP103,2024-08-08,In Review,40.8,2024-08-13,2024-08-20,,True,558,1,,,,TSK0988,False,,False,0,,6.4,Low,Low,23.3,False,True,1,Bi-weekly,5.3,2024-10-17 12:44:58,2026-01-03 17:15:06
TSK1984,Update user guide,Update user guide for documentation phase of project PRJ075.,Documentation,PRJ075,Critical,Moderate,10.5,,5,Training,Manager,Mid,,6.9,EMP180,2024-04-22,Not Started,55.1,2024-04-25,2024-05-02,,False,-2,4,TSK0693,,,,False,,False,0,,,Low,Critical,31.7,False,False,1,Bi-weekly,1.7,2024-09-22 09:53:24,2024-12-16 18:41:44
TSK1985,Design critique,Design critique for meeting phase of project PRJ037.,Meeting,PRJ037,High,Moderate,9.4,11.6,3,"Excel,Negotiation",Designer,Junior,Scrum Master,6.1,EMP055,2024-08-13,Completed,100.0,2024-08-18,2024-08-29,2024-09-01,False,-5,1,,,,,False,8.4,False,0,7.1,8.3,Medium,High,26.4,False,True,2,As needed,6.9,2024-05-29 17:52:47,2026-01-02 14:23:02
TSK1986,Create mockups,Create mockups for design phase of project PRJ023.,Design,PRJ023,Medium,Complex,29.7,29.8,8,Negotiation,Manager,Senior,,4.9,EMP080,2025-08-20,Not Started,0.6,2025-08-21,2025-08-27,,False,-1,5,,,"TSK0407,TSK1655",TSK1716,False,,False,0,,5.1,Low,High,41.9,True,True,3,Daily,0.4,2024-05-26 16:17:34,2025-09-08 17:00:55
TSK1987,Implement authentication module,Implement authentication module for development phase of project PRJ053.,Development,PRJ053,Medium,Complex,34.5,31.3,2,"MongoDB,Docker,SQL",Analyst,Mid,AWS Certified,4.9,EMP003,2025-08-08,Not Started,0,2025-08-10,2025-08-22,,False,-1,2,"TSK0598,TSK0620",TSK1991,,TSK0171,True,,False,0,,7.9,High,High,21.3,False,True,1,Weekly,0.7,2024-06-29 09:24:01,2025-11-02 15:38:57
TSK1988,Update user guide,Update user guide for documentation phase of project PRJ076.,Documentation,PRJ076,High,Complex,33.5,41.7,3,User Research,Manager,Junior,,2.8,EMP135,2024-06-07,Completed,100.0,2024-06-12,2024-06-23,2024-06-22,False,-1,3,"TSK0766,TSK0396",TSK1994,"TSK0844,TSK1939",,True,6.4,False,0,8.3,,Low,High,23.4,False,False,4,As needed,4.6,2024-04-04 17:53:16,2025-10-05 12:17:30
TSK1989,Design landing page,Design landing page for design phase of project PRJ029.,Design,PRJ029,Medium,Simple,2.9,2.0,2,Prototyping,Tester,Junior,AWS Certified,6.3,EMP165,2024-10-31,In Progress,29.0,2024-11-03,2024-11-09,,True,477,5,,,"TSK1395,TSK0069",,False,,False,0,,,High,Medium,5,False,False,5,Daily,7.5,2025-01-08 16:20:20,2025-05-26 09:38:31
TSK1990,KPI review,KPI review for analysis phase of project PRJ013.,Analysis,PRJ013,Medium,Moderate,15.3,17.1,2,"Prototyping,Illustrator",Tester,Senior,,4.5,EMP036,2024-03-26,In Progress,65.0,2024-03-29,2024-04-09,,True,691,4,,,"TSK0066,TSK1906",TSK1774,False,,True,3,,6.3,Low,Medium,53.6,False,False,1,Bi-weekly,8.0,2024-02-15 13:14:15,2025-03-18 08:35:50
TSK1991,Impact assessment,Impact assessment for analysis phase of project PRJ051.,Analysis,PRJ051,High,Simple,1.7,1.4,13,"ERP,Project Management",Manager,Junior,AWS Certified,4.1,EMP172,2025-07-22,Blocked,44.4,2025-07-26,2025-07-31,,True,213,3,"TSK1115,TSK0712",,"TSK0452,TSK0087",,False,,True,1,,5.1,Low,Medium,11.0,True,True,3,Weekly,9.1,2025-01-01 14:07:39,2025-06-09 17:51:50
TSK1992,Create onboarding docs,Create onboarding docs for documentation phase of project PRJ064.,Documentation,PRJ064,Medium,Moderate,5.8,4.6,5,"Email Marketing,Content Marketing,Adobe Suite",Manager,Mid,,2.7,EMP124,2025-11-08,Completed,100.0,2025-11-12,2025-11-15,2025-11-17,False,-5,1,,,"TSK0887,TSK1107",,False,6.9,False,0,7.8,7.8,Low,Critical,5,False,True,5,As needed,2.0,2024-04-11 12:03:12,2025-12-28 18:03:12
TSK1993,Refactor database layer,Refactor database layer for development phase of project PRJ091.,Development,PRJ091,Medium,Complex,29.5,,5,"Sketch,Prototyping",Analyst,Junior,PMP,9.9,EMP038,2024-09-12,Blocked,26.3,2024-09-13,2024-09-25,,True,522,5,,,,,False,,False,0,,6.5,Medium,Critical,70.6,False,True,2,As needed,9.8,2024-12-27 18:58:52,2025-05-19 11:11:50
TSK1994,Team retrospective,Team retrospective for meeting phase of project PRJ082.,Meeting,PRJ082,High,Simple,2.2,,13,"Employment Law,HRIS",Tester,Senior,,8.3,EMP089,2024-10-30,In Progress,90.2,2024-11-02,2024-11-07,,True,479,4,,,,TSK1302,False,,False,0,,5.2,Medium,Critical,37.2,False,True,3,Bi-weekly,0.3,2024-07-08 10:35:33,2025-10-30 18:06:52
TSK1995,Load testing,Load testing for testing phase of project PRJ057.,Testing,PRJ057,Medium,Moderate,4.8,,5,"Negotiation,Salesforce,Excel",Manager,Senior,,6.0,EMP134,,In Progress,10.7,2024-03-03,2024-03-10,,True,721,1,,,"TSK0741,TSK1759",,False,,False,0,,,Low,High,47.0,False,False,1,Weekly,3.3,2025-03-09 10:21:51,2025-06-19 10:37:10
TSK1996,Market sizing,Market sizing for research phase of project PRJ024.,Research,PRJ024,Medium,Very Complex,97.6,110.6,5,"Node.js,React",Analyst,Junior,AWS Certified,5.4,EMP052,2025-05-07,In Review,55.6,2025-05-09,2025-06-04,,True,270,3,TSK1680,,,,False,,False,0,,6.1,Low,High,27.8,False,False,2,Daily,7.4,2024-11-21 08:40:18,2024-06-05 15:12:42
TSK1997,Code review,Code review for development phase of project PRJ013.,Development,PRJ013,High,Moderate,8.6,10.4,1,"Figma,Prototyping,User Research",Tester,Senior,,6.0,EMP112,2024-04-16,Not Started,46.0,2024-04-19,2024-04-27,,False,-2,5,TSK0367,,"TSK1428,TSK1046",,False,,False,0,,7.4,Low,Critical,54.8,False,False,2,As needed,5.2,2024-05-05 14:07:35,2024-10-06 14:08:40
TSK1998,Architecture review,Architecture review for meeting phase of project PRJ098.,Meeting,PRJ098,Low,Simple,2.9,3.6,5,"React,SQL",Analyst,Junior,PMP,3.4,EMP017,2024-02-07,Completed,100.0,2024-02-10,2024-02-17,2024-02-22,False,-1,3,TSK0512,,,,False,9.3,True,2,6.0,9.1,High,Low,37.5,False,False,3,As needed,5.2,2024-12-20 14:29:48,2024-08-02 08:17:55
TSK1999,KPI review,KPI review for analysis phase of project PRJ017.,Analysis,PRJ017,Low,Complex,19.5,25.6,5,"Docker,Django",Designer,Junior,,5.0,EMP183,2024-04-08,Blocked,59.7,2024-04-09,2024-04-18,,True,682,2,,,,TSK1015,False,,False,0,,8.7,High,Critical,32.0,True,True,2,Daily,5.4,2024-11-24 15:33:33,2024-11-03 17:32:45
TSK2000,Brand refresh,Brand refresh for design phase of project PRJ094.,Design,PRJ094,High,Complex,31.0,,5,"Workday,Recruiting",Designer,Mid,,2.2,EMP121,2024-03-23,In Progress,0,2024-03-25,2024-04-09,,True,691,3,TSK1618,,"TSK1743,TSK0586",,False,,False,0,,,Low,High,58.0,True,True,1,As needed,5.3,2024-06-09 08:28:22,2025-11-06 12:18:48
