team_id,team_name,project_id,formation_date,formation_method,team_lead_id,member_ids,team_size,role_distribution,seniority_mix,skill_diversity_score,experience_balance_score,collaborative_history_score,communication_compatibility,workload_balance_score,timezone_compatibility,predicted_success_rate,actual_performance_score,team_productivity_score,team_cohesion_score,conflict_incidents,collaboration_effectiveness,project_completed,completion_time_days,met_deadline,quality_rating,budget_adherence,stakeholder_satisfaction,team_efficiency_ratio,resource_utilization,skill_utilization_rate,improvement_opportunities,team_feedback_summary,lessons_learned,would_reform_team,team_status,dissolution_date,dissolution_reason,created_at,last_updated
TEAM001,Omega Unit,PRJ027,2025-05-09,Manual,EMP1868,"EMP1086,EMP088,EMP112,EMP0816,EMP0486,EMP1868",6,"{""SEO"": 1, ""Marketing"": 4, ""Campaign"": 1}","{""Senior"": 2, ""Lead"": 2, ""Mid"": 2}",100.0,78.99,64.7,42.2,58.24,79.1,75.8,93.0,77.2,8.4,0.0,7.8,True,169.7,True,7.6,93.0,7.7,0.9,74.4,41.31,4.0,,Daily standups critical,True,Completed,2025-10-25,Budget Cut,2023-12-02 13:38:36,2024-11-15 17:45:57
TEAM002,Delta Squad,PRJ039,2024-07-26,Manual,EMP169,"EMP0999,EMP1984,EMP0696,EMP169,EMP1398,EMP1272,EMP0988,EMP0595",8,"{""HR"": 6, ""People"": 2}","{""Senior"": 7, ""Mid"": 1}",100.0,39.22,100.0,90.0,83.6,67.3,86.5,81.0,39.0,8.3,3.0,8.1,True,178.3,False,5.0,90.0,6.1,1.2,64.7,62.75,1.0,Exceeded expectations,Daily standups critical,False,Completed,2025-01-20,Reorganization,2023-11-02 13:10:06,2026-02-08 12:23:45
TEAM003,Beta Squad,PRJ071,2023-12-10,Hybrid,EMP1505,"EMP0482,EMP1505,EMP1296",3,"{""SEO"": 2, ""Marketing"": 1}","{""Mid"": 1, ""Lead"": 1, ""Senior"": 1}",99.25,94.68,87.5,95.0,94.46,73.3,33.3,86.5,83.1,6.4,2.0,7.7,True,210.6,True,6.5,114.5,5.8,0.8,115.0,29.54,1.0,Exceeded expectations,,True,Completed,2024-07-07,Budget Cut,2023-09-27 16:52:16,2026-02-17 16:21:15
TEAM004,Sigma Crew,PRJ078,2024-11-08,Manual,EMP0848,"EMP1932,EMP105,EMP0848,EMP0981,EMP1357,EMP026,EMP0357",7,"{""Campaign"": 5, ""SEO"": 1, ""Marketing"": 1}","{""Mid"": 5, ""Senior"": 2}",100.0,54.1,56.6,78.7,81.99,76.3,52.9,87.5,86.7,8.2,2.0,7.7,,62.8,False,9.7,92.8,7.8,1.1,113.5,32.29,5.0,Strong execution,Need better docs,False,Completed,2025-01-09,Project Complete,2023-08-21 13:11:59,2025-09-09 18:23:28
TEAM005,Beta Team,PRJ063,2024-09-02,Hybrid,EMP0269,"EMP1799,EMP0372,EMP1231,EMP1393,EMP0269,EMP0289,EMP1582,EMP1516",8,"{""Accountant"": 2, ""Finance"": 2, ""Financial"": 2, ""Controller"": 2}","{""Senior"": 3, ""Junior"": 2, ""Principal"": 2, ""Mid"": 1}",80.99,79.17,53.9,72.2,73.6,75.2,87.5,89.5,100.0,5.5,0.0,7.7,,291.8,True,8.0,93.1,9.3,0.8,68.0,69.36,5.0,Strong execution,Daily standups critical,True,Completed,2025-06-20,Reorganization,2024-05-20 08:27:35,2024-06-03 10:21:54
TEAM006,Sigma Force,PRJ034,2024-12-03,Manual,EMP1017,"EMP1017,EMP088,EMP0606,EMP0766",4,"{""Campaign"": 2, ""Marketing"": 1, ""Content"": 1}","{""Senior"": 1, ""Lead"": 1, ""Mid"": 2}",100.0,100.0,74.8,74.7,69.77,60.5,65.3,89.6,50.2,6.3,3.0,8.8,,122.3,False,8.3,101.2,,1.3,100.2,46.31,2.0,Great collaboration,Need better docs,False,Completed,2025-04-04,Reorganization,2023-10-28 12:04:57,2025-10-09 08:20:21
TEAM007,Alpha Squad,PRJ075,2024-03-19,Manual,EMP155,"EMP1652,EMP1985,EMP1672,EMP0428,EMP0268,EMP172,EMP155",7,"{""People"": 1, ""HR"": 1, ""Recruiter"": 5}","{""Senior"": 2, ""Lead"": 2, ""Mid"": 3}",100.0,63.63,90.4,96.7,81.4,83.2,38.3,77.8,57.3,8.1,1.0,8.0,True,75.1,False,7.5,95.9,7.7,1.1,99.5,57.91,5.0,Communication issues resolved,Daily standups critical,True,Completed,2024-06-02,Budget Cut,2023-10-01 10:49:09,2024-08-25 14:33:47
TEAM008,Alpha Crew,PRJ050,2024-05-19,AI-Recommended,EMP1799,"EMP1794,EMP0313,EMP0899,EMP1211,EMP1799,EMP0364,EMP152,EMP0993,EMP0711",9,"{""Logistics"": 1, ""Account"": 1, ""Accountant"": 3, ""Finance"": 3, ""Financial"": 1}","{""Principal"": 2, ""Lead"": 1, ""Junior"": 1, ""Mid"": 2, ""Senior"": 3}",100.0,84.59,79.1,62.3,71.26,64.2,79.9,93.3,64.3,6.8,1.0,8.3,True,194.4,False,6.0,103.8,10.0,1.0,93.0,58.22,0.0,Exceeded expectations,Daily standups critical,True,Completed,2024-11-29,Project Complete,2023-08-21 11:39:22,2025-01-08 10:32:56
TEAM009,Alpha Unit,PRJ097,2025-03-25,AI-Recommended,EMP1587,"EMP0376,EMP0374,EMP1587,EMP0721,EMP0491,EMP088",6,"{""Marketing"": 4, ""Content"": 1, ""Campaign"": 1}","{""Mid"": 4, ""Lead"": 2}",100.0,40.07,54.6,60.5,76.84,84.1,75.3,98.9,91.5,5.8,2.0,7.6,True,152.8,False,5.7,92.5,8.6,0.9,82.8,58.58,5.0,Exceeded expectations,Need better docs,False,Completed,2025-08-24,Project Complete,2024-04-12 09:16:57,2024-10-13 08:48:55
TEAM010,Omega Unit,PRJ043,2023-12-18,Hybrid,EMP1587,"EMP0848,EMP0981,EMP1505,EMP0923,EMP1587,EMP1218,EMP0212",7,"{""Campaign"": 3, ""Marketing"": 4}","{""Senior"": 3, ""Lead"": 3, ""Mid"": 1}",100.0,68.51,78.2,92.9,72.07,87.6,80.4,78.3,88.5,8.3,3.0,7.9,True,35.2,False,8.3,92.2,7.7,1.1,66.4,54.24,1.0,Strong execution,Need better docs,True,Completed,2024-01-22,Reorganization,2023-08-16 12:38:29,2025-06-26 18:39:28
TEAM011,Alpha Team,PRJ080,2023-06-27,Manual,EMP156,"EMP1252,EMP079,EMP1063,EMP048,EMP0251,EMP1214,EMP156,EMP0520",8,"{""Recruiter"": 2, ""HR"": 5, ""People"": 1}","{""Lead"": 2, ""Senior"": 4, ""Mid"": 1, ""Principal"": 1}",100.0,82.86,61.7,56.5,69.18,76.9,50.5,88.7,76.4,5.9,2.0,7.8,,170.7,True,7.8,108.0,6.3,1.1,98.0,52.13,1.0,Exceeded expectations,,True,Completed,2023-12-14,Budget Cut,2024-01-14 18:43:04,2025-02-04 15:49:58
TEAM012,Gamma Squad,PRJ007,2024-04-17,Manual,EMP0941,"EMP1849,EMP1292,EMP0941,EMP1253,EMP031,EMP0396",6,"{""Accountant"": 3, ""Account"": 1, ""Operations"": 1, ""Sales"": 1}","{""Principal"": 2, ""Senior"": 1, ""Lead"": 3}",97.89,78.44,64.2,78.6,81.68,85.5,82.4,72.3,88.3,6.9,3.0,7.4,True,154.9,True,6.6,115.6,7.3,1.3,96.8,53.02,1.0,Great collaboration,Daily standups critical,True,Completed,2024-09-18,Reorganization,2024-04-06 17:03:57,2025-04-18 13:49:48
TEAM013,Beta Squad,PRJ039,2025-01-27,AI-Recommended,EMP1669,"EMP1408,EMP0249,EMP1669,EMP1214,EMP0468,EMP0528,EMP0635,EMP0744",8,"{""HR"": 4, ""People"": 2, ""Recruiter"": 2}","{""Lead"": 2, ""Principal"": 1, ""Senior"": 1, ""Junior"": 1, ""Mid"": 3}",100.0,87.38,91.1,63.6,63.09,97.0,76.9,85.1,57.5,6.4,3.0,7.2,True,259.6,False,8.2,109.1,8.0,1.3,81.0,56.37,0.0,Great collaboration,Daily standups critical,False,Completed,2025-10-13,Project Complete,2023-07-04 16:59:04,2025-08-06 11:26:38
TEAM014,Alpha Squad,PRJ038,2023-11-15,Hybrid,EMP0955,"EMP1783,EMP0268,EMP1272,EMP0955,EMP0977,EMP1482,EMP0483,EMP0287,EMP0595,EMP0668",10,"{""Recruiter"": 3, ""HR"": 6, ""People"": 1}","{""Lead"": 1, ""Mid"": 4, ""Senior"": 3, ""Principal"": 1, ""Junior"": 1}",100.0,69.69,69.1,81.4,78.7,80.1,91.3,63.7,93.1,7.7,3.0,5.3,True,105.8,True,9.1,91.2,8.0,1.2,104.5,60.85,5.0,Great collaboration,,True,Completed,2024-02-28,Project Complete,2024-05-30 11:11:35,2025-12-04 10:46:46
TEAM015,Beta Unit,PRJ089,2024-08-17,Manual,EMP1447,"EMP1509,EMP1447,EMP0556,EMP0287,EMP1408,EMP061,EMP1112,EMP0542",8,"{""HR"": 4, ""Recruiter"": 2, ""People"": 2}","{""Senior"": 4, ""Lead"": 3, ""Mid"": 1}",100.0,51.93,55.4,54.8,70.67,64.4,40.8,100.0,62.6,6.0,3.0,8.1,True,56.1,True,7.0,93.3,,1.0,82.5,54.18,2.0,Communication issues resolved,Async communication worked well,,Completed,2024-10-12,Budget Cut,2024-02-23 17:00:22,2026-01-08 10:28:06
TEAM016,Gamma Squad,PRJ084,2023-10-04,Manual,EMP1074,"EMP1074,EMP0556,EMP038,EMP1194",4,"{""Recruiter"": 1, ""HR"": 2, ""People"": 1}","{""Lead"": 1, ""Senior"": 3}",99.93,82.74,50.1,60.0,61.34,97.0,80.2,80.1,60.0,7.8,3.0,7.3,True,129.5,True,6.3,88.1,7.6,1.1,86.7,55.15,1.0,Strong execution,,True,Completed,2024-02-10,Reorganization,2024-01-28 12:10:01,2024-08-02 15:38:12
TEAM017,Sigma Squad,PRJ026,2024-03-14,Manual,EMP0885,"EMP1152,EMP0299,EMP0885,EMP1602,EMP0753,EMP1895,EMP1049,EMP0775",8,"{""UI"": 4, ""UX"": 2, ""Product"": 2}","{""Lead"": 2, ""Mid"": 4, ""Senior"": 2}",100.0,58.82,56.1,69.8,68.83,85.4,91.0,100.0,94.9,7.7,1.0,8.8,True,112.7,True,8.8,100.7,7.9,0.8,82.3,50.36,2.0,,Clear roles helped,True,Completed,2024-07-04,Budget Cut,2024-01-24 18:21:24,2025-07-21 09:18:57
TEAM018,Omega Force,PRJ033,2024-10-02,Hybrid,EMP0303,"EMP0499,EMP0303,EMP0738",3,"{""Finance"": 2, ""Accountant"": 1}","{""Senior"": 2, ""Principal"": 1}",100.0,100.0,59.9,58.5,76.97,95.9,67.1,58.1,49.5,5.7,0.0,7.9,True,89.8,True,8.0,108.1,6.0,0.9,79.8,66.56,4.0,Communication issues resolved,Need better docs,True,Completed,2024-12-30,Reorganization,2024-02-26 09:49:16,2025-10-13 14:09:59
TEAM019,Beta Force,PRJ004,2024-05-19,Hybrid,EMP0970,"EMP1509,EMP1672,EMP1293,EMP0504,EMP0970,EMP1252,EMP1940",7,"{""HR"": 4, ""Recruiter"": 3}","{""Senior"": 2, ""Lead"": 4, ""Mid"": 1}",95.64,75.53,54.2,60.5,71.1,46.3,68.0,71.4,97.7,8.2,3.0,7.0,True,337.6,True,10.0,102.5,7.0,1.3,62.3,50.06,5.0,Strong execution,Daily standups critical,,Completed,2025-04-21,Reorganization,2023-08-26 14:17:10,2024-06-15 08:47:49
TEAM020,Delta Team,PRJ049,2024-06-27,AI-Recommended,EMP0857,"EMP031,EMP1815,EMP0254,EMP1597,EMP1711,EMP1345,EMP0857,EMP1794,EMP0205",9,"{""Operations"": 7, ""Logistics"": 2}","{""Lead"": 3, ""Senior"": 3, ""Mid"": 1, ""Principal"": 2}",100.0,71.55,63.5,90.1,63.96,78.8,63.7,67.5,85.5,7.9,1.0,8.4,,240.5,True,8.3,84.0,6.9,1.0,75.2,70.8,3.0,,Daily standups critical,True,Completed,2025-02-22,Project Complete,2023-11-15 09:20:00,2025-08-03 16:01:49
TEAM021,Alpha Crew,PRJ044,2024-03-16,AI-Recommended,EMP1512,"EMP0671,EMP1512,EMP076,EMP038",4,"{""Recruiter"": 1, ""HR"": 3}","{""Lead"": 2, ""Principal"": 1, ""Senior"": 1}",92.24,100.0,78.8,49.7,76.93,77.0,41.0,75.2,88.2,9.0,2.0,7.7,True,31.9,True,7.7,90.5,6.4,1.1,77.0,44.54,0.0,Exceeded expectations,,,Completed,2024-04-16,Reorganization,2024-02-13 17:21:54,2025-05-22 16:10:43
TEAM022,Beta Force,PRJ082,2024-12-21,Hybrid,EMP1449,"EMP0384,EMP0546,EMP1244,EMP1636,EMP1193,EMP055,EMP0415,EMP1227,EMP1449",9,"{""Logistics"": 6, ""Operations"": 3}","{""Senior"": 3, ""Lead"": 3, ""Mid"": 1, ""Junior"": 2}",100.0,64.51,43.2,92.2,65.72,76.8,91.4,84.5,89.6,9.2,1.0,8.5,,208.3,True,6.5,83.5,9.0,0.9,82.8,67.49,1.0,Exceeded expectations,,False,Completed,2025-07-17,Project Complete,2023-10-16 17:36:43,2026-01-02 16:08:42
TEAM023,Alpha Crew,PRJ080,2024-06-09,AI-Recommended,EMP073,"EMP0437,EMP1076,EMP073",3,"{""HR"": 1, ""Recruiter"": 1, ""People"": 1}","{""Senior"": 1, ""Lead"": 1, ""Principal"": 1}",88.96,100.0,75.1,71.9,82.61,89.3,76.8,66.8,48.9,8.0,2.0,7.4,True,188.8,False,8.1,80.8,7.2,0.8,81.2,58.69,1.0,,Async communication worked well,True,Completed,2024-12-14,Project Complete,2024-01-11 12:52:49,2025-08-10 10:31:30
TEAM024,Delta Unit,PRJ035,2023-06-15,Hybrid,EMP0941,"EMP0878,EMP1118,EMP1195,EMP1078,EMP0888,EMP1799,EMP0941",7,"{""Account"": 1, ""Sales"": 1, ""Logistics"": 1, ""Controller"": 1, ""Accountant"": 3}","{""Lead"": 2, ""Principal"": 2, ""Senior"": 3}",100.0,57.48,78.4,51.4,77.36,62.4,76.5,88.2,78.2,5.0,0.0,7.3,True,87.8,True,6.7,91.4,8.0,1.2,70.3,60.31,0.0,Strong execution,Daily standups critical,,Completed,2023-09-10,Budget Cut,2024-01-18 18:03:31,2025-10-28 17:39:17
TEAM025,Alpha Unit,PRJ004,2023-12-05,Hybrid,EMP076,"EMP1243,EMP1293,EMP1949,EMP0850,EMP1394,EMP035,EMP1146,EMP076",8,"{""Recruiter"": 2, ""HR"": 6}","{""Lead"": 2, ""Senior"": 4, ""Mid"": 2}",100.0,59.56,69.9,88.1,76.64,86.0,62.7,88.4,70.7,6.8,1.0,8.3,True,36.7,False,5.9,94.5,7.3,1.1,73.8,48.14,0.0,Communication issues resolved,Need better docs,True,Completed,2024-01-10,Budget Cut,2023-10-22 18:48:20,2025-11-13 17:39:47
TEAM026,Omega Force,PRJ078,2023-08-17,AI-Recommended,EMP0601,"EMP030,EMP197,EMP0212,EMP0601,EMP1797",5,"{""Marketing"": 2, ""Campaign"": 1, ""SEO"": 2}","{""Mid"": 1, ""Senior"": 3, ""Lead"": 1}",100.0,81.86,75.4,79.3,87.56,76.2,74.6,60.3,46.2,7.3,0.0,7.4,True,49.0,True,7.6,93.8,7.7,1.1,72.8,55.28,1.0,Strong execution,,True,Completed,2023-10-05,Project Complete,2023-06-29 16:58:48,2025-03-15 18:57:48
TEAM027,Delta Squad,PRJ086,2023-07-02,Manual,EMP0900,"EMP0303,EMP0900,EMP1801,EMP0455",4,"{""Accountant"": 1, ""Business"": 1, ""Sales"": 1, ""Software"": 1}","{""Principal"": 2, ""Lead"": 2}",100.0,67.28,97.7,61.8,90.81,48.9,72.1,64.4,94.5,5.3,2.0,7.6,True,315.1,True,5.9,103.1,8.4,0.9,67.7,54.81,5.0,Great collaboration,Daily standups critical,True,Completed,2024-05-12,Reorganization,2023-11-03 16:53:27,2024-06-01 10:22:48
TEAM028,Sigma Unit,PRJ095,2024-03-17,Hybrid,EMP0936,"EMP1573,EMP0936,EMP0243,EMP1711",4,"{""Accountant"": 1, ""Logistics"": 1, ""Operations"": 2}","{""Principal"": 2, ""Lead"": 2}",100.0,75.61,83.9,71.2,68.37,63.6,91.5,96.3,94.6,7.1,3.0,8.5,True,302.1,False,6.4,108.4,8.4,0.8,83.5,48.81,1.0,,Async communication worked well,,Completed,2025-01-13,Budget Cut,2024-02-05 08:40:08,2025-10-30 11:13:00
TEAM029,Delta Unit,PRJ065,2024-05-21,Manual,EMP088,"EMP0743,EMP0220,EMP0357,EMP088,EMP0549,EMP0673,EMP029,EMP1391,EMP0763,EMP1779",10,"{""SEO"": 2, ""Campaign"": 5, ""Marketing"": 3}","{""Mid"": 9, ""Lead"": 1}",100.0,26.87,33.9,87.3,66.01,61.2,64.1,71.2,82.2,5.3,1.0,7.0,True,149.0,True,8.4,86.0,6.9,0.8,103.8,49.5,5.0,Great collaboration,Need better docs,False,Completed,2024-10-17,Project Complete,2023-10-25 14:16:40,2025-07-24 10:59:53
TEAM030,Gamma Crew,PRJ099,2025-04-20,Manual,EMP1079,"EMP0545,EMP1412,EMP041,EMP1014,EMP023,EMP1079,EMP0769,EMP0594,EMP0757",9,"{""UI"": 5, ""Graphic"": 2, ""UX"": 2}","{""Lead"": 2, ""Senior"": 4, ""Mid"": 2, ""Junior"": 1}",90.68,68.29,85.7,73.9,64.54,100.0,65.5,66.9,92.7,8.1,1.0,7.2,True,257.7,True,6.9,108.9,8.4,1.1,81.8,62.22,5.0,Exceeded expectations,Daily standups critical,False,Completed,2026-01-02,Budget Cut,2023-08-24 18:58:02,2025-02-22 12:12:57
TEAM031,Alpha Squad,PRJ076,2025-05-06,Hybrid,EMP1131,"EMP1131,EMP0951,EMP0859,EMP0919,EMP0311",5,"{""Software"": 1, ""Team"": 2, ""QA"": 1, ""Senior"": 1}","{""Lead"": 2, ""Senior"": 3}",100.0,59.63,74.6,83.9,84.2,78.2,85.0,68.1,53.5,8.7,2.0,7.7,,173.4,False,7.4,95.0,6.4,1.0,91.1,35.21,3.0,Strong execution,Need better docs,False,Completed,2025-10-26,Reorganization,2023-06-19 14:38:33,2024-11-03 16:23:17
TEAM032,Omega Unit,PRJ095,2024-04-22,AI-Recommended,EMP1821,"EMP1821,EMP0332,EMP0467,EMP0449,EMP025,EMP1425,EMP1711,EMP1636,EMP1193,EMP0664",10,"{""Sales"": 1, ""Operations"": 6, ""Project"": 1, ""Logistics"": 2}","{""Principal"": 1, ""Senior"": 4, ""Lead"": 3, ""Mid"": 1, ""Junior"": 1}",100.0,66.95,67.7,55.5,60.82,82.9,72.1,74.4,81.2,8.2,0.0,7.8,True,138.6,True,7.6,99.6,5.8,1.0,74.9,52.33,4.0,Strong execution,Need better docs,False,Completed,2024-09-07,Reorganization,2023-12-21 12:01:24,2025-08-31 12:43:27
TEAM033,Omega Crew,PRJ087,2023-09-22,Manual,EMP1112,"EMP1376,EMP1112,EMP1074",3,"{""Recruiter"": 3}","{""Lead"": 3}",71.96,49.36,66.0,56.6,60.91,70.9,62.8,65.6,88.5,7.5,2.0,5.4,True,76.5,False,9.0,99.0,7.9,0.8,76.8,66.59,0.0,Exceeded expectations,Need better docs,False,Completed,2023-12-07,Budget Cut,2024-01-01 08:17:48,2024-07-01 14:35:57
TEAM034,Alpha Crew,PRJ095,2024-07-17,Hybrid,EMP1657,"EMP0857,EMP093,EMP0978,EMP0384,EMP1657",5,"{""Logistics"": 4, ""Operations"": 1}","{""Principal"": 2, ""Senior"": 2, ""Lead"": 1}",95.48,100.0,52.0,79.5,67.45,82.9,94.3,72.3,66.0,8.1,1.0,4.8,True,141.7,True,8.2,96.3,,1.1,89.5,68.41,0.0,Strong execution,Need better docs,True,Completed,2024-12-05,Project Complete,2024-05-07 17:45:13,2025-07-03 12:21:23
TEAM035,Sigma Unit,PRJ094,2023-11-08,AI-Recommended,EMP1607,"EMP1607,EMP0230,EMP0539",3,"{""Graphic"": 1, ""Product"": 2}","{""Lead"": 3}",100.0,54.12,32.9,56.5,37.86,85.2,49.3,68.2,68.3,7.9,1.0,7.2,True,115.3,True,8.7,96.2,6.5,1.0,94.4,78.88,1.0,Communication issues resolved,Need better docs,True,Completed,2024-03-02,Budget Cut,2023-12-15 11:16:49,2025-10-24 16:37:52
TEAM036,Sigma Team,PRJ087,2024-05-21,Manual,EMP156,"EMP1411,EMP1725,EMP1252,EMP156,EMP0879",5,"{""Recruiter"": 2, ""People"": 2, ""HR"": 1}","{""Lead"": 2, ""Principal"": 2, ""Senior"": 1}",93.98,83.92,66.5,93.1,67.97,67.9,83.5,85.1,38.4,8.4,3.0,7.6,True,190.8,True,8.7,115.2,6.9,1.0,81.0,59.83,3.0,Communication issues resolved,Async communication worked well,True,Completed,2024-11-27,Reorganization,2023-12-25 11:40:54,2024-12-03 15:11:03
TEAM037,Alpha Unit,PRJ081,2024-05-17,Manual,EMP0993,"EMP0794,EMP1064,EMP0303,EMP179,EMP0993,EMP065,EMP1160",7,"{""Finance"": 2, ""Financial"": 2, ""Accountant"": 3}","{""Senior"": 2, ""Mid"": 2, ""Principal"": 3}",85.01,59.7,69.7,70.4,86.45,100.0,71.9,82.3,76.0,7.5,3.0,8.8,True,45.8,False,7.6,99.9,,1.2,87.7,72.09,1.0,Great collaboration,,False,Completed,2024-07-01,Reorganization,2024-04-22 10:08:18,2025-05-09 09:38:48
TEAM038,Delta Unit,PRJ090,2024-02-08,AI-Recommended,EMP1849,"EMP0747,EMP028,EMP156,EMP1849",4,"{""Finance"": 2, ""HR"": 1, ""Accountant"": 1}","{""Senior"": 2, ""Principal"": 2}",100.0,73.36,63.0,66.8,99.76,100.0,72.7,73.3,59.9,7.5,0.0,8.7,True,109.8,False,7.9,93.2,8.2,1.1,106.6,82.26,4.0,Great collaboration,,True,Completed,2024-05-27,Project Complete,2024-02-13 09:55:59,2025-02-18 15:57:00
TEAM039,Omega Crew,PRJ049,2024-06-09,AI-Recommended,EMP146,"EMP1857,EMP0243,EMP146,EMP027",4,"{""Logistics"": 3, ""Operations"": 1}","{""Principal"": 2, ""Lead"": 1, ""Senior"": 1}",90.63,78.67,81.3,75.5,62.75,81.3,70.0,67.7,100.0,6.8,3.0,5.4,True,246.9,True,7.2,95.7,7.2,1.2,84.8,74.49,4.0,Communication issues resolved,Async communication worked well,True,Completed,2025-02-10,Reorganization,2024-01-27 17:38:44,2025-07-04 08:32:08
TEAM040,Sigma Unit,PRJ051,2024-01-30,Hybrid,EMP0704,"EMP0993,EMP0704,EMP0364,EMP0794,EMP1800",5,"{""Accountant"": 1, ""Finance"": 4}","{""Principal"": 1, ""Senior"": 4}",93.68,65.9,64.0,62.1,74.36,72.1,60.8,85.4,67.3,8.2,0.0,8.8,True,251.9,True,7.8,93.8,7.9,0.9,109.7,61.9,1.0,Great collaboration,Daily standups critical,,Completed,2024-10-07,Reorganization,2024-05-19 13:47:03,2025-03-22 12:15:31
TEAM041,Alpha Unit,PRJ078,2025-02-25,Hybrid,EMP085,"EMP0482,EMP0321,EMP1616,EMP085,EMP130,EMP1605,EMP0950",7,"{""SEO"": 2, ""Marketing"": 2, ""Campaign"": 3}","{""Mid"": 4, ""Junior"": 1, ""Senior"": 2}",100.0,68.38,74.3,100.0,66.59,61.7,74.9,73.1,64.7,8.0,3.0,8.1,True,187.6,True,6.2,88.6,9.6,0.8,57.8,48.19,4.0,Strong execution,Clear roles helped,True,Completed,2025-08-31,Project Complete,2023-09-10 10:54:15,2024-08-28 15:40:23
TEAM042,Delta Squad,PRJ015,2023-09-16,AI-Recommended,EMP076,"EMP1295,EMP1163,EMP076",3,"{""People"": 2, ""HR"": 1}","{""Principal"": 1, ""Senior"": 1, ""Lead"": 1}",100.0,100.0,65.5,47.4,69.06,69.4,82.8,48.1,84.0,7.5,2.0,6.7,True,133.8,False,9.0,93.4,10.0,1.2,91.6,59.85,0.0,Exceeded expectations,,True,Completed,2024-01-27,Reorganization,2023-09-10 10:50:45,2025-09-30 11:32:43
TEAM043,Sigma Crew,PRJ096,2023-12-31,Hybrid,EMP0684,"EMP0543,EMP1852,EMP0529,EMP1112,EMP0684,EMP1179,EMP022",7,"{""Sales"": 1, ""Business"": 1, ""Account"": 1, ""Recruiter"": 1, ""UI"": 1, ""QA"": 1, ""Product"": 1}","{""Lead"": 7}",80.08,23.7,63.4,52.0,77.17,70.6,71.2,79.2,63.5,5.6,1.0,8.0,True,278.4,True,8.8,94.7,7.1,0.8,105.0,45.16,4.0,Strong execution,Need better docs,True,Completed,2024-10-04,Project Complete,2023-12-18 15:05:15,2024-10-12 17:53:51
TEAM044,Delta Crew,PRJ002,2024-04-03,Manual,EMP1427,"EMP0622,EMP1427,EMP0300,EMP0956,EMP117,EMP1671,EMP1337,EMP0976,EMP1583",9,"{""UI"": 4, ""Graphic"": 2, ""UX"": 3}","{""Lead"": 3, ""Mid"": 5, ""Senior"": 1}",84.8,40.53,45.2,56.0,85.81,72.3,78.8,79.4,54.3,9.6,0.0,7.4,,87.7,True,8.7,100.4,7.0,1.0,73.1,58.01,1.0,Strong execution,Need better docs,True,Completed,2024-06-29,Budget Cut,2024-03-25 14:26:25,2024-08-11 14:37:36
TEAM045,Alpha Unit,PRJ037,2023-07-19,AI-Recommended,EMP0315,"EMP0544,EMP1249,EMP0315",3,"{""DevOps"": 2, ""Team"": 1}","{""Senior"": 2, ""Mid"": 1}",87.97,96.32,52.9,81.0,73.56,60.7,56.7,69.2,70.3,6.2,2.0,8.4,True,292.4,False,9.1,117.5,5.5,1.2,92.2,43.95,5.0,Strong execution,,False,Completed,2024-05-06,Reorganization,2023-06-05 17:58:58,2024-08-12 13:52:35
TEAM046,Omega Squad,PRJ056,2025-01-16,Manual,EMP0926,"EMP0926,EMP0944,EMP0746,EMP148,EMP1409,EMP136,EMP1794,EMP1495,EMP0539",9,"{""Business"": 3, ""Sales"": 2, ""Account"": 2, ""Logistics"": 1, ""Product"": 1}","{""Lead"": 5, ""Senior"": 2, ""Mid"": 1, ""Principal"": 1}",100.0,69.18,66.0,76.2,70.49,54.6,69.9,93.8,71.7,6.9,0.0,6.2,True,137.2,True,10.0,96.8,7.0,1.2,93.5,60.1,1.0,Strong execution,Clear roles helped,False,Completed,2025-06-02,Project Complete,2023-07-06 14:28:20,2025-10-04 17:08:10
TEAM047,Sigma Crew,PRJ006,2024-01-05,Hybrid,EMP156,"EMP079,EMP1411,EMP156",3,"{""Recruiter"": 2, ""HR"": 1}","{""Lead"": 2, ""Principal"": 1}",100.0,100.0,82.6,43.7,71.56,89.4,62.3,90.7,84.2,5.5,1.0,5.7,True,95.2,True,7.4,89.4,8.4,1.0,65.4,68.43,2.0,Exceeded expectations,,False,Completed,2024-04-09,Reorganization,2023-12-01 10:42:33,2024-06-13 08:58:38
TEAM048,Alpha Crew,PRJ051,2024-09-17,Manual,EMP1573,"EMP0993,EMP183,EMP0416,EMP1573",4,"{""Accountant"": 2, ""Finance"": 1, ""Controller"": 1}","{""Principal"": 3, ""Mid"": 1}",100.0,67.35,82.9,81.9,73.01,61.1,46.8,86.7,58.6,7.2,3.0,6.6,True,108.0,False,7.3,99.6,,1.3,53.2,60.6,3.0,Communication issues resolved,Clear roles helped,,Completed,2025-01-03,Project Complete,2024-01-31 16:15:35,2025-01-01 09:04:18
TEAM049,Delta Crew,PRJ097,2024-07-07,AI-Recommended,EMP0307,"EMP1006,EMP1665,EMP0307,EMP0792,EMP0714,EMP1616,EMP0734,EMP1183,EMP0816",9,"{""Campaign"": 4, ""SEO"": 2, ""Marketing"": 3}","{""Mid"": 5, ""Senior"": 3, ""Lead"": 1}",91.83,53.82,100.0,83.0,78.25,97.3,55.6,77.7,61.5,8.1,1.0,6.4,True,52.6,True,8.0,104.0,8.4,0.9,76.0,57.48,0.0,Great collaboration,,True,Completed,2024-08-28,Budget Cut,2023-11-01 08:21:57,2026-02-11 14:21:31
TEAM050,Omega Crew,PRJ047,2025-02-27,AI-Recommended,EMP0356,"EMP0657,EMP0356,EMP1409",3,"{""Business"": 3}","{""Lead"": 3}",100.0,54.8,83.1,55.6,74.07,82.3,66.1,96.1,76.3,6.1,1.0,5.9,,129.6,False,8.3,100.7,7.6,1.0,85.8,66.64,4.0,Exceeded expectations,Daily standups critical,True,Completed,2025-07-06,Project Complete,2024-01-27 17:53:39,2025-11-07 09:23:32
TEAM051,Gamma Squad,PRJ035,2024-07-02,AI-Recommended,EMP0704,"EMP0654,EMP0993,EMP0704,EMP1196,EMP0880,EMP1530,EMP0711",7,"{""Sales"": 1, ""Accountant"": 2, ""Finance"": 1, ""Financial"": 3}","{""Principal"": 3, ""Senior"": 1, ""Mid"": 3}",94.21,58.06,70.5,53.4,85.38,53.4,61.2,77.1,62.8,4.1,2.0,7.7,True,244.1,True,8.0,88.5,,1.1,85.3,65.86,3.0,Exceeded expectations,Clear roles helped,False,Completed,2025-03-03,Budget Cut,2023-12-26 17:53:56,2025-06-01 09:59:29
TEAM052,Gamma Unit,PRJ033,2024-11-19,AI-Recommended,EMP1634,"EMP0499,EMP1634,EMP0216,EMP159,EMP158",5,"{""Finance"": 2, ""Controller"": 1, ""Accountant"": 1, ""Financial"": 1}","{""Senior"": 4, ""Principal"": 1}",91.09,49.98,57.1,95.2,66.52,79.9,90.0,58.2,76.5,6.0,2.0,6.2,True,328.8,False,8.1,110.0,8.6,0.9,84.3,64.74,0.0,,Need better docs,,Completed,2025-10-13,Budget Cut,2023-06-22 16:36:21,2025-01-09 16:31:11
TEAM053,Delta Squad,PRJ051,2025-05-15,AI-Recommended,EMP0621,"EMP0281,EMP0447,EMP0371,EMP0621",4,"{""Logistics"": 1, ""Finance"": 2, ""Accountant"": 1}","{""Principal"": 2, ""Mid"": 1, ""Senior"": 1}",76.31,97.93,89.8,71.5,68.94,96.0,69.2,92.5,36.8,4.6,1.0,7.2,True,95.1,True,7.0,105.7,7.9,0.9,85.9,44.57,0.0,,,True,Completed,2025-08-18,Project Complete,2023-09-06 15:21:34,2024-06-21 17:35:51
TEAM054,Beta Crew,PRJ046,2024-03-31,AI-Recommended,EMP023,"EMP0651,EMP023,EMP1337",3,"{""UI"": 3}","{""Lead"": 2, ""Senior"": 1}",100.0,100.0,69.9,78.7,82.11,77.8,49.9,71.9,77.3,7.6,3.0,7.6,True,56.3,True,5.5,98.3,6.8,1.1,83.4,52.89,1.0,Strong execution,,False,Completed,2024-05-26,Project Complete,2023-09-05 17:46:41,2024-07-11 16:06:11
TEAM055,Alpha Team,PRJ090,2025-01-23,Manual,EMP065,"EMP0888,EMP1148,EMP065,EMP081",4,"{""Accountant"": 2, ""Controller"": 2}","{""Senior"": 1, ""Principal"": 3}",100.0,71.25,100.0,59.1,94.2,91.2,74.5,82.9,76.7,6.8,3.0,8.7,,364.7,True,8.2,110.4,6.0,1.3,108.6,68.75,0.0,Strong execution,Async communication worked well,True,Completed,2026-01-22,Project Complete,2023-06-03 14:40:59,2025-05-21 18:58:07
TEAM056,Alpha Crew,PRJ010,2024-02-14,Manual,EMP1626,"EMP1915,EMP1626,EMP0596,EMP1350,EMP1946,EMP1840,EMP1970,EMP1029,EMP1814",9,"{""DevOps"": 2, ""QA"": 2, ""Senior"": 2, ""Team"": 3}","{""Senior"": 6, ""Mid"": 2, ""Lead"": 1}",99.13,54.81,71.0,90.1,52.77,61.6,56.6,76.4,97.1,8.8,0.0,5.7,True,43.7,True,9.7,111.3,7.9,0.8,82.5,35.55,1.0,Great collaboration,Async communication worked well,True,Completed,2024-03-28,Project Complete,2023-08-09 13:21:01,2025-04-23 15:08:31
TEAM057,Delta Unit,PRJ043,2024-05-23,Manual,EMP1604,"EMP0486,EMP0719,EMP1604",3,"{""Campaign"": 2, ""SEO"": 1}","{""Senior"": 3}",100.0,54.23,55.1,69.1,52.19,58.8,87.1,88.3,80.2,7.3,1.0,7.8,True,82.2,True,10.0,95.4,6.9,1.2,75.4,54.79,3.0,Strong execution,,,Completed,2024-08-13,Project Complete,2023-09-14 14:01:06,2024-08-01 10:57:52
TEAM058,Alpha Force,PRJ073,2024-08-01,Hybrid,EMP170,"EMP146,EMP027,EMP093,EMP170",4,"{""Logistics"": 2, ""Operations"": 2}","{""Principal"": 1, ""Senior"": 3}",98.55,72.74,52.2,83.8,60.55,84.8,78.1,79.4,68.1,7.0,1.0,4.5,True,137.6,True,6.8,81.5,9.1,0.9,95.2,65.91,3.0,Exceeded expectations,,True,Completed,2024-12-16,Budget Cut,2024-01-27 12:47:27,2024-07-23 12:14:14
TEAM059,Alpha Unit,PRJ044,2025-03-16,Manual,EMP1163,"EMP0696,EMP106,EMP0659,EMP0388,EMP1163,EMP1295,EMP0932,EMP1205,EMP079",9,"{""HR"": 3, ""Recruiter"": 2, ""People"": 4}","{""Senior"": 4, ""Lead"": 2, ""Junior"": 1, ""Principal"": 1, ""Mid"": 1}",100.0,94.91,62.5,86.5,84.7,46.3,91.5,85.3,89.1,5.7,2.0,7.1,True,272.6,True,9.0,125.4,8.0,1.3,71.3,56.02,5.0,Strong execution,Async communication worked well,True,Completed,2025-12-13,Project Complete,2024-03-29 15:15:37,2025-02-03 15:46:21
TEAM060,Alpha Squad,PRJ030,2023-06-27,Hybrid,EMP1183,"EMP0274,EMP1183,EMP0386,EMP074,EMP1665",5,"{""SEO"": 4, ""Campaign"": 1}","{""Mid"": 3, ""Senior"": 2}",92.84,62.07,40.4,67.6,84.25,76.9,60.5,84.4,59.0,8.3,2.0,7.1,True,251.3,True,4.8,92.1,7.8,1.1,67.5,60.32,3.0,Communication issues resolved,Daily standups critical,True,Completed,2024-03-04,Budget Cut,2023-10-11 14:43:15,2025-08-26 12:05:44
TEAM061,Alpha Crew,PRJ093,2024-02-22,Hybrid,EMP1497,"EMP136,EMP1497,EMP0242",3,"{""Account"": 1, ""Sales"": 2}","{""Lead"": 1, ""Principal"": 2}",100.0,99.65,85.8,63.8,100.0,99.8,65.5,,75.1,9.5,2.0,6.9,False,,,,,8.9,1.0,100.9,74.49,1.0,Great collaboration,Async communication worked well,True,Active,,,2024-01-09 12:43:04,2024-10-15 13:39:19
TEAM062,Delta Force,PRJ075,2024-11-21,AI-Recommended,EMP1398,"EMP0437,EMP1922,EMP0636,EMP1150,EMP1398,EMP1652,EMP1994",7,"{""HR"": 2, ""People"": 3, ""Recruiter"": 2}","{""Senior"": 4, ""Mid"": 2, ""Lead"": 1}",91.07,62.69,61.3,69.5,84.65,52.6,81.3,72.1,67.8,8.8,1.0,6.9,True,77.2,True,8.5,113.8,7.0,1.1,84.8,46.62,5.0,,,True,Completed,2025-02-06,Project Complete,2023-06-04 13:12:38,2025-09-14 18:09:29
TEAM063,Delta Team,PRJ096,2024-12-12,Hybrid,EMP1028,"EMP1027,EMP1028,EMP0455",3,"{""Sales"": 1, ""Business"": 1, ""Software"": 1}","{""Lead"": 3}",95.06,52.38,86.5,70.9,66.46,80.1,61.9,98.2,80.7,6.8,2.0,8.3,True,341.8,True,6.7,105.5,9.2,0.9,75.5,54.96,2.0,Great collaboration,,True,Completed,2025-11-18,Budget Cut,2024-04-08 15:19:20,2025-05-02 13:40:52
TEAM064,Beta Team,PRJ027,2024-07-17,Hybrid,EMP0848,"EMP088,EMP0848,EMP1085,EMP0733,EMP0721,EMP0981,EMP1863,EMP0491,EMP194",9,"{""Marketing"": 2, ""Campaign"": 5, ""Content"": 1, ""SEO"": 1}","{""Lead"": 1, ""Senior"": 3, ""Mid"": 5}",82.41,56.38,78.4,100.0,82.42,100.0,74.1,79.3,61.4,5.9,0.0,7.6,True,167.7,False,6.6,103.9,6.4,1.0,90.7,46.29,1.0,Communication issues resolved,Daily standups critical,True,Completed,2024-12-31,Reorganization,2024-02-01 09:01:05,2025-03-17 11:56:22
TEAM065,Omega Squad,PRJ069,2025-03-12,Manual,EMP1863,"EMP1863,EMP0719,EMP0734,EMP1691,EMP0874,EMP1080,EMP0307,EMP1075",8,"{""Campaign"": 5, ""Marketing"": 3}","{""Senior"": 2, ""Mid"": 5, ""Lead"": 1}",82.21,48.64,82.9,82.9,71.21,92.0,93.5,66.1,85.4,7.6,1.0,8.3,True,96.8,False,8.4,99.0,9.9,1.0,86.3,34.04,2.0,Communication issues resolved,Daily standups critical,False,Completed,2025-06-16,Budget Cut,2023-09-01 12:10:44,2026-01-19 18:47:28
TEAM066,Delta Team,PRJ024,2023-12-13,AI-Recommended,EMP0857,"EMP0857,EMP0281,EMP1597",3,"{""Logistics"": 2, ""Operations"": 1}","{""Principal"": 2, ""Lead"": 1}",93.05,95.39,36.2,64.2,58.59,100.0,67.9,77.0,100.0,6.7,1.0,6.1,True,279.8,False,8.7,106.8,7.8,0.9,71.7,60.88,2.0,,Need better docs,False,Completed,2024-09-17,Budget Cut,2024-03-14 14:13:37,2024-06-11 16:31:13
TEAM067,Omega Squad,PRJ097,2025-01-06,Hybrid,EMP1505,"EMP1388,EMP1505,EMP0601,EMP1183,EMP1296,EMP121,EMP0515,EMP0383,EMP0454,EMP1960",10,"{""Marketing"": 2, ""SEO"": 6, ""Campaign"": 2}","{""Junior"": 1, ""Lead"": 1, ""Senior"": 4, ""Mid"": 4}",100.0,58.52,100.0,83.0,86.29,88.2,42.4,79.3,80.2,5.5,3.0,7.4,True,339.6,True,8.3,84.4,6.7,1.3,89.7,45.38,4.0,Strong execution,Clear roles helped,,Completed,2025-12-11,Reorganization,2024-03-24 14:13:03,2025-08-27 11:02:00
TEAM068,Omega Unit,PRJ034,2023-06-16,Hybrid,EMP1696,"EMP1696,EMP1604,EMP026,EMP0224,EMP0766,EMP1943",6,"{""Campaign"": 3, ""SEO"": 1, ""Marketing"": 2}","{""Senior"": 2, ""Mid"": 3, ""Junior"": 1}",100.0,69.22,65.2,88.2,71.81,61.2,71.8,84.2,46.7,6.4,1.0,6.6,True,272.4,True,6.8,108.1,7.3,1.1,81.0,44.61,2.0,Great collaboration,Async communication worked well,False,Completed,2024-03-14,Budget Cut,2024-02-08 17:53:24,2025-11-12 15:57:33
TEAM069,Delta Unit,PRJ019,2024-10-04,AI-Recommended,EMP1226,"EMP1748,EMP0210,EMP0958,EMP1653,EMP0640,EMP0257,EMP182,EMP1058,EMP1499,EMP1226",10,"{""Team"": 4, ""Software"": 2, ""DevOps"": 2, ""Senior"": 2}","{""Junior"": 1, ""Senior"": 4, ""Mid"": 2, ""Lead"": 3}",100.0,59.3,43.1,79.5,68.87,71.3,63.0,76.8,97.9,5.9,2.0,8.0,True,101.3,True,7.7,109.1,8.4,0.8,107.9,31.06,4.0,Exceeded expectations,,True,Completed,2025-01-13,Project Complete,2024-05-05 09:36:49,2025-01-24 10:15:34
TEAM070,Alpha Team,PRJ038,2023-09-10,AI-Recommended,EMP0520,"EMP1074,EMP0858,EMP1512,EMP0520,EMP1940",5,"{""Recruiter"": 1, ""HR"": 4}","{""Lead"": 3, ""Principal"": 1, ""Senior"": 1}",100.0,74.86,55.9,72.1,60.95,87.9,63.9,97.0,29.5,6.8,2.0,6.7,True,217.4,False,8.9,96.8,8.9,1.1,98.2,63.76,3.0,Communication issues resolved,Daily standups critical,True,Completed,2024-04-14,Budget Cut,2024-03-12 18:43:45,2025-12-29 10:35:29
TEAM071,Delta Squad,PRJ049,2025-01-06,AI-Recommended,EMP055,"EMP093,EMP055,EMP0572,EMP1794,EMP1173,EMP0637",6,"{""Operations"": 4, ""Logistics"": 2}","{""Senior"": 4, ""Lead"": 1, ""Principal"": 1}",100.0,76.36,91.4,87.7,60.59,62.8,55.1,75.7,50.8,5.2,2.0,6.6,True,86.1,True,9.2,110.6,7.3,1.2,80.2,60.85,5.0,Communication issues resolved,Need better docs,True,Completed,2025-04-02,Project Complete,2023-11-03 18:52:28,2025-11-10 13:46:29
TEAM072,Delta Squad,PRJ014,2024-07-06,Manual,EMP1655,"EMP1465,EMP1655,EMP166,EMP1275,EMP0774,EMP0778,EMP0478,EMP1621",8,"{""DevOps"": 1, ""Senior"": 2, ""QA"": 2, ""Software"": 3}","{""Senior"": 3, ""Lead"": 5}",97.28,38.86,93.9,70.7,57.21,64.4,66.2,67.6,57.3,10.0,0.0,8.4,True,58.3,True,7.5,89.4,7.7,0.8,102.8,47.55,4.0,Communication issues resolved,Clear roles helped,,Completed,2024-09-02,Project Complete,2023-10-18 12:04:33,2025-09-17 18:53:01
TEAM073,Gamma Unit,PRJ037,2024-08-25,Manual,EMP0378,"EMP0345,EMP1611,EMP1533,EMP0225,EMP1372,EMP1177,EMP1222,EMP0378",8,"{""Software"": 1, ""Team"": 4, ""Senior"": 2, ""QA"": 1}","{""Lead"": 2, ""Mid"": 5, ""Junior"": 1}",100.0,63.63,57.9,71.4,59.66,78.0,72.2,88.6,68.6,6.4,2.0,6.6,True,325.3,False,6.4,78.5,6.4,1.2,74.5,38.45,4.0,,Clear roles helped,True,Completed,2025-07-16,Budget Cut,2023-09-22 17:02:06,2025-12-08 11:22:25
TEAM074,Delta Unit,PRJ080,2023-07-05,Manual,EMP0520,"EMP1770,EMP0520,EMP1494,EMP1272,EMP1864,EMP0826,EMP091,EMP048,EMP0310",9,"{""People"": 3, ""HR"": 5, ""Recruiter"": 1}","{""Senior"": 5, ""Mid"": 2, ""Principal"": 1, ""Lead"": 1}",100.0,78.23,59.1,70.6,70.28,94.1,70.9,95.5,82.2,7.3,0.0,6.6,True,240.7,True,10.0,92.7,7.9,1.0,87.9,59.99,5.0,,,True,Completed,2024-03-01,Project Complete,2023-08-27 18:43:29,2025-04-10 18:38:01
TEAM075,Delta Crew,PRJ087,2024-11-07,Hybrid,EMP1076,"EMP1376,EMP1175,EMP0251,EMP1272,EMP079,EMP1145,EMP0676,EMP1076",8,"{""Recruiter"": 3, ""HR"": 5}","{""Lead"": 3, ""Senior"": 4, ""Mid"": 1}",100.0,56.48,26.3,79.7,80.76,100.0,74.8,100.0,82.4,7.5,3.0,5.6,True,301.7,True,6.9,91.5,5.7,1.3,104.0,58.5,4.0,Exceeded expectations,Need better docs,,Completed,2025-09-04,Reorganization,2023-07-18 18:47:07,2025-04-26 15:46:52
TEAM076,Delta Unit,PRJ059,2023-08-04,Hybrid,EMP1512,"EMP0437,EMP0526,EMP1512,EMP0960,EMP1175,EMP1631,EMP1986,EMP1138,EMP1522",9,"{""HR"": 7, ""People"": 2}","{""Senior"": 3, ""Principal"": 2, ""Mid"": 4}",99.46,47.97,78.3,83.4,92.55,92.3,79.7,70.4,76.6,9.0,1.0,7.5,True,54.2,True,6.7,105.6,5.5,1.1,95.8,62.42,3.0,,Need better docs,True,Completed,2023-09-27,Project Complete,2024-03-12 18:31:19,2025-07-04 08:52:29
TEAM077,Omega Squad,PRJ053,2024-04-16,AI-Recommended,EMP0955,"EMP1413,EMP1968,EMP1168,EMP0955,EMP076,EMP1408,EMP0287",7,"{""People"": 2, ""HR"": 5}","{""Mid"": 3, ""Principal"": 1, ""Lead"": 2, ""Senior"": 1}",93.59,82.6,65.0,69.8,72.22,72.5,82.6,75.1,96.4,6.7,3.0,7.1,True,83.2,True,6.4,101.9,,0.8,106.3,44.2,0.0,Strong execution,Async communication worked well,True,Completed,2024-07-08,Project Complete,2023-09-29 11:32:44,2024-10-22 10:42:13
TEAM078,Alpha Force,PRJ036,2024-07-30,Manual,EMP1183,"EMP0274,EMP0247,EMP088,EMP1791,EMP1183,EMP0221,EMP1296,EMP0874,EMP1391",9,"{""SEO"": 4, ""Marketing"": 3, ""Campaign"": 2}","{""Mid"": 4, ""Junior"": 1, ""Lead"": 2, ""Senior"": 2}",100.0,64.1,68.7,86.3,90.28,74.7,68.1,96.2,61.8,8.1,3.0,8.6,True,328.9,True,4.8,92.2,,0.8,110.7,65.32,2.0,Strong execution,,True,Completed,2025-06-23,Project Complete,2023-10-10 14:07:38,2025-08-08 14:53:30
TEAM079,Alpha Unit,PRJ017,2023-11-19,Hybrid,EMP1450,"EMP0210,EMP0354,EMP1450",3,"{""Team"": 2, ""DevOps"": 1}","{""Senior"": 2, ""Mid"": 1}",66.35,100.0,45.5,97.3,70.66,88.1,70.4,69.9,60.6,7.3,3.0,8.2,True,117.0,True,8.5,104.8,6.9,0.8,78.8,56.82,1.0,Communication issues resolved,Daily standups critical,True,Completed,2024-03-15,Reorganization,2024-03-14 18:55:59,2025-09-25 11:06:23
TEAM080,Gamma Crew,PRJ015,2023-12-25,AI-Recommended,EMP1295,"EMP1872,EMP0850,EMP1295,EMP1137,EMP1074,EMP011,EMP1770,EMP1314",8,"{""HR"": 4, ""People"": 2, ""Recruiter"": 2}","{""Junior"": 1, ""Mid"": 2, ""Principal"": 1, ""Lead"": 3, ""Senior"": 1}",100.0,100.0,53.3,74.5,63.65,95.3,52.3,75.1,95.3,6.2,2.0,6.3,True,109.1,True,8.2,79.9,9.8,0.8,71.4,38.93,1.0,,,True,Completed,2024-04-12,Budget Cut,2024-01-29 14:09:33,2026-02-25 17:07:24
TEAM081,Gamma Crew,PRJ058,2023-08-06,Manual,EMP0936,"EMP0684,EMP1018,EMP1794,EMP1105,EMP0883,EMP0547,EMP0240,EMP1567,EMP0936",9,"{""UI"": 2, ""Logistics"": 4, ""Operations"": 3}","{""Lead"": 3, ""Principal"": 2, ""Senior"": 4}",90.52,51.68,100.0,89.2,67.78,79.1,89.0,76.7,63.9,6.7,3.0,7.9,True,194.4,True,10.0,84.5,6.8,1.3,71.7,59.45,5.0,Strong execution,,False,Completed,2024-02-16,Project Complete,2023-06-03 16:07:46,2025-12-27 13:04:48
TEAM082,Gamma Unit,PRJ048,2023-11-12,Hybrid,EMP1131,"EMP0774,EMP0690,EMP090,EMP1131,EMP1269,EMP119",6,"{""Software"": 4, ""Team"": 1, ""QA"": 1}","{""Lead"": 5, ""Senior"": 1}",93.39,53.26,76.0,72.6,53.36,84.7,91.2,72.3,82.5,8.2,3.0,6.7,True,185.8,True,7.6,96.0,7.9,1.3,98.1,45.76,1.0,Great collaboration,,True,Completed,2024-05-15,Project Complete,2023-07-29 11:15:42,2025-01-15 14:14:10
TEAM083,Sigma Unit,PRJ081,2024-04-11,Hybrid,EMP0760,"EMP0760,EMP1363,EMP1361,EMP1383,EMP1801,EMP0564,EMP0747,EMP0206",8,"{""Accountant"": 1, ""Financial"": 4, ""Finance"": 2, ""Sales"": 1}","{""Principal"": 2, ""Mid"": 3, ""Senior"": 2, ""Junior"": 1}",96.07,66.03,86.7,73.5,83.97,97.2,52.0,82.5,53.8,7.6,1.0,7.4,True,305.8,False,7.2,107.4,4.9,0.9,91.6,63.93,2.0,Communication issues resolved,,,Completed,2025-02-10,Reorganization,2023-06-20 15:23:58,2025-07-08 14:23:18
TEAM084,Gamma Force,PRJ025,2024-12-03,Hybrid,EMP0921,"EMP1573,EMP1341,EMP0921,EMP1280,EMP170",5,"{""Accountant"": 1, ""Logistics"": 3, ""Operations"": 1}","{""Principal"": 2, ""Lead"": 2, ""Senior"": 1}",100.0,79.15,70.1,71.9,77.71,70.8,75.1,100.0,84.4,6.3,1.0,7.3,True,106.8,True,6.7,90.7,7.5,0.9,80.4,61.74,4.0,Exceeded expectations,Async communication worked well,,Completed,2025-03-19,Budget Cut,2024-01-17 15:03:18,2024-11-18 16:57:24
TEAM085,Gamma Force,PRJ070,2024-07-15,AI-Recommended,EMP0273,"EMP1018,EMP0273,EMP1125,EMP095,EMP0885,EMP0670,EMP1132",7,"{""UI"": 3, ""Product"": 1, ""Graphic"": 3}","{""Lead"": 2, ""Senior"": 3, ""Junior"": 1, ""Mid"": 1}",99.3,81.81,74.4,80.3,83.23,81.8,75.4,72.5,88.5,6.3,1.0,8.7,True,222.2,False,8.6,97.2,8.8,1.0,92.5,54.78,2.0,,,True,Completed,2025-02-22,Project Complete,2024-01-30 12:57:42,2025-05-02 09:11:26
TEAM086,Omega Crew,PRJ009,2025-02-09,Hybrid,EMP0252,"EMP0643,EMP1233,EMP0956,EMP0213,EMP0638,EMP1014,EMP1104,EMP0252",8,"{""Graphic"": 2, ""UX"": 3, ""UI"": 3}","{""Lead"": 2, ""Junior"": 1, ""Mid"": 2, ""Senior"": 3}",81.22,68.23,68.2,63.4,85.5,90.5,72.8,88.9,87.0,7.8,3.0,6.8,True,162.5,True,7.9,109.9,8.6,1.0,90.5,55.9,0.0,Communication issues resolved,,,Completed,2025-07-21,Reorganization,2023-10-16 08:52:29,2024-11-18 15:11:16
TEAM087,Omega Crew,PRJ085,2024-02-03,Hybrid,EMP0957,"EMP0957,EMP1106,EMP1049,EMP161,EMP125,EMP0769,EMP095",7,"{""UI"": 3, ""Product"": 1, ""Graphic"": 3}","{""Lead"": 2, ""Senior"": 4, ""Mid"": 1}",100.0,63.97,52.2,78.9,62.68,86.8,84.6,67.5,68.6,5.4,1.0,4.6,,121.4,True,9.3,99.0,9.7,0.8,70.5,63.53,3.0,Strong execution,Clear roles helped,True,Completed,2024-06-03,Budget Cut,2023-11-15 10:17:48,2025-01-09 18:09:02
TEAM088,Beta Crew,PRJ049,2024-08-31,AI-Recommended,EMP1341,"EMP170,EMP0572,EMP1341,EMP0377,EMP0290,EMP0385,EMP0381,EMP1359",8,"{""Operations"": 3, ""Logistics"": 5}","{""Senior"": 7, ""Principal"": 1}",100.0,37.09,38.5,66.6,79.49,90.8,70.1,59.8,91.5,6.6,2.0,6.3,True,84.9,False,9.7,94.2,9.0,1.2,85.2,57.85,3.0,Communication issues resolved,Clear roles helped,True,Completed,2024-11-23,Reorganization,2024-01-12 18:34:07,2024-11-20 11:14:20
TEAM089,Gamma Crew,PRJ046,2024-03-27,Manual,EMP0230,"EMP022,EMP0230,EMP161,EMP1895,EMP0353",5,"{""Product"": 3, ""UX"": 1, ""UI"": 1}","{""Lead"": 2, ""Mid"": 2, ""Senior"": 1}",91.95,77.16,77.3,63.0,62.19,89.4,72.0,69.1,59.8,7.7,3.0,7.0,True,297.8,False,6.3,99.0,,0.9,75.4,65.32,0.0,Great collaboration,,True,Completed,2025-01-18,Reorganization,2024-01-07 12:22:45,2026-02-12 11:02:47
TEAM090,Alpha Force,PRJ045,2024-10-09,AI-Recommended,EMP017,"EMP1006,EMP017,EMP1257,EMP1683,EMP1080,EMP1203,EMP0719,EMP0825,EMP1936,EMP1183",10,"{""Campaign"": 5, ""SEO"": 3, ""Marketing"": 2}","{""Mid"": 6, ""Senior"": 3, ""Junior"": 1}",100.0,45.67,98.4,78.1,81.71,74.7,55.4,71.0,71.7,7.9,2.0,9.0,True,166.4,True,6.4,93.0,7.2,0.9,50.0,47.83,1.0,Communication issues resolved,Async communication worked well,,Completed,2025-03-24,Project Complete,2024-01-07 08:34:13,2025-02-05 16:17:15
TEAM091,Alpha Squad,PRJ039,2023-12-11,Manual,EMP0287,"EMP0526,EMP1553,EMP003,EMP1408,EMP0349,EMP0287,EMP1725,EMP1214,EMP0541,EMP109",10,"{""HR"": 6, ""People"": 4}","{""Senior"": 7, ""Junior"": 1, ""Lead"": 1, ""Principal"": 1}",88.5,60.62,73.2,69.2,75.42,73.0,98.0,77.5,71.8,5.7,0.0,9.0,,43.3,True,9.5,97.1,8.9,1.1,94.5,50.59,4.0,,,True,Completed,2024-01-23,Budget Cut,2024-03-28 10:04:41,2025-03-22 15:53:00
TEAM092,Beta Unit,PRJ012,2023-07-17,AI-Recommended,EMP1526,"EMP0727,EMP1258,EMP0545,EMP1103,EMP0698,EMP0974,EMP1125,EMP1526",8,"{""UI"": 4, ""UX"": 1, ""Graphic"": 2, ""Product"": 1}","{""Lead"": 5, ""Senior"": 1, ""Mid"": 2}",100.0,48.85,48.8,70.4,60.88,75.7,47.0,66.4,75.4,8.2,2.0,7.8,True,331.4,True,9.2,100.0,7.5,0.9,84.8,51.92,5.0,Communication issues resolved,Clear roles helped,True,Completed,2024-06-12,Reorganization,2024-05-07 11:56:32,2026-02-01 10:19:04
TEAM093,Beta Crew,PRJ027,2023-08-31,Hybrid,EMP0562,"EMP0562,EMP0733,EMP0457,EMP085",4,"{""SEO"": 2, ""Marketing"": 1, ""Campaign"": 1}","{""Senior"": 2, ""Mid"": 2}",94.7,65.17,45.9,73.9,89.08,78.2,92.1,89.6,78.8,6.5,1.0,7.1,True,106.0,False,6.7,99.6,7.0,1.1,94.1,42.55,0.0,Communication issues resolved,Need better docs,,Completed,2023-12-15,Project Complete,2024-02-20 14:23:50,2025-05-13 09:55:27
TEAM094,Alpha Team,PRJ001,2024-08-20,AI-Recommended,EMP0858,"EMP1074,EMP1893,EMP0520,EMP0858,EMP0732,EMP0468,EMP1738,EMP169,EMP1722,EMP1725",10,"{""Recruiter"": 2, ""HR"": 6, ""People"": 2}","{""Lead"": 2, ""Senior"": 4, ""Junior"": 2, ""Mid"": 1, ""Principal"": 1}",96.11,69.3,98.7,54.4,89.09,75.0,66.2,81.4,100.0,5.6,3.0,7.1,True,331.4,True,7.9,100.6,7.7,1.2,86.9,58.13,1.0,Exceeded expectations,Daily standups critical,True,Completed,2025-07-17,Project Complete,2023-09-01 18:05:32,2025-06-27 08:04:50
TEAM095,Beta Force,PRJ057,2023-10-07,AI-Recommended,EMP073,"EMP073,EMP1994,EMP1063,EMP1376,EMP1447,EMP0858",6,"{""People"": 1, ""Recruiter"": 3, ""HR"": 2}","{""Principal"": 1, ""Lead"": 4, ""Senior"": 1}",99.98,75.54,35.9,81.5,57.49,67.9,47.6,72.1,79.1,6.3,0.0,6.3,True,115.6,True,7.5,111.0,,0.8,99.8,69.14,4.0,Exceeded expectations,Need better docs,False,Completed,2024-01-30,Budget Cut,2024-04-16 17:04:11,2025-09-22 18:30:04
TEAM096,Delta Force,PRJ052,2024-11-08,Hybrid,EMP0827,"EMP0895,EMP1740,EMP0827,EMP0311",4,"{""Software"": 1, ""QA"": 1, ""Team"": 1, ""Senior"": 1}","{""Lead"": 1, ""Senior"": 3}",100.0,65.96,74.3,60.8,81.28,60.4,74.4,75.1,77.2,10.0,1.0,8.3,True,362.3,True,7.4,103.9,7.4,1.0,91.1,34.8,4.0,Exceeded expectations,,,Completed,2025-11-05,Budget Cut,2024-01-02 14:11:14,2026-01-04 12:19:09
TEAM097,Gamma Force,PRJ045,2023-07-18,Manual,EMP088,"EMP0292,EMP0419,EMP088,EMP074,EMP1296,EMP1254",6,"{""SEO"": 3, ""Marketing"": 2, ""Campaign"": 1}","{""Mid"": 4, ""Lead"": 1, ""Senior"": 1}",100.0,87.05,63.8,79.0,75.03,89.7,47.4,70.7,53.1,7.5,0.0,6.5,True,151.4,True,8.1,84.8,6.5,0.8,71.4,51.83,2.0,Exceeded expectations,Async communication worked well,True,Completed,2023-12-16,Project Complete,2024-01-13 10:07:12,2024-07-15 14:20:49
TEAM098,Delta Squad,PRJ050,2023-08-24,Hybrid,EMP0738,"EMP0994,EMP0362,EMP0552,EMP0680,EMP0738,EMP1961,EMP0320,EMP159,EMP1059,EMP1248",10,"{""Logistics"": 1, ""Finance"": 4, ""Financial"": 3, ""Controller"": 1, ""Accountant"": 1}","{""Principal"": 2, ""Mid"": 5, ""Senior"": 3}",100.0,43.26,58.8,91.6,74.31,92.7,77.5,77.6,83.6,7.1,0.0,6.5,True,268.1,False,8.0,107.6,7.5,0.8,93.3,57.19,1.0,Great collaboration,Daily standups critical,False,Completed,2024-05-18,Reorganization,2023-12-19 18:55:28,2025-10-08 11:00:44
TEAM099,Omega Squad,PRJ024,2024-11-21,Hybrid,EMP093,"EMP0760,EMP1244,EMP093",3,"{""Accountant"": 1, ""Logistics"": 1, ""Operations"": 1}","{""Principal"": 1, ""Lead"": 1, ""Senior"": 1}",72.94,100.0,89.0,63.5,72.91,95.2,78.7,55.6,50.3,5.6,2.0,7.8,True,75.3,True,6.7,85.0,9.1,1.1,93.6,42.78,4.0,Strong execution,,False,Completed,2025-02-04,Project Complete,2024-01-16 10:22:36,2025-09-27 10:19:15
TEAM100,Omega Team,PRJ064,2023-10-09,Manual,EMP1663,"EMP1058,EMP0895,EMP0641,EMP1663,EMP0801,EMP0441,EMP0628",7,"{""Senior"": 1, ""Software"": 2, ""QA"": 1, ""DevOps"": 1, ""Team"": 2}","{""Lead"": 2, ""Mid"": 4, ""Senior"": 1}",100.0,67.02,78.1,93.7,66.53,68.6,72.6,71.9,93.4,6.5,1.0,7.7,True,265.3,True,5.7,94.4,7.5,1.1,75.4,31.17,4.0,Strong execution,,True,Completed,2024-06-30,Budget Cut,2023-10-21 08:04:34,2025-09-26 10:36:09
TEAM101,Gamma Team,PRJ060,2024-05-23,Manual,EMP1010,"EMP0654,EMP1010,EMP0370,EMP1898,EMP1597,EMP1731",6,"{""Sales"": 1, ""Operations"": 4, ""Logistics"": 1}","{""Principal"": 1, ""Lead"": 3, ""Senior"": 2}",89.55,80.27,52.1,67.5,53.03,64.6,78.7,94.1,75.4,4.8,0.0,7.6,True,175.7,True,6.1,97.3,5.6,1.2,73.2,64.21,1.0,Exceeded expectations,Daily standups critical,False,Completed,2024-11-14,Reorganization,2023-11-26 16:42:32,2025-06-01 08:17:41
TEAM102,Sigma Force,PRJ091,2024-06-29,Manual,EMP0232,"EMP0938,EMP1100,EMP0232,EMP1412",4,"{""Graphic"": 4}","{""Lead"": 2, ""Senior"": 2}",96.39,75.81,72.9,72.2,71.69,100.0,73.9,80.0,61.4,7.6,3.0,6.6,True,192.7,True,7.8,99.6,6.5,0.9,87.3,64.06,0.0,,Daily standups critical,True,Completed,2025-01-07,Project Complete,2024-05-21 14:16:06,2025-10-07 15:58:33
TEAM103,Alpha Force,PRJ045,2024-09-15,AI-Recommended,EMP1863,"EMP0743,EMP1863,EMP1066,EMP1017,EMP017,EMP1699",6,"{""SEO"": 3, ""Campaign"": 2, ""Marketing"": 1}","{""Mid"": 3, ""Senior"": 3}",100.0,51.41,62.5,64.8,75.26,80.4,71.3,92.3,66.0,7.0,2.0,8.6,True,316.3,False,7.8,95.8,6.6,0.9,105.0,45.0,3.0,,Async communication worked well,True,Completed,2025-07-28,Project Complete,2024-04-15 17:22:56,2024-08-05 15:26:42
TEAM104,Omega Crew,PRJ019,2025-01-15,AI-Recommended,EMP090,"EMP1450,EMP0903,EMP090,EMP1131,EMP0859",5,"{""Team"": 2, ""Software"": 3}","{""Senior"": 2, ""Mid"": 1, ""Lead"": 2}",100.0,89.51,54.5,63.7,95.24,84.9,61.7,78.2,76.8,5.0,2.0,7.4,True,172.0,False,6.3,102.4,7.4,1.0,77.4,32.53,3.0,Communication issues resolved,Need better docs,True,Completed,2025-07-06,Reorganization,2023-10-30 09:51:56,2025-05-08 10:51:11
TEAM105,Gamma Force,PRJ073,2024-11-14,Manual,EMP1244,"EMP1235,EMP1244,EMP1597,EMP1195,EMP0546,EMP0608",6,"{""Operations"": 3, ""Logistics"": 3}","{""Lead"": 3, ""Principal"": 1, ""Senior"": 2}",99.01,61.98,77.4,70.8,69.93,94.3,77.0,80.8,73.1,5.8,0.0,7.6,True,200.0,True,7.7,99.4,7.5,1.2,90.5,63.37,0.0,Communication issues resolved,Daily standups critical,True,Completed,2025-06-02,Reorganization,2024-03-10 10:01:10,2025-05-12 15:16:10
TEAM106,Delta Team,PRJ050,2025-06-01,Hybrid,EMP0836,"EMP0857,EMP0836,EMP1707,EMP0747,EMP1573,EMP1436,EMP1849",7,"{""Logistics"": 1, ""Finance"": 3, ""Accountant"": 2, ""Financial"": 1}","{""Principal"": 3, ""Senior"": 2, ""Mid"": 2}",98.06,68.13,89.4,97.2,78.74,100.0,66.9,60.7,73.6,8.9,1.0,7.8,True,293.4,True,6.7,86.8,9.7,1.1,74.7,53.99,5.0,Communication issues resolved,,False,Completed,2026-03-21,Project Complete,2024-05-08 18:57:11,2024-06-06 16:15:35
TEAM107,Alpha Unit,PRJ060,2025-04-03,AI-Recommended,EMP1657,"EMP146,EMP1657,EMP1558",3,"{""Logistics"": 2, ""Operations"": 1}","{""Principal"": 2, ""Lead"": 1}",93.56,99.16,86.6,75.4,66.46,100.0,84.2,90.8,73.8,9.8,3.0,9.6,True,91.2,True,9.2,99.8,6.5,1.0,71.3,59.35,2.0,,,True,Completed,2025-07-03,Budget Cut,2024-04-26 15:32:47,2024-06-28 18:26:32
TEAM108,Omega Unit,PRJ058,2025-02-03,Hybrid,EMP1449,"EMP1497,EMP1449,EMP1010",3,"{""Sales"": 1, ""Operations"": 2}","{""Principal"": 1, ""Lead"": 2}",100.0,100.0,65.9,41.9,64.85,89.8,65.0,81.5,71.2,4.8,2.0,8.2,True,292.8,True,8.2,93.4,5.3,1.0,91.4,49.14,4.0,Exceeded expectations,Async communication worked well,True,Completed,2025-11-22,Reorganization,2023-11-10 10:57:58,2025-07-04 12:32:59
TEAM109,Gamma Unit,PRJ089,2024-08-08,Manual,EMP1512,"EMP1512,EMP079,EMP1488,EMP0310,EMP0696,EMP1394,EMP1063,EMP0894,EMP0708",9,"{""HR"": 7, ""Recruiter"": 1, ""People"": 1}","{""Principal"": 1, ""Lead"": 2, ""Senior"": 5, ""Mid"": 1}",91.22,71.77,65.1,90.4,62.05,60.6,58.8,55.2,94.9,5.7,3.0,8.3,True,195.2,True,9.4,83.4,7.1,0.8,99.9,59.55,1.0,,Clear roles helped,True,Completed,2025-02-19,Reorganization,2023-10-16 17:48:32,2026-02-23 15:17:52
TEAM110,Gamma Squad,PRJ100,2025-01-07,Manual,EMP0575,"EMP1506,EMP0682,EMP0446,EMP0569,EMP0230,EMP1661,EMP1591,EMP0252,EMP0575",9,"{""Product"": 2, ""UX"": 2, ""Graphic"": 4, ""UI"": 1}","{""Mid"": 4, ""Junior"": 2, ""Lead"": 1, ""Senior"": 2}",95.25,74.98,70.5,82.9,74.66,63.9,66.6,89.6,67.5,6.2,3.0,7.6,True,270.4,True,6.5,89.2,7.1,0.9,76.9,54.87,4.0,Great collaboration,Need better docs,True,Completed,2025-10-04,Reorganization,2023-12-09 13:23:44,2025-04-28 11:45:40
TEAM111,Sigma Squad,PRJ077,2025-02-17,AI-Recommended,EMP173,"EMP0891,EMP0731,EMP1420,EMP1580,EMP0451,EMP1028,EMP0746,EMP1256,EMP173,EMP0895",10,"{""Sales"": 4, ""Account"": 2, ""Business"": 3, ""Software"": 1}","{""Principal"": 1, ""Senior"": 3, ""Lead"": 5, ""Mid"": 1}",83.25,59.63,91.0,59.1,79.81,40.9,88.2,88.6,73.2,6.1,1.0,8.2,True,221.1,False,9.7,97.5,7.4,1.1,88.4,65.96,1.0,,Daily standups critical,False,Completed,2025-09-26,Budget Cut,2023-12-30 18:57:50,2025-09-01 14:18:00
TEAM112,Gamma Unit,PRJ035,2025-05-27,Hybrid,EMP0993,"EMP0621,EMP1305,EMP1292,EMP0800,EMP1712,EMP0452,EMP1197,EMP0941,EMP0993,EMP050",10,"{""Accountant"": 4, ""Finance"": 3, ""Financial"": 3}","{""Principal"": 3, ""Senior"": 3, ""Mid"": 4}",100.0,46.18,71.9,56.6,63.17,100.0,72.3,75.0,82.0,6.9,2.0,8.3,True,93.4,True,4.9,91.9,7.9,0.8,97.8,66.56,0.0,Exceeded expectations,Async communication worked well,False,Completed,2025-08-28,Reorganization,2023-06-04 15:53:30,2026-01-10 18:07:38
TEAM113,Gamma Crew,PRJ034,2025-02-05,Hybrid,EMP0997,"EMP181,EMP0482,EMP0292,EMP1683,EMP0722,EMP1598,EMP0457,EMP1610,EMP0997,EMP1973",10,"{""Campaign"": 4, ""SEO"": 4, ""Marketing"": 1, ""Content"": 1}","{""Senior"": 3, ""Mid"": 6, ""Junior"": 1}",91.9,44.13,86.0,78.2,58.54,99.5,58.0,70.0,63.3,7.2,0.0,7.6,True,249.0,True,7.1,106.0,10.0,0.9,101.8,35.07,4.0,Strong execution,Need better docs,,Completed,2025-10-12,Budget Cut,2024-02-20 17:00:01,2024-06-21 11:28:57
TEAM114,Alpha Team,PRJ061,2023-11-24,AI-Recommended,EMP1241,"EMP1241,EMP1909,EMP0395,EMP0953",4,"{""Senior"": 1, ""Team"": 1, ""QA"": 2}","{""Lead"": 1, ""Senior"": 2, ""Mid"": 1}",94.42,100.0,69.2,68.5,74.3,84.4,72.8,65.2,69.2,7.7,1.0,6.9,True,187.5,False,6.6,102.3,8.4,1.2,84.3,38.14,3.0,Communication issues resolved,Clear roles helped,False,Completed,2024-05-29,Project Complete,2023-09-26 11:44:18,2024-12-12 11:02:46
TEAM115,Beta Unit,PRJ018,2023-12-29,Manual,EMP023,"EMP0246,EMP0275,EMP023,EMP0994,EMP0585,EMP1677,EMP1711",7,"{""Sales"": 1, ""Logistics"": 3, ""UI"": 1, ""Project"": 1, ""Operations"": 1}","{""Lead"": 5, ""Principal"": 1, ""Senior"": 1}",100.0,75.64,48.1,81.9,84.07,79.5,59.9,69.6,80.9,8.0,3.0,6.2,True,313.9,True,6.5,107.3,8.2,1.0,80.0,58.0,3.0,Communication issues resolved,,True,Completed,2024-11-06,Budget Cut,2023-12-28 11:04:52,2025-02-04 16:51:38
TEAM116,Omega Unit,PRJ089,2024-05-12,Hybrid,EMP076,"EMP076,EMP1076,EMP0392",3,"{""HR"": 1, ""Recruiter"": 2}","{""Lead"": 3}",94.62,50.4,74.0,64.4,69.92,85.1,49.3,71.2,76.7,7.1,3.0,8.6,True,136.9,True,7.7,105.9,7.2,1.2,93.3,64.63,1.0,,,True,Completed,2024-09-25,Project Complete,2023-11-04 10:32:06,2024-11-07 16:53:18
TEAM117,Alpha Unit,PRJ081,2023-12-23,AI-Recommended,EMP1849,"EMP1361,EMP1299,EMP1059,EMP0348,EMP1849,EMP0512,EMP0372,EMP1530,EMP152",9,"{""Financial"": 4, ""Finance"": 3, ""Accountant"": 1, ""Logistics"": 1}","{""Mid"": 4, ""Senior"": 3, ""Principal"": 2}",92.49,46.16,61.0,76.6,78.41,66.8,80.0,62.2,75.4,8.6,0.0,6.1,True,350.8,True,6.8,97.5,,1.1,95.1,83.04,4.0,Great collaboration,Async communication worked well,True,Completed,2024-12-07,Project Complete,2023-07-16 14:13:47,2025-10-21 11:13:43
TEAM118,Beta Team,PRJ062,2024-01-20,Hybrid,EMP0955,"EMP1725,EMP0955,EMP1672,EMP156,EMP0492",5,"{""People"": 1, ""HR"": 3, ""Recruiter"": 1}","{""Principal"": 3, ""Lead"": 1, ""Senior"": 1}",94.97,93.65,29.5,77.3,93.47,77.8,65.5,66.0,62.8,8.3,1.0,9.3,True,235.5,True,8.1,115.3,7.6,0.9,88.1,63.09,5.0,Great collaboration,,False,Completed,2024-09-11,Budget Cut,2023-09-26 17:33:32,2024-06-08 10:00:38
TEAM119,Omega Force,PRJ084,2025-01-08,AI-Recommended,EMP0277,"EMP0277,EMP0437,EMP1669",3,"{""Recruiter"": 1, ""HR"": 2}","{""Lead"": 2, ""Senior"": 1}",100.0,100.0,55.8,71.7,77.58,83.9,39.8,94.2,60.2,7.4,0.0,7.7,True,316.0,False,10.0,116.5,7.5,1.3,70.1,56.11,1.0,Great collaboration,Async communication worked well,False,Completed,2025-11-20,Budget Cut,2024-04-02 15:17:28,2025-02-02 18:40:14
TEAM120,Gamma Team,PRJ032,2023-11-29,Hybrid,EMP095,"EMP1152,EMP022,EMP1337,EMP095,EMP1526",5,"{""UI"": 2, ""Product"": 1, ""Graphic"": 2}","{""Lead"": 3, ""Senior"": 2}",100.0,68.98,70.8,66.2,67.56,100.0,58.3,70.5,64.0,7.7,1.0,6.4,,146.2,False,5.1,107.4,9.2,1.2,83.4,50.73,4.0,,Need better docs,True,Completed,2024-04-23,Project Complete,2023-12-23 13:04:19,2024-11-18 18:02:10
TEAM121,Beta Force,PRJ032,2025-04-08,Manual,EMP1303,"EMP046,EMP023,EMP0462,EMP0956,EMP1303,EMP0698,EMP1998,EMP1430,EMP0283",9,"{""Graphic"": 3, ""UI"": 3, ""Product"": 1, ""UX"": 2}","{""Mid"": 6, ""Lead"": 1, ""Senior"": 2}",92.83,45.84,62.8,75.4,81.36,76.8,83.8,100.0,76.0,5.2,0.0,8.6,,284.4,True,7.8,104.2,7.1,1.0,75.6,55.18,3.0,Strong execution,Async communication worked well,,Completed,2026-01-17,Budget Cut,2024-04-11 10:40:22,2025-11-04 17:57:10
TEAM122,Sigma Unit,PRJ064,2024-08-05,AI-Recommended,EMP1626,"EMP0345,EMP1156,EMP1626,EMP0843,EMP0256,EMP1930",6,"{""Software"": 1, ""Senior"": 1, ""QA"": 1, ""DevOps"": 1, ""Team"": 2}","{""Lead"": 1, ""Mid"": 3, ""Senior"": 2}",89.29,69.44,35.5,77.6,77.71,80.5,82.7,89.3,81.4,7.7,3.0,8.1,True,259.2,True,7.2,92.9,7.6,0.8,93.8,25.43,2.0,Communication issues resolved,,False,Completed,2025-04-21,Reorganization,2024-04-30 09:49:16,2024-06-09 13:59:02
TEAM123,Delta Unit,PRJ041,2025-01-12,Hybrid,EMP073,"EMP0326,EMP1150,EMP1873,EMP1509,EMP0659,EMP1770,EMP073",7,"{""HR"": 2, ""Recruiter"": 1, ""People"": 4}","{""Senior"": 4, ""Mid"": 2, ""Principal"": 1}",100.0,59.86,67.9,69.3,68.51,82.6,75.4,86.3,68.8,5.5,2.0,7.6,True,67.5,True,9.5,91.5,6.1,1.3,79.2,51.89,3.0,Great collaboration,,True,Completed,2025-03-20,Reorganization,2024-03-01 11:47:38,2025-07-13 17:49:01
TEAM124,Omega Force,PRJ078,2024-04-10,Hybrid,EMP088,"EMP088,EMP1696,EMP026,EMP0337,EMP1659,EMP0562",6,"{""Marketing"": 3, ""Campaign"": 1, ""SEO"": 2}","{""Lead"": 1, ""Senior"": 3, ""Mid"": 1, ""Junior"": 1}",87.9,92.21,51.1,86.7,77.16,81.3,87.5,85.4,78.5,5.4,2.0,9.1,True,207.4,True,6.7,90.6,6.5,0.9,99.3,49.61,1.0,Great collaboration,Daily standups critical,True,Completed,2024-11-03,Project Complete,2023-08-27 09:18:39,2025-02-03 15:19:10
TEAM125,Beta Squad,PRJ088,2024-02-29,Hybrid,EMP1881,"EMP1518,EMP082,EMP1881,EMP1665,EMP1791,EMP0763,EMP0981,EMP0307",8,"{""Campaign"": 3, ""SEO"": 3, ""Marketing"": 2}","{""Mid"": 4, ""Lead"": 2, ""Senior"": 2}",96.15,51.92,97.4,85.8,74.49,78.3,70.4,85.1,76.3,6.2,0.0,8.7,,36.6,True,6.8,99.3,8.0,1.1,88.1,56.42,5.0,Communication issues resolved,,True,Completed,2024-04-05,Project Complete,2023-11-16 12:04:10,2025-11-12 14:53:44
TEAM126,Gamma Crew,PRJ015,2023-08-13,AI-Recommended,EMP0671,"EMP0437,EMP1652,EMP0671,EMP0492,EMP011,EMP1931,EMP1509,EMP1353,EMP0632",9,"{""HR"": 7, ""People"": 1, ""Recruiter"": 1}","{""Senior"": 5, ""Lead"": 1, ""Mid"": 3}",100.0,50.3,100.0,87.2,95.3,95.6,63.9,69.9,88.3,7.5,1.0,9.3,,193.7,True,8.3,91.6,8.0,1.0,65.6,43.02,2.0,Strong execution,,,Completed,2024-02-22,Project Complete,2023-10-07 11:24:14,2026-01-03 12:19:04
TEAM127,Sigma Unit,PRJ082,2023-12-14,AI-Recommended,EMP1858,"EMP093,EMP0243,EMP1858,EMP0385,EMP0238",5,"{""Operations"": 2, ""Logistics"": 3}","{""Senior"": 4, ""Lead"": 1}",93.86,57.78,84.5,79.9,80.07,100.0,72.7,74.5,73.5,7.5,0.0,6.2,True,206.8,True,7.2,102.6,7.5,1.0,85.4,78.9,4.0,Strong execution,,True,Completed,2024-07-07,Project Complete,2023-08-02 13:50:04,2025-11-11 12:47:00
TEAM128,Delta Unit,PRJ025,2024-04-19,AI-Recommended,EMP0547,"EMP0857,EMP025,EMP0547,EMP1232,EMP170",5,"{""Logistics"": 2, ""Project"": 1, ""Operations"": 2}","{""Principal"": 1, ""Senior"": 3, ""Lead"": 1}",91.82,95.23,55.0,100.0,72.94,83.6,79.1,60.7,50.8,7.9,3.0,7.5,True,263.5,True,5.5,102.2,8.4,0.9,94.0,70.09,5.0,Great collaboration,Daily standups critical,False,Completed,2025-01-07,Budget Cut,2023-11-19 10:58:18,2024-10-17 11:02:02
TEAM129,Omega Force,PRJ036,2024-04-22,Manual,EMP1183,"EMP0419,EMP1183,EMP030,EMP1659,EMP026",5,"{""SEO"": 3, ""Marketing"": 2}","{""Mid"": 3, ""Senior"": 2}",86.21,68.75,50.6,75.5,76.58,84.5,71.1,91.5,72.3,6.8,0.0,6.5,,336.5,True,8.7,96.6,8.2,1.2,75.5,56.66,0.0,,,True,Completed,2025-03-24,Reorganization,2024-03-15 16:18:05,2025-09-14 10:56:14
TEAM130,Sigma Crew,PRJ013,2025-03-02,AI-Recommended,EMP0575,"EMP162,EMP1152,EMP0393,EMP0631,EMP0232,EMP095,EMP1132,EMP1310,EMP0684,EMP0575",10,"{""UI"": 4, ""UX"": 2, ""Graphic"": 4}","{""Mid"": 3, ""Lead"": 3, ""Junior"": 2, ""Senior"": 2}",88.64,61.06,98.8,80.9,83.4,70.9,79.6,68.0,73.2,6.5,3.0,6.1,True,150.2,False,8.1,110.0,9.5,1.2,74.5,47.33,3.0,Exceeded expectations,Daily standups critical,True,Completed,2025-07-30,Project Complete,2024-03-04 16:12:50,2025-01-04 17:51:10
TEAM131,Gamma Team,PRJ011,2023-10-09,AI-Recommended,EMP1676,"EMP146,EMP0370,EMP0546,EMP1824,EMP1676,EMP1711",6,"{""Logistics"": 3, ""Operations"": 3}","{""Principal"": 1, ""Lead"": 4, ""Senior"": 1}",96.25,78.12,68.9,68.5,64.09,80.5,88.1,78.1,65.0,9.1,1.0,6.7,True,183.5,False,8.8,97.2,4.0,0.8,77.7,61.16,5.0,Great collaboration,,True,Completed,2024-04-09,Reorganization,2023-10-21 08:23:09,2025-02-26 12:11:06
TEAM132,Alpha Force,PRJ030,2024-11-22,Manual,EMP1727,"EMP1086,EMP1749,EMP1842,EMP0600,EMP0374,EMP085,EMP1975,EMP0454,EMP1727",9,"{""SEO"": 5, ""Marketing"": 2, ""Content"": 1, ""Campaign"": 1}","{""Senior"": 4, ""Mid"": 4, ""Junior"": 1}",92.8,49.27,93.7,100.0,85.37,95.8,62.0,64.3,57.8,7.1,3.0,6.9,True,227.4,True,6.5,110.2,7.1,1.0,96.2,50.41,3.0,Communication issues resolved,Clear roles helped,,Completed,2025-07-07,Budget Cut,2023-08-11 15:50:22,2026-01-13 14:45:06
TEAM133,Sigma Team,PRJ018,2023-09-27,Hybrid,EMP1010,"EMP0303,EMP146,EMP1010,EMP1794",4,"{""Accountant"": 1, ""Logistics"": 2, ""Operations"": 1}","{""Principal"": 3, ""Lead"": 1}",100.0,68.45,72.6,90.9,76.8,84.6,77.6,66.9,76.4,7.3,2.0,7.0,True,270.6,True,7.3,99.3,5.3,1.1,74.0,62.2,0.0,Strong execution,Async communication worked well,True,Completed,2024-06-23,Project Complete,2023-11-29 14:48:14,2025-10-07 08:27:29
TEAM134,Omega Team,PRJ098,2023-11-30,Hybrid,EMP1253,"EMP0654,EMP1253,EMP0633",3,"{""Sales"": 2, ""Account"": 1}","{""Principal"": 1, ""Lead"": 2}",100.0,100.0,65.8,58.0,75.3,57.5,98.0,69.0,84.4,7.5,2.0,5.7,True,312.1,False,7.0,96.1,8.0,1.2,95.3,68.91,2.0,,,True,Completed,2024-10-07,Project Complete,2023-09-27 08:54:33,2026-01-03 17:54:07
TEAM135,Sigma Team,PRJ003,2023-09-02,Manual,EMP0520,"EMP0520,EMP035,EMP1631,EMP109,EMP1300,EMP076,EMP0659,EMP0392,EMP1137,EMP0526",10,"{""HR"": 5, ""Recruiter"": 3, ""People"": 2}","{""Senior"": 5, ""Mid"": 2, ""Lead"": 3}",100.0,50.72,56.8,87.5,87.08,100.0,63.4,76.8,78.7,7.6,1.0,7.0,True,160.3,True,9.3,91.7,5.9,1.0,96.4,63.02,5.0,Exceeded expectations,Async communication worked well,True,Completed,2024-02-09,Reorganization,2024-04-26 18:54:35,2024-11-25 12:42:52
TEAM136,Omega Team,PRJ080,2024-02-28,Hybrid,EMP156,"EMP0437,EMP0636,EMP156,EMP0520,EMP1382",5,"{""HR"": 4, ""Recruiter"": 1}","{""Senior"": 3, ""Principal"": 1, ""Lead"": 1}",100.0,89.34,80.1,69.8,78.57,82.7,64.8,38.1,86.7,5.5,0.0,6.4,True,121.7,False,8.3,87.3,5.9,1.1,107.3,60.05,2.0,Exceeded expectations,Daily standups critical,True,Completed,2024-06-28,Project Complete,2023-07-27 08:17:10,2025-11-06 17:02:54
TEAM137,Sigma Team,PRJ096,2025-03-08,Hybrid,EMP0396,"EMP171,EMP0351,EMP0260,EMP1692,EMP0396,EMP1341,EMP1131",7,"{""Business"": 2, ""Sales"": 3, ""Logistics"": 1, ""Software"": 1}","{""Lead"": 3, ""Mid"": 2, ""Senior"": 1, ""Principal"": 1}",98.55,100.0,72.8,72.1,67.19,65.2,75.5,74.5,80.4,8.0,3.0,8.1,True,329.1,True,6.5,95.4,7.6,0.8,85.2,59.27,4.0,Great collaboration,Async communication worked well,True,Completed,2026-01-31,Project Complete,2023-07-26 09:45:16,2025-11-23 11:13:30
TEAM138,Beta Force,PRJ026,2024-05-19,Hybrid,EMP132,"EMP0230,EMP1568,EMP0938,EMP1866,EMP133,EMP1556,EMP132,EMP1455",8,"{""Product"": 1, ""UI"": 4, ""Graphic"": 2, ""UX"": 1}","{""Lead"": 4, ""Mid"": 2, ""Senior"": 2}",100.0,50.16,100.0,87.8,58.73,75.4,78.9,79.5,67.2,7.3,2.0,4.7,True,153.6,False,8.0,85.4,8.7,0.9,54.3,45.55,1.0,Communication issues resolved,Async communication worked well,False,Completed,2024-10-19,Budget Cut,2024-03-15 15:18:57,2025-02-04 11:23:53
TEAM139,Gamma Force,PRJ033,2024-04-18,Hybrid,EMP0941,"EMP0941,EMP1849,EMP0439,EMP1171,EMP1799,EMP1552,EMP0371,EMP065",8,"{""Accountant"": 4, ""Finance"": 2, ""Financial"": 2}","{""Senior"": 4, ""Principal"": 2, ""Mid"": 2}",100.0,55.59,73.4,90.1,81.02,71.9,75.6,68.9,78.9,8.0,2.0,7.9,True,98.5,True,8.4,106.1,5.5,1.0,85.9,59.95,1.0,Great collaboration,Daily standups critical,True,Completed,2024-07-25,Budget Cut,2023-08-24 18:10:08,2024-10-22 08:40:50
TEAM140,Gamma Squad,PRJ039,2024-02-24,AI-Recommended,EMP0392,"EMP048,EMP1864,EMP0659,EMP0392",4,"{""HR"": 1, ""People"": 2, ""Recruiter"": 1}","{""Senior"": 2, ""Principal"": 1, ""Lead"": 1}",90.54,100.0,56.8,56.7,70.42,75.3,65.0,56.7,83.9,7.5,0.0,9.9,,253.1,False,6.4,111.5,8.5,1.0,79.8,58.28,2.0,,Async communication worked well,False,Completed,2024-11-03,Reorganization,2024-03-26 12:27:44,2026-01-21 14:42:05
TEAM141,Alpha Unit,PRJ062,2025-04-01,Hybrid,EMP1984,"EMP1175,EMP0349,EMP1940,EMP1984,EMP0277,EMP0287",6,"{""HR"": 5, ""Recruiter"": 1}","{""Senior"": 4, ""Lead"": 2}",92.22,47.15,70.3,81.2,71.03,82.3,89.6,78.5,77.1,8.0,2.0,7.7,True,299.3,False,7.6,97.4,9.5,0.9,82.3,61.12,0.0,Great collaboration,Clear roles helped,True,Completed,2026-01-25,Budget Cut,2024-05-30 08:09:51,2025-03-17 12:16:43
TEAM142,Beta Squad,PRJ020,2023-08-01,Hybrid,EMP1572,"EMP1572,EMP022,EMP0604,EMP0299,EMP0603,EMP0498,EMP0232,EMP1671,EMP1430,EMP0286",10,"{""UI"": 1, ""Product"": 3, ""UX"": 3, ""Graphic"": 3}","{""Lead"": 3, ""Junior"": 1, ""Mid"": 5, ""Senior"": 1}",100.0,61.0,57.9,72.3,68.79,79.9,87.8,83.7,94.7,7.4,2.0,5.0,True,61.6,True,7.4,93.9,,0.8,70.9,48.55,5.0,Great collaboration,Need better docs,False,Completed,2023-10-01,Budget Cut,2023-10-06 12:57:22,2025-04-22 15:05:16
TEAM143,Alpha Force,PRJ043,2025-02-02,Hybrid,EMP1990,"EMP1958,EMP197,EMP0981,EMP1659,EMP0383,EMP1990,EMP0606,EMP1598",8,"{""Content"": 3, ""Campaign"": 3, ""SEO"": 2}","{""Mid"": 4, ""Senior"": 4}",100.0,37.59,59.3,84.9,70.73,72.5,66.0,76.0,68.6,6.4,0.0,5.7,True,168.8,True,7.5,95.6,8.2,0.8,90.4,55.22,4.0,Great collaboration,Clear roles helped,False,Completed,2025-07-20,Project Complete,2023-10-08 12:26:28,2024-11-01 11:50:30
TEAM144,Sigma Force,PRJ030,2024-06-10,Hybrid,EMP1797,"EMP1797,EMP1066,EMP1023,EMP0763,EMP138,EMP1749,EMP1587",7,"{""SEO"": 4, ""Campaign"": 1, ""Marketing"": 2}","{""Senior"": 3, ""Mid"": 3, ""Lead"": 1}",100.0,56.58,52.6,90.5,78.26,95.9,65.4,100.0,62.4,6.6,0.0,7.0,True,359.9,True,7.7,87.9,6.4,0.8,115.8,51.55,2.0,Communication issues resolved,Async communication worked well,True,Completed,2025-06-04,Project Complete,2023-09-08 13:36:53,2025-02-14 14:40:34
TEAM145,Delta Squad,PRJ025,2024-06-05,AI-Recommended,EMP1232,"EMP0621,EMP1752,EMP1232",3,"{""Accountant"": 1, ""Operations"": 2}","{""Principal"": 1, ""Lead"": 2}",83.14,97.59,66.6,94.9,60.6,93.0,98.0,64.5,55.1,5.6,3.0,8.6,True,194.8,False,8.4,110.0,6.9,1.1,81.9,43.03,0.0,,Clear roles helped,True,Completed,2024-12-16,Project Complete,2024-02-07 08:12:56,2024-11-28 08:51:45
TEAM146,Gamma Unit,PRJ005,2024-10-25,Manual,EMP1512,"EMP048,EMP1243,EMP1174,EMP1112,EMP1968,EMP1512",6,"{""HR"": 4, ""Recruiter"": 2}","{""Senior"": 1, ""Lead"": 2, ""Mid"": 2, ""Principal"": 1}",90.44,97.33,64.2,63.7,72.39,89.6,57.1,72.3,76.2,6.1,3.0,5.5,True,107.6,True,10.0,109.5,6.6,1.0,77.6,70.24,5.0,Communication issues resolved,Daily standups critical,True,Completed,2025-02-09,Reorganization,2023-12-17 17:36:14,2025-05-25 13:49:26
TEAM147,Alpha Unit,PRJ099,2024-04-08,AI-Recommended,EMP1427,"EMP1129,EMP1427,EMP0545,EMP023,EMP1475,EMP0594,EMP1026",7,"{""UI"": 7}","{""Senior"": 1, ""Lead"": 3, ""Mid"": 2, ""Junior"": 1}",89.02,82.14,54.3,54.3,65.41,88.5,68.1,92.0,82.3,5.8,3.0,7.7,,195.8,True,6.5,98.5,6.7,0.9,105.6,62.35,3.0,Communication issues resolved,Need better docs,True,Completed,2024-10-20,Budget Cut,2023-06-09 14:50:23,2025-01-22 09:44:58
TEAM148,Beta Squad,PRJ077,2025-03-06,Hybrid,EMP1852,"EMP108,EMP136,EMP1852,EMP0375,EMP0455",5,"{""Sales"": 2, ""Account"": 1, ""Business"": 1, ""Software"": 1}","{""Principal"": 1, ""Lead"": 3, ""Mid"": 1}",100.0,83.77,87.3,66.5,89.93,77.9,90.9,81.2,100.0,6.3,1.0,7.5,True,267.5,True,8.5,83.6,6.7,1.1,92.5,49.31,2.0,Exceeded expectations,Async communication worked well,True,Completed,2025-11-28,Budget Cut,2024-02-16 17:30:52,2025-07-30 08:10:05
TEAM149,Gamma Team,PRJ067,2025-05-21,Hybrid,EMP0671,"EMP0349,EMP1063,EMP0671,EMP1205,EMP079",5,"{""HR"": 3, ""Recruiter"": 2}","{""Senior"": 3, ""Lead"": 2}",84.56,51.68,97.1,98.1,71.75,60.3,91.1,,68.1,7.5,0.0,7.8,,,,,,8.1,1.2,60.9,58.05,1.0,Exceeded expectations,,True,Active,,,2024-02-01 18:42:53,2024-10-05 10:29:09
TEAM150,Delta Unit,PRJ024,2024-08-12,AI-Recommended,EMP190,"EMP1512,EMP055,EMP190,EMP0361,EMP1676,EMP1105,EMP0237",7,"{""HR"": 1, ""Operations"": 4, ""Logistics"": 2}","{""Principal"": 1, ""Lead"": 2, ""Senior"": 4}",100.0,60.36,63.5,71.6,65.66,100.0,71.7,95.2,83.5,6.0,0.0,6.2,True,314.4,True,7.2,88.3,,0.9,77.8,68.17,2.0,Communication issues resolved,Daily standups critical,True,Completed,2025-06-22,Budget Cut,2024-05-09 18:13:32,2025-10-19 08:55:14
TEAM151,Alpha Force,PRJ901,2024-07-08,AI-Recommended,EMP1659,"EMP002,EMP1932,EMP1659,EMP112,EMP029,EMP0609",6,"{""SEO"": 2, ""Campaign"": 2, ""Marketing"": 2}","{""Mid"": 5, ""Senior"": 1}",93.86,46.86,62.873308692051246,65.13274830391107,64.89,79.75396485910805,69.97802430125529,91.99101766592071,66.4933279356068,6.968175772524026,1.9194291054872834,8.527722966428634,True,319.49510963107576,False,7.785183999843359,95.75087343558351,6.573455104597944,0.9080512678158369,104.42198269928906,32.86,2.924965541600875,,Async communication worked well,True,Completed,2025-07-28,Project Complete,2024-07-08,2024-07-26
TEAM152,Beta Crew,PRJ003,2024-02-18,Hybrid,EMP169,"EMP169,EMP079,EMP1252,EMP1408",4,"{""HR"": 2, ""Recruiter"": 2}","{""Senior"": 1, ""Lead"": 3}",100.0,69.63,45.88705553343085,73.51003775656706,53.34,77.59698554503686,92.1354818050385,89.69094465907973,77.99090880767,6.523168935696124,1.0310594208662203,7.083944513131785,True,103.29373391368541,False,6.722862235841561,99.35703175310786,7.063430409761032,1.0962977245592056,93.15680172089671,65.95,0.13105229711934463,Communication issues resolved,Need better docs,,Completed,2023-12-15,Project Complete,2024-02-18,2025-03-29
TEAM153,Beta Unit,PRJ773,2024-06-09,Manual,EMP075,"EMP1177,EMP1812,EMP015,EMP0394,EMP0318,EMP1819,EMP1127,EMP075",8,"{""Team"": 6, ""QA"": 1, ""Senior"": 1}","{""Mid"": 5, ""Junior"": 1, ""Lead"": 2}",97.82,57.81,55.030867093675035,53.94773813328999,65.14,65.98911149366542,40.039435699494234,99.99734644023938,62.33460411819636,5.9467917201164155,2.9996359216754986,8.094540795336574,True,55.07881198848618,True,7.026042984130388,93.25090069465087,,1.00375349340332,82.34676744937882,42.45,1.9224459448289648,Communication issues resolved,Async communication worked well,,Completed,2024-10-12,Budget Cut,2024-06-09,2026-04-04
TEAM154,Alpha Unit,PRJ575,2025-03-18,AI-Recommended,EMP0501,"EMP0501,EMP090,EMP0489",3,"{""Senior"": 1, ""Software"": 1, ""Team"": 1}","{""Lead"": 2, ""Senior"": 1}",86.18,92.6,85.96518128129595,76.13673123354853,83.42,100.0,83.44242918789084,90.81215571129775,74.54648763764688,9.88187871766134,2.9832180979015033,9.580090269507833,True,98.67593370580124,True,9.146743044497203,100.2948624141094,6.498636289219671,0.999715489606327,71.66925382025062,34.79,1.9772158251376375,,,True,Completed,2025-07-03,Budget Cut,2025-03-18,2024-08-18
TEAM155,Delta Squad,PRJ458,2024-08-16,Manual,EMP0574,"EMP0574,EMP0357,EMP1750,EMP1861,EMP1958,EMP1727,EMP1416,EMP017",8,"{""Campaign"": 3, ""Content"": 2, ""SEO"": 2, ""Marketing"": 1}","{""Senior"": 3, ""Mid"": 5}",91.43,37.35,94.2355813715711,70.23396898750221,72.6,64.72283105179154,66.58402213659188,67.07032169785028,57.85092976456415,10.0,0.014073927266895467,8.309052616283733,True,57.02406496748838,True,7.442622756882683,89.41915676296247,7.728549486827582,0.8177168506240331,102.71251358893866,50.58,4.066374977250414,Communication issues resolved,Clear roles helped,,Completed,2024-09-02,Project Complete,2024-08-16,2025-12-01
TEAM156,Alpha Crew,PRJ129,2024-06-24,AI-Recommended,EMP1295,"EMP0287,EMP0249,EMP1295,EMP1900",4,"{""HR"": 2, ""People"": 2}","{""Senior"": 2, ""Principal"": 2}",90.9,79.19,78.87810251325618,49.823123235269776,89.3,76.66780512874058,40.26811777491462,77.04489437308632,88.33976297208403,9.045031988817845,1.9506322120913393,7.696163345568439,True,37.53023880633427,True,7.738441203268145,90.25378297039231,6.464555063512364,1.1052950418328915,77.13442725389346,49.25,0.10868694973593475,Exceeded expectations,,,Completed,2024-04-16,Reorganization,2024-06-24,2025-07-17
TEAM157,Alpha Force,PRJ352,2023-11-27,AI-Recommended,EMP0760,"EMP0611,EMP0473,EMP1516,EMP0760,EMP1078,EMP0773",6,"{""Financial"": 1, ""Accountant"": 2, ""Controller"": 3}","{""Mid"": 1, ""Senior"": 1, ""Principal"": 4}",86.74,79.41,63.56612335296397,64.50580181589258,81.65,80.19487064623871,71.12487031887227,91.87759658949375,65.7840129287472,7.103588185594366,1.962413250685637,8.627373038372358,True,318.3213068067234,False,7.9239387713666725,96.50743407583224,6.649310695113977,0.903269081639005,105.43194011216822,62.72,3.107783964819976,,Async communication worked well,True,Completed,2025-07-28,Project Complete,2023-11-27,2024-07-22
TEAM158,Sigma Unit,PRJ357,2024-06-06,AI-Recommended,EMP0671,"EMP0671,EMP1243,EMP0492,EMP0277,EMP1900,EMP1669",6,"{""Recruiter"": 3, ""HR"": 3}","{""Lead"": 4, ""Senior"": 2}",100.0,48.74,34.7822463703502,78.15830157465726,71.11,79.81119872987745,83.19172894923152,90.13042361355605,81.36339927141405,7.684910723306645,2.9627423302939695,8.104079349310075,True,257.8470699147022,True,7.204008646219934,92.41697976102118,7.607898423039223,0.8,93.35254385502672,67.14,1.965899764425259,Communication issues resolved,,False,Completed,2025-04-21,Reorganization,2024-06-06,2024-04-22
TEAM159,Delta Crew,PRJ214,2024-10-20,Hybrid,EMP148,"EMP0955,EMP1385,EMP148,EMP1664,EMP051,EMP0900,EMP1341,EMP0543",8,"{""HR"": 1, ""Business"": 2, ""Account"": 1, ""Sales"": 3, ""Logistics"": 1}","{""Principal"": 2, ""Lead"": 4, ""Senior"": 2}",90.55,58.45,26.406474538989247,80.97894996632674,78.46,99.09998877985763,74.91480564296846,98.3760677594814,81.63565682888905,7.415570162546461,3.0,5.609629898951281,True,297.04340445742554,True,6.920776422807993,91.66810975019358,5.661680547760712,1.3,104.88005601728024,71.86,3.8366053487425673,Exceeded expectations,Need better docs,,Completed,2025-09-04,Reorganization,2024-10-20,2025-03-19
TEAM160,Beta Crew,PRJ822,2025-04-02,AI-Recommended,EMP0306,"EMP098,EMP0767,EMP1741,EMP0306,EMP0395,EMP1062,EMP0827,EMP0939",8,"{""Team"": 6, ""QA"": 1, ""Senior"": 1}","{""Mid"": 5, ""Senior"": 2, ""Junior"": 1}",95.73,55.87,37.92793758467715,65.80068784002509,68.01,91.09711232844404,70.2352823807322,58.83283280013668,90.82782177783066,6.603437654713366,2.0613640477416104,6.277670414652017,True,87.21347938221436,False,9.793584051247626,93.88174891096016,9.046695048990616,1.1970335171241437,85.12627133714044,41.67,3.055597874124838,Communication issues resolved,Clear roles helped,True,Completed,2024-11-23,Reorganization,2025-04-02,2024-11-12
TEAM161,Alpha Unit,PRJ658,2024-02-07,AI-Recommended,EMP1696,"EMP1696,EMP1598,EMP138,EMP0860,EMP0816,EMP088,EMP1236,EMP1422,EMP026",9,"{""Campaign"": 4, ""Content"": 1, ""Marketing"": 4}","{""Senior"": 1, ""Mid"": 6, ""Lead"": 1, ""Junior"": 1}",100.0,56.82,61.18742591627697,76.42912629205959,55.79,65.81259033194758,79.87813236485493,61.17902067708351,75.55956627614556,8.66690106768057,0.0,6.1613740535343755,True,351.6558649540873,True,6.759512951438199,98.32673458358522,,1.0891497017043377,94.46764413438805,46.13,4.026901299437376,Great collaboration,Async communication worked well,True,Completed,2024-12-07,Project Complete,2024-02-07,2025-10-16
TEAM162,Omega Team,PRJ197,2023-04-30,Manual,EMP1512,"EMP0349,EMP156,EMP0708,EMP1931,EMP1205,EMP0563,EMP1512",7,"{""HR"": 6, ""Recruiter"": 1}","{""Senior"": 2, ""Principal"": 2, ""Lead"": 1, ""Mid"": 2}",97.19,85.07,77.96627998622323,94.22944484736955,81.76,68.19530117688429,72.87116310174684,72.53892636167497,93.2451250295938,6.358634792910518,0.9564499789996506,7.786534229111076,True,266.85959429342813,True,5.743216986492002,94.056385499498,7.387740466551236,1.1002511539040865,75.21671765032015,59.85,3.9612415243618977,Strong execution,,True,Completed,2024-06-30,Budget Cut,2023-04-30,2025-07-05
TEAM163,Omega Crew,PRJ435,2024-10-10,AI-Recommended,EMP1497,"EMP1849,EMP0271,EMP152,EMP183,EMP1497",5,"{""Accountant"": 1, ""Financial"": 1, ""Finance"": 2, ""Sales"": 1}","{""Principal"": 2, ""Mid"": 2, ""Senior"": 1}",100.0,97.97,54.34223838769361,63.05458153259175,82.77,84.71957623874682,59.87123246005103,77.89057601502788,76.65191375726809,5.02719854318592,2.00611464804119,7.433473738097063,True,170.02658988451475,False,6.251183365758097,102.10467307450953,7.405627445042541,1.0097814546270263,78.24619116171309,47.47,2.880343305405906,Communication issues resolved,Need better docs,True,Completed,2025-07-06,Reorganization,2024-10-10,2025-04-13
TEAM164,Gamma Team,PRJ940,2024-03-30,AI-Recommended,EMP1076,"EMP1408,EMP1940,EMP1421,EMP1738,EMP1076,EMP0223",6,"{""HR"": 4, ""Recruiter"": 2}","{""Lead"": 3, ""Mid"": 2, ""Senior"": 1}",96.31,61.57,68.91598860747092,67.99770391681147,79.5,79.8725452239686,87.97898055306369,77.94985566900677,65.09812300665357,9.064257290506765,0.9690368679867145,6.673659792469354,True,184.19226714323685,False,8.783684444127577,97.2892280900398,4.0,0.8,76.19430203263131,53.87,5.0,Great collaboration,,True,Completed,2024-04-09,Reorganization,2024-03-30,2025-03-04
TEAM165,Delta Unit,PRJ476,2024-02-18,AI-Recommended,EMP108,"EMP1719,EMP0241,EMP1452,EMP1253,EMP173,EMP108,EMP1034",7,"{""Account"": 2, ""Sales"": 4, ""Business"": 1}","{""Senior"": 2, ""Lead"": 4, ""Principal"": 1}",100.0,68.11,62.01224444285268,71.17452674884198,84.37,100.0,71.46909611859064,94.49383593093903,84.16856957925977,5.9964620603184535,0.0,6.187530910610184,True,314.7546062499316,True,7.272323870363397,87.94817926955534,,0.9014895245571192,78.02368240628152,64.65,1.8601061187256775,Communication issues resolved,Daily standups critical,True,Completed,2025-06-22,Budget Cut,2024-02-18,2025-08-19
TEAM166,Delta Squad,PRJ086,2025-08-17,AI-Recommended,EMP1857,"EMP1573,EMP0313,EMP1801,EMP1857",4,"{""Accountant"": 1, ""Account"": 1, ""Sales"": 1, ""Logistics"": 1}","{""Principal"": 3, ""Lead"": 1}",90.72,66.84,91.57910964088123,71.84172282097589,80.38,95.09404538350594,70.22616743372751,92.47536884571723,36.73755217966089,4.70557972727883,0.9203747072292509,7.172938705053254,True,95.60543746180498,True,6.990223680944209,105.83243206392042,8.00231134775171,0.8957243588453835,84.84573595279372,49.94,0.06373440466991656,,,True,Completed,2025-08-18,Project Complete,2025-08-17,2024-08-11
TEAM167,Delta Squad,PRJ054,2025-03-25,Manual,EMP1303,"EMP0643,EMP1303,EMP0682,EMP0539,EMP1152,EMP1014,EMP0239,EMP1547",8,"{""Graphic"": 2, ""UX"": 1, ""Product"": 1, ""UI"": 4}","{""Lead"": 3, ""Senior"": 2, ""Mid"": 3}",100.0,56.77,99.73820719625093,90.74349344595078,64.44,67.67061025618627,85.68412106870315,79.93762001256869,39.192594092261,8.324652019855568,2.985014752453458,8.207574005527999,True,182.02828116625477,False,4.936249371789797,89.79563762427497,6.1198397868374,1.204775300099533,65.59710425425793,59.0,0.9041904915120365,Exceeded expectations,Daily standups critical,False,Completed,2025-01-20,Reorganization,2025-03-25,2025-12-29
TEAM168,Beta Crew,PRJ312,2023-12-26,AI-Recommended,EMP0221,"EMP0562,EMP0221,EMP1881,EMP017,EMP1012,EMP0515,EMP0714,EMP1665",8,"{""SEO"": 4, ""Marketing"": 2, ""Campaign"": 2}","{""Senior"": 4, ""Lead"": 2, ""Mid"": 2}",96.76,60.73,36.63519056384251,67.66613050293141,78.3,90.69557824227965,70.11511286611945,59.88869757624634,91.49315908928584,6.5233304341094644,2.008301956297598,6.297136856757398,True,91.52014352169677,False,9.671991482439967,94.42655686420721,8.807628455181709,1.2092728121428022,86.16093055597277,75.27,3.016683713819411,Communication issues resolved,Clear roles helped,True,Completed,2024-11-23,Reorganization,2023-12-26,2024-11-13
TEAM169,Delta Unit,PRJ709,2024-01-01,AI-Recommended,EMP1442,"EMP0230,EMP0651,EMP1442,EMP0252",4,"{""Product"": 1, ""UI"": 3}","{""Lead"": 2, ""Senior"": 2}",92.85,63.14,63.416760342676746,66.99493155407625,63.32,100.0,73.19669791594835,73.69980982499455,59.83787263719962,7.503439133038459,0.0,8.67349967362215,True,108.39206413682176,False,7.932245899958469,93.28487391592043,8.308252200963514,1.095295377176578,106.88891094219125,55.31,4.002682784438321,Great collaboration,,True,Completed,2024-05-27,Project Complete,2024-01-01,2025-04-13
TEAM170,Sigma Crew,PRJ561,2024-07-17,AI-Recommended,EMP1376,"EMP1672,EMP1488,EMP1669,EMP1376,EMP0791,EMP1414,EMP0541,EMP1940,EMP0520,EMP0379",10,"{""Recruiter"": 3, ""HR"": 7}","{""Lead"": 4, ""Senior"": 3, ""Mid"": 3}",100.0,43.76,97.2743932561967,81.19465698100649,73.58,70.73790567181973,79.61330049362991,67.64468150652186,73.49506178963325,6.5178566704283325,3.0,6.116083568064707,True,138.99974012896158,False,8.136140636936524,110.02766236186868,9.522883739462065,1.204632853015606,74.26382736349116,54.97,3.0319372263255366,Exceeded expectations,Daily standups critical,True,Completed,2025-07-30,Project Complete,2024-07-17,2024-11-06
TEAM171,Alpha Crew,PRJ064,2023-06-19,AI-Recommended,EMP1224,"EMP182,EMP0716,EMP0368,EMP1224",4,"{""DevOps"": 1, ""Senior"": 1, ""Team"": 2}","{""Senior"": 2, ""Mid"": 2}",90.05,77.26,79.07173230006046,49.35864476460872,74.18,77.83655728429238,42.460934930622514,74.77066859666319,89.13549183918842,9.04912848023109,1.8873715308775532,7.714489819177315,True,31.9,True,7.763402657182553,89.78161899444115,6.455491227796867,1.096923173312956,77.09335363259122,27.21,0.0042995335711147244,Exceeded expectations,,,Completed,2024-04-16,Reorganization,2023-06-19,2025-07-28
TEAM172,Alpha Force,PRJ899,2025-02-21,Hybrid,EMP051,"EMP0994,EMP051,EMP1810,EMP0356",4,"{""Logistics"": 1, ""Sales"": 2, ""Business"": 1}","{""Principal"": 2, ""Lead"": 2}",100.0,75.89,51.90597060662231,83.4746454146523,68.0,84.8829234554601,76.54129738973933,79.1228187445092,68.61634355000632,7.051084971321266,1.0605998045776106,4.5341408839491555,True,138.84464821154808,True,6.8235301941168744,81.7532548311352,9.188569961698375,0.8922584371991165,95.52666933831522,62.24,3.0058211366282577,Exceeded expectations,,True,Completed,2024-12-16,Budget Cut,2025-02-21,2024-06-11
TEAM173,Beta Force,PRJ795,2024-04-27,Hybrid,EMP1900,"EMP1314,EMP1146,EMP1145,EMP0999,EMP1376,EMP1672,EMP1900,EMP1194,EMP0963",9,"{""HR"": 6, ""Recruiter"": 2, ""People"": 1}","{""Lead"": 3, ""Senior"": 5, ""Mid"": 1}",100.0,44.36,45.04582007635071,93.0375309580042,85.59,76.22975223967164,91.44643864086918,83.61645145302398,88.65840501012379,9.065046540501443,1.0461521803990208,8.568286690970265,,208.29171863900982,True,6.512770123072741,84.43715615437362,8.918248007642127,0.9045992640873508,82.15462744805603,57.95,1.1439897215081158,Exceeded expectations,,False,Completed,2025-07-17,Project Complete,2024-04-27,2026-01-13
TEAM174,Gamma Crew,PRJ132,2024-05-08,Manual,EMP1512,"EMP0970,EMP106,EMP0392,EMP1175,EMP1512",5,"{""Recruiter"": 3, ""HR"": 2}","{""Lead"": 3, ""Senior"": 1, ""Principal"": 1}",100.0,82.88,78.60553176753237,62.35227745343193,89.12,89.5269623522171,70.95628525825386,68.95059887328961,59.51011115226249,7.726465240820427,3.0,6.888382488191891,True,303.9047466613995,False,6.339768051723825,98.63893625618807,,0.8946259990192369,75.81704938982335,69.88,0.008583602668799107,Great collaboration,,True,Completed,2025-01-18,Reorganization,2024-05-08,2026-02-11
TEAM175,Delta Crew,PRJ071,2023-11-23,AI-Recommended,EMP0848,"EMP1696,EMP1012,EMP0419,EMP0574,EMP0848,EMP1612,EMP0424,EMP1119,EMP1749",9,"{""Campaign"": 6, ""SEO"": 3}","{""Senior"": 5, ""Mid"": 4}",100.0,38.1,99.56100719313329,83.45233503063096,79.86,97.75076228093081,55.642599143857964,78.36058288621467,61.18797194310425,8.116096085689398,1.0527276314095328,6.439125814517721,True,50.42328198488875,True,7.954765274101187,103.4585876784797,8.422742459079178,0.9060498826723518,76.3566742968704,32.91,0.0,Great collaboration,,True,Completed,2024-08-28,Budget Cut,2023-11-23,2026-01-31
TEAM176,Alpha Unit,PRJ430,2025-12-09,Manual,EMP0774,"EMP0856,EMP0236,EMP0288,EMP0774,EMP1462,EMP0876,EMP1594,EMP0587,EMP119",9,"{""Senior"": 1, ""Team"": 2, ""Software"": 3, ""QA"": 3}","{""Lead"": 4, ""Mid"": 4, ""Senior"": 1}",97.53,54.52,61.92039188816688,85.55559744586493,62.59,45.89855192185228,92.24625357440132,84.53078052585249,89.75822199576676,5.718463844474817,1.9443452579803702,7.088591762348088,True,271.15927497090314,True,8.992650176366347,125.4,7.953886648664088,1.3,69.75605878194938,38.01,4.830292672493948,Strong execution,Async communication worked well,True,Completed,2025-12-13,Project Complete,2025-12-09,2025-02-09
TEAM177,Beta Unit,PRJ216,2024-05-26,Manual,EMP0880,"EMP0941,EMP1348,EMP159,EMP1959,EMP1426,EMP0713,EMP0611,EMP0880",8,"{""Accountant"": 5, ""Financial"": 2, ""Finance"": 1}","{""Senior"": 3, ""Mid"": 2, ""Junior"": 2, ""Principal"": 1}",99.89,65.16,55.933762150357,54.43077735477359,91.06,63.577381842752125,40.56913702258045,100.0,61.94812342601601,5.915383202990991,2.9178717419614966,8.215849016780856,True,50.617469763213776,True,6.940899304442805,92.56973256966255,,0.9974182763755485,82.50080456407088,44.42,1.9634565065793244,Communication issues resolved,Async communication worked well,,Completed,2024-10-12,Budget Cut,2024-05-26,2026-04-09
TEAM178,Gamma Squad,PRJ955,2024-10-14,AI-Recommended,EMP156,"EMP1272,EMP156,EMP1968,EMP0542,EMP1672,EMP1940,EMP079",7,"{""HR"": 4, ""People"": 1, ""Recruiter"": 2}","{""Senior"": 2, ""Principal"": 1, ""Mid"": 1, ""Lead"": 3}",100.0,79.52,70.8029231786841,52.55279950737982,77.7,53.85931931447918,61.52343631170959,77.21930274819948,62.70446583756754,4.100349128966468,1.9811019383179667,7.683574951438051,True,241.9575494298421,True,7.937392967174141,88.22059738859514,,1.092848819268335,85.54234327452356,54.08,3.1099022934346023,Exceeded expectations,Clear roles helped,False,Completed,2025-03-03,Budget Cut,2024-10-14,2025-04-20
TEAM179,Omega Unit,PRJ927,2024-08-14,Hybrid,EMP071,"EMP1280,EMP1232,EMP071",3,"{""Logistics"": 1, ""Operations"": 2}","{""Lead"": 2, ""Senior"": 1}",100.0,98.42,66.40277956688212,41.9,65.51,89.59504956979217,64.58166628475053,81.43164477271866,72.8254059559858,4.8053994657914885,1.9899962206276682,8.197594471782205,True,285.55139448411984,True,8.177688610712057,93.57966285096555,5.264631613174341,1.0090417325743946,92.0389119957948,62.53,4.17244535413763,Exceeded expectations,Async communication worked well,True,Completed,2025-11-22,Reorganization,2024-08-14,2025-09-20
TEAM180,Alpha Team,PRJ616,2024-07-17,Manual,EMP0880,"EMP0880,EMP0364,EMP081,EMP0371",4,"{""Accountant"": 1, ""Finance"": 2, ""Controller"": 1}","{""Principal"": 2, ""Senior"": 2}",100.0,75.69,100.0,58.703661702684975,90.74,91.04428224319459,75.2598194524731,83.05440679693265,75.95305288856662,6.853298265182465,2.954294851548033,8.734138553245092,,364.7,True,8.130559797438899,110.56953751936598,6.047063884717172,1.3,109.37280682553173,75.87,0.0,Strong execution,Async communication worked well,True,Completed,2026-01-22,Project Complete,2024-07-17,2025-06-22
TEAM181,Beta Team,PRJ407,2024-04-21,Hybrid,EMP0891,"EMP1794,EMP0891,EMP1435,EMP1676,EMP0205,EMP146,EMP1837,EMP0608,EMP0234",9,"{""Logistics"": 4, ""Sales"": 1, ""Operations"": 4}","{""Principal"": 3, ""Senior"": 5, ""Lead"": 1}",84.36,52.71,79.56921638698103,100.0,66.69,100.0,73.67375204166066,79.28611866741913,61.56726978956823,5.933383971097046,0.0,7.4988027688754535,True,156.49583841223307,False,6.6242585023382725,103.37026201581526,6.483505643880707,1.0100869474360201,90.95596728104327,78.53,1.1145852854253464,Communication issues resolved,Daily standups critical,True,Completed,2024-12-31,Reorganization,2024-04-21,2025-02-10
TEAM182,Gamma Team,PRJ835,2023-07-25,AI-Recommended,EMP025,"EMP0275,EMP025,EMP146,EMP1824,EMP0384,EMP0234",6,"{""Logistics"": 3, ""Project"": 1, ""Operations"": 2}","{""Lead"": 2, ""Senior"": 3, ""Principal"": 1}",100.0,63.59,68.67618973166074,68.41618037506674,67.22,80.2365394692055,88.50359888869879,78.32385694411889,65.32002759266213,9.193913533815913,0.9631381441134967,6.638752500846656,True,186.70937055499476,False,8.7180949767299,96.78873977965048,4.005903403500447,0.8006255130300974,77.63722349258296,54.83,5.0,Great collaboration,,True,Completed,2024-04-09,Reorganization,2023-07-25,2024-12-18
TEAM183,Gamma Squad,PRJ959,2024-01-17,AI-Recommended,EMP1482,"EMP1783,EMP1175,EMP1482,EMP0287,EMP0927,EMP0555,EMP076",7,"{""Recruiter"": 1, ""HR"": 4, ""People"": 2}","{""Lead"": 2, ""Senior"": 3, ""Mid"": 2}",90.14,62.31,69.44476578816058,52.510477629379935,59.07,53.659033311959774,61.07964060178739,77.47462827451476,62.046560691387775,4.159049902960613,2.036185177736437,7.716589729543003,True,242.94929680596132,True,7.938043351704906,89.82398649834727,,1.1033512284231355,84.77642137260557,45.52,2.9575856702857877,Exceeded expectations,Clear roles helped,False,Completed,2025-03-03,Budget Cut,2024-01-17,2025-07-15
TEAM184,Sigma Team,PRJ959,2023-10-23,Manual,EMP1985,"EMP1652,EMP1985,EMP0744,EMP0988,EMP0326,EMP1272,EMP0428,EMP0469,EMP0563,EMP011",10,"{""People"": 2, ""HR"": 5, ""Recruiter"": 3}","{""Senior"": 5, ""Mid"": 5}",94.45,31.39,55.990372281805456,87.97256568784913,89.96,99.81743319736535,64.9113447830188,76.60096947979898,79.52856270486622,7.598872105341884,1.1004822782581354,6.861110551273089,True,160.64844753954412,True,9.242141944969626,91.66983912579359,5.93219586008532,0.9888863063044316,97.25863196293516,50.34,5.0,Exceeded expectations,Async communication worked well,True,Completed,2024-02-09,Reorganization,2023-10-23,2025-01-27
TEAM185,Alpha Crew,PRJ344,2025-01-07,AI-Recommended,EMP1819,"EMP0501,EMP1819,EMP166,EMP0871",4,"{""Senior"": 1, ""Team"": 2, ""QA"": 1}","{""Lead"": 2, ""Senior"": 2}",100.0,74.76,79.01526993848252,50.88817698789497,78.45,76.77245966583983,40.06343890073775,75.0232936348275,86.88976920612528,9.014619320314182,1.9772358944539143,7.736441938493294,True,31.9,True,7.687871187010933,90.83242761758125,6.395133222132899,1.0992475270527946,77.09460224356205,38.14,0.0,Exceeded expectations,,,Completed,2024-04-16,Reorganization,2025-01-07,2025-02-28
TEAM186,Gamma Unit,PRJ027,2024-04-25,Manual,EMP0221,"EMP1881,EMP0221,EMP1587,EMP121,EMP0911,EMP1139,EMP0719,EMP0491",8,"{""Marketing"": 5, ""SEO"": 1, ""Campaign"": 2}","{""Lead"": 3, ""Mid"": 3, ""Junior"": 1, ""Senior"": 1}",96.46,74.96,58.823351442736076,71.59818311565384,62.17,77.71761811419769,72.82656965311672,89.24101950057575,69.82384129419104,6.363998337927397,2.0572785888653606,6.57220832233202,True,328.3202932074671,False,6.393832416562484,78.53022606706949,6.48942765660116,1.2139076148987993,73.56757139676522,54.25,4.021497079557728,,Clear roles helped,True,Completed,2025-07-16,Budget Cut,2024-04-25,2025-10-08
TEAM187,Omega Force,PRJ570,2024-05-30,Hybrid,EMP1924,"EMP1866,EMP1924,EMP0769",3,"{""Graphic"": 3}","{""Lead"": 2, ""Senior"": 1}",100.0,100.0,59.824949285975144,58.444210781428374,65.45,95.65440827834631,68.00626867133384,58.036747397890196,48.63218815918174,5.697371342798033,0.0,7.8514575001893325,True,85.83240235447978,True,7.918066714577212,107.91245169986317,5.957435942678481,0.8938657135571003,79.29355138503335,56.3,4.150653091433824,Communication issues resolved,Need better docs,True,Completed,2024-12-30,Reorganization,2024-05-30,2025-11-04
TEAM188,Alpha Force,PRJ415,2025-01-01,Manual,EMP0684,"EMP0787,EMP0475,EMP162,EMP0283,EMP1993,EMP1537,EMP1747,EMP0684,EMP0273",9,"{""Graphic"": 3, ""UX"": 1, ""UI"": 5}","{""Mid"": 3, ""Junior"": 2, ""Lead"": 3, ""Senior"": 1}",94.03,63.85,93.11323880381192,99.53787186917519,85.81,95.6566876555597,61.62643796535178,64.42111440177723,56.59293734862552,7.02342700055271,2.935486982234547,6.898594183766313,True,234.19232186182393,True,6.505203380639655,109.94913460440783,7.051016392261034,0.9945774552186397,95.56037426780446,45.19,2.9145859244663788,Communication issues resolved,Clear roles helped,,Completed,2025-07-07,Budget Cut,2025-01-01,2025-11-09
TEAM189,Gamma Crew,PRJ844,2023-07-09,Manual,EMP1376,"EMP1138,EMP1376,EMP1243,EMP1145,EMP0999",5,"{""People"": 1, ""Recruiter"": 2, ""HR"": 2}","{""Principal"": 1, ""Lead"": 2, ""Senior"": 2}",84.5,83.71,78.1739250318065,63.262969830112084,61.55,89.44791140117839,71.83596750518069,70.030149330567,59.863304867332296,7.756668785054582,2.944290180286031,7.016663632796689,True,301.7513087505837,False,6.229488741003119,99.07831161577303,,0.8951415585681707,74.5230187609518,68.96,0.1699368730830967,Great collaboration,,True,Completed,2025-01-18,Reorganization,2023-07-09,2025-11-07
TEAM190,Alpha Squad,PRJ239,2023-08-10,Hybrid,EMP0924,"EMP146,EMP1077,EMP0924,EMP0242,EMP119",5,"{""Logistics"": 1, ""Sales"": 2, ""Business"": 1, ""QA"": 1}","{""Principal"": 2, ""Lead"": 3}",92.06,62.7,39.6376468855063,68.17801481758481,69.84,77.63033429417206,59.78332548759573,84.808391754826,59.26466858874262,8.325076381764228,1.893241861928271,7.16456917112446,True,248.36585779955783,True,4.8304988594761324,92.528864153126,7.797119393154942,1.1001116311637746,67.57167213662801,58.41,3.012594573238247,Communication issues resolved,Daily standups critical,True,Completed,2024-03-04,Budget Cut,2023-08-10,2025-05-23
TEAM191,Alpha Squad,PRJ152,2023-04-26,Hybrid,EMP1112,"EMP1512,EMP0635,EMP1729,EMP0392,EMP1382,EMP0988,EMP1984,EMP1985,EMP1112,EMP1879",10,"{""HR"": 5, ""People"": 2, ""Recruiter"": 3}","{""Principal"": 1, ""Mid"": 2, ""Lead"": 3, ""Senior"": 4}",100.0,62.57,70.2546524359676,81.33008343770162,76.74,79.86993237566256,90.25192518034554,63.25436443457783,93.54804723255505,7.67032099019024,2.8794917995126976,5.335128420516825,True,109.89774889025335,True,9.001231228415818,91.40351079200146,7.9627446690491634,1.1922735777658378,104.20567804884226,58.4,5.0,Great collaboration,,True,Completed,2024-02-28,Project Complete,2023-04-26,2026-03-05
TEAM192,Alpha Unit,PRJ451,2024-10-25,AI-Recommended,EMP0619,"EMP0373,EMP0619,EMP034,EMP0517,EMP1195,EMP0857",6,"{""Sales"": 3, ""Business"": 1, ""Logistics"": 2}","{""Principal"": 3, ""Lead"": 1, ""Senior"": 2}",100.0,80.28,55.26000947422107,61.03538712962683,85.14,84.65023075205482,75.41341530663766,98.56617459346859,91.80395711505155,5.826321813867195,2.0299731398530807,7.5889466846370155,True,146.9428152407604,False,5.697950688949911,92.46004836838395,8.64007209974994,0.8971562866954235,81.47707019683365,62.24,4.886825303918466,Exceeded expectations,Need better docs,False,Completed,2025-08-24,Project Complete,2024-10-25,2024-11-01
TEAM193,Alpha Force,PRJ138,2024-08-29,AI-Recommended,EMP156,"EMP1138,EMP0671,EMP0349,EMP1288,EMP0277,EMP1922,EMP156,EMP1984,EMP1994,EMP1163",10,"{""People"": 4, ""Recruiter"": 3, ""HR"": 3}","{""Principal"": 2, ""Lead"": 3, ""Senior"": 3, ""Mid"": 2}",100.0,63.06,98.69207265539684,77.55682363401996,81.83,74.73585089900588,55.433351805278704,71.387278313573,72.34868209475525,7.968045888275621,2.0086447849063847,9.089085870672584,True,169.60065192670575,True,6.348535429820941,92.8471287660903,7.141176913459594,0.9010756077069949,50.0,55.46,0.9778735826155036,Communication issues resolved,Async communication worked well,,Completed,2025-03-24,Project Complete,2024-08-29,2025-01-25
TEAM194,Delta Squad,PRJ948,2024-07-25,AI-Recommended,EMP1583,"EMP0232,EMP022,EMP1583,EMP1556",4,"{""Graphic"": 1, ""Product"": 1, ""UI"": 2}","{""Lead"": 4}",99.14,38.6,89.48501794260481,71.2071347316121,41.14,96.508380750767,69.87025879673202,92.87351213037168,37.55803581661089,4.580915113902897,1.0363325001678123,7.244314300278873,True,90.52777899100073,True,6.908234385449948,106.15872179023734,7.94106697333694,0.8956002847138181,85.89533600102266,72.68,0.0,,,True,Completed,2025-08-18,Project Complete,2024-07-25,2024-07-14
TEAM195,Sigma Crew,PRJ053,2024-12-26,AI-Recommended,EMP1864,"EMP0902,EMP1729,EMP1830,EMP1063,EMP0708,EMP1864,EMP1931,EMP1618,EMP0223,EMP1205",10,"{""Recruiter"": 1, ""People"": 2, ""HR"": 7}","{""Junior"": 1, ""Mid"": 4, ""Senior"": 3, ""Lead"": 1, ""Principal"": 1}",100.0,72.46,98.54718457570876,82.27715385026644,72.02,71.26765927425004,79.8692883586482,68.51274277558004,73.8179476913291,6.652027290207451,3.0,6.191139692964717,True,154.9197590142253,False,8.019047394868785,109.22104393911742,9.469375083678843,1.1856502717149897,74.24108304638473,47.39,2.8912913118603325,Exceeded expectations,Daily standups critical,True,Completed,2025-07-30,Project Complete,2024-12-26,2025-01-14
TEAM196,Gamma Force,PRJ435,2024-08-29,Hybrid,EMP0993,"EMP1045,EMP1064,EMP0216,EMP1305,EMP0993",5,"{""Financial"": 2, ""Finance"": 2, ""Accountant"": 1}","{""Mid"": 2, ""Senior"": 2, ""Principal"": 1}",88.51,100.0,71.42407811005907,72.5025777994892,89.06,70.88640244021812,77.0137676443893,99.185052526054,83.77512672173754,6.2008437006038255,1.016076524688799,7.3064577611119885,True,107.36511489427289,True,6.706997943578751,90.77429212468579,7.521377380251435,0.9104452130254314,79.6791765533481,53.86,3.9139101399975567,Exceeded expectations,Async communication worked well,,Completed,2025-03-19,Budget Cut,2024-08-29,2024-09-29
TEAM197,Beta Unit,PRJ842,2022-12-04,AI-Recommended,EMP0704,"EMP1799,EMP0293,EMP0704,EMP028,EMP0391,EMP1713,EMP1961,EMP0993",8,"{""Accountant"": 3, ""Financial"": 1, ""Finance"": 3, ""Controller"": 1}","{""Senior"": 4, ""Mid"": 1, ""Junior"": 1, ""Principal"": 2}",100.0,74.07,47.948258740803304,69.28586240396342,93.33,76.21106912083914,47.18729593957275,66.28078429744446,75.13491641466166,8.159065635875285,1.9361157701178007,7.818123646905414,True,330.60880878109435,True,9.181800741470063,100.36037463114874,7.5173491807251,0.9010105124241599,84.43202137794921,74.44,4.937754680916398,Communication issues resolved,Clear roles helped,True,Completed,2024-06-12,Reorganization,2022-12-04,2026-02-27
TEAM198,Sigma Squad,PRJ633,2024-07-29,AI-Recommended,EMP0895,"EMP1595,EMP1433,EMP1653,EMP0975,EMP0716,EMP1615,EMP1267,EMP0895,EMP0778,EMP0827",10,"{""DevOps"": 1, ""Team"": 4, ""Senior"": 3, ""Software"": 2}","{""Senior"": 2, ""Mid"": 6, ""Lead"": 2}",99.06,39.28,91.56922021184039,60.12751578183784,64.74,40.9,87.58923931602048,88.53041257374214,72.6688176854301,6.137133606396646,0.9157453835402771,8.176013301749782,True,217.05626329159952,False,9.61032994760699,97.68562376925573,7.336581051310021,1.1037756448062908,88.82455497138965,27.24,0.9507072586255526,,Daily standups critical,False,Completed,2025-09-26,Budget Cut,2024-07-29,2025-06-01
TEAM199,Alpha Crew,PRJ405,2023-10-02,AI-Recommended,EMP0266,"EMP1747,EMP0266,EMP0593,EMP0353,EMP0907,EMP1895,EMP1014,EMP0622,EMP132",9,"{""Graphic"": 2, ""UI"": 6, ""UX"": 1}","{""Lead"": 3, ""Mid"": 2, ""Senior"": 3, ""Junior"": 1}",100.0,61.01,78.91535551946117,63.98542730129839,80.31,63.331682911373456,78.844739030258,93.01858834470366,64.56940441424861,6.758151141341794,1.0625130240494345,8.36525665507947,True,201.8410140112431,False,6.015228790418417,104.11064859341698,9.944020649360997,1.0003527574200302,93.42945230261729,44.67,0.0005358694578780008,Exceeded expectations,Daily standups critical,True,Completed,2024-11-29,Project Complete,2023-10-02,2024-12-03
TEAM200,Sigma Unit,PRJ290,2024-01-27,AI-Recommended,EMP1252,"EMP1252,EMP079,EMP0847",3,"{""Recruiter"": 2, ""People"": 1}","{""Lead"": 2, ""Senior"": 1}",70.75,100.0,32.86903987459762,56.27037779075797,39.06,85.03817737218193,48.968809131614236,68.20185882642664,68.51292992564467,7.836741826172585,1.0416748521507257,7.233133947570607,True,113.06546971481139,True,8.673068934928196,95.93763423936805,6.435635529518199,0.997821231611438,93.67961361553553,52.7,1.1445179188336194,Communication issues resolved,Need better docs,True,Completed,2024-03-02,Budget Cut,2024-01-27,2025-12-02
TEAM201,Gamma Crew,PRJ548,2022-12-03,Manual,EMP1232,"EMP1280,EMP0275,EMP0978,EMP1232,EMP1731,EMP0664,EMP0237,EMP1002,EMP0377",9,"{""Logistics"": 6, ""Operations"": 3}","{""Lead"": 5, ""Senior"": 4}",100.0,30.42,98.83022217298749,88.86289924586595,70.37,77.62705411388016,88.65975582206221,75.8102881487186,65.6536617580646,6.744534213948313,3.0,7.827536605178452,True,195.18761822272168,True,9.996561515417667,84.58507212818868,6.784210129325192,1.3,72.18229340897621,53.98,4.984297883246246,Strong execution,,False,Completed,2024-02-16,Project Complete,2022-12-03,2025-09-20
TEAM202,Omega Crew,PRJ707,2024-06-03,AI-Recommended,EMP0970,"EMP073,EMP1398,EMP0970",3,"{""People"": 2, ""Recruiter"": 1}","{""Principal"": 1, ""Senior"": 1, ""Lead"": 1}",96.77,75.92,81.22733110247822,56.14836070602822,70.97,83.0626399592765,65.13209059823585,95.81023836568335,75.761079797831,6.061374558240608,0.983839473030243,5.850538021065253,,128.95074280798556,False,8.243493958811086,101.25265293508835,7.651830085336561,1.0145609201031631,85.51624816303331,45.04,3.9346045244108563,Exceeded expectations,Daily standups critical,True,Completed,2025-07-06,Project Complete,2024-06-03,2025-09-19
TEAM203,Omega Crew,PRJ201,2024-06-25,AI-Recommended,EMP1018,"EMP1125,EMP1526,EMP1276,EMP1018,EMP1572",5,"{""Product"": 1, ""Graphic"": 1, ""UX"": 1, ""UI"": 2}","{""Lead"": 4, ""Mid"": 1}",100.0,68.2,52.76631242141892,64.49182082192236,79.34,86.9227564856784,61.68072884815929,77.17791782481787,76.83031756851668,5.0231025082143965,1.9564523584980398,7.41762281914159,True,170.01775932133185,False,6.318621403359005,102.22477473198144,7.404982852605711,1.0061256213820333,78.06049558683904,49.36,3.08237617218442,Communication issues resolved,Need better docs,True,Completed,2025-07-06,Reorganization,2024-06-25,2025-08-04
TEAM204,Alpha Force,PRJ257,2024-10-31,Manual,EMP1256,"EMP1677,EMP0727,EMP1810,EMP1256,EMP0900,EMP0543,EMP0586,EMP0407,EMP0241",9,"{""Logistics"": 1, ""UI"": 1, ""Sales"": 4, ""Business"": 3}","{""Lead"": 6, ""Principal"": 1, ""Senior"": 1, ""Mid"": 1}",97.74,71.8,93.67447650485575,100.0,85.96,96.77007615684686,63.02629543260523,64.6558050812221,58.67797482675823,7.084269222300834,3.0,6.834977467026627,True,219.86398296333687,True,6.440385826620685,109.73154010077995,7.121823763188146,0.9925610207133866,96.54649804601996,60.25,3.031527833622081,Communication issues resolved,Clear roles helped,,Completed,2025-07-07,Budget Cut,2024-10-31,2025-10-16
TEAM205,Delta Squad,PRJ693,2023-11-04,Manual,EMP0643,"EMP0643,EMP1951,EMP0561,EMP1337,EMP1349,EMP1572,EMP023,EMP1106",8,"{""Graphic"": 3, ""UI"": 5}","{""Lead"": 5, ""Senior"": 3}",95.56,42.39,98.7033346820427,89.85934329392607,80.71,67.4076682519157,86.35117148347385,81.38460882053064,39.112922216993034,8.367067528542933,2.923302969486954,8.120774038073158,True,179.2507382861935,False,5.045510649452739,89.88059365378737,6.184243776409923,1.1926451243647116,64.67393512516261,56.77,0.8877284332152974,Exceeded expectations,Daily standups critical,False,Completed,2025-01-20,Reorganization,2023-11-04,2026-04-03
TEAM206,Omega Team,PRJ606,2023-04-17,Hybrid,EMP073,"EMP1783,EMP1068,EMP073",3,"{""Recruiter"": 2, ""People"": 1}","{""Lead"": 2, ""Principal"": 1}",90.19,100.0,66.10890352879966,58.29460395831487,45.19,56.29172060279145,97.45519492108546,69.96693165214766,84.62638041137514,7.570997081470407,1.9755985253545514,5.588815740584398,True,311.67298580203254,False,6.9608579733458615,96.40155674230382,8.028611144528643,1.198384486516388,94.41411548801413,74.66,2.0741209212861063,,,True,Completed,2024-10-07,Project Complete,2023-04-17,2026-01-12
TEAM207,Beta Crew,PRJ612,2023-08-31,AI-Recommended,EMP0252,"EMP008,EMP0273,EMP0252",3,"{""UI"": 3}","{""Lead"": 1, ""Senior"": 2}",98.93,100.0,69.06448765069871,80.05724469957987,80.51,77.93613487496633,51.465164722068785,72.70747434609105,78.1327980204131,7.554100949623837,3.0,7.600173874817752,True,50.107152119501926,True,5.611494822314937,98.45576992921384,6.743159091661902,1.0909715383319576,83.50948697995695,45.16,0.8178456151478829,Strong execution,,False,Completed,2024-05-26,Project Complete,2023-08-31,2024-09-15
TEAM208,Delta Team,PRJ053,2024-09-04,Hybrid,EMP0599,"EMP1926,EMP0955,EMP0732,EMP1008,EMP1770,EMP1155,EMP0599",7,"{""People"": 2, ""HR"": 4, ""Recruiter"": 1}","{""Principal"": 2, ""Junior"": 3, ""Senior"": 1, ""Lead"": 1}",96.47,87.87,89.52692195234083,98.29231197032266,84.55,100.0,68.11440070666428,60.52285250637953,74.37291398434647,8.93283595305037,1.0265511313400493,7.738804704409837,True,286.8693894694004,True,6.778282459814298,86.35901595274618,9.674829597141006,1.1011116154832028,74.71155167169233,44.48,4.927740972822295,Communication issues resolved,,False,Completed,2026-03-21,Project Complete,2024-09-04,2024-08-18
TEAM209,Sigma Crew,PRJ326,2024-11-27,Manual,EMP0774,"EMP1469,EMP0814,EMP0774,EMP1404,EMP1666,EMP0344,EMP0306",7,"{""DevOps"": 1, ""Team"": 4, ""Software"": 1, ""QA"": 1}","{""Senior"": 2, ""Mid"": 3, ""Lead"": 1, ""Junior"": 1}",99.35,89.07,56.321713910406324,79.93381091233138,78.48,76.90317218609046,52.194657945547995,87.76139162802107,85.75443335790125,8.284278474830476,1.9420570170018985,7.746929506626114,,49.91254685393476,False,9.664396390972595,93.31964338601458,7.849803540322043,1.1134693412436178,113.82036985114485,29.25,4.9489206157233205,Strong execution,Need better docs,False,Completed,2025-01-09,Project Complete,2024-11-27,2025-09-06
TEAM210,Beta Crew,PRJ515,2023-08-30,AI-Recommended,EMP0499,"EMP0293,EMP1760,EMP0499",3,"{""Financial"": 1, ""Controller"": 1, ""Finance"": 1}","{""Mid"": 1, ""Principal"": 1, ""Senior"": 1}",97.79,100.0,68.05402400149318,78.797344688487,68.58,78.7133053260058,50.01765611274368,71.8070616585986,77.5324804338988,7.577768978514168,3.0,7.612177520999141,True,53.95538936689499,True,5.5144602255919235,98.3312583694682,6.832434242479435,1.1018789944831198,84.1757203938081,47.92,0.9440707956133133,Strong execution,,False,Completed,2024-05-26,Project Complete,2023-08-30,2024-04-28
TEAM211,Gamma Unit,PRJ683,2024-07-26,Manual,EMP1985,"EMP1994,EMP0437,EMP106,EMP1704,EMP1985,EMP1411",6,"{""Recruiter"": 3, ""HR"": 3}","{""Lead"": 3, ""Senior"": 2, ""Mid"": 1}",84.67,73.6,63.756802120947256,63.840808622729064,91.46,88.95748962223034,56.98214104144357,72.12587791345516,76.27755370328539,6.0547173545690285,3.0,5.519937475835648,True,106.39174124956429,True,10.0,109.81392408940681,6.653672663581719,0.9957040340613672,77.85056589473916,55.29,4.876317866454439,Communication issues resolved,Daily standups critical,True,Completed,2025-02-09,Reorganization,2024-07-26,2025-05-03
TEAM212,Delta Crew,PRJ869,2024-05-28,Manual,EMP0278,"EMP1499,EMP0859,EMP1029,EMP0278,EMP0818,EMP1061,EMP151,EMP1574,EMP1465",9,"{""DevOps"": 3, ""Team"": 4, ""QA"": 1, ""Software"": 1}","{""Senior"": 6, ""Mid"": 3}",99.16,34.18,46.50947326983853,56.09547400672212,70.52,73.00696919367321,79.19106123202202,78.83131422818984,53.980814940151994,9.624151040181806,0.0,7.381395614886851,,90.3216649107563,True,8.714499719295866,99.93405886147863,7.010730481129182,0.9971101999787106,72.58581998917174,33.99,0.9373815701626487,Strong execution,Need better docs,True,Completed,2024-06-29,Budget Cut,2024-05-28,2024-07-11
TEAM213,Alpha Squad,PRJ670,2023-11-29,Hybrid,EMP0729,"EMP0619,EMP0396,EMP0439,EMP0729,EMP1238,EMP0836,EMP0707,EMP1109,EMP1111,EMP0794",10,"{""Business"": 1, ""Sales"": 1, ""Finance"": 5, ""Accountant"": 3}","{""Lead"": 2, ""Senior"": 5, ""Junior"": 3}",100.0,50.34,68.80770506587895,82.28494080605381,77.25,79.00031168525898,90.55699104770653,64.1636470187534,93.1891984929144,7.799388381342253,3.0,5.274298468489037,True,107.68461723125296,True,9.037284068371639,91.27263839826892,7.975316824941007,1.2101431729682233,104.87006324581472,62.25,5.0,Great collaboration,,True,Completed,2024-02-28,Project Complete,2023-11-29,2026-03-07
TEAM214,Beta Force,PRJ594,2023-08-30,AI-Recommended,EMP0951,"EMP0690,EMP0818,EMP0951,EMP1829,EMP165,EMP102",6,"{""Team"": 4, ""QA"": 2}","{""Senior"": 2, ""Mid"": 3, ""Lead"": 1}",100.0,69.83,35.52437837346268,80.20200830248933,75.74,66.56646487416083,48.409901736186264,72.66332318712917,80.08085046332849,6.306009394539726,0.05435654408358669,6.343595630435849,True,116.93093318741671,True,7.465203454297834,111.31438040893251,,0.8107239559577643,99.69994090951515,42.15,3.891586169043379,Exceeded expectations,Need better docs,False,Completed,2024-01-30,Budget Cut,2023-08-30,2025-06-24
TEAM215,Alpha Crew,PRJ410,2024-07-17,Manual,EMP1296,"EMP1665,EMP1604,EMP0486,EMP1296",4,"{""SEO"": 3, ""Campaign"": 1}","{""Senior"": 4}",97.34,41.62,81.10945004432406,81.42275593770907,75.68,61.61185899367382,46.52281836430215,86.29315116770691,58.9706993663877,7.152438986376604,2.940398466720485,6.744690963167936,True,113.54286625835147,False,7.252219677821975,99.81247592425859,,1.2996619793178046,53.4752977384379,72.31,3.057189841171648,Communication issues resolved,Clear roles helped,,Completed,2025-01-03,Project Complete,2024-07-17,2024-10-13
TEAM216,Beta Unit,PRJ819,2024-04-16,Manual,EMP181,"EMP1612,EMP0220,EMP0997,EMP138,EMP181,EMP0816,EMP1391,EMP074",8,"{""SEO"": 3, ""Marketing"": 2, ""Campaign"": 3}","{""Mid"": 6, ""Senior"": 2}",98.15,41.69,54.583927752266625,54.64775279942788,73.23,63.27080638132327,39.948881113301304,99.56953353141202,63.392448650024576,5.915721164884992,2.9657306612848284,8.163609816017875,True,55.01548724679861,True,6.877419148027614,92.62834475422694,,0.9900062216204394,83.16060589847915,49.52,2.0078859926503294,Communication issues resolved,Async communication worked well,,Completed,2024-10-12,Budget Cut,2024-04-16,2025-11-08
TEAM217,Sigma Unit,PRJ843,2023-11-07,Hybrid,EMP0708,"EMP1783,EMP1068,EMP0349,EMP0708,EMP0469",5,"{""Recruiter"": 2, ""HR"": 3}","{""Lead"": 3, ""Senior"": 1, ""Mid"": 1}",100.0,79.9,63.11900599456042,61.531566889494805,53.67,71.56085629653697,60.796012807652595,85.93960514577184,66.94748100059698,8.291586455570545,0.0,8.883537595020444,True,259.6671913041863,True,7.8359550097169395,93.19657773088962,7.745067595853127,0.9081596501573644,108.99462905354548,59.24,1.0766551228590402,Great collaboration,Daily standups critical,,Completed,2024-10-07,Reorganization,2023-11-07,2025-05-09
TEAM218,Gamma Unit,PRJ127,2023-09-17,Hybrid,EMP1244,"EMP136,EMP1857,EMP1244,EMP1558,EMP1470,EMP0776",6,"{""Account"": 1, ""Logistics"": 2, ""Operations"": 3}","{""Lead"": 4, ""Principal"": 1, ""Senior"": 1}",95.21,74.46,76.06811346629736,73.05306723184816,78.81,84.3767469670307,91.58233974451741,71.55830300399866,83.11120409439873,8.180008146099107,2.974224150628661,6.77281849766512,True,180.6064672990786,True,7.611028154238402,96.58361207629412,7.930610251152389,1.3,99.46152364720386,55.84,0.971798330740177,Great collaboration,,True,Completed,2024-05-15,Project Complete,2023-09-17,2025-01-03
TEAM219,Sigma Squad,PRJ812,2024-08-13,AI-Recommended,EMP1425,"EMP031,EMP1341,EMP0654,EMP0936,EMP0637,EMP1425,EMP1360,EMP1989,EMP1320,EMP0284",10,"{""Operations"": 4, ""Logistics"": 5, ""Sales"": 1}","{""Lead"": 2, ""Principal"": 3, ""Senior"": 3, ""Mid"": 2}",100.0,56.85,92.41201156403443,59.19796514132722,82.89,41.08542845714213,86.62396778466393,88.23054217656669,72.51890343840323,6.050426408212819,0.9870406763727985,8.192834033672032,True,218.4058414671359,False,9.82489719903774,98.31492078316195,7.277878159274828,1.0894483020811219,87.71094119378778,69.56,0.982443672512135,,Daily standups critical,False,Completed,2025-09-26,Budget Cut,2024-08-13,2025-06-28
TEAM220,Delta Squad,PRJ295,2025-08-27,AI-Recommended,EMP0392,"EMP0392,EMP1926,EMP1252,EMP0556",4,"{""Recruiter"": 2, ""People"": 1, ""HR"": 1}","{""Lead"": 2, ""Principal"": 1, ""Senior"": 1}",91.07,98.88,89.08266499237865,70.5799886367145,71.34,96.00125637498233,69.14521378747423,93.17046016961709,37.008027740528696,4.518742518470658,0.9061049173986846,7.178981444192596,True,97.41105035899965,True,7.092371871415945,106.0419867112013,7.8848267405045,0.9019259553808439,86.73812951545455,63.64,0.0,,,True,Completed,2025-08-18,Project Complete,2025-08-27,2024-07-12
TEAM221,Delta Unit,PRJ923,2022-12-11,Hybrid,EMP156,"EMP063,EMP106,EMP1456,EMP172,EMP0308,EMP156,EMP1295",7,"{""HR"": 4, ""Recruiter"": 2, ""People"": 1}","{""Senior"": 1, ""Lead"": 1, ""Mid"": 2, ""Junior"": 1, ""Principal"": 2}",100.0,100.0,77.85250299151207,51.50922581488201,88.55,61.1354688282489,75.55967983408492,88.03427338900632,78.98092482607137,4.924493851909463,0.0,7.234012168682894,True,86.39180651824147,True,6.653530875564926,91.43869633533879,7.986445233358731,1.206970448386236,68.4277752354863,54.45,0.0,Strong execution,Daily standups critical,,Completed,2023-09-10,Budget Cut,2022-12-11,2025-08-27
TEAM222,Omega Force,PRJ396,2023-10-22,Hybrid,EMP1607,"EMP0638,EMP1013,EMP1607,EMP0565,EMP0820,EMP0593",6,"{""Graphic"": 4, ""Product"": 1, ""UI"": 1}","{""Lead"": 2, ""Senior"": 1, ""Mid"": 2, ""Junior"": 1}",93.88,92.09,51.10580602686839,85.3817897988813,61.78,81.33271626274302,88.03642694162679,86.39608102320214,79.32660505142182,5.489929561816616,2.0315336606760996,9.111792741495984,True,201.8120202967412,True,6.728835228200101,90.63652385654748,6.4713309006743405,0.8955429099561315,98.70407653686715,63.27,1.039648736279988,Great collaboration,Daily standups critical,True,Completed,2024-11-03,Project Complete,2023-10-22,2024-11-15
TEAM223,Alpha Unit,PRJ556,2024-09-22,Hybrid,EMP173,"EMP173,EMP0621,EMP0900,EMP0756,EMP1403,EMP1195,EMP0356",7,"{""Business"": 4, ""Accountant"": 1, ""Account"": 1, ""Logistics"": 1}","{""Lead"": 5, ""Principal"": 2}",88.36,44.05,74.35222494965116,99.21623831453542,78.26,62.19447777402121,74.0564447435392,72.65247257347218,64.77365284495784,8.000487314255652,3.0,8.08290449966495,True,192.6485349886475,True,6.279012977444383,88.29205136868731,9.644365650419228,0.8,57.07803895966757,64.39,3.9221663201053922,Strong execution,Clear roles helped,True,Completed,2025-08-31,Project Complete,2024-09-22,2024-10-02
TEAM224,Beta Unit,PRJ557,2024-08-15,Manual,EMP156,"EMP1175,EMP1386,EMP1324,EMP086,EMP156,EMP1882,EMP1421,EMP1783",8,"{""HR"": 7, ""Recruiter"": 1}","{""Senior"": 1, ""Mid"": 5, ""Principal"": 1, ""Lead"": 1}",100.0,81.2,54.95374989527167,55.21984790592574,88.14,64.16080795492512,41.05038759743795,100.0,61.589223266537836,5.974319442746302,3.0,8.163393969458992,True,49.71546607640313,True,6.963580226406978,92.49982839369865,,1.0134717595049372,81.8520121560187,51.09,2.147078689565547,Communication issues resolved,Async communication worked well,,Completed,2024-10-12,Budget Cut,2024-08-15,2026-03-11
TEAM225,Alpha Unit,PRJ822,2022-12-24,AI-Recommended,EMP1942,"EMP0210,EMP1942,EMP0355",3,"{""Team"": 2, ""Software"": 1}","{""Senior"": 2, ""Mid"": 1}",100.0,87.92,52.762828383015425,79.78479383574775,83.3,59.927535447388124,57.71987999964017,70.23833361951145,70.02616048596882,6.217980788438382,2.020760634603403,8.427216617541852,True,296.76326173881597,False,9.189419507022796,116.74038720600407,5.486158078498571,1.191373961966202,91.87701377248382,38.02,4.977853713759357,Strong execution,,False,Completed,2024-05-06,Reorganization,2022-12-24,2024-09-18
TEAM226,Omega Squad,PRJ073,2024-09-22,Manual,EMP0281,"EMP0281,EMP1825,EMP1244,EMP1010,EMP1892,EMP0572,EMP0203,EMP190",8,"{""Logistics"": 3, ""Operations"": 5}","{""Principal"": 1, ""Senior"": 5, ""Lead"": 2}",92.57,55.4,84.53043773037226,83.79789093936915,72.29,92.31366511263886,94.2879370428759,65.77358273153271,85.81607702985917,7.573933489179448,0.9327064109029998,8.293669655735863,True,101.54972511232569,False,8.29792651094232,98.94028295996355,9.866842811012338,0.9978599847392332,86.3403641138206,70.22,2.039477139934056,Communication issues resolved,Daily standups critical,False,Completed,2025-06-16,Budget Cut,2024-09-22,2026-01-03
TEAM227,Gamma Crew,PRJ896,2023-11-26,Manual,EMP1607,"EMP0230,EMP0575,EMP0213,EMP1607,EMP0775",5,"{""Product"": 1, ""Graphic"": 2, ""UX"": 1, ""UI"": 1}","{""Lead"": 3, ""Senior"": 1, ""Mid"": 1}",91.91,99.4,77.93575495494447,62.94121180362006,52.89,89.86926937683691,71.83809659048019,69.35439493977033,59.47356783675758,7.759194634324134,2.972122976642835,6.9796066207539145,True,298.3880969611631,False,6.2666678399104265,98.91411295533332,,0.8967382613999954,76.3545161331971,48.96,0.186563577315204,Great collaboration,,True,Completed,2025-01-18,Reorganization,2023-11-26,2026-01-21
TEAM228,Delta Squad,PRJ903,2024-09-01,AI-Recommended,EMP0926,"EMP0955,EMP0241,EMP0926,EMP1068,EMP1954,EMP1439",6,"{""HR"": 1, ""Sales"": 1, ""Business"": 2, ""Recruiter"": 1, ""Logistics"": 1}","{""Principal"": 2, ""Lead"": 4}",100.0,46.49,92.24475557325113,87.24196491721871,64.84,61.69573155372815,55.812920489134626,75.99479681945807,50.47848289021147,5.170054297345775,1.9726842520222851,6.65791609722497,True,82.03115033672516,True,9.160551749608079,110.16346526036973,7.25213388745957,1.1975455459355386,80.60654633760112,55.6,5.0,Communication issues resolved,Need better docs,True,Completed,2025-04-02,Project Complete,2024-09-01,2025-08-24
TEAM229,Alpha Unit,PRJ538,2025-09-21,AI-Recommended,EMP0900,"EMP0926,EMP0242,EMP1573,EMP0783,EMP0900,EMP171",6,"{""Business"": 4, ""Sales"": 1, ""Accountant"": 1}","{""Lead"": 4, ""Principal"": 2}",100.0,52.68,55.97153294293575,61.179225337303365,85.49,84.28058997977111,75.57590066403012,99.10124519921683,92.20636617931467,5.773957455710172,1.9127406273514767,7.631429169695036,True,159.30346996267394,False,5.747860631762748,91.996546467226,8.539768201924735,0.896212713415693,82.12885478746743,66.41,4.94183617684698,Exceeded expectations,Need better docs,False,Completed,2025-08-24,Project Complete,2025-09-21,2024-07-14
TEAM230,Beta Crew,PRJ414,2024-06-12,AI-Recommended,EMP0671,"EMP1672,EMP1913,EMP079,EMP1729,EMP0671,EMP1137,EMP1926,EMP0879",8,"{""Recruiter"": 4, ""People"": 4}","{""Lead"": 4, ""Mid"": 2, ""Principal"": 1, ""Senior"": 1}",100.0,75.35,38.8744387925816,66.2042854832307,79.92,91.51359927909122,69.44729101330196,60.26480809324602,91.60346973218019,6.572807365710418,2.1364578821766766,6.277032552147779,True,83.72318887689832,False,9.71174004422916,94.36778865198622,8.969350836436858,1.1887537828878068,84.95824300622962,54.02,2.970834618045424,Communication issues resolved,Clear roles helped,True,Completed,2024-11-23,Reorganization,2024-06-12,2024-12-15
TEAM231,Omega Force,PRJ848,2023-11-18,Manual,EMP0900,"EMP136,EMP0900,EMP0756,EMP0936,EMP0599",5,"{""Account"": 1, ""Business"": 2, ""Logistics"": 1, ""Recruiter"": 1}","{""Lead"": 4, ""Principal"": 1}",100.0,56.2,50.55690945419706,75.44268078269079,78.2,84.83097286960712,70.74706652246404,91.56177170402253,72.67841964448681,6.854763094910047,0.06484962969105466,6.511671872936704,,339.6978721595719,True,8.734890864802333,96.48520679010879,8.245108110649994,1.1992054037406286,75.52483399424904,53.48,0.08212539952959681,,,True,Completed,2025-03-24,Reorganization,2023-11-18,2025-10-13
TEAM232,Omega Team,PRJ625,2024-02-26,Hybrid,EMP1214,"EMP1175,EMP1076,EMP0708,EMP0287,EMP1214",5,"{""HR"": 3, ""Recruiter"": 1, ""People"": 1}","{""Senior"": 3, ""Lead"": 2}",100.0,57.98,78.63725961180742,70.60334346432296,83.73,82.12617688025165,64.12502534244774,38.75499886098658,85.49453382184373,5.493527788424129,0.0,6.335963562842207,True,113.19622223106124,False,8.344805863110896,86.85679536654254,5.870781306723843,1.108107510938826,107.73301357548198,56.15,1.9545073755683158,Exceeded expectations,Daily standups critical,True,Completed,2024-06-28,Project Complete,2024-02-26,2026-01-26
TEAM233,Delta Team,PRJ178,2024-04-09,Hybrid,EMP1664,"EMP0529,EMP0246,EMP1664",3,"{""Account"": 1, ""Sales"": 2}","{""Lead"": 2, ""Senior"": 1}",99.28,100.0,87.11436336963433,70.47376703134783,78.11,80.54612234761447,62.91332161522218,97.26368783806446,80.8213620912051,6.723155987553849,1.985157768455488,8.245362897323954,True,331.88019319269836,True,6.666592112194341,105.46643321716265,9.211320350626734,0.8980131818654608,75.76302176634897,83.03,2.073388365969628,Great collaboration,,True,Completed,2025-11-18,Budget Cut,2024-04-09,2025-08-06
TEAM234,Gamma Force,PRJ975,2024-11-15,Hybrid,EMP0211,"EMP0211,EMP192,EMP1326,EMP1228,EMP0518,EMP1301,EMP0739,EMP1978",8,"{""Senior"": 2, ""Team"": 3, ""DevOps"": 3}","{""Lead"": 1, ""Junior"": 1, ""Mid"": 3, ""Senior"": 3}",90.43,83.28,72.74416621601101,89.81116291917208,71.0,71.76451847038928,76.8965381262181,68.79393899467128,79.23680331237159,7.988320044123,1.9983325214165704,7.8970925951774245,True,103.23642632043774,True,8.369197945336815,105.53813142294781,5.49733128374226,1.0147312823995576,86.01178485774896,26.85,0.9427190107441387,Great collaboration,Daily standups critical,True,Completed,2024-07-25,Budget Cut,2024-11-15,2024-10-06
TEAM235,Gamma Crew,PRJ313,2024-01-28,Manual,EMP1953,"EMP1953,EMP0355,EMP0256,EMP1909,EMP0827,EMP1404,EMP0301,EMP080,EMP1970",9,"{""Software"": 2, ""Team"": 5, ""DevOps"": 1, ""Senior"": 1}","{""Lead"": 1, ""Mid"": 4, ""Senior"": 3, ""Junior"": 1}",100.0,69.13,99.10749254762146,89.3647414876137,69.47,79.28087296952556,88.97524844833973,77.03059992476152,63.55406389434123,6.660260036798224,2.919193972965682,7.9003445678772035,True,192.94369664496764,True,10.0,84.15622609524503,6.765189324511968,1.2964855207961123,71.2007677554123,42.65,4.950698455805323,Strong execution,,False,Completed,2024-02-16,Project Complete,2024-01-28,2026-04-04
TEAM236,Omega Team,PRJ170,2023-08-05,Hybrid,EMP0307,"EMP0811,EMP0574,EMP0307,EMP0874,EMP0224",5,"{""Marketing"": 3, ""Campaign"": 2}","{""Mid"": 3, ""Senior"": 1, ""Lead"": 1}",100.0,91.29,80.5107174067237,69.1854632328309,91.48,82.3088602884119,65.26980808788053,38.1,86.91662439059613,5.5750617611339965,0.0,6.444713950124242,True,119.81709238673113,False,8.267829310133447,87.22372880723906,5.891022803537243,1.0882131908636985,107.08289686971972,56.4,2.0312302702195844,Exceeded expectations,Daily standups critical,True,Completed,2024-06-28,Project Complete,2023-08-05,2025-10-21
TEAM237,Omega Crew,PRJ360,2024-05-05,Manual,EMP1036,"EMP1152,EMP0230,EMP1036",3,"{""UI"": 1, ""Product"": 1, ""Graphic"": 1}","{""Lead"": 2, ""Senior"": 1}",83.06,77.06,66.76373869502417,56.7107798066198,64.81,70.42853367786297,64.09602274179282,65.64487962690058,89.62012941361371,7.475874600370072,1.9180675755243013,5.394292169098074,True,70.40997327831946,False,8.942884340874201,98.67514247302233,7.843947495849759,0.8093892665362344,77.30489992177336,52.97,0.0,Exceeded expectations,Need better docs,False,Completed,2023-12-07,Budget Cut,2024-05-05,2024-09-22
TEAM238,Delta Unit,PRJ691,2025-04-25,Hybrid,EMP1010,"EMP1573,EMP0275,EMP107,EMP0547,EMP1010,EMP0467,EMP104",7,"{""Accountant"": 1, ""Logistics"": 2, ""Operations"": 4}","{""Principal"": 1, ""Lead"": 2, ""Senior"": 4}",99.26,67.52,68.2568037720067,67.9467997368799,61.34,81.85277831118961,75.83872423065017,85.95717065878819,69.2615522819841,5.51629754162155,2.019582804160615,7.561833608225472,True,71.90289355528319,True,9.492089773258046,91.98950314466326,6.118348376814973,1.2987003560058223,80.07195365387213,58.74,2.969745642314114,Great collaboration,,True,Completed,2025-03-20,Reorganization,2025-04-25,2025-05-18
TEAM239,Beta Team,PRJ466,2024-02-19,Hybrid,EMP1655,"EMP1655,EMP1469,EMP0767,EMP1701,EMP1804,EMP0505,EMP0853,EMP1668",8,"{""Senior"": 1, ""DevOps"": 1, ""Team"": 4, ""QA"": 2}","{""Lead"": 1, ""Senior"": 4, ""Mid"": 2, ""Junior"": 1}",97.44,64.6,53.43062189468117,72.02607990279354,72.42,75.32992557355908,87.09756828399686,89.18977525821934,99.69617506318725,5.514809432567486,0.0,7.629600012311396,,283.7692765754315,True,8.109129502707685,91.95109144247716,9.331196972005579,0.8,68.9969651220736,41.93,5.0,Strong execution,Daily standups critical,True,Completed,2025-06-20,Reorganization,2024-02-19,2024-04-03
TEAM240,Alpha Unit,PRJ532,2025-11-10,Hybrid,EMP1487,"EMP1487,EMP1249,EMP1336,EMP1015,EMP1179,EMP0750,EMP1301",7,"{""Senior"": 1, ""Team"": 2, ""QA"": 2, ""DevOps"": 2}","{""Lead"": 2, ""Mid"": 2, ""Senior"": 3}",99.68,63.02,74.87736386249708,100.0,47.5,63.157640907994065,74.81031413080977,72.45657347532402,65.70094748523874,8.04930920486067,2.973724619712483,8.069694225502309,True,187.35621953910518,True,6.217861475626092,88.92206054278438,9.650005911508146,0.8,58.02033139013349,39.55,4.088038339761591,Strong execution,Clear roles helped,True,Completed,2025-08-31,Project Complete,2025-11-10,2024-08-09
TEAM241,Sigma Unit,PRJ644,2024-02-19,Hybrid,EMP125,"EMP1125,EMP125,EMP1049,EMP0643",4,"{""Product"": 1, ""Graphic"": 2, ""UI"": 1}","{""Lead"": 3, ""Senior"": 1}",94.94,78.1,84.09542421432222,70.77106029592724,64.54,64.16251642229665,92.44059231880541,95.8779313504401,93.81710395250887,7.136617624122995,2.909603501992793,8.56550570841343,True,303.8210649778151,False,6.4392288172434045,108.90906656005495,8.354839268524858,0.8095826718391469,82.11264039567503,54.86,0.8791674517916362,,Async communication worked well,,Completed,2025-01-13,Budget Cut,2024-02-19,2026-01-11
TEAM242,Sigma Team,PRJ558,2023-01-08,Manual,EMP134,"EMP1195,EMP134,EMP0511,EMP0936,EMP1322,EMP0384,EMP1674,EMP0546,EMP0366,EMP031",10,"{""Logistics"": 6, ""Operations"": 4}","{""Principal"": 2, ""Lead"": 2, ""Senior"": 6}",97.65,44.38,56.289643059671256,86.75972747610115,61.34,100.0,62.515365386691684,76.88972994310875,78.74077669231922,7.561626456339043,1.0256535474233182,7.042282384180442,True,158.75338485437217,True,9.26297501452428,92.18351795128522,5.9040739660793005,1.0101460297263134,96.00302327162798,54.0,5.0,Exceeded expectations,Async communication worked well,True,Completed,2024-02-09,Reorganization,2023-01-08,2025-02-28
TEAM243,Delta Squad,PRJ419,2024-12-14,Manual,EMP0921,"EMP0342,EMP0921,EMP1597,EMP0637,EMP1108,EMP0367,EMP0994,EMP0238",8,"{""Logistics"": 5, ""Operations"": 2, ""Project"": 1}","{""Senior"": 4, ""Lead"": 2, ""Mid"": 1, ""Principal"": 1}",94.31,70.81,93.00956666185833,71.53065842953797,70.42,64.9336702561178,65.12618985562635,68.20322133721292,57.00019505400831,10.0,0.006695481823346718,8.389354957013829,True,58.71958701088111,True,7.49101215663972,88.83232384332358,7.782957073022387,0.8073049998874563,102.83495783688217,60.08,3.8743480226703277,Communication issues resolved,Clear roles helped,,Completed,2024-09-02,Project Complete,2024-12-14,2025-08-13
TEAM244,Gamma Squad,PRJ541,2025-01-05,Manual,EMP1497,"EMP1497,EMP0870,EMP0272,EMP1597,EMP093,EMP055",6,"{""Sales"": 1, ""Logistics"": 1, ""Operations"": 4}","{""Principal"": 1, ""Senior"": 3, ""Lead"": 2}",100.0,75.64,64.32851816204206,77.96695911050558,64.99,87.0197792768292,82.52178490434176,72.70843715826007,89.33311603808035,6.906430174490874,2.9189251728638834,7.4538554469235025,True,160.02251789806084,True,6.618535383001179,115.87701001235057,7.3553630687155245,1.3,95.51875163301784,57.51,1.1097404581669286,Great collaboration,Daily standups critical,True,Completed,2024-09-18,Reorganization,2025-01-05,2025-04-15
TEAM245,Omega Crew,PRJ961,2024-06-08,Manual,EMP0760,"EMP0760,EMP1715,EMP0364",3,"{""Accountant"": 1, ""Finance"": 2}","{""Principal"": 1, ""Senior"": 2}",100.0,100.0,65.2120196736331,57.07516495209051,76.88,71.2020862583239,62.98328910033393,65.02651822326727,87.95181453886465,7.521107657816297,1.9678282695364795,5.465260262168899,True,75.69991435143004,False,9.041565373637043,99.38307218447419,7.979639467966401,0.8,76.8540708383943,68.84,0.05743226274814166,Exceeded expectations,Need better docs,False,Completed,2023-12-07,Budget Cut,2024-06-08,2024-07-25
TEAM246,Alpha Crew,PRJ707,2024-10-07,Manual,EMP1376,"EMP1137,EMP1068,EMP169,EMP1376",4,"{""Recruiter"": 3, ""HR"": 1}","{""Lead"": 3, ""Senior"": 1}",100.0,64.29,83.01673278389023,81.82900110353137,61.45,62.208830866712596,47.788551567565065,86.81246052057925,59.05190239018995,7.184145747811851,3.0,6.59946158098159,True,103.52059053859676,False,7.223639886738451,99.63463276986347,,1.3,52.40224279863641,57.9,2.9839259023202853,Communication issues resolved,Clear roles helped,,Completed,2025-01-03,Project Complete,2024-10-07,2025-03-04
TEAM247,Delta Force,PRJ336,2024-02-18,AI-Recommended,EMP1849,"EMP0941,EMP1196,EMP0954,EMP0473,EMP1849,EMP1961,EMP0729",7,"{""Accountant"": 3, ""Financial"": 1, ""Finance"": 2, ""Controller"": 1}","{""Senior"": 4, ""Mid"": 1, ""Principal"": 2}",100.0,72.96,61.296493310761406,70.8209004659167,76.79,52.02419908392644,80.36886621613714,72.09243333636407,67.5484065242149,8.78159627499433,1.0112655009641949,6.837700084702593,True,78.72056759809367,True,8.522174190132628,114.30692301388389,7.019044936482668,1.104595166306307,85.1112821077009,77.25,5.0,,,True,Completed,2025-02-06,Project Complete,2024-02-18,2025-12-15
TEAM248,Alpha Unit,PRJ569,2024-03-26,Manual,EMP0760,"EMP0760,EMP069,EMP1292,EMP1299,EMP1827,EMP1855,EMP0320",7,"{""Accountant"": 2, ""Finance"": 3, ""Financial"": 2}","{""Principal"": 2, ""Senior"": 5}",93.03,44.93,71.09401197552678,70.78604258331526,68.93,100.0,73.06642399202211,82.99984532199643,75.67852559795867,7.494076534849646,3.0,8.706030913875805,True,45.925758780767815,False,7.599339102385573,99.10437540747988,,1.1969988873348607,89.01043013777866,72.95,1.0274310962750595,Great collaboration,,False,Completed,2024-07-01,Reorganization,2024-03-26,2025-08-10
TEAM249,Omega Squad,PRJ962,2024-10-14,Hybrid,EMP156,"EMP1068,EMP0659,EMP156",3,"{""Recruiter"": 1, ""People"": 1, ""HR"": 1}","{""Lead"": 1, ""Senior"": 1, ""Principal"": 1}",100.0,84.72,89.68705910994575,62.05394645335095,73.81,94.70945157390396,79.26834581991,55.11033708134941,50.2892563172969,5.658417646304508,1.9570000116911492,7.839237065816789,True,79.53187266846773,True,6.744154158578948,85.36842943468399,9.049661527904897,1.096978157466343,94.2636265931446,46.26,3.7876377323947485,Strong execution,,False,Completed,2025-02-04,Project Complete,2024-10-14,2025-07-31
TEAM250,Omega Crew,PRJ703,2024-04-11,AI-Recommended,EMP0378,"EMP0257,EMP1755,EMP004,EMP1840,EMP0378",5,"{""Software"": 1, ""Team"": 3, ""Senior"": 1}","{""Lead"": 3, ""Mid"": 1, ""Senior"": 1}",98.13,87.44,53.522457345001946,63.36560067187137,89.12,85.41503597547637,61.12115799121294,77.67942278809313,76.23148525037074,4.956324830750178,1.9822506294223174,7.4136015020538935,True,171.99240969464384,False,6.354839002764841,101.83872565159608,7.3932116960742045,0.9947230188298493,77.23326119357938,36.22,2.926812544179198,Communication issues resolved,Need better docs,True,Completed,2025-07-06,Reorganization,2024-04-11,2025-05-14
TEAM251,Sigma Unit,PRJ884,2023-06-18,AI-Recommended,EMP1252,"EMP0636,EMP1252,EMP076",3,"{""HR"": 2, ""Recruiter"": 1}","{""Senior"": 1, ""Lead"": 2}",79.42,95.49,35.087803279395395,56.19910259577097,44.92,86.03251203821864,47.92997686718189,67.97564672757436,68.43415748624248,7.971852491816351,1.0811999140708002,7.140828275001581,True,118.4978169791458,True,8.68704194372611,96.6263650478091,6.45333907931271,0.9994364820695625,94.22913966639598,32.73,0.9932315036799312,Communication issues resolved,Need better docs,True,Completed,2024-03-02,Budget Cut,2023-06-18,2025-10-03
TEAM252,Gamma Team,PRJ943,2024-03-20,Manual,EMP0684,"EMP1152,EMP0684,EMP0273,EMP1758,EMP1412,EMP1079",6,"{""UI"": 5, ""Graphic"": 1}","{""Lead"": 3, ""Senior"": 3}",83.03,49.53,50.80843493318603,67.02776999089481,81.97,64.38032016025198,78.37923026315525,94.46060459470476,73.81654781440321,4.824296737969823,0.0,7.610715215669376,True,161.7605202569182,True,6.1131600954833605,96.81041924184568,5.565518047173346,1.202688876012091,72.77340229236113,73.03,1.0432457028500293,Exceeded expectations,Daily standups critical,False,Completed,2024-11-14,Reorganization,2024-03-20,2025-09-03
TEAM253,Gamma Team,PRJ160,2023-09-20,AI-Recommended,EMP1243,"EMP1243,EMP079,EMP1137,EMP0932,EMP1394,EMP1314",6,"{""Recruiter"": 3, ""HR"": 3}","{""Lead"": 4, ""Mid"": 1, ""Senior"": 1}",91.05,72.62,68.47772281042913,68.63878599970184,64.45,80.60824605252198,87.07109982080203,78.58981567548972,63.967625911805484,9.086882848127997,0.9344104950342078,6.7314730256540525,True,187.43359713472046,False,8.91740013138055,96.98479852758568,4.0,0.8,77.4718580629606,50.22,5.0,Great collaboration,,True,Completed,2024-04-09,Reorganization,2023-09-20,2025-01-22
TEAM254,Omega Unit,PRJ638,2025-04-04,Manual,EMP1512,"EMP0310,EMP1512,EMP0392,EMP0270,EMP0484,EMP1940",6,"{""HR"": 5, ""Recruiter"": 1}","{""Senior"": 2, ""Principal"": 1, ""Lead"": 2, ""Mid"": 1}",89.66,100.0,63.1952183938922,42.453354426558064,69.35,79.47240721621674,76.16012512630058,92.83285034253525,76.76234468617345,8.369284300618068,0.0,7.851560016730021,True,164.38114279192752,True,7.6070960995188335,92.97160917766104,7.7311489184761,0.8942638854501352,74.99764970127725,52.42,4.006737612557254,,Daily standups critical,True,Completed,2025-10-25,Budget Cut,2025-04-04,2024-10-22
TEAM255,Beta Team,PRJ588,2025-05-24,Hybrid,EMP0307,"EMP1218,EMP181,EMP0307,EMP1917,EMP0386,EMP0923,EMP088,EMP0766",8,"{""Campaign"": 3, ""Marketing"": 3, ""SEO"": 2}","{""Senior"": 2, ""Lead"": 2, ""Mid"": 4}",100.0,62.91,52.87930848959512,70.20930784586355,78.26,75.0918515778496,86.6562978524936,89.51097774657322,99.8026326822997,5.57373610347533,0.0,7.679211464429992,,287.56259796505685,True,7.986092863515024,92.60943538655133,9.229197360619738,0.8068017992730094,67.70341126897367,34.88,4.89697929640595,Strong execution,Daily standups critical,True,Completed,2025-06-20,Reorganization,2025-05-24,2024-07-06
TEAM256,Beta Squad,PRJ168,2024-02-12,Hybrid,EMP1493,"EMP1613,EMP1282,EMP0908,EMP0259,EMP1493,EMP1092,EMP176,EMP1971,EMP1139,EMP1149",10,"{""SEO"": 3, ""Marketing"": 4, ""Campaign"": 2, ""Content"": 1}","{""Mid"": 7, ""Junior"": 2, ""Senior"": 1}",86.94,50.46,58.69875158423593,72.67750860855625,76.05,79.19730107752618,87.48736547042454,83.7706859986667,94.7039650982718,7.4373472952683795,1.940443136421392,4.981445859029224,True,61.18849338214103,True,7.3449271534603175,93.7048136968498,,0.8063415362524944,71.13079449417505,49.14,5.0,Great collaboration,Need better docs,False,Completed,2023-10-01,Budget Cut,2024-02-12,2025-02-08
TEAM257,Alpha Force,PRJ449,2025-06-24,AI-Recommended,EMP0212,"EMP1021,EMP0728,EMP0985,EMP1023,EMP1012,EMP0212",6,"{""SEO"": 2, ""Marketing"": 3, ""Campaign"": 1}","{""Junior"": 3, ""Senior"": 2, ""Lead"": 1}",100.0,82.9,62.27629831682888,65.27070641256549,63.91,80.03943389778159,70.25462208238898,92.2882245687977,66.27345000035825,6.9914726923245585,1.9499996626356537,8.611310013209641,True,322.8935323243735,False,7.786081634878994,96.16295512406307,6.601717228021539,0.8941286763366452,105.56091509748971,56.46,3.127607897600308,,Async communication worked well,True,Completed,2025-07-28,Project Complete,2025-06-24,2024-10-20
TEAM258,Delta Squad,PRJ807,2023-01-07,Manual,EMP1068,"EMP038,EMP1243,EMP1068,EMP1725",4,"{""HR"": 1, ""Recruiter"": 2, ""People"": 1}","{""Senior"": 1, ""Lead"": 2, ""Principal"": 1}",95.14,91.33,97.52288086480698,61.07878979299257,54.59,50.004264872276345,72.5069858514879,64.81987998779375,94.16004002739125,5.309392102757797,2.016314396052729,7.596678430795943,True,319.05464885654925,True,5.9398022312460865,102.90232971412179,8.355203061006048,0.8972895461422397,68.9452923475748,58.32,4.973949762000985,Great collaboration,Daily standups critical,True,Completed,2024-05-12,Reorganization,2023-01-07,2024-03-18
TEAM259,Sigma Team,PRJ773,2024-08-07,Hybrid,EMP1648,"EMP0236,EMP0288,EMP1533,EMP1648,EMP0873,EMP1331,EMP0278",7,"{""Team"": 7}","{""Mid"": 3, ""Senior"": 2, ""Junior"": 2}",94.81,67.99,71.95091634290404,72.51163800238481,60.23,66.67372358742462,74.9303614175792,74.26796602656935,80.62123180431358,7.993666611009904,3.0,8.095900622515355,True,325.9170711186669,True,6.494715050277627,95.18378890697022,7.696854591927703,0.8,84.75520783559067,38.86,4.0545968171197115,Great collaboration,Async communication worked well,True,Completed,2026-01-31,Project Complete,2024-08-07,2025-10-11
TEAM260,Beta Unit,PRJ625,2023-11-27,Manual,EMP1112,"EMP1069,EMP073,EMP1112,EMP0708,EMP1314,EMP1421,EMP0469,EMP1068",8,"{""People"": 2, ""Recruiter"": 2, ""HR"": 4}","{""Mid"": 3, ""Principal"": 1, ""Lead"": 4}",100.0,47.17,54.53071813527023,54.90357719082156,57.63,63.660303931732344,40.39329260486211,100.0,62.30297581682085,6.051290681406424,2.89854486106246,8.073805098414374,True,61.166864092236125,True,6.973412710346019,94.06820600010518,,0.9927270534678544,81.79148571021007,45.66,2.0168118068113547,Communication issues resolved,Async communication worked well,,Completed,2024-10-12,Budget Cut,2023-11-27,2025-12-10
TEAM261,Alpha Force,PRJ720,2024-10-17,AI-Recommended,EMP1337,"EMP0835,EMP0213,EMP1758,EMP1040,EMP0822,EMP1537,EMP1491,EMP1561,EMP1337,EMP0273",10,"{""UX"": 3, ""UI"": 6, ""Graphic"": 1}","{""Mid"": 6, ""Lead"": 2, ""Senior"": 2}",100.0,45.81,98.32733902271261,77.19547471648774,85.5,74.73872068840785,55.29240413791684,71.3261607083862,70.75024729434047,7.855866872598996,2.0686198890947374,9.008560220151773,True,160.90452056613506,True,6.415707958498322,92.64180024752835,7.212654201988796,0.9045445205917377,51.09043494627363,49.27,1.0448920323253936,Communication issues resolved,Async communication worked well,,Completed,2025-03-24,Project Complete,2024-10-17,2025-05-01
TEAM262,Delta Squad,PRJ854,2023-08-29,AI-Recommended,EMP1810,"EMP1810,EMP1409,EMP0878",3,"{""Sales"": 1, ""Business"": 1, ""Account"": 1}","{""Principal"": 1, ""Lead"": 2}",85.5,100.0,66.46373300980054,48.619348938376156,77.72,69.27992194184165,83.44886146990461,48.308610249932215,84.31427202898436,7.5467684129085075,1.9628974294596726,6.685175142811148,True,130.32410365478705,False,9.035505030830622,92.87783129167985,10.0,1.1940370751650426,91.19323006850581,90.52,0.07043092602685164,Exceeded expectations,,True,Completed,2024-01-27,Reorganization,2023-08-29,2025-11-09
TEAM263,Omega Force,PRJ525,2023-07-13,Hybrid,EMP0554,"EMP0743,EMP1610,EMP0557,EMP1750,EMP0554,EMP0950",6,"{""SEO"": 1, ""Campaign"": 5}","{""Mid"": 5, ""Senior"": 1}",99.88,51.62,52.32938654867244,86.87189651850274,59.27,81.20037716593113,86.95282925744966,85.38124512025048,78.37245633947576,5.353989051505155,2.055730705241908,9.067206636801854,True,206.9525457368247,True,6.723479447003854,90.1578620286128,6.4931636167988085,0.9019057456594931,99.59930737849034,56.05,1.094585957296316,Great collaboration,Daily standups critical,True,Completed,2024-11-03,Project Complete,2023-07-13,2024-12-16
TEAM264,Delta Team,PRJ895,2025-02-18,Hybrid,EMP1337,"EMP1647,EMP1337,EMP1200",3,"{""Product"": 1, ""UI"": 2}","{""Lead"": 2, ""Senior"": 1}",100.0,100.0,87.25108599379179,70.30903580004731,57.76,79.37156451000659,61.510655434643496,98.4927443721241,80.57436121011852,6.844943490953719,2.0748821384245546,8.349161438262383,True,332.47462764716585,True,6.6877880089614985,105.03965597665682,9.171256178827788,0.9110025273404981,76.06211806679754,49.9,2.102637477398226,Great collaboration,,True,Completed,2025-11-18,Budget Cut,2025-02-18,2025-04-09
TEAM265,Delta Force,PRJ369,2025-07-05,Hybrid,EMP085,"EMP1616,EMP1604,EMP085,EMP0601",4,"{""Campaign"": 1, ""SEO"": 3}","{""Senior"": 4}",97.14,30.26,75.32559054826234,61.023620483654,72.33,60.37455705207973,74.8087260214745,74.73463144743978,77.31296488503924,10.0,0.9806182464934468,8.326057400677664,True,364.7,True,7.304664914216196,104.48873941661888,7.426087004838861,1.0059357759522767,90.41999672610754,50.64,3.819014946243822,Exceeded expectations,,,Completed,2025-11-05,Budget Cut,2025-07-05,2026-03-03
TEAM266,Gamma Unit,PRJ978,2024-12-25,AI-Recommended,EMP1797,"EMP0376,EMP0601,EMP0383,EMP1696,EMP1797",5,"{""Marketing"": 1, ""SEO"": 3, ""Campaign"": 1}","{""Mid"": 2, ""Senior"": 3}",100.0,50.85,59.11219473787975,96.41477082411093,77.82,79.4514393038443,90.95683799625154,58.59132310511937,75.66291723028833,6.062093806468426,1.9644488725798332,6.214544224955653,True,325.46697332838534,False,8.192510378771459,110.54587836309896,8.56679531860106,0.8999058689746796,85.2072980957003,61.51,0.0,,Need better docs,,Completed,2025-10-13,Budget Cut,2024-12-25,2025-01-25
TEAM267,Delta Force,PRJ680,2024-05-29,Hybrid,EMP0242,"EMP0621,EMP0312,EMP0552,EMP0242",4,"{""Accountant"": 1, ""Controller"": 1, ""Financial"": 1, ""Sales"": 1}","{""Principal"": 3, ""Mid"": 1}",95.76,71.66,74.41492363269829,59.74945259721707,77.01,59.67197604669729,74.56609277975349,75.30726453967044,78.21327754824742,10.0,1.074539097149346,8.36391950582382,True,356.8228426765354,True,7.312478270224192,103.95296389603331,7.480314933051607,0.993593579373166,89.91654513406355,49.07,3.9712551759430528,Exceeded expectations,,,Completed,2025-11-05,Budget Cut,2024-05-29,2025-12-11
TEAM268,Alpha Force,PRJ668,2024-02-18,Manual,EMP1230,"EMP1758,EMP0475,EMP0266,EMP1744,EMP0622,EMP1230,EMP0273,EMP0214,EMP0324",9,"{""UI"": 5, ""UX"": 3, ""Graphic"": 1}","{""Lead"": 3, ""Junior"": 2, ""Senior"": 2, ""Mid"": 2}",95.58,61.46,92.8549692603309,100.0,74.63,96.02661933292524,62.17936087529298,64.55682588730653,57.88664137342213,7.118025490711452,2.9656368224898144,6.98879592689463,True,229.54321536801294,True,6.488824663352105,110.09295842398839,7.095724247214346,0.9958424714581268,96.42046760808384,48.79,2.9145461193459976,Communication issues resolved,Clear roles helped,,Completed,2025-07-07,Budget Cut,2024-02-18,2026-01-22
TEAM269,Alpha Force,PRJ746,2025-02-09,Hybrid,EMP1409,"EMP0654,EMP1826,EMP1385,EMP1852,EMP1409,EMP1807,EMP0961,EMP0990",8,"{""Sales"": 2, ""Business"": 4, ""Software"": 1, ""QA"": 1}","{""Principal"": 1, ""Senior"": 1, ""Lead"": 6}",100.0,64.16,59.20916262219617,85.56621091128173,88.7,73.49879728917122,65.24080795124246,75.49074008585927,68.69092887418336,6.434133757449221,0.08543635054484264,5.705747177878115,True,162.64542693466356,True,7.457984176804886,95.70133991976948,8.133961957837174,0.8130126631128263,90.170579296141,53.98,3.803897321708448,Great collaboration,Clear roles helped,False,Completed,2025-07-20,Project Complete,2025-02-09,2025-01-07
TEAM270,Delta Unit,PRJ428,2023-09-12,Manual,EMP0392,"EMP1095,EMP1300,EMP1967,EMP1288,EMP0970,EMP1658,EMP0642,EMP0847,EMP0392,EMP1252",10,"{""People"": 4, ""HR"": 2, ""Recruiter"": 4}","{""Mid"": 5, ""Senior"": 2, ""Lead"": 3}",100.0,44.43,33.559085892651844,87.36514567175969,63.99,61.98984964926444,65.0318842356033,70.18120079284546,82.65150965681205,5.36245103204051,1.033746486893583,7.019506945453837,True,152.00709874724828,True,8.42269051573646,85.39332278856796,6.9036832504603645,0.8163972986018726,103.04736334301843,45.93,4.980727550603766,Great collaboration,Need better docs,False,Completed,2024-10-17,Project Complete,2023-09-12,2025-07-06
TEAM271,Sigma Team,PRJ475,2023-12-18,Manual,EMP0891,"EMP0891,EMP0880,EMP1232,EMP1341,EMP0240",5,"{""Sales"": 1, ""Accountant"": 1, ""Operations"": 1, ""Logistics"": 2}","{""Principal"": 3, ""Lead"": 1, ""Senior"": 1}",92.5,100.0,67.30446067564334,93.6869691463382,82.71,67.94910616409759,83.55550024038479,86.40580884191893,36.12302093999765,8.408938503476389,2.9127062840403677,7.55441193291076,True,187.90065905328186,True,8.680788993877195,115.27463831646347,6.9093294240209335,0.986695798201986,80.85561345680304,53.04,2.9353323804849305,Communication issues resolved,Async communication worked well,True,Completed,2024-11-27,Reorganization,2023-12-18,2024-12-05
TEAM272,Beta Squad,PRJ490,2024-06-18,AI-Recommended,EMP031,"EMP0303,EMP1341,EMP1437,EMP0870,EMP0664,EMP0620,EMP1030,EMP031",8,"{""Accountant"": 1, ""Logistics"": 3, ""Operations"": 3, ""Project"": 1}","{""Principal"": 2, ""Senior"": 3, ""Lead"": 2, ""Mid"": 1}",97.25,77.3,90.73845252163981,64.24343216826973,66.24,97.99661446307653,76.95493573091824,85.31906444268762,57.851930460776344,6.4589210690976335,2.9342319781999993,7.229160679396609,True,262.0818061044028,False,8.27187429714097,108.69582528586372,7.944525832341764,1.299364821626042,81.57301035045225,72.31,0.0,Great collaboration,Daily standups critical,False,Completed,2025-10-13,Project Complete,2024-06-18,2025-07-05
TEAM273,Delta Squad,PRJ762,2025-02-18,AI-Recommended,EMP1396,"EMP0303,EMP0473,EMP1396,EMP0416,EMP0262,EMP0994",6,"{""Accountant"": 3, ""Controller"": 1, ""Financial"": 1, ""Logistics"": 1}","{""Principal"": 3, ""Senior"": 2, ""Mid"": 1}",100.0,69.37,91.02170601603235,87.57855643918394,66.93,63.61765586108622,55.994359364919305,74.98567011379748,50.23733316998485,5.2578220189380565,1.9998384726207024,6.5057195511601495,True,88.8667104874113,True,9.181445840743564,110.4923248552717,7.2232744065677785,1.2037570064841498,79.68859188096376,61.22,4.988251721879908,Communication issues resolved,Need better docs,True,Completed,2025-04-02,Project Complete,2025-02-18,2025-11-15
TEAM274,Omega Crew,PRJ304,2024-05-24,Hybrid,EMP0221,"EMP0530,EMP0877,EMP1066,EMP0860,EMP0792,EMP0221,EMP1218,EMP0719",8,"{""Marketing"": 3, ""SEO"": 2, ""Campaign"": 3}","{""Junior"": 2, ""Mid"": 3, ""Lead"": 1, ""Senior"": 2}",100.0,68.35,67.64865982655309,64.7377666226343,69.92,90.27028336460967,72.29478172261449,89.86384195187763,86.74421798242764,7.7525066232106,3.0,6.823952798255649,True,159.7968321227722,True,7.8437488355772595,110.439647423118,8.560018488658152,0.9884246787960616,90.5310473090423,49.57,0.1469385569771635,Communication issues resolved,,,Completed,2025-07-21,Reorganization,2024-05-24,2024-11-30
TEAM275,Sigma Unit,PRJ571,2024-05-14,Hybrid,EMP0221,"EMP0221,EMP085,EMP0554,EMP0601",4,"{""Marketing"": 1, ""SEO"": 2, ""Campaign"": 1}","{""Lead"": 1, ""Senior"": 3}",97.45,78.1,84.51580006739876,70.80994728120871,74.99,64.53739432171892,91.54376713276743,96.52815950604104,95.43262660881443,7.092797816151453,2.943236173951721,8.552513315372064,True,306.17214878924494,False,6.378704440679222,108.84688151220108,8.27774799186587,0.8,82.75129395514789,56.19,0.968442112119849,,Async communication worked well,,Completed,2025-01-13,Budget Cut,2024-05-14,2025-10-29
TEAM276,Delta Team,PRJ975,2023-11-09,AI-Recommended,EMP0256,"EMP0856,EMP0626,EMP0256",3,"{""Senior"": 1, ""Software"": 1, ""Team"": 1}","{""Lead"": 1, ""Mid"": 1, ""Senior"": 1}",69.62,100.0,34.950901023756245,64.11388050982295,86.68,100.0,68.10363086555539,76.81757565481055,100.0,6.70776130763378,1.0132562470389144,6.1604725448891,True,273.3296862149835,False,8.678316129329684,107.43931822358434,7.793446325170351,0.8896764190966865,72.01779187296019,33.59,2.0390194908549026,,Need better docs,False,Completed,2024-09-17,Budget Cut,2023-11-09,2024-06-19
TEAM277,Alpha Unit,PRJ016,2024-02-29,AI-Recommended,EMP1961,"EMP1961,EMP0564,EMP0364",3,"{""Controller"": 1, ""Financial"": 1, ""Finance"": 1}","{""Principal"": 1, ""Senior"": 2}",63.08,90.41,52.79924965891907,80.12108604117908,93.6,59.62358605437461,57.382279076206586,69.6211107448248,70.50778949327938,6.032075057205257,1.9764608023664603,8.426828281420711,True,296.5050677096377,False,9.171036946643172,118.11718358687703,5.426371087410987,1.206295269526929,91.86577160159382,64.02,4.981512191779963,Strong execution,,False,Completed,2024-05-06,Reorganization,2024-02-29,2024-09-08
TEAM278,Delta Force,PRJ873,2025-07-07,AI-Recommended,EMP0962,"EMP0621,EMP0962,EMP1709,EMP0496,EMP1112,EMP1429,EMP119",7,"{""Accountant"": 1, ""Account"": 1, ""Sales"": 2, ""Recruiter"": 1, ""Software"": 1, ""QA"": 1}","{""Principal"": 1, ""Lead"": 4, ""Senior"": 2}",80.29,66.56,59.77918056349401,69.14666175382388,65.93,53.21500901209868,81.29682493152765,71.96480795291151,68.17952733247832,8.811231711183819,0.8677521982049623,6.895206323078566,True,78.88330124733507,True,8.468203497529199,113.77995254742275,7.012630151295154,1.0974418904559882,84.06127729908872,30.14,4.897279072764805,,,True,Completed,2025-02-06,Project Complete,2025-07-07,2025-09-21
TEAM279,Omega Team,PRJ852,2024-05-22,Hybrid,EMP1497,"EMP1497,EMP1010,EMP1558",3,"{""Sales"": 1, ""Operations"": 2}","{""Principal"": 1, ""Lead"": 2}",100.0,97.27,66.06918559405675,58.37758144265842,58.18,57.26464711203233,97.60061505045516,69.62032638354268,84.02580060405425,7.415392017627359,1.9736926418122402,5.709456297196726,True,309.98455241820125,False,7.033089291643512,96.8015524087286,8.068785120362584,1.217747302751275,94.51738706877586,53.4,1.9749061996887893,,,True,Completed,2024-10-07,Project Complete,2024-05-22,2026-02-24
TEAM280,Sigma Unit,PRJ799,2023-05-26,Hybrid,EMP1819,"EMP0210,EMP163,EMP0774,EMP1819",4,"{""Team"": 2, ""DevOps"": 1, ""Software"": 1}","{""Senior"": 2, ""Lead"": 2}",94.23,81.02,84.67205261239016,71.01185511305377,61.24,63.92447639756408,91.48606737337325,96.29211591088945,94.60338641836086,7.164971814607709,2.931969233325082,8.418949346379023,True,302.048468588982,False,6.4774754672764345,108.30622107891469,8.289394170772885,0.8069845755201366,83.75414998802694,47.78,1.0548444183000998,,Async communication worked well,,Completed,2025-01-13,Budget Cut,2023-05-26,2026-01-05
TEAM281,Sigma Unit,PRJ235,2024-04-12,Hybrid,EMP0221,"EMP002,EMP0221,EMP0997,EMP1587",4,"{""SEO"": 2, ""Marketing"": 2}","{""Mid"": 1, ""Lead"": 2, ""Senior"": 1}",81.56,100.0,85.74298530877982,71.18126874193095,50.83,63.68337907071403,90.23194308894386,95.46373116764035,94.81198287153302,7.201292337438983,3.0,8.472824276617812,True,304.49832764016014,False,6.420754100358652,108.055253470814,8.386764191338928,0.8010578380913587,82.96826568314643,58.85,0.8965775528354465,,Async communication worked well,,Completed,2025-01-13,Budget Cut,2024-04-12,2025-08-25
TEAM282,Omega Unit,PRJ243,2024-08-08,Hybrid,EMP0684,"EMP0622,EMP1349,EMP0684",3,"{""UI"": 2, ""Graphic"": 1}","{""Lead"": 3}",100.0,40.03,65.22720007377362,42.24870718647155,56.59,91.28315127898387,65.06033731918497,82.54002466540439,71.1124369428883,4.779856921676504,2.0712152780214064,8.190692233339169,True,287.96564315719223,True,8.277022468323104,93.75322329949947,5.211781291842623,0.9958489383923979,91.357944679818,57.59,3.9997374812337285,Exceeded expectations,Async communication worked well,True,Completed,2025-11-22,Reorganization,2024-08-08,2025-04-29
TEAM283,Delta Crew,PRJ809,2023-07-03,Manual,EMP0501,"EMP0501,EMP0297,EMP0795,EMP1178,EMP062,EMP1462,EMP0518,EMP1814,EMP0448",9,"{""Senior"": 3, ""Team"": 3, ""Software"": 1, ""DevOps"": 1, ""QA"": 1}","{""Lead"": 2, ""Mid"": 3, ""Junior"": 2, ""Senior"": 2}",100.0,56.82,45.79555914345654,56.58394622803777,81.3,72.44871698384365,78.72694483850113,80.82490835424174,55.03692036447776,9.59867958722866,0.010694647742550314,7.378596748370674,,95.8322757918731,True,8.741942850450787,100.08144595928219,7.016262010431527,0.9833219757593661,72.82531377945325,28.42,1.0712033818662632,Strong execution,Need better docs,True,Completed,2024-06-29,Budget Cut,2023-07-03,2024-09-08
TEAM284,Gamma Force,PRJ852,2024-07-12,Hybrid,EMP0237,"EMP136,EMP1497,EMP1676,EMP1010,EMP0237",5,"{""Account"": 1, ""Sales"": 1, ""Operations"": 2, ""Logistics"": 1}","{""Lead"": 3, ""Principal"": 1, ""Senior"": 1}",97.13,70.34,67.88490121046269,72.04660743142286,62.83,70.21795593017592,74.49209123078236,100.0,84.96811631378822,6.220403806677087,0.9473337859836826,7.331902204365981,True,102.02182476294053,True,6.682850513441079,91.23258610724695,7.447257820084995,0.8896769855975764,80.36270418933982,55.24,4.00836743513485,Exceeded expectations,Async communication worked well,,Completed,2025-03-19,Budget Cut,2024-07-12,2024-10-18
TEAM285,Gamma Crew,PRJ350,2025-08-28,Manual,EMP1852,"EMP0936,EMP0657,EMP1520,EMP1207,EMP0494,EMP1730,EMP1580,EMP1852,EMP0633",9,"{""Logistics"": 1, ""Business"": 3, ""Account"": 2, ""Sales"": 3}","{""Principal"": 1, ""Lead"": 5, ""Senior"": 2, ""Mid"": 1}",84.8,64.26,86.36924177471715,73.70429450890191,67.06,100.0,65.30686734138649,66.10145042309995,92.32398100788019,8.148202386417713,1.1354689338192414,7.245561335405898,True,260.5279607950482,True,6.94186167353235,108.90455642642571,8.369422667579167,1.0982586731569435,81.15265731352378,77.76,5.0,Exceeded expectations,Daily standups critical,False,Completed,2026-01-02,Budget Cut,2025-08-28,2025-01-19
TEAM286,Delta Crew,PRJ540,2024-02-02,Hybrid,EMP1941,"EMP1365,EMP1403,EMP0891,EMP1941,EMP1676,EMP1341,EMP1235,EMP027",8,"{""Logistics"": 3, ""Account"": 1, ""Sales"": 1, ""Operations"": 3}","{""Lead"": 4, ""Principal"": 2, ""Senior"": 2}",87.27,56.03,28.00560858517951,79.11307341445477,77.73,100.0,75.68263617843607,100.0,81.5266341774181,7.5155791919485235,3.0,5.601659541048297,True,304.5359104790672,True,6.95076142539824,92.64590312057152,5.753376426989879,1.2911430515854259,103.98771664237194,74.65,4.015337656753073,Exceeded expectations,Need better docs,,Completed,2025-09-04,Reorganization,2024-02-02,2025-05-17
TEAM287,Delta Unit,PRJ333,2025-01-06,AI-Recommended,EMP1018,"EMP1924,EMP0521,EMP0213,EMP1258,EMP1018",5,"{""Graphic"": 1, ""Product"": 1, ""UX"": 1, ""UI"": 2}","{""Lead"": 2, ""Mid"": 2, ""Senior"": 1}",96.14,93.09,57.23577223581387,100.0,59.23,83.31802852334282,78.77870085802613,59.823654861093225,49.90001124348211,7.965236357434096,3.0,7.485448631351876,True,268.3180370954928,True,5.52707558844138,102.52373018133513,8.341269939619435,0.8970805146165525,94.13766288813845,68.44,5.0,Great collaboration,Daily standups critical,False,Completed,2025-01-07,Budget Cut,2025-01-06,2024-11-21
TEAM288,Beta Unit,PRJ946,2024-01-04,AI-Recommended,EMP0957,"EMP1556,EMP1951,EMP1442,EMP0775,EMP0957,EMP0539,EMP132,EMP0938",8,"{""UI"": 6, ""Product"": 1, ""Graphic"": 1}","{""Lead"": 5, ""Senior"": 3}",92.73,37.05,47.570514487408424,69.70654812651222,61.57,74.62643037643662,47.9988033405989,65.56014129377634,74.5948480845028,8.15879053693426,1.9377808629776674,7.793332680933464,True,331.47669051378705,True,9.048878320860469,101.10764825401569,7.5356451640760085,0.9036808564090801,84.23805943516726,40.98,5.0,Communication issues resolved,Clear roles helped,True,Completed,2024-06-12,Reorganization,2024-01-04,2026-05-07
TEAM289,Omega Force,PRJ305,2024-09-20,Manual,EMP1713,"EMP1497,EMP0362,EMP1299,EMP028,EMP1713",5,"{""Sales"": 1, ""Finance"": 4}","{""Principal"": 1, ""Mid"": 1, ""Senior"": 3}",100.0,70.9,51.42044137306427,74.96143051496203,94.98,83.0118133505309,71.92381143809996,91.50591731120639,71.71497703500992,6.791400555295666,0.019248389149374996,6.5323443507091445,,342.88227051308235,True,8.687914451056654,96.7009011989376,8.213066131491459,1.2080420725489356,75.76914476435782,55.64,0.0,,,True,Completed,2025-03-24,Reorganization,2024-09-20,2025-10-26
TEAM290,Beta Force,PRJ839,2024-06-16,Manual,EMP1447,"EMP1447,EMP1147,EMP1509,EMP1112,EMP0326,EMP1585,EMP0879,EMP0349,EMP0310",9,"{""Recruiter"": 3, ""People"": 2, ""HR"": 4}","{""Lead"": 2, ""Mid"": 2, ""Senior"": 5}",99.73,51.69,60.686558998737084,74.63444403372222,80.2,75.19515613949339,84.718800229278,100.0,75.63270553982149,5.377161476887554,0.0,8.69761206235544,,281.7627612357229,True,7.7860856887605285,104.0599869365037,7.118316248296169,0.992067229260178,76.35137222953163,48.39,2.932579382441814,Strong execution,Async communication worked well,,Completed,2026-01-17,Budget Cut,2024-06-16,2025-08-08
TEAM291,Delta Squad,PRJ261,2022-11-20,Manual,EMP0211,"EMP0211,EMP0827,EMP016,EMP1158",4,"{""Senior"": 2, ""Team"": 2}","{""Lead"": 2, ""Senior"": 1, ""Mid"": 1}",92.96,100.0,97.97508242409457,62.34150014891582,83.44,48.25058067481643,71.55212574742542,65.10392300244393,96.85944559209236,5.178439690696146,1.9598011937723476,7.448883868584924,True,323.6546609098838,True,5.92499047241763,103.41531661066433,8.325795193970354,0.8948730398109593,68.40861902134549,39.77,4.7448632217387585,Great collaboration,Daily standups critical,True,Completed,2024-05-12,Reorganization,2022-11-20,2024-04-12
TEAM292,Beta Force,PRJ668,2025-07-22,Manual,EMP049,"EMP049,EMP0779,EMP1564,EMP023,EMP0213,EMP0682,EMP1081,EMP0643,EMP1276",9,"{""Graphic"": 2, ""UI"": 4, ""UX"": 3}","{""Lead"": 3, ""Mid"": 5, ""Senior"": 1}",97.47,51.72,63.80875395747826,75.63831345606455,88.73,77.96149849349948,84.08316558620272,98.52666471597065,75.78574423536061,5.176532625717558,0.034225795488072266,8.662189935222859,,289.8288364294859,True,7.86684688182528,103.58700491465056,7.038381196052148,1.005561933657534,75.56304794661632,61.61,3.063344216599255,Strong execution,Async communication worked well,,Completed,2026-01-17,Budget Cut,2025-07-22,2025-11-15
TEAM293,Omega Unit,PRJ746,2023-09-16,Hybrid,EMP1256,"EMP1737,EMP1256,EMP146",3,"{""Sales"": 1, ""Business"": 1, ""Logistics"": 1}","{""Principal"": 2, ""Lead"": 1}",100.0,100.0,74.42730388441562,64.69557320049302,88.89,84.49985267518606,50.12435969244654,70.6383168939342,75.42060323940478,7.18049930917241,2.9620684684989973,8.624473923555898,True,136.63126661057467,True,7.698159814173528,106.4740113278507,7.249948668519434,1.2084294460801088,93.12175854952174,56.3,1.23991384306463,,,True,Completed,2024-09-25,Project Complete,2023-09-16,2024-12-14
TEAM294,Beta Squad,PRJ773,2023-10-22,Hybrid,EMP1058,"EMP1058,EMP0700,EMP075",3,"{""Senior"": 2, ""Team"": 1}","{""Lead"": 3}",82.57,48.02,86.96378049804568,94.62990052476377,76.2,73.37693181930752,33.56123570605191,86.43645916907306,84.11391591399862,6.301986885458969,2.0407628148787897,7.707348277707861,True,207.59526950114414,True,6.488136002774216,114.93692805323127,5.893800843560116,0.8039639106595171,115.61524279711865,42.16,1.0123631552723524,Exceeded expectations,,True,Completed,2024-07-07,Budget Cut,2023-10-22,2026-05-07
TEAM295,Alpha Force,PRJ071,2024-03-09,AI-Recommended,EMP1863,"EMP176,EMP1863,EMP0386,EMP1055,EMP017,EMP0874",6,"{""Content"": 1, ""Campaign"": 2, ""SEO"": 3}","{""Mid"": 3, ""Senior"": 3}",99.95,47.67,61.581503319913374,64.46278572587599,63.97,80.56725158029852,71.13548186792478,91.10338227956079,66.83276752644178,6.988897504950846,1.9028999519436451,8.54122799274671,True,319.7411351673104,False,7.751590505301104,96.04584476483775,6.580549097067251,0.896798130848507,106.0900923023941,45.16,3.1169978391828854,,Async communication worked well,True,Completed,2025-07-28,Project Complete,2024-03-09,2024-08-02
TEAM296,Sigma Team,PRJ770,2024-07-03,Hybrid,EMP0599,"EMP063,EMP0583,EMP0333,EMP0977,EMP0906,EMP0599,EMP169",7,"{""HR"": 2, ""Recruiter"": 4, ""People"": 1}","{""Senior"": 2, ""Mid"": 4, ""Lead"": 1}",100.0,74.29,72.33562744826752,71.36120038100569,70.55,64.44519065121627,75.69492122758066,74.08219870077241,80.23024028731574,7.919168639860095,2.913391206012449,8.101486842162855,True,329.93543596197026,True,6.482228141243664,95.7385140624311,7.569966218063561,0.8021788639842253,83.66919896447423,48.09,4.039178714381027,Great collaboration,Async communication worked well,True,Completed,2026-01-31,Project Complete,2024-07-03,2026-03-02
TEAM297,Delta Force,PRJ015,2024-10-20,AI-Recommended,EMP0955,"EMP1176,EMP0927,EMP156,EMP0955,EMP1447,EMP011,EMP1376",7,"{""People"": 2, ""HR"": 3, ""Recruiter"": 2}","{""Mid"": 3, ""Principal"": 2, ""Lead"": 2}",94.22,73.52,60.97250060288594,70.20827708903028,73.29,52.41074763664839,81.11505213596422,72.04558184636551,68.58784901189652,8.766092139067489,1.0366677180039714,6.953003033261104,True,74.87399493913432,True,8.447271033420979,113.74643471137239,7.0224477329323545,1.1049657891583458,85.20855242881328,49.23,5.0,,,True,Completed,2025-02-06,Project Complete,2024-10-20,2025-12-15
TEAM298,Gamma Squad,PRJ439,2024-10-10,AI-Recommended,EMP0455,"EMP1462,EMP0890,EMP1812,EMP0455,EMP090,EMP009,EMP0679",7,"{""Software"": 4, ""Team"": 3}","{""Lead"": 3, ""Junior"": 1, ""Mid"": 2, ""Senior"": 1}",98.83,77.58,69.90928882729685,54.90749243977642,73.66,54.71676081501464,61.899350535236806,77.53362671172746,63.644264010633954,4.1,1.9027121629970412,7.757843200347358,True,240.95496628051703,True,7.82767257446418,88.51306200707859,,1.106027670273786,85.97704752236,37.04,2.931023772211551,Exceeded expectations,Clear roles helped,False,Completed,2025-03-03,Budget Cut,2024-10-10,2025-03-22
TEAM299,Alpha Unit,PRJ202,2025-07-19,Manual,EMP0955,"EMP109,EMP1652,EMP0542,EMP038,EMP1411,EMP0955,EMP1447,EMP0826,EMP0988",9,"{""People"": 4, ""HR"": 3, ""Recruiter"": 2}","{""Senior"": 5, ""Lead"": 3, ""Principal"": 1}",98.74,47.97,62.93567084666759,87.50922044407632,93.52,45.568516241463236,90.86806427470717,86.0663168345439,88.87138651931978,5.592410567854195,1.9207104405248785,7.1847535996336855,True,274.79552909097004,True,9.006624308276036,125.4,7.952997309817793,1.290137366190327,72.6845346047323,53.56,5.0,Strong execution,Async communication worked well,True,Completed,2025-12-13,Project Complete,2025-07-19,2024-11-20
TEAM300,Beta Team,PRJ342,2023-05-31,Hybrid,EMP0392,"EMP0437,EMP0847,EMP1076,EMP1314,EMP0392",5,"{""HR"": 2, ""People"": 1, ""Recruiter"": 2}","{""Senior"": 2, ""Lead"": 3}",98.37,58.69,30.130720177359116,77.49647408906829,55.34,78.04339180867441,65.86597143422392,66.23963785530393,63.23761830816494,8.247039380405488,0.965017473326456,9.313948037009242,True,234.12475706772977,True,8.12911140375968,115.56495448832115,7.638194743085025,0.8957502171019196,88.46386420402568,54.56,5.0,Great collaboration,,False,Completed,2024-09-11,Budget Cut,2023-05-31,2024-08-18
TEAM301,Delta Force,PRJ827,2024-07-20,Hybrid,EMP1482,"EMP1783,EMP063,EMP1482,EMP1112",4,"{""Recruiter"": 2, ""HR"": 2}","{""Lead"": 2, ""Senior"": 2}",98.55,68.31,74.95722614556819,60.57743843930729,78.82,60.033391874298324,75.40990070064133,75.38218829709439,77.72980079018377,9.938815667778305,1.0081843790533915,8.258347346810979,True,363.29548252244206,True,7.341483759163682,103.84859130168873,7.311964224189962,1.0025564260264352,91.56822365136844,57.52,3.7902150809669726,Exceeded expectations,,,Completed,2025-11-05,Budget Cut,2024-07-20,2025-11-30
TEAM302,Gamma Crew,PRJ894,2024-04-22,Hybrid,EMP0238,"EMP1954,EMP1435,EMP0802,EMP1108,EMP1195,EMP184,EMP0994,EMP1854,EMP0238,EMP1232",10,"{""Logistics"": 7, ""Project"": 1, ""Operations"": 2}","{""Principal"": 3, ""Senior"": 4, ""Junior"": 1, ""Mid"": 1, ""Lead"": 1}",93.74,67.27,86.21868267367417,77.65860789511437,74.59,99.36927548332736,57.95830350052391,70.61383185297083,63.07947936821719,7.177385077769245,0.0021039101257242154,7.547623383289167,True,242.75595862920028,True,7.102490388786618,105.60876704228099,10.0,0.9108978781769317,102.40458050894976,58.64,4.1223543781804235,Strong execution,Need better docs,,Completed,2025-10-12,Budget Cut,2024-04-22,2024-05-12
TEAM303,Delta Force,PRJ299,2024-05-28,AI-Recommended,EMP0955,"EMP1672,EMP0955,EMP0349,EMP079,EMP1484,EMP1900,EMP1382",7,"{""Recruiter"": 3, ""HR"": 4}","{""Lead"": 3, ""Principal"": 1, ""Senior"": 3}",100.0,61.59,62.479588329449896,69.77891271355378,69.63,52.42166558706422,81.30799736126995,71.90207657215987,67.80075170669144,8.764917636933962,0.941098407645206,6.822743841544104,True,78.65444283229911,True,8.467191139184363,113.64589060070662,6.964054787971839,1.1024126849558071,85.35050081323061,72.63,5.0,,,True,Completed,2025-02-06,Project Complete,2024-05-28,2025-07-08
TEAM304,Gamma Unit,PRJ213,2025-06-11,AI-Recommended,EMP0492,"EMP0671,EMP0492,EMP1482,EMP073,EMP1314",5,"{""Recruiter"": 1, ""HR"": 3, ""People"": 1}","{""Lead"": 2, ""Senior"": 2, ""Principal"": 1}",100.0,86.39,57.50886409333156,94.8684714666954,68.49,80.17983416610677,90.43044332842159,58.43585632517474,77.30458428529995,6.0720205539180165,2.047926998130264,6.250959698486181,True,323.99988254045195,False,8.095661592875887,110.32288834817912,8.55119770825004,0.8934110423235669,83.92163321254851,65.06,0.0,,Need better docs,,Completed,2025-10-13,Budget Cut,2025-06-11,2025-03-16
TEAM305,Gamma Squad,PRJ276,2024-09-09,Manual,EMP1076,"EMP1926,EMP079,EMP0287,EMP0326,EMP1411,EMP1076",6,"{""People"": 1, ""Recruiter"": 3, ""HR"": 2}","{""Principal"": 1, ""Lead"": 3, ""Senior"": 2}",100.0,76.66,64.06508087145717,78.58911708290736,72.86,86.37973683590326,82.87300157470385,71.93074234707692,87.8758526746309,6.912400723447268,2.9718374238045064,7.388851971873686,True,154.8845665649369,True,6.61269558207855,115.90023026342774,7.333305545984793,1.3,97.77515566809743,41.47,1.0005769989891287,Great collaboration,Daily standups critical,True,Completed,2024-09-18,Reorganization,2024-09-09,2025-04-30
TEAM306,Omega Crew,PRJ233,2024-11-24,AI-Recommended,EMP0542,"EMP1138,EMP0310,EMP0542,EMP1252",4,"{""People"": 2, ""HR"": 1, ""Recruiter"": 1}","{""Principal"": 1, ""Senior"": 2, ""Lead"": 1}",100.0,95.7,81.74942320354923,74.77015700904403,59.58,80.94264432204879,70.47516706389,67.73252040931985,100.0,6.802410642331997,3.0,5.404432451452747,True,249.43108727629996,True,7.310436561236887,95.55202308852049,7.288424256434535,1.193242703891406,83.38699390360223,43.37,4.155556531332514,Communication issues resolved,Async communication worked well,True,Completed,2025-02-10,Reorganization,2024-11-24,2025-07-17
TEAM307,Sigma Crew,PRJ673,2025-10-07,AI-Recommended,EMP0704,"EMP1373,EMP1436,EMP0216,EMP0921,EMP0242,EMP1078,EMP1343,EMP1530,EMP1760,EMP0704",10,"{""Financial"": 4, ""Finance"": 2, ""Logistics"": 1, ""Sales"": 1, ""Controller"": 2}","{""Mid"": 3, ""Senior"": 2, ""Lead"": 1, ""Principal"": 3, ""Junior"": 1}",100.0,76.65,97.91440458057485,81.03869812368507,65.44,71.57381527068101,80.2175664903031,67.81317086244762,73.86970214909282,6.441659646038857,2.8675475220936635,6.120016584853019,True,148.11221520815553,False,8.097843703912908,110.45266406771744,9.565609520334473,1.210136883115464,74.3975874184476,60.05,2.958496502103195,Exceeded expectations,Daily standups critical,True,Completed,2025-07-30,Project Complete,2025-10-07,2024-12-08
TEAM308,Gamma Team,PRJ956,2023-09-15,AI-Recommended,EMP1994,"EMP1994,EMP0310,EMP1783,EMP1424,EMP1394,EMP1940",6,"{""Recruiter"": 2, ""HR"": 4}","{""Lead"": 3, ""Senior"": 3}",85.35,48.82,70.00720161633768,68.6366280948441,64.26,81.00006141784769,88.84464492698137,78.08372195393248,65.29161008797773,9.077481577256929,0.9436531741113788,6.6287298399783845,True,183.75108064402247,False,8.807965047611518,97.26721196926236,4.0,0.8,77.78728134230845,64.47,5.0,Great collaboration,,True,Completed,2024-04-09,Reorganization,2023-09-15,2025-03-11
TEAM309,Gamma Crew,PRJ454,2024-11-08,Hybrid,EMP1505,"EMP1296,EMP1505,EMP1990,EMP0424,EMP0860,EMP121,EMP0307,EMP0811,EMP0357,EMP0673",10,"{""SEO"": 2, ""Marketing"": 3, ""Campaign"": 5}","{""Senior"": 2, ""Lead"": 2, ""Mid"": 6}",100.0,44.82,87.07568800856602,77.76667421294746,79.94,98.09062517523517,58.389247535871064,70.28875860721243,62.54301887194245,7.166863536111045,0.05651998012153345,7.553482059381141,True,245.60333874830292,True,7.04820195893891,106.03333934175667,10.0,0.905756292795852,102.03433452877572,55.73,4.023139207224059,Strong execution,Need better docs,,Completed,2025-10-12,Budget Cut,2024-11-08,2024-09-28
TEAM310,Gamma Team,PRJ144,2024-09-26,Manual,EMP1995,"EMP0378,EMP1073,EMP1995,EMP1297,EMP150,EMP1065",6,"{""Senior"": 1, ""QA"": 2, ""Team"": 3}","{""Lead"": 1, ""Senior"": 3, ""Junior"": 1, ""Mid"": 1}",100.0,100.0,53.17739242307901,67.88630338594153,73.77,63.66646164799797,79.46996778708812,95.24337438588822,74.86942351937954,4.810351358086589,0.0,7.581279213050018,True,173.83802594454488,True,6.07488336624773,97.75886821396203,5.645317212533715,1.193608823669397,73.11974194735231,28.96,1.0328508050274763,Exceeded expectations,Daily standups critical,False,Completed,2024-11-14,Reorganization,2024-09-26,2025-08-19
TEAM311,Gamma Crew,PRJ338,2025-03-13,Hybrid,EMP049,"EMP0787,EMP1647,EMP049,EMP0300,EMP157,EMP0643,EMP1129,EMP041,EMP1747,EMP1773",10,"{""Graphic"": 6, ""Product"": 1, ""UI"": 2, ""UX"": 1}","{""Mid"": 5, ""Lead"": 4, ""Senior"": 1}",98.42,52.02,86.49086756380099,78.11251054532748,62.47,98.49151319873741,57.795019318636164,70.2705425361021,62.92638135908415,7.227904504902528,0.007613645392090741,7.597064500826391,True,249.63052811093388,True,7.032689919471363,105.60738622509155,10.0,0.9124744764591793,103.25096645965044,74.56,4.086237965869888,Strong execution,Need better docs,,Completed,2025-10-12,Budget Cut,2025-03-13,2024-09-01
TEAM312,Gamma Crew,PRJ789,2024-03-30,Manual,EMP0266,"EMP0787,EMP0730,EMP0266,EMP1556,EMP0347,EMP0569,EMP1480,EMP1924,EMP0353",9,"{""Graphic"": 4, ""UX"": 2, ""UI"": 3}","{""Mid"": 3, ""Lead"": 3, ""Junior"": 2, ""Senior"": 1}",100.0,69.23,100.0,89.0627209242299,61.25,79.06132521086208,89.7507738679753,76.96086936138582,64.86875060794078,6.806717422005639,3.0,7.925533190934762,True,192.42522863660028,True,9.948105535433292,84.5879859767262,6.818229424478613,1.2991316315958443,72.37413604171044,50.66,5.0,Strong execution,,False,Completed,2024-02-16,Project Complete,2024-03-30,2026-02-26
TEAM313,Gamma Crew,PRJ485,2024-11-26,Hybrid,EMP023,"EMP1200,EMP0545,EMP1880,EMP0353,EMP0252,EMP1689,EMP023,EMP1924,EMP041,EMP1747",10,"{""UI"": 5, ""Graphic"": 4, ""UX"": 1}","{""Lead"": 5, ""Mid"": 3, ""Senior"": 2}",100.0,46.58,85.10629676112815,80.25829113450227,74.57,99.82092607354912,57.82917802465163,69.68027809789226,62.77982735306025,7.20964109250017,0.04151847529828792,7.605638361531034,True,256.7296772303528,True,7.011216989469862,106.01531201255088,9.966530874832175,0.8998116340178031,101.1636927819174,59.59,4.084411592422173,Strong execution,Need better docs,,Completed,2025-10-12,Budget Cut,2024-11-26,2024-04-22
TEAM314,Delta Squad,PRJ826,2025-04-18,Manual,EMP0273,"EMP1349,EMP0761,EMP0575,EMP1040,EMP0214,EMP0273,EMP1049,EMP0684",8,"{""Graphic"": 2, ""Product"": 1, ""UI"": 4, ""UX"": 1}","{""Lead"": 2, ""Mid"": 3, ""Senior"": 3}",85.74,65.13,99.91040928690477,90.95681176428185,75.39,66.89117432091986,86.46310868539776,81.28497555338505,38.1998105324967,8.264130430271956,3.0,8.033175720867883,True,180.88632618205764,False,5.056583404960276,90.65170608019304,6.033846302140257,1.2008132249105483,65.7232934696022,51.31,0.861746496438207,Exceeded expectations,Daily standups critical,False,Completed,2025-01-20,Reorganization,2025-04-18,2026-01-07
TEAM315,Sigma Crew,PRJ208,2025-09-14,AI-Recommended,EMP0848,"EMP0220,EMP1696,EMP1952,EMP0848,EMP1724,EMP1797,EMP1067,EMP029,EMP1977,EMP074",10,"{""SEO"": 3, ""Campaign"": 5, ""Content"": 1, ""Marketing"": 1}","{""Mid"": 7, ""Senior"": 3}",75.03,20.71,98.80245939020286,80.75799596851085,70.57,70.5103171497935,79.3489638170005,68.45740628049256,75.03739973575757,6.486414870701972,2.999721614556468,6.187541614249,True,141.0209887074011,False,8.110976827058773,110.37949994533311,9.512822473753934,1.1985016920792915,75.00747157701899,45.46,2.864909485627104,Exceeded expectations,Daily standups critical,True,Completed,2025-07-30,Project Complete,2025-09-14,2024-12-29
TEAM316,Beta Crew,PRJ361,2024-05-15,AI-Recommended,EMP1994,"EMP156,EMP1994,EMP1137",3,"{""HR"": 1, ""Recruiter"": 2}","{""Principal"": 1, ""Lead"": 2}",100.0,100.0,70.71974734186213,79.27664549815837,85.19,78.07194400582223,50.46557665541488,71.99141443133269,78.32941323783419,7.5986949791397596,2.991558958459986,7.64729394139849,True,49.004196946043855,True,5.541255462061738,98.05492159253974,6.765509883242132,1.1087273450918484,83.47677728806647,97.08,0.8757337101944134,Strong execution,,False,Completed,2024-05-26,Project Complete,2024-05-15,2024-05-14
TEAM317,Omega Crew,PRJ952,2024-07-10,Hybrid,EMP0392,"EMP1893,EMP0277,EMP079,EMP1864,EMP1243,EMP0437,EMP0392",7,"{""HR"": 2, ""Recruiter"": 4, ""People"": 1}","{""Senior"": 2, ""Lead"": 4, ""Principal"": 1}",100.0,66.38,52.21513813206636,78.4306833460889,73.22,87.59232509950365,83.9827390709571,66.74096993644653,68.11327398004916,5.379002798401604,1.0946399331955665,4.745740227319256,,123.75763176311018,True,9.266030315201332,98.2576978585398,9.570058671657547,0.8036358291013911,69.74353877791528,73.27,3.034896542486451,Strong execution,Clear roles helped,True,Completed,2024-06-03,Budget Cut,2024-07-10,2025-01-23
TEAM318,Omega Force,PRJ055,2024-10-10,Manual,EMP173,"EMP0926,EMP0955,EMP051,EMP108,EMP173",5,"{""Business"": 2, ""HR"": 1, ""Sales"": 2}","{""Lead"": 3, ""Principal"": 2}",100.0,51.74,50.86739938785398,75.19442941832963,100.0,84.78033009722459,71.22691298455732,91.00099637245265,73.68517427918813,6.827774501751811,0.052158305963986365,6.508778819323349,,328.2917720012896,True,8.779189950231842,97.0200127740336,8.168210944278789,1.181559095196248,77.1382347252612,56.04,0.04152139332384182,,,True,Completed,2025-03-24,Reorganization,2024-10-10,2025-10-14
TEAM319,Alpha Unit,PRJ941,2023-12-15,AI-Recommended,EMP1106,"EMP1607,EMP0705,EMP095,EMP1014,EMP1106,EMP0286,EMP0622",7,"{""Graphic"": 3, ""Product"": 1, ""UI"": 3}","{""Lead"": 3, ""Senior"": 4}",81.42,47.12,53.63203510026948,54.37178719673868,69.27,89.49722079310921,68.55373182291541,93.81140821320183,82.49271207229381,5.747633106914115,2.98228936590343,7.688097056142565,,201.29283418270163,True,6.459588135629514,99.0782868722627,6.706369249785152,0.8960931158177385,105.8828043466878,43.35,3.10527409587442,Communication issues resolved,Need better docs,True,Completed,2024-10-20,Budget Cut,2023-12-15,2025-05-01
TEAM320,Gamma Crew,PRJ187,2023-10-13,AI-Recommended,EMP0895,"EMP0288,EMP1015,EMP1156,EMP0940,EMP0478,EMP0257,EMP1621,EMP0895,EMP0961",9,"{""Team"": 1, ""QA"": 2, ""Senior"": 1, ""Software"": 5}","{""Mid"": 3, ""Senior"": 1, ""Lead"": 5}",100.0,46.63,99.84909638424224,86.85403752882542,65.86,96.15040590806045,63.069442268711335,70.22955220743296,88.23390754882604,7.554245422783208,1.0202010406697963,9.331970022987031,,192.7329721059577,True,8.240275192825948,91.92045111439924,8.105023144053932,1.0109584895214745,64.4713012417312,52.06,2.000981727651238,Strong execution,,,Completed,2024-02-22,Project Complete,2023-10-13,2025-12-22
TEAM321,Sigma Crew,PRJ078,2025-02-17,AI-Recommended,EMP0221,"EMP0221,EMP1562,EMP1066,EMP0984,EMP0383,EMP0424,EMP147,EMP0259,EMP1287,EMP1651",10,"{""Marketing"": 4, ""SEO"": 3, ""Campaign"": 3}","{""Lead"": 1, ""Junior"": 1, ""Mid"": 8}",98.38,45.96,99.97329071921762,80.85392162543134,78.22,70.94523072562242,78.7289130959816,68.24467145686626,73.07513172225967,6.402504745370097,2.9674847620754283,6.21494050941179,True,159.0856286079192,False,8.111701731914016,109.83287143484431,9.451492280142505,1.208942646182365,72.60927686491912,44.81,2.9988174600662134,Exceeded expectations,Daily standups critical,True,Completed,2025-07-30,Project Complete,2025-02-17,2025-01-17
TEAM322,Delta Squad,PRJ111,2024-09-20,AI-Recommended,EMP088,"EMP1183,EMP088,EMP1659,EMP0221",4,"{""SEO"": 2, ""Marketing"": 2}","{""Senior"": 2, ""Lead"": 2}",100.0,80.48,90.54106444297776,71.36710265285522,94.05,96.28002353456073,69.86054143318559,92.90676987359225,35.549547637372854,4.6095213435562705,1.0732271604581842,7.27971861057893,True,99.91512142054442,True,7.016762702417655,105.85277477932034,7.902506371956253,0.8956496348892063,86.67332218947132,74.93,0.0,,,True,Completed,2025-08-18,Project Complete,2024-09-20,2024-09-24
TEAM323,Omega Unit,PRJ135,2023-04-30,Hybrid,EMP0205,"EMP0512,EMP134,EMP1794,EMP0205,EMP0706,EMP1232",6,"{""Logistics"": 3, ""Operations"": 3}","{""Principal"": 2, ""Lead"": 2, ""Senior"": 2}",100.0,79.8,64.66955055839112,87.65116239266676,60.06,60.2768838859505,71.44335235397995,83.82770805197852,46.18119258998038,6.414567669070417,0.9130163475913897,6.557307758221878,True,265.8757780709265,True,6.7084141279336045,107.88847385004013,7.244995539933019,1.093063953777665,79.63904241210874,60.2,2.073787648533003,Great collaboration,Async communication worked well,False,Completed,2024-03-14,Budget Cut,2023-04-30,2026-01-18
TEAM324,Delta Unit,PRJ301,2024-03-22,Hybrid,EMP1554,"EMP1647,EMP1349,EMP1607,EMP087,EMP1554,EMP1352,EMP1129",7,"{""Product"": 1, ""Graphic"": 2, ""UI"": 4}","{""Lead"": 4, ""Mid"": 1, ""Senior"": 2}",92.31,68.05,68.58781428728587,69.85385379925972,56.07,84.2696475254339,74.79201683833554,85.61953599095204,68.7035992889047,5.49509582844394,2.005023221200331,7.586422040876551,True,73.5609166914333,True,9.530423382245612,91.05509770719377,6.051605644408161,1.3,78.84664211290062,63.21,3.006404957224012,Great collaboration,,True,Completed,2025-03-20,Reorganization,2024-03-22,2025-06-02
TEAM325,Delta Squad,PRJ520,2024-01-13,AI-Recommended,EMP0954,"EMP0954,EMP0320,EMP0417",3,"{""Finance"": 3}","{""Senior"": 2, ""Mid"": 1}",92.59,86.27,65.70228408770271,94.8722402342949,76.15,94.41986966340895,97.59072895048347,64.23906616954899,56.31014703842895,5.644551507305563,3.0,8.607710356508392,True,191.6992800179908,False,8.301357537018262,110.25429008392186,6.902257507883754,1.0995431939938605,80.1421210089191,56.65,0.0,,Clear roles helped,True,Completed,2024-12-16,Project Complete,2024-01-13,2024-10-31
TEAM326,Delta Unit,PRJ175,2024-08-05,AI-Recommended,EMP1647,"EMP1647,EMP1337,EMP0266,EMP1152",4,"{""Product"": 1, ""UI"": 3}","{""Lead"": 3, ""Senior"": 1}",100.0,81.48,65.20350480426981,66.202387440409,57.27,99.68501728987806,73.73484078398488,74.05753769520595,60.7742872442373,7.497794877439974,0.0,8.781118810256412,True,117.15400803194063,False,7.9372228505557825,92.17487369270566,8.067262969427272,1.0946990621021015,106.47455723851016,76.01,3.9945112429621257,Great collaboration,,True,Completed,2024-05-27,Project Complete,2024-08-05,2024-12-08
TEAM327,Delta Unit,PRJ681,2023-07-10,Hybrid,EMP1411,"EMP1411,EMP1063,EMP1509,EMP0999,EMP0826,EMP0469,EMP0484",7,"{""Recruiter"": 1, ""HR"": 6}","{""Lead"": 2, ""Senior"": 4, ""Mid"": 1}",100.0,63.32,78.82592184184684,51.2930256584774,77.85,61.74191196995075,76.55999232335493,88.15737992776448,79.16898857681522,5.030710349792499,0.0,7.306210692044265,True,82.33830958512256,True,6.786384812209713,91.53447118365068,8.126226844455381,1.191433950434088,71.09665626220152,57.34,0.04184533546389116,Strong execution,Daily standups critical,,Completed,2023-09-10,Budget Cut,2023-07-10,2025-10-31
TEAM328,Delta Unit,PRJ492,2025-03-25,AI-Recommended,EMP1352,"EMP1200,EMP0239,EMP0283,EMP1103,EMP0353,EMP0957,EMP0775,EMP1670,EMP0413,EMP1352",10,"{""UI"": 9, ""UX"": 1}","{""Lead"": 5, ""Mid"": 3, ""Senior"": 1, ""Junior"": 1}",100.0,61.22,41.916955212590445,79.6887488604591,74.51,71.35807635458961,63.13781895256872,77.80401123812938,97.83415892253691,5.886123208640731,1.9939445250615027,8.089311189331925,True,100.81307235158435,True,7.635763344516582,109.33599940105427,8.43815979985608,0.8,107.04405442057366,59.21,3.985898081269921,Exceeded expectations,,True,Completed,2025-01-13,Project Complete,2025-03-25,2024-12-03
TEAM329,Omega Unit,PRJ058,2024-01-06,Hybrid,EMP1244,"EMP1244,EMP093,EMP0512",3,"{""Logistics"": 2, ""Operations"": 1}","{""Lead"": 1, ""Senior"": 1, ""Principal"": 1}",81.21,100.0,73.9562494449909,65.3684928821812,58.08,84.39345836870957,49.080862872860166,70.84898918572101,77.8442714828511,7.151701821879491,3.0,8.58632016150143,True,132.82365286843745,True,7.687540522730222,106.56878057778442,7.068538170441174,1.1928510069849017,94.3672242663515,64.35,1.0601358906622604,,,True,Completed,2024-09-25,Project Complete,2024-01-06,2024-11-27
TEAM330,Delta Squad,PRJ939,2024-03-16,Hybrid,EMP156,"EMP109,EMP0595,EMP0379,EMP0329,EMP156,EMP1625,EMP0635,EMP1112,EMP1879,EMP1512",10,"{""People"": 1, ""HR"": 7, ""Recruiter"": 2}","{""Senior"": 2, ""Mid"": 3, ""Junior"": 2, ""Principal"": 2, ""Lead"": 1}",100.0,61.06,57.42690275821756,91.44819484328627,66.8,91.83063782064156,78.24506690485977,77.93649099141263,82.78438784262876,7.0662386526507,0.0,6.470983382547446,True,262.65354555074185,False,8.030175776526871,107.82191425791905,7.369457504548808,0.8,92.8976428734198,53.87,1.0112553024784834,Great collaboration,Daily standups critical,False,Completed,2024-05-18,Reorganization,2024-03-16,2025-12-26
TEAM331,Gamma Force,PRJ214,2023-11-13,Hybrid,EMP0900,"EMP0926,EMP051,EMP0962,EMP0246,EMP1403,EMP0900,EMP1112,EMP1131",8,"{""Business"": 2, ""Sales"": 2, ""Account"": 2, ""Recruiter"": 1, ""Software"": 1}","{""Lead"": 8}",98.69,17.01,72.5530449713436,89.54107532461352,89.64,72.02697638982514,75.15273661002453,68.77355333068051,79.18450218170314,7.931260870965729,1.9348227057403693,7.9779249512684896,True,94.61750533958704,True,8.574483503606453,105.99803780148675,5.553635073700032,1.015960804665364,87.4804000725486,79.42,1.0895325059169891,Great collaboration,Daily standups critical,True,Completed,2024-07-25,Budget Cut,2023-11-13,2024-08-08
TEAM332,Sigma Force,PRJ541,2025-02-26,Hybrid,EMP173,"EMP0396,EMP173,EMP0512,EMP0243,EMP0675,EMP1010,EMP0582",7,"{""Sales"": 1, ""Business"": 1, ""Logistics"": 2, ""Operations"": 3}","{""Lead"": 4, ""Principal"": 1, ""Mid"": 1, ""Junior"": 1}",83.11,89.03,53.22907650245373,89.5123032877562,70.21,96.12824176326808,65.35441396190328,100.0,61.451601142884876,6.640758569231958,0.0,7.001564774328331,True,354.73565999192516,True,7.578420912493307,89.04280666361079,6.314807629728602,0.8,115.8,51.27,2.058198845264606,Communication issues resolved,Async communication worked well,True,Completed,2025-06-04,Project Complete,2025-02-26,2025-03-20
TEAM333,Gamma Force,PRJ251,2023-08-13,Manual,EMP0307,"EMP1797,EMP1082,EMP0374,EMP0860,EMP1696,EMP0307",6,"{""SEO"": 1, ""Marketing"": 3, ""Campaign"": 2}","{""Senior"": 2, ""Mid"": 3, ""Lead"": 1}",81.21,71.28,64.74375747107587,78.43215882823576,68.81,89.28777646978831,47.315463479260494,70.65871791372962,52.6523307607034,7.4434907934869585,0.0,6.447791055187218,True,149.3155380041703,True,8.005476881288633,84.51673671675266,6.484413131354166,0.8094350033541815,71.46435465318453,45.77,2.085350749144297,Exceeded expectations,Async communication worked well,True,Completed,2023-12-16,Project Complete,2023-08-13,2024-07-28
TEAM334,Omega Force,PRJ005,2023-08-24,Hybrid,EMP156,"EMP1163,EMP0671,EMP1994,EMP1669,EMP073,EMP156",6,"{""People"": 2, ""Recruiter"": 2, ""HR"": 2}","{""Senior"": 1, ""Lead"": 3, ""Principal"": 2}",100.0,79.89,50.623677766142826,86.95438678035721,77.93,80.49355536788661,87.76502924068897,83.96701148797892,78.74673087416143,5.481821612591996,1.8247220251693759,9.092844662215036,True,206.59760152090027,True,6.670254886950954,90.32736188811991,6.503900908125731,0.909635026723809,99.29238865955442,69.28,0.9562684193630534,Great collaboration,Daily standups critical,True,Completed,2024-11-03,Project Complete,2023-08-24,2025-04-22
TEAM335,Alpha Team,PRJ127,2023-12-25,AI-Recommended,EMP071,"EMP0760,EMP071,EMP0921,EMP0385,EMP0936",5,"{""Accountant"": 1, ""Operations"": 1, ""Logistics"": 3}","{""Principal"": 2, ""Senior"": 2, ""Lead"": 1}",98.38,92.89,57.28461589327693,72.54546722703505,61.12,87.52986947752437,65.03357201115955,97.51513010400927,30.37512112251556,6.825509964799631,2.0423590844830435,6.745241143939314,True,213.7749092321999,False,8.903215980062862,96.38424395055783,8.86978704728186,1.1078954841688147,98.66989538930677,57.36,2.881316268734224,Communication issues resolved,Daily standups critical,True,Completed,2024-04-14,Budget Cut,2023-12-25,2026-01-25
TEAM336,Beta Crew,PRJ486,2024-01-22,Hybrid,EMP1314,"EMP0437,EMP079,EMP1314,EMP1408",4,"{""HR"": 3, ""Recruiter"": 1}","{""Senior"": 1, ""Lead"": 3}",100.0,63.13,47.320119121258074,73.69886382728681,48.49,77.65451828877022,91.85731474227708,90.11653673217845,77.86977488463624,6.505923747065682,0.8792758409843542,7.185458736058426,True,111.89101974024152,False,6.679667981911952,99.87379457254609,7.088550744300036,1.094373752535088,93.203284663945,75.48,0.031206186123405238,Communication issues resolved,Need better docs,,Completed,2023-12-15,Project Complete,2024-01-22,2025-05-08
TEAM337,Beta Squad,PRJ695,2023-04-11,Hybrid,EMP1583,"EMP0545,EMP1572,EMP1583",3,"{""UI"": 3}","{""Lead"": 3}",63.43,59.97,86.95947753520431,95.39165259914127,55.27,73.53544810059317,33.3,85.38753019118782,83.33445419887605,6.54232618222348,2.0315001898474634,7.73147822936538,True,218.395608053271,True,6.509911141026993,114.0444042506212,5.752152903217606,0.8,115.11199464940944,62.8,0.9575335471004952,Exceeded expectations,,True,Completed,2024-07-07,Budget Cut,2023-04-11,2025-12-07
TEAM338,Beta Squad,PRJ915,2025-07-18,Hybrid,EMP1725,"EMP1145,EMP048,EMP0955,EMP1725,EMP0826",5,"{""HR"": 4, ""People"": 1}","{""Senior"": 2, ""Principal"": 2, ""Lead"": 1}",94.9,81.51,87.79264534106753,66.21316319422898,64.33,77.4209598180962,90.38588906396289,80.42903566607396,100.0,6.071404775377475,1.0147501344107126,7.560017702032234,True,268.7164443341469,True,8.425288163856903,83.75402340907138,6.640876903441531,1.1129360086704962,91.76964261247281,69.35,2.057266399293052,Exceeded expectations,Async communication worked well,True,Completed,2025-11-28,Budget Cut,2025-07-18,2025-07-01
TEAM339,Alpha Unit,PRJ910,2023-12-11,AI-Recommended,EMP0955,"EMP1669,EMP1314,EMP0955,EMP061,EMP018,EMP0858,EMP1146",7,"{""HR"": 6, ""People"": 1}","{""Lead"": 3, ""Principal"": 1, ""Mid"": 2, ""Senior"": 1}",100.0,87.53,54.26322308298983,53.844225276551256,82.38,89.24672314815754,68.16733553687062,91.31775338404663,81.2511176950759,5.73506907529929,3.0,7.58706982199782,,195.85366026336519,True,6.49593374842271,98.92489611811325,6.645131176512039,0.8964670211633328,105.53544900873668,73.11,2.9424084990869757,Communication issues resolved,Need better docs,True,Completed,2024-10-20,Budget Cut,2023-12-11,2025-04-23
TEAM340,Alpha Force,PRJ170,2025-03-11,AI-Recommended,EMP017,"EMP0419,EMP0220,EMP017,EMP0557,EMP138,EMP0307,EMP0984,EMP0410,EMP1055,EMP0714",10,"{""SEO"": 5, ""Campaign"": 2, ""Marketing"": 3}","{""Mid"": 7, ""Senior"": 2, ""Lead"": 1}",100.0,47.7,97.94110293937712,78.10298790794344,78.32,74.259395451668,54.97540943631279,71.66151379139674,70.92497024171088,7.80126700897539,1.997693792794813,9.004745748944888,True,163.10339963878945,True,6.387112648300678,93.8607573916072,7.149643366837505,0.903000025114579,50.0,52.38,0.977602702772011,Communication issues resolved,Async communication worked well,,Completed,2025-03-24,Project Complete,2025-03-11,2025-02-26
TEAM341,Alpha Unit,PRJ107,2024-04-25,AI-Recommended,EMP0696,"EMP1783,EMP109,EMP1652,EMP0696,EMP1722,EMP0894,EMP1137",7,"{""Recruiter"": 2, ""People"": 4, ""HR"": 1}","{""Lead"": 2, ""Senior"": 4, ""Mid"": 1}",89.86,62.51,54.16836539971117,55.06116801783548,86.15,87.3082053850539,68.40422531705191,91.82772589845764,82.03214359081011,5.882201480366726,3.0,7.660432063681664,,197.41406781528374,True,6.553844919193588,98.20744249409567,6.754494896857489,0.9109134063008903,104.77634936151088,55.18,2.9638628427155185,Communication issues resolved,Need better docs,True,Completed,2024-10-20,Budget Cut,2024-04-25,2024-12-13
TEAM342,Beta Squad,PRJ298,2024-06-12,Hybrid,EMP0684,"EMP0684,EMP1049,EMP0286,EMP125,EMP1081",5,"{""UI"": 3, ""Graphic"": 2}","{""Lead"": 2, ""Senior"": 3}",87.62,56.17,86.75731671968201,66.67996214554903,87.96,78.3725002309156,90.62048120946473,81.40424644199055,99.80048391313964,6.162156395801604,0.9393748365254713,7.505494419262042,True,265.2319891350854,True,8.441868283840355,83.52192586311934,6.738889559876886,1.0980600459619578,92.07961451528122,46.7,2.0603264231889042,Exceeded expectations,Async communication worked well,True,Completed,2025-11-28,Budget Cut,2024-06-12,2025-08-05
TEAM343,Delta Force,PRJ959,2025-02-11,Hybrid,EMP0277,"EMP0277,EMP0392,EMP1300,EMP0847",4,"{""Recruiter"": 2, ""HR"": 1, ""People"": 1}","{""Lead"": 2, ""Senior"": 2}",100.0,74.32,74.90560509158553,61.15432919341547,97.45,60.38607189359436,75.57253302684627,75.04734364159,75.8708679882992,9.998443731718865,0.9119145984803402,8.312563111761085,True,361.77999016550007,True,7.456294875106123,103.62626604226433,7.259269208296434,0.998637968571749,90.43661674965523,66.02,4.0755898264139585,Exceeded expectations,,,Completed,2025-11-05,Budget Cut,2025-02-11,2025-12-17
TEAM344,Gamma Unit,PRJ006,2024-09-13,AI-Recommended,EMP0955,"EMP1512,EMP0955,EMP155,EMP1146,EMP0392",5,"{""HR"": 3, ""Recruiter"": 2}","{""Principal"": 2, ""Lead"": 2, ""Senior"": 1}",100.0,84.17,56.48290887986979,95.40026484813829,85.68,78.80933029749448,89.48509451043374,58.011229711101535,77.73390168871865,5.94816391697956,2.048515556300011,6.182221410374003,True,326.95522252347,False,8.108960395464013,109.42049853874248,8.68535917572043,0.8893649605704734,84.34983079785425,80.34,0.027160265974848927,,Need better docs,,Completed,2025-10-13,Budget Cut,2024-09-13,2024-10-24
TEAM345,Delta Unit,PRJ668,2024-03-28,AI-Recommended,EMP1647,"EMP1647,EMP1583,EMP0705,EMP1584,EMP0822",5,"{""Product"": 2, ""UI"": 2, ""UX"": 1}","{""Lead"": 3, ""Mid"": 2}",100.0,52.54,55.42397486120386,100.0,54.53,83.4992046438217,78.99337089591396,60.85651419682245,52.007330146331824,7.939706416680403,2.9030294890915527,7.480940545589461,True,260.77896486344196,True,5.636579555003572,101.65140255700163,8.362507949822911,0.9020905565296043,93.47690625758372,72.01,5.0,Great collaboration,Daily standups critical,False,Completed,2025-01-07,Budget Cut,2024-03-28,2024-09-13
TEAM346,Omega Crew,PRJ614,2023-08-27,AI-Recommended,EMP1727,"EMP197,EMP147,EMP1727,EMP1296",4,"{""Campaign"": 2, ""SEO"": 2}","{""Senior"": 3, ""Mid"": 1}",91.53,73.97,81.09751404136219,76.48767605306205,71.63,81.54894255221272,69.2295024439732,68.46080901974759,99.34748243682506,6.763309411533504,3.0,5.40669079702905,True,248.19351192282298,True,7.1474945515214054,95.05622726124794,7.138687287457547,1.201033227547468,84.50211172647455,45.67,4.032448450889473,Communication issues resolved,Async communication worked well,True,Completed,2025-02-10,Reorganization,2023-08-27,2025-10-07
TEAM347,Gamma Unit,PRJ039,2023-10-01,Hybrid,EMP0287,"EMP1652,EMP1146,EMP1994,EMP1974,EMP1704,EMP0287",6,"{""People"": 2, ""HR"": 3, ""Recruiter"": 1}","{""Senior"": 3, ""Lead"": 1, ""Mid"": 2}",100.0,78.26,76.01995126439365,71.7503304378957,88.99,84.79672135165215,91.38727669706357,72.32998142435461,82.78894123749012,8.081078214241005,2.949048192848984,6.665205947604981,True,183.93605094030647,True,7.555659685321701,96.77127815743661,7.92190855067553,1.2873374606402528,98.37679754276176,55.17,1.1275883798466597,Great collaboration,,True,Completed,2024-05-15,Project Complete,2023-10-01,2025-03-22
TEAM348,Omega Crew,PRJ708,2024-08-23,AI-Recommended,EMP0858,"EMP0326,EMP1725,EMP1376,EMP1315,EMP0858",5,"{""HR"": 2, ""People"": 1, ""Recruiter"": 2}","{""Senior"": 1, ""Principal"": 1, ""Lead"": 2, ""Mid"": 1}",94.91,92.15,54.73714350807252,63.73625447142918,84.97,85.93479363279572,61.351389343986284,79.40024352728635,76.73025201088902,5.034037990320692,1.9749289696825532,7.361194225614291,True,175.5132500304283,False,6.363040083333271,102.53860515338185,7.433484939504769,0.999426993292584,77.35584362611847,53.71,2.9577935689073107,Communication issues resolved,Need better docs,True,Completed,2025-07-06,Reorganization,2024-08-23,2025-03-12
TEAM349,Omega Force,PRJ507,2024-05-20,Manual,EMP1427,"EMP0230,EMP1036,EMP0974,EMP1427,EMP008",5,"{""Product"": 1, ""Graphic"": 2, ""UI"": 2}","{""Lead"": 3, ""Senior"": 1, ""Mid"": 1}",85.03,100.0,50.49627881107998,74.44523231084189,66.2,83.61760118230868,72.54738558136502,91.21805164405899,72.7052759327189,6.767217499429855,0.0,6.465772414149394,,346.75226854945487,True,8.706104986696149,96.62195370268455,8.173122920160024,1.1892920285966067,75.52368369683592,54.7,0.0,,,True,Completed,2025-03-24,Reorganization,2024-05-20,2025-06-19
TEAM350,Alpha Team,PRJ505,2023-11-21,Manual,EMP016,"EMP0890,EMP1529,EMP0443,EMP0256,EMP1804,EMP016,EMP0683,EMP1117",8,"{""Team"": 7, ""Senior"": 1}","{""Junior"": 1, ""Mid"": 3, ""Senior"": 3, ""Lead"": 1}",99.01,65.82,61.42275688409395,56.38468697508897,62.6,78.40299133567733,51.33932042534631,87.91306500939835,76.47093816282148,5.855520266330017,2.084770441311276,7.857130718304633,,177.54440455427883,True,7.754301562266265,107.46762295369084,6.338021636961044,1.0979515215304905,98.28702183283127,41.34,1.0881070892218592,Exceeded expectations,,True,Completed,2023-12-14,Budget Cut,2023-11-21,2024-10-27
TEAM351,Delta Squad,PRJ208,2023-07-31,AI-Recommended,EMP181,"EMP181,EMP147,EMP0714",3,"{""Campaign"": 3}","{""Senior"": 1, ""Mid"": 2}",100.0,94.99,65.9893565118486,47.016472604393364,70.71,69.64984899546886,82.62539881526634,49.07474690208117,83.13247311316934,7.452441468137161,1.9910943701534334,6.685024892961827,True,132.7646980212225,False,9.08840065238913,93.28147913879226,10.0,1.2048573089760746,91.06352446474125,58.98,0.08897449698049882,Exceeded expectations,,True,Completed,2024-01-27,Reorganization,2023-07-31,2025-12-05
TEAM352,Omega Squad,PRJ742,2024-05-28,Hybrid,EMP0621,"EMP0621,EMP028,EMP1720",3,"{""Accountant"": 1, ""Finance"": 1, ""Controller"": 1}","{""Principal"": 2, ""Senior"": 1}",99.23,98.68,89.6803199670734,64.63133178996735,100.0,95.63220132150558,79.00665265162785,55.69815590286212,50.56838916939524,5.623372091741391,1.93015124494427,7.753559730372705,True,77.205047213512,True,6.807705987319224,84.82173609837666,9.062584513391945,1.1020917098880356,94.3932837144891,77.91,4.1100709560043285,Strong execution,,False,Completed,2025-02-04,Project Complete,2024-05-28,2025-10-04
TEAM353,Alpha Squad,PRJ545,2023-06-10,Manual,EMP1657,"EMP0993,EMP1657,EMP1449,EMP0243,EMP0275,EMP055,EMP1435",7,"{""Accountant"": 1, ""Logistics"": 3, ""Operations"": 3}","{""Principal"": 2, ""Lead"": 4, ""Senior"": 1}",100.0,65.28,89.6452217930861,97.63779058638056,57.64,82.55050112614107,38.79388350048209,78.46424222515286,58.042525568693854,8.074252033773215,0.978676057181303,7.974308986357981,True,79.05180138635012,False,7.386032331635693,95.67137296820434,7.7249045529769855,1.1080626402895488,100.24115515636983,62.94,4.856199371042138,Communication issues resolved,Daily standups critical,True,Completed,2024-06-02,Budget Cut,2023-06-10,2024-10-03
TEAM354,Sigma Force,PRJ226,2024-08-08,Hybrid,EMP0473,"EMP0613,EMP0747,EMP0473,EMP158,EMP0836,EMP1195,EMP1801",7,"{""Finance"": 3, ""Accountant"": 1, ""Financial"": 1, ""Logistics"": 1, ""Sales"": 1}","{""Senior"": 5, ""Principal"": 2}",100.0,37.91,53.453490826661486,89.11931301707511,68.4,96.23129604792824,65.21457469267575,100.0,61.21303894659104,6.599339542558888,0.018637791123930783,6.9747407681660265,True,364.7,True,7.65034541873134,87.3001860393685,6.379992038639634,0.8079037607186298,115.8,53.27,1.9954104495373362,Communication issues resolved,Async communication worked well,True,Completed,2025-06-04,Project Complete,2024-08-08,2025-02-17
TEAM355,Alpha Force,PRJ816,2025-03-26,AI-Recommended,EMP1864,"EMP0676,EMP0988,EMP0826,EMP1376,EMP1414,EMP1413,EMP1864,EMP0363,EMP0696,EMP1069",10,"{""HR"": 5, ""People"": 4, ""Recruiter"": 1}","{""Senior"": 3, ""Lead"": 2, ""Mid"": 4, ""Principal"": 1}",99.74,67.91,99.14859348743786,77.90078215503615,61.93,75.96266919331937,56.20939924076094,71.28630453343833,70.71240202602851,7.872879534676235,2.0252837510425836,9.002340660312708,True,164.53982815351927,True,6.418464815811015,92.99412869561728,7.215279811250008,0.9012384789461899,50.95915072857141,66.92,1.11599516940689,Communication issues resolved,Async communication worked well,,Completed,2025-03-24,Project Complete,2025-03-26,2025-04-23
TEAM356,Gamma Unit,PRJ846,2025-02-26,Hybrid,EMP0539,"EMP1583,EMP1670,EMP1125,EMP0539,EMP0943,EMP1347,EMP0603,EMP0918,EMP1100,EMP0573",10,"{""UI"": 3, ""Product"": 4, ""UX"": 1, ""Graphic"": 2}","{""Lead"": 3, ""Mid"": 6, ""Senior"": 1}",89.62,42.09,71.87096715478872,56.366602819266404,70.05,100.0,72.08107347440742,75.37349888831548,81.42589677230461,6.829041948106238,2.027083867754826,8.303573200577457,True,88.36364805537337,True,4.973835729102579,91.62239425526815,7.947061023392918,0.8029459530565373,98.0186883161748,54.63,0.049843877050364145,Exceeded expectations,Async communication worked well,False,Completed,2025-08-28,Reorganization,2025-02-26,2025-12-12
TEAM357,Alpha Squad,PRJ362,2023-12-03,Hybrid,EMP0307,"EMP0419,EMP1023,EMP1012,EMP0307,EMP0997",5,"{""SEO"": 3, ""Campaign"": 1, ""Marketing"": 1}","{""Mid"": 1, ""Senior"": 3, ""Lead"": 1}",99.26,92.05,40.951934888021434,67.54803258630771,72.82,77.09232345474405,60.45056244707332,83.65052739049234,59.65122841172228,8.378224439306173,1.9638183159922484,7.123919059803075,True,246.6993106828901,True,4.845220531682709,91.91661126318182,7.73310139145514,1.0995904641084777,68.0193129124175,52.1,2.8537815733159158,Communication issues resolved,Daily standups critical,True,Completed,2024-03-04,Budget Cut,2023-12-03,2025-11-26
TEAM358,Gamma Crew,PRJ163,2024-07-29,Hybrid,EMP085,"EMP1598,EMP1659,EMP181,EMP0337,EMP176,EMP1958,EMP0810,EMP085,EMP1391,EMP1691",10,"{""Content"": 3, ""SEO"": 2, ""Campaign"": 3, ""Marketing"": 2}","{""Mid"": 6, ""Senior"": 3, ""Junior"": 1}",100.0,37.15,87.82383302861194,79.52342383161364,64.36,99.66410814825815,57.99499145678612,71.04864662230942,64.096351412029,7.368919747409045,0.0328027162314648,7.567486517131016,True,251.7719396049207,True,7.183560306045687,106.07117928519332,10.0,0.901193989168015,102.03461882692437,59.21,4.023515088712137,Strong execution,Need better docs,,Completed,2025-10-12,Budget Cut,2024-07-29,2024-07-24
TEAM359,Delta Squad,PRJ443,2025-05-15,Manual,EMP1659,"EMP0549,EMP1357,EMP0508,EMP0601,EMP1017,EMP1659,EMP0874,EMP1771",8,"{""Marketing"": 3, ""SEO"": 3, ""Campaign"": 2}","{""Mid"": 5, ""Senior"": 3}",100.0,36.85,99.86551160182871,90.45416915577691,80.61,67.03432722781999,86.44309927845117,79.92846310727074,37.546313069421664,8.195637912912835,3.0,8.054832069292877,True,186.42116138613625,False,4.926026994806942,90.47369977595615,6.0964197520855645,1.2069309777691604,64.55873806673385,42.98,1.0775405016877115,Exceeded expectations,Daily standups critical,False,Completed,2025-01-20,Reorganization,2025-05-15,2026-01-30
TEAM360,Omega Force,PRJ510,2024-08-21,Manual,EMP076,"EMP1783,EMP0249,EMP1069,EMP076,EMP0392",5,"{""Recruiter"": 2, ""People"": 2, ""HR"": 1}","{""Lead"": 3, ""Principal"": 1, ""Mid"": 1}",100.0,90.9,52.116682128276594,75.68574652295148,53.8,84.73636478186393,70.94406346625846,92.28878716204896,71.28998273833574,6.7327700183100445,0.0,6.564552600954454,,332.2378688047042,True,8.713528197199246,97.09907893258809,8.296273742098307,1.2076103596752448,76.17441151844477,49.15,0.0,,,True,Completed,2025-03-24,Reorganization,2024-08-21,2025-11-04
TEAM361,Alpha Crew,PRJ202,2025-01-13,Manual,EMP155,"EMP0826,EMP155,EMP1295,EMP1205",4,"{""HR"": 2, ""Recruiter"": 1, ""People"": 1}","{""Lead"": 2, ""Principal"": 1, ""Senior"": 1}",96.42,100.0,82.93461734179485,80.91128034167384,67.92,62.788301399492994,46.64403304127301,87.66234818389336,59.08555888138572,7.242468783533436,2.9618116660300977,6.543214575722963,True,113.82440666965071,False,7.265270564293089,99.93335156451936,,1.2901000551933681,53.001587444629195,49.48,2.9438261172128195,Communication issues resolved,Clear roles helped,,Completed,2025-01-03,Project Complete,2025-01-13,2024-09-30
TEAM362,Gamma Squad,PRJ666,2024-05-10,AI-Recommended,EMP0808,"EMP0808,EMP1583,EMP1013,EMP1036",4,"{""UI"": 2, ""Graphic"": 2}","{""Lead"": 2, ""Senior"": 2}",100.0,81.0,57.305397876796356,57.37815685969717,81.04,76.16635790029355,65.1148072401915,57.154706986480875,83.71686950602549,7.571057446245775,0.0,9.9,,258.3152886470803,False,6.383195230825366,111.4811558950562,8.492436210828448,1.0088961630586266,79.72659650418174,49.12,1.9244423476192025,,Async communication worked well,False,Completed,2024-11-03,Reorganization,2024-05-10,2025-11-16
TEAM363,Alpha Unit,PRJ639,2024-04-03,Manual,EMP1088,"EMP1500,EMP1373,EMP1059,EMP1720,EMP1634,EMP1088,EMP1078",7,"{""Finance"": 2, ""Financial"": 2, ""Controller"": 3}","{""Senior"": 2, ""Mid"": 2, ""Principal"": 3}",86.55,50.72,69.25289217889875,69.89317964134857,71.78,99.82706645623048,72.38039160612513,82.47397032393957,75.65312420471967,7.521500643754055,3.0,8.888554323299214,True,44.816217853818976,False,7.666431416382216,99.37618299893025,,1.206110200355925,87.8402520138839,77.54,0.8928199567539529,Great collaboration,,False,Completed,2024-07-01,Reorganization,2024-04-03,2025-02-20
TEAM364,Alpha Unit,PRJ719,2025-01-16,AI-Recommended,EMP1824,"EMP0994,EMP0883,EMP1195,EMP1824,EMP1567,EMP1676",6,"{""Logistics"": 2, ""Operations"": 4}","{""Principal"": 2, ""Senior"": 1, ""Lead"": 3}",88.97,82.81,53.02272942280937,59.872833798843885,52.2,84.60014023079322,75.65040260989262,99.20068226575297,91.09882790821852,5.795493793368122,2.0071258066958384,7.646009406330569,True,154.18434843266076,False,5.688443114056743,93.38704280109395,8.558321916772114,0.9054961684630752,83.86905419483364,66.81,5.0,Exceeded expectations,Need better docs,False,Completed,2025-08-24,Project Complete,2025-01-16,2024-12-08
TEAM365,Omega Squad,PRJ671,2025-08-18,Hybrid,EMP1447,"EMP1074,EMP0287,EMP1447",3,"{""Recruiter"": 2, ""HR"": 1}","{""Lead"": 2, ""Senior"": 1}",100.0,87.52,89.01133125636629,63.2998514050063,75.98,95.07028327226313,79.88282531316514,55.17393799261819,51.14272816155166,5.6356658010139595,2.016039554895719,7.77861677194785,True,80.60076695619605,True,6.722741503587254,84.9482289950753,9.078467739244683,1.0984348311989334,94.05593142512782,83.43,4.001543478421923,Strong execution,,False,Completed,2025-02-04,Project Complete,2025-08-18,2025-12-08
TEAM366,Alpha Unit,PRJ023,2024-01-13,AI-Recommended,EMP1770,"EMP1864,EMP1069,EMP1783,EMP1770,EMP0277,EMP0699,EMP1252",7,"{""People"": 3, ""Recruiter"": 3, ""HR"": 1}","{""Principal"": 1, ""Mid"": 1, ""Lead"": 3, ""Senior"": 1, ""Junior"": 1}",98.56,100.0,52.8373787201017,53.30578893845224,66.63,88.25266911788374,68.71395570913698,91.51220900959967,83.05069178399445,5.792145603486964,2.9628422234827863,7.764699822109583,,197.4600620257065,True,6.530769451436565,98.45203635974289,6.751118233766432,0.8976839497485268,105.75438559814151,45.43,3.060018167880354,Communication issues resolved,Need better docs,True,Completed,2024-10-20,Budget Cut,2024-01-13,2025-01-18
TEAM367,Alpha Crew,PRJ106,2024-02-06,Manual,EMP1537,"EMP0957,EMP133,EMP1607,EMP1537",4,"{""UI"": 2, ""Graphic"": 2}","{""Lead"": 3, ""Senior"": 1}",100.0,74.98,81.11483982107356,81.87468021793482,66.01,60.05673814213754,47.00873802352717,86.1778763963519,59.63524176757762,7.119817412262659,2.9858493088106406,6.645769146635311,True,108.47694308923762,False,7.311076265629994,99.42310172649624,,1.3,53.25942522627636,61.76,2.9628585603540545,Communication issues resolved,Clear roles helped,,Completed,2025-01-03,Project Complete,2024-02-06,2025-04-01
TEAM368,Gamma Team,PRJ488,2024-05-07,AI-Recommended,EMP1252,"EMP1068,EMP1252,EMP1069,EMP0847,EMP0599,EMP0492",6,"{""Recruiter"": 3, ""People"": 2, ""HR"": 1}","{""Lead"": 3, ""Mid"": 1, ""Senior"": 2}",96.77,70.61,70.34435888266097,68.30432738767132,58.12,80.79481912553476,88.4213904607789,77.82236667398517,63.44290578733132,9.015483039922572,0.958809477456944,6.70300457063094,True,187.4435844570729,False,8.768992400557291,97.3783264216507,4.1064676490775005,0.8129485023466918,77.70610301945001,57.17,5.0,Great collaboration,,True,Completed,2024-04-09,Reorganization,2024-05-07,2025-03-06
TEAM369,Beta Squad,PRJ197,2024-05-21,Hybrid,EMP0858,"EMP0671,EMP0326,EMP0858,EMP1314,EMP0249",5,"{""Recruiter"": 1, ""HR"": 3, ""People"": 1}","{""Lead"": 3, ""Senior"": 1, ""Principal"": 1}",100.0,87.13,87.28164592726436,66.7310749608829,75.79,77.24993963879241,90.08940439262533,81.62370200701653,100.0,6.279006449200367,0.984554041489659,7.501828834131219,True,266.2439335097204,True,8.59876916627671,83.62566128927008,6.761207012381636,1.0971120018793439,92.30637763064479,73.75,2.035606137203482,Exceeded expectations,Async communication worked well,True,Completed,2025-11-28,Budget Cut,2024-05-21,2025-08-07
TEAM370,Beta Crew,PRJ799,2023-07-16,AI-Recommended,EMP163,"EMP1751,EMP1179,EMP163",3,"{""Software"": 1, ""QA"": 1, ""DevOps"": 1}","{""Mid"": 1, ""Lead"": 1, ""Senior"": 1}",78.57,100.0,70.36718185305948,79.42062332395518,51.83,77.29433658668437,50.24951259745365,71.3238515301423,77.33911727397759,7.69644051958903,3.0,7.564185963637165,True,59.5007971535529,True,5.515801980288852,98.74720531301357,6.80371620089254,1.1034590333172511,83.22370631423284,45.1,1.083369741752146,Strong execution,,False,Completed,2024-05-26,Project Complete,2023-07-16,2024-08-05
TEAM371,Gamma Team,PRJ654,2024-05-31,Hybrid,EMP1573,"EMP0246,EMP0303,EMP183,EMP0364,EMP1573",5,"{""Sales"": 1, ""Accountant"": 2, ""Finance"": 2}","{""Lead"": 1, ""Principal"": 2, ""Mid"": 1, ""Senior"": 1}",100.0,99.51,69.54205514470503,66.27075021197884,89.97,99.67287700262759,57.66622693344251,70.09369477468417,63.911058665347845,7.6339561378103955,1.0165825850630015,6.43065032880471,,142.75928177313767,False,5.164584472786894,108.15346324090963,9.232865403316788,1.201345295377161,83.66376841108898,60.19,3.9963802337715784,,Need better docs,True,Completed,2024-04-23,Project Complete,2024-05-31,2024-09-05
TEAM372,Omega Unit,PRJ703,2024-01-12,Hybrid,EMP0211,"EMP0455,EMP1050,EMP0211",3,"{""Software"": 2, ""Senior"": 1}","{""Lead"": 2, ""Mid"": 1}",81.9,100.0,74.23548931831681,64.1704319473859,76.45,84.61847476792174,49.49703136971934,71.02021957328313,76.49629311844933,7.042669129649358,3.0,8.638975893887313,True,128.8778032887035,True,7.808450722289714,105.8683248189685,7.300315433079169,1.2022852467074476,93.23285449683368,35.64,0.940561073129172,,,True,Completed,2024-09-25,Project Complete,2024-01-12,2024-11-08
TEAM373,Delta Crew,PRJ002,2025-06-18,Hybrid,EMP0808,"EMP0808,EMP0622,EMP1200,EMP1100,EMP0727,EMP1303,EMP0273,EMP0793",8,"{""UI"": 5, ""Graphic"": 2, ""UX"": 1}","{""Lead"": 4, ""Senior"": 3, ""Junior"": 1}",87.18,58.81,26.3,79.79156248933052,78.19,100.0,75.2713495281784,100.0,82.73451130255958,7.453549987254072,2.9332284048455,5.568482269035223,True,310.43675906766657,True,6.9003712559065935,91.29288995659937,5.690641115431311,1.3,103.60719147871644,61.42,3.9340517186048594,Exceeded expectations,Need better docs,,Completed,2025-09-04,Reorganization,2025-06-18,2025-04-19
TEAM374,Gamma Crew,PRJ789,2024-12-07,Hybrid,EMP0252,"EMP0413,EMP0539,EMP1374,EMP0630,EMP1557,EMP0252,EMP0651,EMP1537,EMP1258,EMP0273",10,"{""UX"": 1, ""Product"": 1, ""Graphic"": 3, ""UI"": 5}","{""Junior"": 1, ""Lead"": 3, ""Mid"": 3, ""Senior"": 3}",100.0,61.22,86.46142083562027,78.20928636685747,72.08,99.92376258980806,57.52332250586835,70.43907256610461,62.72805223292694,7.213710334931266,0.0,7.5976172144597856,True,239.5679259165155,True,7.120685823488736,105.85505707602276,10.0,0.9082379585955271,101.76790934367084,57.9,3.846697918855385,Strong execution,Need better docs,,Completed,2025-10-12,Budget Cut,2024-12-07,2024-05-26
TEAM375,Omega Crew,PRJ421,2024-09-12,AI-Recommended,EMP0808,"EMP1049,EMP0808,EMP1607,EMP022,EMP0651",5,"{""UI"": 3, ""Graphic"": 1, ""Product"": 1}","{""Senior"": 1, ""Lead"": 4}",95.36,57.79,54.93979527857888,63.39486549106721,53.22,85.10855873256472,61.960500588869024,77.8717005272268,76.92774950584307,5.065679817885033,1.9756606673794574,7.40931089169602,True,169.23481720892033,False,6.300007815776172,102.4569903330964,7.3923877816540795,0.9990675163914792,78.1532902952199,69.54,3.0398982863782558,Communication issues resolved,Need better docs,True,Completed,2025-07-06,Reorganization,2024-09-12,2025-07-12
TEAM376,Gamma Force,PRJ729,2025-04-26,Hybrid,EMP025,"EMP1573,EMP0303,EMP025,EMP0664,EMP055",5,"{""Accountant"": 2, ""Project"": 1, ""Operations"": 2}","{""Principal"": 2, ""Senior"": 1, ""Lead"": 2}",100.0,97.36,70.15133954848531,72.75196605845353,73.01,70.06836860088555,75.11312987183483,100.0,84.44302894023453,6.2669703527329,0.9478394929662926,7.3573626830303445,True,105.0247612836157,True,6.649165982632762,90.63747401136023,7.556578059577561,0.901066845745139,80.81559555092316,42.67,4.088419904457749,Exceeded expectations,Async communication worked well,,Completed,2025-03-19,Budget Cut,2025-04-26,2024-10-18
TEAM377,Gamma Unit,PRJ055,2024-11-22,Hybrid,EMP1632,"EMP0878,EMP0808,EMP1632,EMP0692,EMP1695,EMP0309,EMP0500,EMP0507,EMP1308,EMP0494",10,"{""Account"": 4, ""UI"": 1, ""Sales"": 5}","{""Lead"": 4, ""Principal"": 1, ""Senior"": 2, ""Mid"": 3}",88.44,69.57,72.1910396248551,57.751760165646544,100.0,99.52507397568499,71.89515596444494,75.32721625575621,81.71526746189112,6.863841725142076,1.944894641833704,8.277608180626036,True,89.14020504332647,True,4.812882673528307,92.12467997047094,7.858285525470191,0.8068570469826868,96.6443513615243,56.91,0.10449382239848717,Exceeded expectations,Async communication worked well,False,Completed,2025-08-28,Reorganization,2024-11-22,2025-10-11
TEAM378,Omega Squad,PRJ097,2025-04-22,Hybrid,EMP1218,"EMP0812,EMP1218,EMP029",3,"{""SEO"": 1, ""Campaign"": 2}","{""Senior"": 2, ""Mid"": 1}",98.15,100.0,89.4244236894683,64.09244191042121,99.82,94.30345360273165,79.16073358084563,53.8265432302581,49.152152316803594,5.670551045247526,1.8876812123914641,7.850714671520841,True,74.9306990492697,True,6.730721852269067,84.4388761023155,9.11587050925009,1.1119187435809008,94.07076474909525,57.3,4.031505698500546,Strong execution,,False,Completed,2025-02-04,Project Complete,2025-04-22,2025-08-18
TEAM379,Beta Crew,PRJ305,2023-07-03,Hybrid,EMP0473,"EMP1195,EMP0888,EMP0320,EMP0473",4,"{""Logistics"": 1, ""Accountant"": 2, ""Finance"": 1}","{""Principal"": 1, ""Senior"": 3}",100.0,85.75,46.447480873698275,73.6033737684621,71.57,79.85435183206951,91.43858915624472,90.60936210093087,80.17423820457243,6.505516380264237,0.8695623961564887,7.064312304167697,True,105.81721112248765,False,6.695565732777164,100.00297423179344,7.00672595369962,1.1075337373930179,94.49994598775658,54.81,0.05603976754347539,Communication issues resolved,Need better docs,,Completed,2023-12-15,Project Complete,2023-07-03,2025-06-23
TEAM380,Gamma Unit,PRJ696,2024-08-09,Manual,EMP017,"EMP0220,EMP0872,EMP0554,EMP1797,EMP0357,EMP017",6,"{""SEO"": 4, ""Campaign"": 2}","{""Mid"": 3, ""Senior"": 3}",100.0,47.58,64.91683745384255,63.83792865964791,83.95,89.79386503807098,56.71940482970373,71.83846702576649,76.77336420821743,5.998961864481824,2.9528106857764307,5.473722536504174,True,105.63389022741995,True,10.0,109.67186788127765,6.531971263259079,0.9897087257192835,77.87672704441077,72.45,5.0,Communication issues resolved,Daily standups critical,True,Completed,2025-02-09,Reorganization,2024-08-09,2025-08-03
TEAM381,Delta Unit,PRJ525,2024-09-20,AI-Recommended,EMP1727,"EMP1788,EMP1012,EMP0383,EMP1727,EMP1296",5,"{""Content"": 1, ""Campaign"": 1, ""SEO"": 3}","{""Mid"": 2, ""Senior"": 3}",100.0,64.77,53.71864892943497,100.0,82.51,83.24246570675507,79.32038242425475,61.68796488543701,51.12016021279762,7.805458623781101,3.0,7.550203712376856,True,263.51286093290855,True,5.416487797672512,102.07316760921458,8.308773649196317,0.9079081105184276,93.33497445869573,52.21,4.9904497982909515,Great collaboration,Daily standups critical,False,Completed,2025-01-07,Budget Cut,2024-09-20,2024-11-10
TEAM382,Gamma Squad,PRJ120,2024-12-03,Manual,EMP073,"EMP1780,EMP109,EMP0861,EMP0659,EMP0708,EMP1926,EMP1940,EMP0996,EMP073",9,"{""HR"": 5, ""People"": 4}","{""Mid"": 3, ""Senior"": 2, ""Lead"": 2, ""Principal"": 2}",92.38,71.61,70.03443575446722,82.5643309039301,76.91,64.17285734928032,65.82901860866106,89.54813464117353,67.42517949379412,6.232904626656455,3.0,7.537815865316296,True,263.7813513049634,True,6.4551925955452845,89.60261243859995,7.178802753570567,0.8884996571625347,77.26580098282635,60.56,4.045991324619057,Great collaboration,Need better docs,True,Completed,2025-10-04,Reorganization,2024-12-03,2025-02-10
TEAM383,Gamma Unit,PRJ347,2024-07-03,Hybrid,EMP1086,"EMP0419,EMP0743,EMP0719,EMP026,EMP1086,EMP0601",6,"{""SEO"": 4, ""Campaign"": 1, ""Marketing"": 1}","{""Mid"": 3, ""Senior"": 3}",100.0,49.89,76.49234112114353,74.13248948818732,78.93,86.03126037281247,91.34472676043282,72.38932220083107,82.85979119788789,8.161018270298953,2.899642053157415,6.639978921724687,True,192.8881014445927,True,7.72850213364374,96.20341721718233,7.865029830335188,1.3,97.6573223062912,46.35,0.9471854348448151,Great collaboration,,True,Completed,2024-05-15,Project Complete,2024-07-03,2025-03-29
TEAM384,Beta Crew,PRJ346,2023-12-11,AI-Recommended,EMP1365,"EMP1365,EMP0994,EMP0243",3,"{""Logistics"": 2, ""Operations"": 1}","{""Lead"": 2, ""Principal"": 1}",100.0,90.08,69.51894232190315,78.62480357490875,54.55,77.02837939038929,50.27893133848901,71.5184098931672,78.57793435582674,7.562369328837518,3.0,7.570280868370952,True,47.68723241795899,True,5.489424360514257,97.76024903558218,6.720248428228128,1.1145297249787856,83.92742525704266,59.69,0.9793432013243559,Strong execution,,False,Completed,2024-05-26,Project Complete,2023-12-11,2024-08-08
TEAM385,Omega Unit,PRJ010,2023-07-23,Hybrid,EMP1058,"EMP1621,EMP0679,EMP0930,EMP1058,EMP1301,EMP1648",6,"{""QA"": 1, ""Software"": 1, ""DevOps"": 2, ""Senior"": 1, ""Team"": 1}","{""Lead"": 2, ""Mid"": 2, ""Senior"": 2}",100.0,78.82,65.60296919972986,89.20130965534598,64.17,60.317728434329325,73.0658784037821,84.38638901824007,46.08106750409263,6.345800266696664,0.9379857490040426,6.597690310152929,True,270.6191487495721,True,6.947985106252811,107.73368967489415,7.368963129470072,1.1039693708492209,79.62444981328346,33.29,2.0783827845868132,Great collaboration,Async communication worked well,False,Completed,2024-03-14,Budget Cut,2023-07-23,2026-02-05
TEAM386,Omega Crew,PRJ755,2022-12-27,Manual,EMP0671,"EMP0287,EMP0671,EMP1864",3,"{""HR"": 1, ""Recruiter"": 1, ""People"": 1}","{""Senior"": 1, ""Lead"": 1, ""Principal"": 1}",96.97,82.19,65.85237984840651,55.666584893332505,82.9,70.9244215421887,61.38176683093346,65.26109415628068,88.0608329345906,7.384079094758126,2.047252138610892,5.438322390681529,True,81.77866936045586,False,9.029979343692656,98.86170661941438,7.88782799970689,0.8041672956492721,76.21399032185545,44.39,0.025156038655389866,Exceeded expectations,Need better docs,False,Completed,2023-12-07,Budget Cut,2022-12-27,2024-06-11
TEAM387,Beta Squad,PRJ048,2023-06-13,Hybrid,EMP0778,"EMP1354,EMP0875,EMP1131,EMP1688,EMP1641,EMP0774,EMP0778,EMP0311,EMP0306,EMP0859",10,"{""Software"": 4, ""QA"": 1, ""Team"": 4, ""Senior"": 1}","{""Mid"": 3, ""Lead"": 3, ""Senior"": 4}",100.0,44.11,57.79067187535032,71.91410635803666,67.13,80.17847844876991,87.28684631403047,83.82169303939416,94.76032261955488,7.302991812655278,2.115311200940812,4.943335591115986,True,59.831163738795,True,7.457026523051149,94.11056325078754,,0.8,70.55513534842407,39.71,5.0,Great collaboration,Need better docs,False,Completed,2023-10-01,Budget Cut,2023-06-13,2025-07-05
TEAM388,Alpha Crew,PRJ641,2024-03-30,AI-Recommended,EMP1926,"EMP1926,EMP079,EMP0708,EMP1864",4,"{""People"": 2, ""Recruiter"": 1, ""HR"": 1}","{""Principal"": 2, ""Lead"": 2}",94.57,72.28,78.8101693225507,51.128529650210055,55.81,77.587618055078,40.03863723210578,75.25491133763643,88.09982494496825,8.954783460810225,1.9148007575881205,7.658901425667341,True,31.9,True,7.607784747231044,90.78037968323345,6.33137714124029,1.0941557180313326,76.58465830111352,64.33,0.0,Exceeded expectations,,,Completed,2024-04-16,Reorganization,2024-03-30,2025-05-12
TEAM389,Alpha Crew,PRJ004,2024-04-30,Manual,EMP1138,"EMP1940,EMP1926,EMP1243,EMP1138",4,"{""HR"": 1, ""People"": 2, ""Recruiter"": 1}","{""Lead"": 2, ""Principal"": 2}",99.49,78.23,82.6548366769045,81.57886660933401,52.67,60.61722668923012,48.09274387156241,86.87760876732783,57.41986014573546,7.183203051928539,2.976726361291995,6.772251232486328,True,115.45245946118129,False,7.358835474214252,99.76760782517698,,1.3,53.05760739889463,51.74,3.0748689199582766,Communication issues resolved,Clear roles helped,,Completed,2025-01-03,Project Complete,2024-04-30,2024-10-13
TEAM390,Beta Squad,PRJ772,2025-09-20,Hybrid,EMP1295,"EMP038,EMP073,EMP1295,EMP0879,EMP1382",5,"{""HR"": 1, ""People"": 3, ""Recruiter"": 1}","{""Senior"": 2, ""Principal"": 2, ""Lead"": 1}",95.74,79.11,87.51117973080272,67.12704228205853,84.64,76.71314315444997,90.84071962079808,80.91400069092771,98.8784759190939,6.348447123735787,0.9355454226863964,7.591525914200358,True,267.99705216786975,True,8.559882921001938,83.48154035496637,6.738517044200346,1.0972483843079837,92.32619300099338,66.09,1.9716587742820395,Exceeded expectations,Async communication worked well,True,Completed,2025-11-28,Budget Cut,2025-09-20,2025-08-02
TEAM391,Delta Unit,PRJ071,2024-08-11,AI-Recommended,EMP181,"EMP0554,EMP181,EMP0454,EMP0763,EMP1086",5,"{""Campaign"": 4, ""SEO"": 1}","{""Senior"": 3, ""Mid"": 2}",100.0,59.08,55.699391763709315,99.58782273221838,78.77,83.69876273448611,78.16221320255593,60.50908035208481,51.009093878822746,7.9791614821857495,3.0,7.504614516393141,True,256.92042964311713,True,5.430252413628797,102.21568148086558,8.389234485770865,0.8943197556289754,93.46697879181202,41.52,5.0,Great collaboration,Daily standups critical,False,Completed,2025-01-07,Budget Cut,2024-08-11,2024-08-04
TEAM392,Omega Team,PRJ221,2023-08-27,Hybrid,EMP0654,"EMP1954,EMP0654,EMP081,EMP0704,EMP0747",5,"{""Logistics"": 1, ""Sales"": 1, ""Controller"": 1, ""Finance"": 2}","{""Principal"": 3, ""Senior"": 2}",94.12,53.1,79.06533307629863,69.51683122126062,77.84,83.91273057697639,64.42455013433427,38.404836133065324,87.07751441849047,5.587703980949569,0.03247614620678053,6.35458889973746,True,116.2597078181445,False,8.300242252750756,87.77269428233024,5.904540644190792,1.0995042488668187,107.25279552029701,44.64,2.036871615941716,Exceeded expectations,Daily standups critical,True,Completed,2024-06-28,Project Complete,2023-08-27,2026-01-06
TEAM393,Sigma Team,PRJ892,2023-01-03,Manual,EMP1198,"EMP1034,EMP178,EMP1198,EMP0783,EMP0648,EMP136,EMP1452,EMP0774,EMP0543,EMP0895",10,"{""Sales"": 5, ""Account"": 2, ""Business"": 1, ""Software"": 2}","{""Senior"": 3, ""Mid"": 1, ""Lead"": 6}",96.91,52.32,57.142476088157004,87.50491784943893,65.06,99.45882172246532,64.44870437609025,77.12456473878439,77.16372489617319,7.584363040107695,1.0212360276815013,7.008291698598706,True,165.27519817702867,True,9.246398326918097,91.94987725730213,5.839762944727644,0.9938977466629046,97.59829647800565,70.13,5.0,Exceeded expectations,Async communication worked well,True,Completed,2024-02-09,Reorganization,2023-01-03,2024-12-26
TEAM394,Delta Squad,PRJ276,2025-03-01,AI-Recommended,EMP073,"EMP1076,EMP073,EMP0671",3,"{""Recruiter"": 2, ""People"": 1}","{""Lead"": 2, ""Principal"": 1}",74.28,90.86,66.07118017902005,94.69326130668993,76.71,93.00589711611832,97.81524635059495,63.28030158587354,53.92802970605282,5.5724681219853265,3.0,8.61839941450665,True,190.6341153328328,False,8.395385051308779,109.80655307224177,6.990911290582404,1.1042021354524916,81.64803298970544,54.52,0.0,,Clear roles helped,True,Completed,2024-12-16,Project Complete,2025-03-01,2024-12-26
TEAM395,Delta Unit,PRJ318,2024-10-18,AI-Recommended,EMP1669,"EMP1669,EMP0310,EMP076,EMP0277,EMP1376",5,"{""HR"": 3, ""Recruiter"": 2}","{""Lead"": 4, ""Senior"": 1}",100.0,59.66,55.18810138983842,99.46094833985909,72.22,84.18538926444191,78.98790481194933,61.060213067890444,51.03008183223754,7.901380583658628,2.9990587736096814,7.514354667032306,True,262.8093888558353,True,5.39506536310249,101.93860681146685,8.282322788573238,0.9093412221670338,94.44559913803661,57.71,4.970247108252237,Great collaboration,Daily standups critical,False,Completed,2025-01-07,Budget Cut,2024-10-18,2024-11-30
TEAM396,Omega Crew,PRJ619,2023-11-28,Manual,EMP1131,"EMP0953,EMP1131,EMP0489",3,"{""QA"": 1, ""Software"": 1, ""Team"": 1}","{""Senior"": 2, ""Lead"": 1}",98.34,99.22,65.26142347035906,57.03548121863129,77.46,72.19850551433696,62.45915629566862,66.73580398697604,88.24051390874598,7.5649050592630305,1.9502989621317481,5.479089385339897,True,80.3198358045336,False,8.9346562031537,99.19979933162898,7.9087309358842015,0.8213314769995641,76.96507841960526,27.88,0.09497739541246951,Exceeded expectations,Need better docs,False,Completed,2023-12-07,Budget Cut,2023-11-28,2024-05-08
TEAM397,Beta Unit,PRJ888,2024-07-03,Manual,EMP1138,"EMP0826,EMP1243,EMP0970,EMP1994,EMP1138,EMP1112,EMP0807",7,"{""HR"": 1, ""Recruiter"": 4, ""People"": 2}","{""Lead"": 5, ""Principal"": 1, ""Mid"": 1}",100.0,69.49,48.712999850068805,82.06734000568133,55.95,78.67116638199204,59.89549237494036,70.46740791941822,82.3324944307285,7.926341186561059,3.0,6.127500054400531,True,317.83474285631496,True,6.531644208490976,107.31017751316327,8.232980409783138,1.0117789659041114,79.79748353756666,71.66,2.8978182056200845,Communication issues resolved,,True,Completed,2024-11-06,Budget Cut,2024-07-03,2024-11-23
TEAM398,Omega Force,PRJ337,2025-10-22,AI-Recommended,EMP0638,"EMP1152,EMP0638,EMP023",3,"{""UI"": 2, ""Graphic"": 1}","{""Lead"": 3}",68.44,34.93,54.68676325119855,71.56208902516487,61.12,84.37679289128353,40.5628393444879,93.6720517319695,59.966756671157476,7.379528344774604,0.022173660902126257,7.652695791303423,True,317.2762999798044,False,9.967578544631474,116.70238080338947,7.602880273187737,1.2788763905276153,70.85681853360023,48.85,0.9291692820397517,Great collaboration,Async communication worked well,False,Completed,2025-11-20,Budget Cut,2025-10-22,2024-12-02
TEAM399,Beta Force,PRJ179,2024-04-01,Hybrid,EMP1849,"EMP179,EMP0755,EMP1849,EMP0540,EMP1760,EMP1035,EMP1720,EMP0303,EMP0551",9,"{""Financial"": 4, ""Accountant"": 2, ""Controller"": 2, ""Finance"": 1}","{""Mid"": 3, ""Principal"": 4, ""Senior"": 2}",96.27,52.51,42.1479852325059,91.80371244911763,71.82,76.78808758631543,90.54055955833056,84.6580601449489,88.88482375000842,9.164125001365532,0.9392802093240993,8.507547408851227,,203.6156120710209,True,6.600629027792451,82.88222737160343,8.956053273726651,0.9054745685747567,82.73526489523874,69.99,0.7356768944675409,Exceeded expectations,,False,Completed,2025-07-17,Project Complete,2024-04-01,2025-10-18
TEAM400,Delta Unit,PRJ051,2024-10-01,AI-Recommended,EMP0880,"EMP0880,EMP159,EMP1148,EMP0216",4,"{""Accountant"": 2, ""Controller"": 1, ""Finance"": 1}","{""Principal"": 2, ""Senior"": 2}",100.0,69.03,63.0464140146152,68.34207997323472,84.51,100.0,71.54903320343082,73.60964753435609,59.76671708773309,7.496390956057416,0.0,8.786234599797957,True,106.94146094484968,False,7.914763611297543,92.99582671808358,8.226941659081646,1.099470745516404,107.50866312539657,63.58,3.899093683406416,Great collaboration,,True,Completed,2024-05-27,Project Complete,2024-10-01,2025-02-21
TEAM401,Gamma Unit,PRJ271,2025-01-28,Manual,EMP0885,"EMP008,EMP0539,EMP1106,EMP1895,EMP1607,EMP0885,EMP0324,EMP1591,EMP049",9,"{""UI"": 4, ""Product"": 1, ""UX"": 1, ""Graphic"": 3}","{""Lead"": 4, ""Senior"": 2, ""Mid"": 3}",88.2,51.75,64.30987498758495,91.19968765301961,70.6,61.14762106552979,58.9583916550538,54.89796583311672,94.80646701322021,5.705779263482991,2.9670119770785446,8.340290533244206,True,186.11685971322777,True,9.437671421875958,83.08651513705473,7.055277955890565,0.8066074695423004,98.93223529950036,59.45,1.0098464841444428,,Clear roles helped,True,Completed,2025-02-19,Reorganization,2025-01-28,2026-01-01
TEAM402,Gamma Squad,PRJ761,2023-10-24,AI-Recommended,EMP0871,"EMP0871,EMP0207,EMP1219,EMP1461,EMP1529,EMP1073,EMP1469",7,"{""Team"": 4, ""QA"": 2, ""DevOps"": 1}","{""Senior"": 3, ""Junior"": 3, ""Mid"": 1}",100.0,64.28,70.39528308704772,53.14727023397908,75.92,53.07294675666394,61.96305237306031,77.7380098813447,62.18549449827846,4.1,1.997652134367433,7.648376238147764,True,242.2491076389108,True,7.965709386861538,88.13114669158303,,1.0978918256733523,86.79861810344455,43.41,2.9643042484596314,Exceeded expectations,Clear roles helped,False,Completed,2025-03-03,Budget Cut,2023-10-24,2025-05-13
TEAM403,Alpha Crew,PRJ978,2024-11-09,AI-Recommended,EMP0601,"EMP0601,EMP1539,EMP0376,EMP0979,EMP1600,EMP0274,EMP112,EMP030,EMP0554",9,"{""SEO"": 3, ""Marketing"": 4, ""Campaign"": 2}","{""Senior"": 2, ""Mid"": 7}",100.0,33.5,80.87207641279572,63.34307811823662,68.68,63.5211861503595,80.78819128232263,93.13048193249674,64.18580456968621,6.7735149877249565,0.9123547423024021,8.29459689900025,True,192.74406424296043,False,6.00353756771912,103.48887903086857,10.0,1.0025134931936623,93.73448892809286,59.76,0.0,Exceeded expectations,Daily standups critical,True,Completed,2024-11-29,Project Complete,2024-11-09,2025-03-22
TEAM404,Delta Squad,PRJ210,2023-03-07,Manual,EMP181,"EMP181,EMP121,EMP0597,EMP1604",4,"{""Campaign"": 1, ""SEO"": 3}","{""Senior"": 2, ""Mid"": 2}",100.0,73.3,97.6793630474221,62.028569516844655,85.12,49.792843383225886,72.0632178223075,64.39481182533422,94.49321484425396,5.290016865155606,2.079110979088861,7.590219590997208,True,308.3308927836535,True,5.89959187403849,103.1831062241844,8.46793875518826,0.8943616747068165,67.48847181043057,39.3,5.0,Great collaboration,Daily standups critical,True,Completed,2024-05-12,Reorganization,2023-03-07,2024-05-07
TEAM405,Delta Squad,PRJ593,2023-07-02,Manual,EMP1292,"EMP0880,EMP069,EMP158,EMP1292",4,"{""Accountant"": 2, ""Finance"": 1, ""Financial"": 1}","{""Principal"": 2, ""Senior"": 2}",100.0,63.61,97.07186932310556,60.741127713090904,86.72,46.874934492095086,72.17795258145472,64.6912455390227,94.35628110348202,5.323155726355118,2.0266829928608145,7.5870773174061386,True,314.6041168832091,True,5.899308699177864,104.03140493748224,8.419341342521953,0.897945890991643,67.59989582198635,68.71,5.0,Great collaboration,Daily standups critical,True,Completed,2024-05-12,Reorganization,2023-07-02,2024-04-11
TEAM406,Alpha Crew,PRJ915,2023-07-09,AI-Recommended,EMP0955,"EMP1243,EMP1076,EMP0970,EMP0955",4,"{""Recruiter"": 3, ""HR"": 1}","{""Lead"": 3, ""Principal"": 1}",100.0,79.94,79.55755024717254,49.15485981025438,63.25,76.48672155444929,42.21950398228264,76.12782631961718,87.729242421627,8.913478027557426,1.9738153123136652,7.646428363034722,True,31.9,True,7.830895889207108,90.68257175611163,6.455055816724611,1.100053056126931,76.63922585830092,62.95,0.03148993833968147,Exceeded expectations,,,Completed,2024-04-16,Reorganization,2023-07-09,2025-06-04
TEAM407,Gamma Crew,PRJ098,2026-02-08,Manual,EMP1497,"EMP1497,EMP0396,EMP136,EMP0365,EMP1874,EMP1385,EMP0599,EMP1429,EMP0774",9,"{""Sales"": 3, ""Account"": 1, ""Business"": 2, ""Recruiter"": 1, ""Software"": 2}","{""Principal"": 1, ""Lead"": 7, ""Senior"": 1}",92.76,47.45,86.64562494447166,74.78874255701754,84.68,100.0,65.18973084286588,67.43045335650295,92.75795118590398,8.126816124720932,0.9946827311539651,7.251636760850827,True,254.0657459369794,True,6.9629580312220964,109.48064466450018,8.352388218870132,1.1020032688979136,80.54329426543427,59.04,4.88681079183786,Exceeded expectations,Daily standups critical,False,Completed,2026-01-02,Budget Cut,2026-02-08,2025-02-15
TEAM408,Gamma Force,PRJ833,2022-12-22,Manual,EMP1801,"EMP1801,EMP1857,EMP0361,EMP1558,EMP0718,EMP0913",6,"{""Sales"": 1, ""Logistics"": 3, ""Operations"": 2}","{""Principal"": 2, ""Senior"": 3, ""Lead"": 1}",94.21,80.93,64.89705240134506,78.0215067446873,67.38,88.03112295559698,47.353406984697564,70.33734835514053,52.25954119753273,7.413996066193613,0.023130830055675587,6.512663365717133,True,151.07756743802227,True,8.03516911113851,84.73652208153291,6.481135553526852,0.8,71.04807971927661,62.37,2.067782716866618,Exceeded expectations,Async communication worked well,True,Completed,2023-12-16,Project Complete,2022-12-22,2024-07-22
TEAM409,Sigma Unit,PRJ875,2024-12-05,Hybrid,EMP073,"EMP1138,EMP073,EMP1214,EMP0826",4,"{""People"": 3, ""HR"": 1}","{""Principal"": 2, ""Senior"": 1, ""Lead"": 1}",87.88,100.0,84.56582745611666,70.27587033665952,75.75,63.98333807016005,90.70192179067112,95.4022106425973,95.69560680131791,7.076632591227781,3.0,8.574606182007734,True,305.8213509860602,False,6.559465421630377,109.15999089196589,8.340524353077559,0.8021709495135514,82.50094072668333,63.4,0.9563146056127936,,Async communication worked well,,Completed,2025-01-13,Budget Cut,2024-12-05,2026-01-13
TEAM410,Sigma Squad,PRJ212,2025-10-22,AI-Recommended,EMP1749,"EMP1749,EMP0221,EMP0997,EMP085,EMP1085,EMP0601,EMP194,EMP0792,EMP1086,EMP0597",10,"{""SEO"": 7, ""Marketing"": 2, ""Campaign"": 1}","{""Senior"": 5, ""Lead"": 1, ""Mid"": 4}",97.48,45.51,90.69834601812519,58.55096417730541,87.33,41.47565626154757,89.68142484268957,88.83038707964566,72.95614134628877,6.081158059261844,0.9691459927376228,8.186981907031917,True,221.4333922991749,False,9.758422866085143,97.00216441768285,7.425925582378244,1.0876251293315535,86.86770729944332,58.37,1.0688378226980282,,Daily standups critical,False,Completed,2025-09-26,Budget Cut,2025-10-22,2025-06-10
TEAM411,Alpha Crew,PRJ746,2024-01-13,Hybrid,EMP1253,"EMP1253,EMP1869,EMP079",3,"{""Account"": 1, ""Business"": 1, ""Recruiter"": 1}","{""Lead"": 3}",95.94,54.82,85.35656295815016,63.59737563265296,60.12,99.06727782615458,64.34271289570404,,74.43578973456053,9.529490143768134,2.086333706941519,6.863929053951724,False,,,,,8.837313694097999,1.0020005650994754,100.14300848094307,49.21,0.8693789878299332,Great collaboration,Async communication worked well,True,Active,,,2024-01-13,2024-11-23
TEAM412,Alpha Crew,PRJ151,2024-03-04,Manual,EMP1737,"EMP1737,EMP1794,EMP1280,EMP0237",4,"{""Sales"": 1, ""Logistics"": 3}","{""Principal"": 2, ""Lead"": 1, ""Senior"": 1}",100.0,100.0,82.30021566320883,81.89989505226342,84.58,60.72099748436178,46.110263544021144,85.79785067387454,59.462942874440046,7.205035585072242,3.0,6.5922670163559465,True,102.79596233208164,False,7.394536800852801,99.68573664160823,,1.3,53.644450195466504,53.02,2.937727810636325,Communication issues resolved,Clear roles helped,,Completed,2025-01-03,Project Complete,2024-03-04,2025-02-03
TEAM413,Alpha Unit,PRJ351,2024-01-01,AI-Recommended,EMP0883,"EMP1341,EMP0284,EMP1764,EMP1235,EMP0883,EMP1752,EMP0240",7,"{""Logistics"": 3, ""Project"": 1, ""Operations"": 3}","{""Principal"": 1, ""Senior"": 4, ""Lead"": 2}",86.96,68.28,54.161419835012815,55.310363464552054,80.31,89.35425912180837,66.92407606165224,92.17069766454358,81.61099040747061,5.736102963519737,2.9522628029843645,7.64616596358836,,192.46305882063723,True,6.505666136256702,98.30773100807195,6.667878446132092,0.9009371307133598,105.31299639161648,78.41,3.0076849255100773,Communication issues resolved,Need better docs,True,Completed,2024-10-20,Budget Cut,2024-01-01,2025-03-29
TEAM414,Sigma Crew,PRJ397,2025-02-20,Manual,EMP1352,"EMP0705,EMP0273,EMP0943,EMP1459,EMP1352,EMP1026,EMP0545",7,"{""Product"": 1, ""UI"": 4, ""UX"": 1, ""Graphic"": 1}","{""Lead"": 3, ""Senior"": 1, ""Mid"": 2, ""Junior"": 1}",95.09,84.22,55.91596379912857,78.62395727717181,73.57,74.51253991081212,54.18904758521232,86.7791986389635,86.66908939992575,8.193013313822911,2.012757641931866,7.700578828679171,,67.83842195418941,False,9.618650090163985,92.34704799625139,7.788707803168969,1.0883698467225273,114.02737789155252,60.34,5.0,Strong execution,Need better docs,False,Completed,2025-01-09,Project Complete,2025-02-20,2025-12-13
TEAM415,Sigma Unit,PRJ857,2024-08-27,AI-Recommended,EMP0955,"EMP1396,EMP0364,EMP0955",3,"{""Accountant"": 1, ""Finance"": 1, ""HR"": 1}","{""Senior"": 2, ""Principal"": 1}",100.0,93.91,31.98345483738521,56.189865485035405,85.63,86.163248616896,49.542285768385234,68.17761449667769,68.29448415352134,7.930761581300094,0.9579028837738476,7.144256652823797,True,113.27212990545858,True,8.697111579306178,96.05326182209738,6.544223930832206,0.9923300453171683,95.25473101837741,59.54,1.06159205509068,Communication issues resolved,Need better docs,True,Completed,2024-03-02,Budget Cut,2024-08-27,2026-01-23
TEAM416,Delta Crew,PRJ113,2024-09-17,AI-Recommended,EMP055,"EMP0936,EMP0926,EMP0808,EMP1721,EMP055,EMP0234,EMP1597,EMP0547,EMP1232",9,"{""Logistics"": 3, ""Business"": 1, ""UI"": 1, ""Operations"": 4}","{""Principal"": 1, ""Lead"": 5, ""Senior"": 3}",100.0,47.26,100.0,82.87685985846308,73.51,96.60601513902124,55.1836438967252,77.32381285905142,62.03180028043241,8.083129477959917,1.015231958091071,6.240343630403642,True,43.55678902232141,True,7.874483603840415,104.20618340163415,8.370914552804106,0.8949005648300961,75.46229052498275,66.49,0.0337973776906562,Great collaboration,,True,Completed,2024-08-28,Budget Cut,2024-09-17,2025-12-17
TEAM417,Sigma Squad,PRJ858,2024-11-12,Manual,EMP1695,"EMP0621,EMP1077,EMP0633,EMP1695,EMP0248,EMP0246,EMP1125,EMP0774",8,"{""Accountant"": 1, ""Sales"": 5, ""Product"": 1, ""Software"": 1}","{""Principal"": 1, ""Lead"": 6, ""Mid"": 1}",88.81,60.17,56.04297806783734,70.39591155909494,71.5,84.8794759944305,90.50244458584764,99.90053543368157,95.05906945816943,7.682275134357681,1.002631982876617,8.737558032746584,True,109.9970328513078,True,8.745646757107925,100.75282359129481,7.860644834077711,0.8,82.70706723627062,75.61,2.1228796042261626,,Clear roles helped,True,Completed,2024-07-04,Budget Cut,2024-11-12,2025-04-27
TEAM418,Omega Squad,PRJ889,2025-06-01,Manual,EMP0303,"EMP0833,EMP179,EMP1045,EMP0303,EMP0738,EMP1432,EMP1109,EMP140,EMP0269",9,"{""Financial"": 5, ""Accountant"": 2, ""Finance"": 1, ""Controller"": 1}","{""Mid"": 3, ""Principal"": 2, ""Senior"": 1, ""Junior"": 3}",94.41,68.5,66.26047652075707,74.81075851104292,67.48,53.947785110876126,69.552129045044,94.76073760908181,70.76236461441754,6.830414291134656,0.0028752194870159,6.1436274649556655,True,141.70162284234854,True,9.988759901784137,97.03948893567645,6.994987115871232,1.2063360133711103,94.52234728745606,62.6,0.9711607075838519,Strong execution,Clear roles helped,False,Completed,2025-06-02,Project Complete,2025-06-01,2025-10-21
TEAM419,Alpha Unit,PRJ014,2023-03-24,AI-Recommended,EMP0895,"EMP0236,EMP0742,EMP0478,EMP166,EMP1397,EMP1907,EMP1061,EMP0895,EMP0990",9,"{""Team"": 1, ""DevOps"": 1, ""Software"": 2, ""QA"": 3, ""Senior"": 2}","{""Mid"": 4, ""Lead"": 3, ""Senior"": 2}",92.46,52.53,61.76246031641962,74.99493745363391,62.57,67.10292149944596,80.98922548513653,61.5109511167632,77.31984782838965,8.603630743474916,0.0,6.136418453822635,True,360.78315199737455,True,6.781987095898163,97.31262361641603,,1.0942702608627428,95.37053112964618,36.77,4.084068257958759,Great collaboration,Async communication worked well,True,Completed,2024-12-07,Project Complete,2023-03-24,2025-08-25
TEAM420,Sigma Force,PRJ118,2025-02-21,Manual,EMP1086,"EMP0212,EMP0722,EMP1086,EMP0981",4,"{""Marketing"": 1, ""SEO"": 2, ""Campaign"": 1}","{""Lead"": 1, ""Senior"": 3}",81.22,69.61,73.26294849614712,75.84347265881219,80.02,61.15622362385343,65.09451702617929,90.78990316271272,51.5377706150649,6.322364498507689,2.9250939572091657,8.836449053543792,,127.79078460376434,False,8.305011688578274,101.69774990543765,,1.282467495131123,100.8603149789489,58.57,1.9759380533100586,Great collaboration,Need better docs,False,Completed,2025-04-04,Reorganization,2025-02-21,2025-07-16
TEAM421,Omega Squad,PRJ146,2025-01-31,Hybrid,EMP108,"EMP108,EMP0262,EMP1299",3,"{""Sales"": 1, ""Financial"": 1, ""Finance"": 1}","{""Principal"": 1, ""Mid"": 1, ""Senior"": 1}",99.42,98.29,89.99127256879758,64.11421492070029,61.91,94.52385151809298,77.82089579803561,54.60479897721937,49.72722183322145,5.6086362543667505,1.9447744376847556,7.875345869869495,True,67.84030098786903,True,6.673694566128432,84.94860122849965,9.155051452170442,1.1124941893801152,92.683229225924,48.61,3.846602001429849,Strong execution,,False,Completed,2025-02-04,Project Complete,2025-01-31,2025-09-24
TEAM422,Omega Force,PRJ146,2023-09-22,Hybrid,EMP0888,"EMP1341,EMP1292,EMP0888,EMP0312,EMP1196,EMP1299",6,"{""Logistics"": 1, ""Accountant"": 2, ""Controller"": 1, ""Financial"": 1, ""Finance"": 1}","{""Principal"": 3, ""Senior"": 2, ""Mid"": 1}",92.98,80.95,49.60154920278495,86.37713762698924,50.81,79.72660319395092,87.30954112407193,85.31139790876333,79.06789828514314,5.2923124028816835,1.9957680958682422,9.098768420976644,True,208.27036124589253,True,6.633883673783156,90.6573429806122,6.526392796005989,0.9009980856040661,98.99752244907752,48.89,0.9949464850183679,Great collaboration,Daily standups critical,True,Completed,2024-11-03,Project Complete,2023-09-22,2024-11-30
TEAM423,Alpha Unit,PRJ135,2023-10-21,Manual,EMP107,"EMP1512,EMP0243,EMP0381,EMP0572,EMP107,EMP1711,EMP0913",7,"{""HR"": 1, ""Operations"": 4, ""Logistics"": 2}","{""Principal"": 1, ""Lead"": 2, ""Senior"": 4}",100.0,55.88,67.2154334785401,69.89566300490262,68.61,100.0,72.22503534378544,82.58858758045898,75.26910702687253,7.464261583991061,2.930481518321022,8.802138224569582,True,38.54074830335282,False,7.544377972043825,100.0385161858668,,1.2098413220313975,87.87024147860771,66.33,1.0235672806675218,Great collaboration,,False,Completed,2024-07-01,Reorganization,2023-10-21,2025-04-26
TEAM424,Delta Unit,PRJ162,2023-11-15,Hybrid,EMP0921,"EMP0878,EMP1632,EMP0370,EMP0921,EMP0381,EMP1676,EMP1752",7,"{""Account"": 1, ""Sales"": 1, ""Logistics"": 3, ""Operations"": 2}","{""Lead"": 5, ""Principal"": 1, ""Senior"": 1}",100.0,59.5,78.46528598473627,51.51426370959291,69.31,62.80110565250951,77.48070090210715,87.87087690205244,78.8346287665018,4.991855820601213,0.0,7.295355557390623,True,90.21926479265713,True,6.5708728394853635,90.55107119878997,8.060655368340097,1.201767497368776,69.4956067335673,66.79,0.10440386887315727,Strong execution,Daily standups critical,,Completed,2023-09-10,Budget Cut,2023-11-15,2025-07-29
TEAM425,Beta Crew,PRJ460,2024-06-18,Hybrid,EMP0961,"EMP0455,EMP1688,EMP0961,EMP0501",4,"{""Software"": 2, ""Team"": 1, ""Senior"": 1}","{""Lead"": 3, ""Senior"": 1}",100.0,76.29,46.43358727431601,73.25792087018318,56.56,78.60598283018508,93.04403930090761,89.20980229491408,78.54043536342948,6.504414838297802,0.9706042269432655,7.104744808082552,True,102.56281809058012,False,6.728695673845656,99.90309362935534,7.051251999293629,1.0935231701468495,94.31028726802711,35.76,0.03954658276671811,Communication issues resolved,Need better docs,,Completed,2023-12-15,Project Complete,2024-06-18,2025-05-24
TEAM426,Omega Squad,PRJ908,2025-06-23,Manual,EMP1303,"EMP0726,EMP0967,EMP0809,EMP1866,EMP1129,EMP0727,EMP1013,EMP0545,EMP1303",9,"{""UX"": 3, ""Graphic"": 3, ""UI"": 3}","{""Junior"": 3, ""Lead"": 3, ""Senior"": 3}",100.0,54.31,66.45223930907775,76.60536603810533,67.91,54.643554556177776,70.7885368974798,94.66428332504778,71.43111581593963,6.910803361272679,0.0,6.156291416116806,True,138.0059585117743,True,9.931833557156832,96.96872093947007,7.0579643658340565,1.204151831139046,93.47470095141337,57.84,0.9639426362210752,Strong execution,Clear roles helped,False,Completed,2025-06-02,Project Complete,2025-06-23,2025-08-06
TEAM427,Beta Force,PRJ256,2024-03-10,AI-Recommended,EMP148,"EMP1632,EMP1027,EMP0517,EMP148,EMP1857,EMP0778",6,"{""Sales"": 3, ""Account"": 1, ""Logistics"": 1, ""Software"": 1}","{""Principal"": 2, ""Lead"": 2, ""Senior"": 2}",100.0,73.59,35.2866572464524,83.09257317842726,82.38,67.24840731006849,47.526526200678774,72.39687273832244,78.88709670955362,6.330679240427225,0.0,6.230609344089494,True,117.60431268952773,True,7.62900858772828,110.75411524044252,,0.8,99.00924249230917,49.07,4.05394054371548,Exceeded expectations,Need better docs,False,Completed,2024-01-30,Budget Cut,2024-03-10,2025-06-15
TEAM428,Omega Squad,PRJ349,2025-04-19,Hybrid,EMP0651,"EMP0957,EMP0638,EMP0651",3,"{""UI"": 2, ""Graphic"": 1}","{""Lead"": 3}",81.89,49.6,87.24586334755074,65.17621895887612,53.32,95.04136293096958,79.03929695737678,55.367416794363606,49.61439587223309,5.573369363590193,1.9679088471307624,7.758673351646715,True,73.29885734944862,True,6.6557235393659715,85.5538389765093,9.133029195154652,1.0953344287488285,93.64202986310289,58.28,4.01389419749099,Strong execution,,False,Completed,2025-02-04,Project Complete,2025-04-19,2025-10-10
TEAM429,Omega Unit,PRJ784,2024-11-08,Hybrid,EMP1587,"EMP1017,EMP1587,EMP1659",3,"{""Campaign"": 1, ""Marketing"": 1, ""SEO"": 1}","{""Senior"": 2, ""Lead"": 1}",100.0,100.0,73.60298253935383,65.454014339095,89.09,84.72466633413234,47.859459367085044,70.05288071059623,77.08245015814394,7.135149428113973,3.0,8.593664031764632,True,129.34579592302447,True,7.668944115227608,105.75394376975295,7.0891084789538565,1.1915069167488215,93.0232203296354,38.43,1.1289060047394566,,,True,Completed,2024-09-25,Project Complete,2024-11-08,2024-07-30
TEAM430,Omega Squad,PRJ803,2025-01-21,Hybrid,EMP1725,"EMP038,EMP1093,EMP077,EMP1413,EMP1063,EMP1725,EMP0249,EMP169,EMP0676,EMP0363",10,"{""HR"": 6, ""Recruiter"": 1, ""People"": 3}","{""Senior"": 4, ""Junior"": 2, ""Mid"": 2, ""Principal"": 2}",100.0,53.0,99.63620441088608,82.5772506106824,83.57,88.34430339181053,42.6248891382251,80.33810553034581,80.7456094094239,5.5597789167217995,2.9735450409654267,7.461883874391225,True,342.4988109937162,True,8.338668326399452,83.81663620882175,6.674598226226863,1.2930230091374635,90.8833395187396,68.11,4.05165330825877,Strong execution,Clear roles helped,,Completed,2025-12-11,Reorganization,2025-01-21,2025-08-09
TEAM431,Delta Unit,PRJ661,2024-07-06,AI-Recommended,EMP0938,"EMP0938,EMP0957,EMP1152,EMP0643,EMP1352",5,"{""Graphic"": 2, ""UI"": 3}","{""Lead"": 5}",91.49,26.39,55.94588405142289,100.0,72.09,83.64874629978465,79.12715861689286,60.96164465215387,50.72989259211027,7.869898249888284,2.9452887960373353,7.410416704970639,True,264.43650909155093,True,5.619312460725874,102.35937152192304,8.280309499340161,0.9102525803554713,92.778798463518,77.8,4.820415415224325,Great collaboration,Daily standups critical,False,Completed,2025-01-07,Budget Cut,2024-07-06,2024-12-16
TEAM432,Omega Force,PRJ596,2024-11-09,Hybrid,EMP0564,"EMP159,EMP0564,EMP1760",3,"{""Accountant"": 1, ""Financial"": 1, ""Controller"": 1}","{""Senior"": 2, ""Principal"": 1}",94.22,100.0,58.17572232343302,57.91377217197926,93.77,97.15540029115786,68.75203815893762,57.81688873967769,50.38601608426811,5.64208354994883,0.033787424005761485,7.852972688898182,True,86.83728165944554,True,7.9750289730351955,107.90168311281805,6.120665384781304,0.907014650389273,79.03810039873888,65.61,3.966270468693712,Communication issues resolved,Need better docs,True,Completed,2024-12-30,Reorganization,2024-11-09,2026-01-17
TEAM433,Alpha Unit,PRJ133,2023-06-29,Hybrid,EMP1427,"EMP1292,EMP1352,EMP1427,EMP054,EMP0783,EMP0494,EMP0396,EMP0246",8,"{""Accountant"": 1, ""UI"": 2, ""Sales"": 3, ""Business"": 1, ""Account"": 1}","{""Principal"": 1, ""Lead"": 5, ""Senior"": 2}",93.83,61.36,69.68162965563732,87.2167967014501,73.92,84.6325794516861,62.74400321555844,88.39662559341726,71.01887397876855,6.791522295167245,1.0028065248712676,8.17116310489672,True,31.9,False,5.89154096905892,94.28142244669581,7.334287807426279,1.1021083245270824,73.26850473675337,60.45,0.030200138443389486,Communication issues resolved,Need better docs,True,Completed,2024-01-10,Budget Cut,2023-06-29,2026-01-05
TEAM434,Beta Crew,PRJ667,2024-02-20,AI-Recommended,EMP1232,"EMP025,EMP1232,EMP1824",3,"{""Project"": 1, ""Operations"": 2}","{""Senior"": 1, ""Lead"": 2}",96.77,76.26,69.24704739049288,79.24645152999418,59.57,78.56559951261276,48.824135688918346,72.13223972864748,77.66799206735598,7.622729835537991,2.921489590172118,7.527235548103417,True,54.559239811794214,True,5.478403981836474,98.35897298245577,6.8238526573493585,1.1011129598364278,84.28338522093881,56.76,0.9478341350842169,Strong execution,,False,Completed,2024-05-26,Project Complete,2024-02-20,2024-07-04
TEAM435,Alpha Force,PRJ826,2024-05-30,Hybrid,EMP1129,"EMP1200,EMP1412,EMP1129,EMP1583",4,"{""UI"": 3, ""Graphic"": 1}","{""Lead"": 2, ""Senior"": 2}",91.31,75.01,53.52425713242102,83.45805092568172,66.29,84.95484684722898,77.67009902749156,79.37811972801592,69.34290257376136,7.193903371560709,1.0018367066650966,4.5,True,138.46283003879046,True,6.787364104061299,80.98386371471955,9.238749059876422,0.8969517136989914,94.90017780263446,65.78,2.954979989504406,Exceeded expectations,,True,Completed,2024-12-16,Budget Cut,2024-05-30,2024-08-06
TEAM436,Omega Squad,PRJ306,2025-10-12,Hybrid,EMP1447,"EMP1447,EMP0780,EMP073,EMP1640,EMP0487,EMP0504,EMP1672,EMP0559,EMP0642,EMP0632",10,"{""Recruiter"": 3, ""People"": 3, ""HR"": 4}","{""Lead"": 2, ""Mid"": 6, ""Principal"": 1, ""Junior"": 1}",87.56,61.25,99.96861205118763,81.92977165167477,59.1,88.27150032735256,42.10326306409698,78.49383089382536,80.84362940099327,5.5522847658195635,2.9613615598506082,7.369252997568649,True,337.6231944782968,True,8.25845880881163,84.34731035985371,6.651360692933659,1.3,89.76433656894055,36.75,3.939435244463273,Strong execution,Clear roles helped,,Completed,2025-12-11,Reorganization,2025-10-12,2025-08-14
TEAM437,Omega Crew,PRJ037,2024-08-22,AI-Recommended,EMP0501,"EMP0501,EMP1301,EMP0489,EMP0236,EMP1621",5,"{""Senior"": 1, ""DevOps"": 1, ""Team"": 2, ""QA"": 1}","{""Lead"": 2, ""Senior"": 2, ""Mid"": 1}",97.88,92.05,54.998045426290666,64.10044134839839,55.53,86.10465887875047,62.59835111966987,79.18892180468852,76.44211955601301,4.957360218920741,2.0421702983404764,7.3839991435029875,True,176.65996353209715,False,6.389485094225996,102.74346972235374,7.3509550256837,0.9892092505334485,77.12346189608473,37.18,3.06058530031157,Communication issues resolved,Need better docs,True,Completed,2025-07-06,Reorganization,2024-08-22,2025-03-11
TEAM438,Delta Unit,PRJ090,2023-12-01,Hybrid,EMP0621,"EMP1231,EMP0773,EMP0994,EMP0621,EMP0364,EMP0416,EMP1419",7,"{""Finance"": 3, ""Controller"": 2, ""Logistics"": 1, ""Accountant"": 1}","{""Senior"": 3, ""Principal"": 4}",87.47,34.75,77.92422221428312,51.34278080609355,75.32,61.712382018598895,77.01024014468913,88.31712134795144,76.68665261293519,4.970192918087185,0.07017924940941954,7.300658223485126,True,86.75138604701206,True,6.681045885179931,91.3411177555494,8.038952562750778,1.1880430677665759,70.1833842245256,73.78,0.18463531473926828,Strong execution,Daily standups critical,,Completed,2023-09-10,Budget Cut,2023-12-01,2025-11-11
TEAM439,Alpha Team,PRJ433,2023-02-22,AI-Recommended,EMP1349,"EMP1583,EMP1349,EMP1258,EMP1526",4,"{""UI"": 2, ""Graphic"": 2}","{""Lead"": 3, ""Senior"": 1}",100.0,66.64,71.47584230224449,67.51753076661701,62.87,85.6260229234683,72.511475037244,64.9253519372013,69.58056215387082,7.671789575072829,0.9577387548405589,6.97094140819251,True,180.01138936073136,False,6.617587732227238,102.43480143699745,8.383321976694546,1.1998612632942414,85.17364214012878,61.58,3.0103404846746096,Communication issues resolved,Clear roles helped,False,Completed,2024-05-29,Project Complete,2023-02-22,2025-01-28
TEAM440,Omega Unit,PRJ428,2024-01-31,AI-Recommended,EMP1725,"EMP1138,EMP1509,EMP1725,EMP1060,EMP1456,EMP0397,EMP1585,EMP1382,EMP0642,EMP1394",10,"{""People"": 2, ""HR"": 5, ""Recruiter"": 3}","{""Principal"": 2, ""Senior"": 2, ""Junior"": 1, ""Mid"": 4, ""Lead"": 1}",95.65,89.14,67.19742118902325,55.550003136520765,75.0,83.10718124734788,72.46911057288995,74.55377694363087,82.13942960401403,8.244603488707684,0.0,7.7423407935698405,True,138.91775270017038,True,7.517895414174317,99.56805199731535,5.736962007371411,0.9961831688458637,73.78477335351576,46.31,4.0132965270479,Strong execution,Need better docs,False,Completed,2024-09-07,Reorganization,2024-01-31,2025-09-15
TEAM441,Omega Crew,PRJ706,2024-05-28,Hybrid,EMP1554,"EMP0324,EMP1491,EMP0775,EMP1554,EMP1040,EMP125,EMP0252,EMP1200",8,"{""UI"": 7, ""Graphic"": 1}","{""Mid"": 3, ""Lead"": 3, ""Senior"": 2}",96.58,55.28,69.69365417363711,63.340592597125514,72.1,90.14497755515684,72.25024641997588,88.17574609035609,89.18626422005578,7.7183758113004135,2.885144207626713,6.831830390646495,True,156.34163253734113,True,7.809578423409657,109.59244071871207,8.683446606677954,1.0021587854897664,90.26614883981719,51.0,0.13334475858277936,Communication issues resolved,,,Completed,2025-07-21,Reorganization,2024-05-28,2024-10-19
TEAM442,Sigma Unit,PRJ495,2023-05-19,AI-Recommended,EMP023,"EMP0643,EMP023,EMP0575,EMP0885,EMP0319",5,"{""Graphic"": 2, ""UI"": 2, ""UX"": 1}","{""Lead"": 2, ""Senior"": 2, ""Mid"": 1}",100.0,89.12,84.77405189087477,80.13332725493595,80.41,99.78747086288752,73.48697195393466,74.66718204391967,73.5337826698314,7.453073363221811,0.08089268193413503,6.198339869610727,True,207.43533909534216,True,7.11252696772452,102.68457294969929,7.4966894213555335,1.0013340371604598,85.55146050845907,51.08,4.01535551504077,Strong execution,,True,Completed,2024-07-07,Project Complete,2023-05-19,2025-10-23
TEAM443,Sigma Crew,PRJ123,2025-05-11,AI-Recommended,EMP134,"EMP1801,EMP054,EMP0276,EMP0891,EMP1571,EMP134,EMP0921,EMP0547,EMP1567,EMP0240",10,"{""Sales"": 4, ""Operations"": 2, ""Logistics"": 4}","{""Principal"": 2, ""Senior"": 5, ""Lead"": 3}",93.17,39.52,97.53934760606629,79.82588914990048,73.96,71.35439352604692,78.81903392078222,67.85526995712279,74.20268862182833,6.4280125413002045,2.954850057585208,6.060777743793291,True,148.14183174835748,False,8.136157671604238,110.08811078644192,9.547504859574245,1.1956725681887774,73.64322860016165,53.08,3.163996684782996,Exceeded expectations,Daily standups critical,True,Completed,2025-07-30,Project Complete,2025-05-11,2024-12-01
TEAM444,Sigma Squad,PRJ815,2024-06-16,Manual,EMP076,"EMP0526,EMP1940,EMP076,EMP1585,EMP1483,EMP0469,EMP0287,EMP0556",8,"{""HR"": 6, ""Recruiter"": 2}","{""Senior"": 3, ""Lead"": 2, ""Mid"": 3}",100.0,56.14,56.33523255467381,68.70639550902071,68.23,84.94257934963338,92.14626705242293,99.60461127313818,94.46596505599628,7.726709440984232,0.882264758032343,8.778306888467426,True,111.12636698885926,True,8.791041912509916,100.94971743253286,7.825287163008054,0.8,80.94648857805277,78.96,1.9291309013348934,,Clear roles helped,True,Completed,2024-07-04,Budget Cut,2024-06-16,2025-08-04
TEAM445,Omega Crew,PRJ062,2025-06-20,AI-Recommended,EMP0955,"EMP1112,EMP0955,EMP1783,EMP038,EMP1424",5,"{""Recruiter"": 2, ""HR"": 3}","{""Lead"": 2, ""Principal"": 1, ""Senior"": 2}",100.0,79.83,54.976384801284965,63.21972615344112,74.06,83.50810783691868,61.99351233319347,77.88954280575084,77.24300551878339,4.927242057286714,1.9762304915626179,7.3224302257782385,True,168.7517724778981,False,6.33732482911865,102.41586084788071,7.488096335611016,1.001841926180407,77.80163756944866,74.85,2.9842631942739613,Communication issues resolved,Need better docs,True,Completed,2025-07-06,Reorganization,2025-06-20,2025-06-07
TEAM446,Sigma Team,PRJ173,2024-08-14,Hybrid,EMP1924,"EMP1924,EMP0539,EMP0566,EMP0228,EMP1337,EMP1998,EMP0684",7,"{""Graphic"": 1, ""Product"": 2, ""UX"": 1, ""UI"": 3}","{""Lead"": 3, ""Mid"": 2, ""Senior"": 2}",84.86,61.94,71.44743306087359,71.74037774272581,81.87,64.42689929836158,75.28119946644864,74.01653555798659,79.44092950207838,8.054914914486883,3.0,8.115154617906187,True,327.52550735097833,True,6.547228361327142,95.44170030241264,7.556495073993782,0.8000784572148126,85.67107595758418,66.79,4.004148344670535,Great collaboration,Async communication worked well,True,Completed,2026-01-31,Project Complete,2024-08-14,2025-10-30
TEAM447,Sigma Crew,PRJ146,2024-05-25,Hybrid,EMP0715,"EMP0654,EMP0715,EMP0760,EMP1238,EMP1713,EMP1231,EMP0611",7,"{""Sales"": 1, ""Finance"": 4, ""Accountant"": 1, ""Financial"": 1}","{""Principal"": 2, ""Senior"": 4, ""Mid"": 1}",100.0,61.95,61.024735206533904,51.551144440093395,80.95,70.53552866638427,71.41296069627363,78.9970263807685,63.37014738661485,5.562497811014759,1.056590383181254,7.949238051109255,True,281.5564541600154,True,8.681284527404916,94.8030648050244,6.9902446257500666,0.8,103.64583643167991,61.78,3.9992391003252616,Strong execution,Need better docs,True,Completed,2024-10-04,Project Complete,2024-05-25,2024-07-16
TEAM448,Omega Crew,PRJ164,2024-05-25,AI-Recommended,EMP1512,"EMP1512,EMP0223,EMP1076,EMP0520",4,"{""HR"": 3, ""Recruiter"": 1}","{""Principal"": 1, ""Senior"": 2, ""Lead"": 1}",100.0,100.0,79.64587977534894,75.49104483723731,87.16,81.10709873581035,69.7297733046584,67.53251932502965,99.42928250233996,6.6820791025401345,3.0,5.473787215626145,True,251.71896103690034,True,7.196602664835411,95.99192884456656,7.169821864399831,1.1979955828078641,84.73447752865476,50.89,4.012256588013871,Communication issues resolved,Async communication worked well,True,Completed,2025-02-10,Reorganization,2024-05-25,2025-07-25
TEAM449,Omega Force,PRJ969,2022-10-28,AI-Recommended,EMP1493,"EMP0781,EMP1493,EMP0997,EMP029,EMP197",5,"{""Campaign"": 3, ""SEO"": 2}","{""Mid"": 2, ""Senior"": 3}",89.73,71.08,75.57602984182014,78.52760106702519,81.16,76.31964282954756,74.88666572164561,59.82322868000287,46.67678792851956,7.223335508083749,0.004961885815744484,7.413248069408169,True,55.08449332100145,True,7.594705743991773,93.750869215495,7.757796158846373,1.1020215353700475,73.68396950090701,48.91,0.9723677953562457,Strong execution,,True,Completed,2023-10-05,Project Complete,2022-10-28,2025-06-02
TEAM450,Omega Squad,PRJ027,2024-08-04,Hybrid,EMP1868,"EMP1493,EMP1868,EMP0848",3,"{""SEO"": 1, ""Marketing"": 1, ""Campaign"": 1}","{""Senior"": 2, ""Lead"": 1}",98.79,100.0,89.81910644328904,63.413022264229035,86.02,94.96905554063943,78.77156624545376,55.384055480845866,50.11337019367259,5.56351547964604,2.051002049023519,7.809525033550386,True,70.62435495798059,True,6.613558899333865,85.17528173203723,9.139657638374153,1.0942728031682003,94.91080203625947,45.57,4.0433100754286455,Strong execution,,False,Completed,2025-02-04,Project Complete,2024-08-04,2025-11-12
TEAM451,Omega Crew,PRJ255,2025-10-15,AI-Recommended,EMP0222,"EMP0222,EMP0373,EMP0269",3,"{""Financial"": 1, ""Sales"": 1, ""Controller"": 1}","{""Senior"": 1, ""Principal"": 2}",75.08,90.02,82.39506935582122,56.07982278342674,77.54,82.95709522272021,66.69767133852673,95.62058808454947,76.58669319612646,6.155379670751464,0.9557478884190193,5.903651646533777,,132.49192227367024,False,8.26607042158513,101.51812819250914,7.577292149187598,1.00705253596655,85.38729762961572,45.7,3.919269109386771,Exceeded expectations,Daily standups critical,True,Completed,2025-07-06,Project Complete,2025-10-15,2025-12-27
TEAM452,Beta Squad,PRJ694,2025-04-29,AI-Recommended,EMP0290,"EMP1002,EMP025,EMP1825,EMP0776,EMP0506,EMP190,EMP0290,EMP0237",8,"{""Logistics"": 4, ""Project"": 1, ""Operations"": 3}","{""Senior"": 8}",100.0,21.83,90.78831864668304,64.32916718398323,73.7,97.5006596530408,77.24424409946448,85.75536743089567,58.05149988595388,6.434629016301011,3.0,7.137509013575453,True,265.1399546345859,False,8.324884640999167,108.82316951625093,7.9872880069219585,1.2998994326687188,80.4977294186981,55.2,0.0,Great collaboration,Daily standups critical,False,Completed,2025-10-13,Project Complete,2025-04-29,2025-10-01
TEAM453,Alpha Squad,PRJ349,2024-04-10,Hybrid,EMP1747,"EMP0808,EMP0854,EMP0705,EMP0266,EMP1747",5,"{""UI"": 3, ""Product"": 1, ""Graphic"": 1}","{""Lead"": 4, ""Senior"": 1}",100.0,59.41,39.00670795946711,67.47823057974765,74.25,77.24773696082144,60.74805125190521,85.03445168879878,59.24467162187064,8.210333127742686,2.0292270522708207,7.084303712511795,True,246.02083067955184,True,4.8,91.38188886528032,7.696082583530031,1.1087279690081169,68.76000578757312,55.07,3.050300457855915,Communication issues resolved,Daily standups critical,True,Completed,2024-03-04,Budget Cut,2024-04-10,2025-06-20
TEAM454,Sigma Team,PRJ945,2023-07-06,Manual,EMP1799,"EMP136,EMP0238,EMP0543,EMP173,EMP1799,EMP1211,EMP1361,EMP1160,EMP0800,EMP152",10,"{""Account"": 1, ""Logistics"": 1, ""Sales"": 1, ""Business"": 1, ""Accountant"": 1, ""Finance"": 4, ""Financial"": 1}","{""Lead"": 3, ""Senior"": 5, ""Mid"": 2}",100.0,45.06,56.41781070072378,87.93909893372012,73.72,99.68159592095823,62.896524090564746,77.33197985300322,78.43289931448079,7.606537047875712,1.043866304723565,7.016935874591988,True,163.5917390755029,True,9.321388888063062,91.65068220280236,5.878487842192206,0.9880567822170729,96.18818527900633,55.41,4.811359653659768,Exceeded expectations,Async communication worked well,True,Completed,2024-02-09,Reorganization,2023-07-06,2025-02-24
TEAM455,Delta Unit,PRJ605,2024-12-10,Manual,EMP1801,"EMP1801,EMP171,EMP1657",3,"{""Sales"": 1, ""Business"": 1, ""Logistics"": 1}","{""Principal"": 2, ""Lead"": 1}",89.78,94.73,54.74730057050372,68.60984537558566,74.53,59.87151955001553,87.27868490507568,88.97061012305763,80.62727671377418,7.4003726769014,0.9539633821818506,7.791231238826502,True,78.34336095643957,True,9.950287773045625,95.05047529117951,7.021015433308558,1.1898028150802753,74.5910238861066,52.19,3.1384822013491323,Strong execution,,,Completed,2024-08-13,Project Complete,2024-12-10,2024-09-17
TEAM456,Sigma Team,PRJ355,2025-02-28,Manual,EMP156,"EMP1112,EMP1063,EMP0826,EMP156,EMP1314",5,"{""Recruiter"": 1, ""HR"": 4}","{""Lead"": 3, ""Senior"": 1, ""Principal"": 1}",96.03,71.58,65.91104436052532,93.32535298651179,59.49,68.03034170726418,84.77999662429923,84.82265671580936,37.848818326398536,8.360224108158448,2.960143403085768,7.627831138593435,True,180.0092147363453,True,8.74638055014251,115.05465716161935,6.848413748037133,0.9989880856285808,81.04417440629028,74.3,2.9770231452082077,Communication issues resolved,Async communication worked well,True,Completed,2024-11-27,Reorganization,2025-02-28,2024-09-14
TEAM457,Delta Team,PRJ053,2023-12-06,AI-Recommended,EMP156,"EMP156,EMP1893,EMP0676,EMP0988,EMP1585,EMP0397,EMP1008,EMP0520,EMP0541",9,"{""HR"": 6, ""People"": 1, ""Recruiter"": 2}","{""Principal"": 1, ""Senior"": 5, ""Mid"": 2, ""Junior"": 1}",95.51,71.17,63.21063536676116,90.47229957036997,78.33,78.45839126911306,63.90125400028093,67.76984216356043,85.31332440504124,7.9486955880395405,0.9115573163690076,8.373090336999553,,239.39131499119702,True,8.37840182480736,84.0814765176928,6.961173169033965,0.9982472570041034,76.32925515964509,42.16,3.0713709353602843,,Daily standups critical,True,Completed,2025-02-22,Project Complete,2023-12-06,2025-09-30
TEAM458,Omega Squad,PRJ917,2025-10-22,Manual,EMP1112,"EMP073,EMP1000,EMP086,EMP1205,EMP1314,EMP0520,EMP1112,EMP1243",8,"{""People"": 1, ""HR"": 5, ""Recruiter"": 2}","{""Principal"": 1, ""Mid"": 2, ""Senior"": 2, ""Lead"": 3}",87.96,65.09,82.4333256943774,82.90321744877815,81.5,92.32845085567673,93.02509042022098,65.92514674252513,85.35476256654029,7.637276777749285,1.015124301610164,8.308304451637692,True,94.48074893673859,False,8.415759931456353,99.29595974362664,9.861179091393204,0.9935025148061609,85.89774278126151,64.83,2.142769708232946,Communication issues resolved,Daily standups critical,False,Completed,2025-06-16,Budget Cut,2025-10-22,2025-11-04
TEAM459,Alpha Crew,PRJ102,2024-04-14,AI-Recommended,EMP0242,"EMP1403,EMP1894,EMP1495,EMP0242,EMP066,EMP0543,EMP0494,EMP0430,EMP0360",9,"{""Account"": 2, ""Sales"": 6, ""Business"": 1}","{""Lead"": 3, ""Senior"": 3, ""Principal"": 1, ""Junior"": 2}",100.0,68.62,78.9165829915933,63.69417906473673,69.91,63.20254471889761,80.10589125669286,92.40201623373669,65.05293885017167,6.854876656260007,1.0996384191906234,8.270135588559613,True,195.4636593891479,False,5.970058844875802,104.19908389559328,9.927249286448292,1.008309917125394,91.97223984357497,60.86,0.0,Exceeded expectations,Daily standups critical,True,Completed,2024-11-29,Project Complete,2024-04-14,2025-01-20
TEAM460,Sigma Force,PRJ343,2024-07-30,Hybrid,EMP1409,"EMP0458,EMP0878,EMP1409,EMP0242,EMP0633,EMP1341,EMP119",7,"{""Account"": 2, ""Business"": 1, ""Sales"": 2, ""Logistics"": 1, ""QA"": 1}","{""Senior"": 1, ""Lead"": 4, ""Principal"": 2}",100.0,52.59,52.56240899673853,90.82535423968484,69.43,96.46446967183131,63.82547608534788,100.0,62.67875181018571,6.522543826739388,0.0124880951839479,7.0762562139981195,True,362.82931602972076,True,7.73820045402407,87.73741744713755,6.434509461419253,0.8,115.8,55.12,1.9835053723677338,Communication issues resolved,Async communication worked well,True,Completed,2025-06-04,Project Complete,2024-07-30,2025-02-14
TEAM461,Beta Squad,PRJ019,2023-06-28,Hybrid,EMP0211,"EMP1241,EMP1930,EMP0689,EMP0784,EMP1350,EMP0587,EMP0640,EMP1053,EMP0961,EMP0211",10,"{""Senior"": 3, ""Team"": 1, ""Software"": 5, ""QA"": 1}","{""Lead"": 3, ""Mid"": 6, ""Senior"": 1}",100.0,44.29,56.988044923326306,73.18278707909253,84.11,79.58571634476041,87.36346895856718,82.93054817520404,95.45894549882446,7.466976556166375,2.0440473207614707,4.960527473619174,True,60.9635213901592,True,7.445902192973432,93.89415303252801,,0.8,70.36668652963594,39.66,4.995064162574212,Great collaboration,Need better docs,False,Completed,2023-10-01,Budget Cut,2023-06-28,2025-05-05
TEAM462,Beta Unit,PRJ113,2023-09-23,Manual,EMP0238,"EMP1573,EMP0361,EMP1567,EMP1527,EMP1341,EMP0381,EMP0238",7,"{""Accountant"": 1, ""Operations"": 3, ""Logistics"": 3}","{""Principal"": 2, ""Senior"": 4, ""Lead"": 1}",100.0,58.93,49.0017969708511,81.83933748203292,74.25,78.5682190489103,60.10304860717092,70.5673632820185,80.48672860518289,7.973938889507525,3.0,6.138694357996028,True,315.1583922899266,True,6.568901800328344,107.05704858120131,8.181202139484782,0.9935201737302592,79.67575146084525,62.26,3.078613060502318,Communication issues resolved,,True,Completed,2024-11-06,Budget Cut,2023-09-23,2025-03-13
TEAM463,Alpha Force,PRJ471,2025-09-20,Hybrid,EMP132,"EMP162,EMP0938,EMP1747,EMP1459,EMP1526,EMP1303,EMP132,EMP0885",8,"{""UI"": 3, ""Graphic"": 5}","{""Mid"": 2, ""Lead"": 3, ""Senior"": 3}",87.62,49.49,58.876630039087885,84.13092690547116,95.54,72.8020697972591,66.30991377451842,76.26084440333851,68.77638992011748,6.366720577304047,0.0157192910759644,5.67332463943315,True,169.91231085714068,True,7.461736457071302,95.99894169001479,8.150634885782916,0.8,90.6541809795861,48.83,3.9663912642319135,Great collaboration,Clear roles helped,False,Completed,2025-07-20,Project Complete,2025-09-20,2024-08-24
TEAM464,Beta Unit,PRJ775,2023-09-17,AI-Recommended,EMP0671,"EMP0671,EMP1484,EMP0632,EMP1124,EMP1669,EMP011,EMP1585,EMP1411",8,"{""Recruiter"": 3, ""HR"": 4, ""People"": 1}","{""Lead"": 3, ""Senior"": 1, ""Mid"": 4}",100.0,54.18,48.60451694753976,69.38890215109993,80.72,75.33264005668674,48.610929486511,65.95910305597943,75.44132258520678,8.210717695020925,2.0464326569582942,7.773789407751086,True,324.9769271881349,True,9.189968527894084,100.49135687964481,7.583840321607342,0.9046068218432834,85.03698575381296,49.44,4.927074846741046,Communication issues resolved,Clear roles helped,True,Completed,2024-06-12,Reorganization,2023-09-17,2026-02-05
TEAM465,Delta Squad,PRJ362,2023-08-03,Hybrid,EMP1868,"EMP1791,EMP1932,EMP0816,EMP0997,EMP1328,EMP1868,EMP1508,EMP1119,EMP0714,EMP1080",10,"{""SEO"": 2, ""Campaign"": 5, ""Marketing"": 3}","{""Mid"": 8, ""Senior"": 1, ""Lead"": 1}",100.0,49.15,57.856971301837326,91.6477112956527,65.66,92.61210413701009,77.44137752239925,77.37089677727998,84.24326521719014,7.124177497743428,0.026425016671944444,6.478385932271063,True,263.79425593109323,False,8.002925196647892,107.50419319204127,7.415203327321135,0.8019411569082232,91.9763644347949,40.16,0.9839778102609718,Great collaboration,Daily standups critical,False,Completed,2024-05-18,Reorganization,2023-08-03,2026-01-01
TEAM466,Delta Team,PRJ313,2023-09-22,AI-Recommended,EMP0739,"EMP0875,EMP0739,EMP1946",3,"{""QA"": 1, ""Team"": 1, ""Senior"": 1}","{""Mid"": 1, ""Senior"": 2}",80.79,84.47,36.98602189149511,64.35411753014229,68.42,100.0,68.24718155242854,76.85510202920777,100.0,6.689687122247297,0.9822642801875489,6.2175700916177306,True,282.16488707687637,False,8.765014710404834,107.15706223566151,7.759425553282588,0.909183758925842,71.74132428536363,29.65,1.8326149210233635,,Need better docs,False,Completed,2024-09-17,Budget Cut,2023-09-22,2024-04-21
TEAM467,Omega Unit,PRJ644,2024-05-03,AI-Recommended,EMP0273,"EMP0594,EMP0545,EMP1661,EMP1412,EMP0273,EMP0353,EMP0885,EMP0573,EMP1347,EMP1689",10,"{""UI"": 6, ""UX"": 1, ""Graphic"": 3}","{""Mid"": 5, ""Lead"": 1, ""Senior"": 4}",100.0,48.1,67.93588655044528,55.79940047610761,74.95,82.19157096730868,72.45509527767364,74.54576219361742,82.49432658197998,8.075713268748649,0.030787095877939392,7.8123722885245765,True,133.94904108942916,True,7.62814267243296,99.48304263701866,5.764069009526537,1.0104061404352838,74.37850203313592,56.86,3.8614889384712123,Strong execution,Need better docs,False,Completed,2024-09-07,Reorganization,2024-05-03,2025-11-09
TEAM468,Omega Crew,PRJ955,2024-12-09,Hybrid,EMP1379,"EMP1729,EMP1444,EMP1379,EMP1063,EMP0287,EMP035,EMP1314,EMP079",8,"{""People"": 1, ""HR"": 5, ""Recruiter"": 2}","{""Mid"": 2, ""Junior"": 1, ""Senior"": 3, ""Lead"": 2}",83.01,85.62,65.75226495201542,63.21329905846526,61.82,90.57891184514347,72.70029654829219,89.00814847301132,86.92868843148032,7.815168668235357,2.9499849705426175,6.804576774558123,True,162.32817802343033,True,7.9264230758904946,109.562203114306,8.647731117711327,1.0032808141324732,90.41807374595867,48.04,0.04849781233662956,Communication issues resolved,,,Completed,2025-07-21,Reorganization,2024-12-09,2024-10-22
TEAM469,Gamma Squad,PRJ181,2024-06-20,AI-Recommended,EMP065,"EMP065,EMP1363,EMP1961,EMP1720,EMP1497,EMP1737,EMP152",7,"{""Accountant"": 1, ""Financial"": 1, ""Controller"": 2, ""Sales"": 2, ""Finance"": 1}","{""Principal"": 5, ""Mid"": 1, ""Senior"": 1}",100.0,65.9,70.56773585818915,53.02727484655766,71.96,53.72908450912621,59.514225322698394,77.54988933372347,62.487654302516674,4.255931712991732,1.9635613600069421,7.666682739455745,True,237.4179089593217,True,8.009034500991362,89.21097217089482,,1.097740282653605,83.78890825934386,52.78,2.949398839742477,Exceeded expectations,Clear roles helped,False,Completed,2025-03-03,Budget Cut,2024-06-20,2025-02-26
TEAM470,Delta Team,PRJ281,2024-06-13,Hybrid,EMP1382,"EMP1314,EMP1137,EMP1382",3,"{""HR"": 1, ""Recruiter"": 2}","{""Lead"": 3}",100.0,53.85,84.65065691219473,70.73924941265791,69.1,79.66453082417598,61.234846776617275,99.11260419505066,79.16788092014653,6.7526566490225965,1.9203767654841049,8.267239983971985,True,347.9006996079284,True,6.57888800328375,105.63446686731406,9.238585490530928,0.8864769033926807,75.32660199179847,75.06,1.924176812583501,Great collaboration,,True,Completed,2025-11-18,Budget Cut,2024-06-13,2025-03-10
TEAM471,Beta Squad,PRJ734,2024-10-11,Hybrid,EMP0638,"EMP1440,EMP0545,EMP1661,EMP1200,EMP0638,EMP095,EMP087,EMP041",8,"{""UX"": 3, ""UI"": 3, ""Graphic"": 2}","{""Mid"": 4, ""Lead"": 3, ""Senior"": 1}",93.13,53.48,96.22333008451095,86.38592327987199,67.79,77.17994291285154,69.27180040937836,86.0399493825885,76.06085162293641,6.061098874522406,0.0,8.705373909093282,,31.9,True,6.736056359240469,99.16123610820065,8.048776187533774,1.1116513607814487,88.76180311222807,48.24,4.908966936144444,Communication issues resolved,,True,Completed,2024-04-05,Project Complete,2024-10-11,2025-12-06
TEAM472,Delta Unit,PRJ325,2025-01-02,AI-Recommended,EMP0808,"EMP0539,EMP1405,EMP0682,EMP0573,EMP125,EMP0581,EMP0808",7,"{""Product"": 2, ""Graphic"": 3, ""UX"": 1, ""UI"": 1}","{""Lead"": 3, ""Mid"": 4}",90.4,46.31,62.452723364536396,71.37027014588558,64.5,100.0,70.82050748776368,95.072017419385,83.8267220816182,5.959561573566977,0.0,6.201949532946412,True,321.66435052666833,True,7.194781083331083,89.32986921940974,,0.9041889041108558,78.21273729693364,56.89,2.067897101805519,Communication issues resolved,Daily standups critical,True,Completed,2025-06-22,Budget Cut,2025-01-02,2025-10-21
TEAM473,Alpha Force,PRJ915,2024-04-15,Hybrid,EMP1137,"EMP0310,EMP0392,EMP1137,EMP0249",4,"{""HR"": 1, ""Recruiter"": 2, ""People"": 1}","{""Senior"": 1, ""Lead"": 2, ""Principal"": 1}",93.31,100.0,52.07999554226026,82.94443848859088,70.82,84.88693663394287,77.3355550049391,80.5562575046292,67.75732165304818,6.995601482365346,0.9974981750277462,4.517137066117297,True,142.96858319777618,True,6.865530415696407,81.40954126929402,9.17014367798955,0.9025978196933127,94.67886728125814,82.65,3.0256019874542526,Exceeded expectations,,True,Completed,2024-12-16,Budget Cut,2024-04-15,2024-05-29
TEAM474,Alpha Force,PRJ085,2024-09-27,Hybrid,EMP1018,"EMP0545,EMP1013,EMP1018,EMP0957",4,"{""UI"": 3, ""Graphic"": 1}","{""Lead"": 3, ""Senior"": 1}",95.58,65.05,50.47280924288179,83.01047616874982,74.6,84.11329419055053,77.58506312650175,79.21269383227026,69.28476910967935,6.910764156998282,0.9840363928123135,4.5356577548442685,True,128.60984462819718,True,6.74246660917048,81.64339695846598,9.09061395231161,0.9026376292048044,95.14374938927291,61.07,3.1437082394279097,Exceeded expectations,,True,Completed,2024-12-16,Budget Cut,2024-09-27,2024-08-15
TEAM475,Omega Crew,PRJ892,2025-07-08,Hybrid,EMP1387,"EMP1692,EMP1387,EMP0878,EMP054,EMP1420,EMP0543,EMP146,EMP1112",8,"{""Sales"": 4, ""Account"": 2, ""Logistics"": 1, ""Recruiter"": 1}","{""Senior"": 4, ""Lead"": 3, ""Principal"": 1}",96.77,56.86,68.41942248519953,63.33640082128737,75.38,89.6564835982123,72.41927721801598,89.89806145985551,87.69509728538733,7.849485315635729,2.9049519865480242,6.863696952912479,True,161.8830249404485,True,7.939124509114418,109.66874540607374,8.61847543645189,1.0090893937447272,90.28631464481694,56.27,0.0229355596380087,Communication issues resolved,,,Completed,2025-07-21,Reorganization,2025-07-08,2025-02-15
TEAM476,Delta Crew,PRJ743,2024-02-15,AI-Recommended,EMP1512,"EMP1353,EMP0847,EMP0584,EMP0542,EMP0696,EMP1512,EMP1940,EMP0636,EMP1553",9,"{""HR"": 7, ""People"": 2}","{""Senior"": 6, ""Mid"": 1, ""Principal"": 1, ""Lead"": 1}",100.0,74.04,99.88083821269824,82.6254286224492,90.74,97.59164506834763,56.27655166286495,78.44500036037114,61.931033032665596,8.165564673816068,0.9690924886373784,6.389261955054157,True,48.28872936341526,True,8.033529446985186,103.14273907166736,8.396013409644802,0.8910656106016959,75.26477915297758,60.02,0.038085391386267486,Great collaboration,,True,Completed,2024-08-28,Budget Cut,2024-02-15,2026-02-18
TEAM477,Alpha Team,PRJ710,2023-04-23,AI-Recommended,EMP1881,"EMP1881,EMP1990,EMP0419,EMP0981,EMP0812",5,"{""Marketing"": 1, ""Campaign"": 2, ""SEO"": 2}","{""Lead"": 1, ""Senior"": 3, ""Mid"": 1}",100.0,83.1,56.69034685744158,72.0400330151766,97.23,88.89951303628729,64.36276715600368,96.79257338781159,29.54356372309368,6.746349293167457,1.9867677806367252,6.72743514787253,True,215.00302465571266,False,8.972258323485175,96.29218552427476,8.865348324981126,1.0905461835803836,97.6216093687185,52.62,3.1102186928841546,Communication issues resolved,Daily standups critical,True,Completed,2024-04-14,Budget Cut,2023-04-23,2025-12-17
TEAM478,Beta Unit,PRJ260,2025-01-20,Manual,EMP196,"EMP0500,EMP0749,EMP1027,EMP1569,EMP196,EMP0926,EMP051,EMP1954",8,"{""Sales"": 3, ""Account"": 2, ""Business"": 2, ""Logistics"": 1}","{""Mid"": 3, ""Lead"": 4, ""Principal"": 1}",99.89,56.8,56.627924974697386,52.67035287113684,58.79,64.51621218270019,40.99279609628429,100.0,62.5349160444488,6.043410010704939,2.965112537476402,8.119440249652076,True,52.68555925183286,True,7.058237418405592,93.26600160509231,,1.0051386116384524,83.95050745400536,64.39,1.9815841735898336,Communication issues resolved,Async communication worked well,,Completed,2024-10-12,Budget Cut,2025-01-20,2025-11-02
TEAM479,Beta Crew,PRJ104,2023-12-01,AI-Recommended,EMP1725,"EMP1725,EMP1137,EMP1076",3,"{""People"": 1, ""Recruiter"": 2}","{""Principal"": 1, ""Lead"": 2}",96.94,100.0,69.35803911799503,79.24340310759743,82.16,78.69552545854533,51.008392404079,72.9908245946917,76.8073668595358,7.682526180417157,3.0,7.553982237958133,True,58.68153067487645,True,5.486901222462017,98.747107173316,6.7656654422936855,1.0984689961529448,82.66840277549527,71.84,0.9914912999970775,Strong execution,,False,Completed,2024-05-26,Project Complete,2023-12-01,2024-08-21
TEAM480,Gamma Team,PRJ082,2025-02-25,Manual,EMP170,"EMP170,EMP0384,EMP1752,EMP055,EMP0243,EMP0385",6,"{""Operations"": 4, ""Logistics"": 2}","{""Senior"": 3, ""Lead"": 3}",100.0,47.44,51.142398203030005,67.57132000822676,64.27,64.41958630415355,78.48781238554939,94.98840673361657,75.52701669459944,4.735158147288838,0.004621716387097371,7.56183600474015,True,167.63567950583388,True,6.062768931111953,98.02252811127295,5.53375293579101,1.2075224266934352,72.84655633812973,83.86,0.8619551275485766,Exceeded expectations,Daily standups critical,False,Completed,2024-11-14,Reorganization,2025-02-25,2025-04-20
TEAM481,Alpha Crew,PRJ475,2023-08-08,AI-Recommended,EMP0240,"EMP1256,EMP0240,EMP0303,EMP1512,EMP031,EMP0512,EMP1941,EMP0254,EMP1345",9,"{""Business"": 1, ""Logistics"": 2, ""Accountant"": 1, ""HR"": 1, ""Operations"": 4}","{""Lead"": 2, ""Senior"": 3, ""Principal"": 3, ""Mid"": 1}",100.0,68.1,78.07118944759449,61.048017789803325,74.39,63.9123309153972,79.8251357959486,92.60674548370353,64.4075565581603,6.82238904546127,1.1272823205756046,8.31705739533147,True,193.921135503594,False,6.020458963458718,103.22497996423066,10.0,0.998112056072127,93.34382887610487,49.3,0.0,Exceeded expectations,Daily standups critical,True,Completed,2024-11-29,Project Complete,2023-08-08,2024-10-07
TEAM482,Delta Squad,PRJ069,2025-06-26,AI-Recommended,EMP1296,"EMP1861,EMP1990,EMP1749,EMP1296",4,"{""Content"": 1, ""Campaign"": 1, ""SEO"": 2}","{""Mid"": 1, ""Senior"": 3}",95.22,94.1,90.84094783706135,72.86552446907321,81.71,95.84873251189757,69.00407590716867,92.64922955948899,35.63221045846606,4.64539605522436,1.0618409392373511,7.139929279152959,True,101.21245696617083,True,7.077994278045472,105.63330241713307,7.881946071789802,0.9120948126052946,87.20326815030134,41.74,0.0,,,True,Completed,2025-08-18,Project Complete,2025-06-26,2024-08-27
TEAM483,Alpha Squad,PRJ114,2024-04-16,Hybrid,EMP1669,"EMP1068,EMP1163,EMP0326,EMP0349,EMP1669",5,"{""Recruiter"": 1, ""People"": 1, ""HR"": 3}","{""Lead"": 2, ""Senior"": 3}",100.0,54.79,40.57169146083859,68.11488935911592,69.27,77.15543936233775,58.86982133899669,86.15997149551922,59.04263001592505,8.26626054852579,2.0164548716436457,7.163555589242872,True,265.62414561218424,True,4.8,93.14815281622941,7.7322977224979415,1.1017120701006478,68.66028784662176,74.07,2.750190053468499,Communication issues resolved,Daily standups critical,True,Completed,2024-03-04,Budget Cut,2024-04-16,2025-06-16
TEAM484,Omega Unit,PRJ993,2024-10-28,Hybrid,EMP0212,"EMP0419,EMP147,EMP0212",3,"{""SEO"": 1, ""Campaign"": 1, ""Marketing"": 1}","{""Mid"": 2, ""Lead"": 1}",63.61,91.83,66.28800091606296,42.11786580497352,71.18,89.23745273515463,64.74667851041437,81.55043704087782,70.67281599960594,4.740011399457672,1.9111762726806107,8.153156957970465,True,291.4601335927851,True,8.215349778298283,92.98845041723422,5.322492443753613,1.0027305990462303,91.01783745019259,31.97,4.1580216768368725,Exceeded expectations,Async communication worked well,True,Completed,2025-11-22,Reorganization,2024-10-28,2025-05-04
TEAM485,Beta Team,PRJ339,2023-11-14,Hybrid,EMP0938,"EMP0957,EMP095,EMP1310,EMP0213,EMP0561,EMP0643,EMP0938,EMP0822",8,"{""UI"": 1, ""Graphic"": 4, ""UX"": 3}","{""Lead"": 4, ""Senior"": 1, ""Mid"": 3}",100.0,57.5,53.7541303614749,72.33295024725889,85.27,76.2676250921933,86.96651446044969,90.97518368200527,100.0,5.428339905140345,0.0,7.642044206355987,,289.73496590479755,True,8.014849338481042,93.3379566947273,9.380801658735551,0.8,68.87917589840298,46.34,5.0,Strong execution,Daily standups critical,True,Completed,2025-06-20,Reorganization,2023-11-14,2024-04-06
TEAM486,Alpha Force,PRJ520,2024-02-11,AI-Recommended,EMP065,"EMP1299,EMP1844,EMP065,EMP0672,EMP0452,EMP0760",6,"{""Finance"": 2, ""Financial"": 2, ""Accountant"": 2}","{""Senior"": 3, ""Principal"": 2, ""Mid"": 1}",100.0,66.48,62.754300395444766,64.10981821141188,86.07,81.34990986636443,71.34424983429142,91.28797658002689,66.53565974964292,6.994411322481549,2.0237253947725864,8.575637144795113,True,327.1176615884986,False,7.794878868182082,95.32846679696601,6.607065710984665,0.8974248689602218,104.85633199413112,65.67,3.1075586552018604,,Async communication worked well,True,Completed,2025-07-28,Project Complete,2024-02-11,2024-07-19
TEAM487,Sigma Force,PRJ119,2024-06-03,Manual,EMP1587,"EMP1587,EMP1086,EMP1017,EMP030",4,"{""Marketing"": 2, ""SEO"": 1, ""Campaign"": 1}","{""Lead"": 1, ""Senior"": 2, ""Mid"": 1}",85.32,100.0,76.20322245760707,73.87627382414136,87.24,60.44372888140307,66.94621001814717,90.78391669699562,50.22566323399571,6.277423415787933,3.0,8.795477820557766,,132.0096400692364,False,8.296751492936059,100.91869409732526,,1.3,99.73096922238503,57.67,1.9053179572668406,Great collaboration,Need better docs,False,Completed,2025-04-04,Reorganization,2024-06-03,2025-12-09
TEAM488,Gamma Unit,PRJ677,2024-11-28,Manual,EMP1018,"EMP0705,EMP022,EMP1924,EMP0286,EMP1554,EMP1440,EMP0779,EMP046,EMP1018",9,"{""Product"": 2, ""Graphic"": 3, ""UI"": 3, ""UX"": 1}","{""Lead"": 4, ""Senior"": 2, ""Mid"": 3}",100.0,51.32,63.950537510449465,91.30338807959342,53.7,60.59677481017568,58.20174354975963,53.87123209845004,94.45915296824704,5.640597845703931,3.0,8.31316216526105,True,193.06890840646997,True,9.342317289640478,83.51243687863037,7.182704950739963,0.8,99.31877422631179,55.08,0.9790131638775273,,Clear roles helped,True,Completed,2025-02-19,Reorganization,2024-11-28,2026-02-04
TEAM489,Omega Unit,PRJ955,2023-08-28,Hybrid,EMP1382,"EMP1725,EMP048,EMP1382",3,"{""People"": 1, ""HR"": 1, ""Recruiter"": 1}","{""Principal"": 1, ""Senior"": 1, ""Lead"": 1}",84.13,95.56,74.86404270021481,63.96653488559267,77.18,84.62729372784918,49.2717646957849,71.50100410449318,76.44817777569322,7.083464677831499,3.0,8.51476643931964,True,140.31634873947075,True,7.683438567303377,106.78061842502107,7.131112895451505,1.1935894638203195,93.02222616867121,42.48,0.9330250831950649,,,True,Completed,2024-09-25,Project Complete,2023-08-28,2024-12-13
TEAM490,Alpha Team,PRJ752,2023-12-19,AI-Recommended,EMP0941,"EMP0878,EMP0993,EMP065,EMP1947,EMP0433,EMP1383,EMP0941,EMP1363,EMP0262,EMP1199",10,"{""Account"": 1, ""Accountant"": 3, ""Finance"": 3, ""Financial"": 3}","{""Lead"": 1, ""Principal"": 2, ""Mid"": 6, ""Senior"": 1}",96.79,61.96,99.68324791312348,54.39898309667232,73.12,74.71601983199265,65.8937875392899,81.58182874816579,100.0,5.609133144227958,3.0,7.067186226845679,True,328.1531662129821,True,7.9507001121489935,100.28955530096732,7.642974903907518,1.191190025018066,87.79576864472835,60.88,0.9850383519360595,Exceeded expectations,Daily standups critical,True,Completed,2025-07-17,Project Complete,2023-12-19,2025-07-09
TEAM491,Sigma Crew,PRJ350,2024-07-03,Hybrid,EMP0878,"EMP1195,EMP0878,EMP079",3,"{""Logistics"": 1, ""Account"": 1, ""Recruiter"": 1}","{""Principal"": 1, ""Lead"": 2}",100.0,91.88,82.64558300178462,43.674198784120094,55.65,88.27652298267795,62.46565708641999,91.5214399050491,84.77484286093552,5.484297993168884,0.9292598527819405,5.642506231499818,True,93.1263808632662,True,7.4759592246707305,89.66216390450077,8.420800746744137,0.9975405859259978,64.57503268908792,50.01,2.0089774141810954,Exceeded expectations,,False,Completed,2024-04-09,Reorganization,2024-07-03,2024-03-06
TEAM492,Omega Squad,PRJ501,2024-04-22,Hybrid,EMP1376,"EMP1382,EMP1376,EMP1076",3,"{""Recruiter"": 3}","{""Lead"": 3}",98.61,54.67,88.47223920130531,63.04709958886136,69.9,95.43368680145844,79.77117546671973,56.52053752567289,50.504974208720064,5.531198006727399,1.965198649819224,7.789951250617383,True,83.79167026164563,True,6.7110755056222535,85.11954200983318,9.072933445866116,1.1002649423776176,94.38070741087486,44.76,4.017074458518395,Strong execution,,False,Completed,2025-02-04,Project Complete,2024-04-22,2025-12-23
TEAM493,Alpha Team,PRJ377,2025-06-23,Manual,EMP0750,"EMP0501,EMP1050,EMP1179,EMP0750",4,"{""Senior"": 1, ""Software"": 1, ""QA"": 1, ""DevOps"": 1}","{""Lead"": 2, ""Mid"": 1, ""Senior"": 1}",99.61,100.0,100.0,60.28114253718087,68.2,91.3070775680885,74.21016128755369,83.30254923747435,76.82165249922144,6.704915061274384,3.0,8.697588457835968,,364.7,True,8.233519148100791,110.38606041604258,5.9552485755365385,1.2883721920773064,108.51886940051665,34.2,0.0,Strong execution,Async communication worked well,True,Completed,2026-01-22,Project Complete,2025-06-23,2025-02-10
TEAM494,Gamma Unit,PRJ443,2024-07-13,AI-Recommended,EMP1296,"EMP1296,EMP074,EMP1416,EMP1055,EMP0562",5,"{""SEO"": 3, ""Campaign"": 1, ""Marketing"": 1}","{""Senior"": 3, ""Mid"": 2}",95.57,53.51,57.40403720286335,94.81569767574132,85.16,80.00498385256972,89.79562334311649,59.16586947064496,76.08210338992029,6.059373584906891,1.9671450407788784,6.217436644882757,True,327.97704174421875,False,8.10163332400262,110.27916580424984,8.650564410935063,0.9032961698807563,85.0462705311437,59.43,0.0,,Need better docs,,Completed,2025-10-13,Budget Cut,2024-07-13,2024-12-30
TEAM495,Sigma Force,PRJ081,2023-09-05,Hybrid,EMP1292,"EMP0880,EMP1292,EMP1248,EMP0439,EMP1512,EMP0551,EMP0715",7,"{""Accountant"": 2, ""Financial"": 1, ""Finance"": 3, ""HR"": 1}","{""Principal"": 3, ""Mid"": 1, ""Senior"": 3}",93.38,62.55,54.354030794469146,91.98698537426196,78.01,96.54489093182137,66.15375399756887,100.0,61.47218495630271,6.552034000868046,0.004108603047114766,7.0346340731083306,True,355.70011113052186,True,7.777661640687,87.19049196246705,6.448980210659011,0.8007571780392938,115.8,55.58,2.027508445113765,Communication issues resolved,Async communication worked well,True,Completed,2025-06-04,Project Complete,2023-09-05,2025-05-02
TEAM496,Beta Squad,PRJ662,2025-10-17,AI-Recommended,EMP197,"EMP0274,EMP0950,EMP1085,EMP131,EMP197,EMP0984,EMP1290,EMP0420",8,"{""SEO"": 2, ""Campaign"": 3, ""Marketing"": 3}","{""Mid"": 6, ""Junior"": 1, ""Senior"": 1}",84.1,57.0,91.29680932931963,63.49315827290306,80.49,97.70837789482086,77.01457026135898,84.87590050880604,56.656603265967355,6.3622349781994405,3.0,7.106797312092146,True,251.7068257516697,False,8.148052294287627,109.39112509760194,7.98614500575396,1.2921733546567082,80.66579833000097,40.22,0.0,Great collaboration,Daily standups critical,False,Completed,2025-10-13,Project Complete,2025-10-17,2025-06-24
TEAM497,Alpha Team,PRJ708,2024-08-15,AI-Recommended,EMP106,"EMP0484,EMP1725,EMP0970,EMP106",4,"{""HR"": 1, ""People"": 1, ""Recruiter"": 2}","{""Senior"": 1, ""Principal"": 1, ""Lead"": 2}",100.0,91.57,68.35946440437431,68.60830980375158,77.41,85.07594120099084,71.9770901035315,65.50971404790744,69.40927265482429,7.660346454011683,1.0059338946255174,6.966277558419057,True,196.0572290396688,False,6.618687302507037,102.51649464209028,8.430320077413885,1.1961683407428285,84.28778053381014,63.72,2.9980227113945865,Communication issues resolved,Clear roles helped,False,Completed,2024-05-29,Project Complete,2024-08-15,2025-01-05
TEAM498,Omega Force,PRJ542,2023-07-28,Hybrid,EMP0416,"EMP1348,EMP0993,EMP0416,EMP0364,EMP0672,EMP0800",6,"{""Financial"": 2, ""Accountant"": 1, ""Controller"": 1, ""Finance"": 2}","{""Mid"": 1, ""Principal"": 2, ""Senior"": 3}",100.0,78.84,50.4145674912926,86.4196314198871,84.09,81.36855850155766,86.92437537737085,84.4741336812947,77.85252980339409,5.41679672883356,1.9251489041399756,9.128325608453496,True,209.92214762283876,True,6.562371667316889,90.59616957246682,6.46575579913569,0.9111696453862234,99.38275524407588,76.97,0.9139941512703683,Great collaboration,Daily standups critical,True,Completed,2024-11-03,Project Complete,2023-07-28,2025-03-17
TEAM499,Delta Team,PRJ192,2025-08-18,Hybrid,EMP1183,"EMP1505,EMP1183,EMP1218,EMP0307,EMP1149,EMP1932,EMP0908",7,"{""Marketing"": 3, ""SEO"": 1, ""Campaign"": 3}","{""Lead"": 2, ""Senior"": 2, ""Mid"": 3}",86.1,68.39,88.94957757927254,96.14222010186019,86.97,100.0,68.52753647112846,60.72432912087407,74.6872043228598,8.792584192255475,0.9646108048915737,7.885560654368751,True,292.28385413402236,True,6.67812523280144,86.84472916401624,9.675312591056988,1.0995843690545315,74.5809688197006,48.72,4.88436158405627,Communication issues resolved,,False,Completed,2026-03-21,Project Complete,2025-08-18,2024-04-03
TEAM500,Alpha Unit,PRJ340,2024-01-20,AI-Recommended,EMP1994,"EMP1994,EMP1295,EMP106,EMP0659,EMP0277,EMP1379,EMP0988",7,"{""Recruiter"": 3, ""People"": 3, ""HR"": 1}","{""Lead"": 3, ""Principal"": 1, ""Senior"": 3}",88.32,74.85,55.40632030838252,53.60583571063291,79.36,88.74801568033473,68.72072088622087,91.55080677437662,82.10544439137071,5.888083627652216,3.0,7.6542245226162295,,196.59623526094626,True,6.491207918374088,98.69977404933796,6.709383478948569,0.9004998557514023,106.16858512478713,40.85,2.9534053054721605,Communication issues resolved,Need better docs,True,Completed,2024-10-20,Budget Cut,2024-01-20,2024-11-25
TEAM501,Delta Squad,PRJ060,2025-03-26,AI-Recommended,EMP1449,"EMP0512,EMP1567,EMP1449",3,"{""Logistics"": 1, ""Operations"": 2}","{""Principal"": 1, ""Lead"": 2}",98.33,99.47,66.43142310677554,94.75904910639468,56.14,94.89965829260058,97.96748070545729,64.32761359083162,55.09967421761115,5.572396960664898,3.0,8.560009277084411,True,184.8669166710694,False,8.460810299482288,109.92810920250747,6.902731726016688,1.0943208580221888,82.18274328990194,60.61,0.0,,Clear roles helped,True,Completed,2024-12-16,Project Complete,2025-03-26,2025-01-04
TEAM502,Gamma Team,PRJ690,2023-08-21,Hybrid,EMP1244,"EMP1244,EMP0921,EMP0718,EMP146,EMP1711",5,"{""Logistics"": 4, ""Operations"": 1}","{""Lead"": 3, ""Senior"": 1, ""Principal"": 1}",100.0,96.94,71.18720771013284,65.89868293595315,68.62,100.0,57.6074599238072,69.46753941813046,64.25829177747829,7.714949781201355,0.9677970922217456,6.403466194159489,,144.67468501239748,False,5.115019258638374,108.02762793991086,9.147296384360683,1.2015487438981813,83.9150435830109,61.75,4.003057526744535,,Need better docs,True,Completed,2024-04-23,Project Complete,2023-08-21,2024-11-09
TEAM503,Delta Team,PRJ396,2025-10-05,Hybrid,EMP1747,"EMP1200,EMP1013,EMP1747",3,"{""UI"": 1, ""Graphic"": 2}","{""Lead"": 2, ""Senior"": 1}",73.89,96.27,86.7549648756767,71.11277341988946,75.5,78.29440672153797,61.34576894038866,97.28181923841113,80.4769634007394,6.706742902167025,2.0375345763981425,8.311636969419236,True,343.9923355261363,True,6.766816765338284,105.77980924770182,9.192140192580391,0.9059649907369218,74.91437353277149,36.78,2.1258817415254025,Great collaboration,,True,Completed,2025-11-18,Budget Cut,2025-10-05,2025-06-01
TEAM504,Beta Force,PRJ184,2024-08-08,Hybrid,EMP0353,"EMP0545,EMP0643,EMP1561,EMP1743,EMP0298,EMP0561,EMP0353",7,"{""UI"": 3, ""Graphic"": 3, ""Product"": 1}","{""Lead"": 3, ""Mid"": 1, ""Junior"": 2, ""Senior"": 1}",100.0,73.29,55.17337973537089,60.784775646009905,79.49,45.13989792828316,67.68161129338822,71.09949980599544,96.61242602711404,8.253946530897156,3.0,7.004833511184762,True,333.48043101743826,True,9.882627723221766,102.69859919259981,6.993190080234712,1.3,62.43583975463229,55.03,5.0,Strong execution,Daily standups critical,,Completed,2025-04-21,Reorganization,2024-08-08,2024-04-23
TEAM505,Beta Unit,PRJ409,2023-06-29,AI-Recommended,EMP1382,"EMP1484,EMP1447,EMP1272,EMP0970,EMP1124,EMP1940,EMP0826,EMP1382",8,"{""HR"": 4, ""Recruiter"": 3, ""People"": 1}","{""Senior"": 2, ""Lead"": 5, ""Mid"": 1}",100.0,55.72,49.04446942732579,70.0184585014656,69.9,76.86023683793438,47.16765531904373,66.74797433832362,75.65706761468977,8.176742559191425,2.0585291509141674,7.780083640411111,True,327.1958734024148,True,9.174830982298207,100.64294737104166,7.5031786485974505,0.8926841917503311,84.0752602725506,73.72,5.0,Communication issues resolved,Clear roles helped,True,Completed,2024-06-12,Reorganization,2023-06-29,2026-01-06
TEAM506,Alpha Force,PRJ669,2025-03-08,Hybrid,EMP023,"EMP125,EMP1013,EMP023,EMP1556",4,"{""Graphic"": 2, ""UI"": 2}","{""Lead"": 3, ""Senior"": 1}",85.33,65.15,54.202708962901575,84.57551115988757,67.99,84.80490175218482,78.39650328218615,79.24075684072638,67.50913846148228,7.007149153617103,1.056843420798156,4.545591989136872,True,135.76418872682927,True,6.903023917874619,82.06556208389729,9.098596015961164,0.8978897609117438,95.62746641164627,62.08,2.939672052709588,Exceeded expectations,,True,Completed,2024-12-16,Budget Cut,2025-03-08,2024-05-01
TEAM507,Alpha Force,PRJ096,2024-04-18,AI-Recommended,EMP1580,"EMP0648,EMP1569,EMP0578,EMP0527,EMP0660,EMP0692,EMP1580,EMP054,EMP1195,EMP0543",10,"{""Sales"": 7, ""Account"": 2, ""Logistics"": 1}","{""Senior"": 4, ""Mid"": 3, ""Lead"": 2, ""Principal"": 1}",100.0,54.79,98.80966889371595,78.56514103476482,85.56,75.51041266984733,55.57673352379864,72.0312971469885,71.63569420230294,7.970827009928117,1.9414900475056769,8.905233747062582,True,171.3123230579922,True,6.410080702660902,93.28135376843441,7.1912281088987235,0.8969539783449509,50.0,73.35,1.0606197638129413,Communication issues resolved,Async communication worked well,,Completed,2025-03-24,Project Complete,2024-04-18,2025-02-03
TEAM508,Alpha Unit,PRJ108,2023-04-25,AI-Recommended,EMP1137,"EMP1482,EMP048,EMP0850,EMP1076,EMP1137,EMP1512,EMP0277,EMP1447,EMP1492",9,"{""HR"": 4, ""Recruiter"": 4, ""People"": 1}","{""Senior"": 2, ""Mid"": 2, ""Lead"": 4, ""Principal"": 1}",97.7,72.06,61.922822932508204,77.37276710013741,80.02,67.56659694781925,80.31515376559564,62.579106581060614,74.58295953254368,8.507467267367058,0.0,6.085849824687138,True,347.59401836912474,True,6.819930259920645,97.80502719245304,,1.0931534798445302,94.13973680427779,58.1,4.139583725213562,Great collaboration,Async communication worked well,True,Completed,2024-12-07,Project Complete,2023-04-25,2025-09-25
TEAM509,Delta Force,PRJ052,2024-08-05,AI-Recommended,EMP1775,"EMP0544,EMP0256,EMP1020,EMP1222,EMP1970,EMP056,EMP1775",7,"{""DevOps"": 1, ""Team"": 2, ""QA"": 2, ""Senior"": 2}","{""Senior"": 2, ""Mid"": 4, ""Lead"": 1}",98.06,60.09,62.250915898096586,69.88445026711938,74.36,52.36406724363856,81.79782184341025,71.35045785223384,66.94293565985218,8.825796861083543,1.0798538533663402,6.833248052935591,True,77.43440382089604,True,8.566407933026113,114.35970686301746,6.955393891313217,1.1046516670901676,84.90814325941712,49.74,5.0,,,True,Completed,2025-02-06,Project Complete,2024-08-05,2025-10-11
TEAM510,Alpha Crew,PRJ945,2024-07-23,AI-Recommended,EMP1801,"EMP1801,EMP0320,EMP152",3,"{""Sales"": 1, ""Finance"": 2}","{""Principal"": 1, ""Senior"": 2}",76.82,95.25,76.13845812037819,71.56208929288482,86.4,89.63146489963687,77.11886308343013,67.52473621234023,48.73834085449834,8.01335187659852,2.0786189683339638,7.379855840930678,True,191.19009092515347,False,8.050130180745585,81.06497033427172,7.138909799960319,0.8037553900018232,82.1274193462194,58.85,1.012435132627743,,Async communication worked well,True,Completed,2024-12-14,Project Complete,2024-07-23,2025-11-08
TEAM511,Sigma Unit,PRJ364,2024-07-07,AI-Recommended,EMP0373,"EMP1238,EMP028,EMP0829,EMP0373,EMP152",5,"{""Finance"": 4, ""Sales"": 1}","{""Senior"": 4, ""Principal"": 1}",95.82,57.87,84.14333609745042,80.27448399253981,84.51,99.7391228451037,73.01426350593104,73.85049231509066,73.05502903688986,7.494479532034977,0.0,6.283241889011736,True,199.59259889456774,True,7.152119668316437,102.29368626242773,7.497992942382319,1.0032431558760104,86.34309355130715,74.15,4.043288249110543,Strong execution,,True,Completed,2024-07-07,Project Complete,2024-07-07,2026-02-11
TEAM512,Sigma Team,PRJ670,2024-07-20,Hybrid,EMP1849,"EMP023,EMP1849,EMP1409,EMP152,EMP0954,EMP0729,EMP0621",7,"{""UI"": 1, ""Accountant"": 2, ""Business"": 1, ""Finance"": 3}","{""Lead"": 2, ""Principal"": 2, ""Senior"": 3}",100.0,72.84,72.02139370843393,72.27624896675822,88.98,65.4870422398249,75.31424007307719,75.77616981722642,80.67323820589819,7.917903661169291,2.991906667158494,8.078016494115786,True,327.1440858808606,True,6.526813936594486,94.95942393226167,7.614643537228058,0.8,84.57277730858793,61.85,4.043884340885697,Great collaboration,Async communication worked well,True,Completed,2026-01-31,Project Complete,2024-07-20,2025-09-23
TEAM513,Gamma Squad,PRJ639,2024-08-24,AI-Recommended,EMP0993,"EMP0941,EMP0303,EMP081,EMP0993",4,"{""Accountant"": 3, ""Controller"": 1}","{""Senior"": 1, ""Principal"": 3}",100.0,61.75,56.49384535170812,56.73228092718596,97.03,74.76067985176324,64.423706984684,56.203798532203976,84.10157591645178,7.586896730669656,0.05987396885953294,9.9,,243.495462689292,False,6.403303436074944,111.60617351612558,8.497901488165422,0.9972670256910694,80.01251379666672,67.66,2.135907756671892,,Async communication worked well,False,Completed,2024-11-03,Reorganization,2024-08-24,2026-04-28
TEAM514,Omega Force,PRJ269,2024-11-13,Manual,EMP0486,"EMP1067,EMP1328,EMP0486,EMP029,EMP085",5,"{""Marketing"": 2, ""Campaign"": 2, ""SEO"": 1}","{""Mid"": 3, ""Senior"": 2}",89.15,66.72,51.74329544606007,76.26969338706625,93.23,84.63797877583181,71.34176508934857,91.3190977067203,71.68983047248008,6.73339709451438,0.0,6.501111573851576,,337.95596712220106,True,8.740807173301175,96.69700719978447,8.207296508626065,1.2032187441971978,75.4595552244751,58.58,0.0,,,True,Completed,2025-03-24,Reorganization,2024-11-13,2025-07-29
TEAM515,Alpha Force,PRJ691,2025-05-24,Hybrid,EMP0921,"EMP146,EMP0921,EMP1341,EMP107",4,"{""Logistics"": 3, ""Operations"": 1}","{""Principal"": 2, ""Lead"": 1, ""Senior"": 1}",100.0,97.2,51.94524856603625,84.5250307713865,69.87,84.35671256753898,78.6042843506942,79.83794028740922,68.6014684168846,6.898464182731629,1.0561623419574524,4.5,True,142.13222935599723,True,6.776076376418956,81.23283197943613,9.013402263226181,0.8949311540415325,94.4469439265787,53.76,2.96020452629311,Exceeded expectations,,True,Completed,2024-12-16,Budget Cut,2025-05-24,2024-06-13
TEAM516,Sigma Unit,PRJ912,2024-04-28,AI-Recommended,EMP0888,"EMP050,EMP0888,EMP0773,EMP1801,EMP0269,EMP1419",6,"{""Financial"": 1, ""Accountant"": 1, ""Controller"": 2, ""Sales"": 1, ""Finance"": 1}","{""Mid"": 1, ""Senior"": 2, ""Principal"": 3}",95.81,77.94,35.324331047982355,77.56354602585101,77.98,80.79568220674756,82.24612506697949,89.00480676707465,81.40458409404077,7.730621351693361,3.0,8.075544423413351,True,264.8572909777838,True,7.196347053225869,93.47366594357021,7.629394064351223,0.8,95.12641805800543,43.9,2.0301978199568413,Communication issues resolved,,False,Completed,2025-04-21,Reorganization,2024-04-28,2024-03-18
TEAM517,Omega Unit,PRJ910,2025-10-29,Manual,EMP0826,"EMP0349,EMP1243,EMP0826,EMP0270,EMP1725,EMP0858",6,"{""HR"": 4, ""Recruiter"": 1, ""People"": 1}","{""Senior"": 1, ""Lead"": 3, ""Mid"": 1, ""Principal"": 1}",98.18,92.71,66.64809683753847,42.94694959964219,63.24,78.45955502149322,75.04866009161876,93.09838371598872,77.65679457234125,8.413391619843848,0.0029958612496026374,7.811443903457267,True,168.26094797161113,True,7.56431198447123,92.64865989131326,7.615276558728286,0.8998022652049807,75.41155308175283,57.41,3.9938982967187866,,Daily standups critical,True,Completed,2025-10-25,Budget Cut,2025-10-29,2025-01-26
TEAM518,Alpha Crew,PRJ781,2024-04-23,Hybrid,EMP1252,"EMP0326,EMP1252,EMP0906,EMP0541,EMP0826",5,"{""HR"": 3, ""Recruiter"": 1, ""People"": 1}","{""Senior"": 2, ""Lead"": 2, ""Mid"": 1}",82.57,96.05,52.23465560814003,79.2584906375647,62.62,82.93354535667872,95.09333580815563,73.20775222424341,65.48610375912149,8.149264327890148,0.9636376409837499,4.8103345779088595,True,139.07535619147677,True,8.201391282516827,96.64998497274485,,1.0920535504403424,89.88701886272548,59.38,0.01945806097569297,Strong execution,Need better docs,True,Completed,2024-12-05,Project Complete,2024-04-23,2025-03-29
TEAM519,Delta Force,PRJ216,2024-07-01,Hybrid,EMP1299,"EMP1299,EMP0760,EMP0613,EMP0269",4,"{""Finance"": 2, ""Accountant"": 1, ""Controller"": 1}","{""Senior"": 2, ""Principal"": 2}",93.71,75.85,74.90444119528847,60.09394911203038,72.55,60.97195205103639,74.45074551502228,74.94110857677381,77.98057557853801,9.872273072963223,0.9641243784235121,8.344611812052003,True,354.49178316586665,True,7.443157534640441,104.04720758047573,7.381468327253187,0.9939281460616042,90.26761515276206,76.49,4.047705148629081,Exceeded expectations,,,Completed,2025-11-05,Budget Cut,2024-07-01,2026-01-16
TEAM520,Gamma Crew,PRJ359,2023-06-30,AI-Recommended,EMP1138,"EMP1468,EMP1184,EMP061,EMP0830,EMP1783,EMP1484,EMP1314,EMP1138,EMP0326",9,"{""HR"": 5, ""People"": 2, ""Recruiter"": 2}","{""Senior"": 3, ""Mid"": 3, ""Lead"": 2, ""Principal"": 1}",91.47,76.81,99.35577156406605,86.84936357434543,67.02,95.66552726260544,63.38384289650487,69.9760642368641,89.43767948721917,7.486081303320521,0.9890409829070625,9.260777557121232,,193.88065551528751,True,8.28601590774452,91.70048899697473,8.051648480664692,1.0028751668511866,65.10871995676904,64.73,1.7576298474083056,Strong execution,,,Completed,2024-02-22,Project Complete,2023-06-30,2025-10-10
TEAM521,Beta Team,PRJ563,2023-03-26,Hybrid,EMP1924,"EMP0539,EMP125,EMP0943,EMP1924,EMP1442",5,"{""Product"": 1, ""Graphic"": 2, ""UX"": 1, ""UI"": 1}","{""Lead"": 3, ""Mid"": 1, ""Senior"": 1}",100.0,100.0,31.408484556492915,77.69908776420517,40.33,78.1684597473333,64.743297197428,66.1437789112456,62.75481692843333,8.337775865925481,0.9744201587108742,9.284214849579776,True,237.02100417366592,True,8.064079336996354,114.75613972627158,7.544527818746424,0.8962792115155065,88.94629665736919,77.27,5.0,Great collaboration,,False,Completed,2024-09-11,Budget Cut,2023-03-26,2024-07-14
TEAM522,Alpha Crew,PRJ666,2024-11-05,Manual,EMP1607,"EMP0545,EMP1572,EMP1607,EMP1100",4,"{""UI"": 2, ""Graphic"": 2}","{""Lead"": 3, ""Senior"": 1}",92.3,82.14,82.85247692848716,82.27802096809718,53.58,60.32441595958264,46.640362609048644,87.5001835230798,59.12612767330199,7.22151569048495,2.9858271449024536,6.603353360369357,True,103.94969230040013,False,7.2734814280033815,99.76757725967887,,1.3,53.75982061957645,46.3,3.0683524518642984,Communication issues resolved,Clear roles helped,,Completed,2025-01-03,Project Complete,2024-11-05,2025-04-04
TEAM523,Gamma Crew,PRJ637,2023-11-25,Manual,EMP1493,"EMP1017,EMP1863,EMP1493,EMP0221,EMP1006",5,"{""Campaign"": 3, ""SEO"": 1, ""Marketing"": 1}","{""Senior"": 3, ""Lead"": 1, ""Mid"": 1}",100.0,79.58,77.23128395720798,62.93122175353927,82.32,89.04934637230173,72.28006469166041,69.47240835215793,60.705320261963124,7.707134091537283,2.9651221891169075,7.014506934864689,True,293.379744265326,False,6.373753505943421,97.89339136661205,,0.899896036998077,74.350875969827,58.1,0.0,Great collaboration,,True,Completed,2025-01-18,Reorganization,2023-11-25,2026-02-27
TEAM524,Alpha Unit,PRJ753,2024-06-21,AI-Recommended,EMP1382,"EMP1376,EMP0970,EMP1382,EMP1652,EMP063,EMP0201,EMP1672,EMP091,EMP1163",9,"{""Recruiter"": 4, ""People"": 3, ""HR"": 2}","{""Lead"": 4, ""Senior"": 3, ""Junior"": 1, ""Mid"": 1}",91.76,65.79,60.22768140331397,76.60422580460293,90.18,66.51050045252035,79.9746704823237,62.711430321895044,74.76230240440186,8.5982596985423,0.0,6.042301641182646,True,348.7099734913213,True,6.88747920453679,97.03307618980911,,1.0936325269785951,95.3435794327553,53.5,4.051321174297468,Great collaboration,Async communication worked well,True,Completed,2024-12-07,Project Complete,2024-06-21,2026-01-13
TEAM525,Omega Force,PRJ440,2024-09-07,Manual,EMP0700,"EMP163,EMP1648,EMP1995,EMP1099,EMP0700",5,"{""DevOps"": 2, ""Team"": 2, ""QA"": 1}","{""Senior"": 3, ""Mid"": 1, ""Lead"": 1}",97.82,100.0,48.69696166559615,75.00402791031887,76.11,84.14695646166399,71.5729743099369,92.32074225983085,72.47778920225376,6.729397933375337,0.042034535997933116,6.548496501881084,,340.1361149121691,True,8.701882939449828,96.93850445330345,8.263135263794695,1.2064756607493063,76.31171189666347,32.98,0.11683611171707012,,,True,Completed,2025-03-24,Reorganization,2024-09-07,2025-08-01
TEAM526,Gamma Squad,PRJ431,2024-04-02,Manual,EMP0286,"EMP022,EMP0545,EMP0705,EMP0286",4,"{""Product"": 2, ""UI"": 1, ""Graphic"": 1}","{""Lead"": 3, ""Senior"": 1}",99.17,80.69,50.12697719106168,60.29019717381002,50.21,96.2930236746546,79.90125529105295,79.45836798132578,59.938103490934374,7.822290541103522,3.0,7.224338153901331,True,131.81885456931343,True,6.286529531419396,88.52263293159845,7.527317084422932,1.0972996384794143,86.03563006113924,64.11,0.9153753247451701,Strong execution,,True,Completed,2024-02-10,Reorganization,2024-04-02,2024-06-04
TEAM527,Delta Unit,PRJ133,2024-03-03,AI-Recommended,EMP1256,"EMP0955,EMP1425,EMP1632,EMP1256,EMP0260,EMP1593,EMP0924,EMP038,EMP0599,EMP0970",10,"{""HR"": 2, ""Logistics"": 1, ""Sales"": 2, ""Business"": 3, ""Recruiter"": 2}","{""Principal"": 2, ""Lead"": 6, ""Mid"": 1, ""Senior"": 1}",99.07,66.48,43.7691225119056,78.89535393662868,89.55,69.51502085179179,61.904002754435545,77.33708141926675,97.86551920858581,5.91474042166789,1.9911454469103937,8.023339199343622,True,105.426052941998,True,7.659284872523945,109.20551724239003,8.311491296119899,0.8048765281330265,107.9637332302724,49.71,4.03158725085136,Exceeded expectations,,True,Completed,2025-01-13,Project Complete,2024-03-03,2024-12-12
TEAM528,Beta Force,PRJ084,2024-11-17,Hybrid,EMP1272,"EMP063,EMP086,EMP1068,EMP0484,EMP0861,EMP1272,EMP1286,EMP0977,EMP1069",9,"{""HR"": 5, ""Recruiter"": 3, ""People"": 1}","{""Senior"": 3, ""Mid"": 5, ""Lead"": 1}",97.98,46.63,40.992838935966915,91.2827249284141,77.8,76.8674764620878,91.859620938092,84.44439248718255,90.02124722010205,9.243247263505488,1.02066443353162,8.542140146169128,,201.56995125400894,True,6.593169873970151,83.10899930611559,9.140469451236688,0.9064391857327239,82.27822551141439,46.64,0.9641096066020364,Exceeded expectations,,False,Completed,2025-07-17,Project Complete,2024-11-17,2026-02-26
TEAM529,Beta Crew,PRJ255,2023-08-06,Hybrid,EMP0269,"EMP1713,EMP0216,EMP146,EMP0269",4,"{""Finance"": 2, ""Logistics"": 1, ""Controller"": 1}","{""Senior"": 2, ""Principal"": 2}",100.0,85.56,46.491473198759216,74.74934088725146,78.72,78.29517624326115,91.04202760797136,89.32535451060727,79.08415998867964,6.483137266589974,0.968660344155459,7.0502843305820155,True,99.6170868711175,False,6.70645852420655,99.17072830781787,6.931447767493827,1.0999758626158578,93.4475761835418,57.86,0.05894041831207753,Communication issues resolved,Need better docs,,Completed,2023-12-15,Project Complete,2023-08-06,2025-05-04
TEAM530,Delta Unit,PRJ114,2024-01-27,Hybrid,EMP1672,"EMP0310,EMP1672,EMP0850,EMP0847,EMP0223,EMP1076,EMP128,EMP0526,EMP0894",9,"{""HR"": 4, ""Recruiter"": 3, ""People"": 2}","{""Senior"": 4, ""Lead"": 2, ""Mid"": 3}",93.46,51.12,78.9476887330132,84.41346270510377,95.53,93.38401469330677,80.7915250502153,70.1812455879042,78.57950541665306,9.016066706400473,0.9944457266068589,7.530643779866833,True,58.69871119148513,True,6.736040327757127,105.93445337764351,5.5247939853148305,1.0978030469921496,95.25201423629477,56.09,2.9525750567211477,,Need better docs,True,Completed,2023-09-27,Project Complete,2024-01-27,2025-10-04
TEAM531,Sigma Force,PRJ565,2023-11-23,Hybrid,EMP1014,"EMP0266,EMP0230,EMP0353,EMP0770,EMP0338,EMP0737,EMP1014",7,"{""UI"": 5, ""Product"": 1, ""Graphic"": 1}","{""Lead"": 2, ""Senior"": 2, ""Mid"": 1, ""Junior"": 2}",100.0,87.52,53.15450783578753,89.29462129543735,95.41,96.99180369693873,65.30099919102621,100.0,62.81123335322611,6.658910524342373,0.0,6.947335861635527,True,357.420684516959,True,7.631200503550579,88.34543244850519,6.46278486435517,0.801942925744021,115.8,53.44,1.9164574360737343,Communication issues resolved,Async communication worked well,True,Completed,2025-06-04,Project Complete,2023-11-23,2025-03-24
TEAM532,Omega Crew,PRJ495,2024-10-14,Hybrid,EMP1081,"EMP0335,EMP1313,EMP100,EMP0232,EMP1036,EMP1455,EMP1561,EMP1081",8,"{""UX"": 3, ""UI"": 3, ""Graphic"": 2}","{""Junior"": 1, ""Mid"": 4, ""Lead"": 1, ""Senior"": 2}",100.0,77.83,68.94290486914255,63.49908321292097,72.93,90.36753003151806,72.55163511022339,88.7567203792911,87.1225686198825,7.787386949343056,3.0,6.789530990531194,True,153.62742430432525,True,7.901416652008443,109.73042956214108,8.496431202771433,1.0054289484597367,91.1571630689424,51.33,0.05982899000921779,Communication issues resolved,,,Completed,2025-07-21,Reorganization,2024-10-14,2024-09-24
TEAM533,Delta Unit,PRJ587,2024-06-09,Manual,EMP1940,"EMP1729,EMP106,EMP1940,EMP1722,EMP0556,EMP0583,EMP0520,EMP0392,EMP1408,EMP063",10,"{""People"": 2, ""Recruiter"": 3, ""HR"": 5}","{""Mid"": 2, ""Lead"": 4, ""Senior"": 4}",97.67,37.7,34.80858994128416,87.32546509680634,78.64,61.57535223913425,64.01309752646127,70.5975564111819,81.71098486956107,5.347598336127949,0.9971028621008582,7.031848414367108,True,145.88320363574817,True,8.397646274643442,85.69562214967513,6.887892892663121,0.806563383706905,104.18265464988204,59.19,4.968538031259061,Great collaboration,Need better docs,False,Completed,2024-10-17,Project Complete,2024-06-09,2025-10-07
TEAM534,Delta Unit,PRJ536,2024-04-07,AI-Recommended,EMP155,"EMP155,EMP1482,EMP1424,EMP1295,EMP048,EMP0988,EMP0708,EMP1735,EMP1483,EMP1618",10,"{""Recruiter"": 3, ""HR"": 5, ""People"": 2}","{""Lead"": 2, ""Senior"": 4, ""Principal"": 1, ""Mid"": 3}",100.0,62.97,42.88626869900948,79.62390597530447,74.84,71.20036738209438,63.164487074365894,77.24913613457632,97.2614102391056,5.737422427675009,1.976670552440502,7.940067274122866,True,100.00425024580592,True,7.801496565859579,109.92933101239267,8.409581534193075,0.8,106.82048751878574,62.15,4.079070512520158,Exceeded expectations,,True,Completed,2025-01-13,Project Complete,2024-04-07,2025-01-03
TEAM535,Sigma Crew,PRJ269,2024-02-07,Hybrid,EMP0812,"EMP1086,EMP0719,EMP0812",3,"{""SEO"": 2, ""Campaign"": 1}","{""Senior"": 3}",94.44,48.58,83.21330741821942,43.60239420276649,72.27,88.79677785267742,62.175344378596435,90.1878491327271,85.3086658057144,5.530659852725467,0.9540540301292305,5.808869788855456,True,100.81597412221451,True,7.412908359181249,89.52996166760926,8.34543546221408,0.9862186704150545,64.87878300599833,83.41,1.9343566226988962,Exceeded expectations,,False,Completed,2024-04-09,Reorganization,2024-02-07,2024-08-17
TEAM536,Alpha Team,PRJ347,2024-06-21,AI-Recommended,EMP1696,"EMP0721,EMP1958,EMP1218,EMP1696,EMP1162,EMP1600,EMP1750,EMP0515,EMP1612,EMP0811",10,"{""Content"": 2, ""Campaign"": 4, ""Marketing"": 2, ""SEO"": 2}","{""Mid"": 8, ""Senior"": 2}",100.0,26.99,98.16733451464557,54.93436462637087,89.93,75.81666680022875,65.84739731227859,81.02086816924414,100.0,5.562288774191391,3.0,6.994562689530213,True,336.76909247169567,True,7.899935712266563,100.96642987225036,7.697361204715161,1.1894604568011893,86.2814175794997,41.37,0.7668512490681976,Exceeded expectations,Daily standups critical,True,Completed,2025-07-17,Project Complete,2024-06-21,2025-05-23
TEAM537,Sigma Force,PRJ475,2023-09-20,Hybrid,EMP1435,"EMP0621,EMP1280,EMP1657,EMP1435,EMP0637,EMP0284,EMP1674",7,"{""Accountant"": 1, ""Logistics"": 6}","{""Principal"": 2, ""Lead"": 1, ""Senior"": 4}",97.82,60.57,51.88958158975069,89.54766571534306,72.81,97.01061322810318,65.78067929184772,99.50432954354667,62.39337262535105,6.58201910533495,0.0,7.026059168914457,True,362.12938427095855,True,7.699092893205234,87.92502134464094,6.4878485886948765,0.8050896486258372,115.23997008313839,70.92,2.079829488816579,Communication issues resolved,Async communication worked well,True,Completed,2025-06-04,Project Complete,2023-09-20,2025-01-14
TEAM538,Gamma Force,PRJ069,2023-10-09,AI-Recommended,EMP1727,"EMP1990,EMP0424,EMP1610,EMP1727,EMP0908,EMP0466,EMP0812",7,"{""Campaign"": 4, ""SEO"": 3}","{""Senior"": 3, ""Mid"": 4}",100.0,45.01,73.74988663315368,80.20330341069943,85.19,81.74686810814272,74.86168553363922,71.81784642909322,88.24126714858869,6.197341292050452,0.9971049074485181,8.733710515122935,True,226.21520379361993,False,8.508534956587965,96.6197376182963,8.81884883483694,0.9973868503579632,92.20409858565623,46.31,2.080537290348073,,,True,Completed,2025-02-22,Project Complete,2023-10-09,2025-05-14
TEAM539,Omega Crew,PRJ195,2023-11-23,AI-Recommended,EMP0526,"EMP063,EMP0526,EMP1063,EMP0858",4,"{""HR"": 4}","{""Senior"": 3, ""Lead"": 1}",93.22,83.97,80.44599388100458,75.84070012559492,70.07,82.14354112727048,69.52247371170778,68.32963223705245,100.0,6.694460191500169,3.0,5.445941163340689,True,241.21806220664823,True,7.171105743276066,95.11152139602716,7.148182769760329,1.1962639962913924,84.30023530364979,49.93,3.8246855317421735,Communication issues resolved,Async communication worked well,True,Completed,2025-02-10,Reorganization,2023-11-23,2025-05-08
TEAM540,Omega Team,PRJ543,2024-06-28,Manual,EMP0556,"EMP0584,EMP0960,EMP1252,EMP1669,EMP1893,EMP1293,EMP0556",7,"{""HR"": 6, ""Recruiter"": 1}","{""Mid"": 2, ""Lead"": 2, ""Senior"": 3}",100.0,64.28,79.38005576820254,93.02845213103744,68.5,69.10145047388164,73.20166381411498,71.98852163854708,93.12180322458221,6.520756780214172,0.9437354792232832,7.650952526033612,True,268.5397897955467,True,5.695011401107933,94.98512439571782,7.532646866507819,1.1043418925906336,74.41168360138938,57.36,3.935302983033612,Strong execution,,True,Completed,2024-06-30,Budget Cut,2024-06-28,2025-12-28
TEAM541,Omega Crew,PRJ273,2023-03-04,Manual,EMP1137,"EMP1137,EMP0708,EMP1864",3,"{""Recruiter"": 1, ""HR"": 1, ""People"": 1}","{""Lead"": 2, ""Principal"": 1}",100.0,88.19,65.3642795490725,56.14428780091049,70.48,70.93220205431393,63.08310796264213,64.94104420539347,88.56467107088015,7.440069203091187,1.9220310803951695,5.387676252369419,True,82.67183473980992,False,9.019262549911433,99.01574012843504,7.856842823258313,0.8005384812263626,76.67400977188242,90.63,0.0,Exceeded expectations,Need better docs,False,Completed,2023-12-07,Budget Cut,2023-03-04,2024-04-04
TEAM542,Gamma Team,PRJ825,2025-03-10,Manual,EMP0249,"EMP073,EMP1411,EMP0249,EMP109,EMP0708,EMP1669",6,"{""People"": 3, ""Recruiter"": 1, ""HR"": 2}","{""Principal"": 2, ""Lead"": 3, ""Senior"": 1}",100.0,68.41,50.59263834469074,66.77804042716748,81.62,64.16290861493634,77.46910014087422,94.6164345215437,75.40982636884685,4.847184127092114,0.007661021551959492,7.648340484361974,True,181.01319622541445,True,6.091101159316107,97.58446896392537,5.628450323491369,1.2049857756325473,73.82181687017184,72.9,1.124671294719763,Exceeded expectations,Daily standups critical,False,Completed,2024-11-14,Reorganization,2025-03-10,2025-09-03
TEAM543,Alpha Crew,PRJ871,2024-08-22,AI-Recommended,EMP065,"EMP0473,EMP065,EMP1760",3,"{""Accountant"": 2, ""Controller"": 1}","{""Senior"": 1, ""Principal"": 2}",81.88,92.76,76.08809914145415,70.78774533146088,81.27,89.08984643136712,76.94538089152829,66.71361524323571,48.26182896534158,7.978686543343244,1.891359416724131,7.3131747013096975,True,190.36049967069258,False,8.030553052520665,81.52248168102996,7.190356734023799,0.8019808300962843,80.93788680707723,71.86,0.9927585242966218,,Async communication worked well,True,Completed,2024-12-14,Project Complete,2024-08-22,2025-07-07
TEAM544,Omega Unit,PRJ701,2024-02-05,Hybrid,EMP0970,"EMP1994,EMP0970,EMP1408,EMP0708,EMP1523,EMP0326,EMP1252",7,"{""Recruiter"": 3, ""HR"": 4}","{""Lead"": 5, ""Senior"": 2}",100.0,46.36,78.15759364880103,92.41323415190313,53.98,86.74385028631076,80.24226714936344,78.73127280599175,87.74851267112241,8.334125633584218,2.9986264377239498,7.87495569037092,True,35.058165719014845,False,8.360769996643567,92.11410581833891,7.715376971850137,1.1042367652709972,66.43629810907528,60.79,1.0593990255728583,Strong execution,Need better docs,True,Completed,2024-01-22,Reorganization,2024-02-05,2025-05-21
TEAM545,Delta Unit,PRJ697,2025-06-22,AI-Recommended,EMP1485,"EMP0366,EMP1485,EMP1941,EMP0653,EMP1449,EMP1837,EMP0883,EMP1721,EMP0384,EMP1731",10,"{""Operations"": 6, ""Project"": 1, ""Logistics"": 3}","{""Senior"": 8, ""Mid"": 1, ""Lead"": 1}",99.22,46.22,41.72196400768462,79.59072560520075,59.74,70.90330685295228,62.33050268773841,77.21655913007706,99.3243634080282,5.8690358688326185,2.0256142036896616,8.042733490470162,True,100.51089091465205,True,7.656407444723871,108.50025294897301,8.413879094493758,0.8,107.91447887243872,59.32,3.9979279286733087,Exceeded expectations,,True,Completed,2025-01-13,Project Complete,2025-06-22,2025-04-06
TEAM546,Omega Team,PRJ432,2023-07-16,Manual,EMP0774,"EMP1020,EMP0774,EMP1165,EMP014,EMP1462,EMP1621,EMP0538",7,"{""QA"": 3, ""Software"": 2, ""Team"": 2}","{""Mid"": 3, ""Lead"": 4}",100.0,45.89,78.70506181168639,94.07510273928686,63.85,68.32190893835146,72.27750637711074,72.38066589659775,93.69211730620208,6.388859527379189,0.9912861230274225,7.790500033476616,True,266.38374986618027,True,5.770824712445932,94.6195665280194,7.453460480051777,1.0978521362164588,74.7099411201136,47.56,4.13596281910363,Strong execution,,True,Completed,2024-06-30,Budget Cut,2023-07-16,2025-10-25
TEAM547,Alpha Crew,PRJ198,2025-01-29,Hybrid,EMP1232,"EMP0994,EMP1711,EMP0936,EMP1232,EMP0284",5,"{""Logistics"": 3, ""Operations"": 2}","{""Principal"": 2, ""Lead"": 2, ""Senior"": 1}",100.0,99.2,53.27366555278623,79.47092895816476,55.93,82.99863553480479,94.32469076488657,72.12346447044057,67.96754124993376,8.149864856587165,1.007491740011644,4.726501817472096,True,136.80623515023234,True,8.160885110933513,96.50302555781742,,1.0920130942766388,89.57186827419999,66.42,0.0,Strong execution,Need better docs,True,Completed,2024-12-05,Project Complete,2025-01-29,2025-10-05
TEAM548,Beta Force,PRJ355,2023-09-28,Hybrid,EMP1994,"EMP0437,EMP1830,EMP1272,EMP0406,EMP0980,EMP1546,EMP1994,EMP063",8,"{""HR"": 5, ""People"": 2, ""Recruiter"": 1}","{""Senior"": 3, ""Mid"": 4, ""Lead"": 1}",96.6,58.72,100.0,87.94122196326249,76.44,74.96927274642972,77.0598640666318,79.44588335544441,68.48384214607181,7.307065520270777,1.9364810532838732,4.72073768741907,True,145.84021210534027,False,8.00387947092189,84.66600176433694,8.759859454758242,0.8923766694350769,53.46221098185354,65.59,1.0190061022540933,Communication issues resolved,Async communication worked well,False,Completed,2024-10-19,Budget Cut,2023-09-28,2024-12-31
TEAM549,Alpha Unit,PRJ267,2024-01-31,AI-Recommended,EMP181,"EMP0274,EMP0486,EMP0535,EMP1141,EMP1422,EMP181,EMP1659",7,"{""SEO"": 3, ""Campaign"": 3, ""Content"": 1}","{""Mid"": 4, ""Senior"": 3}",98.4,44.54,54.64975173616125,54.32510631756084,62.63,88.40107055297395,68.25489172400326,92.40514458809783,82.7913327972917,5.806856150643546,3.0,7.714724221097011,,193.73637233961043,True,6.55569636698003,98.27141349273893,6.685266116977795,0.8990291355334744,105.4333577839849,59.03,3.093803688156437,Communication issues resolved,Need better docs,True,Completed,2024-10-20,Budget Cut,2024-01-31,2024-12-16
TEAM550,Delta Force,PRJ529,2024-06-05,Hybrid,EMP1061,"EMP0778,EMP0951,EMP1061,EMP0742",4,"{""Software"": 1, ""Team"": 1, ""QA"": 1, ""DevOps"": 1}","{""Lead"": 2, ""Senior"": 1, ""Mid"": 1}",100.0,79.65,76.67591495852568,61.62904065898701,83.33,61.08270315828944,74.1180478168984,73.97407268474305,75.95498413056579,10.0,0.9885272081307236,8.301430259598494,True,364.7,True,7.453728135824297,104.34987549813606,7.387364630441565,0.9939940686922696,90.88191103798934,39.78,4.009687710954081,Exceeded expectations,,,Completed,2025-11-05,Budget Cut,2024-06-05,2025-11-22
TEAM551,Omega Unit,PRJ135,2025-12-24,Manual,EMP0275,"EMP0242,EMP1567,EMP0237,EMP0275,EMP0332,EMP0867",6,"{""Sales"": 1, ""Operations"": 3, ""Logistics"": 2}","{""Principal"": 1, ""Lead"": 2, ""Senior"": 3}",97.75,76.68,63.34382972989109,42.00710901137307,71.45,78.45639653844981,75.10212462672203,92.55147322319281,77.09847927357417,8.422649219968843,0.0,7.754733087801624,True,177.84245449948543,True,7.5401832500622445,92.3703849329594,7.722020349623523,0.8985855590505742,75.00899943465798,72.25,4.107182560128241,,Daily standups critical,True,Completed,2025-10-25,Budget Cut,2025-12-24,2024-10-12
TEAM552,Delta Unit,PRJ370,2025-01-31,AI-Recommended,EMP1775,"EMP1465,EMP1015,EMP1486,EMP0940,EMP1301,EMP0750,EMP1775,EMP080,EMP1819,EMP1946",10,"{""DevOps"": 4, ""QA"": 1, ""Software"": 2, ""Team"": 2, ""Senior"": 1}","{""Senior"": 5, ""Lead"": 3, ""Mid"": 2}",100.0,49.34,42.30136996133468,80.60291978149658,71.97,71.63600938058681,62.438433344917456,76.49335016032633,97.49394661448993,5.865256188041723,1.8470074238721652,8.010061647795192,True,101.11007585527557,True,7.764297068769205,109.56107249952267,8.304062116886783,0.8,109.69497015823208,38.15,4.099974701060399,Exceeded expectations,,True,Completed,2025-01-13,Project Complete,2025-01-31,2025-04-03
TEAM553,Sigma Crew,PRJ179,2024-07-06,Manual,EMP0760,"EMP1292,EMP1299,EMP0755,EMP1516,EMP1959,EMP1720,EMP0760",7,"{""Accountant"": 2, ""Finance"": 2, ""Financial"": 1, ""Controller"": 2}","{""Principal"": 4, ""Senior"": 2, ""Mid"": 1}",99.18,75.04,57.01674274672776,77.98316706128243,84.79,76.84438102636857,52.87121937389004,87.44808251017096,86.41528027690052,8.210609845247705,1.9397928200524792,7.678005470327466,,63.47426262340197,False,9.798269778082464,92.9526246744329,7.885230832265333,1.1111867935744342,113.34778037142054,75.18,4.971641099781089,Strong execution,Need better docs,False,Completed,2025-01-09,Project Complete,2024-07-06,2025-08-21
TEAM554,Gamma Squad,PRJ177,2024-06-17,Manual,EMP1103,"EMP049,EMP095,EMP1103,EMP0273",4,"{""Graphic"": 2, ""UI"": 2}","{""Lead"": 2, ""Senior"": 2}",100.0,74.54,49.4821354740363,59.786719131681124,89.57,96.54975490133714,80.56340041616276,81.5931865783776,60.75806596894544,7.7155146612812775,3.0,7.3521165381960785,True,133.65054324750068,True,6.2706503250549375,88.43192285607532,7.655259391112335,1.1007341678541425,87.04996756617837,57.4,1.0666939953345302,Strong execution,,True,Completed,2024-02-10,Reorganization,2024-06-17,2024-07-06
TEAM555,Delta Unit,PRJ336,2024-02-10,Hybrid,EMP0621,"EMP0621,EMP0954,EMP081,EMP1027,EMP1857,EMP051,EMP1078",7,"{""Accountant"": 1, ""Finance"": 1, ""Controller"": 2, ""Sales"": 2, ""Logistics"": 1}","{""Principal"": 4, ""Senior"": 1, ""Lead"": 2}",100.0,54.46,77.92059722327576,50.82846290844772,82.01,61.80624459622795,76.72088959943382,88.74305492851796,79.6441787944596,4.953604976581562,0.013410261008656848,7.341957128323109,True,84.54956312063771,True,6.614572593204571,91.70775938488636,7.99829757999248,1.1999590351739844,70.29913080236454,51.94,0.0,Strong execution,Daily standups critical,,Completed,2023-09-10,Budget Cut,2024-02-10,2025-09-05
TEAM556,Gamma Crew,PRJ208,2024-04-16,AI-Recommended,EMP0486,"EMP1598,EMP1254,EMP0357,EMP1932,EMP0606,EMP0601,EMP0486,EMP0950",8,"{""Content"": 2, ""Marketing"": 1, ""Campaign"": 4, ""SEO"": 1}","{""Mid"": 6, ""Senior"": 2}",97.11,32.94,54.588855148280715,73.88954035073849,59.87,95.46825099308323,52.12192185792536,75.79500041398268,97.0863944866939,6.201945518013222,1.9397157533173062,6.337106723293915,True,108.96128076399684,True,8.21786586161293,80.23048661189881,9.67709974802779,0.8,73.56560482732796,53.0,1.0464367859280657,,,True,Completed,2024-04-12,Budget Cut,2024-04-16,2026-01-15
TEAM557,Delta Squad,PRJ659,2025-03-27,Manual,EMP1573,"EMP179,EMP1573,EMP1096,EMP1634,EMP1148,EMP1171,EMP1197,EMP081",8,"{""Financial"": 4, ""Accountant"": 1, ""Controller"": 3}","{""Mid"": 4, ""Principal"": 4}",96.18,34.19,98.2304135995886,90.56780863527113,69.11,67.39853607071575,86.00017879489275,81.2849021561239,39.084223926991726,8.298198189676825,3.0,8.106087718277253,True,175.68153197283746,False,4.942675150298504,90.6251393890154,6.163454824489708,1.1904658553499718,64.7361091870617,51.14,1.071401657365334,Exceeded expectations,Daily standups critical,False,Completed,2025-01-20,Reorganization,2025-03-27,2026-01-13
TEAM558,Delta Unit,PRJ131,2024-06-11,AI-Recommended,EMP0575,"EMP0643,EMP0286,EMP1412,EMP0561,EMP0575",5,"{""Graphic"": 5}","{""Lead"": 2, ""Senior"": 3}",98.7,60.19,55.25767102290961,99.11883139564915,76.37,83.61140142826135,79.19987853384006,60.26714864781015,51.46602849258362,7.975902518913251,2.9988286694448147,7.575143441055749,True,254.65962543040902,True,5.333118295983557,102.57240925865678,8.438031551491145,0.898515238025043,95.05436371123609,72.14,4.993454001544965,Great collaboration,Daily standups critical,False,Completed,2025-01-07,Budget Cut,2024-06-11,2024-08-16
TEAM559,Gamma Force,PRJ753,2025-05-15,Hybrid,EMP1672,"EMP0484,EMP1243,EMP1672,EMP1669,EMP1618",5,"{""HR"": 3, ""Recruiter"": 2}","{""Senior"": 1, ""Lead"": 3, ""Mid"": 1}",100.0,99.4,69.22523228776429,71.81611892375678,68.54,70.39542755304448,75.07471107306772,99.93498522830937,84.20300573199434,6.159327295378201,0.9122779808340056,7.36863767101397,True,111.94819008906309,True,6.704094501968543,89.25722559018932,7.6129764637728545,0.9176857604346736,80.68641688999688,68.99,4.0892559407533176,Exceeded expectations,Async communication worked well,,Completed,2025-03-19,Budget Cut,2025-05-15,2025-02-18
TEAM560,Gamma Squad,PRJ142,2023-07-25,AI-Recommended,EMP0621,"EMP0621,EMP183,EMP0364,EMP0760",4,"{""Accountant"": 2, ""Finance"": 2}","{""Principal"": 2, ""Mid"": 1, ""Senior"": 1}",98.86,100.0,56.308531036650784,56.79391660669975,90.67,75.84597880044056,63.576835528551804,56.80694248073391,82.90387600980478,7.538615229194683,0.0,9.857535799021692,,254.9574403578904,False,6.447544883261349,110.92641536013049,8.638112045387322,1.0013629690691397,79.52775825283159,68.23,2.0190376933079235,,Async communication worked well,False,Completed,2024-11-03,Reorganization,2023-07-25,2026-01-11
TEAM561,Omega Force,PRJ619,2024-09-19,Hybrid,EMP0961,"EMP0961,EMP0236,EMP0990,EMP0681,EMP1487,EMP0538",6,"{""Software"": 2, ""Team"": 1, ""QA"": 2, ""Senior"": 1}","{""Lead"": 5, ""Mid"": 1}",100.0,54.27,51.17425231860392,85.9979980087638,53.58,81.3899831490627,88.67758967343654,85.67806496749247,79.77690831771338,5.422142260142851,2.0700169662146406,9.128346958228894,True,204.55777633460755,True,6.507355493426796,91.08062767464216,6.465930954122809,0.8991314879230149,98.78994701451842,38.63,1.1412662349328884,Great collaboration,Daily standups critical,True,Completed,2024-11-03,Project Complete,2024-09-19,2024-11-05
TEAM562,Omega Crew,PRJ979,2023-07-19,Manual,EMP0970,"EMP0970,EMP1512,EMP1175",3,"{""Recruiter"": 1, ""HR"": 2}","{""Lead"": 1, ""Principal"": 1, ""Senior"": 1}",71.54,95.16,66.5439474771843,56.61872335612877,92.69,71.30838095675104,61.10473393000881,65.91372968748486,88.50817024851014,7.451832332043396,2.072588788478764,5.423474342877976,True,76.67801236374683,False,8.97086468369028,98.99885329950732,8.004367405136218,0.8094009471925024,76.40949042368865,68.79,0.016193989010324688,Exceeded expectations,Need better docs,False,Completed,2023-12-07,Budget Cut,2023-07-19,2024-06-05
TEAM563,Gamma Team,PRJ790,2024-12-24,Manual,EMP0955,"EMP1408,EMP1314,EMP0955,EMP1163,EMP1214,EMP1382",6,"{""HR"": 3, ""People"": 2, ""Recruiter"": 1}","{""Lead"": 3, ""Principal"": 1, ""Senior"": 2}",100.0,65.83,52.698696453939064,68.50196014819038,75.23,64.4345165365644,79.73398615388693,93.3914639507018,76.0692450185027,4.853328015919921,0.0,7.566941416735385,True,175.93157281134953,True,6.083920201702394,96.60750769418084,5.632244736352361,1.2127833289101035,72.36377796825776,73.61,0.9456897975146281,Exceeded expectations,Daily standups critical,False,Completed,2024-11-14,Reorganization,2024-12-24,2025-05-05
TEAM564,Gamma Squad,PRJ920,2024-10-23,Manual,EMP0211,"EMP0211,EMP0969,EMP1574,EMP009,EMP1899,EMP004",6,"{""Senior"": 2, ""Software"": 2, ""Team"": 2}","{""Lead"": 1, ""Junior"": 1, ""Mid"": 2, ""Senior"": 2}",100.0,100.0,65.15627073735922,77.64446562204586,88.57,85.2483868383502,81.98935189360877,71.58040146059918,87.39466399258836,6.912319399025669,2.9608277308998594,7.4381988939856996,True,158.41060223685867,True,6.524413399728412,115.94674009970336,7.338891902898048,1.2996485981381722,97.0191947570463,41.83,0.8925861053028812,Great collaboration,Daily standups critical,True,Completed,2024-09-18,Reorganization,2024-10-23,2025-04-01
TEAM565,Omega Squad,PRJ032,2025-03-29,Hybrid,EMP0684,"EMP0593,EMP0684,EMP1033,EMP0730,EMP1100,EMP1132,EMP1998,EMP0353,EMP041,EMP1866",10,"{""UI"": 5, ""UX"": 2, ""Graphic"": 3}","{""Mid"": 5, ""Lead"": 2, ""Senior"": 3}",100.0,48.55,100.0,82.11046891234875,73.05,87.86082694647564,42.82871178050485,78.83950650234469,78.78384997692801,5.4954554108290345,3.0,7.38826467742797,True,338.2706097790078,True,8.204455441456242,83.52845022637952,6.653480334095388,1.299412782706462,89.66119434575738,50.22,3.8840364462277877,Strong execution,Clear roles helped,,Completed,2025-12-11,Reorganization,2025-03-29,2025-06-07
TEAM566,Omega Squad,PRJ596,2025-04-05,Manual,EMP1292,"EMP0499,EMP159,EMP1292,EMP1573,EMP0364,EMP1959,EMP0993,EMP0551",8,"{""Finance"": 4, ""Accountant"": 4}","{""Senior"": 5, ""Principal"": 3}",100.0,34.39,83.51778092291023,82.99420060715481,94.91,91.46924293512909,93.24082852677192,66.91602429697117,85.55300503963441,7.595958879527163,0.8948790421653817,8.243638693978586,True,105.99753425286391,False,8.428903727161043,98.95255961778604,9.927632479902181,0.9990234836252744,87.04608921805271,71.61,1.990558812049188,Communication issues resolved,Daily standups critical,False,Completed,2025-06-16,Budget Cut,2025-04-05,2026-04-06
TEAM567,Delta Unit,PRJ394,2023-05-18,Manual,EMP0562,"EMP1958,EMP1598,EMP0554,EMP0325,EMP1416,EMP0950,EMP0562,EMP0811,EMP1006",9,"{""Content"": 3, ""Campaign"": 3, ""Marketing"": 2, ""SEO"": 1}","{""Mid"": 6, ""Senior"": 2, ""Junior"": 1}",100.0,42.89,59.85438790941784,71.77045022174678,59.68,93.8346438911563,70.8250634763319,95.36661643742437,82.08813977310331,7.244316853742552,0.005391528498464238,6.66512586390215,True,246.4132711756547,True,10.0,92.72597896860722,7.81970321751154,0.9949676140316065,87.51580403913931,43.09,4.943304257936879,,,True,Completed,2024-03-01,Project Complete,2023-05-18,2025-05-31
TEAM568,Sigma Crew,PRJ466,2023-06-22,Hybrid,EMP004,"EMP0958,EMP1005,EMP0690,EMP0306,EMP004,EMP0814,EMP1840",7,"{""Team"": 7}","{""Senior"": 4, ""Mid"": 2, ""Lead"": 1}",100.0,55.79,63.80275160465762,50.97361219692323,84.82,70.70975802164898,71.63865641888425,79.48749341363215,64.79319870371155,5.6091990563879195,0.9527210634558,7.991958052560727,True,273.3454546230894,True,8.742585670215753,94.38523226227171,7.081131082920471,0.8003512592466449,104.81191570997711,44.12,4.098385473190656,Strong execution,Need better docs,True,Completed,2024-10-04,Project Complete,2023-06-22,2024-10-14
TEAM569,Delta Crew,PRJ340,2024-05-04,Manual,EMP0392,"EMP1967,EMP0599,EMP1414,EMP0858,EMP0955,EMP1076,EMP0542,EMP0392,EMP1379",9,"{""People"": 2, ""Recruiter"": 3, ""HR"": 4}","{""Mid"": 2, ""Lead"": 4, ""Principal"": 1, ""Senior"": 2}",100.0,55.38,45.37393282922048,56.270005414284164,79.43,72.24368678211704,79.29123647829348,79.74343134012047,54.59154713130843,9.573053559804354,0.0,7.316344503789767,,92.28551423083918,True,8.669487551812098,100.32487032451675,6.982127798199956,1.0030195046867838,73.22129724137953,50.06,0.9882139258387955,Strong execution,Need better docs,True,Completed,2024-06-29,Budget Cut,2024-05-04,2024-09-05
TEAM570,Delta Unit,PRJ111,2024-04-19,Manual,EMP1868,"EMP0601,EMP1490,EMP1868,EMP074,EMP121,EMP085,EMP112,EMP0765,EMP1296,EMP0933",10,"{""SEO"": 4, ""Marketing"": 4, ""Campaign"": 2}","{""Senior"": 3, ""Junior"": 1, ""Lead"": 1, ""Mid"": 5}",99.42,62.22,33.45013803604847,86.53648813352744,75.06,59.9003098465881,64.29377302163672,71.45756694298795,82.08563512922578,5.336656662204771,1.0251520277551478,6.945243616472442,True,150.07727180716503,True,8.362613607341796,86.2424478321797,6.79950628662679,0.8006913208452014,105.023898878392,64.79,4.95915724026063,Great collaboration,Need better docs,False,Completed,2024-10-17,Project Complete,2024-04-19,2025-10-07
TEAM571,Alpha Unit,PRJ912,2024-10-24,Hybrid,EMP0962,"EMP0473,EMP187,EMP0962,EMP009,EMP1852,EMP0364",6,"{""Accountant"": 1, ""Finance"": 2, ""Account"": 1, ""Team"": 1, ""Business"": 1}","{""Senior"": 3, ""Mid"": 1, ""Lead"": 2}",100.0,73.14,70.27526659748645,81.58914752127994,91.84,82.97860882328165,90.00063940703373,77.25790567245149,76.35156773469441,8.010110809177467,1.9379760156808694,7.702753569765663,True,298.1906869594458,False,7.5962427943980755,96.82296284047847,9.563778716552676,0.8998905468818899,82.55303562574778,33.11,0.008966112751318518,Great collaboration,Clear roles helped,True,Completed,2026-01-25,Budget Cut,2024-10-24,2024-12-21
TEAM572,Gamma Squad,PRJ546,2024-08-22,Manual,EMP1341,"EMP004,EMP025,EMP0303,EMP1244,EMP1711,EMP1341",6,"{""Team"": 1, ""Project"": 1, ""Accountant"": 1, ""Logistics"": 2, ""Operations"": 1}","{""Senior"": 2, ""Principal"": 2, ""Lead"": 2}",97.57,77.81,64.86798051214761,78.066494600159,67.8,85.84299802259558,82.33499514795206,71.80894574259948,88.9670914114551,6.87464662264403,2.971008974814185,7.431575215643545,True,153.58799843372685,True,6.563579125011941,114.95793598741604,7.380287033953941,1.3,95.29694336926535,55.29,0.836005673595771,Great collaboration,Daily standups critical,True,Completed,2024-09-18,Reorganization,2024-08-22,2025-06-03
TEAM573,Beta Force,PRJ853,2023-05-19,AI-Recommended,EMP0290,"EMP0962,EMP0242,EMP0664,EMP1232,EMP055,EMP0290",6,"{""Account"": 1, ""Sales"": 1, ""Operations"": 3, ""Logistics"": 1}","{""Lead"": 4, ""Principal"": 1, ""Senior"": 1}",99.75,78.16,34.87191802855338,81.76498189115745,63.44,66.26128402815591,46.477267166158086,72.40646660698923,78.70848549353666,6.304182712572266,0.0,6.29949554958976,True,112.29221788557835,True,7.52340901395274,111.09637682828415,,0.8,100.56947636966797,55.76,4.060209336908501,Exceeded expectations,Need better docs,False,Completed,2024-01-30,Budget Cut,2023-05-19,2025-12-22
TEAM574,Omega Squad,PRJ302,2024-04-20,Manual,EMP0970,"EMP1725,EMP1543,EMP0970,EMP1137,EMP0636,EMP0349,EMP0528,EMP186,EMP1783",9,"{""People"": 1, ""HR"": 4, ""Recruiter"": 4}","{""Principal"": 1, ""Mid"": 3, ""Lead"": 3, ""Senior"": 2}",89.97,61.57,65.66608775601378,76.12527158521901,69.43,53.34352250030012,70.32442358958419,93.68624809863327,70.89135304339908,6.911459738852228,0.0,6.156899929732065,True,140.74850233793964,True,9.986338382827944,97.16157659493237,6.906485896400396,1.2081803962864461,93.78110705813265,64.64,0.8243537450070726,Strong execution,Clear roles helped,False,Completed,2025-06-02,Project Complete,2024-04-20,2025-11-11
TEAM575,Sigma Crew,PRJ189,2025-04-22,AI-Recommended,EMP0478,"EMP165,EMP1912,EMP0478,EMP0538,EMP1462,EMP0786,EMP1946,EMP1241,EMP1551,EMP1346",10,"{""QA"": 3, ""Team"": 2, ""Software"": 2, ""Senior"": 3}","{""Mid"": 2, ""Senior"": 3, ""Lead"": 5}",100.0,49.35,98.51795894857368,81.40664648190815,53.33,70.96484195482606,78.2962893960142,68.24487549632086,72.05761183371021,6.464434125369168,2.9865366796232546,6.146635962088801,True,143.6241288821227,False,7.99812388990419,109.50024156504547,9.398689182362817,1.2114870646788718,74.60508875928218,39.27,3.0910146056738825,Exceeded expectations,Daily standups critical,True,Completed,2025-07-30,Project Complete,2025-04-22,2024-12-09
TEAM576,Sigma Unit,PRJ205,2023-05-11,AI-Recommended,EMP1725,"EMP1725,EMP0249,EMP1512",3,"{""People"": 2, ""HR"": 1}","{""Principal"": 3}",80.11,51.15,32.5052856527001,57.00627620119185,81.98,85.45569127638358,48.646187200581,67.94627683327845,68.55038365436755,7.879554581560228,0.908690199311345,7.227301670479628,True,117.94587727058025,True,8.57202368368207,96.72528595880515,6.461240942236387,0.9912312863458232,95.2284453741074,70.31,1.0307923952560671,Communication issues resolved,Need better docs,True,Completed,2024-03-02,Budget Cut,2023-05-11,2026-01-17
TEAM577,Gamma Crew,PRJ918,2023-08-11,Manual,EMP1512,"EMP1411,EMP0504,EMP1512,EMP0858,EMP1074,EMP0671,EMP106,EMP1163,EMP038",9,"{""Recruiter"": 4, ""HR"": 4, ""People"": 1}","{""Lead"": 5, ""Mid"": 1, ""Principal"": 1, ""Senior"": 2}",100.0,60.8,99.90765446471707,88.6977878136884,89.7,79.2162207380852,89.11016722035538,75.9816463915391,62.960815164488125,6.714203693983303,2.938280548677166,7.8519202802792085,True,186.5617849233763,True,9.914827273930124,85.6624849414522,6.90736042991818,1.3,71.8950161541277,49.13,5.0,Strong execution,,False,Completed,2024-02-16,Project Complete,2023-08-11,2025-11-05
TEAM578,Alpha Force,PRJ229,2024-02-08,AI-Recommended,EMP132,"EMP0651,EMP1276,EMP1446,EMP0686,EMP1689,EMP132,EMP1561,EMP1564,EMP032,EMP1773",10,"{""UI"": 6, ""UX"": 2, ""Graphic"": 2}","{""Lead"": 1, ""Mid"": 6, ""Junior"": 2, ""Senior"": 1}",85.17,55.87,96.73381413983036,78.28193692814912,71.01,75.437046071248,54.28007535993861,70.90171313243712,71.4813519651175,7.901199812423562,1.9904168764025654,9.053588099926907,True,168.5119632105835,True,6.426654232103987,92.80668276398094,7.169704873234716,0.8984577905089561,50.81412636000872,58.43,1.0318295397256687,Communication issues resolved,Async communication worked well,,Completed,2025-03-24,Project Complete,2024-02-08,2025-01-28
TEAM579,Alpha Crew,PRJ535,2024-02-21,AI-Recommended,EMP0353,"EMP0698,EMP049,EMP0353,EMP125,EMP117,EMP1689,EMP1514,EMP1589,EMP0299",9,"{""UX"": 3, ""Graphic"": 4, ""UI"": 2}","{""Mid"": 5, ""Lead"": 3, ""Senior"": 1}",100.0,49.03,78.01808133834564,62.52410259140514,92.5,64.27872742173045,79.38068188649521,93.50707462209651,65.2301690388446,6.749372083443177,0.961343679548593,8.294211985304186,True,190.68693475046675,False,6.073760143237798,104.13499862335253,9.951099020541864,1.0044025573526432,92.31600510034883,60.76,0.07842209076309122,Exceeded expectations,Daily standups critical,True,Completed,2024-11-29,Project Complete,2024-02-21,2025-04-16
TEAM580,Beta Crew,PRJ512,2022-12-30,Hybrid,EMP196,"EMP0654,EMP051,EMP196,EMP0512",4,"{""Sales"": 2, ""Business"": 1, ""Logistics"": 1}","{""Principal"": 2, ""Lead"": 2}",100.0,73.62,44.061723575941926,74.36442870985995,60.41,78.17664538531476,92.16578975658062,89.68241363124939,80.16820416627905,6.513295855491599,1.000631846786665,7.14524761752501,True,110.13726817782741,False,6.73693508249491,99.59738038066946,7.006346540048677,1.0952528845925653,93.95332165321753,57.18,0.0,Communication issues resolved,Need better docs,,Completed,2023-12-15,Project Complete,2022-12-30,2025-03-20
TEAM581,Alpha Force,PRJ437,2024-10-06,AI-Recommended,EMP1840,"EMP0901,EMP122,EMP0865,EMP182,EMP1297,EMP1073,EMP1466,EMP1381,EMP016,EMP1840",10,"{""Team"": 6, ""DevOps"": 2, ""QA"": 1, ""Software"": 1}","{""Mid"": 3, ""Senior"": 4, ""Junior"": 1, ""Lead"": 2}",100.0,71.37,99.36204236513956,78.67863151741024,91.95,75.6544584958829,57.002794310798194,70.84545503206694,72.40416131598865,7.889805820769665,1.9525707949758624,9.097254280672153,True,172.44164967285096,True,6.330798078425481,92.54925920757437,7.231098567687314,0.895245243931975,50.0,47.07,1.0002534015029008,Communication issues resolved,Async communication worked well,,Completed,2025-03-24,Project Complete,2024-10-06,2025-03-04
TEAM582,Beta Unit,PRJ274,2023-11-06,Manual,EMP0543,"EMP0621,EMP0936,EMP196,EMP0543,EMP1411,EMP0778,EMP1954",7,"{""Accountant"": 1, ""Logistics"": 2, ""Business"": 1, ""Sales"": 1, ""Recruiter"": 1, ""Software"": 1}","{""Principal"": 3, ""Lead"": 4}",100.0,33.55,49.64689902959002,81.59675240702622,57.37,80.08198459661777,59.89629714981829,69.00916864272719,80.975251340612,8.053461993019651,3.0,6.276361499614296,True,317.5730465595551,True,6.545788225931099,107.87415008802606,8.205354141224452,0.9874735407039402,80.09326276500886,45.17,2.9464115776700877,Communication issues resolved,,True,Completed,2024-11-06,Budget Cut,2023-11-06,2024-11-01
TEAM583,Gamma Force,PRJ903,2024-04-25,Manual,EMP1077,"EMP1810,EMP146,EMP1077,EMP0657,EMP0478,EMP0961",6,"{""Sales"": 2, ""Logistics"": 1, ""Business"": 1, ""Software"": 2}","{""Principal"": 2, ""Lead"": 4}",97.02,49.84,77.5304809423474,71.21528724831407,61.7,94.7231789020059,76.14535301347141,80.31329601190174,73.45634456108087,5.769045727234701,0.07286268726489716,7.693529362664805,True,200.8321140361077,True,7.633249088708604,99.83408940511222,7.560626898674569,1.1865456096466516,91.59671988326845,48.46,0.08108450977143945,Communication issues resolved,Daily standups critical,True,Completed,2025-06-02,Reorganization,2024-04-25,2025-05-10
TEAM584,Sigma Team,PRJ248,2022-11-12,Manual,EMP073,"EMP156,EMP1484,EMP1851,EMP1084,EMP1949,EMP0437,EMP0960,EMP1968,EMP1272,EMP073",10,"{""HR"": 7, ""People"": 3}","{""Principal"": 2, ""Senior"": 4, ""Junior"": 2, ""Mid"": 2}",100.0,59.77,57.22537785456451,87.13573216243054,73.22,100.0,62.771669082257226,76.4851999322521,78.17314350127906,7.467463763267966,0.9139648290634946,7.031719664878656,True,159.6448072705206,True,9.273368622432848,91.23463754021367,5.843936099544139,0.9992954081259267,95.65716607080424,64.9,5.0,Exceeded expectations,Async communication worked well,True,Completed,2024-02-09,Reorganization,2022-11-12,2024-12-25
TEAM585,Alpha Force,PRJ252,2024-08-30,Hybrid,EMP0252,"EMP1572,EMP1412,EMP1049,EMP0252",4,"{""UI"": 3, ""Graphic"": 1}","{""Lead"": 1, ""Senior"": 3}",81.72,73.89,52.90073891406134,82.54351547777622,63.29,83.13831483302891,76.47481975779132,79.2024251426442,68.71438857848567,7.070331118980509,1.0220821989411892,4.5,True,140.18768705209953,True,6.833109949742271,81.58488919822439,9.111816790015096,0.8979199871468774,95.15833955976646,60.48,3.081990248298059,Exceeded expectations,,True,Completed,2024-12-16,Budget Cut,2024-08-30,2024-10-23
TEAM586,Alpha Team,PRJ307,2023-09-20,AI-Recommended,EMP1752,"EMP0242,EMP093,EMP1752,EMP1558",4,"{""Sales"": 1, ""Operations"": 3}","{""Principal"": 1, ""Senior"": 1, ""Lead"": 2}",98.4,100.0,68.7620500566031,68.0190497197961,71.3,84.59590740143982,72.26890592846392,64.9730499526655,69.38528229965847,7.74690312606725,1.0364629885076353,6.942155914374462,True,186.2315572261014,False,6.65601037616437,101.44065937531829,8.420788159780583,1.2104452862540414,83.43896063494081,59.95,2.9193207488600286,Communication issues resolved,Clear roles helped,False,Completed,2024-05-29,Project Complete,2023-09-20,2024-09-29
TEAM587,Delta Crew,PRJ096,2024-06-01,Hybrid,EMP108,"EMP1027,EMP1826,EMP051,EMP0900,EMP1087,EMP108,EMP0276,EMP0281",8,"{""Sales"": 6, ""Business"": 1, ""Logistics"": 1}","{""Lead"": 3, ""Senior"": 2, ""Mid"": 1, ""Principal"": 2}",100.0,81.65,26.469556092124577,80.15281555867034,93.8,100.0,74.22047767149115,99.24202738164979,83.41025816552454,7.541058674689502,3.0,5.560403663039192,True,303.78515024600415,True,7.013453115673287,92.14247260791765,5.699076242982961,1.3,103.74228153002498,67.01,3.915874327712362,Exceeded expectations,Need better docs,,Completed,2025-09-04,Reorganization,2024-06-01,2025-02-16
TEAM588,Gamma Team,PRJ649,2024-03-20,Hybrid,EMP0993,"EMP1512,EMP0836,EMP0800,EMP0747,EMP0993",5,"{""HR"": 1, ""Finance"": 3, ""Accountant"": 1}","{""Principal"": 2, ""Senior"": 3}",100.0,65.07,70.25235197354313,66.49552299763303,63.99,98.82263504196334,58.96272306631398,71.41215083389612,64.15356315072711,7.525685780255854,1.0119464105480356,6.387317699340252,,141.55128208339124,False,5.0740686443066005,107.43766538002512,9.301982859803559,1.196740620563787,84.61413554734057,62.04,3.827892236862123,,Need better docs,True,Completed,2024-04-23,Project Complete,2024-03-20,2024-11-23
TEAM589,Alpha Crew,PRJ294,2024-03-01,AI-Recommended,EMP1990,"EMP1727,EMP1990,EMP121,EMP176",4,"{""SEO"": 2, ""Campaign"": 1, ""Content"": 1}","{""Senior"": 2, ""Mid"": 2}",90.31,73.84,79.18304568656737,48.75886312081714,78.73,77.01657972889629,38.62613796380766,74.42946186390833,88.48005891126688,8.935142674045922,1.996961123743487,7.778955886275743,True,31.9,True,7.739850247666439,90.4520047130573,6.333297583561202,1.0904942118162015,77.6103866275923,46.34,0.02288709773523604,Exceeded expectations,,,Completed,2024-04-16,Reorganization,2024-03-01,2025-06-29
TEAM590,Beta Force,PRJ990,2025-01-14,Hybrid,EMP1840,"EMP075,EMP1840,EMP1551,EMP1574,EMP0814,EMP0596,EMP1450,EMP182",8,"{""Senior"": 1, ""Team"": 3, ""QA"": 1, ""Software"": 1, ""DevOps"": 2}","{""Lead"": 2, ""Senior"": 3, ""Mid"": 3}",93.0,54.95,99.51637855074529,87.5813073579302,87.26,76.37624082179994,78.04828328521839,79.75999827322752,66.32027894303886,7.221237544624852,2.0450624242237954,4.6742471636790315,True,153.44540216419156,False,8.007827620671831,85.91944097676303,8.692186268598943,0.9035345145147575,54.30265797072024,40.01,0.9877537890639664,Communication issues resolved,Async communication worked well,False,Completed,2024-10-19,Budget Cut,2025-01-14,2024-12-08
TEAM591,Gamma Team,PRJ391,2024-08-22,Manual,EMP1382,"EMP1243,EMP0310,EMP1252,EMP0659,EMP0988,EMP1382",6,"{""Recruiter"": 3, ""HR"": 1, ""People"": 2}","{""Lead"": 3, ""Senior"": 3}",100.0,50.15,51.89461990381416,66.40365168273304,61.94,63.76305561685251,77.87873037341582,93.58932607686847,75.69267093413755,4.880223665004242,0.0,7.610948869472166,True,167.0283270079004,True,6.117861667853697,96.97268687563371,5.642685231288774,1.210203906193553,72.69727827233343,53.09,1.146838626424843,Exceeded expectations,Daily standups critical,False,Completed,2024-11-14,Reorganization,2024-08-22,2025-03-26
TEAM592,Omega Squad,PRJ849,2024-10-07,Hybrid,EMP0880,"EMP0880,EMP1573,EMP0613",3,"{""Accountant"": 2, ""Finance"": 1}","{""Principal"": 2, ""Senior"": 1}",100.0,96.2,88.77977673205274,61.87957376228123,83.54,95.0331767337558,78.82705351023144,55.955086036858845,50.57684814384445,5.599880428170958,2.026902511549597,7.719053146306346,True,76.14887189474089,True,6.649850770453584,84.5762244850465,9.111302822911405,1.108983828285456,94.01475116785564,90.88,4.11095545109951,Strong execution,,False,Completed,2025-02-04,Project Complete,2024-10-07,2025-06-20
TEAM593,Sigma Team,PRJ264,2025-03-14,Manual,EMP1125,"EMP0561,EMP1125,EMP1895,EMP0622,EMP0727",5,"{""Graphic"": 1, ""Product"": 1, ""UX"": 1, ""UI"": 2}","{""Lead"": 4, ""Mid"": 1}",91.77,53.81,66.88639444448857,93.7473388876698,61.16,68.31106432662499,82.88990198023662,84.92996397303506,38.367461972849085,8.364378658814985,2.9846262060706334,7.673649805951648,True,188.52766846595722,True,8.694355552041102,114.05944075582302,6.8389653699180775,0.9995518553405512,81.62845658240673,69.64,3.0315034508876426,Communication issues resolved,Async communication worked well,True,Completed,2024-11-27,Reorganization,2025-03-14,2024-12-17
TEAM594,Delta Force,PRJ538,2024-06-28,Hybrid,EMP1028,"EMP0373,EMP1028,EMP0529,EMP022",4,"{""Sales"": 1, ""Business"": 1, ""Account"": 1, ""Product"": 1}","{""Principal"": 1, ""Lead"": 3}",100.0,66.48,73.58673703965424,59.8686876021479,76.1,60.695521896150986,74.74144517908867,75.30728425661935,76.64943516168506,9.980067130006734,0.9164389795077155,8.242219751191634,True,364.0260385623198,True,7.303618109155309,103.86274882212628,7.39240198201831,0.9996228504190054,91.68155286747829,66.2,4.024420113242202,Exceeded expectations,,,Completed,2025-11-05,Budget Cut,2024-06-28,2026-01-04
TEAM595,Alpha Unit,PRJ423,2023-10-05,Manual,EMP1725,"EMP0277,EMP155,EMP0999,EMP076,EMP0858,EMP0349,EMP1725",7,"{""Recruiter"": 2, ""HR"": 4, ""People"": 1}","{""Lead"": 4, ""Senior"": 2, ""Principal"": 1}",100.0,63.39,69.75478302190277,71.41019593455746,63.77,100.0,71.64659149349605,81.77791829162108,75.05180873681886,7.440019715199621,3.0,8.75046573655707,True,42.142662858136,False,7.5381333438540326,99.55004106564877,,1.2125509145298066,87.25790455897749,70.97,1.1819588150842855,Great collaboration,,False,Completed,2024-07-01,Reorganization,2023-10-05,2025-08-06
TEAM596,Gamma Squad,PRJ424,2024-12-05,Manual,EMP0489,"EMP1395,EMP1668,EMP0544,EMP0278,EMP0778,EMP0489",6,"{""Team"": 4, ""DevOps"": 1, ""Software"": 1}","{""Mid"": 1, ""Senior"": 4, ""Lead"": 1}",97.6,66.32,64.24336641548938,78.31380855681907,66.26,85.06676073679948,83.08938397502669,71.64024596258479,87.2516833252959,6.911138951037908,2.943235333653025,7.4240133706577085,True,151.4585480042141,True,6.560501757393254,115.60168172495976,7.357374898580653,1.2971992920298172,96.12070459704094,32.09,1.0117606823618797,Great collaboration,Daily standups critical,True,Completed,2024-09-18,Reorganization,2024-12-05,2025-06-15
TEAM597,Gamma Crew,PRJ111,2025-05-20,Hybrid,EMP0212,"EMP0419,EMP002,EMP1863,EMP0386,EMP1216,EMP181,EMP0719,EMP0874,EMP0212,EMP1749",10,"{""SEO"": 5, ""Campaign"": 4, ""Marketing"": 1}","{""Mid"": 5, ""Senior"": 4, ""Lead"": 1}",100.0,48.36,86.27046064735279,76.47796782272493,84.44,99.69420464920339,59.616876655235,69.38734089685325,62.281984896253086,7.194244407331116,0.0,7.491373198388601,True,247.11526135528322,True,7.031278631369564,105.76234425420387,9.999225924042676,0.9032033292316408,100.86989123705204,55.21,4.04053564459424,Strong execution,Need better docs,,Completed,2025-10-12,Budget Cut,2025-05-20,2024-07-17
TEAM598,Beta Squad,PRJ616,2025-06-09,AI-Recommended,EMP0760,"EMP0711,EMP1197,EMP0880,EMP1961,EMP1634,EMP0760,EMP1760,EMP0322",8,"{""Financial"": 3, ""Accountant"": 2, ""Controller"": 3}","{""Mid"": 2, ""Principal"": 5, ""Junior"": 1}",100.0,53.03,92.1409956114128,63.248895846625246,74.07,96.68073726694057,75.61884426354978,84.4575695801537,57.89574072240423,6.436184305323159,3.0,7.224796445002751,True,268.21521333260966,False,8.177801776496517,109.726488930687,7.9170619220826595,1.3,81.00348919749491,64.64,0.004346012768915672,Great collaboration,Daily standups critical,False,Completed,2025-10-13,Project Complete,2025-06-09,2025-07-03
TEAM599,Alpha Crew,PRJ685,2024-09-28,AI-Recommended,EMP1665,"EMP1749,EMP1665,EMP0714",3,"{""SEO"": 2, ""Campaign"": 1}","{""Senior"": 2, ""Mid"": 1}",95.46,100.0,76.03048375142932,72.29899563572287,81.1,90.44432724295254,77.15131068296874,67.00652182465939,48.0442364828453,7.983433132204085,2.0330356289587144,7.489190624364286,True,185.961528678908,False,8.064366435555666,81.00294151491303,7.223497681351514,0.8,80.29108340124795,80.1,1.1401180012287329,,Async communication worked well,True,Completed,2024-12-14,Project Complete,2024-09-28,2025-08-20
TEAM600,Omega Squad,PRJ201,2024-12-31,Hybrid,EMP0353,"EMP0286,EMP0353,EMP0957",3,"{""Graphic"": 1, ""UI"": 2}","{""Senior"": 2, ""Lead"": 1}",89.08,100.0,89.26563203657983,63.003234770201914,74.67,95.6592826165497,78.3204047474626,57.178834709257565,50.507025249582156,5.575169066068492,2.012408996142176,7.857552554824929,True,78.44739581615814,True,6.806123740242607,85.88344437908309,9.061486105495083,1.0989342909328093,94.03383803333942,58.0,3.9528030478019986,Strong execution,,False,Completed,2025-02-04,Project Complete,2024-12-31,2025-06-30
TEAM601,Gamma Force,PRJ933,2025-08-23,Manual,EMP0970,"EMP1112,EMP0492,EMP1725,EMP048,EMP1949,EMP0970",6,"{""Recruiter"": 2, ""HR"": 3, ""People"": 1}","{""Lead"": 2, ""Senior"": 3, ""Principal"": 1}",88.26,81.8,78.12018107699963,71.72643935835164,80.02,94.88678539443349,77.15302218503143,81.37311372598636,74.03182214275306,5.721920136842129,0.01304838692263486,7.662422439723426,True,210.573591652078,True,7.7797271813149065,99.78010097829579,7.578469358476587,1.2044335285232675,90.06482672088782,72.92,0.0,Communication issues resolved,Daily standups critical,True,Completed,2025-06-02,Reorganization,2025-08-23,2025-06-05
TEAM602,Gamma Crew,PRJ736,2025-08-29,Manual,EMP0237,"EMP1810,EMP0449,EMP1423,EMP0342,EMP0572,EMP0237,EMP1010,EMP1227,EMP0653",9,"{""Sales"": 1, ""Operations"": 5, ""Logistics"": 3}","{""Principal"": 1, ""Senior"": 6, ""Lead"": 1, ""Mid"": 1}",99.77,70.14,86.53579325839173,74.35332938733343,62.53,100.0,65.18844434523129,68.48759388873604,92.8449293294819,8.084234169452914,0.9489792318686623,7.174245562653792,True,259.84142419688453,True,6.9232730951348,107.60270713776164,8.365620907442313,1.0911103222760539,81.33479185086576,63.17,5.0,Exceeded expectations,Daily standups critical,False,Completed,2026-01-02,Budget Cut,2025-08-29,2025-03-02
TEAM603,Sigma Squad,PRJ263,2023-12-16,Manual,EMP0955,"EMP0955,EMP1272,EMP1512,EMP1379,EMP079,EMP1411,EMP1382,EMP0326",8,"{""HR"": 5, ""Recruiter"": 3}","{""Principal"": 2, ""Senior"": 3, ""Lead"": 3}",99.3,52.65,57.053526013773734,69.15983259612989,89.51,86.1908719263417,90.80036425140301,100.0,95.20513015026725,7.612486355132339,0.8758643277058278,8.735376814992314,True,112.40005461476892,True,8.668070196065667,100.67737356531177,7.920856050529859,0.8,81.92297296042133,69.37,1.9127225108192054,,Clear roles helped,True,Completed,2024-07-04,Budget Cut,2023-12-16,2025-09-16
TEAM604,Gamma Crew,PRJ327,2024-09-26,Hybrid,EMP0575,"EMP0643,EMP1200,EMP0566,EMP0682,EMP1848,EMP1013,EMP1993,EMP0973,EMP1004,EMP0575",10,"{""Graphic"": 3, ""UI"": 3, ""UX"": 2, ""Product"": 2}","{""Lead"": 2, ""Mid"": 4, ""Senior"": 3, ""Junior"": 1}",82.61,56.57,86.87223244834365,78.84155465203948,62.26,99.39046592966466,57.310044990168755,69.06620254130408,61.24157426278492,7.166399249699507,0.0,7.588203886408332,True,245.82968045490358,True,7.016236734843983,105.75325179211995,10.0,0.9078970602679972,101.77198546703826,57.23,4.014335220547043,Strong execution,Need better docs,,Completed,2025-10-12,Budget Cut,2024-09-26,2024-07-29
TEAM605,Delta Force,PRJ268,2025-06-17,AI-Recommended,EMP0249,"EMP169,EMP1138,EMP1286,EMP0772,EMP0879,EMP129,EMP0249",7,"{""HR"": 2, ""People"": 3, ""Recruiter"": 2}","{""Senior"": 2, ""Principal"": 2, ""Mid"": 2, ""Junior"": 1}",90.39,75.66,61.59182456964809,69.48851276698755,72.17,52.7551638707936,81.75624373849713,72.75179315012184,67.73164069469183,8.731483458134864,0.9968709173499708,6.82862532346958,True,73.05235386918108,True,8.53376129307925,114.09026568893285,6.903084345729968,1.0871163640034698,82.6484685791922,49.68,5.0,,,True,Completed,2025-02-06,Project Complete,2025-06-17,2025-11-10
TEAM606,Gamma Force,PRJ094,2025-07-21,Hybrid,EMP125,"EMP0232,EMP125,EMP132,EMP0643,EMP1014",5,"{""Graphic"": 3, ""UI"": 2}","{""Lead"": 3, ""Senior"": 2}",100.0,62.31,70.45824528311483,71.31052940102886,64.14,69.65113454544526,74.97499754360445,99.86510953132053,85.29603827813003,6.291002079459479,0.9580233221948509,7.327109312330235,True,112.52570910266672,True,6.672416884425683,90.63948077821301,7.482682072838785,0.908542634754924,79.79458385574668,57.8,4.0602737826221365,Exceeded expectations,Async communication worked well,,Completed,2025-03-19,Budget Cut,2025-07-21,2024-12-26
TEAM607,Gamma Unit,PRJ656,2025-08-09,Hybrid,EMP1018,"EMP0643,EMP1572,EMP1018,EMP0976,EMP1568,EMP0698,EMP161,EMP1374,EMP0730,EMP1036",10,"{""Graphic"": 4, ""UI"": 3, ""UX"": 2, ""Product"": 1}","{""Lead"": 3, ""Mid"": 6, ""Senior"": 1}",89.49,36.7,73.12089078892255,56.80210430965406,77.32,100.0,72.11109656237448,76.14065679871432,81.61428145297643,6.937429993466105,2.097805191217849,8.292032180559142,True,89.4784389536279,True,4.94827850036999,92.05463251784914,7.939132544495791,0.8,97.7040853779327,65.28,0.0,Exceeded expectations,Async communication worked well,False,Completed,2025-08-28,Reorganization,2025-08-09,2026-01-14
TEAM608,Omega Crew,PRJ353,2025-03-03,Hybrid,EMP1881,"EMP1774,EMP0877,EMP1296,EMP1023,EMP0606,EMP1080,EMP1881,EMP0557",8,"{""Marketing"": 2, ""SEO"": 3, ""Content"": 1, ""Campaign"": 2}","{""Junior"": 2, ""Senior"": 2, ""Mid"": 3, ""Lead"": 1}",100.0,77.36,68.02466147457658,64.71355770877446,69.12,90.45873528678133,72.57172578666939,89.55454981737702,86.19571033871958,7.782044231929975,3.0,6.810746560316769,True,164.4744178418027,True,7.840382816202356,109.71671693931077,8.657947780205939,1.0085811598727892,90.74586604602538,39.98,0.016555598847246274,Communication issues resolved,,,Completed,2025-07-21,Reorganization,2025-03-03,2024-11-23
TEAM609,Alpha Unit,PRJ092,2025-06-12,Hybrid,EMP1131,"EMP0544,EMP062,EMP1131,EMP1688,EMP1177,EMP0344",6,"{""DevOps"": 1, ""Team"": 4, ""Software"": 1}","{""Senior"": 2, ""Mid"": 3, ""Lead"": 1}",92.76,75.35,70.33652469074543,81.4251703437802,54.94,81.84575795346618,88.92428303356303,78.33959672055175,76.30705506041562,7.912074219596517,2.0100700504830593,7.592346642373357,True,293.22673007247107,False,7.521567390202761,98.28530439286935,9.487333393516522,0.8934286588868654,83.06245343128838,27.38,0.1642750066173993,Great collaboration,Clear roles helped,True,Completed,2026-01-25,Budget Cut,2025-06-12,2025-01-07
TEAM610,Beta Force,PRJ659,2024-02-06,Hybrid,EMP0303,"EMP0747,EMP081,EMP0433,EMP1096,EMP1248,EMP0829,EMP0303",7,"{""Finance"": 3, ""Controller"": 1, ""Financial"": 2, ""Accountant"": 1}","{""Senior"": 2, ""Principal"": 2, ""Mid"": 3}",98.07,50.84,53.71279142724496,60.26030390007561,61.2,45.54156952809146,68.56459097270731,71.82503512960314,97.72523230321382,8.236620415941662,2.9727077739912144,6.9400278505780975,True,334.89313019004135,True,10.0,102.2021631564985,6.934392810784236,1.3,61.46577949255852,48.71,4.965399936379716,Strong execution,Daily standups critical,,Completed,2025-04-21,Reorganization,2024-02-06,2024-04-05
TEAM611,Omega Team,PRJ215,2023-08-28,Manual,EMP017,"EMP1505,EMP017,EMP0860,EMP1897,EMP0719,EMP194,EMP0812",7,"{""Marketing"": 1, ""SEO"": 3, ""Campaign"": 3}","{""Lead"": 1, ""Senior"": 3, ""Mid"": 3}",100.0,69.21,76.97452230845796,93.40318023405585,88.05,68.42844602877116,71.65493069930639,72.57286647008632,93.05968882706576,6.44082342971346,1.0506992063826734,7.559645002721686,True,258.8361924707107,True,5.756734458842113,94.24361299332666,7.525099793506138,1.1038188788217442,76.05360493748427,49.19,4.028388000613871,Strong execution,,True,Completed,2024-06-30,Budget Cut,2023-08-28,2025-10-24
TEAM612,Gamma Squad,PRJ228,2024-11-04,AI-Recommended,EMP1138,"EMP1138,EMP1379,EMP0970,EMP1669",4,"{""People"": 1, ""HR"": 2, ""Recruiter"": 1}","{""Principal"": 1, ""Senior"": 1, ""Lead"": 2}",100.0,100.0,56.60876498981364,57.9279987378766,63.63,75.15483196310848,64.47136651786464,56.54161346160721,83.6693483256728,7.572724915653426,0.0,9.9,,252.19105066528203,False,6.445158121181406,110.42878512162571,8.494183270546365,1.0020567535597367,79.94077944313347,67.57,2.0525107146436334,,Async communication worked well,False,Completed,2024-11-03,Reorganization,2024-11-04,2025-10-21
TEAM613,Alpha Unit,PRJ702,2024-04-17,AI-Recommended,EMP0654,"EMP0633,EMP173,EMP0654,EMP0313,EMP1240,EMP0538,EMP1954",7,"{""Sales"": 3, ""Business"": 1, ""Account"": 1, ""QA"": 1, ""Logistics"": 1}","{""Lead"": 4, ""Principal"": 2, ""Senior"": 1}",100.0,61.34,52.862595262318045,54.97666250656929,81.12,88.28140487615333,68.24400464645613,92.48622001085288,82.0204048101006,5.65819269979368,3.0,7.739546473730556,,197.04134714590765,True,6.513665668000676,98.4794921651367,6.788698753096692,0.8956136876376206,105.48287906207025,53.51,2.9868990811759297,Communication issues resolved,Need better docs,True,Completed,2024-10-20,Budget Cut,2024-04-17,2025-04-22
TEAM614,Delta Unit,PRJ005,2023-01-04,Hybrid,EMP1512,"EMP1940,EMP0999,EMP106,EMP0826,EMP0735,EMP0437,EMP1650,EMP1512,EMP0708",9,"{""HR"": 8, ""Recruiter"": 1}","{""Lead"": 4, ""Senior"": 2, ""Mid"": 2, ""Principal"": 1}",88.26,53.25,78.14939859824325,83.82485236651132,65.64,90.52656830050725,79.44364388166137,70.15758910126799,76.77794089117971,8.945694761151474,0.9944336608851515,7.452635082349519,True,48.11834352448312,True,6.700852128041335,106.11511024956084,5.384762479206205,1.09866937824835,95.31912908406886,67.81,3.065059268977874,,Need better docs,True,Completed,2023-09-27,Project Complete,2023-01-04,2025-08-13
TEAM615,Alpha Unit,PRJ648,2025-01-24,AI-Recommended,EMP022,"EMP1103,EMP1607,EMP022,EMP1561,EMP0770,EMP0820",6,"{""UI"": 2, ""Graphic"": 2, ""Product"": 2}","{""Lead"": 3, ""Mid"": 2, ""Junior"": 1}",100.0,70.28,54.74783128334337,60.43951555993582,52.33,85.09553612670554,76.38388398907047,98.09802168395427,91.34416120415419,5.804531424409041,2.005961387993591,7.635369095783645,True,151.5700589632031,False,5.669905524997009,91.44937501594192,8.585077013517886,0.9019836693253106,82.72570112321337,60.46,5.0,Exceeded expectations,Need better docs,False,Completed,2025-08-24,Project Complete,2025-01-24,2024-08-31
TEAM616,Sigma Unit,PRJ925,2024-07-23,Hybrid,EMP1427,"EMP1200,EMP1866,EMP1427,EMP0575",4,"{""UI"": 2, ""Graphic"": 2}","{""Lead"": 3, ""Senior"": 1}",100.0,74.98,83.74463532674342,71.45558477193875,65.27,63.947575656087054,92.15762269609326,94.87252086387234,93.87513778423165,7.104767807764122,3.0,8.580764955866435,True,300.4500864665311,False,6.427305546655148,107.4645485853217,8.316164143560803,0.8035081076813553,84.51147501909763,52.38,1.0204973372950505,,Async communication worked well,,Completed,2025-01-13,Budget Cut,2024-07-23,2025-10-25
TEAM617,Delta Unit,PRJ883,2024-12-15,AI-Recommended,EMP0290,"EMP1573,EMP071,EMP1711,EMP0342,EMP0290",5,"{""Accountant"": 1, ""Operations"": 2, ""Logistics"": 2}","{""Principal"": 1, ""Senior"": 3, ""Lead"": 1}",100.0,76.01,55.02121259027378,100.0,73.0,83.7549790911576,80.07937809205485,61.11425475716445,50.06262565017267,7.817452493433467,2.958381154147734,7.498668955482195,True,258.2280756536606,True,5.573149527856468,103.09652574039508,8.383110689971991,0.9062626343119071,93.2489625159378,64.78,5.0,Great collaboration,Daily standups critical,False,Completed,2025-01-07,Budget Cut,2024-12-15,2024-07-20
TEAM618,Gamma Unit,PRJ113,2025-02-06,AI-Recommended,EMP0857,"EMP0857,EMP1676,EMP093,EMP1345,EMP0867",5,"{""Logistics"": 1, ""Operations"": 4}","{""Principal"": 1, ""Lead"": 1, ""Senior"": 3}",100.0,84.76,56.13522651118602,94.65416116453393,56.29,80.40122144293393,90.57184956835758,58.730272994257646,76.0814038743889,6.057878896107723,1.9378058175413226,6.088829512016745,True,332.2576672338077,False,8.154562412780967,109.78528678731435,8.623114048365105,0.9030324968023627,83.60479187423394,56.62,0.0,,Need better docs,,Completed,2025-10-13,Budget Cut,2025-02-06,2024-11-30
TEAM619,Sigma Unit,PRJ385,2024-06-13,Hybrid,EMP095,"EMP1537,EMP0622,EMP1440,EMP008,EMP0938,EMP1129,EMP0573,EMP095",8,"{""Graphic"": 4, ""UI"": 3, ""UX"": 1}","{""Lead"": 4, ""Mid"": 2, ""Senior"": 2}",98.37,59.92,85.79262871310678,72.17895620815176,74.94,96.9641054143971,50.98863715683985,81.57345283967621,53.63803965814845,7.596853782528655,0.948631114856237,7.392190805512231,True,300.4144406681519,False,7.266226766384331,107.78559252943317,4.986637752588092,0.8891302717404475,92.0126503797048,56.21,2.005674882236708,Communication issues resolved,,,Completed,2025-02-10,Reorganization,2024-06-13,2025-05-07
TEAM620,Sigma Squad,PRJ643,2025-12-09,AI-Recommended,EMP075,"EMP075,EMP1930,EMP0394,EMP0961,EMP1121,EMP1775,EMP0951,EMP0318,EMP1401,EMP165",10,"{""Senior"": 1, ""Team"": 7, ""Software"": 1, ""QA"": 1}","{""Lead"": 4, ""Mid"": 4, ""Junior"": 2}",93.36,43.32,91.2936211007911,60.13893364401386,75.19,41.912786796777674,88.10010948875572,87.9524031577901,72.91728247052802,6.201333258298053,1.0140119881889746,8.217524131781973,True,220.84693484929127,False,9.621579108420198,97.27665759582223,7.390653606005801,1.1008133886298777,88.95262195199652,28.85,1.018040410043589,,Daily standups critical,False,Completed,2025-09-26,Budget Cut,2025-12-09,2025-07-09
TEAM621,Sigma Force,PRJ190,2024-06-07,Hybrid,EMP1985,"EMP0735,EMP0894,EMP1879,EMP1873,EMP0798,EMP1985,EMP1112",7,"{""HR"": 3, ""People"": 2, ""Recruiter"": 2}","{""Mid"": 4, ""Senior"": 2, ""Lead"": 1}",95.88,69.78,52.023456982532686,89.80475096811334,68.61,95.58467955608302,65.12907436755735,100.0,62.34231278798071,6.456903804620677,0.0,6.899281096410431,True,364.7,True,7.76302137073537,87.62265840656865,6.437543840953229,0.8159239559594014,115.8,44.19,1.8908290669372028,Communication issues resolved,Async communication worked well,True,Completed,2025-06-04,Project Complete,2024-06-07,2025-05-14
TEAM622,Alpha Unit,PRJ904,2023-10-06,AI-Recommended,EMP0303,"EMP1573,EMP0303,EMP0800,EMP0729,EMP1166,EMP1576,EMP1096,EMP0452,EMP0621",9,"{""Accountant"": 3, ""Finance"": 5, ""Financial"": 1}","{""Principal"": 3, ""Senior"": 2, ""Mid"": 4}",100.0,49.07,61.81532932581424,76.52340664257461,81.37,67.65235236071564,80.58352860057333,61.647127913009356,75.3096356327512,8.677858896433802,0.07806256065316561,6.104627314340517,True,351.20633759500623,True,6.818063407893289,96.74131880330653,,1.0920594184375225,94.49407598440409,52.64,4.073394801880932,Great collaboration,Async communication worked well,True,Completed,2024-12-07,Project Complete,2023-10-06,2025-12-18
TEAM623,Delta Unit,PRJ898,2024-03-13,AI-Recommended,EMP156,"EMP0826,EMP1984,EMP0277,EMP156,EMP1879,EMP164,EMP1138,EMP1447,EMP1702,EMP076",10,"{""HR"": 7, ""Recruiter"": 2, ""People"": 1}","{""Lead"": 4, ""Senior"": 2, ""Principal"": 2, ""Mid"": 2}",100.0,62.52,42.69447988225959,79.11854186237305,76.31,72.27621817331675,63.513584237830635,77.05914806072944,99.02555780343486,5.829773853019338,1.8980222222954937,8.016231411358701,True,109.28190779798783,True,7.707739683263605,109.37608767005287,8.456103030526956,0.8090627905058081,108.4702655067192,58.63,4.093372173151359,Exceeded expectations,,True,Completed,2025-01-13,Project Complete,2024-03-13,2025-02-21
TEAM624,Omega Squad,PRJ316,2025-07-12,Hybrid,EMP0501,"EMP0501,EMP0256,EMP0742",3,"{""Senior"": 1, ""Team"": 1, ""DevOps"": 1}","{""Lead"": 1, ""Senior"": 1, ""Mid"": 1}",100.0,100.0,88.98507786932619,63.24925953731303,75.45,95.50925877971886,79.26151229458381,54.16312956166243,50.41876777025116,5.57173321764674,2.079018045035025,7.800212657694046,True,64.36820613331534,True,6.74319750739574,84.7772655802862,9.083383088904913,1.09581402914811,94.00290126086513,45.12,3.995485086967712,Strong execution,,False,Completed,2025-02-04,Project Complete,2025-07-12,2025-12-16
TEAM625,Gamma Squad,PRJ869,2024-10-11,AI-Recommended,EMP1242,"EMP0958,EMP1242,EMP0683,EMP141",4,"{""Team"": 4}","{""Senior"": 2, ""Mid"": 2}",92.05,77.95,56.657916826344,56.172267496922665,52.57,76.64389288907086,64.91282854625561,56.797383208835015,83.9096909876421,7.512066266376786,0.025865974423550705,9.9,,247.51207702658613,False,6.387868568671481,111.46722374302882,8.507962074651996,0.9865207236873429,80.27979983999585,45.59,2.0781706746105577,,Async communication worked well,False,Completed,2024-11-03,Reorganization,2024-10-11,2026-01-12
TEAM626,Alpha Unit,PRJ946,2023-04-28,Hybrid,EMP0651,"EMP1475,EMP1556,EMP0594,EMP0651,EMP0230,EMP1013,EMP0973,EMP1337",8,"{""UI"": 5, ""Product"": 2, ""Graphic"": 1}","{""Mid"": 3, ""Lead"": 3, ""Senior"": 2}",89.1,62.43,70.63628144620378,88.01417726236738,65.78,86.54471386135606,62.41946205985759,88.86577354339808,70.74676826807733,6.858541884207961,1.0057877725826152,8.287968958580747,True,32.65621693570204,False,5.909287327508321,93.94069923307933,7.27094998159046,1.0910406080937933,74.48651254657015,52.62,0.0,Communication issues resolved,Need better docs,True,Completed,2024-01-10,Budget Cut,2023-04-28,2026-01-06
TEAM627,Delta Unit,PRJ485,2025-08-07,Hybrid,EMP1526,"EMP0638,EMP1526,EMP0705,EMP133,EMP1079,EMP0565,EMP0938",7,"{""Graphic"": 4, ""Product"": 1, ""UI"": 2}","{""Lead"": 4, ""Senior"": 2, ""Mid"": 1}",100.0,54.82,69.30028575754103,70.02839658186855,63.76,81.68454473602377,75.12645890976023,84.64207478311818,69.43568062315777,5.527479542232372,2.09210881194684,7.593463851765357,True,69.40287332579942,True,9.482129432473734,90.6329174820723,6.133791237571779,1.3,80.50212923626506,51.92,2.91671511528249,Great collaboration,,True,Completed,2025-03-20,Reorganization,2025-08-07,2025-10-16
TEAM628,Delta Squad,PRJ558,2025-05-22,AI-Recommended,EMP1677,"EMP0993,EMP1280,EMP1677,EMP027",4,"{""Accountant"": 1, ""Logistics"": 3}","{""Principal"": 1, ""Lead"": 2, ""Senior"": 1}",98.98,87.23,88.75357729995935,72.24673448361523,68.72,96.08152741874702,68.19659759975104,92.77628102562095,36.19088444809895,4.6025108509314,0.9171702525910111,7.311860576823429,True,89.13972056259207,True,7.0229591564515035,105.99119626354248,7.947185172949655,0.908290436800245,84.88090196536268,63.65,0.0,,,True,Completed,2025-08-18,Project Complete,2025-05-22,2024-04-26
TEAM629,Sigma Force,PRJ710,2023-08-19,Hybrid,EMP0307,"EMP0221,EMP0722,EMP0673,EMP0457,EMP1724,EMP1192,EMP0307",7,"{""Marketing"": 3, ""SEO"": 2, ""Campaign"": 2}","{""Lead"": 2, ""Senior"": 1, ""Mid"": 4}",97.3,62.38,53.351668660805004,90.45288623656495,66.22,95.67479302829615,65.24186490363611,100.0,61.66531445055552,6.551700226374896,0.03134475804451073,6.945538111785201,True,364.7,True,7.719567018536866,87.97447855008747,6.361664000843732,0.8063824528626027,115.39924360987261,42.54,2.017945079916118,Communication issues resolved,Async communication worked well,True,Completed,2025-06-04,Project Complete,2023-08-19,2024-12-29
TEAM630,Delta Unit,PRJ733,2024-09-12,Manual,EMP1493,"EMP0220,EMP1659,EMP1493",3,"{""SEO"": 3}","{""Mid"": 1, ""Senior"": 2}",68.86,100.0,54.571669540027976,69.3845653627879,95.27,58.615399749261705,87.50551663627111,88.26926542958918,79.56532929387903,7.292438943249258,0.968659960155579,7.879153691617256,True,83.96649601234353,True,9.965277535061755,95.26662256755417,6.903502216338704,1.202745151185634,74.10677171602052,38.07,3.0137244799665073,Strong execution,,,Completed,2024-08-13,Project Complete,2024-09-12,2024-07-09
TEAM631,Omega Crew,PRJ573,2025-03-27,AI-Recommended,EMP1297,"EMP122,EMP1297,EMP0596,EMP1041",4,"{""Team"": 2, ""DevOps"": 2}","{""Senior"": 3, ""Mid"": 1}",91.68,75.26,81.2565471418829,75.11779771016545,65.42,80.32491833860979,68.67469827310616,68.27131400613477,99.68567226935319,6.7763561623790585,3.0,5.380568183613911,True,242.61055863749706,True,7.134674911232144,96.7290711543537,7.160879645712275,1.2118346699953164,84.38468930706529,37.72,4.016707468886857,Communication issues resolved,Async communication worked well,True,Completed,2025-02-10,Reorganization,2025-03-27,2025-08-14
TEAM632,Gamma Unit,PRJ454,2024-06-11,Manual,EMP0601,"EMP0601,EMP0722,EMP1960,EMP1119,EMP0479,EMP0987,EMP1183,EMP0376,EMP1610",9,"{""SEO"": 3, ""Campaign"": 3, ""Marketing"": 3}","{""Senior"": 4, ""Mid"": 5}",89.74,32.93,65.84155787665344,91.09309108650251,85.37,60.69932141155381,57.4060080993921,55.02601079266035,95.51362492643781,5.69031314481704,3.0,8.245019303705249,True,193.9708968624525,True,9.36274455598053,83.41372024280619,7.125891061387819,0.8,99.9928355543596,46.21,0.9445288734711468,,Clear roles helped,True,Completed,2025-02-19,Reorganization,2024-06-11,2025-12-03
TEAM633,Delta Squad,PRJ788,2024-03-08,AI-Recommended,EMP0961,"EMP1465,EMP0961,EMP0940",3,"{""DevOps"": 1, ""Software"": 2}","{""Senior"": 1, ""Lead"": 1, ""Mid"": 1}",72.99,90.95,65.11592709176051,47.630483591520445,69.43,69.14747704941495,82.58152835426522,48.655440649478784,83.7739131204492,7.419173088680196,2.0042845999284173,6.737618519295633,True,134.74902172486838,False,8.971428684728727,93.18657268312765,9.964829456723594,1.2106915756880976,91.29755764586642,34.68,0.0,Exceeded expectations,,True,Completed,2024-01-27,Reorganization,2024-03-08,2025-07-11
TEAM634,Beta Squad,PRJ644,2023-04-25,Hybrid,EMP1554,"EMP1866,EMP1607,EMP022,EMP1689,EMP0943,EMP0610,EMP0889,EMP1276,EMP0232,EMP1554",10,"{""Graphic"": 4, ""Product"": 2, ""UX"": 3, ""UI"": 1}","{""Lead"": 4, ""Mid"": 3, ""Junior"": 2, ""Senior"": 1}",100.0,66.16,58.8162653653141,70.63170801098856,63.29,80.8216377153433,87.82654722748254,83.4664698114767,94.40189282721543,7.390473122440418,1.9364115325195255,4.99244404226626,True,57.094153189273776,True,7.379429086294967,93.60992903240576,,0.8,70.60816569900753,59.81,5.0,Great collaboration,Need better docs,False,Completed,2023-10-01,Budget Cut,2023-04-25,2025-03-04
TEAM635,Sigma Unit,PRJ483,2023-12-14,AI-Recommended,EMP0621,"EMP1231,EMP0621,EMP1760,EMP0540,EMP1849,EMP0320",6,"{""Finance"": 2, ""Accountant"": 2, ""Controller"": 1, ""Financial"": 1}","{""Senior"": 3, ""Principal"": 3}",100.0,55.09,35.48901899942752,78.29533605553131,79.23,80.64276153798292,82.66220638316194,88.80089049150963,81.16053921892228,7.726233930485453,3.0,8.174849312587137,True,263.6630522444103,True,7.222112535849582,92.37756690533323,7.598806651712599,0.8,93.37368259259064,80.63,1.9974794802083649,Communication issues resolved,,False,Completed,2025-04-21,Reorganization,2023-12-14,2024-03-12
TEAM636,Sigma Team,PRJ016,2024-04-17,Hybrid,EMP081,"EMP1713,EMP152,EMP0269,EMP081",4,"{""Finance"": 2, ""Controller"": 2}","{""Senior"": 2, ""Principal"": 2}",98.69,70.37,73.5947818538146,89.49412123545673,80.27,83.40824060908517,78.08542548681966,66.99586408964579,77.26048302198896,7.199206452613323,1.9772748707100816,7.043997025783119,True,265.20488113933214,True,7.27015211337146,99.87641206567618,5.322723678868306,1.1009363969566055,73.52833140989004,80.86,0.0,Strong execution,Async communication worked well,True,Completed,2024-06-23,Project Complete,2024-04-17,2025-08-06
TEAM637,Delta Crew,PRJ428,2024-02-28,Hybrid,EMP0392,"EMP0425,EMP1377,EMP1872,EMP1698,EMP0392,EMP1214,EMP1163,EMP1272",8,"{""Recruiter"": 2, ""HR"": 3, ""People"": 3}","{""Junior"": 2, ""Mid"": 2, ""Lead"": 1, ""Senior"": 3}",98.43,71.89,26.3,79.44513060345488,76.07,100.0,74.86189976476103,100.0,81.63191618133045,7.538507164887773,2.996846687930061,5.565028700878898,True,304.4045604312615,True,6.896584504594246,91.82933448215034,5.670911641915034,1.3,103.62009150664218,41.78,4.079115176581684,Exceeded expectations,Need better docs,,Completed,2025-09-04,Reorganization,2024-02-28,2025-04-05
TEAM638,Gamma Unit,PRJ586,2024-08-31,Manual,EMP0924,"EMP1027,EMP0924,EMP093,EMP1711,EMP190,EMP1558",6,"{""Sales"": 1, ""Business"": 1, ""Operations"": 3, ""Logistics"": 1}","{""Lead"": 4, ""Senior"": 2}",92.68,57.16,64.36161565502512,63.50780556913032,74.56,90.45261872726748,57.239584695784224,73.20416153986832,75.62814332221676,6.153663600486052,2.978689330658173,5.4706298685811285,True,112.13451711030774,True,9.968137134616711,109.24614887978996,6.489500337811825,1.0069017585921374,77.03094532620877,50.74,4.990403300779455,Communication issues resolved,Daily standups critical,True,Completed,2025-02-09,Reorganization,2024-08-31,2025-04-18
TEAM639,Delta Unit,PRJ535,2022-11-08,Hybrid,EMP023,"EMP022,EMP0769,EMP0462,EMP1480,EMP023,EMP1747,EMP1412,EMP0446,EMP1132",9,"{""Product"": 2, ""Graphic"": 5, ""UX"": 1, ""UI"": 1}","{""Lead"": 3, ""Senior"": 2, ""Mid"": 3, ""Junior"": 1}",84.41,71.38,78.26681122179933,82.80879571325862,78.33,92.30884156868447,80.04077815924876,70.1603700738996,77.67649032652797,9.01206870323154,1.0134856150425886,7.474282838377538,True,53.68377805196773,True,6.772352082315736,106.07036248349078,5.466659070039311,1.1020802531597156,95.73481160435482,55.58,2.970388471931422,,Need better docs,True,Completed,2023-09-27,Project Complete,2022-11-08,2025-09-18
TEAM640,Alpha Unit,PRJ236,2024-12-18,AI-Recommended,EMP0501,"EMP0892,EMP0649,EMP0969,EMP009,EMP0263,EMP0501",6,"{""DevOps"": 1, ""Team"": 3, ""Senior"": 2}","{""Senior"": 2, ""Mid"": 2, ""Junior"": 1, ""Lead"": 1}",85.99,100.0,55.98481443591709,60.14049275333873,69.63,83.95361486450018,75.64126907761162,98.95434886772041,91.11563717343692,5.711893557999107,1.9404156373675197,7.600096208403505,True,156.2154311560494,False,5.60250142961577,92.26515068799947,8.547644654896631,0.8988693662166206,83.50672212105636,38.76,5.0,Exceeded expectations,Need better docs,False,Completed,2025-08-24,Project Complete,2024-12-18,2024-10-09
TEAM641,Delta Unit,PRJ468,2023-05-19,Manual,EMP1814,"EMP1465,EMP1479,EMP1755,EMP0990,EMP1301,EMP1242,EMP0288,EMP1656,EMP1814",9,"{""DevOps"": 2, ""Software"": 1, ""Team"": 4, ""QA"": 2}","{""Senior"": 4, ""Mid"": 4, ""Lead"": 1}",94.74,49.13,59.52233197546218,70.36716155355695,86.61,94.21562668171323,69.88297557820077,94.72103151693979,82.9438044129979,7.248973168169409,0.0,6.636158439413117,True,238.29636742787372,True,10.0,92.82086922640347,7.796096642551122,1.0126647212332365,87.43025262571788,32.76,4.949809102836697,,,True,Completed,2024-03-01,Project Complete,2023-05-19,2025-07-11
TEAM642,Delta Squad,PRJ379,2024-03-16,AI-Recommended,EMP1112,"EMP063,EMP1112,EMP0659",3,"{""HR"": 1, ""Recruiter"": 1, ""People"": 1}","{""Senior"": 2, ""Lead"": 1}",100.0,100.0,66.705376645585,95.22093948875421,75.62,93.76713205776439,98.0,64.89923590063748,55.617830592991666,5.633688842268901,2.9502172539010734,8.601172737390453,True,187.1175357608769,False,8.413354217275856,110.40842605237069,6.930534691609317,1.085732929100072,80.98021939193839,57.62,0.15934326115171107,,Clear roles helped,True,Completed,2024-12-16,Project Complete,2024-03-16,2025-02-24
TEAM643,Alpha Squad,PRJ766,2024-04-30,Manual,EMP1385,"EMP1028,EMP1676,EMP1449,EMP1403,EMP0276,EMP1385,EMP155",7,"{""Business"": 2, ""Operations"": 2, ""Account"": 1, ""Sales"": 1, ""Recruiter"": 1}","{""Lead"": 6, ""Senior"": 1}",100.0,37.58,90.42042215402238,96.5101277357134,69.05,83.22684063072523,37.94344776248116,77.92254552965045,57.91675375390663,8.03249203915063,1.0486335761190264,8.00152885821249,True,77.77625138853037,False,7.499080475073161,96.36006057708133,7.724783013554975,1.101903250198303,100.85363673352063,44.43,5.0,Communication issues resolved,Daily standups critical,True,Completed,2024-06-02,Budget Cut,2024-04-30,2024-09-01
TEAM644,Alpha Unit,PRJ500,2024-09-08,Hybrid,EMP1214,"EMP0894,EMP1488,EMP0826,EMP1214,EMP1994,EMP1074",6,"{""People"": 2, ""HR"": 2, ""Recruiter"": 2}","{""Mid"": 1, ""Senior"": 2, ""Lead"": 3}",100.0,76.49,69.77191516227333,80.53714060253965,58.23,82.48671039117373,89.01215383095006,78.33188259473819,78.28445900885265,7.961867848912943,1.927422376973034,7.556986462949066,True,291.9546977345807,False,7.562722805180938,97.3012678212925,9.548522157930911,0.9171528661196877,81.396325168374,54.18,0.0632298226388543,Great collaboration,Clear roles helped,True,Completed,2026-01-25,Budget Cut,2024-09-08,2025-01-01
TEAM645,Sigma Team,PRJ479,2025-03-19,Hybrid,EMP146,"EMP0621,EMP0303,EMP146,EMP027,EMP071,EMP190,EMP0664",7,"{""Accountant"": 2, ""Logistics"": 3, ""Operations"": 2}","{""Principal"": 3, ""Senior"": 3, ""Lead"": 1}",100.0,71.24,73.77069124971356,72.54214718807619,81.95,64.86007787885248,75.45291262654042,74.82172678125004,81.46994927602186,8.033523825525947,2.983342749168821,8.129441528193313,True,330.0146698465106,True,6.428540798322678,96.1168708102888,7.505871516240031,0.8,85.11502338582379,58.87,3.92526603808708,Great collaboration,Async communication worked well,True,Completed,2026-01-31,Project Complete,2025-03-19,2026-02-13
TEAM646,Delta Squad,PRJ832,2022-09-19,Manual,EMP079,"EMP079,EMP038,EMP0708,EMP048",4,"{""Recruiter"": 1, ""HR"": 3}","{""Lead"": 2, ""Senior"": 2}",96.79,74.26,97.88350744729972,62.168252023760154,52.54,48.27934260567037,72.94605992546263,65.11022494028822,94.72228351833353,5.345723409011699,1.9579839953703475,7.504828926513511,True,317.205493084431,True,5.899625256854059,102.70576472865649,8.37269585355726,0.9199913235778593,67.96791628500259,71.82,5.0,Great collaboration,Daily standups critical,True,Completed,2024-05-12,Reorganization,2022-09-19,2024-03-01
TEAM647,Sigma Unit,PRJ801,2023-10-11,AI-Recommended,EMP1349,"EMP0643,EMP1103,EMP1758,EMP1349,EMP162,EMP0968",6,"{""Graphic"": 2, ""UI"": 3, ""UX"": 1}","{""Lead"": 4, ""Mid"": 2}",100.0,39.62,35.940198252022725,78.32829448848942,56.49,81.85607902860778,82.5968678258811,90.14535067719834,80.95382701215186,7.700700910408274,3.0,8.073448164336659,True,251.78955541392733,True,7.196098130316096,94.00145373856486,7.464832718323392,0.8062899642765498,93.67781877943109,55.64,1.9621583553057935,Communication issues resolved,,False,Completed,2025-04-21,Reorganization,2023-10-11,2024-07-09
TEAM648,Beta Team,PRJ885,2024-07-07,Hybrid,EMP075,"EMP0855,EMP1995,EMP0903,EMP1775,EMP1751,EMP1655,EMP075,EMP070",8,"{""DevOps"": 1, ""QA"": 2, ""Software"": 2, ""Team"": 1, ""Senior"": 2}","{""Senior"": 2, ""Mid"": 3, ""Lead"": 3}",99.09,57.21,52.979920951117386,72.27650805827182,83.97,74.99459023121841,87.57323108854732,89.17148345017984,100.0,5.572124502840103,0.0385803924910982,7.692113733227132,,280.463061459176,True,8.011208673023466,92.70585484515273,9.286300761673166,0.8102078477171287,69.27218801401182,32.61,4.992939248127806,Strong execution,Daily standups critical,True,Completed,2025-06-20,Reorganization,2024-07-07,2024-05-19
TEAM649,Delta Unit,PRJ410,2023-09-16,Manual,EMP0812,"EMP0307,EMP002,EMP0812,EMP1017,EMP0554,EMP1092,EMP0508,EMP0908,EMP0410,EMP1643",10,"{""Marketing"": 3, ""SEO"": 3, ""Campaign"": 4}","{""Lead"": 1, ""Mid"": 5, ""Senior"": 3, ""Junior"": 1}",100.0,58.37,35.13297351206571,87.71998869448599,71.43,59.36140454476957,64.42617070585219,70.38173861335326,81.73008474934086,5.281856868774971,0.9874468339804032,7.045153958835588,True,149.0657381165169,True,8.311845315005367,85.75430752245236,6.941512826329958,0.8016612471874963,103.89829636968246,52.35,5.0,Great collaboration,Need better docs,False,Completed,2024-10-17,Project Complete,2023-09-16,2025-08-20
TEAM650,Sigma Unit,PRJ364,2023-07-23,Hybrid,EMP065,"EMP0621,EMP081,EMP146,EMP0711,EMP1800,EMP1148,EMP0551,EMP065",8,"{""Accountant"": 2, ""Controller"": 2, ""Logistics"": 1, ""Financial"": 1, ""Finance"": 2}","{""Principal"": 5, ""Mid"": 1, ""Senior"": 2}",89.57,46.38,87.0858601779456,73.01016169937492,93.57,98.0636031885296,52.25444746783354,82.9829417528651,53.66958724797614,7.6059149795933525,1.0332006384592936,7.362699688943454,True,306.81053412349246,False,7.210218968625477,106.64881110572092,4.851517343668063,0.9134077176104414,90.95626540966046,67.02,1.9870579599874867,Communication issues resolved,,,Completed,2025-02-10,Reorganization,2023-07-23,2025-08-08
TEAM651,Omega Team,PRJ333,2023-09-29,Hybrid,EMP0273,"EMP0643,EMP0539,EMP0808,EMP0273,EMP095",5,"{""Graphic"": 2, ""Product"": 1, ""UI"": 2}","{""Lead"": 3, ""Senior"": 2}",100.0,55.49,79.7844140566781,68.93809390508578,82.59,83.28466500724002,66.25274671647351,38.12369004766621,87.18680928144136,5.561736197674889,0.0,6.4285138672408575,True,121.41804332696692,False,8.32932443030617,87.47589448901473,5.990773815574954,1.104828445497822,107.42414628488085,63.59,2.0587090255179734,Exceeded expectations,Daily standups critical,True,Completed,2024-06-28,Project Complete,2023-09-29,2025-11-15
TEAM652,Gamma Unit,PRJ229,2024-08-21,Manual,EMP1304,"EMP022,EMP1304,EMP0266,EMP0298,EMP1544,EMP1557,EMP0942,EMP0232,EMP0286",9,"{""Product"": 1, ""Graphic"": 5, ""UI"": 3}","{""Lead"": 4, ""Junior"": 3, ""Mid"": 1, ""Senior"": 1}",96.59,74.88,64.27452362117883,91.18812600258111,65.74,61.18629391254582,59.75444289271315,55.16212145300457,95.01832453384893,5.6420344884892355,2.9665512626315533,8.352672155888143,True,196.60221476055716,True,9.353751537758024,83.57383048435595,7.017800776404747,0.8044553550824238,99.74222216422685,55.52,0.9337603995527751,,Clear roles helped,True,Completed,2025-02-19,Reorganization,2024-08-21,2026-02-20
TEAM653,Omega Squad,PRJ419,2024-05-20,Manual,EMP0377,"EMP071,EMP0546,EMP1108,EMP0290,EMP055,EMP1721,EMP1173,EMP0377",8,"{""Operations"": 3, ""Logistics"": 4, ""Project"": 1}","{""Senior"": 7, ""Lead"": 1}",100.0,37.23,80.55318132620638,82.2224360360512,68.01,92.94900601721027,93.56896155314006,66.0700299891654,84.94353889596906,7.605902726256965,0.9930120730805755,8.306114228127575,True,94.13706966035015,False,8.33263793669851,99.20314544463804,9.894545721535199,1.0027794119896716,85.83099985333922,76.35,2.0621884040833423,Communication issues resolved,Daily standups critical,False,Completed,2025-06-16,Budget Cut,2024-05-20,2025-12-19
TEAM654,Omega Crew,PRJ732,2025-07-10,Hybrid,EMP1849,"EMP0473,EMP1500,EMP1849,EMP0713,EMP064,EMP1713,EMP0773,EMP065",8,"{""Accountant"": 5, ""Finance"": 2, ""Controller"": 1}","{""Senior"": 3, ""Principal"": 3, ""Junior"": 1, ""Mid"": 1}",100.0,77.92,69.40129735692474,64.3747716788757,79.75,90.35695453039934,74.10444400160603,89.18569627634031,87.1634707930468,7.73353015243833,3.0,6.824442364475286,True,169.63056819483526,True,7.931814385192548,110.24072765377774,8.608349608548385,0.9971381065668701,90.36630725175763,71.92,0.0987960013304579,Communication issues resolved,,,Completed,2025-07-21,Reorganization,2025-07-10,2025-02-22
TEAM655,Delta Squad,PRJ078,2024-07-18,AI-Recommended,EMP1604,"EMP1604,EMP085,EMP0950",3,"{""SEO"": 2, ""Campaign"": 1}","{""Senior"": 2, ""Mid"": 1}",76.89,100.0,66.36516792475652,95.46605042295467,74.6,93.08871847050055,98.0,65.24024161113924,55.97780347772311,5.4620396816272825,3.0,8.612693851858534,True,197.8442626900443,False,8.508130760596558,110.1506102000312,6.92465253342673,1.1161732374394893,82.26618022547108,62.82,0.06934374561801054,,Clear roles helped,True,Completed,2024-12-16,Project Complete,2024-07-18,2024-08-27
TEAM656,Delta Squad,PRJ978,2024-11-17,AI-Recommended,EMP1881,"EMP1881,EMP088,EMP0722,EMP017,EMP1086,EMP1493",6,"{""Marketing"": 2, ""SEO"": 4}","{""Lead"": 2, ""Senior"": 4}",99.77,42.7,91.05080477854001,87.74025895328599,99.84,62.908159181365065,55.35133336992509,76.21934609883647,50.185670611446845,5.212185670240541,2.0081626553562453,6.557693767485233,True,88.76939316240072,True,9.082730620654681,110.8813018658955,7.232200481465956,1.2018772419209558,79.29349432797218,76.91,5.0,Communication issues resolved,Need better docs,True,Completed,2025-04-02,Project Complete,2024-11-17,2025-10-14
TEAM657,Alpha Unit,PRJ829,2023-01-02,AI-Recommended,EMP0957,"EMP0957,EMP1349,EMP0575",3,"{""UI"": 1, ""Graphic"": 2}","{""Lead"": 2, ""Senior"": 1}",100.0,100.0,52.71238433676167,80.03953475603463,41.89,58.8464885330977,55.56245994189831,67.03870348786623,69.61591230693755,6.236927261532109,1.9795615131314321,8.403366106972587,True,286.30450635807546,False,9.183388773619695,117.91878257939756,5.554469866495401,1.198303789968649,91.93114577566818,53.25,4.9915468245882035,Strong execution,,False,Completed,2024-05-06,Reorganization,2023-01-02,2024-08-18
TEAM658,Alpha Force,PRJ356,2024-05-28,Manual,EMP1412,"EMP0651,EMP1412,EMP0622,EMP1279,EMP0266,EMP1378,EMP0779,EMP1534,EMP1106",9,"{""UI"": 6, ""Graphic"": 2, ""Product"": 1}","{""Lead"": 3, ""Senior"": 2, ""Mid"": 4}",80.98,45.36,93.5809765423631,98.57654449310026,58.58,94.6313586105914,61.91136731444782,64.29405643816483,57.81311985059317,7.167248677775933,2.9349830636569965,6.903681350936221,True,223.56543627816487,True,6.645841979282239,110.90890815474334,7.1634100313014635,0.993219529824403,95.65591647888546,49.6,3.1197284044857208,Communication issues resolved,Clear roles helped,,Completed,2025-07-07,Budget Cut,2024-05-28,2025-11-01
TEAM659,Sigma Team,PRJ497,2024-10-29,Manual,EMP1607,"EMP0561,EMP1607,EMP1412,EMP1442,EMP0273",5,"{""Graphic"": 3, ""UI"": 2}","{""Lead"": 2, ""Senior"": 3}",100.0,53.3,66.33522085904313,94.30516905591868,67.68,68.42124078312267,85.20573592154616,84.4581521309478,37.832130624963554,8.381915643851576,2.9992604213296583,7.682412268198413,True,189.0566131910982,True,8.664309484232106,115.74576538676716,6.88177586636831,0.9942174019001311,81.37523465685231,53.02,3.096733412056357,Communication issues resolved,Async communication worked well,True,Completed,2024-11-27,Reorganization,2024-10-29,2024-12-05
TEAM660,Alpha Team,PRJ771,2023-02-02,AI-Recommended,EMP0955,"EMP0277,EMP0955,EMP1300,EMP0932,EMP1669",5,"{""Recruiter"": 1, ""HR"": 4}","{""Lead"": 2, ""Principal"": 1, ""Senior"": 1, ""Mid"": 1}",90.11,88.12,57.971957695040466,72.97349940013522,75.15,87.97963847053101,64.56998551520657,97.34876289423366,29.783347564954365,6.796260563021234,2.065403609471486,6.616519287038349,True,220.03169941377823,False,8.887581621680225,97.07697135804331,8.913936957610513,1.0887169674570631,97.87382599907394,61.04,2.9193293762073393,Communication issues resolved,Daily standups critical,True,Completed,2024-04-14,Budget Cut,2023-02-02,2025-12-25
TEAM661,Beta Force,PRJ026,2023-11-12,Hybrid,EMP1018,"EMP0684,EMP0213,EMP1132,EMP1564,EMP1337,EMP087,EMP1018",7,"{""UI"": 5, ""UX"": 1, ""Graphic"": 1}","{""Lead"": 2, ""Mid"": 4, ""Senior"": 1}",84.29,59.52,53.82650655513098,60.92418011935375,99.0,46.53697994490661,68.1078922086048,71.12084743561901,96.68878974728138,8.164158436958724,3.0,6.978764316005326,True,340.3516420686826,True,10.0,102.30212997813054,7.058054389038752,1.2973138526117534,62.5699507909464,67.48,5.0,Strong execution,Daily standups critical,,Completed,2025-04-21,Reorganization,2023-11-12,2024-08-05
TEAM662,Omega Unit,PRJ943,2024-04-12,Hybrid,EMP1200,"EMP1572,EMP0957,EMP1200",3,"{""UI"": 3}","{""Lead"": 3}",78.51,48.36,65.56269219767042,41.9,49.39,89.45692271690888,65.57013792739592,80.24134878178894,70.09423681802602,4.837861735212494,1.9598476644320453,8.170104826316578,True,281.3545923217052,True,8.269386963605948,93.1866200485511,5.333973067333925,0.9899328088505921,91.43846075094876,70.33,3.996309848136249,Exceeded expectations,Async communication worked well,True,Completed,2025-11-22,Reorganization,2024-04-12,2025-07-22
TEAM663,Alpha Squad,PRJ044,2024-08-25,Manual,EMP1512,"EMP0618,EMP1652,EMP1288,EMP0270,EMP1512,EMP0708,EMP0333,EMP0202,EMP0988,EMP0484",10,"{""Recruiter"": 2, ""People"": 3, ""HR"": 5}","{""Mid"": 4, ""Senior"": 3, ""Principal"": 1, ""Lead"": 1, ""Junior"": 1}",100.0,77.71,73.14305073016826,68.87993022297739,80.41,72.90767224606181,98.0,77.61946707855411,73.1634446813529,5.624478606562214,0.0,8.958330200074222,,39.886414403363936,True,9.550210130796904,97.17046305325105,8.850876249663205,1.1076745038608382,95.04172940300609,41.95,3.91231420118607,,,True,Completed,2024-01-23,Budget Cut,2024-08-25,2025-01-24
TEAM664,Alpha Force,PRJ335,2024-06-23,AI-Recommended,EMP109,"EMP106,EMP1124,EMP109,EMP1729,EMP0850,EMP0223,EMP011,EMP0996,EMP1652,EMP0492",10,"{""Recruiter"": 1, ""People"": 4, ""HR"": 5}","{""Lead"": 1, ""Mid"": 5, ""Senior"": 4}",100.0,46.74,99.96285131383428,79.84021959206837,90.65,75.5482538404419,54.99284543860311,71.56037606817416,72.01308266994432,7.779325138074185,2.0221796223438733,8.999150345443558,True,174.841113684278,True,6.409691498523505,92.71747580580731,7.17049990257252,0.8898546142737656,50.90555189577349,53.04,0.9945805899214903,Communication issues resolved,Async communication worked well,,Completed,2025-03-24,Project Complete,2024-06-23,2025-04-26
TEAM665,Beta Force,PRJ342,2023-08-22,Hybrid,EMP0955,"EMP1900,EMP1411,EMP0955,EMP1163,EMP1974,EMP1408,EMP1926",7,"{""HR"": 3, ""Recruiter"": 1, ""People"": 3}","{""Senior"": 2, ""Lead"": 2, ""Principal"": 2, ""Mid"": 1}",100.0,87.5,54.054665775255536,60.452554979971055,81.26,45.39681338934978,67.4503286965058,71.22181319006903,97.60954638041699,8.244408247902753,2.9750851673539476,6.9231678751497485,True,331.1582960741971,True,10.0,102.83542019969069,6.951108886085278,1.297059184663433,62.41751186657964,58.66,5.0,Strong execution,Daily standups critical,,Completed,2025-04-21,Reorganization,2023-08-22,2024-09-19
TEAM666,Omega Crew,PRJ310,2023-11-20,AI-Recommended,EMP023,"EMP0957,EMP022,EMP023,EMP1526",4,"{""UI"": 2, ""Product"": 1, ""Graphic"": 1}","{""Lead"": 4}",99.44,31.78,82.19475792077084,73.96621680114272,78.73,82.09954663184241,70.82359486693636,67.54504791485718,99.72589648346698,6.802858303797029,3.0,5.393720697513321,True,245.8567703408436,True,7.27939783650499,95.71567530496438,7.211208145242995,1.207081616099739,84.05803092048372,44.76,3.977161409446943,Communication issues resolved,Async communication worked well,True,Completed,2025-02-10,Reorganization,2023-11-20,2025-08-11
TEAM667,Gamma Crew,PRJ019,2022-12-11,AI-Recommended,EMP1551,"EMP075,EMP1551,EMP047,EMP090,EMP0990,EMP1297,EMP0538,EMP014,EMP1642",9,"{""Senior"": 2, ""QA"": 3, ""Software"": 1, ""Team"": 3}","{""Lead"": 4, ""Senior"": 3, ""Mid"": 2}",100.0,38.02,100.0,86.27735973083558,69.04,95.73290581946826,63.746213360283434,69.4762017668746,88.47936978846768,7.434322323250653,1.0679325663269876,9.270357165820139,,192.4616312921769,True,8.378648932342262,91.92133975792362,8.082395030164752,1.0101693295126748,66.77832885948511,32.04,2.115757445825011,Strong execution,,,Completed,2024-02-22,Project Complete,2022-12-11,2025-11-05
TEAM668,Alpha Unit,PRJ374,2025-12-11,Hybrid,EMP1567,"EMP0589,EMP1195,EMP0664,EMP1567,EMP0936,EMP1676",6,"{""Operations"": 4, ""Logistics"": 2}","{""Senior"": 1, ""Principal"": 2, ""Lead"": 3}",96.67,71.87,71.36212171612874,81.47890696331805,53.53,81.01017631701082,89.71664137974166,79.43256864618942,76.96140183865104,8.001673627539036,1.9645323695582548,7.639367200516102,True,296.8480102707908,False,7.605783392931837,97.42100731215773,9.406037727878475,0.9038542384112568,81.38981971509416,56.24,0.05526002391140665,Great collaboration,Clear roles helped,True,Completed,2026-01-25,Budget Cut,2025-12-11,2025-04-19
TEAM669,Gamma Crew,PRJ149,2024-04-21,AI-Recommended,EMP0512,"EMP0572,EMP0512,EMP031,EMP0243,EMP0585,EMP0994,EMP1858,EMP1687,EMP0964",9,"{""Operations"": 4, ""Logistics"": 4, ""Project"": 1}","{""Senior"": 4, ""Principal"": 2, ""Lead"": 2, ""Mid"": 1}",100.0,66.81,100.0,87.35709412793156,60.07,94.71090258756658,64.32168539557631,70.50569266502826,87.56251178066849,7.583768797884917,1.0673775961929097,9.313360307253832,,185.8730791560148,True,8.386815664989333,91.79245445840569,7.983218920740889,1.0074605767926912,65.89593801453533,70.7,2.1222499029358444,Strong execution,,,Completed,2024-02-22,Project Complete,2024-04-21,2026-02-18
TEAM670,Alpha Force,PRJ080,2024-07-30,Hybrid,EMP1512,"EMP1068,EMP0955,EMP169,EMP1512",4,"{""Recruiter"": 1, ""HR"": 3}","{""Lead"": 1, ""Principal"": 2, ""Senior"": 1}",89.65,100.0,52.45823332033309,82.81261606264975,86.49,83.19112155013285,78.75797933825471,79.19485329519428,68.02419591280947,7.034300754188198,1.059969041681669,4.511538431117447,True,142.72277198570987,True,6.845269666095786,81.71409608023049,9.129025152845925,0.8984723609282201,95.25014375841658,55.13,3.004387858374059,Exceeded expectations,,True,Completed,2024-12-16,Budget Cut,2024-07-30,2024-07-23
TEAM671,Beta Squad,PRJ880,2025-08-26,Hybrid,EMP1857,"EMP0936,EMP0449,EMP0608,EMP1857,EMP0238",5,"{""Logistics"": 3, ""Operations"": 2}","{""Principal"": 2, ""Senior"": 3}",100.0,44.58,86.46850047793619,65.13918298268966,74.3,78.4269324704679,91.55004629340617,81.42128513125587,98.68578510954126,6.357141270951404,0.9243907649440279,7.481394983401835,True,267.46957560346704,True,8.31422374860314,83.39757074725593,6.687491185154521,1.0952056817158804,92.44236761103426,66.52,1.9991305698187225,Exceeded expectations,Async communication worked well,True,Completed,2025-11-28,Budget Cut,2025-08-26,2025-09-08
TEAM672,Alpha Crew,PRJ816,2024-01-20,Hybrid,EMP1512,"EMP076,EMP1864,EMP1512",3,"{""HR"": 2, ""People"": 1}","{""Lead"": 1, ""Principal"": 2}",89.57,100.0,86.45054100823451,64.0996509047264,74.85,99.36585497632387,66.30561267240486,,74.14250974130101,9.466718689178027,2.034366532672725,6.937631020366872,False,,,,,8.89006503438671,0.9952773144604923,101.29637461635407,95.79,1.2130891961197727,Great collaboration,Async communication worked well,True,Active,,,2024-01-20,2025-01-12
TEAM673,Sigma Unit,PRJ170,2023-05-31,AI-Recommended,EMP1493,"EMP002,EMP1665,EMP1493,EMP1616,EMP026",5,"{""SEO"": 3, ""Campaign"": 1, ""Marketing"": 1}","{""Mid"": 2, ""Senior"": 3}",100.0,63.4,84.4254303848775,80.54681985093143,84.14,99.75994401600997,72.87324104180688,74.48375083668216,72.59712594915857,7.48420555668707,0.0,6.279410458009187,True,203.7433694778075,True,7.18349761064713,102.30372073954301,7.4658795015162225,1.0084271833090839,85.25657172833333,69.06,4.088261935563943,Strong execution,,True,Completed,2024-07-07,Project Complete,2023-05-31,2026-01-17
TEAM674,Gamma Force,PRJ479,2024-11-09,Manual,EMP0883,"EMP1821,EMP0883,EMP1341,EMP0547,EMP031,EMP1558",6,"{""Sales"": 1, ""Operations"": 3, ""Logistics"": 2}","{""Principal"": 2, ""Senior"": 2, ""Lead"": 2}",91.76,74.72,77.45441694008575,70.50263340135591,66.76,93.86842701715156,76.92879485746919,81.07682196855363,73.84122298789262,5.866913517211779,0.0608717765052131,7.7151515716659285,True,201.62354990759434,True,7.69804160057209,98.90194177260084,7.538416827810207,1.204437932964942,91.25438749623083,72.13,0.017582670967541486,Communication issues resolved,Daily standups critical,True,Completed,2025-06-02,Reorganization,2024-11-09,2025-05-01
TEAM675,Omega Unit,PRJ494,2024-11-21,Manual,EMP1076,"EMP1076,EMP1783,EMP1447,EMP0970,EMP0659,EMP155",6,"{""Recruiter"": 5, ""People"": 1}","{""Lead"": 5, ""Senior"": 1}",100.0,52.39,64.334475731453,41.9,62.03,80.07870746093566,75.92820042946568,93.17140841575535,77.42532058457616,8.287532359981023,0.035849828912124244,7.776263664086991,True,165.93263624944166,True,7.552301662734814,92.57235511134154,7.69094388253275,0.8998343227964252,75.08176465476139,65.66,3.9636989805794856,,Daily standups critical,True,Completed,2025-10-25,Budget Cut,2024-11-21,2024-10-27
TEAM676,Gamma Team,PRJ417,2023-07-24,AI-Recommended,EMP0891,"EMP0619,EMP1580,EMP0356,EMP0891,EMP171,EMP0429",6,"{""Business"": 3, ""Sales"": 3}","{""Lead"": 4, ""Principal"": 1, ""Junior"": 1}",87.03,65.8,68.54162502833222,68.46697034280899,67.67,82.0032486169482,87.57058793881686,78.02263927496091,64.24908177276954,9.12698367536402,1.0897500391410182,6.767230848007805,True,182.9132891725437,False,8.835151833034718,97.35276692327737,4.0,0.8064467042702735,77.67327494224386,69.63,5.0,Great collaboration,,True,Completed,2024-04-09,Reorganization,2023-07-24,2025-03-09
TEAM677,Beta Unit,PRJ395,2023-08-26,AI-Recommended,EMP1058,"EMP102,EMP0236,EMP1755,EMP0314,EMP1222,EMP1909,EMP0558,EMP1058",8,"{""QA"": 2, ""Team"": 4, ""DevOps"": 1, ""Senior"": 1}","{""Senior"": 4, ""Mid"": 3, ""Lead"": 1}",100.0,52.79,49.7910651164345,69.86479374297527,71.03,75.10009855157263,47.07480574133065,66.76155287841112,75.21213963827742,8.228606135293958,1.9814954904713995,7.800897805221606,True,333.9613645057767,True,9.18273037802128,99.64402256871892,7.606874402978536,0.903345752394438,85.91346795781112,41.04,4.915186654298202,Communication issues resolved,Clear roles helped,True,Completed,2024-06-12,Reorganization,2023-08-26,2026-04-03
TEAM678,Gamma Crew,PRJ298,2024-05-27,Hybrid,EMP1303,"EMP157,EMP175,EMP022,EMP1258,EMP1303,EMP1568,EMP0630,EMP0968,EMP1992,EMP0283",10,"{""Graphic"": 2, ""UI"": 5, ""Product"": 1, ""UX"": 2}","{""Mid"": 7, ""Lead"": 1, ""Senior"": 2}",100.0,43.44,85.66774451438718,78.61600667128637,65.64,100.0,57.86375780942862,70.65740936364493,62.24510943761373,7.2216620253612245,0.0,7.575248955393513,True,249.6309298689861,True,7.0731164708247585,106.06753246540731,9.974694845737826,0.8925481845087716,103.0509211918491,52.53,3.9880605494011556,Strong execution,Need better docs,,Completed,2025-10-12,Budget Cut,2024-05-27,2024-08-23
TEAM679,Alpha Crew,PRJ240,2024-08-10,Manual,EMP0643,"EMP0651,EMP1040,EMP0643,EMP1564,EMP157,EMP022,EMP1583,EMP0730,EMP0822",9,"{""UI"": 4, ""Graphic"": 2, ""Product"": 1, ""UX"": 2}","{""Lead"": 4, ""Mid"": 5}",90.9,29.74,70.65913941925521,90.47195901867948,54.97,62.008490561104075,57.57684742047765,77.71123116929031,96.59821628817447,8.829425579417586,0.04913937525682433,5.7403211525125055,True,43.97881175444267,True,9.617573707848543,111.57711479848416,7.944897757465965,0.8,81.49400805710752,65.52,0.8181939687243505,Great collaboration,Async communication worked well,True,Completed,2024-03-28,Project Complete,2024-08-10,2025-05-22
TEAM680,Alpha Unit,PRJ285,2023-10-16,AI-Recommended,EMP1926,"EMP1926,EMP1893,EMP1488,EMP1783,EMP1112,EMP0791,EMP0382,EMP0840,EMP1324",9,"{""People"": 1, ""HR"": 6, ""Recruiter"": 2}","{""Principal"": 1, ""Senior"": 2, ""Lead"": 2, ""Mid"": 2, ""Junior"": 2}",100.0,92.34,60.44986013354916,75.71349531176475,64.66,67.72726052606812,79.87513108235572,62.62167991741427,75.59276405107204,8.563473703751662,0.0,6.063666834977158,True,359.76494993966554,True,6.8313378847366195,98.69246573250511,,1.103538413935358,95.11694792081896,45.02,3.9957451326027917,Great collaboration,Async communication worked well,True,Completed,2024-12-07,Project Complete,2023-10-16,2025-12-13
TEAM681,Omega Team,PRJ214,2024-06-04,Hybrid,EMP0878,"EMP0924,EMP0878,EMP0936",3,"{""Business"": 1, ""Account"": 1, ""Logistics"": 1}","{""Lead"": 2, ""Principal"": 1}",100.0,100.0,64.89081518769996,57.98363791240702,80.05,57.28653908511104,97.45065757839993,69.3859291866948,83.99483325752968,7.50250882973638,2.047780664945881,5.69199492659298,True,316.4195645229539,False,7.062268610319978,96.18967197377266,7.948381320246819,1.193423348756774,96.4108025730941,75.41,1.9368500319681294,,,True,Completed,2024-10-07,Project Complete,2024-06-04,2026-02-03
TEAM682,Alpha Force,PRJ254,2024-09-18,Hybrid,EMP156,"EMP156,EMP076,EMP1408,EMP155",4,"{""HR"": 3, ""Recruiter"": 1}","{""Principal"": 1, ""Lead"": 3}",82.63,68.68,54.2739342782811,84.56233251874953,62.65,85.07206060311107,78.77142087104248,79.97322556162698,67.88842892011687,6.982132752703703,1.005973701423349,4.545999117039057,True,137.1562348100639,True,6.828918056546713,81.13324768414161,9.158168542037776,0.8965039467174561,95.2072094148682,64.62,3.0842542672447344,Exceeded expectations,,True,Completed,2024-12-16,Budget Cut,2024-09-18,2024-05-05
TEAM683,Delta Crew,PRJ710,2024-08-12,Manual,EMP0601,"EMP1067,EMP1781,EMP0274,EMP0259,EMP0812,EMP017,EMP0466,EMP0457,EMP0601",9,"{""Marketing"": 3, ""SEO"": 5, ""Campaign"": 1}","{""Mid"": 5, ""Junior"": 1, ""Senior"": 3}",100.0,54.4,46.389741906742024,55.21329786201554,88.57,72.7604713791465,79.19582710972813,78.75958102980442,55.40281012649618,9.542483165817753,0.023279739937792084,7.386027109614287,,85.46243532118814,True,8.731735325003438,100.23235192556443,6.977223356724765,0.9984839298481657,73.5633972504645,57.58,1.0473986259679955,Strong execution,Need better docs,True,Completed,2024-06-29,Budget Cut,2024-08-12,2024-10-01
TEAM684,Alpha Crew,PRJ427,2023-04-29,Hybrid,EMP0621,"EMP0621,EMP0536,EMP0416",3,"{""Accountant"": 1, ""Finance"": 1, ""Controller"": 1}","{""Principal"": 2, ""Mid"": 1}",100.0,84.91,85.76542471992023,64.24913877866004,97.15,100.0,64.08666864063468,,74.44007176548506,9.546447860862145,2.0020198954758106,6.89754383793271,False,,,,,8.930975406281025,0.9892266014989495,100.7105348987397,48.41,0.9773815146130203,Great collaboration,Async communication worked well,True,Active,,,2023-04-29,2024-07-24
TEAM685,Sigma Crew,PRJ047,2024-05-19,Hybrid,EMP108,"EMP0878,EMP108,EMP1089",3,"{""Account"": 1, ""Sales"": 2}","{""Lead"": 1, ""Principal"": 1, ""Senior"": 1}",70.22,100.0,82.48478560750016,43.72934954727596,96.23,89.07070697429938,61.89271006018034,90.35212930966787,83.84247247211874,5.47617051751668,1.028485082901593,5.710148295541938,True,94.00914039906081,True,7.484712238556907,90.0398336835489,8.365457913156687,0.9917585175787474,65.63565745565734,57.17,2.1944193849915172,Exceeded expectations,,False,Completed,2024-04-09,Reorganization,2024-05-19,2024-03-18
TEAM686,Gamma Team,PRJ767,2025-03-17,Hybrid,EMP1152,"EMP1152,EMP1013,EMP0565,EMP0943,EMP0545",5,"{""UI"": 2, ""Graphic"": 2, ""UX"": 1}","{""Lead"": 2, ""Senior"": 1, ""Mid"": 2}",100.0,80.29,96.93929009532886,98.37646366244819,74.58,59.66428057778975,90.79211391162185,,68.09345177197346,7.550401795765064,0.1114427603899899,7.896315373561661,,,,,,8.164557138610377,1.2003727009891425,61.241109426188316,58.18,1.008386499713418,Exceeded expectations,,True,Active,,,2025-03-17,2024-10-19
TEAM687,Gamma Crew,PRJ088,2024-03-31,AI-Recommended,EMP017,"EMP088,EMP1186,EMP0950,EMP017,EMP0984,EMP1610,EMP194,EMP0601",8,"{""Marketing"": 2, ""Campaign"": 2, ""SEO"": 4}","{""Lead"": 1, ""Mid"": 5, ""Senior"": 2}",96.44,62.28,54.41840005434231,73.84344919311496,77.9,94.53800224438456,52.55494756920308,75.06292161376439,94.48816305561867,6.217522796456019,2.031096029310675,6.2458538153227545,True,116.49303493141127,True,8.212457765569026,79.8641080697312,9.873627728879931,0.8,71.85934196994185,59.61,0.9106049798700941,,,True,Completed,2024-04-12,Budget Cut,2024-03-31,2026-02-16
TEAM688,Beta Team,PRJ619,2023-05-15,Hybrid,EMP0478,"EMP1275,EMP1401,EMP0961,EMP0478,EMP182",5,"{""Senior"": 1, ""Team"": 1, ""Software"": 2, ""DevOps"": 1}","{""Senior"": 2, ""Mid"": 1, ""Lead"": 2}",100.0,83.95,29.851961929207736,76.42636252037096,67.58,77.12149107069341,65.64784843588461,65.49482648953256,63.16669718956344,8.293266695477273,0.9233852755820264,9.253657846861978,True,232.79776036398204,True,8.134183984936346,115.48289831144811,7.636785144111848,0.8924999208666141,87.97782071213389,45.93,5.0,Great collaboration,,False,Completed,2024-09-11,Budget Cut,2023-05-15,2024-07-06
TEAM689,Alpha Unit,PRJ087,2024-09-23,AI-Recommended,EMP1984,"EMP1984,EMP0595,EMP0541,EMP0310,EMP1725,EMP063,EMP0708",7,"{""HR"": 6, ""People"": 1}","{""Senior"": 4, ""Mid"": 1, ""Principal"": 1, ""Lead"": 1}",100.0,100.0,55.90501084970874,54.30442678589957,68.2,87.61532056469485,67.70788691041334,92.58533295680469,82.19121636321304,5.709418338626717,3.0,7.663027887049682,,192.64846890399198,True,6.5221012930386735,98.29145551996075,6.724836123151071,0.8861202641569663,104.99998357742143,51.57,2.8202223848520425,Communication issues resolved,Need better docs,True,Completed,2024-10-20,Budget Cut,2024-09-23,2025-01-22
TEAM690,Delta Team,PRJ811,2025-03-27,AI-Recommended,EMP1634,"EMP159,EMP0293,EMP0941,EMP1096,EMP069,EMP081,EMP1634,EMP1855,EMP0364",9,"{""Accountant"": 2, ""Financial"": 3, ""Finance"": 2, ""Controller"": 2}","{""Senior"": 5, ""Mid"": 2, ""Principal"": 2}",100.0,45.42,62.096163482016976,89.82499608913712,74.69,79.4532654518491,63.01564269239375,67.39467110133151,84.8965923844393,7.743447518792302,0.9814330989535486,8.53920682580015,,239.28373110922047,True,8.265632211582059,83.98223623519077,6.854099423339595,1.0129361387305702,73.92902380485512,71.27,3.0260225580101174,,Daily standups critical,True,Completed,2025-02-22,Project Complete,2025-03-27,2025-07-03
TEAM691,Gamma Unit,PRJ167,2024-12-19,Manual,EMP0473,"EMP1737,EMP0836,EMP0954,EMP0473,EMP1196,EMP0880",6,"{""Sales"": 1, ""Finance"": 2, ""Accountant"": 2, ""Financial"": 1}","{""Principal"": 2, ""Senior"": 3, ""Mid"": 1}",100.0,75.68,64.5069437303098,64.14274587008882,72.43,90.51470884929944,57.23500248901366,72.90576970467471,77.6470807377117,5.93776179530949,2.8924267323397927,5.550202652824932,True,108.26119176029093,True,9.967603681530829,109.07043185158726,6.627615877904567,0.9931292045838074,77.79281262517337,81.17,4.926464549981538,Communication issues resolved,Daily standups critical,True,Completed,2025-02-09,Reorganization,2024-12-19,2025-08-09
TEAM692,Sigma Crew,PRJ703,2024-02-10,Hybrid,EMP004,"EMP0544,EMP004,EMP0518",3,"{""DevOps"": 2, ""Team"": 1}","{""Senior"": 3}",99.63,48.32,83.45211847874509,44.00441406010459,63.6,89.20170268181236,62.61491934595363,90.58035598893169,83.98671109581943,5.602619422943973,1.0654288317289589,5.677463979754627,True,96.42637785679364,True,7.3754733658861475,88.67877332723107,8.457694911056985,1.0024608013893288,63.78527056699204,46.7,1.8081631701943164,Exceeded expectations,,False,Completed,2024-04-09,Reorganization,2024-02-10,2024-05-10
TEAM693,Delta Crew,PRJ971,2023-10-25,AI-Recommended,EMP1337,"EMP1460,EMP101,EMP1258,EMP1584,EMP0462,EMP1378,EMP1152,EMP1537,EMP1337",9,"{""UX"": 2, ""UI"": 4, ""Product"": 1, ""Graphic"": 2}","{""Junior"": 2, ""Senior"": 2, ""Mid"": 3, ""Lead"": 2}",100.0,64.14,100.0,83.07111837782135,73.69,98.41336264881812,55.36693101455793,77.37566139509788,62.26850986243897,8.013689739431202,0.993493959514586,6.437701710121457,True,47.82583790463467,True,7.998124801139469,104.56195791390783,8.360103924509815,0.892023848091805,75.74996106391352,52.53,0.0,Great collaboration,,True,Completed,2024-08-28,Budget Cut,2023-10-25,2026-04-15
TEAM694,Alpha Squad,PRJ146,2024-05-28,Hybrid,EMP0993,"EMP0309,EMP1195,EMP028,EMP148,EMP0941,EMP1343,EMP0738,EMP0993,EMP0346,EMP1799",10,"{""Account"": 2, ""Logistics"": 1, ""Finance"": 2, ""Accountant"": 3, ""Financial"": 2}","{""Lead"": 1, ""Principal"": 2, ""Senior"": 5, ""Junior"": 2}",100.0,58.97,71.66777438582567,81.86064721108187,78.3,79.19490007923224,91.31228651733784,63.80329959759875,93.70482738750246,7.768299117676941,3.0,5.2623377593787515,True,112.18824776904177,True,9.022651317958426,91.75897098066864,8.019162294406389,1.2005729720640637,104.41440089787046,47.45,5.0,Great collaboration,,True,Completed,2024-02-28,Project Complete,2024-05-28,2025-11-06
TEAM695,Alpha Force,PRJ063,2024-09-03,Hybrid,EMP0880,"EMP1498,EMP1059,EMP1238,EMP0564,EMP0320,EMP1292,EMP0672,EMP0880",8,"{""Financial"": 4, ""Finance"": 2, ""Accountant"": 2}","{""Mid"": 2, ""Senior"": 4, ""Principal"": 2}",93.34,57.73,61.32592637415195,84.23147988222179,74.95,72.43412412417676,64.59621677828572,75.98366083399867,68.59008202717924,6.347364116452419,0.0,5.582909847753457,True,165.35048542654448,True,7.559535155440397,95.15367712222347,8.221689577258614,0.803673614291737,90.27384413226848,71.11,4.031233941178601,Great collaboration,Clear roles helped,False,Completed,2025-07-20,Project Complete,2024-09-03,2024-08-28
TEAM696,Omega Unit,PRJ371,2025-01-13,Manual,EMP0880,"EMP0271,EMP0755,EMP0880,EMP1746,EMP1373,EMP0773",6,"{""Financial"": 3, ""Accountant"": 1, ""Finance"": 1, ""Controller"": 1}","{""Mid"": 4, ""Principal"": 2}",100.0,56.36,63.53228538035953,41.921198226148746,68.09,79.43330635619179,74.77535507053139,93.19370408404977,77.90307189023173,8.425269547821804,0.0,7.8002875236014635,True,177.25797394276617,True,7.564342146720239,93.30963726171106,7.684720624524382,0.9058437928739017,74.81428971937297,52.51,4.082450972730729,,Daily standups critical,True,Completed,2025-10-25,Budget Cut,2025-01-13,2025-01-07
TEAM697,Alpha Unit,PRJ750,2023-03-09,AI-Recommended,EMP0857,"EMP0857,EMP1737,EMP1235,EMP1030,EMP020,EMP1280,EMP1567,EMP093,EMP1113",9,"{""Logistics"": 3, ""Sales"": 1, ""Operations"": 4, ""Project"": 1}","{""Principal"": 2, ""Lead"": 3, ""Senior"": 3, ""Mid"": 1}",85.58,58.28,60.892622128813024,76.7434955108473,75.78,67.03331334552813,79.96038774679361,62.07679080939681,74.8648041854187,8.511338442678625,0.008127246515783677,6.085440810022517,True,350.4020508661773,True,6.760223119958021,98.14121884113794,,1.1042451489979526,95.15075883300081,62.09,3.9514300098447457,Great collaboration,Async communication worked well,True,Completed,2024-12-07,Project Complete,2023-03-09,2025-07-25
TEAM698,Beta Crew,PRJ366,2024-12-14,AI-Recommended,EMP0876,"EMP0892,EMP0641,EMP0876",3,"{""DevOps"": 1, ""Software"": 1, ""QA"": 1}","{""Senior"": 2, ""Mid"": 1}",67.26,100.0,69.55164698177519,77.97442625057535,88.11,78.27385561312319,51.15176057219093,72.31426743730941,77.45431766781036,7.566520349639967,2.976812960832604,7.716537648443582,True,54.76964544239725,True,5.515327893157463,99.01602621745522,6.742055497418102,1.1107169206089802,83.8389113611673,49.36,1.0422521420167068,Strong execution,,False,Completed,2024-05-26,Project Complete,2024-12-14,2024-09-07
TEAM699,Beta Team,PRJ925,2023-09-11,Hybrid,EMP0638,"EMP0638,EMP0643,EMP125,EMP1583,EMP0545",5,"{""Graphic"": 3, ""UI"": 2}","{""Lead"": 5}",96.6,31.76,30.322765546042817,78.12315789751548,53.47,77.21194252889121,66.43705195118358,65.07348128387966,63.1769186852696,8.304405455811333,0.9320650995492741,9.300998975077787,True,228.11272793983954,True,8.135520146237356,115.97010391725257,7.715726448708879,0.8916824494237937,88.00312777032396,55.25,5.0,Great collaboration,,False,Completed,2024-09-11,Budget Cut,2023-09-11,2024-03-27
TEAM700,Beta Squad,PRJ496,2024-06-29,Hybrid,EMP1676,"EMP0955,EMP134,EMP1676",3,"{""HR"": 1, ""Logistics"": 1, ""Operations"": 1}","{""Principal"": 1, ""Lead"": 2}",75.1,89.65,88.2107634942883,94.92159966840504,90.47,73.693806200524,34.132199566658635,86.66688368102375,83.63422427673613,6.292826970814804,2.0344077169443917,7.778927372257165,True,213.75087178495932,True,6.521593233083767,114.26772289520117,5.6529612230965185,0.8011958293496633,114.80123231632327,41.37,0.9596752229323442,Exceeded expectations,,True,Completed,2024-07-07,Budget Cut,2024-06-29,2026-04-29
TEAM701,Sigma Force,PRJ187,2023-10-21,Hybrid,EMP139,"EMP1015,EMP0204,EMP1907,EMP0937,EMP139,EMP0538,EMP0990",7,"{""QA"": 3, ""Team"": 1, ""Senior"": 3}","{""Senior"": 2, ""Mid"": 3, ""Lead"": 2}",100.0,64.65,52.85962204773483,91.27649882639167,65.07,96.58626455300035,65.05367556418216,100.0,62.58512561237214,6.715078718426171,0.029481525388777186,6.979543607033282,True,359.6062282462428,True,7.7427801842114405,87.95921866142,6.410592068678329,0.8,115.01484301047068,29.65,2.0663113949384893,Communication issues resolved,Async communication worked well,True,Completed,2025-06-04,Project Complete,2023-10-21,2025-05-22
TEAM702,Gamma Squad,PRJ712,2024-07-31,Manual,EMP1926,"EMP1926,EMP073,EMP1068,EMP0526,EMP1900,EMP0437",6,"{""People"": 2, ""Recruiter"": 1, ""HR"": 3}","{""Principal"": 2, ""Lead"": 1, ""Senior"": 3}",94.47,81.62,63.58489179176464,78.13361328191596,71.67,84.89439561381752,83.07049812907218,72.1889921353046,89.37580674475564,6.844384353914189,3.0,7.364194570314792,True,152.91214933083322,True,6.495840707830158,115.83455016611217,7.328538818617123,1.2898289311961801,95.4595950690567,59.08,1.0092025574438366,Great collaboration,Daily standups critical,True,Completed,2024-09-18,Reorganization,2024-07-31,2025-04-17
TEAM703,Delta Unit,PRJ539,2023-12-24,Manual,EMP065,"EMP1512,EMP065,EMP0899,EMP0836,EMP0536,EMP0672,EMP0711,EMP1238,EMP0303",9,"{""HR"": 1, ""Accountant"": 3, ""Finance"": 3, ""Financial"": 2}","{""Principal"": 3, ""Junior"": 1, ""Senior"": 3, ""Mid"": 2}",100.0,62.15,58.21843605275927,71.06016655989092,72.82,93.946520983773,72.02267334801452,94.8820872415629,82.65914707187432,7.134633521042599,0.0038653475828723015,6.506639523965653,True,249.66966177784536,True,9.99124568088656,93.08456019979316,7.877054815906083,1.0130278911839505,88.16286675709881,53.13,4.997873643463022,,,True,Completed,2024-03-01,Project Complete,2023-12-24,2025-04-30
TEAM704,Gamma Squad,PRJ677,2023-07-08,Manual,EMP023,"EMP023,EMP049,EMP1104,EMP0286",4,"{""UI"": 2, ""Graphic"": 2}","{""Lead"": 2, ""Senior"": 2}",99.58,76.98,51.06610845595677,60.28582799977082,100.0,97.26965486110745,81.15348570462601,80.23681708811806,59.9102070522211,7.746979589399816,2.9898286795550626,7.194891088975433,True,124.17532505038326,True,6.337835592811623,88.05189204249041,7.642222955585046,1.1067880814753688,86.83160800683709,57.08,0.9250570204311547,Strong execution,,True,Completed,2024-02-10,Reorganization,2023-07-08,2024-06-29
TEAM705,Sigma Force,PRJ588,2024-01-12,Manual,EMP1505,"EMP0419,EMP1505,EMP0424,EMP1797",4,"{""SEO"": 2, ""Marketing"": 1, ""Campaign"": 1}","{""Mid"": 2, ""Lead"": 1, ""Senior"": 1}",97.47,93.27,75.57022408034885,71.21148630074212,88.92,99.949139990756,73.30521716856816,79.7155395042442,63.43299963729602,7.675283109580002,3.0,6.6189099408480425,True,199.69851837839605,True,7.844863164264721,99.04300537208226,6.443330093008563,0.8956720770804386,87.76390199345465,33.79,0.06239405485984163,,Daily standups critical,True,Completed,2025-01-07,Project Complete,2024-01-12,2025-11-03
TEAM706,Alpha Unit,PRJ853,2023-04-02,AI-Recommended,EMP1657,"EMP1657,EMP1801,EMP1423,EMP0302,EMP142,EMP1434,EMP0664,EMP1345,EMP1567",9,"{""Logistics"": 1, ""Sales"": 1, ""Operations"": 6, ""Project"": 1}","{""Principal"": 2, ""Senior"": 3, ""Mid"": 2, ""Lead"": 2}",100.0,67.68,61.7843910713138,76.25538790814508,61.18,66.26142224289404,79.49775864287501,62.91753910205034,76.6821946851139,8.622436600281606,0.0,6.065170205826753,True,351.57827091561495,True,6.820813124593451,97.6785322235049,,1.1124629113123485,95.1044068473827,63.64,3.9655642908743807,Great collaboration,Async communication worked well,True,Completed,2024-12-07,Project Complete,2023-04-02,2025-10-30
TEAM707,Alpha Crew,PRJ867,2025-01-09,AI-Recommended,EMP088,"EMP1791,EMP1843,EMP0601,EMP135,EMP0733,EMP088,EMP1218,EMP1863,EMP0722",9,"{""SEO"": 3, ""Marketing"": 4, ""Campaign"": 2}","{""Mid"": 2, ""Junior"": 2, ""Senior"": 4, ""Lead"": 1}",99.06,69.52,79.8466803277934,63.339628535268545,91.25,65.73407137683121,79.07754015979408,93.88353413734417,65.41224131437157,6.8085972567429085,0.9842561556458607,8.390823115447484,True,192.332755979219,False,6.026174261738975,103.18709463300134,9.97476019831355,0.994161588059942,92.83133580820419,49.81,0.03895428022759841,Exceeded expectations,Daily standups critical,True,Completed,2024-11-29,Project Complete,2025-01-09,2024-11-26
TEAM708,Sigma Unit,PRJ652,2024-11-08,AI-Recommended,EMP1760,"EMP0760,EMP1760,EMP069,EMP0473,EMP0416,EMP0621",6,"{""Accountant"": 3, ""Controller"": 2, ""Finance"": 1}","{""Principal"": 4, ""Senior"": 2}",90.81,47.89,36.55118320883352,77.7117219068054,86.41,81.43917584998391,82.50197455177333,89.3657653478977,81.22640959762114,7.583092920404741,3.0,8.223831637189189,True,261.6153212525074,True,7.217173020266142,92.21096022096438,7.618805857713368,0.8,93.52888298787815,68.31,2.0021870228416825,Communication issues resolved,,False,Completed,2025-04-21,Reorganization,2024-11-08,2024-08-28
TEAM709,Beta Unit,PRJ897,2022-12-27,AI-Recommended,EMP065,"EMP065,EMP1436,EMP1573,EMP0627,EMP1800,EMP200,EMP028,EMP1078",8,"{""Accountant"": 3, ""Financial"": 2, ""Finance"": 2, ""Controller"": 1}","{""Principal"": 3, ""Mid"": 2, ""Senior"": 2, ""Junior"": 1}",100.0,61.73,49.335228027854356,70.19654696867791,56.96,76.02287769689991,47.231515317629054,66.8686199723787,75.90906090656384,8.063226455705367,2.115719207676494,7.724987869608888,True,330.62618979818535,True,9.243654592536451,100.42520203632465,7.508950577079695,0.8946254239921074,84.62081048633921,60.46,5.0,Communication issues resolved,Clear roles helped,True,Completed,2024-06-12,Reorganization,2022-12-27,2025-11-04
TEAM710,Alpha Force,PRJ239,2025-06-07,AI-Recommended,EMP1520,"EMP0978,EMP108,EMP0783,EMP066,EMP0692,EMP1028,EMP1520,EMP1730,EMP1657,EMP0936",10,"{""Logistics"": 3, ""Sales"": 3, ""Business"": 3, ""Account"": 1}","{""Lead"": 4, ""Principal"": 3, ""Senior"": 3}",84.45,45.93,98.30997420559873,78.26194940488071,79.79,74.41524060282494,55.486184141503685,70.99972210800541,72.21574832643884,7.912394098644928,1.9970440906921176,8.982977051692696,True,157.06180427868603,True,6.368156995416576,92.56723253532759,7.191775339100576,0.8987700250298252,50.0,70.21,0.9371361214634654,Communication issues resolved,Async communication worked well,,Completed,2025-03-24,Project Complete,2025-06-07,2024-11-03
TEAM711,Omega Team,PRJ820,2024-01-20,Hybrid,EMP1607,"EMP1349,EMP100,EMP1607,EMP1049,EMP0252",5,"{""Graphic"": 2, ""UX"": 1, ""UI"": 2}","{""Lead"": 2, ""Mid"": 1, ""Senior"": 2}",100.0,88.98,80.3822431332971,68.97922926430037,59.74,82.98222375657626,65.61243968013673,38.23329774011243,87.58870114437894,5.532120281974752,0.0,6.3870984554841135,True,118.84506060120327,False,8.28096981589508,87.31095317682062,5.832216090710365,1.0886752184468274,107.20842295813357,63.17,1.992539524833482,Exceeded expectations,Daily standups critical,True,Completed,2024-06-28,Project Complete,2024-01-20,2025-11-21
TEAM712,Alpha Squad,PRJ891,2023-08-21,Hybrid,EMP0857,"EMP0760,EMP0936,EMP0243,EMP1824,EMP0857",5,"{""Accountant"": 1, ""Logistics"": 2, ""Operations"": 2}","{""Principal"": 3, ""Lead"": 2}",100.0,49.45,40.7531991788923,68.04652344462443,53.09,76.98326688938711,62.36995074442157,84.45999954093473,59.42138482015462,8.243439138792024,2.1017894486386752,7.140469164916031,True,248.34537846430766,True,4.8,92.3238246386943,7.76555200950419,1.1012575981975705,66.96999526474629,60.64,3.05814075083923,Communication issues resolved,Daily standups critical,True,Completed,2024-03-04,Budget Cut,2023-08-21,2025-06-28
TEAM713,Sigma Unit,PRJ479,2023-07-08,Hybrid,EMP0994,"EMP1737,EMP1425,EMP1365,EMP0994",4,"{""Sales"": 1, ""Logistics"": 3}","{""Principal"": 2, ""Lead"": 2}",100.0,73.78,84.37358147404329,69.71685207584352,84.3,64.16358723849419,91.31904517288733,95.94338611707511,95.06174646680378,7.066800887664626,3.0,8.517827954035065,True,307.6508061607381,False,6.36428347751028,109.13107116616284,8.440952116466963,0.8,83.11173795843122,74.6,0.9603001078731492,,Async communication worked well,,Completed,2025-01-13,Budget Cut,2023-07-08,2025-08-06
TEAM714,Gamma Team,PRJ926,2024-01-05,Manual,EMP1749,"EMP0832,EMP1749,EMP1587,EMP1616,EMP0557,EMP1665",6,"{""SEO"": 3, ""Marketing"": 1, ""Campaign"": 2}","{""Junior"": 1, ""Senior"": 3, ""Lead"": 1, ""Mid"": 1}",92.46,100.0,52.33549821884454,66.61991742758804,84.12,64.48571799458749,78.62582450834135,93.4297704099573,75.6521200330224,4.786709678131684,0.0,7.656544005986777,True,166.81920111726868,True,6.069262645187331,97.58303287714787,5.688000813035286,1.1958888507994034,73.52698681785164,40.05,0.8414543016302984,Exceeded expectations,Daily standups critical,False,Completed,2024-11-14,Reorganization,2024-01-05,2025-04-06
TEAM715,Alpha Unit,PRJ791,2024-12-13,Hybrid,EMP1100,"EMP0684,EMP1514,EMP0569,EMP1100,EMP0300,EMP1607,EMP1081",7,"{""UI"": 2, ""Graphic"": 5}","{""Lead"": 3, ""Junior"": 1, ""Senior"": 2, ""Mid"": 1}",100.0,85.31,74.2741543016482,99.67168712990411,75.86,61.87309684994141,74.16569606030404,73.52446928861133,65.92758198310945,7.922524915799528,3.0,8.14615345366432,True,179.3314827784547,True,6.204717892182992,90.06427997645415,9.602787859020907,0.8,57.63542561320287,59.18,3.9910955773586814,Strong execution,Clear roles helped,True,Completed,2025-08-31,Project Complete,2024-12-13,2024-11-05
TEAM716,Delta Squad,PRJ726,2025-03-18,AI-Recommended,EMP1296,"EMP074,EMP0997,EMP1296",3,"{""Campaign"": 1, ""SEO"": 2}","{""Mid"": 1, ""Senior"": 2}",85.3,100.0,66.75300251792967,94.58425873398937,79.68,93.01757827433295,98.0,63.89900927767409,56.210740913531815,5.668346373983674,2.910355500362688,8.5942825124962,True,198.20592286043205,False,8.460963870587015,109.48918242681063,6.8212086407631745,1.1084391672390708,81.75221527054383,55.89,0.0,,Clear roles helped,True,Completed,2024-12-16,Project Complete,2025-03-18,2024-11-27
TEAM717,Alpha Unit,PRJ665,2025-04-09,Hybrid,EMP0727,"EMP022,EMP0885,EMP0727,EMP1848,EMP0808,EMP0335",6,"{""Product"": 1, ""UI"": 4, ""UX"": 1}","{""Lead"": 3, ""Senior"": 2, ""Junior"": 1}",96.36,67.33,68.90550878402989,81.95899695548069,70.86,82.51140355465677,88.59423964288194,79.37279255811428,79.1205985231727,8.020440313391587,2.0855635351842725,7.689260217407239,True,300.4245374758031,False,7.589799001586336,97.63452697234638,9.555412844760035,0.9038568384965323,82.60070635984141,51.61,0.06043048938719263,Great collaboration,Clear roles helped,True,Completed,2026-01-25,Budget Cut,2025-04-09,2025-03-13
TEAM718,Omega Squad,PRJ605,2024-12-14,Manual,EMP1719,"EMP0654,EMP1365,EMP0241,EMP1719,EMP1684,EMP1810,EMP171,EMP1439,EMP1125",9,"{""Sales"": 3, ""Logistics"": 1, ""Account"": 1, ""Business"": 3, ""Product"": 1}","{""Principal"": 2, ""Lead"": 6, ""Senior"": 1}",96.09,54.46,68.33269755922774,75.58328882316825,95.87,55.75489389945565,70.64398397650743,93.67890732803833,71.79027945391,6.954685738325076,0.010602290355715329,6.243281925206837,True,137.0312878490635,True,10.0,97.24123786420583,7.030376316162812,1.1955181504386465,93.870115888565,61.14,1.020588016124437,Strong execution,Clear roles helped,False,Completed,2025-06-02,Project Complete,2024-12-14,2025-08-02
TEAM719,Sigma Unit,PRJ214,2023-07-29,AI-Recommended,EMP0924,"EMP0924,EMP051,EMP1794",3,"{""Business"": 1, ""Sales"": 1, ""Logistics"": 1}","{""Lead"": 2, ""Principal"": 1}",100.0,97.55,31.91604085326922,56.17078382598524,78.06,85.39197748202844,50.40774560188453,69.11225478903324,68.4351849431154,7.865248281666953,1.0005679523942965,7.094465927023463,True,118.98282856183701,True,8.66690634357617,96.47379752312463,6.494915918715248,0.9964677950321459,95.14068452593756,82.08,1.121027049597895,Communication issues resolved,Need better docs,True,Completed,2024-03-02,Budget Cut,2023-07-29,2025-10-16
TEAM720,Omega Team,PRJ071,2023-06-26,Hybrid,EMP1960,"EMP1960,EMP0454,EMP074",3,"{""Campaign"": 3}","{""Senior"": 1, ""Mid"": 2}",100.0,81.15,64.59356802571696,58.314611986526586,63.81,57.18822398853189,98.0,68.48013164733449,84.83091729031894,7.539021553842761,2.0371523183943583,5.719197559692152,True,310.40211625001496,False,7.080320570579931,95.75132107999792,7.935371692101575,1.1946832982923474,95.55580997737066,34.02,1.8462371634765975,,,True,Completed,2024-10-07,Project Complete,2023-06-26,2025-10-28
TEAM721,Gamma Unit,PRJ818,2023-05-15,Hybrid,EMP1112,"EMP063,EMP038,EMP1398,EMP1408,EMP0392,EMP1112",6,"{""HR"": 3, ""People"": 1, ""Recruiter"": 2}","{""Senior"": 3, ""Lead"": 3}",100.0,43.72,74.91253587296112,72.14001672112497,70.36,85.08546222167713,90.73741072123151,72.07009941634047,83.34885143575708,8.135700677215338,3.0,6.7283882164677955,True,185.2718970919401,True,7.640704363003374,96.06005684223365,7.918758961995403,1.3,97.98417595347877,50.96,1.098314366850841,Great collaboration,,True,Completed,2024-05-15,Project Complete,2023-05-15,2025-02-04
TEAM722,Beta Unit,PRJ445,2023-04-21,Manual,EMP1137,"EMP1137,EMP1243,EMP0826,EMP0879,EMP1376,EMP1893,EMP0744",7,"{""Recruiter"": 4, ""HR"": 2, ""People"": 1}","{""Lead"": 4, ""Senior"": 2, ""Mid"": 1}",100.0,62.23,47.92135547875479,83.13477478447216,69.74,80.4526149807686,58.169327564586744,68.98657144714777,80.87123306676567,8.0054153032898,3.0,6.262237052997689,True,312.36572344682224,True,6.448808015924828,107.02881274657207,8.226353322984671,0.9994794552672146,79.59039148355217,57.34,2.8785103109829664,Communication issues resolved,,True,Completed,2024-11-06,Budget Cut,2023-04-21,2024-12-29
TEAM723,Sigma Crew,PRJ108,2023-11-09,Hybrid,EMP1994,"EMP1994,EMP079,EMP1252",3,"{""Recruiter"": 3}","{""Lead"": 3}",64.42,51.33,83.7074497524291,44.1141281577752,49.33,89.57688036902591,62.847688278630116,90.41954635079941,83.92818164173283,5.594330469004012,1.0344718298244193,5.704435137526225,True,96.49864761629335,True,7.376126567860829,89.11327992910022,8.44289136329575,1.0116950450902842,64.94192072131145,67.13,1.8193460831622306,Exceeded expectations,,False,Completed,2024-04-09,Reorganization,2023-11-09,2024-08-26
TEAM724,Omega Unit,PRJ087,2023-06-30,Hybrid,EMP0277,"EMP0437,EMP1382,EMP0277,EMP0999,EMP1447,EMP1353,EMP1314",7,"{""HR"": 4, ""Recruiter"": 3}","{""Senior"": 3, ""Lead"": 4}",100.0,44.88,76.301748655797,92.74216088179581,74.63,86.81571480144314,82.29351838779759,78.91982239103415,89.18769147165692,8.235118592792558,3.0,7.8414891382505845,True,34.99799106552093,False,8.333316060519504,91.31805025105744,7.739829097917383,1.094889731852531,66.82968748092335,67.22,1.0193354583136696,Strong execution,Need better docs,True,Completed,2024-01-22,Reorganization,2023-06-30,2025-03-30
TEAM725,Alpha Crew,PRJ394,2023-11-18,Manual,EMP1183,"EMP197,EMP0848,EMP1080,EMP1149,EMP1183,EMP0811,EMP0307,EMP1067,EMP1021",9,"{""Campaign"": 3, ""Marketing"": 4, ""SEO"": 2}","{""Senior"": 3, ""Mid"": 4, ""Lead"": 1, ""Junior"": 1}",100.0,72.97,71.83417331818414,90.42750338484414,77.86,61.137178417242154,56.75791389611192,77.02873632251183,96.69432066496003,8.786004798420793,0.0,5.705064229884664,True,44.92988774847166,True,9.686568997770246,112.05619816253382,7.9930768637729654,0.8009692347521061,83.12080078105353,40.37,0.8826319729656659,Great collaboration,Async communication worked well,True,Completed,2024-03-28,Project Complete,2023-11-18,2025-07-19
TEAM726,Gamma Crew,PRJ702,2025-07-15,Manual,EMP0891,"EMP1308,EMP1869,EMP0242,EMP1792,EMP1027,EMP1409,EMP0619,EMP0891,EMP0246",9,"{""Account"": 1, ""Business"": 3, ""Sales"": 5}","{""Mid"": 2, ""Lead"": 5, ""Principal"": 2}",85.96,51.22,86.45092136793215,74.57750056250093,68.94,100.0,65.02349857951877,67.90140526249107,92.62335789036409,8.08005864295189,1.010759844477592,7.0589901782404505,True,255.91238525307935,True,6.89264930026247,109.36467237110534,8.274482853425797,1.100420361298351,82.25188902402641,71.15,5.0,Exceeded expectations,Daily standups critical,False,Completed,2026-01-02,Budget Cut,2025-07-15,2025-01-28
TEAM727,Gamma Unit,PRJ974,2024-06-25,Manual,EMP1027,"EMP0512,EMP065,EMP0909,EMP0396,EMP006,EMP0648,EMP0313,EMP1027,EMP119",9,"{""Logistics"": 1, ""Accountant"": 1, ""Business"": 1, ""Sales"": 4, ""Account"": 1, ""QA"": 1}","{""Principal"": 2, ""Mid"": 2, ""Lead"": 4, ""Senior"": 1}",95.69,75.93,65.41549781590722,90.65087072837942,69.73,61.32989719439748,57.95547202040696,55.4407045753542,95.26764886173511,5.748482807862454,2.9660196759970114,8.307282802671109,True,198.3247911846844,True,9.396001947556034,84.22325331130521,7.137829295458965,0.8027530343289125,100.4932475186136,62.26,0.904873938403324,,Clear roles helped,True,Completed,2025-02-19,Reorganization,2024-06-25,2026-03-12
TEAM728,Beta Team,PRJ836,2023-12-20,Hybrid,EMP0774,"EMP1486,EMP0930,EMP047,EMP0662,EMP0922,EMP0774,EMP0961,EMP0895",8,"{""Software"": 5, ""DevOps"": 1, ""Senior"": 2}","{""Lead"": 4, ""Mid"": 4}",100.0,37.76,54.75475566811141,73.11021054141781,73.4,75.94078286944945,87.50692947921912,89.82334474022345,99.35373333740485,5.487172258549362,0.0,7.640777843238443,,290.08834004772723,True,7.975360156557499,93.16049008255871,9.266194161195349,0.8053996161743207,67.24482665310877,62.48,5.0,Strong execution,Daily standups critical,True,Completed,2025-06-20,Reorganization,2023-12-20,2024-06-13
TEAM729,Omega Force,PRJ679,2024-04-26,AI-Recommended,EMP088,"EMP1788,EMP088,EMP0454",3,"{""Content"": 1, ""Marketing"": 1, ""Campaign"": 1}","{""Mid"": 2, ""Lead"": 1}",69.55,100.0,57.26261952993463,71.19333942936852,77.06,83.70457647485688,38.55592843208329,95.57047258251151,58.8064525765951,7.439124853160382,0.05311344794767223,7.61760355860639,True,321.16638251960586,False,9.950638221571815,115.95513157176694,7.480068562869922,1.3,71.02200735957629,41.07,0.8846024315117043,Great collaboration,Async communication worked well,False,Completed,2025-11-20,Budget Cut,2024-04-26,2025-03-09
TEAM730,Omega Crew,PRJ425,2023-11-17,Manual,EMP1408,"EMP0970,EMP1408,EMP1926",3,"{""Recruiter"": 1, ""HR"": 1, ""People"": 1}","{""Lead"": 2, ""Principal"": 1}",100.0,97.08,65.32834330337705,56.05314114236096,76.47,69.84059198065617,62.376000217236545,65.36857187470659,88.53136644664352,7.408389727659531,1.8840417829869747,5.435077748108885,True,71.04825101924969,False,8.920228269541617,99.38773790270493,7.822372698409789,0.8,77.26774649382644,47.02,0.0,Exceeded expectations,Need better docs,False,Completed,2023-12-07,Budget Cut,2023-11-17,2024-04-15
TEAM731,Beta Team,PRJ943,2024-06-19,Hybrid,EMP0638,"EMP1572,EMP1374,EMP1337,EMP0638,EMP1758",5,"{""UI"": 3, ""Graphic"": 2}","{""Lead"": 3, ""Mid"": 1, ""Senior"": 1}",100.0,65.37,29.73383031594132,77.21975564986415,65.62,78.40752775412382,65.77147305748676,65.93847960243221,63.44926152846792,8.28092463509212,1.079213244075161,9.361425435304346,True,230.84831078979354,True,8.105700430201589,115.14886071857265,7.655023202105365,0.9003921287581583,88.56573556389651,75.43,4.958190669018469,Great collaboration,,False,Completed,2024-09-11,Budget Cut,2024-06-19,2024-05-29
TEAM732,Omega Squad,PRJ132,2024-06-16,Manual,EMP0556,"EMP1068,EMP0671,EMP0392,EMP0556,EMP013,EMP1940,EMP0464,EMP076",8,"{""Recruiter"": 4, ""HR"": 3, ""People"": 1}","{""Lead"": 5, ""Senior"": 1, ""Mid"": 2}",100.0,55.56,82.98180328156512,82.75348283951328,62.44,91.22798662125152,93.53656371008185,65.72248485827349,84.80554598287209,7.599817107002375,0.9712267987069624,8.292984802788562,True,99.1626235671934,False,8.436267727128419,99.0482270265519,9.912019923348357,1.0003179419888186,86.15753215758319,54.38,1.9724850755233094,Communication issues resolved,Daily standups critical,False,Completed,2025-06-16,Budget Cut,2024-06-16,2026-01-15
TEAM733,Gamma Unit,PRJ607,2024-09-22,Manual,EMP1112,"EMP1672,EMP0988,EMP1175,EMP0333,EMP1704,EMP1112",6,"{""Recruiter"": 3, ""People"": 1, ""HR"": 2}","{""Lead"": 2, ""Senior"": 2, ""Mid"": 2}",100.0,69.21,66.07452314741317,64.60876424002856,83.31,90.92257017299451,57.99854964655986,72.90740375085628,76.50783920206972,6.104342836538592,3.0,5.447573930460652,True,121.89875261155399,True,10.0,109.29847854421267,6.5248536093184955,1.002091342315372,78.15214900367023,44.06,4.947951611292354,Communication issues resolved,Daily standups critical,True,Completed,2025-02-09,Reorganization,2024-09-22,2025-02-25
TEAM734,Alpha Team,PRJ456,2023-01-28,Manual,EMP1663,"EMP1465,EMP1499,EMP1663,EMP0928,EMP0626,EMP1510,EMP1029,EMP1433",8,"{""DevOps"": 2, ""QA"": 1, ""Senior"": 1, ""Software"": 1, ""Team"": 3}","{""Senior"": 4, ""Mid"": 3, ""Junior"": 1}",100.0,60.77,62.125387914747634,55.95738447443482,62.83,77.5040994857888,51.01200230662635,88.92283926129117,76.1234336114305,5.901793824687324,1.9696848568916512,7.770720219649144,,175.73941594786652,True,7.730739010616249,107.64134593484059,6.313977817202417,1.10346829209205,98.36375096194784,28.53,0.9097633775178056,Exceeded expectations,,True,Completed,2023-12-14,Budget Cut,2023-01-28,2025-05-08
TEAM735,Gamma Force,PRJ792,2024-10-18,AI-Recommended,EMP0273,"EMP0283,EMP0336,EMP1583,EMP0968,EMP0630,EMP0779,EMP0273",7,"{""UI"": 6, ""UX"": 1}","{""Mid"": 5, ""Lead"": 1, ""Senior"": 1}",100.0,70.87,73.14580541388453,79.96675659575114,63.44,81.90648912217053,75.75076259198497,73.35126497337089,88.98688554332983,6.40525806772612,0.8991533224344024,8.587301993720027,True,221.5640629701968,False,8.667511072002902,97.46863519948258,8.808763987504799,1.0099573925246876,91.52355714266542,57.49,1.9576089816182747,,,True,Completed,2025-02-22,Project Complete,2024-10-18,2025-02-11
TEAM736,Omega Force,PRJ957,2023-04-04,AI-Recommended,EMP1036,"EMP0638,EMP1036,EMP132,EMP1352,EMP1554",5,"{""Graphic"": 2, ""UI"": 3}","{""Lead"": 2, ""Senior"": 3}",100.0,55.2,74.93326657080897,78.42493684066652,92.27,76.49358579382854,75.00788549048337,60.81779158049981,46.77102978249212,7.295308691865606,0.006451138484587026,7.414904377994253,True,43.5704154706601,True,7.657990097107631,93.53596066563678,7.583429320316011,1.0981341631050565,74.30282013665864,67.95,0.8512152685784826,Strong execution,,True,Completed,2023-10-05,Project Complete,2023-04-04,2024-12-16
TEAM737,Delta Team,PRJ673,2025-10-04,Hybrid,EMP0416,"EMP1299,EMP0880,EMP0416",3,"{""Finance"": 1, ""Accountant"": 1, ""Controller"": 1}","{""Senior"": 1, ""Principal"": 2}",94.43,92.15,86.4184856240872,70.03764201697223,86.12,80.26102541170354,61.55924155252791,97.76116977215626,80.70584814517335,6.827295385099922,2.0564458804753905,8.348299934311884,True,344.63779959843737,True,6.6492064794879315,105.90092263765968,9.248094979452931,0.9154796732013442,74.21808000505158,87.1,1.9463229281983028,Great collaboration,,True,Completed,2025-11-18,Budget Cut,2025-10-04,2025-03-31
TEAM738,Omega Crew,PRJ835,2024-09-25,Hybrid,EMP055,"EMP1244,EMP0921,EMP1794,EMP055,EMP1567,EMP0272,EMP1435,EMP0645",8,"{""Logistics"": 4, ""Operations"": 4}","{""Lead"": 4, ""Principal"": 1, ""Senior"": 3}",100.0,58.59,67.95346061583457,62.23295070732801,72.35,89.93903594973081,73.52634976991865,88.80716632793806,86.3518920644683,7.751210722491305,2.8809059472525886,6.741233783276309,True,158.60833367383594,True,7.936612667564766,110.0603644158348,8.50450498145476,1.0031631991134873,90.6652109666828,67.7,0.0,Communication issues resolved,,,Completed,2025-07-21,Reorganization,2024-09-25,2024-09-22
TEAM739,Alpha Unit,PRJ022,2025-11-17,Manual,EMP0212,"EMP0734,EMP0212,EMP074,EMP1805,EMP130,EMP0600,EMP0911,EMP1724,EMP1055",9,"{""Campaign"": 2, ""Marketing"": 5, ""SEO"": 2}","{""Mid"": 5, ""Lead"": 1, ""Junior"": 2, ""Senior"": 1}",100.0,74.98,61.863528908366284,87.30035306072634,85.24,46.82531408406758,91.69719515267543,84.9034004883733,89.23812382175068,5.652448367771949,1.8888331169246102,7.129449818775284,True,273.5345774361564,True,9.079468423112033,125.01320136792587,8.05283227765546,1.3,70.82058987965476,62.14,5.0,Strong execution,Async communication worked well,True,Completed,2025-12-13,Project Complete,2025-11-17,2025-03-29
TEAM740,Delta Squad,PRJ485,2023-10-02,Manual,EMP1104,"EMP022,EMP1349,EMP1104,EMP1106",4,"{""Product"": 1, ""Graphic"": 1, ""UI"": 2}","{""Lead"": 2, ""Senior"": 2}",98.49,80.25,97.96617023339587,61.59888595742565,77.36,48.37644615385706,71.87871211066079,64.08555907931797,94.2804194087372,5.311994355218472,2.0046640330941266,7.591774294575914,True,318.12706710138644,True,5.967255103664453,103.35129178461197,8.328506764662322,0.8999219408640207,68.24917198457416,74.13,4.925830703342823,Great collaboration,Daily standups critical,True,Completed,2024-05-12,Reorganization,2023-10-02,2024-05-16
TEAM741,Delta Squad,PRJ144,2024-03-06,Hybrid,EMP1775,"EMP0478,EMP1462,EMP1156,EMP151,EMP1965,EMP0328,EMP0327,EMP1029,EMP141,EMP1775",10,"{""Software"": 2, ""Senior"": 1, ""DevOps"": 2, ""Team"": 5}","{""Lead"": 3, ""Mid"": 6, ""Senior"": 1}",100.0,46.54,59.66364731415311,91.52385593784726,70.76,92.62541340286786,78.02075108305647,77.92450742600047,83.16164951991622,7.1204622170832765,0.03131141240159082,6.56018134131638,True,258.71394116985635,False,7.946582781773007,107.19542085729826,7.5001903725046155,0.8,93.78782083308054,24.88,1.0557756470267208,Great collaboration,Daily standups critical,False,Completed,2024-05-18,Reorganization,2024-03-06,2025-08-24
TEAM742,Gamma Force,PRJ743,2024-08-28,Manual,EMP0484,"EMP0249,EMP1722,EMP1252,EMP1725,EMP0484,EMP1205",6,"{""People"": 3, ""Recruiter"": 1, ""HR"": 2}","{""Principal"": 2, ""Senior"": 3, ""Lead"": 1}",100.0,57.46,78.55147683315838,71.23305450782519,77.04,94.84848864838966,75.86317129935195,80.51666360944861,73.3695664415341,5.891922529367195,0.0,7.710237114927255,True,205.07342846700996,True,7.613235886443076,99.29035200923113,7.5024211474133535,1.1953298418893763,91.30539420879124,72.87,0.0,Communication issues resolved,Daily standups critical,True,Completed,2025-06-02,Reorganization,2024-08-28,2025-07-11
TEAM743,Omega Squad,PRJ408,2024-05-19,Hybrid,EMP0542,"EMP063,EMP0542,EMP1940",3,"{""HR"": 2, ""People"": 1}","{""Senior"": 2, ""Lead"": 1}",100.0,100.0,88.49367509364252,63.55986028259818,63.78,94.60776185017747,79.3732388501563,55.58640493969708,50.509905279035785,5.627404143445525,2.0864659847076026,7.782335291031431,True,68.87856629277074,True,6.7034903596876,85.14515063143165,9.036526697587737,1.1008068495974779,93.21512765830045,76.23,4.01173484719207,Strong execution,,False,Completed,2025-02-04,Project Complete,2024-05-19,2025-08-19
TEAM744,Omega Force,PRJ743,2025-01-20,Manual,EMP1864,"EMP1447,EMP1994,EMP1243,EMP1864,EMP0676",5,"{""Recruiter"": 3, ""People"": 1, ""HR"": 1}","{""Lead"": 3, ""Principal"": 1, ""Senior"": 1}",100.0,93.88,49.98177634955217,74.4279838214674,58.82,82.33280304550794,70.88905651436411,90.36172980201246,73.36713136925461,6.808385111790363,0.0,6.496437580253188,,335.3128137261516,True,8.725828779451371,96.775853088042,8.21906685435182,1.191326711975544,75.64508351532587,76.27,0.0,,,True,Completed,2025-03-24,Reorganization,2025-01-20,2025-08-08
TEAM745,Gamma Team,PRJ149,2026-02-24,Hybrid,EMP1676,"EMP0332,EMP025,EMP1676,EMP0512,EMP1232",5,"{""Operations"": 3, ""Project"": 1, ""Logistics"": 1}","{""Senior"": 2, ""Lead"": 2, ""Principal"": 1}",99.5,65.81,97.60435876243177,98.85016553714466,56.49,60.663603633876,90.89594192381206,,68.45172455561345,7.441861786664133,0.02324765003428455,7.811440629802211,,,,,,8.066500374185358,1.1924329514951735,61.378801453435415,55.53,0.9631485912322072,Exceeded expectations,,True,Active,,,2026-02-24,2024-07-27
TEAM746,Alpha Team,PRJ089,2025-11-03,Manual,EMP1512,"EMP079,EMP1512,EMP1394,EMP1900",4,"{""Recruiter"": 1, ""HR"": 3}","{""Lead"": 1, ""Principal"": 1, ""Senior"": 2}",100.0,88.37,98.80478262081866,59.923828712415336,77.64,91.05398314488205,73.9663928427889,82.59730307894566,76.73919641888541,6.8114002895047205,2.9623595491507717,8.714278665905473,,364.7,True,8.221621900346562,110.55582235904824,6.01057229564204,1.2943511238129723,108.55821567065072,50.42,0.0,Strong execution,Async communication worked well,True,Completed,2026-01-22,Project Complete,2025-11-03,2025-06-01
TEAM747,Sigma Force,PRJ256,2024-04-09,Manual,EMP173,"EMP0303,EMP196,EMP0924,EMP173",4,"{""Accountant"": 1, ""Business"": 3}","{""Principal"": 1, ""Lead"": 3}",94.59,70.73,74.61130171340632,75.69172301061447,88.95,60.852157759395325,64.09748668818848,89.08098031031797,49.152567706360394,6.3228245313750815,2.9607107174473235,8.75967931735457,,114.61352167080786,False,8.166759776932668,101.2578034143193,,1.2993476706974483,100.89266868918276,87.68,2.1738504854688907,Great collaboration,Need better docs,False,Completed,2025-04-04,Reorganization,2024-04-09,2025-10-28
TEAM748,Beta Force,PRJ951,2022-12-26,AI-Recommended,EMP1924,"EMP1304,EMP0566,EMP022,EMP1303,EMP1924,EMP125",6,"{""Graphic"": 4, ""UX"": 1, ""Product"": 1}","{""Lead"": 4, ""Mid"": 1, ""Senior"": 1}",100.0,69.89,34.46746118473141,81.39966193560136,67.68,69.00021709345125,47.125456555336015,74.13706870745062,78.43127010647048,6.265418480933427,0.0,6.2838350903862565,True,117.31643483937388,True,7.510165155863273,111.1400673344119,,0.8,100.70614756152192,79.43,3.9982570938205058,Exceeded expectations,Need better docs,False,Completed,2024-01-30,Budget Cut,2022-12-26,2025-10-10
TEAM749,Sigma Team,PRJ841,2022-12-28,Hybrid,EMP1926,"EMP1926,EMP1068,EMP0326,EMP0708",4,"{""People"": 1, ""Recruiter"": 1, ""HR"": 2}","{""Principal"": 1, ""Lead"": 2, ""Senior"": 1}",85.48,97.56,70.94126018328201,91.2876476094154,61.1,83.50043410288842,77.40185316890643,66.13487500576741,76.91946341285049,7.351820247309998,2.0476565978427903,6.910351238162725,True,273.8981972410061,True,7.302172260670499,99.49624559977964,5.2938778104210495,1.0759574407940558,73.66176939017974,67.61,0.0728085774983935,Strong execution,Async communication worked well,True,Completed,2024-06-23,Project Complete,2022-12-28,2026-01-06
TEAM750,Sigma Force,PRJ812,2024-03-30,Manual,EMP190,"EMP108,EMP1244,EMP031,EMP190",4,"{""Sales"": 1, ""Logistics"": 2, ""Operations"": 1}","{""Principal"": 1, ""Lead"": 2, ""Senior"": 1}",100.0,100.0,72.7122738840281,72.36588567941499,90.09,99.16032483310426,73.93787662321797,80.24295865029154,61.14988364401831,7.607889777073382,2.989828111019089,6.635846712503958,True,199.5194080341679,True,7.7828957409159125,99.58749051468499,6.4345630641554905,0.9066737661593892,86.42506070923578,61.43,0.0,,Daily standups critical,True,Completed,2025-01-07,Project Complete,2024-03-30,2025-08-01
TEAM751,Beta Squad,PRJ546,2024-06-11,Hybrid,EMP1365,"EMP1512,EMP1365,EMP1232",3,"{""HR"": 1, ""Logistics"": 1, ""Operations"": 1}","{""Principal"": 1, ""Lead"": 2}",100.0,97.13,88.72612978294775,93.77510514989176,74.87,73.20774777376086,33.3,85.78280346011819,82.81371493464589,6.3485515316644925,2.0162161953317894,7.690531636595533,True,212.2762882339911,True,6.48064205410761,113.74994764309008,5.796677611830532,0.802533501251299,114.71102594429016,50.07,0.9665767152647736,Exceeded expectations,,True,Completed,2024-07-07,Budget Cut,2024-06-11,2026-02-09
TEAM752,Alpha Crew,PRJ789,2024-11-25,AI-Recommended,EMP1103,"EMP1103,EMP0638,EMP1427",3,"{""UI"": 2, ""Graphic"": 1}","{""Lead"": 3}",84.31,44.03,75.67546413909874,72.51919843508055,59.42,88.8140591501361,77.58846808952158,67.40503634008913,49.45785193027014,7.983409813958757,1.939867342428149,7.351902689816073,True,190.0583178559871,False,7.922421864530235,80.83406711435164,7.26893968729,0.8,80.78067152280147,56.09,0.8207423010045752,,Async communication worked well,True,Completed,2024-12-14,Project Complete,2024-11-25,2025-08-07
TEAM753,Delta Squad,PRJ024,2025-12-14,AI-Recommended,EMP0238,"EMP0880,EMP1677,EMP0857,EMP0238",4,"{""Accountant"": 1, ""Logistics"": 3}","{""Principal"": 2, ""Lead"": 1, ""Senior"": 1}",100.0,92.61,91.54818484933818,71.00723088044411,71.21,95.1848901059962,70.4021179815288,92.12372216277889,37.501956279644716,4.575535491184796,0.8910697125106452,7.218394273255396,True,95.62395655869054,True,6.991456110712946,105.46174530520521,7.91748569126696,0.8994998864005267,84.99771272088253,53.58,0.0525509805300267,,,True,Completed,2025-08-18,Project Complete,2025-12-14,2024-04-23
TEAM754,Sigma Unit,PRJ285,2024-04-16,Hybrid,EMP0520,"EMP1926,EMP0520,EMP1112,EMP048,EMP0392,EMP186,EMP0977,EMP0988",8,"{""People"": 2, ""HR"": 3, ""Recruiter"": 3}","{""Principal"": 1, ""Senior"": 3, ""Lead"": 2, ""Mid"": 2}",92.47,76.04,88.56486229079631,73.40718743375467,75.0,96.37902398053839,52.8612183953251,83.2021866059826,53.649357552988235,7.5794952586480155,0.9863952347764046,7.395858725750729,True,302.42755745642944,False,7.144751785018686,107.78470682327152,4.926750234371052,0.8961807102469117,91.84991676443109,49.74,1.9530728767998982,Communication issues resolved,,,Completed,2025-02-10,Reorganization,2024-04-16,2025-09-09
TEAM755,Delta Squad,PRJ885,2024-11-21,AI-Recommended,EMP0876,"EMP1953,EMP0876,EMP1775",3,"{""Software"": 1, ""QA"": 1, ""Team"": 1}","{""Lead"": 2, ""Senior"": 1}",74.37,92.6,66.6646838836641,95.97563169015181,95.86,93.4122915273058,98.0,64.85746108757424,54.36805131410329,5.552819662852283,3.0,8.633966185503787,True,192.6083451626905,False,8.29738164519447,109.77522098464702,6.8536107761631255,1.0892570401347312,82.3513444626382,35.31,0.0,,Clear roles helped,True,Completed,2024-12-16,Project Complete,2024-11-21,2024-12-22
TEAM756,Gamma Force,PRJ981,2024-06-13,AI-Recommended,EMP0955,"EMP1794,EMP0955,EMP0439,EMP081,EMP0621,EMP1248,EMP0747",7,"{""Logistics"": 1, ""HR"": 1, ""Finance"": 2, ""Controller"": 1, ""Accountant"": 1, ""Financial"": 1}","{""Principal"": 4, ""Senior"": 2, ""Mid"": 1}",100.0,58.67,74.84488324867839,80.10862321003292,69.43,80.74172120418413,75.68992575553337,71.71391618258639,89.12926087713599,6.312664630787893,1.0791244687810728,8.735842125514242,True,221.4247335804707,False,8.645009440991412,97.65727911417036,8.837981733649736,1.0009933961726527,92.9051047495603,60.91,2.027118799416447,,,True,Completed,2025-02-22,Project Complete,2024-06-13,2025-04-11
TEAM757,Alpha Force,PRJ222,2024-08-23,Manual,EMP159,"EMP0216,EMP0293,EMP1368,EMP159,EMP1171,EMP1109,EMP1746,EMP0899,EMP0993",9,"{""Finance"": 2, ""Financial"": 3, ""Accountant"": 4}","{""Senior"": 2, ""Mid"": 4, ""Junior"": 2, ""Principal"": 1}",99.82,57.53,67.82814919690085,86.2105390374665,55.43,74.05180009220854,68.02252354316681,96.01800247675672,61.803792764554174,8.19567031674542,3.0,8.645958263730156,True,328.70478573146755,True,4.8,91.59111264025779,,0.8,110.02100222356182,55.31,2.049900860823828,Strong execution,,True,Completed,2025-06-23,Project Complete,2024-08-23,2025-10-22
TEAM758,Gamma Squad,PRJ646,2025-09-13,Manual,EMP0970,"EMP1447,EMP0988,EMP128,EMP1068,EMP0970,EMP164,EMP1314,EMP1456,EMP1324",9,"{""Recruiter"": 4, ""People"": 1, ""HR"": 4}","{""Lead"": 4, ""Senior"": 1, ""Mid"": 4}",97.13,51.14,69.95776580523213,83.7522010768688,74.12,63.428592895756026,67.34474190835004,89.83040895390022,66.71501029967256,6.085263234504311,2.944707894891571,7.68605676492967,True,263.9100013680855,True,6.45298278223895,89.1324859805357,7.2876951625370445,0.8895537463493239,77.8405990573498,43.79,4.156745577010093,Great collaboration,Need better docs,True,Completed,2025-10-04,Reorganization,2025-09-13,2025-01-22
TEAM759,Omega Unit,PRJ978,2025-05-22,Manual,EMP1505,"EMP1505,EMP1285,EMP0979,EMP1012,EMP0792,EMP0733",6,"{""Marketing"": 4, ""SEO"": 1, ""Campaign"": 1}","{""Lead"": 1, ""Mid"": 4, ""Senior"": 1}",100.0,82.36,64.44987370752656,41.9,76.43,78.56420456816498,75.41731202920612,92.96820451465727,76.07780650172745,8.359118741690581,0.0,7.87555677224941,True,171.95055279513443,True,7.6158747883620315,92.57833678755031,7.77570415276628,0.8959292616020581,75.14093380589725,62.77,3.931717696983412,,Daily standups critical,True,Completed,2025-10-25,Budget Cut,2025-05-22,2025-01-21
TEAM760,Gamma Squad,PRJ929,2025-01-24,AI-Recommended,EMP0439,"EMP0281,EMP0836,EMP0417,EMP0439,EMP042,EMP0540,EMP0216",7,"{""Logistics"": 1, ""Finance"": 4, ""Financial"": 2}","{""Principal"": 1, ""Senior"": 4, ""Mid"": 1, ""Junior"": 1}",97.59,77.17,69.74525365079238,53.07391654593013,67.52,53.71807226647125,60.626128726198104,76.69366505228771,61.95965022252901,4.182354898278677,2.084247313621673,7.717468349957482,True,239.7758562639767,True,8.030567122090014,88.81022826989238,,1.098106450834352,84.47281837129252,59.91,3.0279651293422174,Exceeded expectations,Clear roles helped,False,Completed,2025-03-03,Budget Cut,2025-01-24,2025-04-27
TEAM761,Sigma Crew,PRJ937,2025-02-24,Manual,EMP0505,"EMP0853,EMP0702,EMP1918,EMP1551,EMP0505,EMP165,EMP009",7,"{""Team"": 3, ""Senior"": 1, ""QA"": 3}","{""Senior"": 4, ""Junior"": 1, ""Mid"": 2}",100.0,63.22,54.27436624681742,78.37968149293935,85.69,76.51819348623629,52.60316989559704,88.05149386805401,86.06227048323319,8.335442157051961,1.8946614609703003,7.6950885698132305,,57.55933705415171,False,9.685556461153912,92.78839238336592,7.719468595345444,1.1139325291678965,113.59322995580821,25.6,4.9926961350025945,Strong execution,Need better docs,False,Completed,2025-01-09,Project Complete,2025-02-24,2025-08-15
TEAM762,Gamma Crew,PRJ162,2025-05-26,Hybrid,EMP0234,"EMP1573,EMP1027,EMP055,EMP1571,EMP1187,EMP093,EMP0243,EMP0234,EMP1837,EMP0802",10,"{""Accountant"": 1, ""Sales"": 1, ""Operations"": 5, ""Project"": 1, ""Logistics"": 2}","{""Principal"": 1, ""Lead"": 3, ""Senior"": 6}",100.0,42.18,88.06395502803166,77.54274677458947,66.38,99.1496257171888,59.13705241702429,70.30710731741462,63.08012075170063,7.25042967172665,0.0,7.607806315503009,True,249.9444466163822,True,7.076796811460502,106.07760534500872,9.890535958455287,0.9008281590052366,101.35458889063084,60.41,4.043169218405365,Strong execution,Need better docs,,Completed,2025-10-12,Budget Cut,2025-05-26,2024-06-18
TEAM763,Omega Unit,PRJ585,2023-10-26,AI-Recommended,EMP0277,"EMP1879,EMP0636,EMP1124,EMP0277,EMP0988,EMP1252,EMP1421,EMP0659,EMP1329,EMP1408",10,"{""HR"": 4, ""People"": 3, ""Recruiter"": 3}","{""Senior"": 4, ""Mid"": 3, ""Lead"": 3}",100.0,44.16,66.42578099433125,56.707859038986285,63.39,82.44285273775756,71.72986844424564,73.82426493469603,82.19904809050558,8.1360095193993,0.010553322541802631,7.778281116521506,True,130.83237926767976,True,7.557791067197498,99.67639107173369,5.805377516564349,0.9870311352333279,75.87590440141965,54.23,3.9746094787456174,Strong execution,Need better docs,False,Completed,2024-09-07,Reorganization,2023-10-26,2025-07-22
TEAM764,Alpha Crew,PRJ790,2025-02-23,Hybrid,EMP1376,"EMP156,EMP073,EMP1376,EMP1669,EMP0287",5,"{""HR"": 3, ""People"": 1, ""Recruiter"": 1}","{""Principal"": 2, ""Lead"": 2, ""Senior"": 1}",100.0,98.48,51.46187682632129,79.0927163220591,74.58,83.08399487065849,95.62366299296023,71.67042841514866,65.9836139939115,8.130627505848363,0.9491989290349322,4.742153377606676,True,139.62386372587196,True,8.174107757042696,96.34643128784022,,1.0841077846753437,88.76848566407891,64.27,0.0,Strong execution,Need better docs,True,Completed,2024-12-05,Project Complete,2025-02-23,2025-05-28
TEAM765,Beta Unit,PRJ340,2023-02-15,AI-Recommended,EMP1940,"EMP0437,EMP1553,EMP1523,EMP1931,EMP1324,EMP1940,EMP1194,EMP0659",8,"{""HR"": 6, ""People"": 2}","{""Senior"": 5, ""Mid"": 2, ""Lead"": 1}",99.1,60.32,49.31694801586739,70.48826046694317,76.55,75.2402190561395,47.26996707914285,67.19786542267514,76.1618107628638,8.198481734437195,1.902681489136799,7.882176377625914,True,322.51952087250777,True,9.249480941122933,99.77075337264979,7.441440549531133,0.8996180923432805,84.78080565990908,53.32,4.940628202822069,Communication issues resolved,Clear roles helped,True,Completed,2024-06-12,Reorganization,2023-02-15,2026-02-14
TEAM766,Beta Force,PRJ061,2022-12-22,AI-Recommended,EMP0953,"EMP1688,EMP0306,EMP143,EMP0953,EMP0986,EMP1158",6,"{""Team"": 2, ""Software"": 1, ""QA"": 1, ""Senior"": 2}","{""Senior"": 3, ""Mid"": 3}",100.0,46.83,35.80082067960947,80.86468098168169,64.71,67.48540259198792,46.92639322823129,71.79538382554294,77.84770915388901,6.2393305696563015,0.0,6.403324211424482,True,112.1360405317993,True,7.496042412226986,110.01390821523512,,0.8036234911029945,100.18769085562228,33.53,3.9269322020539583,Exceeded expectations,Need better docs,False,Completed,2024-01-30,Budget Cut,2022-12-22,2025-10-30
TEAM767,Delta Squad,PRJ896,2023-12-25,Manual,EMP1412,"EMP1125,EMP0283,EMP1276,EMP1880,EMP1412,EMP117,EMP0213,EMP1200",8,"{""Product"": 1, ""UI"": 2, ""UX"": 3, ""Graphic"": 2}","{""Lead"": 2, ""Mid"": 5, ""Senior"": 1}",100.0,66.84,93.35286494897447,70.48115038106772,73.44,64.3299508001607,64.1881403553485,67.75655873523101,57.86392536190613,9.954537419030448,0.0,8.394967835377573,True,60.51512010518618,True,7.550264791799179,90.20242256233124,7.756890534561526,0.8063786120230932,102.88282814564175,49.54,4.012633633673749,Communication issues resolved,Clear roles helped,,Completed,2024-09-02,Project Complete,2023-12-25,2025-12-10
TEAM768,Omega Crew,PRJ305,2023-09-17,AI-Recommended,EMP1396,"EMP0242,EMP0715,EMP0621,EMP1396",4,"{""Sales"": 1, ""Finance"": 1, ""Accountant"": 2}","{""Principal"": 2, ""Senior"": 2}",100.0,67.11,81.01963534420061,74.05490813906471,84.8,81.18210822201988,70.85895503226484,68.12623229289214,100.0,6.674046962748815,3.0,5.425882074770206,True,239.81760966147695,True,7.192462901807789,95.7755277986223,7.193371159733443,1.183805243822795,86.10883545830715,72.86,3.9678820463332145,Communication issues resolved,Async communication worked well,True,Completed,2025-02-10,Reorganization,2023-09-17,2025-04-22
TEAM769,Beta Team,PRJ440,2024-02-03,Hybrid,EMP0951,"EMP0478,EMP1433,EMP0256,EMP0626,EMP0951",5,"{""Software"": 2, ""Team"": 3}","{""Lead"": 2, ""Mid"": 2, ""Senior"": 1}",100.0,90.84,28.77697899463334,77.15687253194662,77.05,78.49993036635821,66.42817063332576,65.76991944215285,62.92910423416707,8.313749662980841,0.9805330304118076,9.331335952593937,True,237.10891041333036,True,8.186045865140288,115.5244504039859,7.521107569571111,0.8996189911705387,88.22638073341993,26.69,5.0,Great collaboration,,False,Completed,2024-09-11,Budget Cut,2024-02-03,2024-03-23
TEAM770,Beta Squad,PRJ744,2023-10-15,Hybrid,EMP0708,"EMP0708,EMP0847,EMP0223",3,"{""HR"": 2, ""People"": 1}","{""Lead"": 1, ""Senior"": 2}",90.91,99.32,87.50986106289243,94.82816199599125,61.79,73.15289111166514,33.3,86.57389266476696,83.43911969085723,6.44996284562946,2.0655280108439587,7.709211620361795,True,211.1119120984786,True,6.494499583926072,114.87753974994602,5.80877562588837,0.8068272522963,115.43615316877643,60.5,1.0139791042930977,Exceeded expectations,,True,Completed,2024-07-07,Budget Cut,2023-10-15,2026-04-13
TEAM771,Delta Unit,PRJ956,2024-06-22,Hybrid,EMP1512,"EMP0988,EMP1300,EMP1512,EMP0277,EMP1137,EMP106,EMP1672",7,"{""People"": 1, ""HR"": 2, ""Recruiter"": 4}","{""Senior"": 2, ""Principal"": 1, ""Lead"": 4}",98.56,78.03,68.11290775408727,70.1243610592897,75.16,83.5594293587407,76.11320733700022,85.88043025254461,67.78827196329686,5.564320625276855,2.0544477296234276,7.5936689695422785,True,59.142004091274764,True,9.537557871509923,90.37797990438169,6.037083467409339,1.2869230281613553,78.67192776269981,61.58,3.017355741766221,Great collaboration,,True,Completed,2025-03-20,Reorganization,2024-06-22,2025-05-11
TEAM772,Omega Crew,PRJ188,2024-12-21,AI-Recommended,EMP1794,"EMP0281,EMP0243,EMP1794",3,"{""Logistics"": 2, ""Operations"": 1}","{""Principal"": 2, ""Lead"": 1}",93.57,93.18,83.6478136977344,56.0495853003547,66.99,82.06972139332818,66.42330613775015,96.18849182005427,76.92815500556908,6.111307129543008,0.9460595990978156,5.9080342831120785,,133.26550618398372,False,8.398208856273685,100.82971934756962,7.595660797784722,0.9854469019018487,86.04976924881208,68.21,4.184473715501509,Exceeded expectations,Daily standups critical,True,Completed,2025-07-06,Project Complete,2024-12-21,2026-02-14
TEAM773,Gamma Squad,PRJ612,2024-11-25,Manual,EMP0938,"EMP1125,EMP0575,EMP1784,EMP0938,EMP1036,EMP133",6,"{""Product"": 1, ""Graphic"": 3, ""UX"": 1, ""UI"": 1}","{""Lead"": 2, ""Senior"": 3, ""Mid"": 1}",100.0,82.29,63.99327159876783,79.206269274355,65.73,85.26835162325605,82.5876004617113,71.74923544833099,87.14162125656303,6.924076342444118,2.91927952762179,7.433547016069186,True,153.8325006225122,True,6.558729456794225,115.51922196733909,7.299634391228353,1.3,96.31906479681899,59.5,1.0112267836536166,Great collaboration,Daily standups critical,True,Completed,2024-09-18,Reorganization,2024-11-25,2025-02-24
TEAM774,Beta Crew,PRJ904,2023-11-30,AI-Recommended,EMP0941,"EMP0303,EMP1720,EMP0941",3,"{""Accountant"": 2, ""Controller"": 1}","{""Principal"": 2, ""Senior"": 1}",100.0,96.31,71.95218660305854,79.36933647750348,74.34,78.02795592682895,48.98325004111911,71.04510535514672,77.5846768660698,7.665693559969567,2.9596565015092646,7.6733135896960825,True,56.904400132966856,True,5.421817534531833,98.2685643833823,6.783620220241739,1.112547049872549,83.10745645235923,61.05,0.9586582106482149,Strong execution,,False,Completed,2024-05-26,Project Complete,2023-11-30,2024-05-17
TEAM775,Sigma Team,PRJ151,2023-01-30,Hybrid,EMP1711,"EMP0760,EMP1558,EMP1711,EMP1657",4,"{""Accountant"": 1, ""Operations"": 2, ""Logistics"": 1}","{""Principal"": 2, ""Lead"": 2}",92.55,60.77,73.43464560184258,90.17338892491922,58.97,85.57541247225828,76.9201903491401,67.18221319416347,77.25619168231924,7.324561771365905,2.065594147211269,6.942822265019726,True,270.15432738111895,True,7.352589279663948,99.04203741498004,5.270798689743182,1.0858886244445691,74.37580854133458,59.83,0.0,Strong execution,Async communication worked well,True,Completed,2024-06-23,Project Complete,2023-01-30,2025-08-20
TEAM776,Delta Unit,PRJ584,2023-09-09,Manual,EMP1081,"EMP1152,EMP1349,EMP1081",3,"{""UI"": 2, ""Graphic"": 1}","{""Lead"": 2, ""Senior"": 1}",87.4,92.37,56.78696574989469,68.81578429641718,53.06,59.960875543121986,87.20334687672191,88.61696441939635,80.02819225484656,7.223361248777448,0.9713246597598187,7.789011078961364,True,86.31078818722273,True,9.961532637407803,95.37736672954499,6.882602522179432,1.206926399829717,74.90281319627078,51.44,3.0938594415056078,Strong execution,,,Completed,2024-08-13,Project Complete,2023-09-09,2024-09-06
TEAM777,Delta Squad,PRJ826,2025-03-29,AI-Recommended,EMP1081,"EMP0957,EMP1081,EMP1924",3,"{""UI"": 2, ""Graphic"": 1}","{""Lead"": 2, ""Senior"": 1}",100.0,100.0,66.22857074101044,95.28371150819513,62.62,91.69466940306303,97.66109481731503,64.36309177381335,55.0686635629528,5.566901363562661,2.9889659612081374,8.65759550214522,True,187.57127939201055,False,8.39059911625393,109.57679076862149,6.9317593512467806,1.109475932457536,82.48747177673873,60.14,0.0,,Clear roles helped,True,Completed,2024-12-16,Project Complete,2025-03-29,2025-02-02
TEAM778,Gamma Unit,PRJ971,2024-11-25,Hybrid,EMP0938,"EMP0938,EMP0885,EMP022,EMP137,EMP0581,EMP1378,EMP0971,EMP1627,EMP0730,EMP0299",10,"{""Graphic"": 2, ""UI"": 2, ""Product"": 2, ""UX"": 4}","{""Lead"": 2, ""Senior"": 1, ""Junior"": 3, ""Mid"": 4}",100.0,67.05,70.76421684373308,56.061224827615995,67.23,99.22133459832774,72.11008912150733,75.99051745715485,81.77796337053837,6.825728104739078,1.9950158443733363,8.339641856614959,True,99.21172091095372,True,4.877042248614527,92.29763772844018,7.924704451067792,0.8,97.35050944843766,50.34,0.0,Exceeded expectations,Async communication worked well,False,Completed,2025-08-28,Reorganization,2024-11-25,2026-02-05
TEAM779,Sigma Crew,PRJ937,2023-03-28,Hybrid,EMP075,"EMP075,EMP0505,EMP163",3,"{""Senior"": 1, ""QA"": 1, ""DevOps"": 1}","{""Lead"": 1, ""Senior"": 2}",99.9,84.36,80.48081587421727,43.32624075382869,64.11,90.67928797659009,63.07539138792499,90.24937770258671,84.55748959487107,5.481718356825898,0.9784515881429342,5.675690400031388,True,95.20303833061114,True,7.458304177714069,89.07375334383612,8.493677185401227,0.990591367462642,64.92461126708072,39.97,1.9262949148075457,Exceeded expectations,,False,Completed,2024-04-09,Reorganization,2023-03-28,2024-06-29
TEAM780,Gamma Force,PRJ280,2025-04-28,AI-Recommended,EMP1295,"EMP1295,EMP1984,EMP0392,EMP1138,EMP0437,EMP1523,EMP1411",7,"{""People"": 2, ""HR"": 3, ""Recruiter"": 2}","{""Principal"": 2, ""Senior"": 3, ""Lead"": 2}",94.69,66.78,74.61379157815047,79.90085799730234,71.88,81.71797113607735,75.78031439345754,72.19102548504385,88.07971658270529,6.368339334222981,0.9795253218158344,8.714402897667242,True,218.91569325242656,False,8.715136520683208,97.3609587809591,8.802599486254033,1.005373394165125,92.38400693131342,79.98,2.002552027523367,,,True,Completed,2025-02-22,Project Complete,2025-04-28,2025-06-30
TEAM781,Beta Squad,PRJ816,2022-11-10,Hybrid,EMP156,"EMP0359,EMP0696,EMP1783,EMP0858,EMP0349,EMP1138,EMP156,EMP1424,EMP1314,EMP1523",10,"{""People"": 2, ""HR"": 7, ""Recruiter"": 1}","{""Mid"": 1, ""Senior"": 4, ""Lead"": 3, ""Principal"": 2}",94.15,53.3,59.816518566601886,72.87630262630405,61.39,80.68027410254062,87.41507684841366,84.04025354582001,94.8746293149459,7.410408157039191,2.05723512300481,5.080173784135628,True,59.92454913172331,True,7.414241759759118,93.28586180616703,,0.8020532433067123,70.12967003885436,73.57,5.0,Great collaboration,Need better docs,False,Completed,2023-10-01,Budget Cut,2022-11-10,2025-07-21
TEAM782,Delta Team,PRJ016,2023-03-24,AI-Recommended,EMP1573,"EMP0760,EMP1148,EMP1573",3,"{""Accountant"": 2, ""Controller"": 1}","{""Principal"": 3}",92.08,54.02,35.41585446898669,63.80002175000832,85.82,99.27593363665542,67.7729420468245,76.92479049156003,99.43520614518873,6.654725010846565,0.9361877881001113,6.1362963106826385,True,279.478648876217,False,8.745144820561055,105.98288807934912,7.753436720744127,0.8995569298394989,72.46456163229223,65.99,1.9265884226649423,,Need better docs,False,Completed,2024-09-17,Budget Cut,2023-03-24,2024-04-27
TEAM783,Delta Crew,PRJ169,2025-03-17,Hybrid,EMP1292,"EMP0621,EMP1292,EMP1839,EMP0680,EMP0935,EMP1348,EMP0373,EMP1516",8,"{""Accountant"": 4, ""Finance"": 1, ""Financial"": 1, ""Sales"": 1, ""Controller"": 1}","{""Principal"": 4, ""Junior"": 2, ""Mid"": 2}",100.0,54.02,26.925637825334903,79.42973555622602,96.24,98.9169662127618,74.45798054517896,100.0,82.75368575010724,7.520901802836153,3.0,5.570354366578241,True,304.80360626030597,True,6.984382486211553,91.88562143118004,5.657419952950863,1.2773236733087452,104.16725385651192,63.92,3.8952256963793572,Exceeded expectations,Need better docs,,Completed,2025-09-04,Reorganization,2025-03-17,2025-06-28
TEAM784,Alpha Force,PRJ908,2024-04-27,AI-Recommended,EMP1152,"EMP1103,EMP1491,EMP1557,EMP1152,EMP0622,EMP1537",6,"{""UI"": 4, ""Graphic"": 2}","{""Lead"": 4, ""Mid"": 2}",100.0,51.01,63.52064967732046,64.84611175863819,55.46,81.48148224132667,70.78331878504089,91.83746459559588,66.63037844929583,7.0667258329181895,1.990701779127003,8.608312725670462,True,318.9980988500669,False,7.82139808421529,95.36321133371926,6.590891235247642,0.9081155840271153,105.68815173010417,71.12,2.9778319142031555,,Async communication worked well,True,Completed,2025-07-28,Project Complete,2024-04-27,2024-07-30
TEAM785,Delta Unit,PRJ741,2023-05-20,AI-Recommended,EMP1137,"EMP1137,EMP1940,EMP1163,EMP0437",4,"{""Recruiter"": 1, ""HR"": 2, ""People"": 1}","{""Lead"": 2, ""Senior"": 2}",100.0,85.97,62.31072140030762,67.65576065919169,60.52,99.75030704456991,72.96571578517897,74.1678109989967,59.150687171815974,7.4834798045191455,0.000939524747787874,8.716622463943729,True,110.89312068293164,False,7.9682440370554914,92.94063999513807,8.155189955406113,1.1079808443929187,107.6890705061709,52.7,4.133131836740095,Great collaboration,,True,Completed,2024-05-27,Project Complete,2023-05-20,2025-05-01
TEAM786,Omega Crew,PRJ171,2025-11-14,AI-Recommended,EMP069,"EMP0417,EMP069,EMP0303",3,"{""Finance"": 2, ""Accountant"": 1}","{""Mid"": 1, ""Senior"": 1, ""Principal"": 1}",100.0,99.7,82.51058588032005,56.064082336047996,92.98,82.24135220589483,65.29657181807279,97.16933731412287,76.88141413107894,5.9912958397493865,0.9824476647025563,5.851138673406273,,132.74912202534924,False,8.293798234847747,99.97486723821548,7.595536128452864,1.0004588300527208,85.64884009512275,60.18,4.0360170765497685,Exceeded expectations,Daily standups critical,True,Completed,2025-07-06,Project Complete,2025-11-14,2026-01-06
TEAM787,Delta Squad,PRJ137,2023-08-01,Hybrid,EMP0955,"EMP0955,EMP0437,EMP038,EMP156,EMP1512,EMP1399,EMP1555,EMP035,EMP1492,EMP1314",10,"{""HR"": 8, ""Recruiter"": 1, ""People"": 1}","{""Principal"": 3, ""Senior"": 2, ""Junior"": 2, ""Mid"": 2, ""Lead"": 1}",100.0,71.8,59.96695136674257,91.02632949918362,90.12,92.91059794935397,77.38627375314653,77.34268023943316,84.73805152125335,7.016650129824838,0.018651501678606994,6.428544811907462,True,267.2092840505453,False,8.07590254635828,107.76154751796216,7.454204745459853,0.8093082681866814,92.84069838015495,61.86,1.092716621465855,Great collaboration,Daily standups critical,False,Completed,2024-05-18,Reorganization,2023-08-01,2025-07-05
TEAM788,Gamma Unit,PRJ749,2024-02-03,Hybrid,EMP0257,"EMP075,EMP1053,EMP0679,EMP0903,EMP1946,EMP0257",6,"{""Senior"": 3, ""Software"": 3}","{""Lead"": 2, ""Mid"": 3, ""Senior"": 1}",100.0,72.18,76.55846207282967,71.16492240152057,81.12,85.30991567648967,90.54162785093769,71.1868045613176,82.22077590658289,8.26913639372157,2.992217966444014,6.752697001790392,True,192.71447639512127,True,7.618888606702343,96.77137934548499,7.872519145860901,1.3,97.58990798682665,45.8,0.9002751357502434,Great collaboration,,True,Completed,2024-05-15,Project Complete,2024-02-03,2024-11-27
TEAM789,Gamma Crew,PRJ056,2026-01-26,Manual,EMP1826,"EMP0409,EMP1181,EMP1826,EMP1239,EMP0648,EMP054,EMP1077,EMP1954,EMP1857",9,"{""Sales"": 7, ""Logistics"": 2}","{""Mid"": 3, ""Senior"": 3, ""Lead"": 1, ""Principal"": 2}",100.0,68.23,84.74737001870787,74.36623720901352,68.28,100.0,66.19521818914056,66.7394694356348,93.70462044580364,8.15428437988387,0.9331488276495176,7.184590853673085,True,257.6440183711152,True,6.9150202409827,109.02170849822431,8.43748948993579,1.0915628206122334,81.25782171149359,51.48,5.0,Exceeded expectations,Daily standups critical,False,Completed,2026-01-02,Budget Cut,2026-01-26,2025-02-03
TEAM790,Alpha Unit,PRJ939,2024-08-19,Hybrid,EMP0970,"EMP0955,EMP156,EMP0970",3,"{""HR"": 2, ""Recruiter"": 1}","{""Principal"": 2, ""Lead"": 1}",79.78,97.5,45.67812258199538,98.32600490107579,85.03,88.45428959119637,71.49970983225333,70.00209266370503,61.42652525113084,7.245689078384761,3.0,8.237008588127994,True,127.67232035996399,True,8.451299990161424,104.59323992590133,6.8730921927986826,0.8050711117362007,78.78282805079176,75.28,1.1397739509803255,Communication issues resolved,Daily standups critical,True,Completed,2024-03-15,Reorganization,2024-08-19,2025-08-27
TEAM791,Alpha Squad,PRJ287,2024-03-17,Manual,EMP1994,"EMP1994,EMP1379,EMP0708,EMP073,EMP1398,EMP1314,EMP1278,EMP0668,EMP079,EMP0659",10,"{""Recruiter"": 2, ""HR"": 3, ""People"": 5}","{""Lead"": 4, ""Senior"": 3, ""Principal"": 1, ""Junior"": 1, ""Mid"": 1}",100.0,66.05,74.47295250100605,70.05724312577527,65.43,71.44895048386749,97.32810991388709,77.80237240005354,71.86882945093505,5.735389477398497,0.06872062166317214,9.036846046270261,,48.3756961094229,True,9.572910062804125,97.71706775975701,8.988441266323989,1.1022620151477676,95.56442866104565,57.19,4.037667473944677,,,True,Completed,2024-01-23,Budget Cut,2024-03-17,2025-05-05
TEAM792,Gamma Unit,PRJ056,2024-07-09,AI-Recommended,EMP0926,"EMP1118,EMP084,EMP0375,EMP0926,EMP0857",5,"{""Sales"": 3, ""Business"": 1, ""Logistics"": 1}","{""Lead"": 2, ""Mid"": 2, ""Principal"": 1}",100.0,96.93,57.893557428015896,95.33751628739059,76.87,79.97564657544994,89.16740086736934,57.72492592942565,77.70911985951014,6.035791513439277,2.1064512287853767,6.3677417987056515,True,332.71977744336164,False,8.063238118765687,109.4274895403201,8.611446966958312,0.9068114528363862,84.83125099733937,48.99,0.0,,Need better docs,,Completed,2025-10-13,Budget Cut,2024-07-09,2025-03-23
TEAM793,Alpha Unit,PRJ198,2023-01-27,Hybrid,EMP055,"EMP0512,EMP055,EMP1232",3,"{""Logistics"": 1, ""Operations"": 2}","{""Principal"": 1, ""Lead"": 2}",100.0,93.74,47.3830516308967,97.28235913030367,54.37,87.17482279239557,70.69402121366345,70.40690180580134,59.742436096193934,7.379119062304973,2.950531611395658,8.188928236972776,True,114.85365541030733,True,8.454376531143096,105.0109549113233,6.895959503889971,0.804453065543781,79.56834368057362,77.99,1.1276994657832002,Communication issues resolved,Daily standups critical,True,Completed,2024-03-15,Reorganization,2023-01-27,2025-07-22
TEAM794,Gamma Crew,PRJ568,2025-08-20,Manual,EMP1241,"EMP102,EMP1241,EMP0378,EMP0875,EMP1301,EMP1775,EMP056,EMP0742,EMP1716",9,"{""QA"": 2, ""Senior"": 4, ""DevOps"": 2, ""Team"": 1}","{""Senior"": 2, ""Lead"": 3, ""Mid"": 4}",100.0,47.64,85.02448054830305,73.76318187573516,64.82,99.99085982576305,66.09278270763153,66.05391629937711,93.52372878831935,8.117623337771196,1.0741255621208103,7.164131857005815,True,256.5421187459582,True,6.893718405605369,109.23946457970753,8.345217762204847,1.0981100509782975,82.0267591713678,38.88,4.880254116748174,Exceeded expectations,Daily standups critical,False,Completed,2026-01-02,Budget Cut,2025-08-20,2025-05-25
TEAM795,Delta Team,PRJ909,2026-02-28,Hybrid,EMP0926,"EMP0857,EMP0629,EMP0494,EMP1692,EMP1057,EMP0471,EMP0926",7,"{""Logistics"": 1, ""Sales"": 3, ""Account"": 2, ""Business"": 1}","{""Principal"": 1, ""Senior"": 4, ""Mid"": 1, ""Lead"": 1}",97.98,96.16,90.61690296568607,95.06241562844666,83.53,98.88799340279074,66.59808869056721,60.72017072700929,73.15791430858432,8.931849782706916,0.932378959920047,7.824286901311752,True,294.2806511919467,True,6.721584151616317,86.64150080240172,9.723611376161925,1.1077319678009234,74.34635478977133,58.24,4.9782815018145525,Communication issues resolved,,False,Completed,2026-03-21,Project Complete,2026-02-28,2024-05-15
TEAM796,Gamma Squad,PRJ327,2024-01-14,AI-Recommended,EMP1100,"EMP008,EMP1607,EMP1258,EMP0638,EMP1100,EMP0651,EMP1079",7,"{""UI"": 4, ""Graphic"": 3}","{""Lead"": 4, ""Senior"": 3}",91.87,44.9,69.99680247082836,54.055505859054875,52.98,53.25526278067542,60.782296286067535,78.00008323832309,62.78511477905803,4.1,2.0432106022642045,7.734761807786377,True,245.59742612652607,True,7.936649104390613,88.14522313803033,,1.1035088679754823,85.32712831281093,70.36,2.964711128868468,Exceeded expectations,Clear roles helped,False,Completed,2025-03-03,Budget Cut,2024-01-14,2025-03-29
TEAM797,Gamma Crew,PRJ416,2022-11-09,Manual,EMP1676,"EMP1676,EMP134,EMP146,EMP1195,EMP0870,EMP0275,EMP1365,EMP1558,EMP0637",9,"{""Operations"": 2, ""Logistics"": 7}","{""Lead"": 5, ""Principal"": 2, ""Senior"": 2}",100.0,46.25,99.24713175610762,89.05319313914728,68.23,77.4596719950237,88.21663483018368,76.99664750586012,63.148114122687915,6.712250050071657,3.0,7.900106869676512,True,200.22153957094903,True,10.0,84.69128360552259,6.772549329190227,1.3,71.7326467304341,72.64,5.0,Strong execution,,False,Completed,2024-02-16,Project Complete,2022-11-09,2026-04-04
TEAM798,Sigma Team,PRJ338,2023-03-22,Hybrid,EMP0575,"EMP0651,EMP132,EMP008,EMP0575",4,"{""UI"": 3, ""Graphic"": 1}","{""Lead"": 2, ""Senior"": 2}",100.0,73.02,73.07635831701131,90.5088170230938,68.38,85.80157749596252,78.1974698122825,67.03300842821153,74.37030242220224,7.2533516905471895,1.9279742136506206,7.069937750092731,True,268.7545112096603,True,7.372484066287621,99.73580086343854,5.359866000518245,1.1032698634919802,74.20298914124808,58.94,0.0,Strong execution,Async communication worked well,True,Completed,2024-06-23,Project Complete,2023-03-22,2025-07-14
TEAM799,Delta Unit,PRJ800,2025-03-09,Manual,EMP0994,"EMP0993,EMP1997,EMP0706,EMP0994,EMP0857,EMP1815,EMP0449,EMP0205,EMP1470,EMP0243",10,"{""Accountant"": 1, ""Project"": 1, ""Operations"": 6, ""Logistics"": 2}","{""Principal"": 3, ""Junior"": 1, ""Senior"": 4, ""Lead"": 2}",100.0,52.67,33.760121033110025,87.92490882525199,63.74,60.249510402074975,65.04559754989006,70.88151798762523,82.51226185012598,5.276136907558017,1.0419219192339286,7.01285371205427,True,148.9754465479524,True,8.429887462674886,86.20717882199038,6.915969411169789,0.8,102.72678185378395,55.5,5.0,Great collaboration,Need better docs,False,Completed,2024-10-17,Project Complete,2025-03-09,2025-06-25
TEAM800,Alpha Force,PRJ760,2025-02-03,Manual,EMP1677,"EMP1801,EMP1292,EMP1449,EMP0281,EMP1677,EMP1400,EMP1636,EMP0237,EMP1311",9,"{""Sales"": 1, ""Accountant"": 1, ""Operations"": 3, ""Logistics"": 4}","{""Principal"": 3, ""Lead"": 2, ""Junior"": 1, ""Mid"": 2, ""Senior"": 1}",100.0,96.45,92.61572225294374,99.22214090682665,76.67,95.0966696403878,61.573387480163035,64.8923716650888,56.60304076449307,7.135558652733672,3.0,6.968161253630516,True,225.83631488712328,True,6.410794827342247,110.11599837922827,7.108368814049376,0.9964074478074852,95.50578426788556,64.57,3.115890680512429,Communication issues resolved,Clear roles helped,,Completed,2025-07-07,Budget Cut,2025-02-03,2025-11-04
TEAM801,Beta Force,PRJ755,2025-01-02,Hybrid,EMP0858,"EMP1411,EMP0735,EMP1382,EMP1252,EMP1069,EMP0858,EMP0847,EMP1864",8,"{""Recruiter"": 3, ""HR"": 2, ""People"": 3}","{""Lead"": 4, ""Mid"": 2, ""Senior"": 1, ""Principal"": 1}",100.0,73.39,99.22669774797218,86.27015108459234,68.23,74.72723651521665,79.6851134987766,79.62785285520236,66.2121299779566,7.191737676162779,1.9802746075998228,4.756977225061436,True,149.11827051313918,False,7.992671237319739,86.02505694379822,8.7468296552494,0.8982453567936595,55.25320586372995,52.7,1.0436511964082158,Communication issues resolved,Async communication worked well,False,Completed,2024-10-19,Budget Cut,2025-01-02,2024-10-28
TEAM802,Delta Squad,PRJ902,2024-08-30,AI-Recommended,EMP0281,"EMP134,EMP0281,EMP1232",3,"{""Logistics"": 2, ""Operations"": 1}","{""Lead"": 2, ""Principal"": 1}",93.95,100.0,66.12109572545452,94.53081577278785,59.7,93.39960468196533,97.50885225323267,64.93787033783835,55.192680548198055,5.557783161370223,2.937540691257101,8.68584338338346,True,192.40031989041498,False,8.467438331593744,109.79040361344023,6.932743070835182,1.0948995419772423,81.23571048153893,64.94,0.0,,Clear roles helped,True,Completed,2024-12-16,Project Complete,2024-08-30,2024-09-05
TEAM803,Delta Unit,PRJ079,2022-11-11,Manual,EMP0392,"EMP0392,EMP0492,EMP0326,EMP038,EMP1512,EMP1492,EMP1650,EMP1447,EMP1974",9,"{""Recruiter"": 2, ""HR"": 5, ""People"": 2}","{""Lead"": 2, ""Senior"": 3, ""Principal"": 1, ""Mid"": 3}",96.47,60.34,58.342296293347005,71.0887710582188,77.43,95.15634042229163,71.53392979975754,95.51509123448018,81.80823510201954,7.268743002869226,0.0,6.6423881988107745,True,244.9310131015238,True,9.843246887882373,92.00820285572948,7.907230962312718,1.0025657194990203,87.57167292214024,55.31,5.0,,,True,Completed,2024-03-01,Project Complete,2022-11-11,2025-01-13
TEAM804,Sigma Squad,PRJ193,2024-04-02,Manual,EMP1194,"EMP0392,EMP1194,EMP1063,EMP035,EMP0453,EMP063,EMP1074,EMP1900",8,"{""Recruiter"": 3, ""People"": 1, ""HR"": 4}","{""Lead"": 2, ""Senior"": 4, ""Mid"": 2}",97.24,70.67,55.31753970526787,70.40083405962211,70.74,86.66456342015465,90.35235542091439,100.0,94.30665730104165,7.7285664461421435,0.9290068986880973,8.7825890662943,True,108.41826156393948,True,8.91535322627771,100.31789664432705,7.9280372020975935,0.8,83.01634675009417,48.35,2.1456691732794946,,Clear roles helped,True,Completed,2024-07-04,Budget Cut,2024-04-02,2025-08-11
TEAM805,Gamma Force,PRJ046,2024-10-01,Hybrid,EMP1352,"EMP1352,EMP0775,EMP0651,EMP0539,EMP1013",5,"{""UI"": 3, ""Product"": 1, ""Graphic"": 1}","{""Lead"": 4, ""Senior"": 1}",100.0,65.36,70.4252188992299,71.82119260124756,81.51,71.79484433442116,75.42071411785273,99.15696265312143,84.5190475604022,6.340089530984672,0.9967872260390526,7.312358884292659,True,103.92326356697069,True,6.732801652452225,90.45661614211143,7.4661854041013,0.8964123564099623,79.6640603612605,48.02,4.10270444302755,Exceeded expectations,Async communication worked well,,Completed,2025-03-19,Budget Cut,2024-10-01,2025-02-12
TEAM806,Delta Unit,PRJ954,2024-08-18,AI-Recommended,EMP0242,"EMP1256,EMP0494,EMP0309,EMP0356,EMP1632,EMP0783,EMP0242,EMP1593,EMP0435,EMP198",10,"{""Business"": 4, ""Account"": 2, ""Sales"": 4}","{""Lead"": 5, ""Senior"": 1, ""Principal"": 2, ""Junior"": 2}",100.0,63.19,42.40251747531653,79.88134753511349,89.93,70.76367580451789,63.22082404046533,76.8464175222473,96.78325911873247,5.907375367382312,1.9889724009130185,7.98663803336701,True,91.35001782832467,True,7.701767274865909,109.24951856940214,8.386212605184479,0.8,108.30551427193554,58.88,3.905299503029594,Exceeded expectations,,True,Completed,2025-01-13,Project Complete,2024-08-18,2025-01-04
TEAM807,Alpha Crew,PRJ952,2023-10-11,Hybrid,EMP1725,"EMP1672,EMP1252,EMP011,EMP0826,EMP1725",5,"{""Recruiter"": 2, ""HR"": 2, ""People"": 1}","{""Lead"": 3, ""Mid"": 1, ""Principal"": 1}",96.33,79.83,51.53454654065796,79.56819325006038,66.99,83.3282752629612,93.13639476587925,73.11535111963092,65.1835183347642,8.219243643563008,1.0015985032885322,4.728834766182371,True,139.1302127275485,True,8.232699341910616,97.21588888222689,,1.106642079144149,90.53074911560826,58.62,0.13503001827931577,Strong execution,Need better docs,True,Completed,2024-12-05,Project Complete,2023-10-11,2025-06-10
TEAM808,Sigma Force,PRJ232,2024-06-27,Manual,EMP1486,"EMP0311,EMP1015,EMP1486,EMP1621",4,"{""Senior"": 1, ""QA"": 2, ""Software"": 1}","{""Senior"": 2, ""Lead"": 2}",98.88,75.78,75.71227216276282,74.75068237729192,56.88,60.78395659511401,65.05953430577038,89.70356597592084,49.628135468186244,6.302121656113127,2.9372751901769165,8.791315053624908,,112.55092350773653,False,8.348425694111327,102.08082552457779,,1.2937528858281577,99.87149446954325,43.09,1.941375352103732,Great collaboration,Need better docs,False,Completed,2025-04-04,Reorganization,2024-06-27,2025-11-15
TEAM809,Delta Squad,PRJ547,2025-12-03,AI-Recommended,EMP1801,"EMP1801,EMP0396,EMP0633,EMP0994",4,"{""Sales"": 3, ""Logistics"": 1}","{""Principal"": 2, ""Lead"": 2}",100.0,65.82,89.84042179040557,72.98574166369416,90.92,95.54346236795453,69.36326149662618,92.69240039065225,37.05496450403144,4.5747370949160375,1.0549885639522685,7.31711889469306,True,97.54323872506312,True,6.972894929147548,105.71368357651272,7.934491361624366,0.8940975039311015,85.8747492578443,74.72,0.0,,,True,Completed,2025-08-18,Project Complete,2025-12-03,2024-06-12
TEAM810,Gamma Crew,PRJ963,2023-07-01,AI-Recommended,EMP1061,"EMP1469,EMP0892,EMP1499,EMP1595,EMP1140,EMP1061,EMP1574,EMP0700,EMP016",9,"{""DevOps"": 4, ""Senior"": 1, ""QA"": 1, ""Software"": 1, ""Team"": 2}","{""Senior"": 5, ""Mid"": 2, ""Lead"": 2}",100.0,50.48,100.0,86.0373661897454,71.15,95.83802942383805,63.49707321665766,69.96285898958963,89.33623922745947,7.593706434869454,1.0482494400803013,9.29873166144346,,199.90809443532223,True,8.31643114459082,90.95118459987658,8.089937578083727,0.9924468062706524,64.96784562254994,30.18,2.067525897477555,Strong execution,,,Completed,2024-02-22,Project Complete,2023-07-01,2025-12-27
TEAM811,Sigma Crew,PRJ401,2024-06-04,Hybrid,EMP1447,"EMP1205,EMP1447,EMP1063,EMP1137,EMP0520,EMP1509,EMP1879",7,"{""HR"": 5, ""Recruiter"": 2}","{""Senior"": 5, ""Lead"": 2}",100.0,47.41,62.36358984307936,52.21257438041437,87.49,70.48227207444125,71.82356430923184,78.7336188513921,63.73423166691371,5.6265668325573,0.9833792698625927,7.99649056612285,True,277.10624527374455,True,8.799955646360608,94.78744809754987,7.059079506089137,0.8,105.05717291121996,71.19,4.103057663941298,Strong execution,Need better docs,True,Completed,2024-10-04,Project Complete,2024-06-04,2024-12-08
TEAM812,Beta Unit,PRJ729,2024-01-14,Manual,EMP146,"EMP0242,EMP146,EMP0839,EMP1677,EMP0608,EMP1837,EMP1794",7,"{""Sales"": 1, ""Logistics"": 4, ""Project"": 1, ""Operations"": 1}","{""Principal"": 3, ""Senior"": 3, ""Lead"": 1}",95.95,66.16,47.71027898574672,82.58601676202272,83.19,80.14256011141599,59.79399010905932,70.25448190656724,80.15119567644545,7.943648051158068,2.9208298018294814,6.166244377234104,True,312.0605187177118,True,6.631290991978298,107.17785333291806,8.118287037249734,1.005091644357557,80.19658729371773,68.02,3.0190325749198395,Communication issues resolved,,True,Completed,2024-11-06,Budget Cut,2024-01-14,2025-03-21
TEAM813,Sigma Squad,PRJ556,2025-05-17,AI-Recommended,EMP0654,"EMP1821,EMP0900,EMP039,EMP0421,EMP0869,EMP0654,EMP196,EMP0538,EMP190,EMP0246",10,"{""Sales"": 5, ""Business"": 2, ""Account"": 1, ""QA"": 1, ""Logistics"": 1}","{""Principal"": 2, ""Lead"": 4, ""Mid"": 2, ""Senior"": 2}",91.1,55.86,89.5924483059253,59.564332101941574,75.54,41.73347408424226,89.08914902343102,88.19601446965129,73.67068968428462,6.10487444087353,0.9658977436769488,8.272556901907226,True,220.30875713514817,False,9.746329939277851,97.6988988555411,7.417100968913292,1.0927906794094548,87.3698833011275,67.44,0.9247982827252476,,Daily standups critical,False,Completed,2025-09-26,Budget Cut,2025-05-17,2025-09-26
TEAM814,Gamma Crew,PRJ810,2023-05-28,AI-Recommended,EMP0970,"EMP0780,EMP1300,EMP1277,EMP1956,EMP0970,EMP0287,EMP0310,EMP0599",8,"{""People"": 1, ""HR"": 5, ""Recruiter"": 2}","{""Mid"": 1, ""Senior"": 3, ""Junior"": 2, ""Lead"": 2}",92.9,75.48,53.36733522513967,74.55002411381653,74.83,96.64839801021812,53.198192626324115,75.15237489839588,95.71337209567872,6.163643749498143,2.0013937243584223,6.223103877502574,True,100.48643968205792,True,8.170547146709735,79.56856187514161,9.814417152535146,0.8089835267049895,71.26705031808434,70.26,1.0248013956950581,,,True,Completed,2024-04-12,Budget Cut,2023-05-28,2025-12-20
TEAM815,Beta Force,PRJ734,2024-06-10,AI-Recommended,EMP1018,"EMP1572,EMP0638,EMP1924,EMP1349,EMP1018,EMP0957",6,"{""UI"": 3, ""Graphic"": 3}","{""Lead"": 6}",98.07,28.26,37.0923017134163,81.17386082302677,42.94,68.7239799397112,48.17076020966215,72.17916057705632,78.34665026108505,6.347087871964788,0.04480569293466731,6.358365940519106,True,111.20894118475228,True,7.590363143402929,111.2264665217634,,0.8,99.01804076692129,71.37,3.921155868298073,Exceeded expectations,Need better docs,False,Completed,2024-01-30,Budget Cut,2024-06-10,2025-12-07
TEAM816,Beta Team,PRJ545,2024-07-01,Hybrid,EMP0373,"EMP0373,EMP065,EMP146,EMP0921,EMP1752",5,"{""Sales"": 1, ""Accountant"": 1, ""Logistics"": 2, ""Operations"": 1}","{""Principal"": 3, ""Lead"": 2}",85.47,62.74,31.330950931444455,77.00119259648652,61.62,76.83711271199532,67.2151057540724,65.6002023903819,62.85498264206114,8.40111847942936,1.0453693445567367,9.350184879446344,True,225.32998033660084,True,8.147515106329456,115.6791988005038,7.623099275245945,0.9068926044054326,88.09625030615092,49.75,4.906336175291291,Great collaboration,,False,Completed,2024-09-11,Budget Cut,2024-07-01,2024-05-27
TEAM817,Sigma Force,PRJ161,2024-02-01,Hybrid,EMP163,"EMP1668,EMP1228,EMP0855,EMP1131,EMP163,EMP1942,EMP1814",7,"{""Team"": 4, ""DevOps"": 2, ""Software"": 1}","{""Senior"": 5, ""Mid"": 1, ""Lead"": 1}",96.14,64.16,52.61798866852638,91.00176465296157,68.64,94.9220129623004,66.10520720999627,100.0,62.1813984873121,6.509784690006842,0.0,6.944856791885029,True,350.8266902224549,True,7.671373497240571,87.58212673105304,6.439845065222255,0.8002322662831208,115.8,41.68,1.9927083095596,Communication issues resolved,Async communication worked well,True,Completed,2025-06-04,Project Complete,2024-02-01,2025-04-05
TEAM818,Alpha Crew,PRJ137,2024-11-22,AI-Recommended,EMP1314,"EMP073,EMP1295,EMP1163,EMP0671,EMP1722,EMP1252,EMP1879,EMP1314,EMP1137",9,"{""People"": 4, ""Recruiter"": 3, ""HR"": 2}","{""Principal"": 2, ""Senior"": 3, ""Lead"": 4}",97.4,47.3,78.415954477107,61.85459271454273,75.08,63.984534528595375,80.53474638951613,93.49705095756092,64.48011769446052,6.807621143596435,1.0785286446453644,8.292225645221803,True,190.15323370691573,False,6.070216034832821,102.75232448019557,10.0,1.0024505239759138,92.94166580818255,52.57,0.048465189643452464,Exceeded expectations,Daily standups critical,True,Completed,2024-11-29,Project Complete,2024-11-22,2025-02-26
TEAM819,Alpha Force,PRJ591,2025-04-29,Manual,EMP1137,"EMP1353,EMP048,EMP1864,EMP1137,EMP1382,EMP0688,EMP1846,EMP1069,EMP0977",9,"{""HR"": 4, ""People"": 2, ""Recruiter"": 3}","{""Senior"": 2, ""Principal"": 1, ""Lead"": 2, ""Junior"": 2, ""Mid"": 2}",100.0,91.63,94.42209905207741,99.5293008919688,65.0,95.59381394093234,61.330079763664486,65.01963285125119,57.21011974777658,7.108336208931593,3.0,6.775502907185712,True,229.27232712415744,True,6.512239365671573,110.86077740276092,7.154307701808343,1.0020644477490384,96.67434476028912,51.18,2.99296340581616,Communication issues resolved,Clear roles helped,,Completed,2025-07-07,Budget Cut,2025-04-29,2026-03-13
TEAM820,Omega Crew,PRJ250,2025-08-22,AI-Recommended,EMP1269,"EMP0961,EMP0587,EMP0345,EMP1428,EMP1269",5,"{""Software"": 4, ""Senior"": 1}","{""Lead"": 3, ""Mid"": 2}",90.06,57.62,55.26850220806289,63.06928745821687,82.63,83.74718905881187,61.94422062161342,78.46462778646331,76.11568261209392,4.923162098326149,1.9927793094496775,7.4414238473157654,True,175.62983592576546,False,6.349049847699288,102.31612979802885,7.347710535848,0.9952541562424467,76.68992773664792,61.81,3.172454825887875,Communication issues resolved,Need better docs,True,Completed,2025-07-06,Reorganization,2025-08-22,2025-03-03
TEAM821,Alpha Force,PRJ686,2025-07-27,Manual,EMP1512,"EMP1074,EMP1512,EMP1168,EMP0906,EMP0270,EMP1559,EMP0389,EMP1722,EMP1738",9,"{""Recruiter"": 2, ""HR"": 4, ""People"": 3}","{""Lead"": 1, ""Principal"": 1, ""Mid"": 4, ""Junior"": 2, ""Senior"": 1}",100.0,75.66,92.71992596283722,100.0,72.62,94.82170690139272,61.66352972200638,64.72057267889261,56.16066783970171,7.1287361194446675,2.9875347252994837,6.821003268481923,True,219.70720774330363,True,6.548779540390549,110.64384072476649,7.117661572389974,1.0087056563970627,95.80773614032991,48.74,2.8406426866075853,Communication issues resolved,Clear roles helped,,Completed,2025-07-07,Budget Cut,2025-07-27,2026-04-16
TEAM822,Alpha Unit,PRJ879,2024-02-19,Hybrid,EMP0326,"EMP0542,EMP0326,EMP1112,EMP0584,EMP1725,EMP0359,EMP0858,EMP091",8,"{""People"": 4, ""HR"": 3, ""Recruiter"": 1}","{""Senior"": 2, ""Lead"": 2, ""Mid"": 3, ""Principal"": 1}",100.0,86.35,69.30467462432689,87.60051480909658,69.06,85.95783881756789,62.264650697622145,90.10808507846328,70.76740762202603,6.761666626371397,1.034671508285234,8.228202722226845,True,38.96475912997204,False,5.936685323965528,93.87216621213798,7.423972279557789,1.1123517774375506,74.80267973472998,52.54,0.014812017119891505,Communication issues resolved,Need better docs,True,Completed,2024-01-10,Budget Cut,2024-02-19,2025-12-28
TEAM823,Delta Force,PRJ406,2025-04-09,Hybrid,EMP1799,"EMP1299,EMP0312,EMP1799,EMP065",4,"{""Finance"": 1, ""Controller"": 1, ""Accountant"": 2}","{""Senior"": 2, ""Principal"": 2}",100.0,89.25,74.353599052027,59.96050125683589,75.95,60.41158486795227,74.72627078497418,74.44094690581781,77.1950957407514,9.944402606362138,0.9977914059211308,8.216321418131434,True,359.5190947131549,True,7.398615415267929,104.05990340313069,7.388490165003011,0.9933544224896568,91.06551146211837,71.62,4.130320714048209,Exceeded expectations,,,Completed,2025-11-05,Budget Cut,2025-04-09,2026-03-10
TEAM824,Beta Crew,PRJ186,2024-05-23,Hybrid,EMP1758,"EMP125,EMP1200,EMP1230,EMP1758",4,"{""Graphic"": 2, ""UI"": 2}","{""Lead"": 3, ""Senior"": 1}",93.15,83.24,46.5084796176373,73.43350686509646,45.63,78.04108840755299,92.6707945661559,88.74403648412023,79.66518151008762,6.477270465108976,0.9673968545479069,7.156384936415567,True,111.23186244213574,False,6.664684514412707,99.18668879660578,7.020088929757741,1.1100316814329951,94.23443200066497,72.43,0.0,Communication issues resolved,Need better docs,,Completed,2023-12-15,Project Complete,2024-05-23,2025-06-11
TEAM825,Alpha Crew,PRJ186,2024-11-30,Hybrid,EMP0638,"EMP1349,EMP0638,EMP0808",3,"{""Graphic"": 2, ""UI"": 1}","{""Lead"": 3}",67.81,51.08,86.143712759904,65.02514293265008,45.19,98.95985613324773,65.38119774235817,,74.80006303153958,9.534438832139799,2.004786964826319,6.9331067225341,False,,,,,8.936195419006213,1.003519827951748,100.54110836058098,43.23,1.1192862347339592,Great collaboration,Async communication worked well,True,Active,,,2024-11-30,2024-10-14
TEAM826,Sigma Unit,PRJ598,2024-11-25,AI-Recommended,EMP0601,"EMP197,EMP1493,EMP1750,EMP0282,EMP147,EMP0601",6,"{""Campaign"": 3, ""SEO"": 2, ""Marketing"": 1}","{""Senior"": 3, ""Mid"": 3}",100.0,57.06,36.70140642046802,78.48337330616296,81.93,80.38467994104697,81.74495459081191,88.9623612282121,80.53573772874468,7.72761677483643,3.0,8.078923285254527,True,260.8820473880323,True,7.2258218746562415,92.77929125942933,7.636699678424325,0.8,94.50471254063902,49.21,2.159925895611411,Communication issues resolved,,False,Completed,2025-04-21,Reorganization,2024-11-25,2024-07-31
TEAM827,Gamma Squad,PRJ115,2025-01-12,AI-Recommended,EMP1505,"EMP0554,EMP0457,EMP0454,EMP074,EMP1659,EMP1505,EMP0766",7,"{""Campaign"": 5, ""SEO"": 1, ""Marketing"": 1}","{""Senior"": 2, ""Mid"": 4, ""Lead"": 1}",100.0,63.29,70.2767226262735,53.651747876080556,76.76,53.143094308532184,60.78256843070985,76.10972082958955,62.46336388008942,4.101144974106914,1.927315285187102,7.760887189512173,True,239.02145199668738,True,7.893900841350849,88.2028916485772,,1.0975404751734235,84.49213993364991,52.76,3.110647883927991,Exceeded expectations,Clear roles helped,False,Completed,2025-03-03,Budget Cut,2025-01-12,2025-05-27
TEAM828,Alpha Unit,PRJ362,2024-03-08,AI-Recommended,EMP0601,"EMP0220,EMP1867,EMP085,EMP0486,EMP088,EMP0549,EMP0601",7,"{""SEO"": 4, ""Campaign"": 1, ""Marketing"": 2}","{""Mid"": 3, ""Senior"": 3, ""Lead"": 1}",100.0,66.86,52.26457862373786,53.30872945705994,61.67,88.72078038419667,66.80797544451468,92.73086655131418,82.5128312189751,5.756987142663333,3.0,7.703976327668662,,195.0581329338579,True,6.482567267500709,99.20856770482736,6.699254083836475,0.8938407470794628,105.82155300630582,47.33,3.2091021973965725,Communication issues resolved,Need better docs,True,Completed,2024-10-20,Budget Cut,2024-03-08,2024-12-09
TEAM829,Alpha Crew,PRJ142,2024-02-05,AI-Recommended,EMP0993,"EMP0994,EMP0738,EMP0993,EMP1713",4,"{""Logistics"": 1, ""Finance"": 2, ""Accountant"": 1}","{""Principal"": 2, ""Senior"": 2}",95.85,76.59,77.71698026769914,48.54812140117962,71.73,76.28310395596604,40.81715033433749,75.28182490105397,87.50370250268637,9.064123423837193,1.9555322589052453,7.720813584035476,True,32.54633828247017,True,7.685855313132986,91.2250742577415,6.380324805428091,1.0929049754916098,76.40876173342804,58.84,0.0,Exceeded expectations,,,Completed,2024-04-16,Reorganization,2024-02-05,2025-08-06
TEAM830,Beta Team,PRJ568,2025-05-05,Hybrid,EMP1819,"EMP1486,EMP1298,EMP1666,EMP004,EMP0930,EMP139,EMP1819,EMP1756",8,"{""Software"": 2, ""QA"": 1, ""Team"": 2, ""DevOps"": 2, ""Senior"": 1}","{""Lead"": 2, ""Mid"": 4, ""Senior"": 2}",87.92,60.32,53.17023521625667,73.03398028109095,79.19,75.5457715054162,87.41908826493076,88.13676678309095,99.68879137434183,5.472013257671252,0.04433799980347307,7.736654029894042,,293.4796542572879,True,8.118678507258496,92.71961694291556,9.27490865764267,0.8,68.09472511455988,35.56,4.966858646660698,Strong execution,Daily standups critical,True,Completed,2025-06-20,Reorganization,2025-05-05,2024-08-19
TEAM831,Beta Unit,PRJ364,2023-11-16,AI-Recommended,EMP1961,"EMP1500,EMP0966,EMP0954,EMP0678,EMP0242,EMP1961,EMP0738,EMP1516",8,"{""Finance"": 4, ""Financial"": 1, ""Sales"": 1, ""Controller"": 2}","{""Senior"": 4, ""Mid"": 1, ""Principal"": 3}",90.94,50.62,49.992266858157016,69.9734161890355,80.79,74.98736840486079,46.93798198667561,66.18331834469156,76.51616832780962,8.182982923292585,1.9422205843083098,7.760738241426895,True,331.7657734858974,True,9.289300130300775,100.00995777566821,7.473525937755244,0.892343340559203,83.9110568787263,61.33,4.902269068091996,Communication issues resolved,Clear roles helped,True,Completed,2024-06-12,Reorganization,2023-11-16,2026-03-24
TEAM832,Alpha Crew,PRJ195,2023-12-14,Hybrid,EMP0392,"EMP1074,EMP0392,EMP0349",3,"{""Recruiter"": 2, ""HR"": 1}","{""Lead"": 2, ""Senior"": 1}",95.04,77.68,85.88864688211216,62.897137511448385,59.5,100.0,66.04514774031456,,75.55274199128266,9.398961878162682,2.084640226286428,6.960960666325415,False,,,,,8.965511044256422,0.9954465840677725,100.55791114969739,64.63,1.1686314052817055,Great collaboration,Async communication worked well,True,Active,,,2023-12-14,2024-09-09
TEAM833,Beta Force,PRJ512,2024-02-25,Hybrid,EMP0527,"EMP156,EMP0900,EMP1497,EMP1077,EMP1087,EMP0586,EMP1541,EMP0527,EMP0994",9,"{""HR"": 1, ""Business"": 1, ""Sales"": 4, ""Account"": 2, ""Logistics"": 1}","{""Principal"": 3, ""Lead"": 2, ""Mid"": 1, ""Senior"": 2, ""Junior"": 1}",100.0,91.79,42.14993417077714,92.43221618830543,87.23,76.7378401517416,92.63869141430547,85.00917643297346,91.71826735696827,9.26227337306346,0.8934385592909653,8.493295379184628,,213.16877133161987,True,6.465275984408459,84.60897278262934,9.003097445683608,0.8971335251142257,82.94670741540634,59.31,1.0666031114349548,Exceeded expectations,,False,Completed,2025-07-17,Project Complete,2024-02-25,2025-11-04
TEAM834,Gamma Team,PRJ767,2025-05-18,Hybrid,EMP095,"EMP0643,EMP095,EMP0835,EMP1430,EMP0651",5,"{""Graphic"": 3, ""UX"": 1, ""UI"": 1}","{""Lead"": 2, ""Senior"": 1, ""Mid"": 2}",98.41,92.35,97.96212457522047,98.39382548754178,73.02,61.493271916829904,90.11255295288122,,67.77191834442658,7.330212120881758,0.06365063755102228,7.849960167520406,,,,,,8.053258916055263,1.213637660446029,60.47669148019652,47.04,0.9593377424385208,Exceeded expectations,,True,Active,,,2025-05-18,2024-08-27
TEAM835,Alpha Team,PRJ717,2023-02-15,AI-Recommended,EMP1382,"EMP1376,EMP1447,EMP0999,EMP1272,EMP1382",5,"{""Recruiter"": 3, ""HR"": 2}","{""Lead"": 3, ""Senior"": 2}",86.27,65.82,55.909354776730815,71.24706345468796,72.19,87.4422775040666,63.4965068337194,97.51181063979054,29.5,6.753029647298545,1.950315526821305,6.6665950363951465,True,216.80823965297265,False,8.938316908282179,96.6379595653811,8.834707693296345,1.0942415466565998,98.01168609286404,73.17,2.941179935161944,Communication issues resolved,Daily standups critical,True,Completed,2024-04-14,Budget Cut,2023-02-15,2026-01-08
TEAM836,Omega Unit,PRJ212,2025-11-23,Manual,EMP0812,"EMP0781,EMP0810,EMP1017,EMP0812,EMP197,EMP0557",6,"{""Campaign"": 5, ""SEO"": 1}","{""Mid"": 3, ""Senior"": 3}",92.44,42.63,63.68048528585078,42.108886019350244,100.0,80.30806690756498,76.45186296105506,92.671679423079,77.25142435253981,8.397664753571432,0.0,7.829466400382231,True,162.23197517377625,True,7.678946659811203,93.02724343899997,7.719541742651813,0.8923098455206675,73.30533283550268,36.81,3.9620562990680197,,Daily standups critical,True,Completed,2025-10-25,Budget Cut,2025-11-23,2024-09-05
TEAM837,Sigma Team,PRJ430,2023-06-28,Hybrid,EMP1269,"EMP075,EMP0919,EMP0681,EMP1269",4,"{""Senior"": 1, ""QA"": 1, ""Software"": 2}","{""Lead"": 3, ""Senior"": 1}",98.48,66.52,71.59331304772866,90.65042962755234,76.86,84.3508663506144,78.34501894812175,66.06174577008254,75.91892177421188,7.313912946986083,2.016129478397367,7.026288455317806,True,268.30252424739325,True,7.322183650152968,98.60379650773089,5.258066832854995,1.1056696466920666,74.10684980287954,52.34,0.1338077339912351,Strong execution,Async communication worked well,True,Completed,2024-06-23,Project Complete,2023-06-28,2025-09-03
TEAM838,Gamma Squad,PRJ738,2025-01-28,Manual,EMP132,"EMP1747,EMP1866,EMP1104,EMP0854,EMP1100,EMP132",6,"{""Graphic"": 3, ""UI"": 3}","{""Lead"": 2, ""Senior"": 4}",91.59,54.61,64.41188566204356,79.39575821301763,86.41,86.47162391596743,82.27714967576455,72.64187174681204,87.1695867817388,6.976555895403738,3.0,7.429419769385365,True,157.84146997112506,True,6.680597976585443,115.70279756648449,7.376074375699071,1.2772316787725368,96.71667797921947,75.18,0.9206897848088826,Great collaboration,Daily standups critical,True,Completed,2024-09-18,Reorganization,2025-01-28,2025-04-04
TEAM839,Alpha Force,PRJ953,2024-08-26,AI-Recommended,EMP0951,"EMP0853,EMP1775,EMP0558,EMP0626,EMP143,EMP1457,EMP1626,EMP122,EMP1688,EMP0951",10,"{""Team"": 6, ""Software"": 2, ""DevOps"": 1, ""QA"": 1}","{""Senior"": 5, ""Lead"": 2, ""Mid"": 3}",100.0,46.06,97.70885635337056,77.67404743112743,63.12,76.12798414396877,55.406018255138235,70.46516195176717,72.6293302632243,7.906257073049084,1.9924751321444099,9.038522689250172,True,171.70037314974732,True,6.364078793731176,93.66385783608077,7.23660246461925,0.8919915602933042,50.0,43.15,0.8963228998264294,Communication issues resolved,Async communication worked well,,Completed,2025-03-24,Project Complete,2024-08-26,2024-11-25
TEAM840,Omega Squad,PRJ217,2025-08-21,Manual,EMP0243,"EMP0281,EMP0205,EMP1108,EMP0243,EMP0664,EMP0637,EMP0511,EMP1010,EMP1470",9,"{""Logistics"": 2, ""Operations"": 6, ""Project"": 1}","{""Principal"": 1, ""Senior"": 4, ""Lead"": 4}",95.17,46.37,67.03839257114696,76.56568644832072,76.5,53.87308244636355,69.80116634377154,93.41209439246,71.38771572076934,6.993553437505247,0.015814930610927615,6.104162477031029,True,139.6596758331433,True,9.907300082372632,96.54705872982703,7.001739093412961,1.201265017740332,93.69149608323623,64.33,0.9596296301079124,Strong execution,Clear roles helped,False,Completed,2025-06-02,Project Complete,2025-08-21,2025-08-23
TEAM841,Alpha Crew,PRJ630,2024-03-06,Hybrid,EMP0895,"EMP0895,EMP0814,EMP0489,EMP056,EMP1275",5,"{""Software"": 1, ""Team"": 2, ""Senior"": 2}","{""Lead"": 1, ""Mid"": 2, ""Senior"": 2}",95.76,97.48,51.121087305477886,80.07060533002029,68.58,82.69516590205549,94.80429936845725,71.30307249655476,66.01604707103945,8.079113495702728,1.0246490787126392,4.807069830732349,True,144.5381235368151,True,8.127850978554935,96.45017288865422,,1.1047480997658305,88.16230604270113,34.99,0.03140553253435834,Strong execution,Need better docs,True,Completed,2024-12-05,Project Complete,2024-03-06,2025-06-23
TEAM842,Alpha Force,PRJ167,2023-11-09,Manual,EMP1396,"EMP0962,EMP0633,EMP1497,EMP0380,EMP0880,EMP1961,EMP1635,EMP1396,EMP1849",9,"{""Account"": 1, ""Sales"": 2, ""Financial"": 2, ""Accountant"": 3, ""Controller"": 1}","{""Lead"": 2, ""Principal"": 4, ""Mid"": 1, ""Senior"": 2}",100.0,63.46,68.47654311155168,86.13149018204221,78.8,75.02717569390413,67.69996069776629,95.61089122659925,62.09172453811483,8.082325242956056,3.0,8.664858239961072,True,328.7338062457657,True,4.8,92.56011667936468,,0.806059338757769,110.37628381947312,46.08,2.0856326670641656,Strong execution,,True,Completed,2025-06-23,Project Complete,2023-11-09,2025-05-14
TEAM843,Alpha Unit,PRJ119,2023-03-04,AI-Recommended,EMP1493,"EMP1587,EMP0981,EMP1493",3,"{""Marketing"": 1, ""Campaign"": 1, ""SEO"": 1}","{""Lead"": 1, ""Senior"": 2}",100.0,100.0,52.729620753969805,80.82257125695007,94.5,61.39615600855001,55.781516094857686,68.84605085407975,69.27477588398514,6.173682809263354,1.916555083422177,8.343911328218104,True,284.0457476423137,False,9.008952912662739,117.33081382733342,5.4757602246264145,1.2030173164140376,91.77037317271532,64.76,4.849380828840812,Strong execution,,False,Completed,2024-05-06,Reorganization,2023-03-04,2024-06-16
TEAM844,Gamma Unit,PRJ117,2025-03-12,Manual,EMP1106,"EMP1276,EMP1773,EMP0230,EMP0630,EMP0273,EMP1349,EMP1106,EMP0545",8,"{""UX"": 1, ""UI"": 5, ""Product"": 1, ""Graphic"": 1}","{""Mid"": 3, ""Lead"": 3, ""Senior"": 2}",100.0,53.82,59.40159199868942,71.82783274754011,63.64,79.03500800625665,72.65955721497589,88.5859805824934,68.36055705915473,6.366168651845666,2.045966075602705,6.6477956760587,True,319.1491978273091,False,6.424910555253902,78.7352396653592,6.363521470172156,1.2111871170158208,75.11987512169621,59.17,4.034992055808202,,Clear roles helped,True,Completed,2025-07-16,Budget Cut,2025-03-12,2026-01-04
TEAM845,Omega Force,PRJ806,2023-01-26,AI-Recommended,EMP1214,"EMP1074,EMP1652,EMP1214,EMP0659,EMP076",5,"{""Recruiter"": 1, ""People"": 3, ""HR"": 1}","{""Lead"": 2, ""Senior"": 3}",99.77,63.16,76.24557669392112,80.47310865651086,67.27,75.59579595990033,73.97712908251297,60.56450292549122,45.56542109620061,7.227679785461183,0.04087638322052522,7.348729149242988,True,47.642893505785736,True,7.757898083955203,94.69754482510498,7.6467855431102585,1.1025710360183398,73.20081105760131,62.71,0.9710399399633332,Strong execution,,True,Completed,2023-10-05,Project Complete,2023-01-26,2025-06-13
TEAM846,Sigma Crew,PRJ118,2023-08-08,Hybrid,EMP017,"EMP0419,EMP1055,EMP017",3,"{""SEO"": 3}","{""Mid"": 1, ""Senior"": 2}",100.0,98.58,81.46661707693032,43.95376219454342,87.95,89.39693237071009,61.14981958789,90.08338910305069,84.7175086166622,5.555791357003836,1.0496866736696098,5.723446840175604,True,104.6235502536406,True,7.400644809870411,90.48548428730714,8.39007075871673,1.0045384500197894,64.61229155151214,53.4,1.9320486872028395,Exceeded expectations,,False,Completed,2024-04-09,Reorganization,2023-08-08,2024-07-20
TEAM847,Beta Force,PRJ471,2024-10-05,Manual,EMP1647,"EMP133,EMP1647,EMP1405,EMP0561,EMP175,EMP124,EMP1480,EMP132,EMP1081",9,"{""UI"": 4, ""Product"": 1, ""Graphic"": 3, ""UX"": 1}","{""Senior"": 3, ""Lead"": 2, ""Mid"": 3, ""Junior"": 1}",100.0,67.48,61.94012226203162,76.71991044417902,66.53,77.16550056753451,83.66930885952935,100.0,77.28862264874724,5.140717300398508,0.0,8.584493151030712,,285.81034361999,True,7.856209074283916,104.66345858017345,7.046918839329071,1.0021330776375343,75.32897974582822,57.81,2.9305381379853164,Strong execution,Async communication worked well,,Completed,2026-01-17,Budget Cut,2024-10-05,2025-12-09
TEAM848,Alpha Crew,PRJ829,2023-06-12,Manual,EMP0808,"EMP1402,EMP0724,EMP0594,EMP1564,EMP1014,EMP0854,EMP1427,EMP1337,EMP0808",9,"{""Graphic"": 1, ""UX"": 1, ""UI"": 7}","{""Mid"": 4, ""Senior"": 3, ""Lead"": 2}",98.58,53.64,70.73370040365711,90.24626376743278,67.71,62.16674668939017,56.29186547472937,76.69112062563286,97.74674940368796,8.842570353634978,0.0,5.783686789417865,True,44.1201257317812,True,9.595600331232284,111.70562083304586,7.883038912743186,0.8051354056568559,82.83369556440653,66.52,1.0997409663819524,Great collaboration,Async communication worked well,True,Completed,2024-03-28,Project Complete,2023-06-12,2025-03-03
TEAM849,Alpha Team,PRJ158,2025-03-16,AI-Recommended,EMP1411,"EMP0599,EMP0861,EMP1146,EMP1411,EMP1205,EMP1503,EMP1738,EMP1008,EMP1329,EMP0556",10,"{""Recruiter"": 4, ""HR"": 6}","{""Lead"": 2, ""Mid"": 3, ""Senior"": 3, ""Junior"": 2}",100.0,47.33,97.48282305310238,54.6977518144844,67.5,74.73276070188761,66.32435340265484,81.33736169034715,100.0,5.6060961507502105,3.0,7.114775858328733,True,340.82658325678386,True,7.997525237452625,100.36862845104133,7.711719051129229,1.206506218729976,86.97165351000226,59.12,1.0511523500979065,Exceeded expectations,Daily standups critical,True,Completed,2025-07-17,Project Complete,2025-03-16,2025-09-29
TEAM850,Alpha Unit,PRJ260,2024-08-26,AI-Recommended,EMP0494,"EMP136,EMP0494,EMP0313",3,"{""Account"": 3}","{""Lead"": 2, ""Senior"": 1}",100.0,95.84,85.74472893263595,75.20427018783558,75.22,99.62809018411076,84.08612195889071,91.0822321346718,73.87669428203544,9.721427078978357,3.0,9.617011440625056,True,92.1105894642716,True,9.290942273890876,99.57265405192813,6.461159852000475,1.0081364865215132,71.72095798593804,60.99,2.0455632721548196,,,True,Completed,2025-07-03,Budget Cut,2024-08-26,2024-08-01
TEAM851,Delta Team,PRJ222,2025-03-13,Hybrid,EMP1292,"EMP065,EMP1088,EMP1292",3,"{""Accountant"": 2, ""Finance"": 1}","{""Principal"": 2, ""Senior"": 1}",100.0,100.0,86.21847291654514,70.83878861305341,100.0,79.9023182047503,62.16513072264159,98.37768469044707,80.99581358239867,6.786306585005505,1.8724144973680272,8.293143039142809,True,339.4338137269574,True,6.791731015845853,105.59601057599498,9.260439760172185,0.9095817225740745,76.15728017562829,74.56,1.923185446728806,Great collaboration,,True,Completed,2025-11-18,Budget Cut,2025-03-13,2025-01-25
TEAM852,Alpha Crew,PRJ329,2025-02-19,Manual,EMP196,"EMP196,EMP0496,EMP108,EMP171",4,"{""Business"": 2, ""Sales"": 2}","{""Lead"": 2, ""Senior"": 1, ""Principal"": 1}",100.0,91.79,83.5701559265797,82.88011230094413,78.06,60.90411928963512,47.05069926125475,87.46548917048457,58.55366883346715,7.219612840327403,2.9233226061206037,6.589211660794878,True,102.96981845120536,False,7.292782672754477,99.86561409376307,,1.3,53.47985879605113,73.75,2.957494403275733,Communication issues resolved,Clear roles helped,,Completed,2025-01-03,Project Complete,2025-02-19,2024-11-18
TEAM853,Alpha Crew,PRJ405,2024-10-09,Hybrid,EMP1758,"EMP1337,EMP1758,EMP0622",3,"{""UI"": 3}","{""Senior"": 1, ""Lead"": 2}",100.0,100.0,86.44229026212905,64.14292247980408,75.39,100.0,64.39643724198748,,75.52136904587402,9.492267649450012,2.102529305829341,6.871588187977158,False,,,,,8.977995333302696,0.9862221296700724,100.93900106063467,72.92,1.0897514726269948,Great collaboration,Async communication worked well,True,Active,,,2024-10-09,2024-08-03
TEAM854,Gamma Crew,PRJ003,2024-01-28,Manual,EMP0520,"EMP0636,EMP038,EMP1398,EMP0906,EMP1288,EMP1638,EMP0520,EMP024,EMP0642",9,"{""HR"": 4, ""People"": 3, ""Recruiter"": 2}","{""Senior"": 4, ""Mid"": 4, ""Junior"": 1}",94.53,46.47,96.6446020482864,88.16638072951194,71.62,79.80918716790427,89.79433950334045,75.32749817336078,63.01217766188277,6.7126494261584,3.0,7.933377305162983,True,200.13582616480662,True,9.982077896879971,84.23840643574333,6.752395437698962,1.2951915918531312,70.37844148456742,72.5,5.0,Strong execution,,False,Completed,2024-02-16,Project Complete,2024-01-28,2026-02-12
TEAM855,Omega Force,PRJ264,2023-11-15,AI-Recommended,EMP125,"EMP0539,EMP1337,EMP1100,EMP008,EMP125",5,"{""Product"": 1, ""UI"": 2, ""Graphic"": 2}","{""Lead"": 3, ""Senior"": 2}",89.12,59.77,76.10043131055373,78.94677450744182,54.75,76.63245822107667,74.42909131061933,59.66131978861842,46.63860178121236,7.3728348200645595,0.0,7.461600668268134,True,49.007934220226176,True,7.676170166526968,93.76576140112755,7.695084221314627,1.1013730714160428,72.87342220404345,70.44,1.0227719462483176,Strong execution,,True,Completed,2023-10-05,Project Complete,2023-11-15,2024-12-19
TEAM856,Sigma Team,PRJ189,2024-08-09,Manual,EMP0211,"EMP0626,EMP1326,EMP0519,EMP1486,EMP0211",5,"{""Software"": 2, ""Team"": 2, ""Senior"": 1}","{""Mid"": 2, ""Junior"": 1, ""Lead"": 2}",100.0,70.7,66.85760019655551,92.25166514325326,78.3,68.22202962368642,84.06306124561749,84.97358097676644,37.83340636237094,8.475541510448997,2.945109589651443,7.575102108746501,True,187.4345522472642,True,8.762263979552941,114.45157120618903,6.868851662694238,0.9949554296282156,81.65741562319488,37.4,2.98681000478156,Communication issues resolved,Async communication worked well,True,Completed,2024-11-27,Reorganization,2024-08-09,2025-01-11
TEAM857,Omega Unit,PRJ491,2024-10-05,Manual,EMP0978,"EMP065,EMP0978,EMP1425,EMP0572,EMP1923,EMP0582",6,"{""Accountant"": 1, ""Logistics"": 3, ""Operations"": 2}","{""Principal"": 1, ""Lead"": 2, ""Senior"": 1, ""Mid"": 1, ""Junior"": 1}",92.97,100.0,64.22170447877224,41.97277187443506,79.0,79.57948331129987,76.53111050223056,92.34355312655077,76.50664459520594,8.431845999644871,0.059271202997995355,7.808089932964944,True,170.9650793938919,True,7.5844786308985634,93.31662877904047,7.667709191747036,0.8997999039270621,73.32387765877482,68.16,4.082774065565448,,Daily standups critical,True,Completed,2025-10-25,Budget Cut,2024-10-05,2024-09-07
TEAM858,Alpha Crew,PRJ332,2023-08-18,AI-Recommended,EMP166,"EMP1653,EMP1469,EMP166,EMP1995,EMP0641,EMP1140,EMP1462,EMP1486,EMP1655",9,"{""Team"": 1, ""DevOps"": 1, ""QA"": 2, ""Software"": 3, ""Senior"": 2}","{""Mid"": 3, ""Senior"": 3, ""Lead"": 3}",100.0,48.11,79.65337674494086,62.08756069129509,81.02,64.48312052612953,79.61738878738628,93.34825310832721,64.60957677092874,6.79191376198082,0.9810460940492367,8.26541902903877,True,197.6150319311405,False,6.074598366090522,103.2417289995328,9.870923743870135,1.0021245258725984,92.99789918222422,41.81,0.04168289606713007,Exceeded expectations,Daily standups critical,True,Completed,2024-11-29,Project Complete,2023-08-18,2024-12-06
TEAM859,Gamma Crew,PRJ461,2025-01-22,Hybrid,EMP1953,"EMP182,EMP047,EMP1397,EMP1907,EMP1406,EMP0928,EMP0345,EMP1269,EMP1953,EMP0538",10,"{""DevOps"": 1, ""Senior"": 5, ""Software"": 3, ""QA"": 1}","{""Senior"": 1, ""Mid"": 5, ""Lead"": 4}",100.0,35.59,84.76329347095216,77.22962988501116,87.77,100.0,59.1136046486686,70.68137145549478,63.74484791182751,7.023054757092923,0.01604013779298255,7.561624083622644,True,253.64724053081687,True,7.143643094424823,105.55583818041967,9.967134659777601,0.8908216199454166,101.31171104197115,31.71,4.0309031668276845,Strong execution,Need better docs,,Completed,2025-10-12,Budget Cut,2025-01-22,2024-07-29
TEAM860,Omega Squad,PRJ401,2025-04-21,Hybrid,EMP1112,"EMP169,EMP1112,EMP1669",3,"{""HR"": 2, ""Recruiter"": 1}","{""Senior"": 1, ""Lead"": 2}",100.0,94.65,88.87745535731824,62.887912138931995,72.59,96.24635273591238,78.04445094624695,55.38359068476071,49.8243263535139,5.681802168790297,2.057806727210706,7.8437710897609545,True,75.96295512584072,True,6.63614725435682,85.27986512292034,9.032866548353518,1.08898807487529,93.27685471392203,71.59,3.9599401096351956,Strong execution,,False,Completed,2025-02-04,Project Complete,2025-04-21,2025-11-26
TEAM861,Sigma Crew,PRJ229,2024-06-21,Hybrid,EMP1018,"EMP1018,EMP095,EMP049",3,"{""UI"": 1, ""Graphic"": 2}","{""Lead"": 2, ""Senior"": 1}",100.0,92.65,84.04716041786622,42.705115566198074,69.93,89.49976747671931,64.01811095484194,90.62615216108672,84.38280082438699,5.440690113121497,0.9998612382599749,5.705651729533895,True,95.92329822702338,True,7.38346910220696,89.13122349883555,8.280326877879498,1.0097192449798347,65.84131330016625,62.31,2.035394164934175,Exceeded expectations,,False,Completed,2024-04-09,Reorganization,2024-06-21,2024-07-11
TEAM862,Sigma Unit,PRJ825,2023-12-15,AI-Recommended,EMP106,"EMP106,EMP156,EMP0520,EMP0349,EMP1137",5,"{""Recruiter"": 2, ""HR"": 3}","{""Lead"": 2, ""Principal"": 1, ""Senior"": 2}",94.43,100.0,84.47290308354808,78.16610498111648,81.29,99.00880142969784,73.49359938944524,74.46873426535069,73.83196961639416,7.502652951014536,0.0,6.141221769405835,True,194.34781338257127,True,7.169739822252089,102.58078207048943,7.558759351517374,1.0066929649913008,86.21834387177019,61.38,4.1336801883973555,Strong execution,,True,Completed,2024-07-07,Project Complete,2023-12-15,2026-02-15
TEAM863,Alpha Crew,PRJ515,2024-05-05,Manual,EMP0242,"EMP0242,EMP0237,EMP0278,EMP0878,EMP0552,EMP0760,EMP1530,EMP0271,EMP0711",9,"{""Sales"": 1, ""Logistics"": 1, ""Team"": 1, ""Account"": 1, ""Financial"": 4, ""Accountant"": 1}","{""Principal"": 2, ""Senior"": 2, ""Lead"": 1, ""Mid"": 4}",79.38,70.58,70.97482817667205,89.9152358300414,68.06,63.806383025250774,57.53046855269213,76.26107925160223,97.54135801127133,8.879253434934324,0.0,5.663842831590735,True,46.2701745662347,True,9.754404804180362,111.79014901322036,7.960606442865046,0.8048835451501055,82.94011776356808,41.77,0.9101955712066604,Great collaboration,Async communication worked well,True,Completed,2024-03-28,Project Complete,2024-05-05,2025-01-28
TEAM864,Alpha Squad,PRJ160,2023-09-14,Hybrid,EMP0556,"EMP1293,EMP0310,EMP0830,EMP1394,EMP0556,EMP1300,EMP0635,EMP1931,EMP0563,EMP0699",10,"{""HR"": 8, ""Recruiter"": 2}","{""Senior"": 5, ""Mid"": 4, ""Junior"": 1}",100.0,41.18,69.92289738263368,81.64114602594292,86.59,79.95426414168678,91.2654969360803,64.05953417351029,93.50351963128479,7.688346885866448,2.9603373595782116,5.275948584060014,True,111.22859771451252,True,9.128817959024941,90.11661177985138,8.043791385142377,1.2092279419269523,104.11500313999937,44.23,5.0,Great collaboration,,True,Completed,2024-02-28,Project Complete,2023-09-14,2025-12-08
TEAM865,Sigma Unit,PRJ943,2023-11-06,Hybrid,EMP0230,"EMP1758,EMP0230,EMP0938,EMP1556",4,"{""UI"": 2, ""Product"": 1, ""Graphic"": 1}","{""Lead"": 4}",94.6,37.05,84.53505837195871,70.8045026974867,58.03,61.239129534326764,91.21040538494894,95.8339126782464,93.91156974194688,7.091407877798765,2.9727272784713956,8.530920387081713,True,303.41612197798435,False,6.415221708429186,108.35040609660702,8.556582605475564,0.8,83.87967670067218,71.78,1.0187552247746794,,Async communication worked well,,Completed,2025-01-13,Budget Cut,2023-11-06,2025-08-01
TEAM866,Alpha Force,PRJ973,2025-02-25,Manual,EMP065,"EMP159,EMP0747,EMP1238,EMP1148,EMP152,EMP1419,EMP065,EMP0371,EMP0800",9,"{""Accountant"": 2, ""Finance"": 6, ""Controller"": 1}","{""Senior"": 7, ""Principal"": 2}",96.78,30.83,69.4657076164894,85.63877014629782,84.44,74.88845409033856,67.30514416390913,96.03374079087872,60.95979874219744,8.068786352229942,3.0,8.716322198516838,True,326.2670582044206,True,4.814914560462095,91.88033697688819,,0.8052188779681206,109.82548744368746,73.77,2.045562274797656,Strong execution,,True,Completed,2025-06-23,Project Complete,2025-02-25,2025-10-11
TEAM867,Sigma Crew,PRJ074,2025-12-18,AI-Recommended,EMP1352,"EMP175,EMP0622,EMP1352,EMP0539,EMP1100,EMP1491,EMP1514,EMP1589,EMP0854,EMP1427",10,"{""UI"": 7, ""Product"": 1, ""Graphic"": 2}","{""Mid"": 3, ""Lead"": 5, ""Senior"": 2}",100.0,47.69,97.43229980770795,80.43716353458902,69.93,70.53575374955581,79.90035788467422,67.31138392225074,73.98707286694174,6.460336284544396,2.9855584341646457,6.118858120470116,True,148.63680084740503,False,8.107938515665055,109.66583451620438,9.583511978256118,1.2061543678113784,74.94022106970672,58.78,3.0809138893509735,Exceeded expectations,Daily standups critical,True,Completed,2025-07-30,Project Complete,2025-12-18,2024-12-03
TEAM868,Gamma Unit,PRJ029,2025-05-23,Manual,EMP1411,"EMP1468,EMP1783,EMP1411,EMP1949,EMP1796,EMP1846,EMP0879,EMP1399,EMP1314",9,"{""HR"": 6, ""Recruiter"": 2, ""People"": 1}","{""Senior"": 3, ""Lead"": 3, ""Junior"": 3}",95.77,60.02,65.69564555008971,90.5567273279466,73.83,61.09405095898967,58.5539530320098,54.6303855132536,94.72707210335255,5.70486180155986,3.0,8.258902003315233,True,191.85212773778173,True,9.450924045963495,83.58477963591879,7.077961018514821,0.8016327491244695,99.10815393986941,48.95,0.9324304963181315,,Clear roles helped,True,Completed,2025-02-19,Reorganization,2025-05-23,2026-01-28
TEAM869,Alpha Squad,PRJ476,2023-07-07,Hybrid,EMP1826,"EMP0619,EMP171,EMP1578,EMP1737,EMP1826,EMP0878,EMP1452,EMP0431,EMP1831,EMP1044",10,"{""Business"": 2, ""Sales"": 7, ""Account"": 1}","{""Lead"": 4, ""Senior"": 2, ""Principal"": 1, ""Junior"": 3}",99.86,70.78,70.09622292803724,81.34717142726416,69.83,80.95486630455054,90.71020932835367,64.06299859297282,92.87517376968187,7.699720815904304,3.0,5.262321233502746,True,112.12520279398669,True,9.132993163090518,91.19557845333512,7.968735095301236,1.193345364370207,104.51287643141926,66.06,5.0,Great collaboration,,True,Completed,2024-02-28,Project Complete,2023-07-07,2025-10-13
TEAM870,Alpha Crew,PRJ969,2023-09-20,Manual,EMP1505,"EMP1791,EMP1518,EMP1055,EMP1203,EMP1958,EMP1012,EMP138,EMP1936,EMP1505",9,"{""SEO"": 3, ""Campaign"": 3, ""Content"": 1, ""Marketing"": 2}","{""Mid"": 5, ""Senior"": 2, ""Junior"": 1, ""Lead"": 1}",100.0,68.42,71.37348236047518,90.57822798324423,73.56,61.22019835951797,56.77195951489612,75.48493136150867,97.47871414738873,8.865010358521882,0.0,5.6903600055547034,True,44.927032106202255,True,9.630682500760884,110.27554468197226,7.8683680950465655,0.8,83.48331781405236,46.6,1.0055939671037701,Great collaboration,Async communication worked well,True,Completed,2024-03-28,Project Complete,2023-09-20,2025-03-25
TEAM871,Beta Unit,PRJ371,2024-06-06,Manual,EMP0303,"EMP0303,EMP0499,EMP1373,EMP1961,EMP0536,EMP0531,EMP0312",7,"{""Accountant"": 2, ""Finance"": 2, ""Financial"": 1, ""Controller"": 2}","{""Principal"": 3, ""Senior"": 1, ""Mid"": 2, ""Junior"": 1}",86.61,75.95,47.20472167099393,81.34433092319729,69.58,79.93239808874374,59.600752641994525,68.72768647571287,80.70227919366162,8.02157912975332,2.9871671064421874,6.123765490092984,True,313.030604583905,True,6.618206157182341,107.78740753836271,8.224911108219152,0.9985883891661379,80.27812544612156,61.65,3.0081983423719976,Communication issues resolved,,True,Completed,2024-11-06,Budget Cut,2024-06-06,2024-10-27
TEAM872,Alpha Squad,PRJ738,2024-12-20,Manual,EMP1554,"EMP0622,EMP0353,EMP1313,EMP1554,EMP1104,EMP133,EMP041",7,"{""UI"": 6, ""UX"": 1}","{""Lead"": 1, ""Senior"": 4, ""Mid"": 2}",100.0,74.94,90.76586141406071,97.1036862504858,82.57,82.73944784281566,38.307491447944855,77.82733656608579,57.90859493009145,8.133393206064367,0.9985929202825133,7.95842996194226,True,70.37107272342458,False,7.529702633886256,95.45395725636564,7.788122344856272,1.0955259128734909,100.83177818133632,67.93,4.89509100108676,Communication issues resolved,Daily standups critical,True,Completed,2024-06-02,Budget Cut,2024-12-20,2024-09-14
TEAM873,Beta Squad,PRJ397,2023-12-20,Hybrid,EMP0638,"EMP0286,EMP0638,EMP0353",3,"{""Graphic"": 2, ""UI"": 1}","{""Senior"": 2, ""Lead"": 1}",100.0,91.54,87.97911077013964,94.4639717957275,73.49,74.32381461006469,33.3,86.0878692660592,82.96036038957303,6.440321194434496,2.029496721386012,7.724665515447358,True,207.9792981820749,True,6.50364428780273,113.83758991346932,5.7839261828878925,0.8041419541797875,114.73784678709296,69.12,0.9326951309529634,Exceeded expectations,,True,Completed,2024-07-07,Budget Cut,2023-12-20,2025-12-10
TEAM874,Sigma Squad,PRJ109,2024-12-11,AI-Recommended,EMP0826,"EMP0599,EMP0826,EMP1984,EMP0542,EMP0277,EMP035,EMP1512,EMP0310,EMP1314,EMP1940",10,"{""Recruiter"": 3, ""HR"": 6, ""People"": 1}","{""Lead"": 5, ""Senior"": 3, ""Mid"": 1, ""Principal"": 1}",100.0,54.7,91.12969468865762,57.90163572642493,66.23,40.9,87.62238604411856,89.2532394194265,72.54811286664615,6.113664262419061,1.0029662062251756,8.236663566355158,True,229.19869390468244,False,9.777867531955318,97.54534442098871,7.409640479130451,1.1139132340427915,87.7389654386321,62.22,0.9212197624748603,,Daily standups critical,False,Completed,2025-09-26,Budget Cut,2024-12-11,2025-12-06
TEAM875,Alpha Unit,PRJ514,2024-06-30,AI-Recommended,EMP1200,"EMP1349,EMP1924,EMP1200",3,"{""Graphic"": 2, ""UI"": 1}","{""Lead"": 3}",100.0,55.27,84.61920656757086,76.27397121064271,37.0,100.0,83.79690809006428,90.31485287436595,74.68623139652237,9.770395611509889,3.0,9.647040277181226,True,85.88003762615556,True,9.117642562629381,99.71062433126555,6.381180315997184,1.002128425847732,69.62110751751278,55.65,2.172900784758385,,,True,Completed,2025-07-03,Budget Cut,2024-06-30,2024-05-22
TEAM876,Omega Force,PRJ345,2024-03-24,Hybrid,EMP1669,"EMP079,EMP1672,EMP1669",3,"{""Recruiter"": 2, ""HR"": 1}","{""Lead"": 3}",100.0,45.65,58.68063681133522,59.28094792589745,54.73,95.53949830507976,67.79476862156334,57.741738620193765,48.93341592662184,5.6726892185634945,0.0,7.931208236757237,True,86.0137172060376,True,7.949645560749368,108.34188774336008,5.9937637245696305,0.8925457096175827,81.52369966861202,62.72,4.018583351083408,Communication issues resolved,Need better docs,True,Completed,2024-12-30,Reorganization,2024-03-24,2025-09-03
TEAM877,Delta Unit,PRJ238,2023-10-16,AI-Recommended,EMP1864,"EMP1076,EMP1864,EMP1163,EMP0970",4,"{""Recruiter"": 2, ""People"": 2}","{""Lead"": 2, ""Principal"": 1, ""Senior"": 1}",100.0,97.65,63.6216846439045,66.74989300123504,79.96,100.0,72.4624801405764,74.03163884711066,59.502657067380035,7.596420819053557,0.015235968510424617,8.696954212557154,True,113.74378386691767,False,7.79872213990616,92.32779591319272,8.211800279560176,1.116442868260485,106.65121712371558,48.63,3.982556768313177,Great collaboration,,True,Completed,2024-05-27,Project Complete,2023-10-16,2025-03-20
TEAM878,Beta Unit,PRJ753,2023-03-15,Manual,EMP1447,"EMP169,EMP0599,EMP1382,EMP1447,EMP1940,EMP0858,EMP1314",7,"{""HR"": 4, ""Recruiter"": 3}","{""Senior"": 1, ""Lead"": 6}",100.0,49.16,47.11114854579554,82.6955745232449,63.19,79.74438608235562,59.017106776143,70.61182280635754,80.33403430430221,7.92114374258918,2.9790105922954635,6.1928384950832935,True,316.61172553859325,True,6.540475421309067,107.91764996137289,8.216269852922045,1.0077945683081588,78.87289686640021,66.04,3.094002914552317,Communication issues resolved,,True,Completed,2024-11-06,Budget Cut,2023-03-15,2025-03-31
TEAM879,Beta Unit,PRJ251,2025-06-09,Manual,EMP1023,"EMP0321,EMP135,EMP1917,EMP0763,EMP1023,EMP112,EMP1080,EMP147",8,"{""Marketing"": 3, ""SEO"": 2, ""Campaign"": 3}","{""Junior"": 2, ""Mid"": 5, ""Senior"": 1}",100.0,52.81,54.21588917199468,54.39129977067126,64.18,63.61659161730571,40.29376026723253,99.8281951796526,63.03835668838422,5.970887123274672,3.0,8.04513101899338,True,54.09710567297668,True,7.027504216728788,93.70054288728706,,1.0003575431743859,83.48195787531998,39.99,2.089902747268455,Communication issues resolved,Async communication worked well,,Completed,2024-10-12,Budget Cut,2025-06-09,2025-12-04
TEAM880,Omega Force,PRJ445,2024-05-31,AI-Recommended,EMP0484,"EMP0484,EMP1512,EMP1076",3,"{""HR"": 2, ""Recruiter"": 1}","{""Senior"": 1, ""Principal"": 1, ""Lead"": 1}",100.0,100.0,56.69904309397721,72.49283450316175,82.81,83.55223560860527,40.51384995368674,95.09050529551058,60.864199033304494,7.26931501828195,0.0,7.763453699971965,True,315.57363257229576,False,10.0,116.85197516614822,7.53313869536739,1.3,69.14511065329414,62.68,0.8284528485847976,Great collaboration,Async communication worked well,False,Completed,2025-11-20,Budget Cut,2024-05-31,2025-01-07
TEAM881,Sigma Unit,PRJ449,2024-03-06,Hybrid,EMP1881,"EMP1587,EMP1218,EMP0554,EMP1881",4,"{""Marketing"": 2, ""Campaign"": 2}","{""Lead"": 2, ""Senior"": 2}",80.53,85.44,83.27133926888968,71.0660472244852,73.72,63.26800172892704,90.62563276334592,95.71257854792866,93.75192975915078,7.011446598787941,2.9916282225718196,8.524227492692516,True,293.12057612383745,False,6.379781224147672,107.95358286845699,8.230478528029487,0.8,84.7038678004424,49.9,0.99359396017469,,Async communication worked well,,Completed,2025-01-13,Budget Cut,2024-03-06,2025-09-16
TEAM882,Omega Crew,PRJ842,2024-01-08,AI-Recommended,EMP065,"EMP0888,EMP065,EMP0312,EMP028",4,"{""Accountant"": 2, ""Controller"": 1, ""Finance"": 1}","{""Senior"": 2, ""Principal"": 2}",100.0,80.41,80.1843323800491,75.34966434415628,98.11,81.60775510530387,70.36070590964654,67.04151255376823,100.0,6.763257641941833,3.0,5.435363791674735,True,246.1441683046252,True,7.2676417285241435,95.58752722382145,7.19133964555013,1.1950422452275697,84.42691576100594,70.76,4.068217580239005,Communication issues resolved,Async communication worked well,True,Completed,2025-02-10,Reorganization,2024-01-08,2025-09-15
TEAM883,Sigma Squad,PRJ809,2024-02-11,Manual,EMP122,"EMP122,EMP1465,EMP1249,EMP0702,EMP0478,EMP1406,EMP0855,EMP0518",8,"{""Team"": 2, ""DevOps"": 3, ""Senior"": 2, ""Software"": 1}","{""Senior"": 4, ""Mid"": 2, ""Junior"": 1, ""Lead"": 1}",100.0,70.19,54.779494646910706,68.5282477313577,75.49,86.20157492188997,91.40755076373964,100.0,94.679263824577,7.682723379465171,1.102173354463242,8.822962183439587,True,124.64973413490524,True,8.781694128615943,100.55344138481236,7.85835670067165,0.8,82.80704048133914,41.57,2.1649924317286318,,Clear roles helped,True,Completed,2024-07-04,Budget Cut,2024-02-11,2025-08-04
TEAM884,Omega Crew,PRJ416,2024-11-25,Hybrid,EMP0275,"EMP0993,EMP0978,EMP0332,EMP1187,EMP1108,EMP0275,EMP1752,EMP0272",8,"{""Accountant"": 1, ""Logistics"": 2, ""Operations"": 3, ""Project"": 2}","{""Principal"": 1, ""Lead"": 3, ""Senior"": 4}",96.33,51.46,67.51789647664934,62.69201044090776,76.78,91.28016609709083,71.93931977114771,90.45269132511646,86.89812549537196,7.8084428003562545,3.0,6.765885414427776,True,157.15119932842217,True,7.893166276420602,110.14284219455168,8.493828442215106,1.0003668769302565,90.02549453114456,63.52,0.04343752010152521,Communication issues resolved,,,Completed,2025-07-21,Reorganization,2024-11-25,2024-11-28
TEAM885,Gamma Crew,PRJ524,2023-10-04,AI-Recommended,EMP1337,"EMP008,EMP1491,EMP1258,EMP1279,EMP1013,EMP1018,EMP1337,EMP1526,EMP162",9,"{""UI"": 6, ""Product"": 1, ""Graphic"": 2}","{""Lead"": 3, ""Mid"": 3, ""Senior"": 3}",100.0,57.05,99.84038513280994,87.80375975030061,77.89,95.21454781643854,63.996755242601765,69.50087540719554,87.54596424849454,7.499754286043965,1.0050799167135662,9.28581710641488,,193.81613493227178,True,8.384302382606721,91.62377426652913,8.004049517721223,1.0050377238888342,66.77158241154812,57.47,1.861192847799796,Strong execution,,,Completed,2024-02-22,Project Complete,2023-10-04,2025-09-30
TEAM886,Delta Crew,PRJ319,2023-12-28,Manual,EMP0545,"EMP1018,EMP0545,EMP1316,EMP1875,EMP124,EMP0918,EMP1554,EMP117,EMP0727",9,"{""UI"": 5, ""Graphic"": 2, ""Product"": 1, ""UX"": 1}","{""Lead"": 3, ""Junior"": 3, ""Mid"": 2, ""Senior"": 1}",100.0,77.36,45.919187692463396,55.24920079060631,87.87,72.14893964356105,78.58496325602579,78.34777362125558,53.35503581133666,9.53996419957468,0.06139962655849409,7.480501638477995,,84.59752287901091,True,8.695301192979796,100.91618157239836,6.960685254663356,1.0050044257036617,73.8711992370304,52.84,1.0590333428190102,Strong execution,Need better docs,True,Completed,2024-06-29,Budget Cut,2023-12-28,2024-07-18
TEAM887,Alpha Unit,PRJ592,2024-08-23,Hybrid,EMP0484,"EMP1068,EMP0614,EMP1150,EMP1994,EMP0484,EMP0671,EMP1864,EMP0310",8,"{""Recruiter"": 4, ""People"": 2, ""HR"": 2}","{""Lead"": 3, ""Mid"": 2, ""Senior"": 2, ""Principal"": 1}",92.32,71.96,68.09553305104193,88.38992891118772,71.73,84.83181766995078,63.83288674399213,87.60273987954999,70.02835805917123,6.785887143290432,0.9794344982024055,8.280685700661783,True,42.698064799930556,False,5.881574077826931,94.1421902853172,7.3503272796974475,1.0965693105150938,74.79642158643739,43.67,0.013485368149154096,Communication issues resolved,Need better docs,True,Completed,2024-01-10,Budget Cut,2024-08-23,2025-10-18
TEAM888,Delta Squad,PRJ817,2025-03-25,AI-Recommended,EMP1657,"EMP093,EMP1567,EMP1657",3,"{""Operations"": 2, ""Logistics"": 1}","{""Senior"": 1, ""Lead"": 1, ""Principal"": 1}",92.71,100.0,66.90333343761704,94.32200464924321,65.98,92.83865757946207,97.11553959748494,65.62140417631674,55.37506245910238,5.603090101104117,2.928917916904956,8.613922083324843,True,195.47830579559744,False,8.498963522034318,109.09867009740842,6.8953204606660945,1.1080819537279525,81.13075169036682,62.09,0.0,,Clear roles helped,True,Completed,2024-12-16,Project Complete,2025-03-25,2025-02-14
TEAM889,Beta Squad,PRJ809,2025-03-10,AI-Recommended,EMP0455,"EMP0865,EMP1972,EMP0501,EMP0683,EMP166,EMP0455,EMP0395,EMP0288",8,"{""Team"": 4, ""Senior"": 1, ""QA"": 2, ""Software"": 1}","{""Mid"": 5, ""Lead"": 2, ""Senior"": 1}",92.71,63.8,90.59454054372692,63.010094145959606,68.47,96.67150174416943,78.15563626346102,85.07249591090202,58.090488588608466,6.410810584442481,2.8651152424740305,7.207194334580441,True,255.90797458688397,False,8.1385361899739,109.10170933053524,7.93789499989679,1.2817201944522791,80.31633972697564,26.31,0.04625434906020791,Great collaboration,Daily standups critical,False,Completed,2025-10-13,Project Complete,2025-03-10,2025-08-29
TEAM890,Alpha Unit,PRJ016,2023-09-05,Hybrid,EMP0941,"EMP1070,EMP0954,EMP0941,EMP0372,EMP0678,EMP064,EMP1088,EMP158",8,"{""Financial"": 3, ""Finance"": 3, ""Accountant"": 2}","{""Mid"": 3, ""Senior"": 5}",98.03,39.4,70.83439555020163,87.87235700142281,82.63,84.87540658429087,62.44333191190483,88.9418781973744,69.68431238048439,6.900131783734353,1.007979996389027,8.334958989348301,True,43.64250250380095,False,5.991661563698822,94.55018128357615,7.178596847577362,1.101736980718253,73.03970595987491,66.88,0.0,Communication issues resolved,Need better docs,True,Completed,2024-01-10,Budget Cut,2023-09-05,2025-10-23
TEAM891,Omega Unit,PRJ611,2024-03-05,Hybrid,EMP1737,"EMP1664,EMP1027,EMP1089,EMP1810,EMP1684,EMP1737",6,"{""Sales"": 5, ""Business"": 1}","{""Senior"": 2, ""Lead"": 2, ""Principal"": 2}",86.46,70.1,65.24280316008986,87.87371290461446,93.39,59.8450988267914,71.53063381421187,83.9848974832746,44.86242448730355,6.4091973305888414,1.1164046377253798,6.668632755335153,True,271.4739822140877,True,6.792346700728759,107.94880384709586,7.373337029223157,1.099845905473896,81.47893170740561,60.72,1.931775248998565,Great collaboration,Async communication worked well,False,Completed,2024-03-14,Budget Cut,2024-03-05,2026-02-07
TEAM892,Beta Force,PRJ208,2024-01-31,Hybrid,EMP1012,"EMP0721,EMP0220,EMP1960,EMP1012,EMP0554,EMP1727,EMP1296,EMP1085",8,"{""Content"": 1, ""SEO"": 3, ""Campaign"": 4}","{""Mid"": 3, ""Senior"": 5}",100.0,41.58,99.33519186310394,87.64843069315229,62.4,74.87286618923342,80.20896651891417,79.31225246927563,66.2684054413988,7.204231088104408,2.0053898426428964,4.624514551108277,True,154.5702913990189,False,7.970492053217263,85.50495067729338,8.603487858818065,0.9111280800066536,53.435253377775986,49.11,0.8254731331307752,Communication issues resolved,Async communication worked well,False,Completed,2024-10-19,Budget Cut,2024-01-31,2025-01-31
TEAM893,Omega Squad,PRJ734,2024-07-14,Hybrid,EMP0266,"EMP1442,EMP1537,EMP1200,EMP1378,EMP0938,EMP0266,EMP1566,EMP0956,EMP1349,EMP1018",10,"{""UI"": 5, ""Graphic"": 4, ""UX"": 1}","{""Senior"": 1, ""Lead"": 6, ""Mid"": 3}",88.64,45.79,100.0,83.14410001586724,79.47,87.95897817993813,42.01546752848691,78.86292754731187,80.13776782539148,5.473302650364184,3.0,7.432907537839527,True,341.50932208498045,True,8.313275659039547,84.73065350450796,6.769848772180958,1.3,90.17617071936272,54.54,4.080427036706521,Strong execution,Clear roles helped,,Completed,2025-12-11,Reorganization,2024-07-14,2025-10-20
TEAM894,Gamma Unit,PRJ116,2024-12-19,Manual,EMP1138,"EMP1424,EMP0955,EMP186,EMP1138,EMP1725,EMP1315,EMP0542,EMP1488,EMP038",9,"{""HR"": 5, ""People"": 3, ""Recruiter"": 1}","{""Senior"": 4, ""Principal"": 3, ""Mid"": 2}",99.99,45.13,64.44197889542757,89.6354128201305,90.41,61.82994858498867,58.16183253127543,55.21910698313552,95.4249383141926,5.655654965262674,2.8937427867005745,8.230210707574514,True,193.32183101223822,True,9.502361030722803,83.32905612215549,7.053543297737353,0.805128637194586,101.60690678381368,50.78,0.9604986839121521,,Clear roles helped,True,Completed,2025-02-19,Reorganization,2024-12-19,2026-05-13
TEAM895,Gamma Unit,PRJ101,2024-02-23,Manual,EMP009,"EMP0892,EMP0394,EMP1142,EMP1656,EMP009,EMP056",6,"{""DevOps"": 1, ""Team"": 2, ""Senior"": 2, ""QA"": 1}","{""Senior"": 2, ""Mid"": 4}",84.87,52.05,65.56070464330337,63.9071405655447,75.39,89.74548529519832,56.79755046389359,71.93577271790109,76.74184974200969,6.14249635515753,2.949773116944296,5.5474933414977485,True,109.87056648932577,True,10.0,109.68805132520676,6.661818864042543,1.0159342441929458,77.40975904321604,38.63,5.0,Communication issues resolved,Daily standups critical,True,Completed,2025-02-09,Reorganization,2024-02-23,2025-08-03
TEAM896,Sigma Squad,PRJ442,2024-10-21,AI-Recommended,EMP1028,"EMP1028,EMP0373,EMP1018,EMP1207,EMP1130,EMP0851,EMP1011,EMP1632,EMP0455,EMP0895",10,"{""Business"": 3, ""Sales"": 4, ""UI"": 1, ""Software"": 2}","{""Lead"": 4, ""Principal"": 2, ""Mid"": 3, ""Junior"": 1}",100.0,56.06,90.71159270842372,59.51166955835575,84.23,41.160570601273896,89.01422102689558,87.42940348945211,73.64759048335858,6.048953463050419,0.997057261477933,8.102016751041507,True,234.70443251306523,False,9.610839685035002,97.61894710422824,7.411774638688155,1.1015157354691754,88.13983492637496,54.2,1.1539246066528885,,Daily standups critical,False,Completed,2025-09-26,Budget Cut,2024-10-21,2025-10-09
TEAM897,Sigma Squad,PRJ141,2025-12-03,AI-Recommended,EMP0671,"EMP1300,EMP0861,EMP0671,EMP1382,EMP0826,EMP1237,EMP1447,EMP079,EMP1394,EMP0595",10,"{""HR"": 5, ""Recruiter"": 5}","{""Senior"": 2, ""Mid"": 3, ""Lead"": 5}",93.37,48.02,90.55701435603484,59.20566076251258,80.18,40.9,88.34432851957854,88.38197365286734,72.16029017192682,6.070679958823246,1.0287763576847377,8.216255412326607,True,214.8274181122287,False,9.715888339366044,97.26073763353065,7.436556246113198,1.1118578655593534,88.4749247102687,65.05,0.9704927492312347,,Daily standups critical,False,Completed,2025-09-26,Budget Cut,2025-12-03,2025-07-22
TEAM898,Alpha Crew,PRJ124,2024-02-05,Hybrid,EMP1103,"EMP1129,EMP1125,EMP023,EMP1103,EMP0286",5,"{""UI"": 3, ""Product"": 1, ""Graphic"": 1}","{""Senior"": 2, ""Lead"": 3}",95.51,70.7,51.49080740414245,80.31347131161453,72.62,82.67174405172315,93.136533341304,71.86680629277708,66.81067643300976,8.07491084812615,1.0719871874992912,4.73591818567055,True,136.6337395572199,True,8.1752238189899,96.84181756459662,,1.1008763522439442,89.7076064555841,58.87,0.02220571345877229,Strong execution,Need better docs,True,Completed,2024-12-05,Project Complete,2024-02-05,2025-05-09
TEAM899,Sigma Squad,PRJ308,2025-01-29,AI-Recommended,EMP1295,"EMP1063,EMP0595,EMP1194,EMP035,EMP1243,EMP0541,EMP1295,EMP1175,EMP1585,EMP1722",10,"{""HR"": 4, ""People"": 3, ""Recruiter"": 3}","{""Senior"": 5, ""Mid"": 3, ""Lead"": 1, ""Principal"": 1}",100.0,58.19,92.73939716377144,59.96229937884936,63.58,40.9,88.21513092719464,88.64501271333927,73.75971451795499,6.099095385944366,0.9686795251389122,8.192981427771441,True,222.87848061899578,False,9.667478386002035,98.09110980507008,7.474215687624601,1.1042938795861168,88.06830756009727,56.19,1.0456727147217206,,Daily standups critical,False,Completed,2025-09-26,Budget Cut,2025-01-29,2025-11-26
TEAM900,Alpha Crew,PRJ212,2024-01-02,AI-Recommended,EMP1881,"EMP0212,EMP0562,EMP088,EMP0987,EMP0722,EMP1727,EMP0508,EMP1881,EMP017",9,"{""Marketing"": 5, ""SEO"": 4}","{""Lead"": 3, ""Senior"": 4, ""Mid"": 2}",100.0,56.5,79.79181364693467,62.88056898942907,79.13,65.01831501605749,78.98954816327362,93.4897853041238,64.09502031165107,6.784007752533304,1.0538125026434861,8.303211465064017,True,197.36118750222727,False,6.063281982339368,103.76785839097884,9.926275892237092,0.9946671732223615,93.05380965013725,67.06,0.0,Exceeded expectations,Daily standups critical,True,Completed,2024-11-29,Project Complete,2024-01-02,2025-03-18
TEAM901,Gamma Crew,PRJ546,2025-01-14,Hybrid,EMP0272,"EMP0373,EMP1538,EMP0857,EMP054,EMP0272,EMP1794,EMP0203,EMP0572,EMP0664,EMP1571",10,"{""Sales"": 2, ""Business"": 1, ""Logistics"": 2, ""Operations"": 5}","{""Principal"": 3, ""Lead"": 2, ""Senior"": 5}",91.75,37.77,85.70653568853328,79.5814052574988,74.85,99.16136930984055,58.105125241663565,70.89002267770007,62.26761163802292,7.297439331975781,0.023030841784298876,7.685976517800542,True,239.07846497732785,True,7.123096182392516,105.48156016556406,10.0,0.9000091685615078,101.59851348697515,54.69,4.079925895206898,Strong execution,Need better docs,,Completed,2025-10-12,Budget Cut,2025-01-14,2024-04-25
TEAM902,Sigma Unit,PRJ796,2024-12-07,Hybrid,EMP0708,"EMP0708,EMP1252,EMP1124,EMP0636,EMP106,EMP109,EMP0659,EMP155",8,"{""HR"": 2, ""Recruiter"": 3, ""People"": 3}","{""Lead"": 4, ""Mid"": 1, ""Senior"": 3}",100.0,53.47,85.96924563087424,74.75655685132553,67.92,97.07855353878153,51.676331523887924,83.03123667670275,56.06533615516634,7.534193981506497,0.9848909327659308,7.372358529841563,True,301.94609078202114,False,7.156981146909872,106.91048714327951,4.802386984592402,0.8983240783206696,91.49125751537436,65.04,2.0109970830342783,Communication issues resolved,,,Completed,2025-02-10,Reorganization,2024-12-07,2025-08-03
TEAM903,Delta Squad,PRJ690,2023-05-26,AI-Recommended,EMP025,"EMP025,EMP071,EMP170",3,"{""Project"": 1, ""Operations"": 2}","{""Senior"": 3}",100.0,52.62,65.34117586087554,47.850373453267686,58.8,69.6319938518642,83.18221897086411,47.66028850446894,84.20888364658565,7.591503305837919,1.9377712939268563,6.654008492370437,True,134.14205729207467,False,9.02853595203918,94.04307404898117,9.976269607435368,1.2015801680134952,91.73270140751829,60.93,0.025479659717852758,Exceeded expectations,,True,Completed,2024-01-27,Reorganization,2023-05-26,2025-07-09
TEAM904,Gamma Team,PRJ964,2024-04-22,Manual,EMP1617,"EMP1801,EMP1617,EMP1385,EMP0783,EMP0373,EMP0356",6,"{""Sales"": 2, ""Account"": 1, ""Business"": 3}","{""Principal"": 2, ""Senior"": 1, ""Lead"": 3}",98.16,69.42,51.915711305281114,66.80264074839076,77.24,63.97880524649238,78.9767168888303,93.62043138617531,75.49433919816143,4.8167077629544,0.0,7.7075704430236005,True,180.76784594055698,True,6.185211401899948,97.0562146906641,5.574749764872313,1.1888061263860625,74.42295321545953,76.13,1.0509350883152906,Exceeded expectations,Daily standups critical,False,Completed,2024-11-14,Reorganization,2024-04-22,2025-07-21
TEAM905,Sigma Force,PRJ866,2024-03-31,Manual,EMP1942,"EMP0455,EMP0587,EMP0368,EMP1942",4,"{""Software"": 2, ""Team"": 2}","{""Lead"": 1, ""Mid"": 2, ""Senior"": 1}",91.66,100.0,73.96395129925425,74.021448321887,100.0,61.25091658685281,64.16333109236747,89.2648652095279,49.33404272032843,6.193266365320922,2.990421182621937,8.78944740232895,,127.83535904128601,False,8.349811665691117,100.69277163994525,,1.2927553888131265,99.65369271885893,27.34,1.9791309162699653,Great collaboration,Need better docs,False,Completed,2025-04-04,Reorganization,2024-03-31,2025-08-28
TEAM906,Omega Force,PRJ995,2023-03-09,AI-Recommended,EMP0556,"EMP1314,EMP1512,EMP1382,EMP1879,EMP0556",5,"{""HR"": 4, ""Recruiter"": 1}","{""Lead"": 2, ""Principal"": 1, ""Senior"": 2}",100.0,86.61,74.32175557354745,79.294610440438,70.0,77.77979797494277,74.5142099223114,60.43076778115466,45.10034527301585,7.296533160708367,0.0074907934861381375,7.365660225760292,True,62.09514238430252,True,7.557590264370086,93.76554780801733,7.677093002075925,1.1065794040596435,73.34366278042292,79.79,1.0937437697469148,Strong execution,,True,Completed,2023-10-05,Project Complete,2023-03-09,2025-01-06
TEAM907,Beta Team,PRJ141,2024-03-19,Hybrid,EMP1512,"EMP1095,EMP0555,EMP1413,EMP186,EMP0676,EMP1376,EMP1076,EMP1512,EMP0223",9,"{""People"": 3, ""HR"": 4, ""Recruiter"": 2}","{""Mid"": 4, ""Senior"": 2, ""Lead"": 2, ""Principal"": 1}",100.0,70.61,77.58921935408557,99.87161965560672,75.89,100.0,74.40326986038612,80.09367167697405,61.177806254631655,5.812603184752486,0.017744588601892913,7.610769610980182,True,164.4841966497781,False,6.610956003670376,103.73982202891668,6.45791089712566,1.007662266684365,90.89741911056272,61.26,1.0609317268659555,Communication issues resolved,Daily standups critical,True,Completed,2024-12-31,Reorganization,2024-03-19,2024-12-09
TEAM908,Alpha Unit,PRJ305,2025-06-26,Manual,EMP1088,"EMP0878,EMP0241,EMP1088,EMP1363,EMP1713,EMP028,EMP0293,EMP1059,EMP1248",9,"{""Account"": 1, ""Sales"": 1, ""Finance"": 3, ""Financial"": 4}","{""Lead"": 2, ""Senior"": 3, ""Mid"": 4}",92.34,56.91,61.87619139849573,88.34396021005435,71.61,45.15591263766709,91.19232296039053,85.05011013796909,90.3668821597839,5.681177664961942,2.051650504009022,7.1055058211461395,True,263.27718707923367,True,8.897335645609273,125.37952154676722,8.007963085812829,1.2959920052395955,70.62709507675477,56.74,4.7858397878655605,Strong execution,Async communication worked well,True,Completed,2025-12-13,Project Complete,2025-06-26,2025-05-02
TEAM909,Gamma Unit,PRJ766,2023-12-28,Manual,EMP0619,"EMP1857,EMP0955,EMP0619,EMP0407,EMP154,EMP1709,EMP052,EMP0356,EMP0936",9,"{""Logistics"": 2, ""HR"": 1, ""Business"": 4, ""Sales"": 2}","{""Principal"": 3, ""Lead"": 2, ""Mid"": 2, ""Junior"": 1, ""Senior"": 1}",100.0,86.3,64.29881884209188,89.31713825353035,75.55,60.27028028066042,58.99205194768185,54.72925026647642,94.47391530016155,5.645664520059308,2.9962008941405203,8.34498726863547,True,198.35475153446274,True,9.458177379211689,83.71629363953956,7.188964998650595,0.8,102.07415434122494,66.45,0.920788390674526,,Clear roles helped,True,Completed,2025-02-19,Reorganization,2023-12-28,2025-12-09
TEAM910,Beta Force,PRJ093,2025-12-09,Manual,EMP1737,"EMP0926,EMP0242,EMP1807,EMP1695,EMP1737,EMP173,EMP0924,EMP0360,EMP1801",9,"{""Business"": 4, ""Sales"": 5}","{""Lead"": 5, ""Principal"": 3, ""Junior"": 1}",85.96,51.72,63.865931137162725,75.3326907852392,93.3,76.43999512661054,83.46305097550484,99.94795893855213,76.43566208522292,5.216531494581735,0.08496823799073468,8.599855334399496,,287.37841591195763,True,7.872436616134037,104.09145500636104,7.025299115988612,1.0135408106001806,75.82224758784142,59.88,2.953406540422617,Strong execution,Async communication worked well,,Completed,2026-01-17,Budget Cut,2025-12-09,2025-08-25
TEAM911,Omega Crew,PRJ836,2024-04-05,Manual,EMP1269,"EMP1053,EMP1269,EMP0990",3,"{""Senior"": 1, ""Software"": 1, ""QA"": 1}","{""Mid"": 1, ""Lead"": 2}",100.0,100.0,64.93784944158608,56.546761182777345,65.1,70.96735969527975,62.0301040920679,65.02036566164557,87.79592801697845,7.501698285622483,2.0165327177511587,5.357784027357611,True,76.34680140394676,False,8.995752053357668,99.47172607832216,7.902308709573204,0.8065290044169886,76.72815577286232,51.39,0.14275319450124108,Exceeded expectations,Need better docs,False,Completed,2023-12-07,Budget Cut,2024-04-05,2024-04-25
TEAM912,Delta Unit,PRJ980,2025-05-20,AI-Recommended,EMP1616,"EMP1325,EMP1797,EMP1218,EMP0457,EMP1536,EMP1251,EMP1616",7,"{""Campaign"": 5, ""SEO"": 2}","{""Mid"": 4, ""Senior"": 3}",100.0,46.21,62.85830572359217,71.88772272529363,86.86,100.0,72.57731190939214,94.49892065967026,83.68845819597465,5.997695272952766,0.0,6.171883013483664,True,316.3684348101744,True,7.152231696132147,87.98501926675434,,0.8994296980831807,78.57393183475504,53.88,2.055790948919831,Communication issues resolved,Daily standups critical,True,Completed,2025-06-22,Budget Cut,2025-05-20,2025-10-29
TEAM913,Alpha Crew,PRJ175,2024-10-28,AI-Recommended,EMP1081,"EMP1103,EMP1081,EMP125,EMP1427",4,"{""UI"": 3, ""Graphic"": 1}","{""Lead"": 3, ""Senior"": 1}",99.06,66.26,78.82059687299821,50.06289248344568,73.34,77.43797533017215,40.91705983741617,75.13767692294772,88.48316603304688,8.920988453433946,2.011081800874139,7.664070066163041,True,31.9,True,7.68091769376767,90.59482984809135,6.352213840885111,1.0934854412652029,77.77754145729935,64.08,0.0,Exceeded expectations,,,Completed,2024-04-16,Reorganization,2024-10-28,2025-08-04
TEAM914,Alpha Team,PRJ067,2024-04-08,AI-Recommended,EMP0277,"EMP0671,EMP1314,EMP1137,EMP0277,EMP1068",5,"{""Recruiter"": 4, ""HR"": 1}","{""Lead"": 5}",90.23,29.72,54.60375605813443,72.03081401988511,66.08,86.9396183087759,64.12158230456222,97.6563167086844,29.704035651610937,6.8348101947907764,2.0119715746703823,6.708089829035402,True,217.0378101657586,False,8.88994170552342,96.39326164196656,8.905659676964548,1.1005666357876165,98.58557799768273,72.31,2.8844044305706356,Communication issues resolved,Daily standups critical,True,Completed,2024-04-14,Budget Cut,2024-04-08,2026-03-03
TEAM915,Gamma Unit,PRJ551,2024-11-25,Hybrid,EMP1747,"EMP0938,EMP1514,EMP157,EMP0705,EMP1402,EMP1129,EMP0319,EMP1258,EMP1747,EMP0822",10,"{""Graphic"": 5, ""Product"": 1, ""UI"": 2, ""UX"": 2}","{""Lead"": 4, ""Mid"": 4, ""Senior"": 2}",100.0,43.59,73.09526891080182,56.125722138825445,80.46,99.42166464893788,72.04213677842269,74.87994665039665,81.78637056957255,6.934792499479586,1.9969558697905443,8.271551349015782,True,85.95746735977201,True,4.864052297849102,91.863399684792,7.912104011702507,0.8012327732767792,98.56926261643146,61.95,0.0,Exceeded expectations,Async communication worked well,False,Completed,2025-08-28,Reorganization,2024-11-25,2026-04-10
TEAM916,Sigma Crew,PRJ513,2024-02-13,Manual,EMP1352,"EMP1200,EMP087,EMP1566,EMP1412,EMP1049,EMP1352,EMP1129",7,"{""UI"": 6, ""Graphic"": 1}","{""Lead"": 2, ""Mid"": 2, ""Senior"": 3}",100.0,68.01,55.21761568490194,78.18441620469699,84.98,75.46158483582518,53.06771463058557,88.01447499018546,86.96491734935331,8.152111176608445,1.9449390196266525,7.653971388875186,,58.185269831703906,False,9.775036811833155,92.84166316696654,7.828305263870715,1.1072747608660714,114.55496034530768,62.98,5.0,Strong execution,Need better docs,False,Completed,2025-01-09,Project Complete,2024-02-13,2025-11-02
TEAM917,Alpha Team,PRJ663,2024-08-19,AI-Recommended,EMP1194,"EMP1145,EMP1783,EMP1729,EMP1116,EMP0970,EMP1444,EMP1424,EMP076,EMP0287,EMP1194",10,"{""HR"": 5, ""Recruiter"": 2, ""People"": 3}","{""Senior"": 4, ""Lead"": 3, ""Mid"": 2, ""Junior"": 1}",96.81,48.32,99.252465468719,54.89875474693621,70.3,75.07066157047689,67.83269873718122,81.40139306470705,100.0,5.623909671069713,3.0,6.988143141491519,True,331.9007381503593,True,7.944419471479476,100.8273423099188,7.64529492507405,1.190876680069555,86.58728982485503,47.85,1.079781297978789,Exceeded expectations,Daily standups critical,True,Completed,2025-07-17,Project Complete,2024-08-19,2025-06-27
TEAM918,Delta Crew,PRJ044,2024-03-02,Hybrid,EMP1940,"EMP1068,EMP1394,EMP180,EMP1940,EMP0563,EMP0484,EMP0595,EMP1379",8,"{""Recruiter"": 2, ""HR"": 6}","{""Lead"": 2, ""Senior"": 3, ""Junior"": 1, ""Mid"": 2}",95.67,68.87,26.45394732590391,80.01131207894606,67.65,99.57772960607511,75.11922623252173,100.0,82.5289388126343,7.484357188280412,3.0,5.609058095061001,True,301.4783369559934,True,6.9297786011350375,91.16869771884382,5.724266400860882,1.2976690314073802,104.89028550361574,49.78,3.98717783113243,Exceeded expectations,Need better docs,,Completed,2025-09-04,Reorganization,2024-03-02,2025-04-29
TEAM919,Delta Force,PRJ950,2024-09-03,AI-Recommended,EMP1924,"EMP1924,EMP1337,EMP1607,EMP0968,EMP1998,EMP1554,EMP1566",7,"{""Graphic"": 2, ""UI"": 4, ""UX"": 1}","{""Lead"": 2, ""Senior"": 3, ""Mid"": 2}",100.0,59.01,60.893453849787804,70.01614358607699,69.97,52.85218622622001,81.90273955159554,72.47179058034034,67.45749877418584,8.694799788866984,0.986311078067426,6.939927155851757,True,75.68883701416931,True,8.49267758192502,112.93249992379789,7.057532346881674,1.09862510511327,84.15707291572419,62.92,5.0,,,True,Completed,2025-02-06,Project Complete,2024-09-03,2025-06-17
TEAM920,Alpha Team,PRJ984,2024-11-09,AI-Recommended,EMP0599,"EMP1523,EMP1949,EMP1116,EMP1873,EMP0735,EMP018,EMP0520,EMP1329,EMP1376,EMP0599",10,"{""HR"": 5, ""People"": 2, ""Recruiter"": 3}","{""Senior"": 3, ""Mid"": 5, ""Lead"": 2}",100.0,49.0,97.80462841949058,55.532311235711774,73.05,74.92556353649856,66.2417654599493,82.1088520248592,100.0,5.551637235719637,3.0,7.125525161694323,True,323.34898347852703,True,7.94495135414212,100.46525714666892,7.760629916912535,1.201551039213218,87.53266171741475,38.37,1.040316757397519,Exceeded expectations,Daily standups critical,True,Completed,2025-07-17,Project Complete,2024-11-09,2025-06-09
TEAM921,Beta Force,PRJ191,2024-07-17,AI-Recommended,EMP0970,"EMP0437,EMP0453,EMP1214,EMP1394,EMP0277,EMP0970",6,"{""HR"": 3, ""People"": 1, ""Recruiter"": 2}","{""Senior"": 3, ""Mid"": 1, ""Lead"": 2}",90.63,77.44,34.50297702694493,81.24221685314708,68.1,67.36632123308448,48.377599263859885,71.4852429712762,78.6911081276876,6.249832112840084,0.0,6.248459079186682,True,114.37692938354152,True,7.528283342070201,111.08873026729624,,0.8155163454876617,99.1695102671722,59.62,4.09272249505935,Exceeded expectations,Need better docs,False,Completed,2024-01-30,Budget Cut,2024-07-17,2025-12-29
TEAM922,Alpha Team,PRJ549,2025-04-04,Manual,EMP1486,"EMP1486,EMP0953,EMP0518,EMP139",4,"{""Software"": 1, ""QA"": 1, ""DevOps"": 1, ""Senior"": 1}","{""Lead"": 1, ""Senior"": 3}",91.11,61.82,99.58288958456042,58.27181939536672,64.01,92.04078564759642,73.13523062496571,82.77061318973364,75.42322926358743,6.74750107461019,3.0,8.710081396150136,,364.7,True,8.269245356505193,110.47215841510405,5.996628263843051,1.3,109.13034947775841,31.5,0.032847822061334624,Strong execution,Async communication worked well,True,Completed,2026-01-22,Project Complete,2025-04-04,2025-08-06
TEAM923,Sigma Team,PRJ592,2024-12-12,Hybrid,EMP156,"EMP156,EMP0492,EMP0977,EMP011,EMP0894,EMP076,EMP1482",7,"{""HR"": 5, ""Recruiter"": 1, ""People"": 1}","{""Principal"": 1, ""Senior"": 2, ""Mid"": 3, ""Lead"": 1}",98.1,86.95,70.7020936893005,72.10228138915295,75.05,65.59333867252622,75.61954397250813,75.00173893413438,81.24809214683476,7.966152300244293,2.9913642015948523,7.995703535645125,True,330.69406032819404,True,6.453335132475633,95.9587298721572,7.616772728588446,0.8,84.37000008548995,57.79,4.0884968007035,Great collaboration,Async communication worked well,True,Completed,2026-01-31,Project Complete,2024-12-12,2026-02-05
TEAM924,Gamma Team,PRJ197,2023-08-09,AI-Recommended,EMP1447,"EMP1488,EMP1523,EMP155,EMP1447,EMP0469,EMP1669",6,"{""HR"": 4, ""Recruiter"": 2}","{""Senior"": 2, ""Lead"": 3, ""Mid"": 1}",97.84,61.13,68.59289107405515,68.22896986241756,85.07,81.19072051303678,87.62041047339045,77.93574150580537,65.94149755234884,8.987030204247345,0.986632479929885,6.753767943557846,True,186.85877695797814,False,8.790642152214756,96.58572077657914,4.044974511947827,0.8074538757899054,77.61492593781934,58.11,5.0,Great collaboration,,True,Completed,2024-04-09,Reorganization,2023-08-09,2024-11-22
TEAM925,Alpha Squad,PRJ359,2024-11-09,Hybrid,EMP106,"EMP1893,EMP1725,EMP0223,EMP106,EMP0392",5,"{""HR"": 2, ""People"": 1, ""Recruiter"": 2}","{""Senior"": 2, ""Principal"": 1, ""Lead"": 2}",100.0,92.18,73.92377428021155,83.02440859242724,71.58,77.76837074332397,83.76028268774598,68.20884617612285,53.28570675404892,8.765800143530747,1.939565817223015,7.676444860611212,,174.8681484103516,False,7.391586022447374,95.52541745266433,6.3674040038015844,0.9998720515245556,92.16292028921569,61.57,2.9040567865530016,Strong execution,Need better docs,False,Completed,2025-10-26,Reorganization,2024-11-09,2024-11-16
TEAM926,Sigma Unit,PRJ839,2024-08-31,Hybrid,EMP0484,"EMP1068,EMP0326,EMP1205,EMP0826,EMP0484",5,"{""Recruiter"": 1, ""HR"": 4}","{""Lead"": 2, ""Senior"": 3}",98.75,54.27,64.50414565494123,62.20492451182068,57.24,72.29988007839306,60.63035228875076,84.90523416219759,67.45217792446205,8.194468547915289,0.0,8.812629490094245,True,252.09410192737192,True,7.768168289634737,93.61378980700106,7.813978664525302,0.894608269561241,109.23976153704518,76.31,0.9328941429636138,Great collaboration,Daily standups critical,,Completed,2024-10-07,Reorganization,2024-08-31,2025-01-01
TEAM927,Sigma Team,PRJ257,2025-01-30,Manual,EMP0619,"EMP0512,EMP1452,EMP0633,EMP0619,EMP1657",5,"{""Logistics"": 2, ""Sales"": 2, ""Business"": 1}","{""Principal"": 2, ""Lead"": 3}",91.18,51.37,66.9177602909784,93.64892161519789,78.46,66.43144876651138,82.2150957373558,84.76164581644043,39.81448187534351,8.349774568799326,2.9875343413153606,7.622831586658377,True,189.27893361925334,True,8.699073236182548,115.50782031072116,6.894569996973948,0.9807350687103144,80.39294135492926,64.73,3.1074349576303035,Communication issues resolved,Async communication worked well,True,Completed,2024-11-27,Reorganization,2025-01-30,2024-09-24
TEAM928,Sigma Force,PRJ868,2024-05-22,Manual,EMP1573,"EMP0747,EMP1573,EMP0773,EMP0364",4,"{""Finance"": 2, ""Accountant"": 1, ""Controller"": 1}","{""Senior"": 2, ""Principal"": 2}",88.58,80.52,76.97675016786678,74.34769195708948,82.05,60.1633375775935,65.01492508968315,89.42237244763419,50.0477915356587,6.255712129740163,3.0,8.884347247892098,,124.88288740398912,False,8.319379436940023,100.80501842734866,,1.2926201170374,100.4870843885177,79.62,2.0225582132037707,Great collaboration,Need better docs,False,Completed,2025-04-04,Reorganization,2024-05-22,2025-12-24
TEAM929,Delta Team,PRJ069,2023-03-17,AI-Recommended,EMP0221,"EMP1613,EMP1616,EMP0221",3,"{""SEO"": 1, ""Campaign"": 1, ""Marketing"": 1}","{""Mid"": 1, ""Senior"": 1, ""Lead"": 1}",72.34,95.94,35.45292027493545,64.78045920988589,67.37,100.0,66.26957678553096,77.30734792273462,100.0,6.756057896949942,1.0285571481526574,6.057421243181015,True,276.0305004595757,False,8.764981827945904,107.77099439307426,7.878529523218324,0.8930013654037884,71.60901525792352,41.24,1.9729463209507538,,Need better docs,False,Completed,2024-09-17,Budget Cut,2023-03-17,2024-07-20
TEAM930,Delta Crew,PRJ826,2024-12-05,Hybrid,EMP023,"EMP157,EMP1304,EMP1104,EMP023,EMP0684,EMP1572,EMP1848,EMP0726",8,"{""Graphic"": 2, ""UI"": 5, ""UX"": 1}","{""Mid"": 1, ""Lead"": 4, ""Senior"": 2, ""Junior"": 1}",89.17,73.39,26.3,80.06170817125688,71.14,100.0,74.42093892015713,99.96345412493339,81.93713953611662,7.5362277089276,3.0,5.526285329646354,True,305.8459517454494,True,6.830202484708494,91.9821357008559,5.6476061493436385,1.2969399342372332,104.76598133601951,54.47,4.017064447622239,Exceeded expectations,Need better docs,,Completed,2025-09-04,Reorganization,2024-12-05,2025-01-30
TEAM931,Sigma Crew,PRJ306,2024-01-27,Manual,EMP1243,"EMP0484,EMP155,EMP0894,EMP1175,EMP1076,EMP1243,EMP0326",7,"{""HR"": 3, ""Recruiter"": 3, ""People"": 1}","{""Senior"": 3, ""Lead"": 3, ""Mid"": 1}",100.0,60.37,55.69950213420764,78.86307002895458,68.39,75.65575649465414,54.1045407934703,86.71218374628188,86.10710654049156,8.109710036428757,2.079023111257892,7.727480200876693,,59.18890239410139,False,9.715488756644275,93.26374955140565,7.791367337610553,1.0953140837032247,111.92277328163587,46.5,5.0,Strong execution,Need better docs,False,Completed,2025-01-09,Project Complete,2024-01-27,2025-07-30
TEAM932,Alpha Unit,PRJ253,2023-05-21,Hybrid,EMP0249,"EMP1243,EMP1512,EMP0249",3,"{""Recruiter"": 1, ""HR"": 1, ""People"": 1}","{""Lead"": 1, ""Principal"": 2}",80.05,87.76,45.12474937853393,97.93078487164972,68.11,88.40369888563968,71.20319603425575,71.17419765975278,61.52665398978321,7.314567635521962,3.0,8.080026751475495,True,110.32431980545086,True,8.595934289754979,104.08897844448671,6.832122841139785,0.8,78.76944144672707,41.3,0.8754483813148941,Communication issues resolved,Daily standups critical,True,Completed,2024-03-15,Reorganization,2023-05-21,2025-11-01
TEAM933,Omega Team,PRJ151,2024-09-21,Hybrid,EMP1711,"EMP0242,EMP1567,EMP1711",3,"{""Sales"": 1, ""Operations"": 2}","{""Principal"": 1, ""Lead"": 2}",93.33,100.0,64.8735794423232,57.56959529433633,51.56,58.20550286201183,97.8287495833747,68.13968958719133,84.56735593922059,7.470287527256231,1.988687430887842,5.729275048349056,True,306.7866180364701,False,6.958958679721769,96.21720837633377,8.045137244347744,1.2177568875899771,95.72270079057765,59.49,2.09545327276232,,,True,Completed,2024-10-07,Project Complete,2024-09-21,2026-04-02
TEAM934,Beta Team,PRJ983,2023-10-24,Hybrid,EMP0392,"EMP0858,EMP0392,EMP0541,EMP1112,EMP1314",5,"{""HR"": 3, ""Recruiter"": 2}","{""Lead"": 4, ""Senior"": 1}",100.0,62.98,31.903298711595724,76.59415941045015,61.32,76.76489243076655,65.46356617529487,65.84339949395539,63.601689867045444,8.263486519849192,0.9809072474730706,9.317512598749298,True,236.6344525425134,True,8.16273091062166,115.8006509213478,7.628291772979419,0.8914523515014974,88.24086549587406,69.52,4.965752639043537,Great collaboration,,False,Completed,2024-09-11,Budget Cut,2023-10-24,2024-07-13
TEAM935,Gamma Crew,PRJ424,2024-11-18,Hybrid,EMP0859,"EMP1469,EMP1775,EMP1242,EMP1714,EMP1804,EMP0641,EMP0716,EMP090,EMP0229,EMP0859",10,"{""DevOps"": 1, ""Team"": 5, ""Software"": 3, ""Senior"": 1}","{""Senior"": 3, ""Lead"": 2, ""Junior"": 1, ""Mid"": 4}",100.0,62.98,87.2913794937034,77.8769750335846,80.8,99.39490094442992,58.695627495206864,70.2108798224345,61.91846373693163,7.150773733265458,0.08648240033932907,7.588318979070856,True,246.7494751026906,True,7.131275584245324,106.15614763041462,10.0,0.901123669377704,101.2144709698969,30.89,3.977602173641239,Strong execution,Need better docs,,Completed,2025-10-12,Budget Cut,2024-11-18,2024-09-14
TEAM936,Alpha Team,PRJ410,2024-10-13,AI-Recommended,EMP1183,"EMP1868,EMP0247,EMP0810,EMP1659,EMP0508,EMP0719,EMP0816,EMP1055,EMP1183,EMP0609",10,"{""Marketing"": 5, ""Campaign"": 2, ""SEO"": 3}","{""Lead"": 1, ""Junior"": 1, ""Mid"": 4, ""Senior"": 4}",94.18,56.85,97.21630652121983,53.64286376804091,71.58,74.66397538781571,65.79146183806135,81.74319254514202,100.0,5.654306173611945,2.9618065789537966,7.123367922611125,True,329.03746319974033,True,7.812690305546683,100.52064843699029,7.765449217398827,1.2052301612905165,87.08452956220582,59.14,1.0038766642286114,Exceeded expectations,Daily standups critical,True,Completed,2025-07-17,Project Complete,2024-10-13,2025-07-12
TEAM937,Delta Force,PRJ616,2024-12-28,AI-Recommended,EMP0269,"EMP0495,EMP1573,EMP1516,EMP0391,EMP0269,EMP0672,EMP1760",7,"{""Finance"": 1, ""Accountant"": 2, ""Controller"": 3, ""Financial"": 1}","{""Senior"": 2, ""Principal"": 4, ""Junior"": 1}",100.0,64.48,59.86358724051944,68.75417434903751,76.81,51.95922165614922,82.75744135228909,71.9267309827175,66.62969028971902,8.908639023655262,1.0311757992882487,6.8882535847290365,True,79.64192973650786,True,8.419140765185436,113.43280430372246,6.959243057816719,1.091198379768043,86.56730111152831,82.25,4.9563798690991385,,,True,Completed,2025-02-06,Project Complete,2024-12-28,2025-07-26
TEAM938,Alpha Unit,PRJ958,2023-09-25,Hybrid,EMP0961,"EMP0211,EMP0640,EMP0961",3,"{""Senior"": 1, ""Software"": 2}","{""Lead"": 2, ""Mid"": 1}",100.0,100.0,46.63954590847453,97.36115438299952,75.96,88.59557888674158,72.51061135029772,69.71620049373949,61.279304730255696,7.292588702674792,2.977005770746187,8.114744007345497,True,122.99055193580908,True,8.587179267634772,105.22675847517942,6.8945325328751,0.8041589037642118,78.55601965838746,53.62,0.8698906279489432,Communication issues resolved,Daily standups critical,True,Completed,2024-03-15,Reorganization,2023-09-25,2025-07-27
TEAM939,Omega Team,PRJ703,2023-07-08,Hybrid,EMP1029,"EMP1595,EMP080,EMP0405,EMP1301,EMP1029",5,"{""DevOps"": 3, ""Team"": 2}","{""Senior"": 3, ""Mid"": 2}",96.79,64.61,82.07609823305383,69.36798105119274,68.81,83.32682375405889,65.51248636692159,38.1,86.0197179549474,5.439809769322388,0.0,6.330321722301387,True,124.6775266922478,False,8.333630549179617,87.38766244067668,5.853873576867975,1.0851604832103572,106.98819687268939,38.61,2.0627584696922754,Exceeded expectations,Daily standups critical,True,Completed,2024-06-28,Project Complete,2023-07-08,2025-08-09
TEAM940,Omega Force,PRJ186,2023-07-07,AI-Recommended,EMP0885,"EMP0885,EMP0854,EMP1607,EMP0938,EMP1018",5,"{""UI"": 3, ""Graphic"": 2}","{""Senior"": 2, ""Lead"": 3}",95.65,61.04,75.38238387844058,79.14987803238348,90.47,75.55302117300253,74.41072439715442,59.47925287209326,45.72270718037163,7.323621641820855,0.0,7.365670975348909,True,44.40068063946289,True,7.5828171268366305,93.45221017818653,7.630824732023692,1.0971537236055162,72.68570017848671,53.87,1.146975269262016,Strong execution,,True,Completed,2023-10-05,Project Complete,2023-07-07,2025-04-27
TEAM941,Delta Crew,PRJ381,2023-09-04,Manual,EMP0277,"EMP0599,EMP0614,EMP0676,EMP1016,EMP0277,EMP1669,EMP1770,EMP109,EMP048",9,"{""Recruiter"": 2, ""People"": 4, ""HR"": 3}","{""Lead"": 3, ""Mid"": 1, ""Senior"": 4, ""Junior"": 1}",100.0,63.42,44.809661755263534,56.30750803565641,78.84,73.01405976350445,79.99031374997006,79.78468566768734,53.83055231309767,9.585047278122714,0.0061522514846564635,7.383372176497214,,87.51606554380564,True,8.682312427287197,100.2530705087394,7.029417340377648,1.0060433595457496,72.98828089971916,48.74,1.0677508705996879,Strong execution,Need better docs,True,Completed,2024-06-29,Budget Cut,2023-09-04,2024-10-08
TEAM942,Sigma Team,PRJ109,2023-12-08,Hybrid,EMP0277,"EMP079,EMP156,EMP0277,EMP1376",4,"{""Recruiter"": 3, ""HR"": 1}","{""Lead"": 3, ""Principal"": 1}",100.0,77.14,73.02213808415918,90.31496818602773,67.08,85.27526333710834,78.46257245904627,65.87719625557727,76.0261227681698,7.3945985398273395,1.9659836384202354,7.066727760666751,True,271.99040726564954,True,7.390564032115253,99.13113697283607,5.304619919761745,1.1034881355544668,73.7136658046547,48.46,0.0,Strong execution,Async communication worked well,True,Completed,2024-06-23,Project Complete,2023-12-08,2025-07-19
TEAM943,Alpha Team,PRJ417,2022-11-26,AI-Recommended,EMP1632,"EMP0241,EMP171,EMP1632,EMP123,EMP1439",5,"{""Sales"": 3, ""Business"": 2}","{""Lead"": 3, ""Principal"": 1, ""Junior"": 1}",94.07,95.8,55.615813024188064,72.26773343798067,81.75,88.47590619691732,65.00983060563212,96.23131177195509,30.514066817371003,6.8228386331794475,2.0508035045860966,6.7747920481892505,True,212.97195774986358,False,8.903252799197881,97.23306993060044,8.905603406617306,1.0998250704156245,97.93413067360918,71.66,3.0158534517987414,Communication issues resolved,Daily standups critical,True,Completed,2024-04-14,Budget Cut,2022-11-26,2026-04-05
TEAM944,Beta Team,PRJ053,2023-10-28,Hybrid,EMP155,"EMP155,EMP0906,EMP1112,EMP0277,EMP1068",5,"{""Recruiter"": 4, ""People"": 1}","{""Lead"": 4, ""Mid"": 1}",91.14,60.42,30.674589303154256,75.76007298074954,52.63,77.40485543323294,65.58102469707488,66.32794215568487,62.519013149020275,8.369834752886106,0.951811395171509,9.254709510459733,True,228.12791222337367,True,8.171484111178032,115.18210380405945,7.564475411979919,0.9037415263200353,87.28716314589956,46.51,4.97992948277607,Great collaboration,,False,Completed,2024-09-11,Budget Cut,2023-10-28,2024-09-15
TEAM945,Omega Unit,PRJ046,2023-11-22,Hybrid,EMP0684,"EMP0684,EMP023,EMP0566,EMP0446,EMP1506,EMP1081",6,"{""UI"": 3, ""UX"": 1, ""Graphic"": 1, ""Product"": 1}","{""Lead"": 2, ""Mid"": 2, ""Junior"": 1, ""Senior"": 1}",100.0,100.0,65.54241582000346,88.1165022726565,91.17,60.255549679499936,72.05603871557238,83.45116142398182,44.84086296459282,6.423997833903137,1.0164304079273887,6.522208536415776,True,274.423208556706,True,6.832358340287843,108.9333785093441,7.274603676442254,1.1087722023931281,80.50985203623087,47.96,1.871937415447514,Great collaboration,Async communication worked well,False,Completed,2024-03-14,Budget Cut,2023-11-22,2025-10-18
TEAM946,Beta Force,PRJ884,2023-10-18,Hybrid,EMP169,"EMP169,EMP1175,EMP038,EMP048,EMP1512,EMP0671,EMP0708",7,"{""HR"": 6, ""Recruiter"": 1}","{""Senior"": 4, ""Principal"": 1, ""Lead"": 2}",100.0,55.34,55.193203036850065,59.96863789454802,94.59,45.97953093376873,68.80757434396513,71.62794562273847,99.25232359087845,8.156382619033023,2.9609874005231775,6.884471711906661,True,342.33597714622465,True,9.871779466016166,101.8555651334527,6.941219667725524,1.3,62.928372847119526,47.25,4.988195127219116,Strong execution,Daily standups critical,,Completed,2025-04-21,Reorganization,2023-10-18,2024-06-11
TEAM947,Delta Team,PRJ170,2024-02-13,AI-Recommended,EMP1797,"EMP1325,EMP1797,EMP0508,EMP0848,EMP1453,EMP1881,EMP0457,EMP1075,EMP1604",9,"{""Campaign"": 4, ""SEO"": 2, ""Marketing"": 3}","{""Mid"": 5, ""Senior"": 3, ""Lead"": 1}",100.0,51.49,63.61007014209614,89.80151043428457,79.33,78.1003875035262,63.44773420070453,67.48795601081801,86.04799170302053,7.897381513535802,1.0990713098987905,8.423051672196857,,247.5937875873584,True,8.218436383711886,83.7552625795515,6.875112474530248,0.9927019330688743,74.85238270921073,49.53,3.033678946370611,,Daily standups critical,True,Completed,2025-02-22,Project Complete,2024-02-13,2025-08-15
TEAM948,Gamma Crew,PRJ512,2025-02-24,Hybrid,EMP173,"EMP0309,EMP1801,EMP0904,EMP1181,EMP1038,EMP012,EMP0529,EMP173,EMP0599,EMP0543",10,"{""Account"": 3, ""Sales"": 4, ""Business"": 2, ""Recruiter"": 1}","{""Lead"": 5, ""Principal"": 1, ""Senior"": 1, ""Mid"": 2, ""Junior"": 1}",96.71,75.29,85.78387042208635,78.6757790756826,87.95,99.45447938527859,57.60846648475588,70.42936673494604,63.69856720671652,7.284816416368816,0.06397677125907325,7.581162480416093,True,250.23183446331808,True,7.034172718358191,106.35485378966656,9.95226446870392,0.9079461716570795,102.34991506754122,55.61,4.095664595817704,Strong execution,Need better docs,,Completed,2025-10-12,Budget Cut,2025-02-24,2024-05-17
TEAM949,Gamma Squad,PRJ511,2023-08-16,AI-Recommended,EMP1497,"EMP0241,EMP1497,EMP173,EMP1730",4,"{""Sales"": 2, ""Business"": 2}","{""Lead"": 3, ""Principal"": 1}",93.49,67.27,56.78544873143473,55.726057675424606,79.41,75.23538892464782,65.14663377159751,56.69521978709503,83.68484421430927,7.465510676555195,0.0640838971304845,9.828660170737733,,250.09347137126454,False,6.475375803778482,111.30617093103189,8.468499395352882,1.000767026306368,79.72222078739686,68.28,1.9051144220946925,,Async communication worked well,False,Completed,2024-11-03,Reorganization,2023-08-16,2026-04-27
TEAM950,Sigma Crew,PRJ806,2024-02-21,Hybrid,EMP0492,"EMP0671,EMP0492,EMP0847",3,"{""Recruiter"": 1, ""HR"": 1, ""People"": 1}","{""Lead"": 1, ""Senior"": 2}",95.12,88.89,83.23133243064248,43.33686335000056,90.65,90.50396164066632,62.698326426078424,91.08075548208139,84.98295177647645,5.438200280611814,1.010889485244829,5.710330700301734,True,95.65413940707393,True,7.37186368588241,89.48377693779979,8.471334934536447,0.9961387373380114,65.29742044327048,72.5,1.9978605593258216,Exceeded expectations,,False,Completed,2024-04-09,Reorganization,2024-02-21,2024-06-03
TEAM951,Omega Unit,PRJ712,2025-05-09,Manual,EMP0858,"EMP0555,EMP0850,EMP1913,EMP0277,EMP0858,EMP0392",6,"{""People"": 2, ""HR"": 2, ""Recruiter"": 2}","{""Mid"": 3, ""Lead"": 3}",100.0,57.21,64.64995330446372,43.6726287286881,76.45,78.37184024694311,75.29125498307171,92.73241584239518,77.78769001041226,8.449468580563055,0.0724617836453303,7.736229271611528,True,168.66682826694273,True,7.698357735044167,92.52571405704296,7.747760346218124,0.9017471090736232,75.25371056458445,57.09,3.9396838529033245,,Daily standups critical,True,Completed,2025-10-25,Budget Cut,2025-05-09,2024-10-30
TEAM952,Alpha Force,PRJ419,2024-01-31,AI-Recommended,EMP1525,"EMP1525,EMP1527,EMP1501,EMP190,EMP1123,EMP0342,EMP1579,EMP0203,EMP0284,EMP0272",10,"{""Operations"": 5, ""Project"": 1, ""Logistics"": 4}","{""Senior"": 9, ""Junior"": 1}",100.0,33.04,97.95729058071734,79.57394999598611,78.78,74.90048464869406,55.990712197241535,71.3683737087339,70.8939811762819,7.821700403497644,1.9755019759727777,8.95991518175155,True,169.16174587321115,True,6.450445753682359,92.4773470624421,7.163478204918504,0.9051403516003081,50.069973842781444,63.52,0.9597807808556155,Communication issues resolved,Async communication worked well,,Completed,2025-03-24,Project Complete,2024-01-31,2025-05-11
TEAM953,Beta Squad,PRJ253,2024-02-05,Hybrid,EMP048,"EMP048,EMP1968,EMP0484,EMP0310,EMP1543,EMP1175,EMP169,EMP1738,EMP1008,EMP0389",10,"{""HR"": 9, ""Recruiter"": 1}","{""Senior"": 5, ""Mid"": 3, ""Junior"": 2}",100.0,43.16,59.136936694239026,72.59440048721187,71.12,79.1242811607038,87.75718550999174,83.57650068259872,93.9157544810045,7.415682823418056,2.0677512513670453,5.022845643487243,True,67.42806668959517,True,7.485036503648541,93.90476474711288,,0.8049756484214061,70.63748998018583,47.76,5.0,Great collaboration,Need better docs,False,Completed,2023-10-01,Budget Cut,2024-02-05,2025-05-28
TEAM954,Beta Team,PRJ347,2024-10-23,Hybrid,EMP1960,"EMP1616,EMP181,EMP0719,EMP1960,EMP1080,EMP1508,EMP1971,EMP0600,EMP0419",9,"{""Campaign"": 7, ""Marketing"": 1, ""SEO"": 1}","{""Senior"": 4, ""Mid"": 4, ""Junior"": 1}",89.66,51.7,77.00131942787871,100.0,64.7,100.0,72.83772847820241,78.88801164399901,61.92783000170986,5.8656591057663805,0.05019586515735333,7.557358953295688,True,171.13206103027034,False,6.627727449483306,103.84580260081572,6.408234353639046,1.0140665450315207,90.5106606300648,44.65,0.9048589142860527,Communication issues resolved,Daily standups critical,True,Completed,2024-12-31,Reorganization,2024-10-23,2025-04-09
TEAM955,Delta Unit,PRJ318,2024-10-23,AI-Recommended,EMP0708,"EMP0708,EMP0970,EMP0988,EMP0556",4,"{""HR"": 2, ""Recruiter"": 1, ""People"": 1}","{""Lead"": 2, ""Senior"": 2}",100.0,85.4,62.1182811572336,67.65803331348242,71.05,99.41449714283212,72.45372198868499,72.8020902272481,59.44215435620524,7.40304116489188,0.08854973197893906,8.769955402447493,True,96.2822301280655,False,7.934675332047133,93.43942405502729,8.152023423114722,1.095775790430144,106.92228234731881,62.99,3.885466090879484,Great collaboration,,True,Completed,2024-05-27,Project Complete,2024-10-23,2025-02-04
TEAM956,Alpha Unit,PRJ567,2023-08-07,Manual,EMP106,"EMP0349,EMP1074,EMP1411,EMP0635,EMP0963,EMP1112,EMP106",7,"{""HR"": 3, ""Recruiter"": 4}","{""Senior"": 1, ""Lead"": 4, ""Mid"": 2}",100.0,68.36,70.82184131462049,71.7916841422233,67.21,100.0,71.10694672848688,82.91315483770677,75.56395840757882,7.4551736828049595,3.0,8.771821010022498,True,45.92863502261027,False,7.621473190267695,100.35001471560244,,1.1823243946356186,88.2042683703217,62.12,1.0197031008016224,Great collaboration,,False,Completed,2024-07-01,Reorganization,2023-08-07,2025-06-03
TEAM957,Gamma Crew,PRJ283,2023-06-17,AI-Recommended,EMP0385,"EMP0900,EMP156,EMP1580,EMP0936,EMP0706,EMP170,EMP0385,EMP1435,EMP1227",9,"{""Business"": 1, ""HR"": 1, ""Sales"": 1, ""Logistics"": 4, ""Operations"": 2}","{""Lead"": 2, ""Principal"": 2, ""Senior"": 5}",98.57,61.11,100.0,87.19950353597123,77.98,95.76263331168336,63.85865775574453,68.73504247649863,88.56103835559958,7.552243240224776,1.139580908595028,9.360125070458146,,194.1692835485232,True,8.373530657936936,91.75249784828873,7.985057654923978,0.9899890205066157,64.79253927623837,52.23,1.9129178205513362,Strong execution,,,Completed,2024-02-22,Project Complete,2023-06-17,2026-02-15
TEAM958,Gamma Force,PRJ662,2023-10-24,Hybrid,EMP181,"EMP197,EMP0482,EMP0383,EMP181,EMP0722,EMP0734,EMP1119,EMP1548",8,"{""Campaign"": 4, ""SEO"": 4}","{""Senior"": 3, ""Mid"": 5}",88.29,40.33,73.00680915433368,89.218189128082,76.53,72.48507735494745,76.09972360658219,68.30400258755519,77.71284652847,8.029948900008149,2.0178392479512146,7.849522086979929,True,96.2535944939233,True,8.46576232689696,105.49615840216725,5.573534102440252,0.997009316129366,85.75572338905496,54.02,0.9320655591162924,Great collaboration,Daily standups critical,True,Completed,2024-07-25,Budget Cut,2023-10-24,2024-11-22
TEAM959,Omega Team,PRJ977,2024-07-20,Manual,EMP1086,"EMP1086,EMP0245,EMP121,EMP0292,EMP0383,EMP0554,EMP0457",7,"{""SEO"": 4, ""Marketing"": 1, ""Campaign"": 2}","{""Senior"": 2, ""Junior"": 1, ""Mid"": 4}",100.0,69.71,78.05530194819876,93.34301522394003,72.16,69.24565691034566,71.83012628070249,71.36232078877356,93.83520886898434,6.518740955345786,0.9645728023048096,7.611363549907103,True,266.53692378235905,True,5.69274387674023,95.21956236342263,7.4673064308139,1.0932403115003382,74.54641357997009,47.08,4.008744312992502,Strong execution,,True,Completed,2024-06-30,Budget Cut,2024-07-20,2025-12-19
TEAM960,Omega Squad,PRJ187,2024-12-14,AI-Recommended,EMP1486,"EMP1655,EMP0662,EMP1663,EMP0919,EMP0395,EMP090,EMP1486",7,"{""Senior"": 2, ""QA"": 3, ""Software"": 2}","{""Lead"": 3, ""Mid"": 2, ""Senior"": 2}",96.02,67.12,64.42614363508424,69.94888208417298,89.85,72.91878467089921,82.35247390044856,75.47969516536835,97.36137581299558,6.715206976760775,3.0,7.067352178115127,True,87.2290316071743,True,6.411109902192938,101.57925933100977,,0.8,107.57893089902934,38.22,0.0,Strong execution,Async communication worked well,True,Completed,2024-07-08,Project Complete,2024-12-14,2024-07-16
TEAM961,Beta Squad,PRJ254,2023-08-04,Hybrid,EMP1376,"EMP1376,EMP063,EMP1669",3,"{""Recruiter"": 1, ""HR"": 2}","{""Lead"": 2, ""Senior"": 1}",98.42,100.0,86.71875542284234,95.64618852630596,74.35,71.67764173915968,33.76657143877624,85.86907270013181,82.7772411598775,6.41876541175742,2.0393089548204104,7.726629163193017,True,214.28735341720787,True,6.460341076319124,114.75373706113602,5.799653322496046,0.8,115.35543912785656,59.26,0.9569339931500858,Exceeded expectations,,True,Completed,2024-07-07,Budget Cut,2023-08-04,2025-12-11
TEAM962,Omega Team,PRJ856,2023-03-24,Hybrid,EMP1727,"EMP0719,EMP1493,EMP1727",3,"{""Campaign"": 1, ""SEO"": 2}","{""Senior"": 3}",100.0,42.95,67.43303085397974,58.094859493343705,77.96,58.244855099668904,98.0,69.21411843453052,84.02586978366186,7.554750337659116,2.02658904739809,5.714285428427532,True,308.4696907178415,False,6.977858094315594,96.084672344374,8.030220432645937,1.2128064340533744,94.8278559484276,82.64,2.040590788602764,,,True,Completed,2024-10-07,Project Complete,2023-03-24,2025-10-23
TEAM963,Omega Unit,PRJ300,2023-12-17,Hybrid,EMP1505,"EMP0908,EMP1505,EMP0419,EMP121,EMP1085,EMP0383,EMP1659",7,"{""Campaign"": 2, ""Marketing"": 1, ""SEO"": 4}","{""Mid"": 5, ""Lead"": 1, ""Senior"": 1}",100.0,68.77,77.28763649264037,93.71524470752509,84.06,87.16407810065522,79.57967892978759,78.61849123493563,89.54736934252537,8.27490310322659,2.99505872002706,7.9069376342836755,True,41.87178015113099,False,8.435419141662084,92.76041006203333,7.696317118427212,1.095521884730876,66.4414857503959,48.1,0.9508957264013704,Strong execution,Need better docs,True,Completed,2024-01-22,Reorganization,2023-12-17,2025-06-29
TEAM964,Beta Team,PRJ045,2024-08-28,Hybrid,EMP1505,"EMP1612,EMP0877,EMP083,EMP1505,EMP0554,EMP1699,EMP1703,EMP1391",8,"{""SEO"": 3, ""Marketing"": 2, ""Campaign"": 3}","{""Mid"": 3, ""Junior"": 3, ""Lead"": 1, ""Senior"": 1}",85.8,75.87,55.99883376521616,72.67187229993883,60.24,73.8175541975317,87.50724663504187,90.17214928289002,100.0,5.498732517859077,0.0,7.749657514248501,,290.26102294431325,True,8.051948793010123,92.45209843355642,9.196336951421609,0.8060010395233221,67.12593261707669,44.97,4.903077753329702,Strong execution,Daily standups critical,True,Completed,2025-06-20,Reorganization,2024-08-28,2024-07-15
TEAM965,Beta Force,PRJ491,2023-11-16,Hybrid,EMP0366,"EMP1449,EMP0891,EMP0684,EMP104,EMP1341,EMP1365,EMP0366,EMP1567",8,"{""Operations"": 4, ""Sales"": 1, ""UI"": 1, ""Logistics"": 2}","{""Lead"": 4, ""Principal"": 2, ""Senior"": 2}",98.64,59.18,100.0,88.26784101737658,83.07,75.06766205846534,77.90733849085505,78.30826823667107,68.7291519010845,7.300493219157312,2.008245685169278,4.715035804262008,True,155.62575673332273,False,8.047897904144794,84.76221442529723,8.715360979139186,0.9091826695107778,55.55208614192583,52.69,0.9217441755300486,Communication issues resolved,Async communication worked well,False,Completed,2024-10-19,Budget Cut,2023-11-16,2025-04-11
TEAM966,Sigma Crew,PRJ682,2025-04-23,AI-Recommended,EMP0512,"EMP0512,EMP020,EMP1327,EMP1623,EMP1571,EMP1030,EMP0608,EMP0361,EMP1645,EMP0243",10,"{""Logistics"": 2, ""Project"": 3, ""Operations"": 5}","{""Principal"": 1, ""Mid"": 3, ""Senior"": 5, ""Lead"": 1}",100.0,69.8,97.5222708010999,81.39887570112863,79.77,70.30701363374185,79.13418893860805,68.50349074221445,72.86125558748088,6.524849683207837,3.0,6.135554020631157,True,150.34778003065395,False,8.256544935476551,110.72613895762139,9.598004055165156,1.2136315000882598,74.52496769816464,73.31,2.959269590291622,Exceeded expectations,Daily standups critical,True,Completed,2025-07-30,Project Complete,2025-04-23,2025-03-28
TEAM967,Beta Squad,PRJ818,2024-09-11,AI-Recommended,EMP1137,"EMP048,EMP036,EMP1243,EMP0826,EMP0249,EMP1137,EMP1398,EMP0326",8,"{""HR"": 3, ""Recruiter"": 3, ""People"": 2}","{""Senior"": 3, ""Mid"": 1, ""Lead"": 3, ""Principal"": 1}",92.85,72.34,91.14689911735087,62.96971343489821,68.16,96.50172624013496,78.10674851142852,85.79837977072593,58.03398391087437,6.437777873511474,3.0,7.198239653819913,True,263.1080243391265,False,8.136738430786815,108.62484041183383,8.161388018785585,1.2900288969784988,79.92954941841768,52.57,0.03263972553746438,Great collaboration,Daily standups critical,False,Completed,2025-10-13,Project Complete,2024-09-11,2025-11-03
TEAM968,Sigma Crew,PRJ460,2025-12-06,AI-Recommended,EMP0345,"EMP1486,EMP0958,EMP0647,EMP0961,EMP0345,EMP0478,EMP1499,EMP0876,EMP1551,EMP139",10,"{""Software"": 4, ""Team"": 2, ""DevOps"": 1, ""QA"": 2, ""Senior"": 1}","{""Lead"": 4, ""Senior"": 5, ""Mid"": 1}",100.0,41.46,99.97646239471369,79.80486046854034,54.32,70.55212287153321,78.68137921715082,68.76039853057655,73.61930486323796,6.538504103519389,2.939456926233301,6.157388043273845,True,152.2291078437891,False,8.20970817056031,110.0768820492141,9.56445024511434,1.197637746671177,74.10416537338027,32.49,3.0845959525703446,Exceeded expectations,Daily standups critical,True,Completed,2025-07-30,Project Complete,2025-12-06,2025-03-04
TEAM969,Gamma Force,PRJ301,2024-03-24,Hybrid,EMP1427,"EMP1583,EMP1104,EMP1427,EMP132,EMP1442",5,"{""UI"": 5}","{""Lead"": 2, ""Senior"": 3}",95.96,58.36,69.88143842909545,72.70532187402785,73.01,70.31074264780241,76.25171952107416,100.0,83.98590046396392,6.247543282040634,0.9899684619125544,7.236982048913753,True,105.92032853403482,True,6.687882840561084,90.03009908943008,7.5595154289027935,0.9083740091130441,80.64006294975901,63.28,4.021770610960572,Exceeded expectations,Async communication worked well,,Completed,2025-03-19,Budget Cut,2024-03-24,2024-09-30
TEAM970,Omega Squad,PRJ262,2024-08-04,Manual,EMP1810,"EMP1810,EMP0451,EMP116,EMP1403,EMP1089,EMP0904,EMP196,EMP022",8,"{""Sales"": 3, ""Account"": 3, ""Business"": 1, ""Product"": 1}","{""Principal"": 1, ""Senior"": 3, ""Mid"": 1, ""Lead"": 3}",94.99,90.97,82.09448938749846,82.05611037558374,93.54,91.95454765799803,93.94685271011078,65.99100076969937,85.37059641317622,7.585383474327488,0.8994368997996764,8.262335845393967,True,97.92901271934052,False,8.383151286653002,99.46554638996511,9.941373015767367,0.9988858150487467,86.77492634606166,60.36,1.992247938335781,Communication issues resolved,Daily standups critical,False,Completed,2025-06-16,Budget Cut,2024-08-04,2026-03-28
TEAM971,Delta Team,PRJ703,2024-05-20,Hybrid,EMP1487,"EMP1487,EMP0845,EMP0700",3,"{""Senior"": 1, ""Software"": 1, ""Team"": 1}","{""Lead"": 2, ""Mid"": 1}",100.0,100.0,86.30593502450904,70.72236037350253,85.67,81.23043990502607,62.25000603510024,97.38987302311777,80.70974341164153,6.755749187057091,1.9769441105356516,8.256937053227286,True,341.7346842375077,True,6.7528139257478195,105.4017460767573,9.211018335901585,0.8924248154849135,76.27462123092128,49.58,1.9184780884749055,Great collaboration,,True,Completed,2025-11-18,Budget Cut,2024-05-20,2025-08-01
TEAM972,Gamma Team,PRJ558,2024-02-21,Manual,EMP1010,"EMP1810,EMP1280,EMP1010,EMP0608,EMP0589,EMP0467",6,"{""Sales"": 1, ""Logistics"": 1, ""Operations"": 4}","{""Principal"": 1, ""Lead"": 2, ""Senior"": 3}",97.58,73.98,51.915439892102555,67.71759355847837,73.17,64.51043133111719,78.1937414976264,94.28503175573444,75.19144912332175,4.84623304560135,0.0,7.594497652033555,True,172.50214005835494,True,6.023034413981814,97.52536587063206,5.585809954851042,1.2020143535308339,72.70889354809802,56.96,1.037559197781193,Exceeded expectations,Daily standups critical,False,Completed,2024-11-14,Reorganization,2024-02-21,2025-06-17
TEAM973,Gamma Unit,PRJ489,2024-05-09,Manual,EMP0370,"EMP0936,EMP1425,EMP0480,EMP1733,EMP0370,EMP1575,EMP1892,EMP0588",8,"{""Logistics"": 5, ""Operations"": 2, ""Project"": 1}","{""Principal"": 1, ""Lead"": 2, ""Mid"": 1, ""Senior"": 2, ""Junior"": 2}",94.61,83.24,59.051860329863395,70.36494460821991,73.54,78.1512408609039,71.53860283281384,88.15726069490755,68.37552283426304,6.489777216704248,1.9106094668909284,6.489901665943738,True,324.2917198855191,False,6.377307462528967,78.5,6.429861268789341,1.1946316502907028,75.68528532363345,62.56,4.136443010171097,,Clear roles helped,True,Completed,2025-07-16,Budget Cut,2024-05-09,2026-01-27
TEAM974,Sigma Squad,PRJ713,2023-06-22,Manual,EMP0277,"EMP0379,EMP0847,EMP013,EMP0599,EMP1968,EMP186,EMP1174,EMP0277",8,"{""Recruiter"": 3, ""People"": 2, ""HR"": 3}","{""Mid"": 5, ""Senior"": 1, ""Lead"": 2}",92.99,52.49,55.34098471409772,70.13556739141733,72.13,85.56365687127015,91.18927443158951,99.94086670431555,95.30881773376855,7.7086026293309775,0.9777016922844497,8.682254616813736,True,109.93169011886074,True,8.903302745693484,100.83225522402573,7.815392010760501,0.8,83.5590059598142,40.28,2.004912565546809,,Clear roles helped,True,Completed,2024-07-04,Budget Cut,2023-06-22,2025-09-25
TEAM975,Alpha Unit,PRJ065,2024-09-03,AI-Recommended,EMP088,"EMP1863,EMP1960,EMP026,EMP0508,EMP088,EMP074",6,"{""Campaign"": 3, ""Marketing"": 3}","{""Senior"": 2, ""Mid"": 3, ""Lead"": 1}",100.0,76.87,54.7305656668569,61.02711469001907,58.97,82.85624449303735,75.77806485985347,98.99200519162373,91.10471875463193,5.733461525838842,1.9582926478603746,7.641842158950388,True,144.54862173423902,False,5.718908978655327,91.4102259568937,8.48940768121987,0.897492182309542,83.34568739630521,52.06,5.0,Exceeded expectations,Need better docs,False,Completed,2025-08-24,Project Complete,2024-09-03,2024-11-10
TEAM976,Alpha Force,PRJ198,2024-05-30,Hybrid,EMP0284,"EMP0275,EMP0284,EMP1687,EMP1187,EMP1954,EMP0243,EMP1837,EMP060",8,"{""Logistics"": 5, ""Project"": 1, ""Operations"": 2}","{""Lead"": 2, ""Senior"": 4, ""Principal"": 1, ""Mid"": 1}",98.36,80.75,60.067346253271054,85.35178761254387,71.77,72.09693475067198,64.52011712475975,75.9653733361936,69.35218341087547,6.452188313472811,0.012282117663424522,5.662767721726837,True,169.49986663894327,True,7.425669673274306,95.66493567641866,8.21676647693775,0.8023923003478252,90.45598532019835,52.67,3.9415604260414603,Great collaboration,Clear roles helped,False,Completed,2025-07-20,Project Complete,2024-05-30,2025-01-25
TEAM977,Delta Unit,PRJ491,2023-12-09,AI-Recommended,EMP1676,"EMP1801,EMP1676,EMP1425,EMP055",4,"{""Sales"": 1, ""Operations"": 2, ""Logistics"": 1}","{""Principal"": 1, ""Lead"": 3}",99.26,71.46,62.75856266550029,66.08366755452495,64.38,99.2420633669014,71.92916903718162,73.23678226231242,60.59478864552497,7.4592851081100315,0.0,8.740374078427157,True,112.02830549524063,False,7.852178707955812,92.70790543741387,8.15008767819001,1.0999498216519077,106.92116759150285,53.46,3.9917597417730537,Great collaboration,,True,Completed,2024-05-27,Project Complete,2023-12-09,2024-11-29
TEAM978,Alpha Team,PRJ215,2024-02-16,AI-Recommended,EMP017,"EMP1006,EMP0212,EMP017,EMP0466,EMP1696,EMP085,EMP194,EMP0424,EMP0933,EMP0597",10,"{""Campaign"": 4, ""Marketing"": 1, ""SEO"": 5}","{""Mid"": 6, ""Lead"": 1, ""Senior"": 3}",100.0,43.49,98.35547709562316,53.90676974157856,86.29,75.94925319386564,67.73674217439113,80.58772805563866,100.0,5.57085405348174,2.9921466880059766,7.117628006848131,True,331.5663451860362,True,7.859272442571713,101.0166401367107,7.714736853914443,1.2082737890870512,88.12403804334406,48.17,1.0052189016992756,Exceeded expectations,Daily standups critical,True,Completed,2025-07-17,Project Complete,2024-02-16,2025-07-20
TEAM979,Beta Force,PRJ773,2024-03-27,AI-Recommended,EMP1241,"EMP1241,EMP163,EMP0256,EMP0855,EMP0315,EMP1058",6,"{""Senior"": 2, ""DevOps"": 3, ""Team"": 1}","{""Lead"": 2, ""Senior"": 4}",100.0,43.15,36.58034022633141,81.91204721089727,74.27,68.24244385211514,47.603000616515686,72.59121927113019,78.30520999499417,6.261136993132825,0.0,6.332337209337932,True,115.11429079065009,True,7.483549170525913,111.27684106187311,,0.8,100.93121067767677,60.09,3.8668984852556596,Exceeded expectations,Need better docs,False,Completed,2024-01-30,Budget Cut,2024-03-27,2025-10-09
TEAM980,Delta Crew,PRJ637,2025-02-09,AI-Recommended,EMP1696,"EMP197,EMP1696,EMP1006,EMP1836,EMP0733,EMP0535,EMP083,EMP0997,EMP0562",9,"{""Campaign"": 4, ""Marketing"": 1, ""Content"": 1, ""SEO"": 3}","{""Senior"": 4, ""Mid"": 4, ""Junior"": 1}",100.0,47.89,99.6678928841353,83.55188060532983,64.42,97.12201580708637,55.053409396193516,77.39103293017016,61.05140531719337,8.121150909678542,0.9840398370288428,6.345763203859422,True,44.89288527038944,True,8.050870912599105,103.57868252279359,8.494102785233817,0.8932159356717433,74.92240145218314,40.38,0.05516911760724321,Great collaboration,,True,Completed,2024-08-28,Budget Cut,2025-02-09,2025-11-28
TEAM981,Delta Unit,PRJ238,2025-01-17,AI-Recommended,EMP0599,"EMP1243,EMP1145,EMP1523,EMP0599,EMP0847,EMP1482,EMP1394,EMP0223,EMP1618,EMP1421",10,"{""Recruiter"": 2, ""HR"": 7, ""People"": 1}","{""Lead"": 2, ""Senior"": 6, ""Mid"": 2}",88.52,38.88,44.01527119144789,79.41839672165801,80.24,71.57195632781628,62.58481383137042,76.59028155321418,98.19677422701776,5.930115161262296,2.0286174233081895,8.010752173700713,True,107.56304558852865,True,7.727651645936547,109.49986608780118,8.411828283977236,0.8,108.0464981841304,48.2,4.006377202379941,Exceeded expectations,,True,Completed,2025-01-13,Project Complete,2025-01-17,2024-11-30
TEAM982,Delta Force,PRJ553,2024-10-20,AI-Recommended,EMP0561,"EMP0561,EMP1337,EMP0705,EMP0569,EMP008,EMP1556,EMP0808",7,"{""Graphic"": 2, ""UI"": 4, ""Product"": 1}","{""Lead"": 5, ""Senior"": 1, ""Junior"": 1}",100.0,53.46,61.04690649543806,68.19543251427967,64.34,52.30022328392629,81.28233522540995,71.98143547067245,67.93948113802603,8.85198583637415,1.017216006528976,6.912881625066936,True,85.6865199919188,True,8.555126511768979,114.28089703389196,6.9691984762848405,1.1007034724440425,84.05121059729372,57.54,4.9622818424471005,,,True,Completed,2025-02-06,Project Complete,2024-10-20,2025-08-23
TEAM983,Alpha Force,PRJ703,2024-12-27,Manual,EMP0314,"EMP1058,EMP0314,EMP1533,EMP0827,EMP1666,EMP0990,EMP0211,EMP1487,EMP0577",9,"{""Senior"": 3, ""DevOps"": 1, ""Team"": 3, ""QA"": 2}","{""Lead"": 4, ""Senior"": 2, ""Mid"": 3}",97.36,58.65,69.42679484148908,85.65904895764463,72.54,75.14376624187712,68.38800015282152,95.8750869124905,62.70220091956922,8.1890258807145,2.964374444792968,8.533420547404976,True,331.92680698277246,True,4.857622903737555,91.59327169655514,,0.8118541660921557,109.8382066896336,37.83,1.9221141777398214,Strong execution,,True,Completed,2025-06-23,Project Complete,2024-12-27,2025-08-19
TEAM984,Alpha Unit,PRJ372,2024-07-28,AI-Recommended,EMP1725,"EMP1725,EMP1482,EMP1205,EMP1376,EMP0906,EMP1879,EMP1783,EMP0988,EMP0492",9,"{""People"": 3, ""HR"": 4, ""Recruiter"": 2}","{""Principal"": 1, ""Senior"": 5, ""Lead"": 2, ""Mid"": 1}",100.0,70.96,61.801708576074816,75.39736372952903,73.28,65.51179576414782,80.07705589497755,61.48252373389023,75.52670874931111,8.68139027503388,0.028064371431984005,6.111167291980753,True,355.1646094732662,True,6.88660042925096,97.65144979857037,,1.1106543932667978,95.14921628024757,58.84,4.10089400938294,Great collaboration,Async communication worked well,True,Completed,2024-12-07,Project Complete,2024-07-28,2025-10-27
TEAM985,Gamma Team,PRJ352,2023-06-06,Hybrid,EMP0364,"EMP0621,EMP1078,EMP0271,EMP0364,EMP158",5,"{""Accountant"": 1, ""Controller"": 1, ""Financial"": 2, ""Finance"": 1}","{""Principal"": 2, ""Mid"": 1, ""Senior"": 2}",88.52,85.69,71.68200073788393,66.02218519342532,76.76,99.41866839769504,58.50839804017194,69.9318711828391,62.785495091786565,7.754772844978178,1.023250962170619,6.372982532245797,,151.30033578993724,False,5.086241498996241,106.61630540714935,9.227122044012567,1.202303578988436,84.13256035674947,75.17,3.933964845349394,,Need better docs,True,Completed,2024-04-23,Project Complete,2023-06-06,2024-08-30
TEAM986,Sigma Team,PRJ203,2024-12-02,Hybrid,EMP0275,"EMP1077,EMP1695,EMP1794,EMP0275,EMP0361,EMP0547,EMP1010",7,"{""Sales"": 2, ""Logistics"": 3, ""Operations"": 2}","{""Lead"": 4, ""Principal"": 1, ""Senior"": 2}",86.04,60.74,72.46067745565217,72.25973925074764,66.13,65.09670882617282,75.62750929638118,74.77690265917796,79.53787103907311,8.018509002786214,2.9275767235811854,8.08390520375584,True,329.411086099795,True,6.5079569335236656,95.15358818938589,7.58975032192622,0.8,85.10394400519503,53.05,3.9021254307504845,Great collaboration,Async communication worked well,True,Completed,2026-01-31,Project Complete,2024-12-02,2025-12-20
TEAM987,Delta Unit,PRJ550,2022-10-28,Hybrid,EMP0512,"EMP0512,EMP1195,EMP196,EMP1027,EMP154,EMP168,EMP0768,EMP0543,EMP1077",9,"{""Logistics"": 2, ""Business"": 2, ""Sales"": 4, ""Account"": 1}","{""Principal"": 2, ""Lead"": 4, ""Junior"": 3}",100.0,49.32,77.99241189194753,82.49285797396543,73.42,91.76744780300587,80.47800469297658,70.86727718540806,77.30282487545506,8.956518247701014,0.9664323191596356,7.442930823003759,True,56.8105913332114,True,6.685897906962608,105.31704442557803,5.4928232094061595,1.1072681986506592,96.41683387205481,71.55,3.084139144396279,,Need better docs,True,Completed,2023-09-27,Project Complete,2022-10-28,2025-08-18
TEAM988,Sigma Unit,PRJ588,2023-09-30,AI-Recommended,EMP1604,"EMP1604,EMP1868,EMP1055",3,"{""SEO"": 2, ""Marketing"": 1}","{""Senior"": 2, ""Lead"": 1}",71.56,100.0,32.54043618269483,56.89091255034597,83.2,84.53989523772891,49.54526450097979,68.17357534595142,68.44407865805384,7.888066560408901,1.0111044504974527,7.131089678409264,True,114.46752232956754,True,8.666895870205433,96.14739692504983,6.396310073106589,1.0086975676926344,94.26965034448197,66.98,0.9978819971744707,Communication issues resolved,Need better docs,True,Completed,2024-03-02,Budget Cut,2023-09-30,2025-09-02
TEAM989,Omega Unit,PRJ997,2024-09-11,Manual,EMP1424,"EMP106,EMP1112,EMP0927,EMP1424,EMP0977,EMP0469",6,"{""Recruiter"": 3, ""People"": 1, ""HR"": 2}","{""Lead"": 2, ""Mid"": 3, ""Senior"": 1}",87.63,76.8,63.65772344469901,42.08081294696187,76.99,79.31642369653125,76.33924839621243,93.29011369570792,76.76027479224577,8.351886049225673,0.0,7.777900950215254,True,167.20559249142138,True,7.66544417037798,92.9375467014194,7.684248746182579,0.8957908823818349,73.36331512281227,61.08,3.9757308320815263,,Daily standups critical,True,Completed,2025-10-25,Budget Cut,2024-09-11,2024-12-24
TEAM990,Sigma Unit,PRJ539,2023-04-26,Hybrid,EMP1632,"EMP1632,EMP0552,EMP1299,EMP0540,EMP0216",5,"{""Sales"": 1, ""Financial"": 2, ""Finance"": 2}","{""Principal"": 1, ""Mid"": 1, ""Senior"": 3}",100.0,92.71,64.04933520070219,63.3003250422863,65.7,71.92548953836022,60.96612173918572,84.86207601068347,67.7719431769289,8.125035799764714,0.14007437615027507,8.754300321208584,True,258.6970642959042,True,7.806437772728872,93.52539132519223,7.910886704124786,0.8998170730054704,110.42019686732051,50.9,1.0496139550792973,Great collaboration,Daily standups critical,,Completed,2024-10-07,Reorganization,2023-04-26,2025-02-09
TEAM991,Beta Team,PRJ745,2025-04-01,Hybrid,EMP1137,"EMP0861,EMP1295,EMP1379,EMP1725,EMP0772,EMP103,EMP1408,EMP155,EMP1137",9,"{""HR"": 4, ""People"": 2, ""Recruiter"": 3}","{""Mid"": 2, ""Principal"": 2, ""Senior"": 1, ""Junior"": 1, ""Lead"": 3}",90.51,79.48,78.47046295246334,100.0,76.78,99.04179727910515,74.61980618423543,79.93036892497052,60.61817446997497,5.887465506476144,0.03063165690799361,7.5965522321462435,True,163.92276018831282,False,6.6160194754031,103.95231246463813,6.408716680282902,0.995038091494539,91.18971964745238,48.15,1.0867224301453333,Communication issues resolved,Daily standups critical,True,Completed,2024-12-31,Reorganization,2025-04-01,2024-12-18
TEAM992,Delta Unit,PRJ519,2024-12-24,AI-Recommended,EMP1497,"EMP0619,EMP1497,EMP0370,EMP0238,EMP0572,EMP0637,EMP104",7,"{""Business"": 1, ""Sales"": 1, ""Logistics"": 3, ""Operations"": 2}","{""Lead"": 2, ""Principal"": 1, ""Senior"": 4}",100.0,72.96,62.779895224887476,71.55099793327173,82.68,99.60397435760781,71.25285299841276,95.55003891891405,83.9144216284341,5.952078018283877,0.0,6.276028662504081,True,317.7553325502999,True,7.212003253024928,88.60114761451433,,0.902075022098114,77.29359021960445,56.28,1.994574662415097,Communication issues resolved,Daily standups critical,True,Completed,2025-06-22,Budget Cut,2024-12-24,2025-07-24
TEAM993,Alpha Squad,PRJ327,2022-10-25,Hybrid,EMP1230,"EMP1556,EMP125,EMP1442,EMP1230,EMP1427",5,"{""UI"": 3, ""Graphic"": 2}","{""Lead"": 3, ""Senior"": 2}",100.0,67.0,40.602916218333554,67.48023138570329,69.19,76.93946369022395,60.750449443242964,84.32745730807046,58.537336642638934,8.264337360275107,1.9778114861880975,7.13755668631634,True,244.21312054323528,True,4.809872828479078,91.92682480211128,7.781021760949486,1.0880136911912803,68.11864135155052,69.22,2.8786019789947863,Communication issues resolved,Daily standups critical,True,Completed,2024-03-04,Budget Cut,2022-10-25,2025-06-09
TEAM994,Beta Team,PRJ905,2024-01-31,Hybrid,EMP1027,"EMP1849,EMP1027,EMP0891,EMP034,EMP1118,EMP155,EMP0385,EMP1243,EMP1252",9,"{""Accountant"": 1, ""Sales"": 4, ""Recruiter"": 3, ""Logistics"": 1}","{""Principal"": 2, ""Lead"": 5, ""Senior"": 2}",94.72,49.49,78.48601063471327,99.54208283105191,65.66,100.0,73.34751565709709,79.73953276581128,61.11182744218311,5.905243702093968,0.0,7.502021789417216,True,170.54237486638945,False,6.549130884124202,103.59178499622027,6.372100186143386,0.9968060175144454,91.9205782424129,46.18,1.0253206601202138,Communication issues resolved,Daily standups critical,True,Completed,2024-12-31,Reorganization,2024-01-31,2025-04-14
TEAM995,Beta Crew,PRJ833,2023-01-06,Hybrid,EMP0664,"EMP0994,EMP1470,EMP0664,EMP055",4,"{""Logistics"": 1, ""Operations"": 3}","{""Principal"": 1, ""Lead"": 3}",86.32,62.41,45.87076837728738,73.02488033857394,52.22,78.34714246426549,91.83168176053572,90.03149583633054,79.33005757184377,6.416454638610149,1.0236135398085242,7.057648938891507,True,104.409188328726,False,6.772933564935451,98.98895541713216,6.974546245916536,1.1060957528906497,94.33536677226563,69.57,0.15133180529306128,Communication issues resolved,Need better docs,,Completed,2023-12-15,Project Complete,2023-01-06,2025-08-13
TEAM996,Delta Squad,PRJ684,2023-10-17,Manual,EMP0708,"EMP079,EMP0223,EMP164,EMP0708,EMP1293,EMP0636,EMP1522,EMP0528",8,"{""Recruiter"": 2, ""HR"": 6}","{""Lead"": 2, ""Senior"": 3, ""Mid"": 3}",98.41,56.47,93.72450111613816,70.78263899021024,60.71,63.964759369039825,67.62003950682985,67.79688048876542,56.952915964863244,9.98999543122686,0.03819772583518511,8.483266046325515,True,59.22320405060909,True,7.516476866599004,89.51861539280799,7.656531100530998,0.8,102.18867823275404,45.17,3.9539356869599063,Communication issues resolved,Clear roles helped,,Completed,2024-09-02,Project Complete,2023-10-17,2025-09-27
TEAM997,Alpha Team,PRJ716,2024-03-23,Manual,EMP1081,"EMP0561,EMP0324,EMP0885,EMP0643,EMP1081,EMP1427,EMP0775,EMP1014",8,"{""Graphic"": 2, ""UI"": 6}","{""Lead"": 4, ""Mid"": 1, ""Senior"": 3}",83.07,51.62,63.90221274107996,56.0836513557619,83.08,76.21149290951743,51.11315987171927,88.29436745064962,76.26419136873618,5.959071951185355,2.0182940469856017,7.782569437069674,,170.44598861852026,True,7.745658633830399,108.01964460375353,6.330103863875338,1.108747139289736,98.39875538557831,59.66,0.982261281930942,Exceeded expectations,,True,Completed,2023-12-14,Budget Cut,2024-03-23,2024-11-01
TEAM998,Gamma Force,PRJ037,2025-07-05,Manual,EMP0315,"EMP0455,EMP0647,EMP1486,EMP0315,EMP009,EMP0278",6,"{""Software"": 2, ""Team"": 3, ""DevOps"": 1}","{""Lead"": 2, ""Mid"": 1, ""Senior"": 3}",92.14,61.2,76.73366298134519,70.91033862794276,70.36,94.12392261130937,77.08232213356959,81.67102068644887,72.53145242610542,5.904490501590114,0.04694246041455329,7.583887155096357,True,198.98587350346048,True,7.680487200404384,99.76599404375801,7.438706171986848,1.2017238439811575,90.02932996948996,44.15,0.0,Communication issues resolved,Daily standups critical,True,Completed,2025-06-02,Reorganization,2025-07-05,2025-03-30
TEAM999,Alpha Squad,PRJ734,2024-03-28,Hybrid,EMP1079,"EMP1304,EMP0938,EMP125,EMP1049,EMP0968,EMP1477,EMP0638,EMP1258,EMP1079,EMP1427",10,"{""Graphic"": 4, ""UI"": 4, ""UX"": 2}","{""Lead"": 5, ""Senior"": 3, ""Mid"": 1, ""Junior"": 1}",100.0,68.03,68.84959538367833,82.73166045466172,68.01,78.70510653240011,91.292453330344,63.974597842256735,93.06145174187326,7.67340066074427,3.0,5.278149012654828,True,109.58083317546297,True,9.037672497503035,91.64050262792722,8.021216743357211,1.2016200002996325,104.47707029964606,75.23,4.892854424236021,Great collaboration,,True,Completed,2024-02-28,Project Complete,2024-03-28,2026-01-19
TEAM1000,Alpha Squad,PRJ820,2023-04-04,Hybrid,EMP0638,"EMP1647,EMP0573,EMP0638,EMP1607,EMP0353",5,"{""Product"": 1, ""Graphic"": 3, ""UI"": 1}","{""Lead"": 3, ""Mid"": 1, ""Senior"": 1}",100.0,100.0,41.14293107712077,67.22744758188564,62.39,75.65622451655739,61.2449932603287,83.74021073841422,59.358850033037484,8.29754727585796,1.999915426689897,7.189168200650597,True,250.19706868211577,True,4.8,91.96130199116166,7.767508195201231,1.0961092125853904,67.87329338750102,72.24,2.7928612091311633,Communication issues resolved,Daily standups critical,True,Completed,2024-03-04,Budget Cut,2023-04-04,2025-09-16
TEAM1001,Gamma Crew,PRJ748,2025-11-06,Manual,EMP0671,"EMP0676,EMP0310,EMP0996,EMP1146,EMP1003,EMP1112,EMP0528,EMP0671,EMP038",9,"{""HR"": 6, ""Recruiter"": 3}","{""Senior"": 4, ""Mid"": 2, ""Junior"": 1, ""Lead"": 2}",86.48,67.38,85.78102809118626,73.07680854759057,75.17,98.99331664074377,65.9136742951258,67.70741967333794,91.38032227614895,8.223636349201618,1.048428414672079,7.174620555247742,True,259.7924773091033,True,6.924830437964128,108.03566908059366,8.392990557988211,1.0969377161383553,81.78544245913946,41.06,5.0,Exceeded expectations,Daily standups critical,False,Completed,2026-01-02,Budget Cut,2025-11-06,2025-01-22
TEAM1002,Sigma Unit,PRJ567,2023-04-17,AI-Recommended,EMP1394,"EMP048,EMP1394,EMP0858",3,"{""HR"": 3}","{""Senior"": 2, ""Lead"": 1}",86.62,100.0,32.663468303898696,56.405928042590226,68.46,85.27443728582662,48.013535401824264,68.77626212998484,67.94520763655073,7.886202074563626,1.0403451281423988,7.144039803649857,True,114.97033359400132,True,8.762455711795447,96.28073502742427,6.49057295585608,1.0052370269212896,94.2508331140285,54.29,0.9741239429800883,Communication issues resolved,Need better docs,True,Completed,2024-03-02,Budget Cut,2023-04-17,2025-12-14
TEAM1003,Beta Team,PRJ771,2023-12-18,Hybrid,EMP1926,"EMP063,EMP0277,EMP0791,EMP0963,EMP038,EMP0780,EMP1926,EMP1408",8,"{""HR"": 5, ""Recruiter"": 1, ""People"": 2}","{""Senior"": 2, ""Lead"": 2, ""Mid"": 3, ""Principal"": 1}",100.0,68.08,54.35105576487409,72.0445472665364,65.39,74.9125283265931,87.64850041424458,89.68742529720437,99.21926823143048,5.551674461493681,0.0,7.800237993088517,,288.8273641663377,True,8.058304989144936,93.58765652073018,9.236712493494224,0.8,68.72985341537307,57.76,5.0,Strong execution,Daily standups critical,True,Completed,2025-06-20,Reorganization,2023-12-18,2024-03-25
TEAM1004,Sigma Unit,PRJ934,2023-09-08,Hybrid,EMP1493,"EMP1218,EMP074,EMP0491,EMP147,EMP1493,EMP1251,EMP1936,EMP0714",8,"{""Campaign"": 6, ""SEO"": 2}","{""Senior"": 2, ""Mid"": 6}",88.44,40.57,87.92511830460973,73.44389207149776,78.81,96.89628821347696,52.296546179669384,81.91832060059645,53.55823619792724,7.574610718070656,1.0472136012946172,7.441202791572185,True,304.07987243496,False,7.263247258113335,107.22272003177977,4.791483612383013,0.8920382440592386,92.01060673731601,49.44,1.9129387776274134,Communication issues resolved,,,Completed,2025-02-10,Reorganization,2023-09-08,2025-08-20
TEAM1005,Delta Unit,PRJ357,2025-01-08,Hybrid,EMP1482,"EMP1879,EMP1424,EMP076,EMP1411,EMP1163,EMP0520,EMP1482",7,"{""HR"": 5, ""Recruiter"": 1, ""People"": 1}","{""Senior"": 5, ""Lead"": 2}",100.0,45.37,67.33537914101099,68.65567512130399,80.71,82.12925901225209,74.60523394920848,87.0676148328146,67.19860784560412,5.409990393107346,1.9231997672692265,7.595064438330861,True,72.57638646886004,True,9.496800097700653,91.77978544460214,6.22784301715925,1.2923584526748315,79.59513879635209,65.66,2.9228888372705666,Great collaboration,,True,Completed,2025-03-20,Reorganization,2025-01-08,2025-06-30
TEAM1006,Alpha Force,PRJ068,2023-10-18,Manual,EMP0599,"EMP1411,EMP0599,EMP0249,EMP1382,EMP0744,EMP0847,EMP1398,EMP0542,EMP0379",9,"{""Recruiter"": 5, ""People"": 4}","{""Lead"": 3, ""Principal"": 1, ""Mid"": 2, ""Senior"": 3}",100.0,70.21,68.43142328898948,85.06586490041686,83.92,74.58147845386488,68.2919083774133,95.73341419012539,60.38744143542456,8.131424706547513,2.9503828337450133,8.634248519642144,True,328.23662388509814,True,4.893469314478311,92.44039597868579,,0.8,111.11683729750048,52.7,1.9826004754797142,Strong execution,,True,Completed,2025-06-23,Project Complete,2023-10-18,2025-05-21
TEAM1007,Delta Force,PRJ941,2025-04-07,AI-Recommended,EMP0885,"EMP0957,EMP0232,EMP1818,EMP0885,EMP1591,EMP1572,EMP0286",7,"{""UI"": 3, ""Graphic"": 3, ""Product"": 1}","{""Lead"": 3, ""Mid"": 2, ""Senior"": 2}",79.12,60.38,61.252667380780466,69.51580777416333,79.89,52.81921604223072,81.9990880351663,72.35366074542637,67.42303416979357,8.826520689933439,1.045293355708775,6.975090596958387,True,69.59904598722788,True,8.478059543621725,113.34456126415145,6.881090861971271,1.099360551136467,84.92517764502402,52.84,5.0,,,True,Completed,2025-02-06,Project Complete,2025-04-07,2025-07-17
TEAM1008,Alpha Force,PRJ783,2024-11-22,Manual,EMP1376,"EMP0555,EMP1146,EMP0310,EMP156,EMP1650,EMP1376,EMP1324,EMP1300,EMP1138",9,"{""People"": 2, ""HR"": 6, ""Recruiter"": 1}","{""Mid"": 3, ""Senior"": 3, ""Principal"": 2, ""Lead"": 1}",99.81,61.99,94.80635412698717,99.6588914966437,83.36,95.32386617878524,61.185377954487066,63.75361535563114,57.31314174611462,7.197274899764191,2.968257526244325,6.924814587008466,True,226.935670598961,True,6.536026045597237,110.25842991211849,7.091320606360338,0.9928157067506499,95.30506039099868,57.11,3.1097857236040656,Communication issues resolved,Clear roles helped,,Completed,2025-07-07,Budget Cut,2024-11-22,2026-01-15
TEAM1009,Gamma Crew,PRJ163,2024-09-30,Manual,EMP1881,"EMP1696,EMP1881,EMP1092,EMP0933,EMP0601",5,"{""Campaign"": 2, ""Marketing"": 1, ""SEO"": 2}","{""Senior"": 2, ""Lead"": 1, ""Mid"": 2}",87.85,98.07,78.69734569724191,62.873102694365684,79.55,89.21428619385308,72.67145709357496,67.35910718958073,60.019284649160994,7.785987439060968,3.0,6.992967319723764,True,300.60001754244996,False,6.2193675419322725,99.69019061671895,,0.909218273843936,74.74978438133594,33.93,0.0938991484957773,Great collaboration,,True,Completed,2025-01-18,Reorganization,2024-09-30,2025-11-13
TEAM1010,Delta Squad,PRJ602,2023-11-16,AI-Recommended,EMP023,"EMP023,EMP0885,EMP0252",3,"{""UI"": 3}","{""Lead"": 1, ""Senior"": 2}",100.0,100.0,65.00516299154519,47.09217537877527,94.35,68.89188986840703,83.37900768049856,48.57849836988929,84.3191601929957,7.6063796611203465,1.8777382635723485,6.7291839396840825,True,129.61085248444755,False,9.139414891659316,92.61170737403087,10.0,1.2049620321902232,91.46691302164704,73.93,0.0,Exceeded expectations,,True,Completed,2024-01-27,Reorganization,2023-11-16,2025-07-10
TEAM1011,Gamma Crew,PRJ804,2024-06-02,Manual,EMP1840,"EMP1469,EMP1840,EMP0641,EMP0681,EMP1642",5,"{""DevOps"": 1, ""Team"": 2, ""Software"": 2}","{""Senior"": 2, ""Lead"": 2, ""Mid"": 1}",96.52,88.97,76.5524971516352,62.90261621572509,81.46,88.27038672308313,71.99510529678277,69.19823531826256,59.35977868507506,7.666285985602166,3.0,6.938347596226154,True,296.06342740806105,False,6.312165239574136,98.0908136841956,,0.8971105672028804,74.87566664857553,29.66,0.0007405970042447451,Great collaboration,,True,Completed,2025-01-18,Reorganization,2024-06-02,2026-02-21
TEAM1012,Gamma Unit,PRJ174,2024-11-18,Manual,EMP0392,"EMP1940,EMP1864,EMP0392,EMP0791,EMP0676,EMP0310",6,"{""HR"": 4, ""People"": 1, ""Recruiter"": 1}","{""Lead"": 2, ""Principal"": 1, ""Mid"": 1, ""Senior"": 2}",100.0,84.15,64.48832516892453,64.10726596526051,81.19,88.66391959074055,56.71122356037024,70.39302679978094,75.31223233184514,6.1582928148431115,3.0,5.4962000869235,True,108.86866455758062,True,9.991755902611587,109.6265012493049,6.703411061662037,0.9936487498446377,77.10505255585254,67.37,4.764809420514389,Communication issues resolved,Daily standups critical,True,Completed,2025-02-09,Reorganization,2024-11-18,2025-08-03
TEAM1013,Sigma Unit,PRJ781,2023-10-31,Hybrid,EMP1376,"EMP0349,EMP1252,EMP1376,EMP109,EMP1194",5,"{""HR"": 1, ""Recruiter"": 2, ""People"": 2}","{""Senior"": 3, ""Lead"": 2}",100.0,55.27,65.02086159483324,62.0132510653375,61.5,72.83764101652818,60.378099631459904,85.76691277424618,66.99469424159159,8.143854071256987,0.010740565429991859,8.73639369382656,True,248.23278619710743,True,7.737993512286644,93.29554691627536,7.794590468550119,0.8959230726793971,109.65143646842378,41.95,0.9399169818420985,Great collaboration,Daily standups critical,,Completed,2024-10-07,Reorganization,2023-10-31,2025-01-28
TEAM1014,Delta Squad,PRJ604,2025-01-27,Manual,EMP0993,"EMP0880,EMP187,EMP0715,EMP0474,EMP0729,EMP0993,EMP0954,EMP1238",8,"{""Accountant"": 2, ""Finance"": 5, ""Financial"": 1}","{""Principal"": 2, ""Mid"": 1, ""Senior"": 4, ""Junior"": 1}",100.0,74.55,92.64179466803695,70.13456172608403,97.64,63.11659098551916,66.27604766138832,67.36545910992824,57.29000162254526,10.0,0.0,8.356109870637482,True,61.660171152289855,True,7.554219464028762,88.40274818564197,7.777826252582577,0.8,102.54281497658317,62.7,4.0139139014954575,Communication issues resolved,Clear roles helped,,Completed,2024-09-02,Project Complete,2025-01-27,2025-11-26
TEAM1015,Omega Crew,PRJ160,2024-09-22,AI-Recommended,EMP1411,"EMP063,EMP1411,EMP1175,EMP1985",4,"{""HR"": 3, ""Recruiter"": 1}","{""Senior"": 3, ""Lead"": 1}",100.0,66.4,81.06526895959857,75.32118667723432,83.95,81.28532821613832,69.84896717329602,67.51573694347245,100.0,6.704152618533569,3.0,5.37917920818706,True,245.48612794824214,True,7.322798531870681,95.52868585864486,7.062442362324708,1.201740433777513,84.57846281895947,59.82,3.8965166351706864,Communication issues resolved,Async communication worked well,True,Completed,2025-02-10,Reorganization,2024-09-22,2025-10-09
TEAM1016,Omega Crew,PRJ150,2025-06-04,AI-Recommended,EMP156,"EMP1509,EMP156,EMP076,EMP1205,EMP1994",5,"{""HR"": 4, ""Recruiter"": 1}","{""Senior"": 2, ""Principal"": 1, ""Lead"": 2}",98.87,87.52,54.102078224753456,64.82167333077636,74.31,84.61389980880718,61.46894111458878,77.49438445106534,75.98131871825868,5.026329993866103,2.0127124247103496,7.483466381588914,True,169.72951636949514,False,6.3170675931059685,102.42826854718241,7.321507042863499,0.9944058682276649,78.25615614500266,70.0,3.039246324473535,Communication issues resolved,Need better docs,True,Completed,2025-07-06,Reorganization,2025-06-04,2025-02-08
TEAM1017,Alpha Squad,PRJ689,2023-11-01,Hybrid,EMP0505,"EMP1626,EMP0716,EMP1053,EMP1663,EMP0229,EMP0505,EMP1428,EMP1970,EMP1655,EMP1179",10,"{""QA"": 4, ""Senior"": 5, ""Software"": 1}","{""Senior"": 3, ""Mid"": 5, ""Lead"": 2}",100.0,46.27,68.10716706312954,81.802581162271,83.47,79.6712519846429,91.55233023783002,64.29399200660848,93.05154346641974,7.676983578097439,2.964069913191035,5.352439864881224,True,114.52246741124604,True,8.962785010386792,92.15996634550766,8.01693020220239,1.184790195289077,103.99779873357414,42.13,5.0,Great collaboration,,True,Completed,2024-02-28,Project Complete,2023-11-01,2025-09-21
TEAM1018,Omega Unit,PRJ035,2023-08-30,AI-Recommended,EMP0303,"EMP1077,EMP0303,EMP0540,EMP1715,EMP0747,EMP0836,EMP0613,EMP1196,EMP1363,EMP1361",10,"{""Sales"": 1, ""Accountant"": 1, ""Financial"": 4, ""Finance"": 4}","{""Lead"": 1, ""Principal"": 1, ""Senior"": 5, ""Mid"": 3}",100.0,64.78,67.8009394279645,55.18479866107495,78.15,83.75987579152606,71.56051980269159,73.30106007017898,79.89925464534129,8.20222840011887,0.03193013210573408,7.781937108474989,True,142.2342636915407,True,7.5337914985140575,99.20158510340053,5.847321223359947,0.9936977317345174,74.72403193672072,52.83,3.9803753343538086,Strong execution,Need better docs,False,Completed,2024-09-07,Reorganization,2023-08-30,2025-09-25
TEAM1019,Beta Squad,PRJ370,2024-10-20,Hybrid,EMP102,"EMP080,EMP1812,EMP1953,EMP102,EMP0278,EMP1946,EMP1099,EMP0311",8,"{""DevOps"": 2, ""Team"": 2, ""Software"": 1, ""QA"": 1, ""Senior"": 2}","{""Mid"": 3, ""Lead"": 1, ""Senior"": 4}",100.0,63.59,97.92552533606765,85.38143139932679,57.39,78.60159137721232,71.83205625110213,84.9880654528147,75.44360043813035,6.179372566858121,0.08904914203195488,8.732723825457976,,32.262437866305106,True,6.833936303924823,99.54617255163045,7.938693838551956,1.1064643241081997,88.9986992166727,38.47,4.871812762679296,Communication issues resolved,,True,Completed,2024-04-05,Project Complete,2024-10-20,2026-02-17
TEAM1020,Gamma Force,PRJ979,2023-07-03,Manual,EMP0277,"EMP0526,EMP0492,EMP0277,EMP0861,EMP0932,EMP1940",6,"{""HR"": 5, ""Recruiter"": 1}","{""Senior"": 2, ""Lead"": 2, ""Mid"": 2}",100.0,81.52,64.94998150267291,77.58321986661909,65.82,89.11685064472746,47.52239049696431,69.95117554487246,53.49465198816415,7.5003966769191015,0.01921537919689415,6.450873405857075,True,154.51383613454604,True,8.16323537065614,85.16584619490659,6.524929181334896,0.8073427628339385,70.64080867963749,51.16,1.9596102103101158,Exceeded expectations,Async communication worked well,True,Completed,2023-12-16,Project Complete,2023-07-03,2024-05-21
TEAM1021,Alpha Crew,PRJ942,2024-12-03,AI-Recommended,EMP1659,"EMP0981,EMP1659,EMP0609",3,"{""Campaign"": 1, ""SEO"": 1, ""Marketing"": 1}","{""Senior"": 2, ""Mid"": 1}",100.0,100.0,74.09816609669886,72.53927378057435,57.42,89.07834042056025,76.11910640683152,67.62013085130249,49.79046291862681,8.05312565193076,1.998913323241492,7.391395764511678,True,191.93563618863337,False,8.06998741209496,80.82155605022,7.184513270965692,0.8,81.78765435748522,49.32,0.9847705487362837,,Async communication worked well,True,Completed,2024-12-14,Project Complete,2024-12-03,2025-08-16
TEAM1022,Delta Team,PRJ438,2024-10-29,Hybrid,EMP1849,"EMP0473,EMP1516,EMP1849",3,"{""Accountant"": 2, ""Controller"": 1}","{""Senior"": 1, ""Principal"": 2}",100.0,95.99,87.90866242353688,70.9151082659006,81.67,80.34284250673312,62.425017210726644,98.42332446073016,79.71848667643322,6.773022235259317,1.9734668321142952,8.301374609912765,True,338.022121389967,True,6.713485184390803,105.00599116141574,9.173663156486828,0.9075668839890558,76.21188639644514,65.09,2.129308223624955,Great collaboration,,True,Completed,2025-11-18,Budget Cut,2024-10-29,2025-04-29
TEAM1023,Alpha Force,PRJ737,2024-09-04,Hybrid,EMP016,"EMP1595,EMP0257,EMP090,EMP0204,EMP1167,EMP143,EMP016,EMP1275",8,"{""DevOps"": 1, ""Software"": 3, ""Team"": 2, ""Senior"": 2}","{""Senior"": 2, ""Lead"": 3, ""Mid"": 3}",92.77,54.0,58.275934770151295,84.73593863667627,60.58,72.83441794463235,65.7065476868073,74.91496285895975,68.56148933979341,6.46203689611909,0.022219800509971743,5.629360218881109,True,163.73147612241937,True,7.498313734417848,94.36825678865772,8.228831524020435,0.8,89.74159546985707,27.52,3.942758724131647,Great collaboration,Clear roles helped,False,Completed,2025-07-20,Project Complete,2024-09-04,2024-12-12
TEAM1024,Delta Squad,PRJ911,2024-06-09,AI-Recommended,EMP1226,"EMP1226,EMP163,EMP1648",3,"{""Senior"": 1, ""DevOps"": 1, ""Team"": 1}","{""Lead"": 1, ""Senior"": 2}",98.67,85.59,66.6208681093938,95.40848357150438,59.68,93.64442343387542,97.88379037800024,63.394672059137754,54.647220451119004,5.560270983129467,3.0,8.548732109533018,True,183.5662948620804,False,8.443244392759338,110.10458001712537,6.902296663023902,1.0841648211664587,82.61536209583227,35.57,0.0,,Clear roles helped,True,Completed,2024-12-16,Project Complete,2024-06-09,2025-01-21
TEAM1025,Delta Squad,PRJ612,2025-03-18,AI-Recommended,EMP1607,"EMP049,EMP0273,EMP1607,EMP133",4,"{""Graphic"": 2, ""UI"": 2}","{""Lead"": 2, ""Senior"": 2}",91.73,83.98,89.44019936086558,71.10633577172763,77.25,94.09485822832609,69.28279787163679,91.92308993717893,37.76782397605575,4.59341497649718,0.9338264018147547,7.240927338123822,True,95.43337381825759,True,6.893662856883858,105.83364481674295,7.854313715165878,0.9004814940303528,85.53069348772856,63.47,0.0,,,True,Completed,2025-08-18,Project Complete,2025-03-18,2024-09-05
TEAM1026,Omega Crew,PRJ319,2025-04-26,AI-Recommended,EMP1427,"EMP049,EMP0956,EMP022,EMP1427,EMP0622",5,"{""Graphic"": 1, ""UX"": 1, ""Product"": 1, ""UI"": 2}","{""Lead"": 4, ""Mid"": 1}",98.12,58.16,55.211653472240215,62.95948779838716,64.11,84.5740590999543,61.50278687500086,77.81207819548474,76.88128480570239,4.989024433705381,2.0215385885771098,7.329834983942266,True,172.0141376627917,False,6.347869642763292,102.50377340784685,7.418951678282125,1.0017288972167868,76.90548643592778,53.72,2.9350698251786715,Communication issues resolved,Need better docs,True,Completed,2025-07-06,Reorganization,2025-04-26,2025-04-13
TEAM1027,Omega Crew,PRJ277,2025-10-08,AI-Recommended,EMP1810,"EMP1810,EMP034,EMP1253,EMP0527,EMP0281",5,"{""Sales"": 2, ""Account"": 2, ""Logistics"": 1}","{""Principal"": 2, ""Senior"": 2, ""Lead"": 1}",100.0,100.0,53.09206186827675,64.53398188520156,87.66,85.34456806028709,61.72835912153767,78.15685458468971,77.97642531341624,4.96770343562691,1.9064958026796466,7.518746880971691,True,167.1395491277429,False,6.355710576406986,101.88069496211462,7.446157755036501,0.9905245525446061,77.3358882892636,51.87,3.0577806251877853,Communication issues resolved,Need better docs,True,Completed,2025-07-06,Reorganization,2025-10-08,2025-02-13
TEAM1028,Omega Crew,PRJ898,2024-03-11,AI-Recommended,EMP106,"EMP106,EMP0708,EMP1864,EMP076",4,"{""Recruiter"": 1, ""HR"": 2, ""People"": 1}","{""Lead"": 3, ""Principal"": 1}",100.0,66.6,82.09988655067437,75.23860332661012,65.34,81.12718224064857,70.44983134021253,69.56711100127586,100.0,6.833338149254034,3.0,5.383167802721781,True,249.16501692395994,True,7.15436313457272,95.55873374076498,7.251354627123227,1.2192019298211763,85.72282723034115,70.05,4.008194231013916,Communication issues resolved,Async communication worked well,True,Completed,2025-02-10,Reorganization,2024-03-11,2025-05-03
TEAM1029,Omega Team,PRJ591,2024-09-12,Hybrid,EMP1314,"EMP1314,EMP1300,EMP0277",3,"{""HR"": 2, ""Recruiter"": 1}","{""Lead"": 2, ""Senior"": 1}",95.24,97.35,65.96741067310957,58.099933765632514,89.09,57.51680540389512,97.63308241094025,69.13308135583416,84.42614047889055,7.4388158596360565,1.9970917750192498,5.693986017552533,True,314.26702725645373,False,6.98932735168149,95.4159282399929,7.922650599623993,1.1947745351907877,95.35228829807924,70.74,2.1125934056599873,,,True,Completed,2024-10-07,Project Complete,2024-09-12,2026-04-01
TEAM1030,Omega Squad,PRJ233,2024-05-16,Hybrid,EMP1984,"EMP0791,EMP1379,EMP0780,EMP1984,EMP076,EMP035,EMP1900,EMP0735,EMP0528,EMP1074",10,"{""HR"": 6, ""People"": 1, ""Recruiter"": 3}","{""Mid"": 5, ""Senior"": 3, ""Lead"": 2}",85.69,44.63,98.77428727620389,83.56280600069404,57.01,88.63407722214949,41.68638853990788,77.6168905760652,79.7787525678506,5.4932299242206435,3.0,7.455427787089597,True,335.3957978993166,True,8.265304806853528,84.5934484107594,6.648288935425218,1.3,89.71753703651261,44.12,3.9131950990904047,Strong execution,Clear roles helped,,Completed,2025-12-11,Reorganization,2024-05-16,2025-05-19
TEAM1031,Sigma Team,PRJ170,2024-02-27,Manual,EMP1183,"EMP0212,EMP0554,EMP0816,EMP1610,EMP1724,EMP1183,EMP1604,EMP0781,EMP1703,EMP1085",10,"{""Marketing"": 2, ""Campaign"": 5, ""SEO"": 3}","{""Lead"": 1, ""Senior"": 3, ""Mid"": 5, ""Junior"": 1}",92.67,55.53,55.45095166719566,86.3630907481432,71.93,100.0,63.09245102756309,75.89992836417495,79.33194225383744,7.63561022786097,0.9995319230749034,7.011144775925733,True,155.9865386128345,True,9.294914671300512,91.57905787011241,5.859727705869938,1.015576068079384,96.79722563051752,52.39,4.9999527094112475,Exceeded expectations,Async communication worked well,True,Completed,2024-02-09,Reorganization,2024-02-27,2025-02-15
TEAM1032,Delta Squad,PRJ241,2024-03-23,AI-Recommended,EMP1573,"EMP028,EMP0439,EMP1573",3,"{""Finance"": 2, ""Accountant"": 1}","{""Senior"": 2, ""Principal"": 1}",89.9,100.0,65.49339441644534,47.931113115835224,85.26,69.24016540460666,82.0566498198337,48.033939307944145,84.28173959228101,7.492248949048641,2.0878162617015374,6.6400749167588495,True,128.94378934995416,False,8.930838335120832,93.07902507113236,10.0,1.1871596662769723,90.93066187590307,74.55,0.10318539821798063,Exceeded expectations,,True,Completed,2024-01-27,Reorganization,2024-03-23,2025-12-13
TEAM1033,Beta Unit,PRJ554,2024-04-02,Manual,EMP1821,"EMP1821,EMP0219,EMP1571,EMP142,EMP0511,EMP0237,EMP1449,EMP0215",8,"{""Sales"": 1, ""Operations"": 5, ""Project"": 1, ""Logistics"": 1}","{""Principal"": 1, ""Mid"": 2, ""Senior"": 4, ""Lead"": 1}",100.0,77.55,55.31260936344587,55.704661174755834,70.55,64.82584523458331,41.22536767383843,100.0,62.70309263197833,5.931195217219605,3.0,8.033676783970195,True,54.05191844686999,True,7.032863960984829,92.42272144069328,,0.9990224809921271,82.88561086306137,62.18,1.975337358209299,Communication issues resolved,Async communication worked well,,Completed,2024-10-12,Budget Cut,2024-04-02,2026-02-14
TEAM1034,Sigma Squad,PRJ678,2024-11-08,AI-Recommended,EMP0303,"EMP1059,EMP1498,EMP1373,EMP1197,EMP0303,EMP1231,EMP0936,EMP1827,EMP0322,EMP0439",10,"{""Financial"": 6, ""Accountant"": 1, ""Finance"": 2, ""Logistics"": 1}","{""Mid"": 4, ""Principal"": 2, ""Senior"": 3, ""Junior"": 1}",89.57,57.32,90.56089641173915,58.85833493757943,68.85,40.9,88.23061428535726,88.48448540249154,73.4756142336544,6.102918373501342,0.9302829363321276,8.168430102881278,True,215.6599284091357,False,9.684000578402756,97.11153540532246,7.3635053345001635,1.1056655874530599,88.46238765842085,65.41,1.011026219906886,,Daily standups critical,False,Completed,2025-09-26,Budget Cut,2024-11-08,2025-09-22
TEAM1035,Omega Crew,PRJ341,2024-07-17,Manual,EMP1403,"EMP1403,EMP051,EMP0276",3,"{""Account"": 1, ""Sales"": 2}","{""Lead"": 2, ""Senior"": 1}",100.0,100.0,65.61436532453654,57.00624109977748,70.2,70.15364214109483,63.01679797535863,66.13056510614075,88.50883579518273,7.524819231680947,2.007534479504911,5.474842966527141,True,79.57545496754773,False,8.986461836024437,99.0299604645316,7.940336187518142,0.8,75.81346798710186,60.33,0.0,Exceeded expectations,Need better docs,False,Completed,2023-12-07,Budget Cut,2024-07-17,2024-05-27
TEAM1036,Delta Unit,PRJ304,2024-07-19,AI-Recommended,EMP0212,"EMP0307,EMP1505,EMP074,EMP0212",4,"{""Marketing"": 3, ""Campaign"": 1}","{""Lead"": 3, ""Mid"": 1}",100.0,78.31,61.57029376506642,65.23197029460606,64.44,99.85033912835365,72.75293017170455,73.04793033671272,59.795731020259616,7.473321109290208,0.0,8.746800671678653,True,106.15993042964142,False,7.996955900608869,92.93238191681716,8.197914406358787,1.1059861494680485,106.15671423774835,58.41,3.9939620719714575,Great collaboration,,True,Completed,2024-05-27,Project Complete,2024-07-19,2025-02-06
TEAM1037,Gamma Force,PRJ788,2024-04-24,Manual,EMP1953,"EMP182,EMP1005,EMP0378,EMP1297,EMP1953,EMP0875",6,"{""DevOps"": 1, ""Team"": 2, ""Senior"": 1, ""Software"": 1, ""QA"": 1}","{""Senior"": 2, ""Mid"": 2, ""Lead"": 2}",100.0,74.87,64.44865171407481,79.30571584525545,70.87,90.68432879224953,48.07231994765859,70.34658294985094,53.70565874050299,7.549116110897022,0.0035087711472905113,6.434395395944954,True,156.77999261856138,True,8.157427957153935,85.97330026335145,6.520480723385216,0.8,70.92224698743327,36.96,1.8603875121069542,Exceeded expectations,Async communication worked well,True,Completed,2023-12-16,Project Complete,2024-04-24,2024-04-23
TEAM1038,Omega Crew,PRJ822,2023-05-21,Manual,EMP1269,"EMP0311,EMP1269,EMP0940",3,"{""Senior"": 1, ""Software"": 2}","{""Senior"": 1, ""Lead"": 1, ""Mid"": 1}",74.63,96.3,67.39430302617268,55.5989274813224,79.14,70.46148754895086,62.071481601114,65.55940236572629,88.59691624065844,7.529387101438159,1.9896502945990837,5.3770684037024825,True,72.50381093306193,False,9.015503653695223,98.06380700166697,7.879666170498944,0.8,76.48178939981688,39.41,0.017424219387444234,Exceeded expectations,Need better docs,False,Completed,2023-12-07,Budget Cut,2023-05-21,2024-04-01
TEAM1039,Omega Crew,PRJ242,2025-01-09,Hybrid,EMP0848,"EMP0743,EMP0848,EMP0950,EMP0860,EMP1771,EMP0601,EMP1936,EMP026",8,"{""SEO"": 2, ""Campaign"": 4, ""Marketing"": 2}","{""Mid"": 6, ""Senior"": 2}",83.35,32.89,68.16739422103146,63.65562051028658,71.98,90.65368132987693,72.9266561293073,88.54695102021377,88.00129741790388,7.740114425071596,2.992576438409092,6.794168677970042,True,158.1756687196626,True,7.893903712513883,110.02488711919452,8.564484812770349,0.9817375652093303,90.64158096206154,44.3,0.0,Communication issues resolved,,,Completed,2025-07-21,Reorganization,2025-01-09,2024-09-06
TEAM1040,Delta Team,PRJ288,2024-03-10,AI-Recommended,EMP0708,"EMP1068,EMP1194,EMP0708",3,"{""Recruiter"": 1, ""People"": 1, ""HR"": 1}","{""Lead"": 2, ""Senior"": 1}",84.36,100.0,35.44699975278505,64.75798268319235,48.84,100.0,68.61154629401524,76.86070569211061,100.0,6.7264820860736885,0.9102150437940552,6.116939708097486,True,277.2054380051442,False,8.642537295783942,106.24642300304826,7.85815362819778,0.9028597162794154,70.46144293066055,70.26,1.9784162404599714,,Need better docs,False,Completed,2024-09-17,Budget Cut,2024-03-10,2024-08-23
TEAM1041,Omega Unit,PRJ828,2023-03-16,Hybrid,EMP1493,"EMP1881,EMP0554,EMP1616,EMP0950,EMP1023,EMP1518,EMP1493",7,"{""Marketing"": 1, ""Campaign"": 4, ""SEO"": 2}","{""Lead"": 1, ""Senior"": 4, ""Mid"": 2}",100.0,70.33,77.44075796114103,92.48595117178684,85.93,88.4715616664005,80.1238608688432,78.83722413948445,89.07237505301696,8.313086911898786,2.9653797363561596,7.964217889595612,True,31.9,False,8.273228911441501,92.12955739059015,7.592147579509583,1.10682364530472,66.76512331355428,53.84,1.0148545393638981,Strong execution,Need better docs,True,Completed,2024-01-22,Reorganization,2023-03-16,2025-04-01
TEAM1042,Beta Team,PRJ831,2024-05-23,Hybrid,EMP0684,"EMP1152,EMP0684,EMP1514,EMP1230,EMP1951,EMP0943,EMP1132,EMP0885",8,"{""UI"": 4, ""Graphic"": 3, ""UX"": 1}","{""Lead"": 3, ""Senior"": 3, ""Mid"": 2}",89.91,46.47,53.95676983915776,71.35075533080062,93.69,75.5815535967958,86.03496492467887,90.61571187312855,100.0,5.557195570914601,0.12394781606010759,7.75028527642074,,286.60478866438956,True,7.955814310937993,93.1607365002726,9.439510996529972,0.8,69.08282380394392,51.53,4.971028735119151,Strong execution,Daily standups critical,True,Completed,2025-06-20,Reorganization,2024-05-23,2024-06-09
TEAM1043,Delta Unit,PRJ369,2024-04-24,Hybrid,EMP1017,"EMP002,EMP1017,EMP0979,EMP138,EMP0606,EMP1416,EMP0950",7,"{""SEO"": 2, ""Campaign"": 2, ""Marketing"": 2, ""Content"": 1}","{""Mid"": 6, ""Senior"": 1}",93.8,40.42,67.19347014453321,70.13141976404006,76.49,83.58662855185634,76.49019981168267,86.63066011463194,69.13981638370119,5.370311878448457,1.9103773633874908,7.603299232352651,True,69.47133391828699,True,9.552372581696323,91.2138712079032,6.059595679536772,1.3,79.44458515897438,37.25,3.14307602452711,Great collaboration,,True,Completed,2025-03-20,Reorganization,2024-04-24,2025-09-15
TEAM1044,Delta Unit,PRJ311,2023-07-08,Manual,EMP0900,"EMP116,EMP1810,EMP0944,EMP1517,EMP0279,EMP0529,EMP1068,EMP051,EMP0900",9,"{""Sales"": 6, ""Account"": 1, ""Recruiter"": 1, ""Business"": 1}","{""Mid"": 2, ""Principal"": 1, ""Senior"": 2, ""Lead"": 4}",93.62,64.99,58.35206902645526,70.37465519975245,78.26,94.08481524254671,70.88348328959025,96.34773967105824,82.3142428139465,7.386062053733161,0.0,6.679199852740049,True,239.0233164179543,True,10.0,92.70886325670702,7.8395181920340375,0.9926614602675197,86.83962225401152,51.35,4.784179198481581,,,True,Completed,2024-03-01,Project Complete,2023-07-08,2025-02-09
TEAM1045,Gamma Force,PRJ810,2022-11-09,Manual,EMP1411,"EMP1411,EMP076,EMP1669,EMP1879,EMP0542,EMP0526",6,"{""Recruiter"": 1, ""HR"": 4, ""People"": 1}","{""Lead"": 3, ""Senior"": 3}",100.0,49.17,64.95570435038746,78.69091052898196,77.2,91.11266139752536,46.48130124256237,69.2929998615248,53.05986309008205,7.5253648577537255,0.0,6.504657328361977,True,149.88516174482035,True,8.083323092353378,84.73249727933933,6.521466708895266,0.8,70.19625797174635,59.61,1.974868341162287,Exceeded expectations,Async communication worked well,True,Completed,2023-12-16,Project Complete,2022-11-09,2024-05-26
TEAM1046,Beta Team,PRJ445,2023-05-23,Hybrid,EMP1926,"EMP0223,EMP1138,EMP1205,EMP1076,EMP1926",5,"{""HR"": 2, ""People"": 2, ""Recruiter"": 1}","{""Senior"": 2, ""Principal"": 2, ""Lead"": 1}",100.0,78.99,29.571602872996007,78.99250762721411,75.29,77.10270502723144,65.09888478282429,66.6553036570581,61.75678452981913,8.28781246714344,0.9210338462845049,9.37068509038392,True,229.70734994706118,True,8.158295327939925,115.46615635539074,7.674634152757631,0.9184710820756582,87.81273080740577,58.75,4.997315893578956,Great collaboration,,False,Completed,2024-09-11,Budget Cut,2023-05-23,2024-06-01
TEAM1047,Delta Unit,PRJ143,2023-08-03,AI-Recommended,EMP173,"EMP1573,EMP173,EMP0756,EMP0517",4,"{""Accountant"": 1, ""Business"": 2, ""Sales"": 1}","{""Principal"": 1, ""Lead"": 2, ""Senior"": 1}",89.26,100.0,62.456729849915625,67.38350572301503,82.25,99.22272205802828,72.28654158656789,73.37044024062028,59.09686334421093,7.657674402818132,0.0,8.696653213295075,True,109.55325731726754,False,7.9954157188841055,93.12310440085028,8.132639580439038,1.1073752748789218,106.0938602554022,53.89,4.004418324310918,Great collaboration,,True,Completed,2024-05-27,Project Complete,2023-08-03,2025-04-16
TEAM1048,Alpha Unit,PRJ814,2026-01-21,Hybrid,EMP1396,"EMP1396,EMP1078,EMP1799,EMP1576,EMP1500,EMP0564",6,"{""Accountant"": 2, ""Controller"": 1, ""Finance"": 2, ""Financial"": 1}","{""Senior"": 4, ""Principal"": 1, ""Mid"": 1}",100.0,64.9,69.45453183870985,82.6919812753757,82.51,82.36527711901881,88.88728871532099,78.19520800279031,77.42439966371509,7.94199513907955,1.9986622043454338,7.709774040586229,True,293.61609131203784,False,7.598562409253517,97.68554798633551,9.558425073731266,0.899361482561037,82.25310019669179,60.09,0.0,Great collaboration,Clear roles helped,True,Completed,2026-01-25,Budget Cut,2026-01-21,2024-12-10
TEAM1049,Sigma Crew,PRJ322,2023-05-05,Hybrid,EMP1799,"EMP1799,EMP0857,EMP0364",3,"{""Accountant"": 1, ""Logistics"": 1, ""Finance"": 1}","{""Senior"": 2, ""Principal"": 1}",80.09,92.92,82.79452342658192,43.102801027738074,68.34,89.45248521666076,62.15537041758607,90.28772989918255,84.58886128845322,5.464203313261832,0.9921182261908223,5.760693156881976,True,94.8215876287273,True,7.282288607420983,89.52035223108558,8.485600437269246,1.007367202721059,65.22963730728581,37.76,2.0184353002501285,Exceeded expectations,,False,Completed,2024-04-09,Reorganization,2023-05-05,2024-04-11
TEAM1050,Gamma Unit,PRJ848,2023-11-27,Manual,EMP1409,"EMP0246,EMP0633,EMP0869,EMP1409,EMP171,EMP1243,EMP0599,EMP0961,EMP1077",9,"{""Sales"": 3, ""Account"": 1, ""Business"": 2, ""Recruiter"": 2, ""Software"": 1}","{""Lead"": 8, ""Mid"": 1}",100.0,30.23,65.10268645025103,90.31496030492998,67.57,60.17187082362188,59.28315701802344,55.02227633130626,95.0209901128813,5.772781419985056,2.9306670192423456,8.31727416059886,True,199.22273323209356,True,9.511759707633404,83.53665550380798,7.126073438935462,0.8039165946235126,99.88303142406278,61.59,0.9060317573837414,,Clear roles helped,True,Completed,2025-02-19,Reorganization,2023-11-27,2025-12-30
TEAM1051,Beta Unit,PRJ645,2024-01-11,Manual,EMP0705,"EMP0705,EMP1992,EMP0239,EMP1125,EMP1758,EMP0593,EMP0779,EMP1459",8,"{""Product"": 2, ""UX"": 1, ""UI"": 4, ""Graphic"": 1}","{""Lead"": 3, ""Mid"": 5}",100.0,39.76,54.62593955025139,56.356226959665825,67.42,64.1581416901941,41.28695758526949,99.6165254532227,61.928978644223065,5.901054078339741,2.9883654515264926,8.250553385779815,True,56.06538423383278,True,7.022175196812856,92.83259936937186,,1.000984206318269,81.76360641132528,50.42,1.9549422401226983,Communication issues resolved,Async communication worked well,,Completed,2024-10-12,Budget Cut,2024-01-11,2026-04-13
TEAM1052,Omega Team,PRJ236,2024-12-01,Hybrid,EMP1655,"EMP1655,EMP182,EMP062,EMP0306,EMP163",5,"{""Senior"": 1, ""DevOps"": 2, ""Team"": 2}","{""Lead"": 1, ""Senior"": 3, ""Mid"": 1}",94.49,77.52,79.47346017357937,70.53558103609065,57.15,81.15074306364134,64.5190035455787,38.1,87.05352814265339,5.488818075566433,0.0,6.402285995463345,True,124.91832551598586,False,8.306421259211822,88.16635428356973,5.832997775165649,1.0974388651871185,107.51342313771539,34.81,2.142199473350898,Exceeded expectations,Daily standups critical,True,Completed,2024-06-28,Project Complete,2024-12-01,2025-10-22
TEAM1053,Beta Team,PRJ764,2025-03-18,Hybrid,EMP1412,"EMP0575,EMP0545,EMP1875,EMP1491,EMP0565,EMP1129,EMP1412,EMP1079",8,"{""Graphic"": 4, ""UI"": 4}","{""Senior"": 4, ""Lead"": 1, ""Junior"": 1, ""Mid"": 2}",96.84,83.34,53.93169210161167,71.87936834584835,89.07,75.28020528687381,87.78583247130338,90.39654513987469,100.0,5.464004722886807,0.0,7.771455322383851,,295.67622819344183,True,8.012393779047585,93.00661043043584,9.316973906932029,0.8,67.3096248669172,54.24,5.0,Strong execution,Daily standups critical,True,Completed,2025-06-20,Reorganization,2025-03-18,2024-04-12
TEAM1054,Sigma Crew,PRJ861,2023-08-27,Hybrid,EMP1715,"EMP156,EMP1715,EMP0222",3,"{""HR"": 1, ""Finance"": 1, ""Financial"": 1}","{""Principal"": 1, ""Senior"": 2}",72.04,90.48,83.47622317535132,45.102429868361334,94.59,88.11329539814228,62.34170893699958,90.27189220944976,84.58892356702339,5.508586468823261,1.091953483870806,5.68738314193156,True,97.5941934648658,True,7.5076044902687675,89.40951549525167,8.286678930967376,1.004733868286512,64.94923366547867,53.18,1.995531491818915,Exceeded expectations,,False,Completed,2024-04-09,Reorganization,2023-08-27,2024-05-15
TEAM1055,Omega Unit,PRJ619,2023-03-10,Hybrid,EMP1429,"EMP1429,EMP0210,EMP193,EMP1031,EMP1269,EMP0856",6,"{""Software"": 2, ""Team"": 1, ""QA"": 2, ""Senior"": 1}","{""Lead"": 3, ""Senior"": 1, ""Junior"": 2}",100.0,64.07,65.23449448003726,87.77739576544307,68.16,61.57030752269774,72.71879063991294,84.53244967362566,47.52182397007051,6.334834076638778,0.9583334667531316,6.601948004760267,True,270.6641324716875,True,6.784267300957972,109.10647434073567,7.310779596058307,1.0831798475898922,81.05433731987924,33.13,2.0108681668332125,Great collaboration,Async communication worked well,False,Completed,2024-03-14,Budget Cut,2023-03-10,2025-10-13
TEAM1056,Delta Unit,PRJ922,2023-09-04,Hybrid,EMP1526,"EMP1129,EMP0938,EMP1132,EMP1784,EMP1561,EMP1661,EMP1564,EMP1526,EMP1556",9,"{""UI"": 4, ""Graphic"": 3, ""UX"": 2}","{""Senior"": 1, ""Lead"": 3, ""Mid"": 5}",100.0,50.02,76.93237749343685,84.02459826546514,74.33,91.74469041621711,80.48620515455836,70.24278983194036,76.85080902437134,9.01429901677377,1.0274536771375007,7.563729951632767,True,51.65551113771135,True,6.661296567821216,106.08663761076222,5.460921280755,1.101310020271133,96.39136814111704,54.52,3.0391823587910265,,Need better docs,True,Completed,2023-09-27,Project Complete,2023-09-04,2025-06-27
TEAM1057,Sigma Crew,PRJ378,2025-05-25,AI-Recommended,EMP0287,"EMP1293,EMP0249,EMP0988,EMP1985,EMP0526,EMP073,EMP0310,EMP1484,EMP0520,EMP0287",10,"{""HR"": 7, ""People"": 3}","{""Senior"": 8, ""Principal"": 2}",100.0,27.53,98.06811115705068,82.63777044436372,72.59,70.63974482446068,80.3041654162716,67.78312693675934,73.66493493369951,6.501970276184977,3.0,6.1268128632087775,True,146.77512837459466,False,8.117507028811696,109.89583659039559,9.541464169121218,1.19938121831441,75.85226226868998,63.6,2.9525735488578935,Exceeded expectations,Daily standups critical,True,Completed,2025-07-30,Project Complete,2025-05-25,2025-01-17
TEAM1058,Beta Force,PRJ431,2023-02-23,AI-Recommended,EMP0808,"EMP1951,EMP1049,EMP0808,EMP022,EMP0643,EMP1537",6,"{""UI"": 3, ""Product"": 1, ""Graphic"": 2}","{""Senior"": 2, ""Lead"": 4}",100.0,52.04,37.05602477609386,81.95939036532363,84.12,67.5991306164224,47.25454448587715,72.34317719472335,76.85885894859075,6.304449599013882,0.0,6.335461945604738,True,119.59638280045222,True,7.4459812558220495,111.54453124571867,,0.8123046042944491,100.59370534595496,69.41,3.949226603774221,Exceeded expectations,Need better docs,False,Completed,2024-01-30,Budget Cut,2023-02-23,2025-08-10
TEAM1059,Beta Unit,PRJ492,2024-05-27,Manual,EMP1104,"EMP0643,EMP1014,EMP1125,EMP1103,EMP001,EMP1951,EMP1104",7,"{""Graphic"": 1, ""UI"": 5, ""Product"": 1}","{""Lead"": 3, ""Senior"": 3, ""Junior"": 1}",100.0,53.54,47.68618896062886,82.12577819671267,78.97,78.47721618682797,60.17567600232695,69.486730261055,81.57477434543917,8.052420705135816,3.0,6.1609657896315255,True,307.3239796024025,True,6.375824990177925,107.73611852600817,8.189222459396236,0.9955119076987703,80.81923122406398,70.88,3.110222560323721,Communication issues resolved,,True,Completed,2024-11-06,Budget Cut,2024-05-27,2025-01-19
TEAM1060,Sigma Team,PRJ137,2023-09-02,Manual,EMP1138,"EMP1138,EMP0287,EMP0826,EMP1985,EMP1411",5,"{""People"": 1, ""HR"": 3, ""Recruiter"": 1}","{""Principal"": 1, ""Senior"": 2, ""Lead"": 2}",100.0,100.0,66.30665766427255,92.87437986685411,65.63,68.09246446221884,82.71268465751974,84.2041986463267,38.564204856062304,8.28169851331874,3.0,7.696965652415722,True,187.05849876537093,True,8.815972266279179,115.61127995536236,6.863549704035874,0.999856789642,80.81780367755694,53.37,2.9963040434206256,Communication issues resolved,Async communication worked well,True,Completed,2024-11-27,Reorganization,2023-09-02,2024-10-01
TEAM1061,Omega Force,PRJ497,2023-09-10,AI-Recommended,EMP1081,"EMP1572,EMP1647,EMP1924,EMP1081,EMP1455",5,"{""UI"": 2, ""Product"": 1, ""Graphic"": 1, ""UX"": 1}","{""Lead"": 3, ""Senior"": 1, ""Mid"": 1}",100.0,84.35,76.77387286670448,78.81414038800932,56.03,75.46382212190852,74.2274074500355,59.44461331245846,46.49664931114627,7.37900244554592,0.005623912814716736,7.346022105671533,True,40.73661061291574,True,7.615530475628569,93.83002271736584,7.704474489395146,1.0991218065929889,72.551855940705,52.87,1.1555419406822085,Strong execution,,True,Completed,2023-10-05,Project Complete,2023-09-10,2025-02-19
TEAM1062,Sigma Crew,PRJ546,2024-10-14,Hybrid,EMP0290,"EMP1684,EMP0281,EMP1352,EMP0936,EMP0370,EMP0883,EMP0290",7,"{""Business"": 1, ""Logistics"": 4, ""UI"": 1, ""Operations"": 1}","{""Lead"": 3, ""Principal"": 2, ""Senior"": 2}",97.44,67.73,64.02700314810228,53.44822285526058,84.3,70.39729136010614,70.99222332603065,78.19112130136271,62.400873006608585,5.574622883055207,0.9819181676970464,7.98515050576398,True,282.27361277392396,True,8.82703977890013,94.38874296244163,7.095027339770722,0.8,104.27801763073327,66.44,4.086866888955914,Strong execution,Need better docs,True,Completed,2024-10-04,Project Complete,2024-10-14,2024-08-05
TEAM1063,Delta Squad,PRJ074,2022-11-15,Manual,EMP0622,"EMP0938,EMP0622,EMP1013,EMP0775",4,"{""Graphic"": 2, ""UI"": 2}","{""Lead"": 3, ""Senior"": 1}",99.26,93.21,96.7749954686519,62.333371678572504,74.01,49.15492232999784,72.28515195034473,63.40113794342889,96.15100206506004,5.26889284374466,2.0865461915376473,7.624195326892164,True,305.33849948035675,True,5.929981079360969,103.1380773883463,8.338722632869736,0.9092261973797381,67.80601351214375,62.09,4.973104167501447,Great collaboration,Daily standups critical,True,Completed,2024-05-12,Reorganization,2022-11-15,2024-06-06
TEAM1064,Delta Unit,PRJ475,2024-02-25,AI-Recommended,EMP0913,"EMP0222,EMP0373,EMP1425,EMP0276,EMP0718,EMP0361,EMP031,EMP0284,EMP0913,EMP1597",10,"{""Financial"": 1, ""Sales"": 2, ""Logistics"": 4, ""Operations"": 3}","{""Senior"": 6, ""Principal"": 1, ""Lead"": 3}",100.0,42.54,43.00325423461679,79.10535500187432,72.18,72.35603129461062,64.2478355133938,75.69448874599313,97.67034599880324,5.812808071470972,1.9440899768176074,8.024120378856543,True,100.39526173463857,True,7.556197570797362,109.95798945044014,8.379065500201014,0.8038321347030123,107.44856984108597,55.36,4.057087232973965,Exceeded expectations,,True,Completed,2025-01-13,Project Complete,2024-02-25,2024-11-14
TEAM1065,Beta Squad,PRJ306,2024-06-23,Hybrid,EMP1112,"EMP0826,EMP0392,EMP1900,EMP0541,EMP1112",5,"{""HR"": 3, ""Recruiter"": 2}","{""Lead"": 3, ""Senior"": 2}",100.0,70.43,87.3953093081432,67.46413140506642,78.33,77.78262785535412,91.54179510352164,80.07148912242411,100.0,6.300846839241203,0.9044259109407851,7.528499582894483,True,272.72569688828486,True,8.464575803855396,82.73323281795614,6.687188570388662,1.0985331565079495,93.63071826033294,44.52,1.9788408288894022,Exceeded expectations,Async communication worked well,True,Completed,2025-11-28,Budget Cut,2024-06-23,2025-07-10
TEAM1066,Alpha Team,PRJ188,2023-01-02,Manual,EMP0275,"EMP1077,EMP0275,EMP0272,EMP0384,EMP0978,EMP1195,EMP1161,EMP1113",8,"{""Sales"": 1, ""Logistics"": 4, ""Operations"": 2, ""Project"": 1}","{""Lead"": 3, ""Senior"": 3, ""Principal"": 1, ""Mid"": 1}",100.0,79.91,62.681866265561375,56.465761522980124,63.03,75.93877810989031,50.709795745214635,89.1927266543921,76.05664925711467,5.935047957055246,1.9396060511674122,7.885300587464305,,168.60803740604754,True,7.8803075057833105,108.08834489715659,6.34833290664397,1.1021833542116326,98.786581690656,63.68,1.0267938023207837,Exceeded expectations,,True,Completed,2023-12-14,Budget Cut,2023-01-02,2024-11-08
TEAM1067,Delta Unit,PRJ156,2022-09-10,Manual,EMP023,"EMP0943,EMP1157,EMP125,EMP1671,EMP0920,EMP1347,EMP1378,EMP023,EMP0273",9,"{""UX"": 3, ""Graphic"": 3, ""UI"": 3}","{""Mid"": 5, ""Junior"": 1, ""Lead"": 2, ""Senior"": 1}",100.0,67.14,60.87845047566714,70.92242631407129,60.44,94.08641378244873,70.71895544718147,93.8857556778815,81.24652340515044,7.245261925604773,0.0819751488249433,6.54237782801224,True,243.23288567443484,True,9.986334709278692,93.11721500026665,7.905156736488776,1.0044929191931327,88.77708838038492,63.63,4.904905288533514,,,True,Completed,2024-03-01,Project Complete,2022-09-10,2025-01-10
TEAM1068,Omega Crew,PRJ219,2025-03-28,AI-Recommended,EMP1403,"EMP0880,EMP1403,EMP051,EMP022,EMP0774",5,"{""Accountant"": 1, ""Account"": 1, ""Sales"": 1, ""Product"": 1, ""Software"": 1}","{""Principal"": 1, ""Lead"": 4}",100.0,66.96,54.80147874680286,62.98659340045128,68.92,85.41741308327494,61.84639075088717,78.74956550153752,76.17823238054898,4.928242839452327,1.9467796895666845,7.3996444460988196,True,176.09443953198763,False,6.280263644579844,102.38919956529672,7.498618281517,1.001623627479709,76.70280530611812,57.47,3.01606603833942,Communication issues resolved,Need better docs,True,Completed,2025-07-06,Reorganization,2025-03-28,2025-03-18
TEAM1069,Delta Unit,PRJ512,2023-09-26,AI-Recommended,EMP173,"EMP156,EMP0783,EMP173,EMP146",4,"{""HR"": 1, ""Business"": 2, ""Logistics"": 1}","{""Principal"": 2, ""Lead"": 2}",100.0,77.56,62.69024282880101,66.5382762436712,90.16,100.0,72.95628706103896,73.27777267576401,60.69623618525787,7.4196878456814925,0.0,8.694726282315038,True,109.80850774671073,False,7.965823596042525,93.25793288660414,8.217910005557211,1.0994407504889891,106.19658791040705,65.92,3.9733121263166353,Great collaboration,,True,Completed,2024-05-27,Project Complete,2023-09-26,2024-12-04
TEAM1070,Omega Team,PRJ104,2024-05-15,Hybrid,EMP1382,"EMP1068,EMP1725,EMP1382",3,"{""Recruiter"": 2, ""People"": 1}","{""Lead"": 2, ""Principal"": 1}",84.54,96.75,66.42392440960278,57.73885643124961,60.11,57.16726409890349,98.0,68.97573231311735,84.25738022623416,7.542660855009402,1.9926757720999038,5.685545811155289,True,318.6395308923774,False,6.99493944842065,96.67580087636428,7.975747914926328,1.1988655299059847,95.8781860853076,78.17,1.956086581589451,,,True,Completed,2024-10-07,Project Complete,2024-05-15,2025-11-24
TEAM1071,Alpha Crew,PRJ307,2024-12-26,AI-Recommended,EMP108,"EMP108,EMP1280,EMP1341",3,"{""Sales"": 1, ""Logistics"": 2}","{""Principal"": 2, ""Lead"": 1}",68.52,85.0,76.10653996712976,72.40145452012888,84.23,88.15110406437341,76.65640857404837,67.02129814767197,48.601297233882896,8.075728755296684,1.9794789117514988,7.265675778226978,True,183.43263788173488,False,8.058430786027074,80.55093491985052,7.184434072381848,0.8,81.05380842043627,49.81,0.9143293796971679,,Async communication worked well,True,Completed,2024-12-14,Project Complete,2024-12-26,2025-10-18
TEAM1072,Sigma Crew,PRJ641,2024-04-23,Hybrid,EMP155,"EMP0520,EMP155,EMP1411",3,"{""HR"": 1, ""Recruiter"": 2}","{""Senior"": 1, ""Lead"": 2}",100.0,100.0,83.61057723606086,42.06757483159877,71.65,88.53360021610796,61.668552563856,91.2467256617133,84.57437152487763,5.515779406068804,0.9869492157713273,5.799698507630402,True,87.64653026430474,True,7.417564879597694,89.43262919535788,8.39902065310796,0.9989867335306865,64.98386323134649,58.07,2.0222069139412424,Exceeded expectations,,False,Completed,2024-04-09,Reorganization,2024-04-23,2024-09-17
TEAM1073,Alpha Force,PRJ769,2024-01-07,AI-Recommended,EMP0307,"EMP1881,EMP0307,EMP1757,EMP0979,EMP0763,EMP0245,EMP0383,EMP0721,EMP112,EMP1023",10,"{""Marketing"": 4, ""SEO"": 4, ""Campaign"": 1, ""Content"": 1}","{""Lead"": 2, ""Junior"": 2, ""Mid"": 5, ""Senior"": 1}",100.0,56.24,97.18748517293326,79.70278739307359,63.37,76.42638665089198,54.67405958537083,70.95351661586929,71.8283244297115,7.849012065958897,2.032939314020024,8.972299887928509,True,167.1046466926296,True,6.300850592185944,92.7252446109817,7.183115545585642,0.9094315273745373,50.0,51.32,1.0310590807020577,Communication issues resolved,Async communication worked well,,Completed,2025-03-24,Project Complete,2024-01-07,2025-01-27
TEAM1074,Omega Squad,PRJ076,2025-11-06,Manual,EMP1819,"EMP1142,EMP1301,EMP1688,EMP1817,EMP1461,EMP1510,EMP0405,EMP1275,EMP1819",9,"{""Senior"": 2, ""DevOps"": 1, ""Team"": 5, ""QA"": 1}","{""Mid"": 3, ""Senior"": 3, ""Junior"": 2, ""Lead"": 1}",99.38,59.5,66.04733400084088,76.62448224569835,57.31,54.5734629303394,69.76405015452764,93.45175495351678,70.98081639780717,6.884707121488214,0.05770329962555845,6.239858840726751,True,145.04550893110968,True,10.0,97.59641567774183,6.928464220028337,1.2060936444050376,93.7799766641478,33.65,0.9338726890090712,Strong execution,Clear roles helped,False,Completed,2025-06-02,Project Complete,2025-11-06,2025-11-12
TEAM1075,Alpha Unit,PRJ421,2024-10-28,AI-Recommended,EMP1230,"EMP1583,EMP1230,EMP0252",3,"{""UI"": 2, ""Graphic"": 1}","{""Lead"": 1, ""Senior"": 2}",100.0,93.18,85.81571760660033,75.01425358792744,80.35,98.77132103625307,84.25593480618292,89.83081379352159,73.66348283970507,9.802942473691186,3.0,9.624629581294084,True,89.77354189856491,True,9.21639448832495,99.96796573566509,6.4442924669217145,1.0027413185882024,72.28829064556626,64.91,1.8474983036380608,,,True,Completed,2025-07-03,Budget Cut,2024-10-28,2024-04-08
TEAM1076,Gamma Squad,PRJ416,2024-02-20,AI-Recommended,EMP1195,"EMP0621,EMP1195,EMP1567,EMP0234",4,"{""Accountant"": 1, ""Logistics"": 1, ""Operations"": 2}","{""Principal"": 2, ""Lead"": 1, ""Senior"": 1}",99.89,100.0,56.526955176394395,56.6252083686691,54.0,75.14916477639864,64.5466788215183,57.254605359766096,84.32136947466093,7.573896737777117,0.08973957918768015,9.9,,248.06502651485562,False,6.330486333775029,111.99243170707918,8.489090118396158,0.9948993963727698,80.07280019466288,60.64,1.8623419833637016,,Async communication worked well,False,Completed,2024-11-03,Reorganization,2024-02-20,2026-01-03
TEAM1077,Alpha Unit,PRJ368,2024-08-25,Hybrid,EMP1028,"EMP1821,EMP1869,EMP136,EMP1409,EMP1028,EMP1341",6,"{""Sales"": 1, ""Business"": 3, ""Account"": 1, ""Logistics"": 1}","{""Principal"": 2, ""Lead"": 4}",99.08,52.13,69.98077305917234,80.83537251910883,77.14,82.32105596710583,89.8084593484067,78.26236420959683,77.27402697153923,7.868243170203643,2.0369643384103853,7.714686964744874,True,304.9118021139412,False,7.6426117974248085,97.59050693483378,9.538707242612652,0.9211638969953838,82.71381488890286,64.05,0.025131957275146246,Great collaboration,Clear roles helped,True,Completed,2026-01-25,Budget Cut,2024-08-25,2024-12-26
TEAM1078,Omega Crew,PRJ683,2025-02-19,AI-Recommended,EMP156,"EMP0541,EMP0526,EMP156,EMP1076,EMP0599",5,"{""HR"": 3, ""Recruiter"": 2}","{""Senior"": 2, ""Principal"": 1, ""Lead"": 2}",100.0,88.28,53.69517710149968,64.02054794652248,64.29,84.41675407156147,61.151909878213864,77.78139064777103,76.69170530968408,4.942464773006621,2.038658475282631,7.374753138456319,True,183.14367859017875,False,6.306541526853222,103.07923217182717,7.39181628549667,0.9967878307802975,76.92470209555341,54.13,2.9031176525115754,Communication issues resolved,Need better docs,True,Completed,2025-07-06,Reorganization,2025-02-19,2025-03-28
TEAM1079,Sigma Squad,PRJ847,2025-06-21,AI-Recommended,EMP1352,"EMP022,EMP0422,EMP1352,EMP1835,EMP1337,EMP0214,EMP1230,EMP095,EMP1455,EMP0594",10,"{""Product"": 1, ""UI"": 4, ""Graphic"": 3, ""UX"": 2}","{""Lead"": 2, ""Mid"": 5, ""Senior"": 3}",100.0,36.58,89.08352727609646,59.44422054273084,78.73,41.29308229878811,88.10435441040055,89.22906066682344,73.71679241094932,6.098734149900872,1.0736891588598276,8.220646952939195,True,221.33875154903862,False,9.725632555051002,96.98688884197607,7.299862996698919,1.0899146255135146,88.14425428768338,65.57,0.8293590567572489,,Daily standups critical,False,Completed,2025-09-26,Budget Cut,2025-06-21,2025-06-27
TEAM1080,Omega Crew,PRJ741,2025-08-17,AI-Recommended,EMP1408,"EMP1300,EMP1408,EMP1314,EMP1074,EMP079",5,"{""HR"": 3, ""Recruiter"": 2}","{""Senior"": 1, ""Lead"": 4}",100.0,56.41,54.22028053029486,63.48913138050131,44.31,85.13322190211383,62.6970521070597,77.09962133461445,76.50358935362286,5.028210726235736,2.104216735723024,7.353166212393652,True,168.32619802166522,False,6.263208559870864,102.7706192522724,7.502102645898718,1.0082382048897782,78.45849340338955,49.25,3.0424811069126,Communication issues resolved,Need better docs,True,Completed,2025-07-06,Reorganization,2025-08-17,2025-07-05
TEAM1081,Alpha Squad,PRJ376,2023-06-15,Hybrid,EMP1470,"EMP1657,EMP071,EMP0857,EMP1470,EMP1824",5,"{""Logistics"": 2, ""Operations"": 3}","{""Principal"": 2, ""Senior"": 1, ""Lead"": 2}",99.01,95.56,40.8317418201512,66.571641415913,54.77,76.02081427138836,61.92696796490444,84.25845429082942,59.04568696744013,8.341187421068172,1.9523652748228197,7.083025278662126,True,244.76934208396423,True,4.8,91.5129667686496,7.815231100145593,1.0956411950179294,67.71183211153084,75.76,3.039680957829198,Communication issues resolved,Daily standups critical,True,Completed,2024-03-04,Budget Cut,2023-06-15,2025-08-14
TEAM1082,Omega Team,PRJ905,2024-05-25,Manual,EMP0878,"EMP0857,EMP1118,EMP1452,EMP0878,EMP0478,EMP1376,EMP1730",7,"{""Logistics"": 1, ""Sales"": 2, ""Account"": 1, ""Software"": 1, ""Recruiter"": 1, ""Business"": 1}","{""Principal"": 1, ""Lead"": 6}",100.0,46.88,77.00870477618044,93.49465893926498,70.72,68.69755394887952,72.33972240789808,71.71732507086871,94.49257185065613,6.46986368005648,1.01352631397657,7.733518278733676,True,268.70119346500377,True,5.761648095822924,94.51116414697356,7.460122785019297,1.0999238020942603,74.66173146882676,54.61,3.8756084599743827,Strong execution,,True,Completed,2024-06-30,Budget Cut,2024-05-25,2025-06-23
TEAM1083,Omega Unit,PRJ365,2022-09-18,Hybrid,EMP0671,"EMP0671,EMP0858,EMP1722,EMP0397,EMP1704,EMP1411",6,"{""Recruiter"": 3, ""HR"": 2, ""People"": 1}","{""Lead"": 3, ""Senior"": 1, ""Mid"": 2}",100.0,65.79,64.62977889049314,88.8182137609005,74.7,60.9450852780807,72.27854059372422,84.99260173111294,46.9701822105283,6.458164729071465,0.9571505686307814,6.67645350012083,True,270.732653454319,True,6.904261887854582,107.15230284717042,7.183089226949148,1.0942598145426004,81.72257846717996,58.67,1.847145082059804,Great collaboration,Async communication worked well,False,Completed,2024-03-14,Budget Cut,2022-09-18,2026-01-06
TEAM1084,Sigma Team,PRJ453,2024-05-24,Hybrid,EMP0601,"EMP1881,EMP1218,EMP0457,EMP0601",4,"{""Marketing"": 1, ""Campaign"": 2, ""SEO"": 1}","{""Lead"": 1, ""Senior"": 2, ""Mid"": 1}",96.81,90.97,72.1323204775,91.52140512642977,85.53,84.49569349534087,77.70122010705771,66.75122436385227,77.53668645917428,7.319261756865812,1.9575344312143028,7.0481292693994835,True,266.1483844430834,True,7.26200522926756,98.8963774386576,5.267451231915271,1.107889060958614,73.83336964028874,53.86,0.0,Strong execution,Async communication worked well,True,Completed,2024-06-23,Project Complete,2024-05-24,2025-09-24
TEAM1085,Gamma Team,PRJ535,2024-08-25,Hybrid,EMP1427,"EMP175,EMP1427,EMP0230,EMP0885,EMP1412",5,"{""UI"": 3, ""Product"": 1, ""Graphic"": 1}","{""Mid"": 1, ""Lead"": 2, ""Senior"": 2}",98.71,92.01,71.96417300529114,65.50841069347165,69.86,98.95861255647863,57.864713372180766,70.65085145641311,63.93228809080464,7.738909985462604,0.9998181202302585,6.433140420700344,,147.88286344221834,False,5.115723299164257,107.63687015819666,9.150371164958171,1.2002319564348949,83.84532311338609,48.17,4.047468874419705,,Need better docs,True,Completed,2024-04-23,Project Complete,2024-08-25,2024-12-12
TEAM1086,Alpha Unit,PRJ589,2024-12-31,Manual,EMP1810,"EMP1632,EMP0749,EMP0529,EMP0619,EMP1810,EMP0543,EMP1125",7,"{""Sales"": 3, ""Account"": 2, ""Business"": 1, ""Product"": 1}","{""Principal"": 2, ""Mid"": 1, ""Lead"": 4}",95.23,64.34,71.3862263383251,70.73095342687465,70.84,99.7082505527677,73.6232125483375,82.38342135372831,77.27961525989635,7.464427491497342,3.0,8.807734507558713,True,47.22988353603614,False,7.678984812654732,100.3936245243751,,1.1981380039027958,88.14984294288018,57.82,1.0110424122959443,Great collaboration,,False,Completed,2024-07-01,Reorganization,2024-12-31,2025-06-08
TEAM1087,Delta Squad,PRJ105,2023-11-12,Manual,EMP1029,"EMP1912,EMP0210,EMP0958,EMP1829,EMP1029,EMP1406,EMP1354,EMP0355",8,"{""Team"": 5, ""Senior"": 1, ""Software"": 2}","{""Senior"": 4, ""Mid"": 4}",100.0,34.27,93.63005017929798,71.20123760889093,64.56,63.88137483441434,65.89095920920529,66.73183650797935,57.12637678402632,10.0,0.05578501791232194,8.390458557353638,True,61.96248535069995,True,7.4265059823644535,88.78414584960926,7.706012652618779,0.8,102.02950961577683,40.62,3.7933822489246127,Communication issues resolved,Clear roles helped,,Completed,2024-09-02,Project Complete,2023-11-12,2025-12-20
TEAM1088,Sigma Unit,PRJ751,2024-08-02,AI-Recommended,EMP1295,"EMP0696,EMP063,EMP076,EMP1295,EMP0599",5,"{""HR"": 3, ""People"": 1, ""Recruiter"": 1}","{""Senior"": 2, ""Lead"": 2, ""Principal"": 1}",95.9,99.01,85.11685111857258,79.57523164912207,76.55,100.0,73.0720625276551,74.71139214813478,73.34571054869657,7.448219050160067,0.016158965525812103,6.190522834043515,True,207.94490760681592,True,7.2209570572917405,102.39031584303775,7.435666758757579,1.009896865341202,85.84664876102194,69.64,3.9797983564672426,Strong execution,,True,Completed,2024-07-07,Project Complete,2024-08-02,2025-10-03
TEAM1089,Delta Team,PRJ198,2026-02-13,Hybrid,EMP1232,"EMP1195,EMP0449,EMP1676,EMP0994,EMP104,EMP0290,EMP1232",7,"{""Logistics"": 3, ""Operations"": 4}","{""Principal"": 2, ""Senior"": 3, ""Lead"": 2}",100.0,74.29,90.50110135628405,96.54461545611156,62.32,99.65354530892553,66.9812386230223,60.50487411746352,73.8357469557637,8.946915965212824,0.9797420189834197,7.816445698973271,True,288.1757338471919,True,6.63042877649329,87.32498206777214,9.716693504267349,1.0979407478562722,74.42494284000504,65.91,4.990001724499194,Communication issues resolved,,False,Completed,2026-03-21,Project Complete,2026-02-13,2024-06-08
TEAM1090,Beta Unit,PRJ645,2023-10-18,AI-Recommended,EMP1747,"EMP1747,EMP1866,EMP0730,EMP1100,EMP1129,EMP0266,EMP1036,EMP1313",8,"{""Graphic"": 4, ""UX"": 1, ""UI"": 3}","{""Lead"": 3, ""Mid"": 2, ""Senior"": 3}",100.0,65.2,50.07826849696796,69.98587177806311,77.17,75.21912900552218,46.94495343701054,66.57112426199852,76.33827746888223,8.126314195287135,1.8779586577196357,7.792713798475728,True,334.72967002628207,True,9.168950407688545,100.20421070805686,7.489638740706582,0.9094537544604963,83.69545387577953,60.39,4.9224714151987685,Communication issues resolved,Clear roles helped,True,Completed,2024-06-12,Reorganization,2023-10-18,2026-04-07
TEAM1091,Alpha Squad,PRJ660,2025-06-10,Hybrid,EMP1243,"EMP1900,EMP1300,EMP1137,EMP0599,EMP1243",5,"{""HR"": 2, ""Recruiter"": 3}","{""Senior"": 2, ""Lead"": 3}",100.0,64.06,75.53605395800905,83.08869141501869,66.23,78.12827296909752,84.53053901276542,69.84431325849685,53.10515515025841,8.711625070442626,1.9994248465987103,7.6757060086099,,176.98216812999078,False,7.323172050953217,95.11269983077082,6.385927818593771,1.0044553242680334,90.14749865373832,61.63,3.116693589602606,Strong execution,Need better docs,False,Completed,2025-10-26,Reorganization,2025-06-10,2024-09-16
TEAM1092,Sigma Unit,PRJ278,2025-05-21,AI-Recommended,EMP0722,"EMP0321,EMP0515,EMP0722,EMP197,EMP112,EMP1023",6,"{""Marketing"": 2, ""SEO"": 3, ""Campaign"": 1}","{""Junior"": 1, ""Mid"": 2, ""Senior"": 3}",100.0,69.86,36.50944631788648,77.0750095811609,76.7,81.20800162020647,83.18383135337898,89.50075466584588,81.66304194858891,7.619562355526988,3.0,8.15642568379005,True,262.15145139589004,True,7.252750657615393,93.24528496142025,7.624041318532298,0.8,93.56318785540765,45.94,1.8418499737316116,Communication issues resolved,,False,Completed,2025-04-21,Reorganization,2025-05-21,2024-07-05
TEAM1093,Sigma Team,PRJ300,2024-11-28,Hybrid,EMP1665,"EMP1665,EMP1296,EMP0383,EMP0733,EMP0486,EMP1958,EMP0535",7,"{""SEO"": 3, ""Marketing"": 1, ""Campaign"": 1, ""Content"": 2}","{""Senior"": 3, ""Mid"": 4}",100.0,48.93,73.9585314044812,73.99318771990878,68.71,65.00200088767247,75.98463189062846,75.01173906220265,81.0057682885906,7.885067459724634,3.0,8.003196043770123,True,329.5790074993556,True,6.486114403971811,95.43820939063423,7.601030828011718,0.8,84.63015051035225,39.19,3.8754043765665656,Great collaboration,Async communication worked well,True,Completed,2026-01-31,Project Complete,2024-11-28,2026-01-16
TEAM1094,Gamma Squad,PRJ478,2024-11-04,AI-Recommended,EMP0970,"EMP0970,EMP0570,EMP186,EMP0487,EMP0708,EMP0277,EMP0556",7,"{""Recruiter"": 2, ""HR"": 5}","{""Lead"": 3, ""Junior"": 2, ""Mid"": 1, ""Senior"": 1}",100.0,83.16,70.34465003542618,52.955498948978075,66.5,52.960440843771416,60.66130798601511,77.43718803878562,63.049283797717216,4.124898129522226,1.9764039911052858,7.841950830395967,True,244.95511733686223,True,7.868976133183957,88.870793159623,,1.108649468754822,84.53922570435444,47.61,3.0131113492952486,Exceeded expectations,Clear roles helped,False,Completed,2025-03-03,Budget Cut,2024-11-04,2025-03-01
TEAM1095,Delta Unit,PRJ069,2024-08-11,Manual,EMP1960,"EMP0743,EMP1613,EMP0981,EMP1960,EMP1700,EMP0562,EMP0292,EMP0781,EMP1325,EMP1203",10,"{""SEO"": 5, ""Campaign"": 5}","{""Mid"": 6, ""Senior"": 3, ""Junior"": 1}",100.0,40.67,33.385404216627165,87.16693914606209,86.86,61.001805915225845,64.05034640195423,71.53085012945704,83.16252892480196,5.266533130551004,0.9636277760259987,6.989256707911167,True,141.10476338453904,True,8.38830574842363,86.40878386595587,6.803295057240169,0.8,104.70722055899667,46.53,4.964241944299729,Great collaboration,Need better docs,False,Completed,2024-10-17,Project Complete,2024-08-11,2025-08-01
TEAM1096,Sigma Unit,PRJ1000,2023-10-15,Hybrid,EMP1194,"EMP1252,EMP1194,EMP0847,EMP1447,EMP1408",5,"{""Recruiter"": 2, ""People"": 2, ""HR"": 1}","{""Lead"": 3, ""Senior"": 2}",100.0,57.03,64.65495479349673,62.711057928662974,57.3,72.10146474796296,61.27604635855168,86.65758583535654,66.57792740981324,8.246135726423107,0.025731129333691306,8.782214235766958,True,249.0670203335917,True,7.744815013435149,94.19729385466414,7.966136957036195,0.8985141589791512,109.48149431775694,65.56,0.9696024351379241,Great collaboration,Daily standups critical,,Completed,2024-10-07,Reorganization,2023-10-15,2025-01-09
TEAM1097,Alpha Unit,PRJ345,2024-06-18,Hybrid,EMP1112,"EMP1722,EMP169,EMP1112,EMP0249,EMP0636,EMP109,EMP0708",7,"{""People"": 3, ""HR"": 3, ""Recruiter"": 1}","{""Senior"": 4, ""Lead"": 2, ""Principal"": 1}",100.0,79.07,74.88031223593575,99.23760959357442,80.18,59.596761335976446,75.23967607892877,72.56021033665161,65.69081425054489,8.108521511881898,3.0,8.060892522298264,True,189.88321168529183,True,6.2259705944589525,88.34153990670224,9.58020859313905,0.8,58.14226004124045,72.97,3.908081406693853,Strong execution,Clear roles helped,True,Completed,2025-08-31,Project Complete,2024-06-18,2024-06-09
TEAM1098,Alpha Team,PRJ368,2023-05-28,Manual,EMP1801,"EMP0529,EMP1578,EMP0586,EMP1695,EMP1580,EMP1801,EMP0619,EMP0512",8,"{""Account"": 1, ""Sales"": 5, ""Business"": 1, ""Logistics"": 1}","{""Lead"": 4, ""Senior"": 2, ""Principal"": 2}",96.58,65.06,62.33733287763391,56.14262914803741,81.97,76.644714900931,51.50108140310104,89.36906171967472,76.63762190341069,5.889064719999828,1.9446335877385807,7.773480915950903,,165.14591653637646,True,7.716870014221138,108.28370691238096,6.262678639983358,1.097188926891081,97.99874458232753,54.65,0.897222275375267,Exceeded expectations,,True,Completed,2023-12-14,Budget Cut,2023-05-28,2025-05-14
TEAM1099,Omega Unit,PRJ301,2025-07-27,Manual,EMP1337,"EMP1200,EMP1647,EMP1337,EMP1951,EMP125,EMP0575",6,"{""UI"": 3, ""Product"": 1, ""Graphic"": 2}","{""Lead"": 3, ""Senior"": 3}",100.0,51.85,63.05824755094671,42.45312840025051,65.79,79.49378060006082,74.97538104295776,92.8960344128538,77.44397297063053,8.443033628463734,0.0620883983652557,7.817337533622307,True,165.41063453775197,True,7.6414334342585075,92.79088192900392,7.667827556042435,0.8950695588012986,73.47093568672102,56.99,4.043052319656011,,Daily standups critical,True,Completed,2025-10-25,Budget Cut,2025-07-27,2025-02-07
TEAM1100,Omega Squad,PRJ640,2024-05-19,Manual,EMP1858,"EMP1801,EMP1452,EMP0924,EMP071,EMP1858,EMP1636,EMP1902,EMP0675,EMP0664",9,"{""Sales"": 2, ""Business"": 1, ""Operations"": 5, ""Logistics"": 1}","{""Principal"": 1, ""Lead"": 3, ""Senior"": 2, ""Mid"": 3}",95.24,73.61,65.9251995863836,76.5477878028502,79.15,55.4401158120712,70.04052353354139,94.13933547372426,71.48142388110284,6.925213064164186,0.0,6.161383796917868,True,137.23353666367993,True,10.0,96.93525665172633,6.973221619483843,1.2109057300036503,92.9864131659795,63.59,0.9348543115561094,Strong execution,Clear roles helped,False,Completed,2025-06-02,Project Complete,2024-05-19,2025-11-27
TEAM1101,Gamma Team,PRJ220,2023-08-11,Manual,EMP0621,"EMP0891,EMP0621,EMP0613,EMP1712,EMP1795,EMP1292",6,"{""Sales"": 1, ""Accountant"": 2, ""Finance"": 2, ""Financial"": 1}","{""Principal"": 3, ""Senior"": 1, ""Mid"": 2}",93.95,71.41,51.09254789020386,67.98264753469199,74.37,65.78301219328384,78.1824850546476,93.89652256856645,73.35400751335554,4.75558502489616,0.0,7.554943036306671,True,182.0618223573734,True,6.125035701467679,97.38200130336766,5.686175810593719,1.2080745630511613,73.87271175583321,58.68,1.0404858387074267,Exceeded expectations,Daily standups critical,False,Completed,2024-11-14,Reorganization,2023-08-11,2025-06-02
TEAM1102,Gamma Team,PRJ952,2025-12-26,Hybrid,EMP1382,"EMP0310,EMP155,EMP1382,EMP076,EMP1314",5,"{""HR"": 3, ""Recruiter"": 2}","{""Senior"": 1, ""Lead"": 4}",100.0,59.15,98.1375797711481,98.69744578369335,70.94,59.419771578775006,91.56308751820542,,66.89491228942899,7.525326391783028,0.0,7.80876087263359,,,,,,8.204951564788779,1.2010029390339583,61.19034493488781,64.62,1.0218060612434199,Exceeded expectations,,True,Active,,,2025-12-26,2024-07-06
TEAM1103,Alpha Force,PRJ745,2024-09-22,AI-Recommended,EMP1205,"EMP1124,EMP1394,EMP1828,EMP1138,EMP0744,EMP0995,EMP0438,EMP1205,EMP0556,EMP1424",10,"{""People"": 3, ""HR"": 5, ""Recruiter"": 2}","{""Mid"": 3, ""Senior"": 4, ""Principal"": 1, ""Junior"": 2}",98.99,63.09,99.2515861172091,78.07124336063747,61.0,75.01781167861292,55.55098142971911,71.30958927655387,70.89219694344489,7.869671179113997,1.9889116374091693,9.064213908410789,True,168.9063367467572,True,6.487876129710216,92.47668939151657,7.312351769838824,0.9050949482667927,50.0,47.89,0.9492845437210187,Communication issues resolved,Async communication worked well,,Completed,2025-03-24,Project Complete,2024-09-22,2025-01-30
TEAM1104,Gamma Squad,PRJ442,2025-07-31,Manual,EMP0451,"EMP0303,EMP0529,EMP0451,EMP0496,EMP1439,EMP1272,EMP0756,EMP1256,EMP1730",9,"{""Accountant"": 1, ""Account"": 2, ""Sales"": 1, ""Business"": 4, ""HR"": 1}","{""Principal"": 1, ""Lead"": 5, ""Senior"": 3}",100.0,51.95,71.02842890800204,83.57198106599601,83.55,63.90822848539611,65.79474876992408,90.38028402623289,67.77611873995689,6.187730149811404,2.9702460019653922,7.63902995810613,True,270.1094891383137,True,6.497765506870723,89.53786391872356,7.1222429284555036,0.8933481060441814,77.36791154020241,59.14,3.972758658580739,Great collaboration,Need better docs,True,Completed,2025-10-04,Reorganization,2025-07-31,2025-03-31
TEAM1105,Delta Unit,PRJ292,2024-07-28,Manual,EMP1990,"EMP0812,EMP1990,EMP1696",3,"{""SEO"": 1, ""Campaign"": 2}","{""Senior"": 3}",100.0,45.62,54.643775211706895,69.86736112909126,100.0,59.36868530514647,87.78157733846194,87.8982745377692,79.86522548466635,7.256641722007892,1.0371052225976085,7.809523925426023,True,86.91410633757293,True,9.929734034529972,95.62656614007747,6.885312835798305,1.201370329080917,75.90905442643188,51.49,3.102515278402137,Strong execution,,,Completed,2024-08-13,Project Complete,2024-07-28,2024-07-31
TEAM1106,Omega Unit,PRJ987,2024-10-23,Manual,EMP0924,"EMP136,EMP1048,EMP0924,EMP1821,EMP1253,EMP079",6,"{""Account"": 2, ""Sales"": 2, ""Business"": 1, ""Recruiter"": 1}","{""Lead"": 4, ""Senior"": 1, ""Principal"": 1}",100.0,79.74,64.12386348564165,42.00637909573292,80.12,79.68784738138469,74.98644767112293,92.63412828034481,76.15987157869245,8.439977615826074,0.07861301989366849,7.776287604131495,True,173.4278458763746,True,7.614644734208425,92.48444177339849,7.692397057633782,0.899637385587762,73.82898960868555,51.56,3.9630349323202414,,Daily standups critical,True,Completed,2025-10-25,Budget Cut,2024-10-23,2025-01-11
TEAM1107,Delta Team,PRJ722,2024-10-09,Hybrid,EMP004,"EMP1469,EMP004,EMP143",3,"{""DevOps"": 1, ""Team"": 1, ""Software"": 1}","{""Senior"": 2, ""Mid"": 1}",100.0,91.79,85.67213835821889,70.74451193354726,77.37,80.18866743262492,61.500088962649535,98.20723823828314,81.0784935588174,6.8594046509178135,1.9210316090846495,8.30983817355129,True,344.56405351527985,True,6.619213909855579,105.46722689052078,9.214043998867721,0.899653195217914,75.16630336750971,36.3,2.0112839499897084,Great collaboration,,True,Completed,2025-11-18,Budget Cut,2024-10-09,2025-04-20
TEAM1108,Alpha Team,PRJ863,2024-08-17,Manual,EMP0951,"EMP1499,EMP0518,EMP0681,EMP0951",4,"{""DevOps"": 2, ""Software"": 1, ""Team"": 1}","{""Senior"": 2, ""Lead"": 2}",100.0,75.67,100.0,58.764588300373184,69.56,90.68884026041208,73.51430726260536,83.17538941671842,77.11258270753059,6.784872100866619,2.9081642422548613,8.741516979692097,,361.0278982521719,True,8.253595842389013,109.38540150945113,5.95330489553594,1.3,109.65848407531927,38.01,0.0,Strong execution,Async communication worked well,True,Completed,2026-01-22,Project Complete,2024-08-17,2025-03-28
TEAM1109,Beta Unit,PRJ265,2024-02-27,Manual,EMP0955,"EMP0955,EMP076,EMP1314,EMP1408,EMP048,EMP1074,EMP1243",7,"{""HR"": 5, ""Recruiter"": 2}","{""Principal"": 1, ""Lead"": 5, ""Senior"": 1}",94.15,69.84,46.86593275214677,81.79553505050337,65.8,79.65160847738592,61.945386418352186,68.81978378809676,80.19026533213385,8.028656796065679,2.9496279253686946,6.175637196399421,True,311.0398131885961,True,6.50229732038654,107.46723246240319,8.264576705847665,0.994809314403538,80.20696769277825,50.4,2.954879723367229,Communication issues resolved,,True,Completed,2024-11-06,Budget Cut,2024-02-27,2025-04-11
TEAM1110,Alpha Force,PRJ060,2025-08-10,Hybrid,EMP1677,"EMP1677,EMP1018,EMP0241,EMP1232,EMP1645,EMP0272,EMP1244,EMP031",8,"{""Logistics"": 2, ""UI"": 1, ""Sales"": 1, ""Operations"": 3, ""Project"": 1}","{""Lead"": 6, ""Senior"": 2}",98.48,46.57,58.1111473372489,84.75802400138421,63.96,71.1538701151105,66.67222697864554,75.33930691417413,69.33347756260612,6.479722859781692,0.0,5.743038720765144,True,163.7888896943787,True,7.421184068188108,96.10509062726065,8.313739654851641,0.8048025496192913,89.87946955670627,56.04,3.821682778341046,Great collaboration,Clear roles helped,False,Completed,2025-07-20,Project Complete,2025-08-10,2024-09-30
TEAM1111,Gamma Team,PRJ388,2024-12-04,Hybrid,EMP0312,"EMP0271,EMP0473,EMP1720,EMP1821,EMP0312",5,"{""Financial"": 1, ""Accountant"": 1, ""Controller"": 2, ""Sales"": 1}","{""Mid"": 1, ""Senior"": 1, ""Principal"": 3}",100.0,94.3,96.32284129690606,98.80426813639156,93.53,60.90620404953275,91.42972950037422,,68.84334225343694,7.4711006874741095,0.059149651804320795,7.7751674021054935,,,,,,8.166126679370365,1.2077626497737552,60.22290388751286,42.49,0.9767586508820804,Exceeded expectations,,True,Active,,,2024-12-04,2025-01-04
TEAM1112,Delta Squad,PRJ162,2025-06-02,AI-Recommended,EMP0654,"EMP0654,EMP1425,EMP0275,EMP031",4,"{""Sales"": 1, ""Logistics"": 2, ""Operations"": 1}","{""Principal"": 1, ""Lead"": 3}",100.0,78.7,88.78766221167335,72.26602593453656,73.83,94.67503212429591,69.06417086778457,93.34522192868486,36.44651124718885,4.55586016612299,1.0320661899452233,7.164173398528029,True,92.25001733977378,True,6.974656224586574,105.54943771859004,7.980749870517636,0.8856768731989234,86.76552671470363,66.15,0.11064119322635317,,,True,Completed,2025-08-18,Project Complete,2025-06-02,2024-04-08
TEAM1113,Sigma Team,PRJ549,2024-09-06,Hybrid,EMP102,"EMP1269,EMP102,EMP1918,EMP1716,EMP0626,EMP004,EMP0700",7,"{""Software"": 2, ""QA"": 1, ""Team"": 3, ""Senior"": 1}","{""Lead"": 2, ""Senior"": 2, ""Mid"": 3}",100.0,63.21,72.68250155423648,72.71500252671038,63.67,65.21327094972858,75.56436002886889,73.4878497913817,80.49357997225084,7.979427131901836,3.0,8.028926708308108,True,333.9012285283785,True,6.395562173225019,95.63424087736645,7.630871961759604,0.8,85.52089133014734,42.14,4.131951658082946,Great collaboration,Async communication worked well,True,Completed,2026-01-31,Project Complete,2024-09-06,2025-08-22
TEAM1114,Delta Unit,PRJ890,2024-05-02,Manual,EMP1493,"EMP0357,EMP1960,EMP1493",3,"{""Campaign"": 2, ""SEO"": 1}","{""Mid"": 1, ""Senior"": 2}",100.0,100.0,55.73873733069607,69.70496393933705,69.09,58.77886990814686,87.79995482824135,89.23048698501654,79.6943291803987,7.348198138028274,0.9768855362739297,7.833810493927975,True,80.62436462239835,True,9.99329028784876,95.50705998223287,6.806392969536665,1.211837560137712,75.023265925789,68.93,3.077453285265714,Strong execution,,,Completed,2024-08-13,Project Complete,2024-05-02,2024-07-30
TEAM1115,Alpha Unit,PRJ485,2023-06-22,AI-Recommended,EMP1303,"EMP0705,EMP1895,EMP0835,EMP1013,EMP133,EMP0566,EMP1303,EMP1276,EMP0283",9,"{""Product"": 1, ""UX"": 4, ""Graphic"": 2, ""UI"": 2}","{""Lead"": 1, ""Mid"": 5, ""Senior"": 3}",97.88,49.48,61.85012967647366,76.77017829116363,68.62,66.78843138914964,78.86699730826044,61.92389255175813,76.04874106716676,8.527718456946873,0.026047316767310032,6.1480124308486905,True,353.2337918424679,True,6.749546567458874,97.0992234758561,,1.085768246005906,94.39279550042933,57.59,3.9141810891177853,Great collaboration,Async communication worked well,True,Completed,2024-12-07,Project Complete,2023-06-22,2025-07-26
TEAM1116,Sigma Unit,PRJ607,2023-10-22,AI-Recommended,EMP073,"EMP1926,EMP1669,EMP073",3,"{""People"": 2, ""HR"": 1}","{""Principal"": 2, ""Lead"": 1}",100.0,100.0,34.588959881063246,57.065841656851404,62.43,85.92292364762449,48.461272482753316,68.3479225354028,68.32345406847409,7.931170203452708,1.0705885218849511,7.252817993680968,True,117.58944342063188,True,8.719214047664478,95.61245993151674,6.457842506378647,1.0082104054858778,94.76132926135266,63.26,0.9382741710488605,Communication issues resolved,Need better docs,True,Completed,2024-03-02,Budget Cut,2023-10-22,2025-08-11
TEAM1117,Delta Team,PRJ166,2024-04-09,Hybrid,EMP1810,"EMP0619,EMP1810,EMP034",3,"{""Business"": 1, ""Sales"": 2}","{""Lead"": 1, ""Principal"": 1, ""Senior"": 1}",100.0,95.14,86.5065364611664,70.65707689380862,95.14,80.81478617602728,62.42901805180007,98.45268585843671,79.82386163880261,6.748129282547184,2.040127844108759,8.388580420911913,True,346.9939783094948,True,6.697875546017176,105.40452220506593,9.20464286754915,0.9034812694392179,74.05123296597175,51.83,1.9098784418624766,Great collaboration,,True,Completed,2025-11-18,Budget Cut,2024-04-09,2025-07-23
TEAM1118,Alpha Unit,PRJ943,2023-04-18,Hybrid,EMP095,"EMP0957,EMP1589,EMP0228,EMP1230,EMP0698,EMP1866,EMP0545,EMP095",8,"{""UI"": 3, ""Product"": 1, ""Graphic"": 3, ""UX"": 1}","{""Lead"": 3, ""Mid"": 3, ""Senior"": 2}",95.17,62.95,68.12712597252606,89.20446288983594,62.56,85.37477959566894,62.826553085240384,89.30589358636617,70.82602956369733,6.801175228620175,0.997370309844848,8.318550805994374,True,31.9,False,5.88051032447543,94.49210666297122,7.240396068925491,1.1138331017898004,73.7897406859026,55.23,0.030295559747773152,Communication issues resolved,Need better docs,True,Completed,2024-01-10,Budget Cut,2023-04-18,2025-09-09
TEAM1119,Alpha Force,PRJ209,2025-02-27,AI-Recommended,EMP1669,"EMP1509,EMP1729,EMP1669,EMP1293,EMP0970,EMP079,EMP1174,EMP1787,EMP1414,EMP1398",10,"{""HR"": 5, ""People"": 3, ""Recruiter"": 2}","{""Senior"": 3, ""Mid"": 4, ""Lead"": 3}",95.74,42.99,98.31752247909002,77.93138136427267,66.47,74.69118634081829,55.51687247301983,70.5975097550069,72.50978448424983,7.935532723753224,1.9763864418831485,9.007268881225452,True,164.69968930990876,True,6.4982526431909235,93.62254666253592,7.290477304888875,0.8886711255367455,50.78622581687862,49.48,1.0819590195030886,Communication issues resolved,Async communication worked well,,Completed,2025-03-24,Project Complete,2025-02-27,2025-01-28
TEAM1120,Delta Crew,PRJ452,2024-12-26,Hybrid,EMP0727,"EMP0230,EMP1998,EMP0727,EMP133,EMP0638,EMP0630,EMP1455,EMP0770",8,"{""Product"": 1, ""UI"": 4, ""Graphic"": 2, ""UX"": 1}","{""Lead"": 3, ""Senior"": 2, ""Mid"": 3}",90.44,53.2,26.3,79.6440933776572,70.86,100.0,74.60721875335344,99.8971157323563,81.63637065564832,7.440777249620109,3.0,5.608568342942942,True,309.240990692289,True,6.92202570375192,91.55796501428321,5.693643215065963,1.2950839901969162,103.80066315609666,48.53,3.8800292743315747,Exceeded expectations,Need better docs,,Completed,2025-09-04,Reorganization,2024-12-26,2025-03-27
TEAM1121,Delta Unit,PRJ585,2023-10-27,AI-Recommended,EMP1994,"EMP1669,EMP1994,EMP0520,EMP1411",4,"{""HR"": 2, ""Recruiter"": 2}","{""Lead"": 3, ""Senior"": 1}",100.0,61.07,64.44681421874927,66.53972720321184,87.81,99.31061914841361,72.58505445182573,72.3555962600638,60.17176755627603,7.468777065880676,0.0,8.61276567436815,True,113.31099153992537,False,7.8020686504986445,93.1471984145075,8.251252815309527,1.0806870069760706,108.13126004880499,69.8,4.1035547185446335,Great collaboration,,True,Completed,2024-05-27,Project Complete,2023-10-27,2025-01-07
TEAM1122,Sigma Crew,PRJ745,2024-06-09,AI-Recommended,EMP0970,"EMP1124,EMP1274,EMP0487,EMP0970,EMP155,EMP0469,EMP0268,EMP0333,EMP0595,EMP1783",10,"{""People"": 1, ""Recruiter"": 6, ""HR"": 3}","{""Mid"": 5, ""Junior"": 2, ""Lead"": 3}",96.86,45.38,98.20621761550788,82.08161879186034,80.64,71.36963610142988,78.88922699348389,67.75503805650523,73.43543896215043,6.406274127671427,2.9660874679906337,6.1533225919235335,True,148.97554644963483,False,8.169954108762953,110.12696254217448,9.491305720347142,1.2052900323354505,75.29750444447072,43.71,3.0570279659624884,Exceeded expectations,Daily standups critical,True,Completed,2025-07-30,Project Complete,2024-06-09,2024-12-27
TEAM1123,Sigma Team,PRJ366,2023-08-06,Manual,EMP0257,"EMP1710,EMP1829,EMP0628,EMP1140,EMP0928,EMP2000,EMP0257,EMP1486,EMP0990,EMP0640",10,"{""Team"": 3, ""Senior"": 2, ""Software"": 4, ""QA"": 1}","{""Mid"": 7, ""Lead"": 3}",97.38,28.56,55.10718517834514,87.2988319107543,66.47,100.0,62.562656731031616,76.80621201216094,78.87430985237742,7.6052006754334265,1.0157249174226848,7.045019787175596,True,169.42669817485034,True,9.289202467419772,91.92688977471126,5.952191637404507,0.9883514620979655,96.77065623529171,33.97,5.0,Exceeded expectations,Async communication worked well,True,Completed,2024-02-09,Reorganization,2023-08-06,2024-10-26
TEAM1124,Alpha Squad,PRJ015,2024-01-17,Manual,EMP0249,"EMP1873,EMP1543,EMP186,EMP0358,EMP013,EMP1398,EMP0882,EMP0988,EMP0249,EMP1293",10,"{""People"": 6, ""HR"": 3, ""Recruiter"": 1}","{""Mid"": 5, ""Senior"": 3, ""Junior"": 1, ""Principal"": 1}",100.0,59.35,72.70013403419293,69.15975790451449,72.92,73.72991989089088,98.0,77.35751032866408,70.52781646802784,5.602332849244398,0.0,9.04082710867487,,50.61717248241329,True,9.477663764434757,98.00203523566799,8.949437028661357,1.0911243246029212,93.76275960612453,37.21,4.2117681119487145,,,True,Completed,2024-01-23,Budget Cut,2024-01-17,2025-06-11
TEAM1125,Sigma Squad,PRJ728,2024-08-06,Manual,EMP0221,"EMP0212,EMP1665,EMP1779,EMP0420,EMP0221,EMP1287,EMP1562,EMP0874",8,"{""Marketing"": 6, ""SEO"": 1, ""Campaign"": 1}","{""Lead"": 2, ""Senior"": 1, ""Mid"": 4, ""Junior"": 1}",100.0,65.4,55.30969978856191,69.79664494431174,80.23,85.04761058085873,90.60091338450303,100.0,94.9660163230593,7.7136436627386,0.9620726564018871,8.7433109975963,True,110.57063561228965,True,8.837928040854475,100.83514748456888,7.894159491153895,0.8,81.62433202563378,62.76,2.0781685485283714,,Clear roles helped,True,Completed,2024-07-04,Budget Cut,2024-08-06,2025-05-10
TEAM1126,Delta Unit,PRJ264,2024-11-25,AI-Recommended,EMP0575,"EMP1572,EMP0575,EMP0643,EMP1337,EMP133",5,"{""UI"": 3, ""Graphic"": 2}","{""Lead"": 2, ""Senior"": 3}",100.0,55.15,56.31268222395956,100.0,97.41,84.26355099944925,79.71165704991098,60.35052629027171,49.56680661736202,7.978650139705807,3.0,7.558746202822094,True,253.4202932971002,True,5.503503888374655,101.66273891785792,8.407120741644297,0.8938512081746576,93.50348428348417,44.02,4.923144230909519,Great collaboration,Daily standups critical,False,Completed,2025-01-07,Budget Cut,2024-11-25,2024-07-27
TEAM1127,Omega Unit,PRJ991,2025-03-07,Hybrid,EMP0970,"EMP0636,EMP0970,EMP0858",3,"{""HR"": 2, ""Recruiter"": 1}","{""Senior"": 1, ""Lead"": 2}",87.65,89.66,66.16218366937758,41.993069017320195,69.74,90.17570538905612,64.7063545108367,81.55416285117168,71.24536941452386,4.823478590355277,1.9571341786987615,8.174888172199154,True,294.44285993570816,True,8.209669510920834,93.86411072005113,5.317821988285781,0.9879891611287771,91.85055918143763,38.63,4.147357710262547,Exceeded expectations,Async communication worked well,True,Completed,2025-11-22,Reorganization,2025-03-07,2025-06-14
TEAM1128,Alpha Unit,PRJ540,2024-05-16,Hybrid,EMP156,"EMP156,EMP0281,EMP1657,EMP0366,EMP093,EMP1676,EMP0620,EMP1173",8,"{""HR"": 1, ""Logistics"": 2, ""Operations"": 4, ""Project"": 1}","{""Principal"": 3, ""Senior"": 3, ""Lead"": 1, ""Mid"": 1}",97.84,77.1,70.84571201681295,87.94038597741752,66.96,86.31307040986415,62.26957927697811,88.91165415800785,70.00734288850178,6.63626423542238,1.0434533568579585,8.332391091984817,True,37.36816363430028,False,5.832304098707339,94.53296153380562,7.235559124511217,1.1114767395107934,73.53464422957762,60.16,0.1306450847902022,Communication issues resolved,Need better docs,True,Completed,2024-01-10,Budget Cut,2024-05-16,2025-10-14
TEAM1129,Beta Crew,PRJ993,2024-03-08,AI-Recommended,EMP181,"EMP181,EMP0419,EMP1613,EMP002,EMP1017,EMP0457,EMP0714,EMP0212",8,"{""Campaign"": 4, ""SEO"": 3, ""Marketing"": 1}","{""Senior"": 2, ""Mid"": 5, ""Lead"": 1}",93.57,62.29,39.1861305002449,65.64078812604271,70.88,91.23736298263114,70.40051472433233,59.98190572412137,91.99650923954026,6.644558425374527,1.8636329052330203,6.304592645309325,True,79.78150618927842,False,9.707784234499208,94.621406074176,9.023432009038256,1.193204720475189,85.35244560534375,41.33,2.9900069239006464,Communication issues resolved,Clear roles helped,True,Completed,2024-11-23,Reorganization,2024-03-08,2025-02-23
TEAM1130,Delta Unit,PRJ268,2025-03-12,Manual,EMP0970,"EMP073,EMP0970,EMP091,EMP1377,EMP1394,EMP0671,EMP1484,EMP1376,EMP0830,EMP0955",10,"{""People"": 2, ""Recruiter"": 4, ""HR"": 4}","{""Principal"": 2, ""Lead"": 3, ""Mid"": 3, ""Senior"": 2}",99.89,54.95,34.159216839172224,87.32822503539325,70.69,60.660470235291974,64.4257002877487,71.15009961706917,82.08660493783376,5.427973434842378,0.965052830516617,7.119037504964909,True,135.35394006105247,True,8.351535187096616,86.2958512628854,6.907668181903478,0.8015086566238009,104.71722145878812,60.4,4.955651675574023,Great collaboration,Need better docs,False,Completed,2024-10-17,Project Complete,2025-03-12,2025-10-21
TEAM1131,Delta Team,PRJ408,2025-07-04,Hybrid,EMP155,"EMP0599,EMP1074,EMP155",3,"{""Recruiter"": 3}","{""Lead"": 3}",76.78,52.91,86.34282159351243,71.35654873562288,57.55,79.02250037652568,61.863954479151054,98.1869879644381,79.9494799891615,6.768053646838504,2.082934329186174,8.334224894591967,True,339.0780933655457,True,6.707552341271529,106.3760502715693,9.22898252736582,0.907482774226856,76.1672935834672,44.62,1.841060358510413,Great collaboration,,True,Completed,2025-11-18,Budget Cut,2025-07-04,2025-07-08
TEAM1132,Delta Unit,PRJ113,2024-05-02,AI-Recommended,EMP0664,"EMP146,EMP0857,EMP1365,EMP0664,EMP0243,EMP0870,EMP0272",7,"{""Logistics"": 4, ""Operations"": 3}","{""Principal"": 2, ""Lead"": 3, ""Senior"": 2}",100.0,60.85,65.24461639705797,71.78757975677114,65.31,100.0,71.88066831471916,95.90586671521264,83.09129190289816,5.931195865925431,0.005945997509216418,6.181121976179808,True,317.550726162528,True,7.099384362527723,88.01503641550373,,0.9050827693387798,77.08195933264867,62.14,1.907936461772838,Communication issues resolved,Daily standups critical,True,Completed,2025-06-22,Budget Cut,2024-05-02,2025-09-06
TEAM1133,Alpha Team,PRJ133,2024-06-10,AI-Recommended,EMP1821,"EMP1821,EMP1118,EMP0657,EMP0345",4,"{""Sales"": 2, ""Business"": 1, ""Software"": 1}","{""Principal"": 1, ""Lead"": 3}",88.3,84.89,70.98159690806342,68.9097957591361,70.61,84.54088936848513,73.05166016544587,64.65149667196272,68.67231980281197,7.756067603405405,1.0103038364821688,7.0154035633313345,True,191.64030098544683,False,6.657034639144859,102.9737733171135,8.500982832314023,1.209310231447057,82.79401123806852,54.76,2.961185848763828,Communication issues resolved,Clear roles helped,False,Completed,2024-05-29,Project Complete,2024-06-10,2024-11-24
TEAM1134,Delta Crew,PRJ282,2024-11-06,AI-Recommended,EMP1244,"EMP025,EMP1512,EMP1341,EMP1815,EMP1244,EMP1752,EMP1597,EMP1010,EMP1144",9,"{""Project"": 1, ""HR"": 1, ""Logistics"": 2, ""Operations"": 5}","{""Senior"": 3, ""Principal"": 2, ""Lead"": 4}",100.0,54.71,100.0,83.0042755365564,71.47,97.25510642829842,55.34329439465628,76.84127154744951,63.1916965544433,8.12668470243222,1.0466618631575233,6.431890902018492,True,55.28073606068906,True,7.921977501219231,103.67153002029147,8.389633183986714,0.9111078403979183,76.28360572784206,68.04,0.0,Great collaboration,,True,Completed,2024-08-28,Budget Cut,2024-11-06,2025-11-27
TEAM1135,Gamma Crew,PRJ338,2024-04-24,Manual,EMP1747,"EMP1951,EMP157,EMP0698,EMP1157,EMP1013,EMP1993,EMP0957,EMP1998,EMP1747",9,"{""UI"": 4, ""Graphic"": 4, ""UX"": 1}","{""Senior"": 3, ""Mid"": 2, ""Junior"": 2, ""Lead"": 2}",100.0,58.4,100.0,88.5047452924013,68.67,78.41786663577136,88.67708754432101,76.84661369087581,63.73531732258308,6.650436012896395,2.96637421744865,7.935559426120561,True,200.5210556887394,True,10.0,84.46376412331533,6.90220800665658,1.292454310108083,70.8208899272896,54.24,4.9801873292534715,Strong execution,,False,Completed,2024-02-16,Project Complete,2024-04-24,2025-11-27
TEAM1136,Gamma Force,PRJ431,2024-12-06,Hybrid,EMP0684,"EMP0324,EMP0684,EMP1103,EMP1758,EMP1013",5,"{""UI"": 4, ""Graphic"": 1}","{""Mid"": 1, ""Lead"": 3, ""Senior"": 1}",93.2,70.8,71.4007842105627,71.92938882502212,58.65,71.20457687766121,74.62313417137365,100.0,85.05633424214432,6.384821772316656,1.0010875724865083,7.373019900853257,True,101.16309071628655,True,6.767830423638972,90.73722358567596,7.540459204996092,0.9114451648154959,79.94632203289986,78.55,4.074060765505452,Exceeded expectations,Async communication worked well,,Completed,2025-03-19,Budget Cut,2024-12-06,2024-10-09
TEAM1137,Gamma Force,PRJ728,2025-05-22,Manual,EMP0722,"EMP088,EMP0987,EMP0601,EMP0597,EMP1416,EMP0722",6,"{""Marketing"": 3, ""SEO"": 3}","{""Lead"": 1, ""Mid"": 3, ""Senior"": 2}",88.97,76.63,77.04377612941302,71.50734703383782,92.46,95.63941914815543,76.79959383689012,80.82416569885987,73.04601620659705,5.801218797101039,0.0,7.552936205194226,True,202.33770874892946,True,7.708971426998845,100.14380006952734,7.571718336835503,1.197305527510375,90.73414107597986,57.68,0.020400606764214124,Communication issues resolved,Daily standups critical,True,Completed,2025-06-02,Reorganization,2025-05-22,2025-06-26
TEAM1138,Beta Squad,PRJ924,2025-12-14,Hybrid,EMP1551,"EMP1450,EMP1909,EMP1551,EMP1350,EMP151",5,"{""Team"": 2, ""QA"": 2, ""DevOps"": 1}","{""Senior"": 4, ""Mid"": 1}",100.0,55.57,87.9592324112475,67.26605468321414,66.05,76.6632553338264,90.60954690677751,81.1557393254098,98.58497550578095,6.212892362691686,1.0345043373402332,7.400120939024784,True,273.1248225403682,True,8.570273238284013,83.60923968325538,6.69553109749596,1.093747414003694,92.1889201646517,33.43,1.9264717300330059,Exceeded expectations,Async communication worked well,True,Completed,2025-11-28,Budget Cut,2025-12-14,2025-05-02
TEAM1139,Beta Team,PRJ289,2024-03-26,Hybrid,EMP1429,"EMP098,EMP0378,EMP1675,EMP1429,EMP0750",5,"{""Team"": 1, ""Senior"": 1, ""Software"": 2, ""DevOps"": 1}","{""Mid"": 2, ""Lead"": 2, ""Senior"": 1}",100.0,79.84,29.018510996833598,77.02905320148751,63.4,78.46875703900363,65.83021214201503,65.53943017211442,63.09459039326129,8.251710624281937,0.9548794415559642,9.285485405324096,True,235.5163334509016,True,8.049461885493514,114.821446087598,7.546339929585957,0.9051775199418334,90.05529025174025,31.26,4.870332505829047,Great collaboration,,False,Completed,2024-09-11,Budget Cut,2024-03-26,2024-06-09
TEAM1140,Omega Crew,PRJ145,2025-06-29,Hybrid,EMP1146,"EMP0541,EMP0223,EMP1163,EMP0542,EMP1315,EMP1669,EMP1146,EMP1864",8,"{""HR"": 4, ""People"": 3, ""Recruiter"": 1}","{""Senior"": 5, ""Mid"": 1, ""Lead"": 1, ""Principal"": 1}",99.58,69.8,68.81695814630342,63.01929678775575,68.01,90.34600409002509,71.89212898137795,88.62803874959629,86.3173205514303,7.82548256585727,2.9434771218665854,6.821215522792183,True,165.26268888107728,True,7.879939728024538,109.9292106908004,8.68252251867414,0.9893041911629339,90.99910435961648,60.35,0.0,Communication issues resolved,,,Completed,2025-07-21,Reorganization,2025-06-29,2024-09-30
TEAM1141,Delta Team,PRJ637,2024-10-19,Hybrid,EMP1616,"EMP1960,EMP1616,EMP0811",3,"{""Campaign"": 2, ""Marketing"": 1}","{""Senior"": 2, ""Mid"": 1}",55.33,100.0,87.24767776628661,71.21335587561866,75.87,80.44877228401934,62.087334003303845,97.65027645914377,81.82477329095008,6.83585921327875,1.8518886767622929,8.295019102725647,True,338.5677228252189,True,6.6458056608482705,105.61621215954129,9.140112499944228,0.9003164287694595,75.82388613532702,39.85,1.9825175362965026,Great collaboration,,True,Completed,2025-11-18,Budget Cut,2024-10-19,2025-07-18
TEAM1142,Omega Crew,PRJ796,2025-05-30,AI-Recommended,EMP0858,"EMP0310,EMP0858,EMP1492,EMP1985,EMP079",5,"{""HR"": 3, ""People"": 1, ""Recruiter"": 1}","{""Senior"": 2, ""Lead"": 2, ""Mid"": 1}",100.0,87.72,54.548559548455195,63.06341251254202,54.75,83.65616623124696,61.164004420871834,78.1256886881053,77.39738783079999,5.072673782335704,1.95261833350442,7.424731925446157,True,176.47638794162398,False,6.339851070208617,102.2705978958942,7.548668185002528,1.0004730310246237,77.06495788823443,57.38,2.694677859775637,Communication issues resolved,Need better docs,True,Completed,2025-07-06,Reorganization,2025-05-30,2025-07-18
TEAM1143,Delta Crew,PRJ651,2024-11-25,AI-Recommended,EMP069,"EMP159,EMP0880,EMP1238,EMP1849,EMP1795,EMP1712,EMP0364,EMP1148,EMP069",9,"{""Accountant"": 3, ""Finance"": 4, ""Financial"": 1, ""Controller"": 1}","{""Senior"": 4, ""Principal"": 3, ""Mid"": 2}",95.19,49.26,99.60554997720115,83.2057784446283,74.22,97.81656460034026,55.66387662682522,78.71284740192623,61.11848541151676,8.006339328188867,0.9986042011479171,6.365295318776777,True,51.56122215093849,True,7.8835687665699075,104.45609272157218,8.32139593781071,0.9024031548973399,74.79273820704204,67.65,0.0,Great collaboration,,True,Completed,2024-08-28,Budget Cut,2024-11-25,2025-11-09
TEAM1144,Delta Squad,PRJ711,2025-08-21,AI-Recommended,EMP0740,"EMP0210,EMP1759,EMP0740,EMP1701,EMP0505,EMP1469",6,"{""Team"": 2, ""QA"": 3, ""DevOps"": 1}","{""Senior"": 3, ""Junior"": 2, ""Lead"": 1}",100.0,69.87,91.32980045138197,88.18165910330933,63.26,63.59197241171956,54.18119349216893,76.17327201187327,50.45202533739431,5.249384150454172,1.9861225247607623,6.692183715674953,True,93.7878794373377,True,9.154919165931611,110.71905218288137,7.329968320947646,1.2064070990728948,80.0026837729112,42.41,4.967863293649913,Communication issues resolved,Need better docs,True,Completed,2025-04-02,Project Complete,2025-08-21,2025-09-26
TEAM1145,Omega Unit,PRJ254,2025-05-08,Manual,EMP0671,"EMP038,EMP1940,EMP106,EMP0469,EMP0671,EMP1376",6,"{""HR"": 3, ""Recruiter"": 3}","{""Senior"": 1, ""Lead"": 4, ""Mid"": 1}",94.31,74.57,65.48842512978298,43.02636041904594,75.89,79.55495936313679,75.95911124406194,91.27926872641036,76.62157466385628,8.487649090073603,0.048382272855727264,7.759703795548376,True,162.95805857297324,True,7.665529769488855,93.40222917196907,7.6991410911057745,0.910193583063036,75.0668100261363,49.25,3.8237976108398426,,Daily standups critical,True,Completed,2025-10-25,Budget Cut,2025-05-08,2024-12-28
TEAM1146,Alpha Unit,PRJ586,2025-06-24,Hybrid,EMP0978,"EMP1801,EMP0978,EMP0272,EMP0512,EMP093,EMP1195",6,"{""Sales"": 1, ""Logistics"": 3, ""Operations"": 2}","{""Principal"": 3, ""Lead"": 1, ""Senior"": 2}",100.0,69.73,70.6761061053801,81.20087980394874,68.77,82.43876487426377,89.51831955166504,78.1333956519391,77.14636477279075,8.020150797269018,2.0249855230533425,7.718704361587396,True,298.58347928908523,False,7.566559054723755,97.20668891793859,9.472549845412775,0.8962338890412055,82.0067286012483,60.87,0.028336018028866813,Great collaboration,Clear roles helped,True,Completed,2026-01-25,Budget Cut,2025-06-24,2025-04-12
TEAM1147,Delta Unit,PRJ802,2024-07-12,Hybrid,EMP0690,"EMP1005,EMP1041,EMP0814,EMP0690,EMP0327,EMP1020,EMP1401",7,"{""Team"": 4, ""DevOps"": 2, ""QA"": 1}","{""Mid"": 5, ""Senior"": 2}",100.0,43.48,68.86700528476585,69.42140835651531,69.09,83.73033448366371,77.07193537532721,86.57334796168041,69.08682707635906,5.584885798320329,2.0851174072758063,7.5923231141842455,True,67.30123509686892,True,9.49210163588763,91.77656204467874,6.151867119375892,1.3,78.5583876549844,29.17,2.9839648547924296,Great collaboration,,True,Completed,2025-03-20,Reorganization,2024-07-12,2025-08-25
TEAM1148,Delta Force,PRJ103,2025-05-25,AI-Recommended,EMP0671,"EMP1300,EMP106,EMP0492,EMP0858,EMP0671,EMP169,EMP1669",7,"{""HR"": 5, ""Recruiter"": 2}","{""Senior"": 3, ""Lead"": 4}",100.0,41.97,61.14183644774659,68.96825294911343,76.39,52.28201950298269,80.08947685827962,71.40967122310933,67.44168516769368,8.754915205482266,1.0700152131471778,6.921405812426111,True,78.01519775022003,True,8.583175914462975,114.20186425945181,6.973206689613366,1.094672016461746,84.540608312165,50.9,5.0,,,True,Completed,2025-02-06,Project Complete,2025-05-25,2025-06-16
TEAM1149,Omega Unit,PRJ445,2024-06-05,AI-Recommended,EMP1411,"EMP1411,EMP0696,EMP1926,EMP0636,EMP0708,EMP0858,EMP1882,EMP1155,EMP0287,EMP0556",10,"{""Recruiter"": 1, ""HR"": 8, ""People"": 1}","{""Lead"": 3, ""Senior"": 4, ""Principal"": 1, ""Mid"": 1, ""Junior"": 1}",100.0,66.51,67.66141224951382,56.26576078084122,88.51,81.58855863957852,72.5829135176715,73.14815583782001,81.47182021935875,8.148261555134793,0.0,7.829541959346771,True,141.70839415414906,True,7.663936246570118,99.34674764913792,5.819640818424652,1.0070724424995379,75.55990093005757,74.81,4.118544775278415,Strong execution,Need better docs,False,Completed,2024-09-07,Reorganization,2024-06-05,2025-09-05
TEAM1150,Delta Unit,PRJ135,2024-03-06,Manual,EMP1693,"EMP0654,EMP0332,EMP1677,EMP0547,EMP0243,EMP1431,EMP1359,EMP055,EMP1693,EMP0219",10,"{""Sales"": 1, ""Operations"": 7, ""Logistics"": 2}","{""Principal"": 1, ""Senior"": 5, ""Lead"": 3, ""Mid"": 1}",95.83,61.54,33.74417210954088,87.4987078951562,71.35,60.950094027340675,64.39863562929843,71.53048863105212,82.57064769835542,5.387628324323584,0.9837974165822116,7.016896739756797,True,155.72108172128165,True,8.430276541039653,86.41123342033379,6.873356536269305,0.8,104.4547354581734,79.75,5.0,Great collaboration,Need better docs,False,Completed,2024-10-17,Project Complete,2024-03-06,2025-10-11
TEAM1151,Delta Crew,PRJ483,2025-02-17,AI-Recommended,EMP0540,"EMP1799,EMP1197,EMP0760,EMP1500,EMP152,EMP0540,EMP0371,EMP028,EMP0222",9,"{""Accountant"": 2, ""Financial"": 3, ""Finance"": 4}","{""Senior"": 7, ""Mid"": 1, ""Principal"": 1}",97.62,50.14,100.0,81.68635919218953,69.15,97.0722836721818,54.95435022316914,77.86217888480675,61.17632136041632,8.092510974503138,0.9876404658842001,6.402805117598731,True,52.885143859914905,True,7.95330441423955,103.68976059179738,8.414585901087975,0.8988142778693403,76.77198138998773,65.76,0.10047071268230619,Great collaboration,,True,Completed,2024-08-28,Budget Cut,2025-02-17,2026-02-19
TEAM1152,Gamma Crew,PRJ921,2025-07-02,Manual,EMP0545,"EMP1584,EMP1129,EMP0283,EMP0490,EMP0545,EMP1475,EMP0573,EMP095,EMP0769",9,"{""UI"": 5, ""UX"": 1, ""Graphic"": 3}","{""Mid"": 4, ""Senior"": 3, ""Junior"": 1, ""Lead"": 1}",90.48,77.65,85.9568445757948,73.54229413678857,61.19,100.0,65.52732083102,67.19807730533401,92.65651441105076,8.079880302065014,1.0291586343441717,7.180603220693274,True,255.52146197649208,True,6.908591701129476,108.28353380733681,8.415731757651667,1.092692464467412,81.57632965338946,53.86,5.0,Exceeded expectations,Daily standups critical,False,Completed,2026-01-02,Budget Cut,2025-07-02,2024-12-26
TEAM1153,Sigma Force,PRJ777,2024-12-17,Hybrid,EMP0812,"EMP0274,EMP1958,EMP026,EMP0812,EMP0212,EMP0860,EMP0224",7,"{""SEO"": 2, ""Content"": 1, ""Marketing"": 3, ""Campaign"": 1}","{""Mid"": 5, ""Senior"": 1, ""Lead"": 1}",87.22,53.72,51.99906360664534,90.48422632030835,80.94,95.81696178346074,65.8331530143034,99.57771019431952,62.16154965081963,6.496407590889651,0.07944685379819705,6.961268377039068,True,360.23376472896314,True,7.7433034121063296,87.43017988110986,6.3003075612364565,0.8,115.2789563179729,38.83,2.089865578632406,Communication issues resolved,Async communication worked well,True,Completed,2025-06-04,Project Complete,2024-12-17,2025-03-02
TEAM1154,Beta Force,PRJ431,2023-09-22,Hybrid,EMP0622,"EMP0643,EMP0622,EMP023,EMP0286,EMP1258,EMP1537,EMP0252",7,"{""Graphic"": 3, ""UI"": 4}","{""Lead"": 4, ""Senior"": 3}",99.44,40.37,53.8625332598178,60.85061331441913,96.91,46.01410121458366,66.39433944429692,70.2959458006167,97.68276383116157,8.134530245593801,3.0,6.912402067078554,True,339.9306380816016,True,10.0,101.77762791368889,6.902571392754618,1.2919682206356011,61.39660016609461,74.17,5.0,Strong execution,Daily standups critical,,Completed,2025-04-21,Reorganization,2023-09-22,2024-06-20
TEAM1155,Omega Force,PRJ694,2024-11-06,Hybrid,EMP1232,"EMP1365,EMP1232,EMP1010",3,"{""Logistics"": 1, ""Operations"": 2}","{""Lead"": 3}",96.79,50.76,60.099043022752205,58.017050269807264,60.2,95.9445312759017,67.4433970561996,58.273128142416056,50.21804762545552,5.77369576946419,0.0,7.878817980356749,True,96.2387724465814,True,7.961496193639725,108.2618825104095,5.870141023797072,0.9051241271349553,79.88105988169222,59.59,4.151839474949442,Communication issues resolved,Need better docs,True,Completed,2024-12-30,Reorganization,2024-11-06,2025-10-01
TEAM1156,Omega Unit,PRJ880,2024-07-27,Manual,EMP0305,"EMP0275,EMP0305,EMP1558,EMP0547,EMP0238,EMP0205",6,"{""Logistics"": 3, ""Operations"": 3}","{""Lead"": 2, ""Senior"": 4}",99.4,52.05,64.56286897788691,41.9,66.13,79.32631329752024,75.17074800162327,92.54057094968951,77.99526359088041,8.47469508950523,0.0,7.774847868634462,True,163.01926324510836,True,7.504427103896797,92.70961273659816,7.717349269182065,0.902409033119495,73.88303935350699,58.75,4.070689892179754,,Daily standups critical,True,Completed,2025-10-25,Budget Cut,2024-07-27,2024-08-31
TEAM1157,Alpha Force,PRJ514,2024-08-06,Manual,EMP023,"EMP1584,EMP0490,EMP023,EMP0643,EMP1554,EMP0910,EMP1460,EMP0967,EMP1026",9,"{""UI"": 5, ""UX"": 3, ""Graphic"": 1}","{""Mid"": 1, ""Junior"": 5, ""Lead"": 2, ""Senior"": 1}",89.29,68.93,68.50180104529687,86.96412544064631,81.86,74.92284834873645,67.42632076472145,94.6878694367212,62.92131383473367,8.149814656503672,3.0,8.595527808569368,True,333.251070982202,True,4.8736477069160005,92.44201705131083,,0.8,111.44236066012625,45.87,1.9261356685585274,Strong execution,,True,Completed,2025-06-23,Project Complete,2024-08-06,2025-07-23
TEAM1158,Beta Unit,PRJ498,2024-07-17,Manual,EMP0731,"EMP0878,EMP0731,EMP1403,EMP034,EMP1028,EMP0260,EMP0242",7,"{""Account"": 2, ""Sales"": 4, ""Business"": 1}","{""Lead"": 3, ""Senior"": 2, ""Mid"": 1, ""Principal"": 1}",100.0,77.47,48.10333537896303,80.88254699614994,86.72,80.37076469582144,58.830623224331,69.20992118921771,80.10239246062726,7.988024558172543,3.0,6.288332123387453,True,305.15100451306716,True,6.4993346487728445,106.579691206849,8.18849326556041,1.0028901181543721,79.08095836448909,58.29,2.9166870628197548,Communication issues resolved,,True,Completed,2024-11-06,Budget Cut,2024-07-17,2024-12-30
TEAM1159,Gamma Crew,PRJ515,2024-09-20,Hybrid,EMP0715,"EMP0936,EMP0715,EMP0531,EMP1231,EMP0371,EMP1248,EMP1363,EMP1552,EMP0495,EMP0833",10,"{""Logistics"": 1, ""Finance"": 4, ""Accountant"": 1, ""Financial"": 4}","{""Principal"": 1, ""Senior"": 4, ""Junior"": 1, ""Mid"": 4}",87.85,65.0,86.57551960735468,77.11667296668354,70.89,98.38976010873158,58.38753316255923,70.36065351424708,62.930349249673654,7.261078429493334,0.0,7.478543726052246,True,246.07592489960226,True,7.0457069082205965,105.8535847743217,10.0,0.9008614860705798,100.87992693934406,57.24,3.938648661200133,Strong execution,Need better docs,,Completed,2025-10-12,Budget Cut,2024-09-20,2024-06-13
TEAM1160,Alpha Team,PRJ737,2023-11-03,AI-Recommended,EMP1297,"EMP0544,EMP062,EMP1297,EMP0700",4,"{""DevOps"": 1, ""Team"": 3}","{""Senior"": 2, ""Mid"": 1, ""Lead"": 1}",100.0,83.77,69.51775404203,67.7542036216508,85.21,84.14550998595799,72.85504052252726,64.98592877396216,69.48815268979949,7.722096154932181,1.0551413962586473,6.875656126189181,True,183.5082458104451,False,6.517146527413133,102.29136208444022,8.346118434247659,1.2071233702485993,84.33343866819638,32.06,2.9519402350888573,Communication issues resolved,Clear roles helped,False,Completed,2024-05-29,Project Complete,2023-11-03,2024-12-20
TEAM1161,Delta Team,PRJ570,2024-10-04,Hybrid,EMP1104,"EMP049,EMP1104,EMP023",3,"{""Graphic"": 1, ""UI"": 2}","{""Lead"": 2, ""Senior"": 1}",91.57,93.68,86.65046929026612,71.95986379188166,100.0,79.40251702827757,61.95582632980536,97.21755662244183,80.67062345118731,6.789118273675361,2.0543081342450087,8.307963492989632,True,342.13779442110166,True,6.788769964355098,105.83680920137739,9.100324290577944,0.9048294488908051,76.0511586341363,57.08,1.9685586019644026,Great collaboration,,True,Completed,2025-11-18,Budget Cut,2024-10-04,2025-03-22
TEAM1162,Alpha Force,PRJ477,2025-02-10,Manual,EMP0808,"EMP0684,EMP0808,EMP100,EMP0213,EMP1440,EMP1554,EMP132,EMP1568,EMP1304",9,"{""UI"": 5, ""UX"": 3, ""Graphic"": 1}","{""Lead"": 3, ""Mid"": 4, ""Senior"": 2}",98.71,46.66,93.37271388810792,100.0,77.23,96.4112690610148,59.99439859928246,64.46110376164393,57.57554221569894,7.117824237280514,2.9639907655028894,6.921656752764105,True,223.8524331611781,True,6.471569693835049,109.64329900879889,7.0071551113117145,0.9935055955120536,95.00248034324416,55.95,3.1179144878834326,Communication issues resolved,Clear roles helped,,Completed,2025-07-07,Budget Cut,2025-02-10,2026-04-08
TEAM1163,Omega Force,PRJ136,2023-12-12,Manual,EMP1985,"EMP0541,EMP1243,EMP0708,EMP1893,EMP1985",5,"{""HR"": 4, ""Recruiter"": 1}","{""Senior"": 3, ""Lead"": 2}",94.87,62.73,50.777750675151346,74.98682918987193,71.88,84.73592571028317,70.03880401733457,89.78675207248524,71.37464747880685,6.753113817634341,0.0,6.5082917348140725,,330.2773971594254,True,8.620426783495482,96.06834102481155,8.124417081462262,1.204201284947937,75.12455719590827,71.22,0.004623109003286758,,,True,Completed,2025-03-24,Reorganization,2023-12-12,2025-07-17
TEAM1164,Alpha Crew,PRJ059,2023-07-27,AI-Recommended,EMP1382,"EMP0520,EMP1382,EMP0349,EMP1379,EMP0970,EMP0996,EMP0744,EMP1468,EMP1931",9,"{""HR"": 6, ""Recruiter"": 3}","{""Senior"": 4, ""Lead"": 2, ""Mid"": 3}",100.0,58.93,78.44068443230817,63.03137174335134,77.28,64.66806741013136,80.20826772537488,92.7768927351314,64.47454308848702,6.817923738008485,0.9177302173054822,8.402902828079974,True,190.2046383223133,False,6.020771391347499,103.5425493253758,9.971999346231584,1.000571593164208,92.90445153792611,74.75,0.014269431558194231,Exceeded expectations,Daily standups critical,True,Completed,2024-11-29,Project Complete,2023-07-27,2025-04-03
TEAM1165,Alpha Team,PRJ604,2025-05-06,Manual,EMP0760,"EMP0955,EMP0473,EMP0760,EMP0800",4,"{""HR"": 1, ""Accountant"": 2, ""Finance"": 1}","{""Principal"": 2, ""Senior"": 2}",93.41,85.18,100.0,60.28031351946335,74.09,90.91249654273302,75.27504966109488,83.76836540770084,75.9688226568346,6.831204971422926,2.947512282687032,8.769743999635395,,364.7,True,8.150584609455892,111.42570606454649,5.998768827454869,1.3,108.97813844387807,54.4,0.08070293857009685,Strong execution,Async communication worked well,True,Completed,2026-01-22,Project Complete,2025-05-06,2025-04-05
TEAM1166,Alpha Force,PRJ236,2024-09-14,AI-Recommended,EMP0378,"EMP0344,EMP0378,EMP1050,EMP1840,EMP1127,EMP1242",6,"{""Team"": 3, ""Senior"": 1, ""Software"": 1, ""QA"": 1}","{""Mid"": 3, ""Lead"": 2, ""Senior"": 1}",100.0,77.21,61.994787224372466,63.58533800239575,84.7,80.16347694008573,70.58000803624297,92.81341995717723,66.11125284945379,7.035571851647357,2.085649819896847,8.695099202900398,True,316.16682400663024,False,7.791429957713922,96.13249543192771,6.663529605081363,0.8912288861901103,105.00628411551682,49.35,2.8673965785396844,,Async communication worked well,True,Completed,2025-07-28,Project Complete,2024-09-14,2024-06-01
TEAM1167,Gamma Team,PRJ416,2023-01-06,AI-Recommended,EMP108,"EMP1657,EMP108,EMP0332,EMP0203,EMP1232,EMP1567",6,"{""Logistics"": 1, ""Sales"": 1, ""Operations"": 4}","{""Principal"": 2, ""Senior"": 2, ""Lead"": 2}",100.0,71.54,70.21978022693983,69.16284329574012,74.17,80.09742795367154,88.96746522118619,78.47145091732514,64.67356390536978,9.136070422306547,0.9802609649910841,6.725966153258201,True,188.18164116850167,False,8.726326376936125,96.88916718044544,4.023858691690021,0.8,79.14296149305508,52.96,4.953256496534753,Great collaboration,,True,Completed,2024-04-09,Reorganization,2023-01-06,2024-12-23
TEAM1168,Omega Unit,PRJ089,2023-11-03,AI-Recommended,EMP0484,"EMP1652,EMP1288,EMP1243,EMP0676,EMP0484,EMP164,EMP1512,EMP0563,EMP0382,EMP1482",10,"{""People"": 2, ""Recruiter"": 2, ""HR"": 6}","{""Senior"": 4, ""Mid"": 3, ""Lead"": 1, ""Principal"": 1, ""Junior"": 1}",96.78,80.8,67.6483825243166,55.562568373432676,79.07,81.1428423753827,71.3633539836033,74.49658263639947,81.94979786300955,8.215106582968005,0.0,7.811247170603463,True,138.36304630057143,True,7.6340096082184665,99.67361209646978,5.700405959124077,0.9995009139017097,75.12835166599046,47.72,4.094281800366314,Strong execution,Need better docs,False,Completed,2024-09-07,Reorganization,2023-11-03,2025-09-29
TEAM1169,Omega Unit,PRJ608,2023-11-10,Hybrid,EMP1659,"EMP135,EMP0812,EMP0292,EMP0816,EMP1659,EMP1868,EMP1055",7,"{""Marketing"": 3, ""SEO"": 4}","{""Junior"": 1, ""Senior"": 3, ""Mid"": 2, ""Lead"": 1}",100.0,82.04,79.8736005845349,93.67465655769348,76.32,87.31093522570772,80.52985623103194,78.49482040016971,88.86008864058648,8.36042645621238,2.933237911954335,7.868412056920572,True,37.08506664245643,False,8.294561952401299,92.20203032618596,7.7046298538596005,1.1113558090033955,67.247160946708,48.85,0.9943359454355021,Strong execution,Need better docs,True,Completed,2024-01-22,Reorganization,2023-11-10,2025-05-02
TEAM1170,Gamma Squad,PRJ037,2024-11-07,Manual,EMP0501,"EMP015,EMP090,EMP0895,EMP1301,EMP1888,EMP0395,EMP0845,EMP0501,EMP1179",9,"{""Team"": 2, ""Software"": 3, ""DevOps"": 1, ""QA"": 2, ""Senior"": 1}","{""Mid"": 3, ""Lead"": 4, ""Senior"": 2}",95.39,39.48,71.10888361858768,81.65818052594805,72.78,63.132493906472895,67.7538285635366,90.55506291229534,67.72882184697538,6.067912522738691,3.0,7.581838827751079,True,266.1591031868202,True,6.5068185684478745,89.11164721711155,7.070799883468397,0.8959730298755767,78.0236868813538,44.45,3.957836603611403,Great collaboration,Need better docs,True,Completed,2025-10-04,Reorganization,2024-11-07,2025-07-08
TEAM1171,Omega Force,PRJ273,2023-11-28,Hybrid,EMP1512,"EMP0484,EMP1137,EMP1787,EMP1069,EMP1175,EMP1512",6,"{""HR"": 3, ""Recruiter"": 1, ""People"": 2}","{""Senior"": 2, ""Lead"": 1, ""Mid"": 2, ""Principal"": 1}",97.59,89.85,50.44245372156364,86.74850361139728,79.98,80.62549819145602,87.54818093939915,85.29900537397606,78.51379638644136,5.4697838542880035,2.054360017309936,9.040453594532183,True,211.62689713439065,True,6.614762086564469,90.48906629558175,6.528828059696573,0.9051183774911525,98.26523935254068,72.26,1.2233298043371574,Great collaboration,Daily standups critical,True,Completed,2024-11-03,Project Complete,2023-11-28,2025-03-05
TEAM1172,Omega Crew,PRJ586,2023-09-27,Hybrid,EMP0883,"EMP1810,EMP0883,EMP025,EMP1677,EMP1425,EMP1752,EMP0237",7,"{""Sales"": 1, ""Operations"": 2, ""Project"": 1, ""Logistics"": 3}","{""Principal"": 1, ""Senior"": 3, ""Lead"": 3}",100.0,67.97,52.836990032695205,79.45527415258394,73.74,87.76723707731537,84.77499857129281,67.52493376550152,68.41344625223113,5.482809901624412,1.004575723924789,4.576202383139703,,128.2642313784487,True,9.294901173537998,99.04997871592708,9.682865427805723,0.8025571652203733,70.89651478333433,68.56,2.956526706204836,Strong execution,Clear roles helped,True,Completed,2024-06-03,Budget Cut,2023-09-27,2025-03-10
TEAM1173,Alpha Team,PRJ111,2024-12-24,Manual,EMP0307,"EMP1665,EMP181,EMP085,EMP0307",4,"{""SEO"": 2, ""Campaign"": 1, ""Marketing"": 1}","{""Senior"": 3, ""Lead"": 1}",100.0,73.41,100.0,59.69779928158545,77.31,91.09927054444269,74.7222573076208,82.79663877045935,76.41080600416157,6.783019098285772,2.9989580049032694,8.732138632780796,,363.2004118260344,True,8.158459203874258,111.26224499370356,6.092307277654988,1.29568010188737,107.73376502153158,62.95,0.17654935201159,Strong execution,Async communication worked well,True,Completed,2026-01-22,Project Complete,2024-12-24,2025-02-21
TEAM1174,Omega Unit,PRJ066,2024-07-14,AI-Recommended,EMP1411,"EMP1447,EMP155,EMP1376,EMP0559,EMP0599,EMP1411,EMP0644,EMP1770,EMP1329,EMP1940",10,"{""Recruiter"": 7, ""HR"": 2, ""People"": 1}","{""Lead"": 6, ""Mid"": 2, ""Junior"": 1, ""Senior"": 1}",100.0,55.39,67.63679531704086,55.84598111735641,83.87,83.67549673326008,72.35213187650005,74.97839990588527,81.64364573255851,8.126959785015295,0.0,7.702848319270896,True,148.74234219912884,True,7.520862979122411,99.60881353454478,5.773413277624399,1.0039988057739395,74.17771203613945,44.43,3.884480496943587,Strong execution,Need better docs,False,Completed,2024-09-07,Reorganization,2024-07-14,2025-07-07
TEAM1175,Sigma Team,PRJ007,2023-06-05,Manual,EMP1305,"EMP0800,EMP0552,EMP1305,EMP0439,EMP0829,EMP183,EMP0921,EMP051,EMP0313,EMP0215",10,"{""Finance"": 5, ""Financial"": 1, ""Logistics"": 1, ""Sales"": 1, ""Account"": 1, ""Operations"": 1}","{""Senior"": 5, ""Mid"": 2, ""Lead"": 3}",100.0,43.49,56.41417702742564,87.7912191700453,86.44,99.45044155428903,62.780581205146085,76.56675139347696,79.34273402245407,7.57891919870508,0.8518366869006582,7.018542166166021,True,157.33068810133733,True,9.294818091675557,91.88456417558021,5.907777763014535,0.9941619973782877,96.39995770410532,51.77,5.0,Exceeded expectations,Async communication worked well,True,Completed,2024-02-09,Reorganization,2023-06-05,2025-02-27
TEAM1176,Beta Crew,PRJ365,2024-04-17,Hybrid,EMP1447,"EMP1243,EMP0858,EMP1447,EMP155",4,"{""Recruiter"": 3, ""HR"": 1}","{""Lead"": 4}",92.2,40.95,44.861723034490446,74.52517146289766,61.05,78.54931452779736,91.69552138973523,90.60189653892344,79.15871102132543,6.481870365554981,1.0566893301631386,7.029082746792166,True,104.4858440467306,False,6.70165266326396,98.49598706504096,7.011993478071051,1.1065452479580433,93.10152156809052,62.96,0.002663186118600697,Communication issues resolved,Need better docs,,Completed,2023-12-15,Project Complete,2024-04-17,2025-08-11
TEAM1177,Alpha Crew,PRJ341,2023-09-03,AI-Recommended,EMP0396,"EMP1849,EMP0396,EMP1569,EMP108,EMP1578,EMP012,EMP1979,EMP084,EMP0586",9,"{""Accountant"": 1, ""Sales"": 5, ""Account"": 2, ""Business"": 1}","{""Principal"": 2, ""Lead"": 1, ""Mid"": 2, ""Senior"": 2, ""Junior"": 2}",100.0,81.11,79.56542498149369,62.370197420120775,74.29,63.83960175275674,80.6530880264502,93.91844685134998,64.11028139065465,6.813255482601782,0.9702172210853831,8.196417867836697,True,195.68417477263677,False,6.020206862715957,104.05564507245236,10.0,1.011064731227878,93.8494810152516,53.73,0.0,Exceeded expectations,Daily standups critical,True,Completed,2024-11-29,Project Complete,2023-09-03,2025-02-02
TEAM1178,Omega Squad,PRJ814,2025-09-04,Manual,EMP0880,"EMP1500,EMP0993,EMP0800,EMP1707,EMP1111,EMP0362,EMP152,EMP0880",8,"{""Finance"": 5, ""Accountant"": 3}","{""Senior"": 3, ""Principal"": 2, ""Mid"": 2, ""Junior"": 1}",87.49,69.58,83.1288421336499,82.98455409078346,75.93,92.47683388954084,93.5249436790041,66.23589838098212,84.73381090961456,7.542210061408204,0.9655094757314153,8.264162470151202,True,92.84391959511561,False,8.420523686086664,99.36104027812367,9.871570746476669,1.0070218241676152,85.67431249169594,58.94,2.095885998551203,Communication issues resolved,Daily standups critical,False,Completed,2025-06-16,Budget Cut,2025-09-04,2025-12-30
TEAM1179,Delta Unit,PRJ313,2025-02-05,Manual,EMP1840,"EMP0786,EMP0859,EMP1840",3,"{""Senior"": 1, ""Team"": 2}","{""Lead"": 2, ""Senior"": 1}",100.0,100.0,53.70345330524088,68.97023487601824,90.46,58.44482358430072,87.47745932470436,87.852289204486,79.53562014694977,7.299713859525572,1.002376523264739,7.867325716131844,True,80.72388552481306,True,10.0,94.6914513297536,7.004841278199445,1.211452543197777,75.49635000837557,42.18,2.98940751872028,Strong execution,,,Completed,2024-08-13,Project Complete,2025-02-05,2024-08-27
TEAM1180,Omega Squad,PRJ131,2024-08-15,Hybrid,EMP1747,"EMP1747,EMP0300,EMP0230,EMP157,EMP1200,EMP1514,EMP0283,EMP0565,EMP124,EMP0286",10,"{""Graphic"": 7, ""Product"": 1, ""UI"": 2}","{""Lead"": 4, ""Mid"": 4, ""Junior"": 1, ""Senior"": 1}",100.0,56.56,100.0,82.76808244188688,62.99,87.29434158842662,40.86414637234988,80.16133482514027,79.81408279365407,5.517872235743602,2.9454516349680264,7.409976433849492,True,341.40985026190856,True,8.24810187544859,84.1392621381081,6.761810781937381,1.2941771075007293,88.93045604493018,63.38,4.122547265811246,Strong execution,Clear roles helped,,Completed,2025-12-11,Reorganization,2024-08-15,2025-06-04
TEAM1181,Delta Squad,PRJ356,2024-09-08,Manual,EMP0885,"EMP0324,EMP1049,EMP0943,EMP0539,EMP1013,EMP008,EMP162,EMP0885",8,"{""UI"": 5, ""UX"": 1, ""Product"": 1, ""Graphic"": 1}","{""Mid"": 3, ""Senior"": 3, ""Lead"": 2}",100.0,51.37,93.65319825698441,69.40787467871881,85.38,64.02810110707769,66.03178649111248,66.79191535151026,56.08251311979756,10.0,0.05291660558770557,8.378013524332642,True,53.56652412731294,True,7.466935493240774,89.30229167628691,7.82645068460224,0.8,101.979987664324,55.45,4.078358661975419,Communication issues resolved,Clear roles helped,,Completed,2024-09-02,Project Complete,2024-09-08,2025-07-02
TEAM1182,Beta Crew,PRJ743,2024-06-23,AI-Recommended,EMP0392,"EMP079,EMP0392,EMP1725",3,"{""Recruiter"": 2, ""People"": 1}","{""Lead"": 2, ""Principal"": 1}",100.0,100.0,68.74277533599357,78.6741197446874,58.44,77.64583429974782,49.507269677041634,72.205840699367,76.83854213333929,7.5696084239009425,2.9792183044361638,7.599471300156991,True,59.42279450481746,True,5.37314301796715,98.06199151874857,6.846805050433909,1.1098822638364436,82.53558433530903,69.46,0.9597885797687697,Strong execution,,False,Completed,2024-05-26,Project Complete,2024-06-23,2024-07-25
TEAM1183,Omega Squad,PRJ516,2024-04-03,Hybrid,EMP1365,"EMP0370,EMP1027,EMP1365,EMP0994,EMP0870,EMP1485,EMP0884,EMP1425,EMP1815,EMP190",10,"{""Logistics"": 6, ""Sales"": 1, ""Project"": 1, ""Operations"": 2}","{""Lead"": 4, ""Principal"": 1, ""Senior"": 4, ""Mid"": 1}",85.63,65.47,100.0,82.08853422539546,78.0,87.25361631873555,42.8883942719716,79.29553981699054,80.38737112249801,5.366727209630895,3.0,7.46190790205044,True,338.67172323090597,True,8.317855393015874,84.55890662222617,6.66504605537857,1.2979663439879072,90.62769090594041,69.79,4.031525773003328,Strong execution,Clear roles helped,,Completed,2025-12-11,Reorganization,2024-04-03,2025-10-05
TEAM1184,Gamma Squad,PRJ001,2024-03-17,AI-Recommended,EMP0955,"EMP0326,EMP0955,EMP0599,EMP172,EMP1315,EMP076,EMP156",7,"{""HR"": 4, ""Recruiter"": 3}","{""Senior"": 1, ""Principal"": 2, ""Lead"": 2, ""Mid"": 2}",100.0,91.55,70.34273837799496,53.50232329106223,93.62,53.31280077473729,60.376990961896134,77.43539318236333,62.49791430330577,4.1426218710696014,2.03460753456518,7.675595068188279,True,244.70869942797597,True,7.967852354314146,88.96976899665769,,1.0980777123551033,85.76017533560167,57.81,3.028367078090228,Exceeded expectations,Clear roles helped,False,Completed,2025-03-03,Budget Cut,2024-03-17,2025-06-07
TEAM1185,Gamma Force,PRJ983,2023-12-21,Manual,EMP156,"EMP0696,EMP156,EMP0671,EMP0392,EMP1488,EMP1940",6,"{""HR"": 4, ""Recruiter"": 2}","{""Senior"": 2, ""Principal"": 1, ""Lead"": 3}",95.58,96.81,63.31648389403005,78.41701227013473,88.82,89.77318509121766,47.91752967846625,70.66443413455669,52.76820989228001,7.40964217399371,0.0,6.4890154937887115,True,154.80914769520314,True,8.277888020214506,85.4424888413887,6.479011554443521,0.8082769581027892,72.363419715996,57.87,1.93960654503125,Exceeded expectations,Async communication worked well,True,Completed,2023-12-16,Project Complete,2023-12-21,2024-10-11
TEAM1186,Beta Unit,PRJ886,2024-01-12,AI-Recommended,EMP1719,"EMP1593,EMP1719,EMP1048,EMP0586,EMP051,EMP0990,EMP1118,EMP022",8,"{""Business"": 1, ""Account"": 1, ""Sales"": 4, ""QA"": 1, ""Product"": 1}","{""Lead"": 5, ""Senior"": 3}",100.0,33.19,48.8964390631671,71.01044372631384,63.34,76.70516323179038,47.67132359930054,66.76833487826259,75.90461778507185,8.29983570693176,2.023879105055366,7.8744703998384855,True,329.58168687628614,True,9.28461548153571,100.64107561672516,7.472437548227714,0.9140612508061315,85.23623686419768,61.13,4.910093681062274,Communication issues resolved,Clear roles helped,True,Completed,2024-06-12,Reorganization,2024-01-12,2026-01-26
TEAM1187,Alpha Crew,PRJ785,2024-03-31,AI-Recommended,EMP1924,"EMP1152,EMP1924,EMP0651,EMP0561,EMP0299,EMP132,EMP162,EMP1337,EMP1132",9,"{""UI"": 5, ""Graphic"": 3, ""UX"": 1}","{""Lead"": 4, ""Mid"": 3, ""Senior"": 2}",100.0,42.41,79.2885071347239,62.0108270527476,69.08,63.640273742375044,80.22111123876202,93.05685864119027,62.99520031066527,6.763526540504649,0.9581526900187398,8.312885145294514,True,202.39516948645638,False,6.032194089116854,103.6487878268921,10.0,0.9917934911823935,93.63459406229143,50.99,0.04339567717064974,Exceeded expectations,Daily standups critical,True,Completed,2024-11-29,Project Complete,2024-03-31,2025-01-04
TEAM1188,Sigma Unit,PRJ891,2024-04-30,AI-Recommended,EMP1470,"EMP0512,EMP1470,EMP055",3,"{""Logistics"": 1, ""Operations"": 2}","{""Principal"": 1, ""Lead"": 2}",93.15,96.72,33.896782491284924,56.26856132867444,68.87,85.76357774724703,49.410634875241904,68.1002921132223,67.81647089398986,8.009169484473977,1.0218601633464575,7.206359536033348,True,115.60507405590984,True,8.738293962266892,95.75305002156712,6.471646762340061,1.0051263217001614,94.11950885920199,82.91,0.9832730876779544,Communication issues resolved,Need better docs,True,Completed,2024-03-02,Budget Cut,2024-04-30,2025-11-27
TEAM1189,Delta Force,PRJ337,2025-01-26,Hybrid,EMP1924,"EMP1924,EMP0705,EMP1258,EMP1013",4,"{""Graphic"": 2, ""Product"": 1, ""UI"": 1}","{""Lead"": 2, ""Senior"": 2}",94.99,74.11,73.77254904596548,61.28304183287709,54.55,60.76684664590324,74.48667485346864,75.19773057804389,77.9694426162172,9.923848636205001,1.0554556251720233,8.401102664823618,True,359.7225454128008,True,7.493747863688163,103.44265813408009,7.42349946981236,1.0092313637144668,91.89593955821893,53.26,4.081653902540378,Exceeded expectations,,,Completed,2025-11-05,Budget Cut,2025-01-26,2025-10-21
TEAM1190,Beta Crew,PRJ509,2024-12-21,AI-Recommended,EMP1269,"EMP165,EMP0903,EMP1753,EMP0344,EMP1179,EMP1131,EMP1269,EMP0544",8,"{""QA"": 2, ""Software"": 3, ""Senior"": 1, ""Team"": 1, ""DevOps"": 1}","{""Mid"": 4, ""Lead"": 3, ""Senior"": 1}",88.56,65.74,39.92247067014253,67.84978248233769,58.3,92.03934739363724,70.00265393129331,59.6059357469193,91.50698887014715,6.569530281158742,2.0089420585802573,6.2295588306808165,True,80.30440727256646,False,9.753089528620377,93.81549330433359,8.998222379417811,1.1933728782113433,84.56560403257849,36.54,2.924084138056945,Communication issues resolved,Clear roles helped,True,Completed,2024-11-23,Reorganization,2024-12-21,2024-10-28
TEAM1191,Alpha Force,PRJ144,2024-01-01,Manual,EMP1626,"EMP1269,EMP1053,EMP0876,EMP1626,EMP151,EMP1838,EMP149,EMP0929,EMP1710",9,"{""Software"": 1, ""Senior"": 1, ""QA"": 4, ""DevOps"": 1, ""Team"": 2}","{""Lead"": 1, ""Mid"": 4, ""Senior"": 2, ""Junior"": 2}",89.7,65.03,69.69563026082189,86.17062102913694,74.19,74.88720060016864,68.74800233925176,96.3375422312578,60.72895845559653,8.106104943991562,2.97373687927718,8.646343829229703,True,323.85763221764614,True,4.8,92.10854030689126,,0.8001496413942598,109.50410244877779,29.09,2.0757144246858235,Strong execution,,True,Completed,2025-06-23,Project Complete,2024-01-01,2025-10-18
TEAM1192,Omega Unit,PRJ715,2024-07-30,AI-Recommended,EMP1684,"EMP0955,EMP1684,EMP0921,EMP1580,EMP1253,EMP0250,EMP136,EMP0396,EMP1954,EMP1341",10,"{""HR"": 1, ""Business"": 2, ""Logistics"": 3, ""Sales"": 2, ""Account"": 2}","{""Principal"": 3, ""Lead"": 6, ""Mid"": 1}",100.0,36.07,69.19721810665104,55.620082413797135,86.47,84.28388391869643,72.5938864788836,74.74315349758767,81.88621097300665,8.158193588130336,0.0,7.827381820394504,True,139.75827843147871,True,7.483648677612888,99.94629236299514,5.797880288371218,0.9985722363880589,74.52313829363585,67.54,3.8543681688363405,Strong execution,Need better docs,False,Completed,2024-09-07,Reorganization,2024-07-30,2025-11-27
TEAM1193,Gamma Team,PRJ089,2023-05-20,Hybrid,EMP106,"EMP106,EMP1864,EMP073,EMP0879,EMP1940",5,"{""Recruiter"": 1, ""People"": 3, ""HR"": 1}","{""Lead"": 2, ""Principal"": 2, ""Senior"": 1}",92.13,77.41,71.43594357262013,65.91915060739473,75.81,100.0,57.53093508303004,70.9619835644069,65.23750630523068,7.78335998053659,0.9099312535847521,6.372777078218561,,136.7945887283676,False,5.057171421777276,107.36812408980296,9.220180515622303,1.1778052437283368,84.69649524423095,57.19,4.089464385573839,,Need better docs,True,Completed,2024-04-23,Project Complete,2023-05-20,2024-10-29
TEAM1194,Omega Squad,PRJ923,2024-10-23,Manual,EMP0826,"EMP1722,EMP063,EMP0379,EMP0847,EMP1553,EMP1735,EMP1205,EMP0826,EMP0636",9,"{""People"": 2, ""HR"": 5, ""Recruiter"": 2}","{""Senior"": 6, ""Mid"": 2, ""Lead"": 1}",96.88,52.42,65.3849600303872,75.73241850461798,59.03,53.92727150871466,70.09648077972672,93.29194138642067,70.96772220596426,6.8720758830683515,0.0,6.27718330427793,True,134.3489934104582,True,10.0,96.1736515832523,7.056692747292791,1.2157911070185479,92.00796389903478,57.71,1.08533949674658,Strong execution,Clear roles helped,False,Completed,2025-06-02,Project Complete,2024-10-23,2026-01-04
TEAM1195,Sigma Force,PRJ213,2024-09-04,Hybrid,EMP0492,"EMP1415,EMP0858,EMP1447,EMP1652,EMP0492,EMP1669,EMP1725",7,"{""Recruiter"": 2, ""HR"": 3, ""People"": 2}","{""Mid"": 1, ""Lead"": 3, ""Senior"": 2, ""Principal"": 1}",96.92,94.52,52.26272345176786,91.07152525938389,59.23,95.28553699162275,64.65929126727806,98.5672227864951,62.18590464722283,6.659812157768668,0.06723089969134288,7.076401059217692,True,363.01278345973793,True,7.69322667135681,88.00027115443446,6.30217573931741,0.8008314548433665,115.8,44.05,2.033671930875454,Communication issues resolved,Async communication worked well,True,Completed,2025-06-04,Project Complete,2024-09-04,2025-04-11
TEAM1196,Beta Squad,PRJ922,2023-05-11,Hybrid,EMP1018,"EMP0539,EMP0267,EMP1758,EMP1018,EMP0698,EMP0896,EMP1743,EMP0347,EMP1036,EMP133",10,"{""Product"": 3, ""UI"": 4, ""UX"": 1, ""Graphic"": 2}","{""Lead"": 3, ""Mid"": 2, ""Junior"": 3, ""Senior"": 2}",93.37,57.24,58.21454783680669,71.87227628169258,63.05,80.56947251559832,88.25540899461639,82.46048207584721,94.66650504851309,7.481752963580535,2.0415305380682573,4.987840785681484,True,53.6143583851996,True,7.575701268225613,93.70874411860026,,0.8,70.38446503587365,59.95,5.0,Great collaboration,Need better docs,False,Completed,2023-10-01,Budget Cut,2023-05-11,2025-04-03
TEAM1197,Alpha Team,PRJ628,2025-07-02,Manual,EMP0643,"EMP0252,EMP1200,EMP0643,EMP0651",4,"{""UI"": 3, ""Graphic"": 1}","{""Senior"": 1, ""Lead"": 3}",100.0,64.59,100.0,58.730080873482144,81.39,91.02874476620467,74.99547840629599,82.24605457536768,76.94564468183894,6.776072814764847,2.935962995403686,8.731558015117297,,364.7,True,8.20976082937759,110.7941968804783,5.926921777445619,1.3,108.8607996536842,51.7,0.04117421048469087,Strong execution,Async communication worked well,True,Completed,2026-01-22,Project Complete,2025-07-02,2025-03-08
TEAM1198,Alpha Squad,PRJ970,2024-07-25,Manual,EMP0326,"EMP0326,EMP0249,EMP0850,EMP1884,EMP1273,EMP1377,EMP0858",7,"{""HR"": 6, ""People"": 1}","{""Senior"": 1, ""Principal"": 1, ""Mid"": 2, ""Junior"": 2, ""Lead"": 1}",92.05,84.72,89.86541895918215,97.17374415972999,75.56,81.32787531219095,39.270977115110966,77.2170319033574,56.93824244240191,8.060916706327887,0.9272758365601403,8.080747139822154,True,73.44222205351485,False,7.5046171951565235,95.7083154004754,7.694935008516172,1.1015535457016938,98.10283514276132,51.04,4.996930187804853,Communication issues resolved,Daily standups critical,True,Completed,2024-06-02,Budget Cut,2024-07-25,2024-11-04
TEAM1199,Delta Unit,PRJ853,2023-02-27,Manual,EMP1431,"EMP1497,EMP1485,EMP0511,EMP0467,EMP0361,EMP0608,EMP1431,EMP0506,EMP1820",9,"{""Sales"": 1, ""Project"": 1, ""Operations"": 7}","{""Principal"": 1, ""Senior"": 8}",100.0,30.56,60.4611438754993,70.79040713444064,68.07,94.07908249144471,71.22097380975374,95.48566304490575,83.41089629339827,7.270430741157646,0.06062502574939386,6.594129620105563,True,238.78608591880322,True,10.0,92.63963280109422,7.97439718572937,0.9924648473319203,89.08525518498918,60.05,5.0,,,True,Completed,2024-03-01,Project Complete,2023-02-27,2025-04-18
TEAM1200,Alpha Squad,PRJ398,2024-08-16,Manual,EMP1427,"EMP0561,EMP0769,EMP1152,EMP1848,EMP1337,EMP1427,EMP1758",7,"{""Graphic"": 2, ""UI"": 5}","{""Lead"": 4, ""Senior"": 3}",91.94,42.54,90.38808271493565,96.05017665526827,79.0,83.47912899182155,38.302972671962095,77.16927653971838,57.72247710532775,8.133387044202797,0.9727568861101096,8.030406496464932,True,69.48230306175961,False,7.415541904974647,96.15815922567606,7.744253528326634,1.1001125320073877,100.14493921867746,64.58,4.913183300541134,Communication issues resolved,Daily standups critical,True,Completed,2024-06-02,Budget Cut,2024-08-16,2024-07-26
TEAM1201,Gamma Force,PRJ959,2024-05-09,AI-Recommended,EMP1725,"EMP109,EMP0595,EMP1725,EMP0599,EMP0437,EMP0559,EMP1702",7,"{""People"": 2, ""HR"": 3, ""Recruiter"": 2}","{""Senior"": 2, ""Mid"": 3, ""Principal"": 1, ""Lead"": 1}",100.0,85.24,75.19950772730245,79.20474018316568,79.04,81.8765383010822,77.16129250710836,72.57204500700348,87.96430977142197,6.379607120701179,1.0785252704799662,8.727236174630503,True,222.00125257779018,False,8.559416935931194,96.32872082022253,8.87517854475611,0.998686745733872,92.02377613534335,63.42,2.023222301908682,,,True,Completed,2025-02-22,Project Complete,2024-05-09,2025-05-18
TEAM1202,Alpha Unit,PRJ139,2023-11-01,AI-Recommended,EMP1295,"EMP1069,EMP0541,EMP091,EMP1252,EMP1295,EMP0826,EMP038",7,"{""People"": 3, ""HR"": 3, ""Recruiter"": 1}","{""Mid"": 2, ""Senior"": 2, ""Lead"": 2, ""Principal"": 1}",92.6,80.71,55.09486818131975,54.6803008700964,59.97,88.37269564603622,69.2852182098191,91.878698304446,82.33691999177088,5.785973945398079,3.0,7.7877902903965435,,201.5604217966404,True,6.511047517690147,98.84622361871806,6.608117423114595,0.9011179363871826,104.90669532831629,55.12,3.0627775047352457,Communication issues resolved,Need better docs,True,Completed,2024-10-20,Budget Cut,2023-11-01,2025-03-01
TEAM1203,Gamma Unit,PRJ697,2024-08-27,Hybrid,EMP1235,"EMP1682,EMP1731,EMP1280,EMP1623,EMP1235,EMP0637,EMP1545,EMP1923,EMP0870,EMP0290",10,"{""Project"": 3, ""Operations"": 3, ""Logistics"": 4}","{""Mid"": 4, ""Senior"": 4, ""Lead"": 2}",100.0,46.37,73.12643983866195,56.74184270520093,67.54,99.72117696845162,71.502804389603,75.06776612789494,82.32076477649761,6.917115258042728,2.0251190426952577,8.225489743303084,True,100.07930557646705,True,5.021406945232622,92.15620342269982,7.935974866988836,0.8,98.14181427447146,54.1,0.14373158695952754,Exceeded expectations,Async communication worked well,False,Completed,2025-08-28,Reorganization,2024-08-27,2025-10-15
TEAM1204,Beta Squad,PRJ040,2023-10-03,Hybrid,EMP0492,"EMP1252,EMP1068,EMP0526,EMP1382,EMP155,EMP0963,EMP0879,EMP0492",8,"{""Recruiter"": 4, ""HR"": 3, ""People"": 1}","{""Lead"": 4, ""Senior"": 3, ""Mid"": 1}",100.0,62.52,98.81419904930273,86.66035389409275,69.61,77.8597354568565,70.80167361666065,85.61520803409138,75.9666964299915,6.123343211124709,0.03200296852749002,8.704732406112555,,31.9,True,6.872567051810673,98.9222857630812,7.994193126597244,1.0999733899129613,87.08371992969126,55.16,4.9891301766681675,Communication issues resolved,,True,Completed,2024-04-05,Project Complete,2023-10-03,2025-10-23
TEAM1205,Alpha Unit,PRJ368,2024-02-27,AI-Recommended,EMP1874,"EMP0313,EMP0496,EMP0777,EMP0944,EMP0309,EMP1874,EMP0936",7,"{""Account"": 2, ""Sales"": 3, ""Business"": 1, ""Logistics"": 1}","{""Lead"": 3, ""Senior"": 2, ""Junior"": 1, ""Principal"": 1}",98.27,82.95,53.828593466445604,55.26833821289778,57.12,88.84426814528663,68.39127059955997,92.68367894180162,82.80862555429624,5.839555916000231,3.0,7.741926813434256,,192.4024975404011,True,6.370549486172997,98.91566356917761,6.643082010163477,0.8960662139952145,105.42958479440493,61.06,2.894145931945746,Communication issues resolved,Need better docs,True,Completed,2024-10-20,Budget Cut,2024-02-27,2025-01-21
TEAM1206,Sigma Team,PRJ778,2023-07-26,Manual,EMP0633,"EMP0281,EMP136,EMP0313,EMP0657,EMP0633",5,"{""Logistics"": 1, ""Account"": 2, ""Business"": 1, ""Sales"": 1}","{""Principal"": 1, ""Lead"": 4}",100.0,60.52,67.512362222232,94.40101275072769,64.74,67.89771084924845,83.60522084522225,84.87991764694512,39.701817417743115,8.449171291807678,3.0,7.615253050985352,True,196.21001556971012,True,8.807649096622603,115.29343180874262,6.891592192368978,0.9955074931068747,82.52011801096991,73.33,3.0270637538882803,Communication issues resolved,Async communication worked well,True,Completed,2024-11-27,Reorganization,2023-07-26,2024-11-04
TEAM1207,Delta Unit,PRJ819,2024-07-01,Manual,EMP1749,"EMP0419,EMP083,EMP082,EMP0763,EMP0292,EMP0554,EMP1141,EMP121,EMP1749,EMP0766",10,"{""SEO"": 7, ""Campaign"": 3}","{""Mid"": 7, ""Junior"": 1, ""Senior"": 2}",100.0,42.18,36.48255651515031,88.20832007520542,68.18,61.26837030813277,63.90031041768678,71.7622949038647,82.08158505763205,5.206285472910226,1.0152798017107905,6.978668713770911,True,153.51058304202672,True,8.431725503091032,85.5059855341503,6.97841278198104,0.8,104.16048807503266,42.29,5.0,Great collaboration,Need better docs,False,Completed,2024-10-17,Project Complete,2024-07-01,2025-09-01
TEAM1208,Gamma Unit,PRJ933,2023-07-17,Hybrid,EMP0249,"EMP0249,EMP1926,EMP1408,EMP1424,EMP0277,EMP0287",6,"{""People"": 2, ""HR"": 3, ""Recruiter"": 1}","{""Principal"": 2, ""Lead"": 2, ""Senior"": 2}",93.3,71.91,75.1424955371168,73.56280421694055,75.92,84.97685719652276,90.95559520306195,73.20872456981323,81.8780747098513,8.120831720292973,2.92810795569135,6.699696451730665,True,195.51391415873846,True,7.60762157467822,95.62336427254681,7.796915862325979,1.296075572297445,97.76036698145997,61.67,0.9275709155286646,Great collaboration,,True,Completed,2024-05-15,Project Complete,2023-07-17,2025-04-21
TEAM1209,Delta Squad,PRJ482,2024-03-31,Manual,EMP0307,"EMP0307,EMP0811,EMP0221,EMP0848,EMP131,EMP0212,EMP0574,EMP1727",8,"{""Marketing"": 5, ""Campaign"": 2, ""SEO"": 1}","{""Lead"": 3, ""Mid"": 1, ""Senior"": 3, ""Junior"": 1}",95.16,64.07,100.0,89.95303192258348,73.99,67.19877906708523,86.63494912585324,81.31130445356833,39.06470211939318,8.250314092353767,3.0,8.158334652045006,True,185.7058004454105,False,4.93793438639695,89.76283803689965,6.022055083312992,1.2022555425644925,65.25755290094304,55.66,0.9013846318165133,Exceeded expectations,Daily standups critical,False,Completed,2025-01-20,Reorganization,2024-03-31,2026-04-11
TEAM1210,Omega Force,PRJ930,2025-01-03,Manual,EMP1749,"EMP1797,EMP088,EMP0719,EMP1012,EMP1749",5,"{""SEO"": 2, ""Marketing"": 1, ""Campaign"": 2}","{""Senior"": 4, ""Lead"": 1}",100.0,69.82,51.47815515920209,74.52029913879866,76.63,86.04937396041835,71.4507143064853,91.40019452562446,72.38921893897579,6.728069227245564,0.0,6.44010662055357,,329.15145364128097,True,8.797164162536923,96.9491089522505,8.20864393311626,1.1968305114825009,75.88744873760393,40.5,0.0,,,True,Completed,2025-03-24,Reorganization,2025-01-03,2025-09-21
TEAM1211,Sigma Crew,PRJ470,2024-07-09,Hybrid,EMP0373,"EMP0543,EMP0962,EMP0373",3,"{""Sales"": 2, ""Account"": 1}","{""Lead"": 2, ""Principal"": 1}",89.22,100.0,81.25032183960055,42.979483596208944,88.37,89.52854120980523,62.03696908270839,90.26704089388272,83.83853971807858,5.45437688782907,1.040164113346629,5.721306195749376,True,93.60251292414569,True,7.555421105346285,88.71345463629251,8.481431900120029,1.0017159685731785,64.04282148431177,78.94,1.9345685058163498,Exceeded expectations,,False,Completed,2024-04-09,Reorganization,2024-07-09,2024-09-08
TEAM1212,Beta Squad,PRJ485,2024-10-18,Hybrid,EMP1103,"EMP1103,EMP0300,EMP0575,EMP1337,EMP1100",5,"{""UI"": 2, ""Graphic"": 3}","{""Lead"": 1, ""Mid"": 1, ""Senior"": 3}",96.64,79.98,87.66368783189453,66.51596388551282,76.47,78.12208780905821,91.79311166849921,81.33618268414845,98.77962982781081,6.332718354781161,0.9389590936449155,7.559348838276149,True,269.70548155390895,True,8.406941622467063,83.60245919694084,6.739967046064903,1.1074013849569189,91.71812066941514,49.39,2.0151748421231748,Exceeded expectations,Async communication worked well,True,Completed,2025-11-28,Budget Cut,2024-10-18,2025-05-17
TEAM1213,Alpha Team,PRJ316,2023-12-23,Manual,EMP1819,"EMP1058,EMP1121,EMP1798,EMP1306,EMP015,EMP1372,EMP0917,EMP1819",8,"{""Senior"": 2, ""Team"": 6}","{""Lead"": 2, ""Junior"": 1, ""Mid"": 5}",100.0,57.92,62.50430486913261,56.34519263157443,65.52,76.57813856891565,49.63679011419264,87.92894745258751,76.29118013416664,5.871812822418912,2.0364773865128427,7.822588497439803,,171.98856122149124,True,7.76304828795886,106.8937113659768,6.265734669297331,1.0822474082695175,98.43237343748257,40.54,1.117047157205254,Exceeded expectations,,True,Completed,2023-12-14,Budget Cut,2023-12-23,2025-03-18
TEAM1214,Sigma Crew,PRJ833,2025-11-18,AI-Recommended,EMP1280,"EMP0353,EMP071,EMP0305,EMP0978,EMP1027,EMP1280,EMP0240,EMP1235,EMP055,EMP0913",10,"{""UI"": 1, ""Operations"": 4, ""Logistics"": 4, ""Sales"": 1}","{""Senior"": 5, ""Lead"": 5}",100.0,30.09,99.88140075559873,81.50185053220923,68.37,70.33002820594929,79.67235335867775,67.9457232501694,74.9644777926877,6.560332918615892,2.9427848404596926,6.045277370442044,True,157.64358794712788,False,8.084662603772285,110.09841532045662,9.528603587660582,1.2089088406379913,75.4733290819246,62.02,3.0301917252856807,Exceeded expectations,Daily standups critical,True,Completed,2025-07-30,Project Complete,2025-11-18,2024-11-29
TEAM1215,Omega Force,PRJ116,2024-03-19,AI-Recommended,EMP1864,"EMP1725,EMP1864,EMP1382",3,"{""People"": 2, ""Recruiter"": 1}","{""Principal"": 2, ""Lead"": 1}",74.87,100.0,56.00296244937494,72.78153936295168,75.15,85.87277258150377,40.192960058903516,94.65292020848112,60.479211959934815,7.3640193969354,0.0,7.714048590279151,True,315.9451583270338,False,9.91414214814019,116.72985806994402,7.345891220885542,1.3,69.66213186751772,56.41,0.9972013826525804,Great collaboration,Async communication worked well,False,Completed,2025-11-20,Budget Cut,2024-03-19,2025-01-07
TEAM1216,Gamma Squad,PRJ410,2023-07-31,AI-Recommended,EMP1665,"EMP1665,EMP1055,EMP0212,EMP0763",4,"{""SEO"": 2, ""Marketing"": 1, ""Campaign"": 1}","{""Senior"": 2, ""Lead"": 1, ""Mid"": 1}",100.0,100.0,57.30681866796968,57.41459355187087,75.47,74.65085743014822,65.24518088722583,56.6902050832246,83.58547426552488,7.560170398508445,0.0861370292301652,9.9,,245.6361684929,False,6.342190766579522,111.3312255547753,8.504068464758559,1.006010868198004,80.22332202620122,60.08,2.1009702921300577,,Async communication worked well,False,Completed,2024-11-03,Reorganization,2023-07-31,2026-01-29
TEAM1217,Delta Team,PRJ440,2025-02-13,AI-Recommended,EMP0740,"EMP0478,EMP0865,EMP004,EMP1126,EMP0740,EMP1073,EMP0311,EMP1275,EMP0917",9,"{""Software"": 1, ""Team"": 3, ""QA"": 2, ""Senior"": 3}","{""Lead"": 2, ""Mid"": 2, ""Senior"": 4, ""Junior"": 1}",88.34,69.67,64.09260890017563,89.59880674552795,61.39,79.9627855839572,64.39240432210862,66.83234250438841,84.59843088356807,7.942408345273884,1.0502438369923908,8.449115237814592,,244.9658373947529,True,8.338474234863838,85.18629143981788,6.879581904949517,1.003285982563606,74.54508171786514,41.08,2.9642756712699168,,Daily standups critical,True,Completed,2025-02-22,Project Complete,2025-02-13,2025-09-11
TEAM1218,Beta Team,PRJ342,2024-08-18,Hybrid,EMP0492,"EMP1382,EMP0287,EMP0492,EMP180,EMP0996,EMP0894,EMP0310,EMP0556",8,"{""Recruiter"": 1, ""HR"": 6, ""People"": 1}","{""Lead"": 1, ""Senior"": 4, ""Junior"": 1, ""Mid"": 2}",100.0,84.58,54.206562700547224,72.90394670316141,65.48,75.02356997863865,86.74021632096618,90.51847893159581,99.87072047866086,5.573114973116363,0.0731029850729063,7.733151099004545,,296.82693126076447,True,7.997553132079523,93.44946505124251,9.32339018292411,0.8,68.83454911016915,47.84,4.973052168965993,Strong execution,Daily standups critical,True,Completed,2025-06-20,Reorganization,2024-08-18,2024-03-20
TEAM1219,Alpha Unit,PRJ961,2024-06-05,Manual,EMP0715,"EMP0619,EMP0303,EMP0715,EMP1160,EMP1078,EMP0416,EMP0747",7,"{""Business"": 1, ""Accountant"": 1, ""Finance"": 3, ""Controller"": 2}","{""Lead"": 1, ""Principal"": 3, ""Senior"": 3}",100.0,61.43,70.37714343813559,70.42439368715613,76.65,100.0,71.05415465331697,82.17809034090837,76.12888766509606,7.474811939964686,3.0,8.84868790127312,True,36.68048975248355,False,7.495986560040756,100.5132076949636,,1.20878937419006,87.4052445510818,54.15,1.003724717924163,Great collaboration,,False,Completed,2024-07-01,Reorganization,2024-06-05,2025-05-05
TEAM1220,Sigma Team,PRJ524,2025-08-17,Hybrid,EMP049,"EMP0232,EMP0521,EMP1152,EMP133,EMP1689,EMP0727,EMP049",7,"{""Graphic"": 3, ""Product"": 1, ""UI"": 3}","{""Lead"": 4, ""Mid"": 2, ""Senior"": 1}",97.85,60.3,71.0997929734773,72.80806176797604,92.38,65.02036810230169,76.20524642139253,73.9588483701542,78.73796478001962,7.973726328045882,3.0,8.090987098644877,True,329.93907070776845,True,6.528661917651095,95.43783089162773,7.53449023658055,0.8,85.62508636933867,62.09,4.001037391790731,Great collaboration,Async communication worked well,True,Completed,2026-01-31,Project Complete,2025-08-17,2025-10-08
TEAM1221,Delta Squad,PRJ964,2025-01-24,AI-Recommended,EMP1821,"EMP1821,EMP1118,EMP0783,EMP171",4,"{""Sales"": 2, ""Business"": 2}","{""Principal"": 1, ""Lead"": 3}",88.55,76.18,91.62626234605757,72.36785107507727,62.41,95.88670668705608,69.48650892409229,93.03010595396321,36.55063340151246,4.6493265293731545,1.1134923641783725,7.283987666786909,True,89.57679746847222,True,7.048010636629372,105.63239330764561,7.819806740514368,0.899836990211928,85.93451985315026,64.18,0.0,,,True,Completed,2025-08-18,Project Complete,2025-01-24,2024-04-19
TEAM1222,Omega Squad,PRJ408,2024-07-28,Hybrid,EMP1112,"EMP0223,EMP169,EMP1112",3,"{""HR"": 2, ""Recruiter"": 1}","{""Senior"": 2, ""Lead"": 1}",76.0,100.0,89.55148382009904,63.349458250868835,85.31,95.19199378742772,78.69378324869867,55.55555745022672,51.15187777304058,5.650135373838309,1.9709493123690303,7.775764006598133,True,71.2025229415679,True,6.752648752063296,84.61281090981817,9.050608111789346,1.1127199395413694,94.8531265578283,48.55,4.209650659061726,Strong execution,,False,Completed,2025-02-04,Project Complete,2024-07-28,2025-10-29
TEAM1223,Omega Crew,PRJ186,2024-10-19,Hybrid,EMP0638,"EMP1100,EMP008,EMP0638,EMP0968,EMP0779,EMP1128,EMP0793,EMP1662",8,"{""Graphic"": 2, ""UI"": 3, ""UX"": 3}","{""Senior"": 1, ""Lead"": 2, ""Mid"": 3, ""Junior"": 2}",100.0,83.32,68.92931799329413,63.54712836571079,60.67,91.32006739287695,73.65031833001935,88.80214034615058,86.2504228904587,7.822243873392836,2.955767233931805,6.942547617991827,True,159.84489391670488,True,7.995190258881889,110.28856198416601,8.647703988972879,1.0079728016918144,91.35927516577215,50.87,0.09895933485419095,Communication issues resolved,,,Completed,2025-07-21,Reorganization,2024-10-19,2024-08-28
TEAM1224,Omega Unit,PRJ648,2024-05-03,Hybrid,EMP049,"EMP0705,EMP049,EMP022",3,"{""Product"": 2, ""Graphic"": 1}","{""Lead"": 3}",87.84,40.3,67.37067141211658,42.36186176480105,70.1,88.88485394273938,64.93702092177891,83.25507058158115,71.6105944408491,4.778771535681718,1.9437122015677937,8.211416301416158,True,297.04467937653453,True,8.158372703275939,92.96845127651325,5.409278666072363,0.9946149317445877,91.06821624109051,81.27,4.138696200542661,Exceeded expectations,Async communication worked well,True,Completed,2025-11-22,Reorganization,2024-05-03,2025-09-15
TEAM1225,Delta Unit,PRJ379,2023-04-25,Hybrid,EMP0392,"EMP0671,EMP1672,EMP0392,EMP1411,EMP0406,EMP0559,EMP1900",7,"{""Recruiter"": 5, ""HR"": 2}","{""Lead"": 4, ""Mid"": 2, ""Senior"": 1}",93.67,68.26,78.2490517992859,51.53566169350337,91.91,62.86186101512273,77.48920042286052,88.22215344518628,77.62137563399185,5.0183699540410025,0.0007845456890830548,7.281697248661419,True,93.76762196348189,True,6.650750223052221,91.19886721288859,8.073271524878281,1.2021505264615449,69.36822399142146,55.14,0.0,Strong execution,Daily standups critical,,Completed,2023-09-10,Budget Cut,2023-04-25,2025-08-30
TEAM1226,Gamma Crew,PRJ603,2023-06-25,Manual,EMP1573,"EMP1231,EMP1199,EMP1516,EMP1573,EMP1261,EMP1160,EMP1635,EMP1720,EMP0729",9,"{""Finance"": 3, ""Financial"": 3, ""Controller"": 2, ""Accountant"": 1}","{""Senior"": 4, ""Mid"": 1, ""Principal"": 3, ""Junior"": 1}",100.0,65.92,99.6695195153717,89.45168843643896,78.21,78.79822351663674,88.33647664928505,76.82784217763367,63.41969011818988,6.718793802878405,3.0,7.957505271117104,True,194.30361195987572,True,9.961965866533749,84.2249753192373,6.686094154350138,1.2965532853096853,71.94680124718677,71.7,4.922622891977414,Strong execution,,False,Completed,2024-02-16,Project Complete,2023-06-25,2025-11-24
TEAM1227,Gamma Team,PRJ685,2023-10-06,Hybrid,EMP017,"EMP1797,EMP197,EMP1616,EMP017,EMP1659",5,"{""SEO"": 3, ""Campaign"": 2}","{""Senior"": 5}",87.73,31.95,71.24810934334994,66.05468571016624,76.52,100.0,57.78473893916463,70.32020960598686,63.84740603563579,7.782469376848352,1.0619309325756374,6.419356024031941,,153.4052725184714,False,5.104898305547739,107.66324320285189,9.232658790767308,1.1968394455742564,82.99250081165057,79.87,3.9637658397398225,,Need better docs,True,Completed,2024-04-23,Project Complete,2023-10-06,2025-01-10
TEAM1228,Alpha Unit,PRJ315,2025-01-25,Manual,EMP1794,"EMP065,EMP173,EMP152,EMP148,EMP1794,EMP1711,EMP0921,EMP1954,EMP1824",9,"{""Accountant"": 1, ""Business"": 1, ""Finance"": 1, ""Account"": 1, ""Logistics"": 3, ""Operations"": 2}","{""Principal"": 3, ""Lead"": 4, ""Senior"": 2}",100.0,61.09,62.68746996756693,85.76519748926918,83.15,46.882058653441526,91.49534860432072,85.26454027452209,89.86294737602852,5.598110923300789,1.9571607937646822,7.105568326318899,True,269.94536983866624,True,9.007568456892832,125.4,7.999285883512355,1.3,72.38617503054951,46.05,5.0,Strong execution,Async communication worked well,True,Completed,2025-12-13,Project Complete,2025-01-25,2025-01-06
TEAM1229,Delta Unit,PRJ828,2024-08-14,AI-Recommended,EMP0997,"EMP0549,EMP1023,EMP0872,EMP0811,EMP0997",5,"{""Marketing"": 2, ""SEO"": 3}","{""Mid"": 3, ""Senior"": 2}",100.0,55.34,53.8404781839021,99.82084774441785,100.0,84.0052006859081,78.1391558967585,60.194749541813465,50.63945474333511,7.954881286080335,3.0,7.456753673211507,True,276.2201737921327,True,5.471724384091706,102.57783174849477,8.359065968334772,0.9010638071170209,94.38145660914607,65.77,4.93966695340091,Great collaboration,Daily standups critical,False,Completed,2025-01-07,Budget Cut,2024-08-14,2024-07-29
TEAM1230,Alpha Team,PRJ416,2023-12-14,AI-Recommended,EMP0978,"EMP0857,EMP0281,EMP0978,EMP0272",4,"{""Logistics"": 3, ""Operations"": 1}","{""Principal"": 2, ""Lead"": 1, ""Senior"": 1}",100.0,91.0,69.13677851355928,68.99598083785153,63.84,84.66343313428291,73.61597758390559,64.79713930398341,68.71794151464705,7.770913790946106,0.9381382970705135,6.919810582682313,True,194.35613005164046,False,6.537855467839136,101.77809044218745,8.381882034288779,1.1884320695445365,85.56880277534266,57.87,3.0004696621544507,Communication issues resolved,Clear roles helped,False,Completed,2024-05-29,Project Complete,2023-12-14,2025-01-31
TEAM1231,Beta Unit,PRJ164,2024-02-17,Manual,EMP1985,"EMP1415,EMP1553,EMP0988,EMP0791,EMP0789,EMP1985,EMP1252",7,"{""Recruiter"": 2, ""HR"": 4, ""People"": 1}","{""Mid"": 3, ""Senior"": 3, ""Lead"": 1}",84.03,59.33,47.41089318257474,83.37327188130658,72.9,80.32292024093606,59.21583682079623,69.38453354403889,81.95902266613078,8.03225520742299,2.9936883846460756,6.154106486822128,True,321.0760129041928,True,6.5007513978611895,107.31992167296598,8.1509499040492,0.9987438193504137,80.63651254454052,41.47,2.9597643314148123,Communication issues resolved,,True,Completed,2024-11-06,Budget Cut,2024-02-17,2024-11-26
TEAM1232,Alpha Squad,PRJ403,2023-05-06,Hybrid,EMP0561,"EMP1427,EMP0622,EMP0566,EMP0770,EMP1349,EMP0684,EMP0561,EMP1304,EMP1104,EMP100",10,"{""UI"": 4, ""UX"": 2, ""Graphic"": 4}","{""Lead"": 6, ""Mid"": 3, ""Senior"": 1}",91.55,41.8,69.34685790581518,82.0949005886925,87.05,80.08815356006058,92.25348746785212,62.689805913940226,93.12545129942667,7.6540658007052516,3.0,5.301269603258724,True,100.34956418364327,True,9.122184419176762,91.28875211598141,7.96730636719302,1.2042622508501577,103.21343057985175,61.96,5.0,Great collaboration,,True,Completed,2024-02-28,Project Complete,2023-05-06,2025-11-20
TEAM1233,Alpha Unit,PRJ494,2024-10-08,AI-Recommended,EMP0484,"EMP1145,EMP1447,EMP0249,EMP0484,EMP0858,EMP0541",6,"{""HR"": 4, ""Recruiter"": 1, ""People"": 1}","{""Senior"": 3, ""Lead"": 2, ""Principal"": 1}",100.0,68.77,54.25065778293977,59.85192145043304,74.13,84.12523993417362,74.37757048532171,98.02039412185613,91.3184756156539,5.779566930996888,2.130811651297164,7.675489666815854,True,156.99816165921322,False,5.683572219438629,91.80745742268427,8.64812020075797,0.9157425839309814,82.62800116787325,62.17,5.0,Exceeded expectations,Need better docs,False,Completed,2025-08-24,Project Complete,2024-10-08,2024-09-25
TEAM1234,Sigma Unit,PRJ815,2024-08-03,Hybrid,EMP1137,"EMP0326,EMP1300,EMP1137,EMP1669,EMP1864",5,"{""HR"": 3, ""Recruiter"": 1, ""People"": 1}","{""Senior"": 2, ""Lead"": 2, ""Principal"": 1}",93.8,92.18,63.88429247306259,61.87677954310118,70.35,73.52714211444386,61.18717734029643,85.50343816382357,67.67950939136502,8.260679510883723,0.0,8.86629909192919,True,251.865498955101,True,7.755630763978078,93.86090318655398,8.005677388867465,0.9109410114565372,110.56658876473749,55.6,1.0111032032605514,Great collaboration,Daily standups critical,,Completed,2024-10-07,Reorganization,2024-08-03,2025-04-14
TEAM1235,Alpha Unit,PRJ665,2024-01-10,Hybrid,EMP1337,"EMP1036,EMP1014,EMP0968,EMP0575,EMP0854,EMP0213,EMP0353,EMP1337",8,"{""Graphic"": 2, ""UI"": 4, ""UX"": 2}","{""Senior"": 6, ""Mid"": 2}",100.0,37.2,69.27087939758691,87.55278040042077,72.95,86.18620351930866,63.00897210084728,88.18154370268054,72.93646034838923,6.780045842120091,0.932858091491797,8.32265700422573,True,36.140015300836595,False,5.982291806684345,94.60433768873338,7.286879255709311,1.0895051017673374,73.60711375053418,58.27,0.07696085122623798,Communication issues resolved,Need better docs,True,Completed,2024-01-10,Budget Cut,2024-01-10,2025-10-27
TEAM1236,Alpha Force,PRJ654,2024-07-10,AI-Recommended,EMP0621,"EMP0654,EMP0926,EMP111,EMP0621,EMP1238,EMP1292",6,"{""Sales"": 1, ""Business"": 1, ""Financial"": 1, ""Accountant"": 2, ""Finance"": 1}","{""Principal"": 3, ""Lead"": 1, ""Mid"": 1, ""Senior"": 1}",82.74,92.33,62.63557668326968,64.71550655120181,82.75,80.75242329681068,71.87318526358452,91.48134867217001,64.94435103714619,7.0921910511170685,2.0734051361376675,8.750530831401173,True,315.3753727741568,False,7.739917912375717,95.5576823636612,6.553480811200089,0.9017115246737794,104.93793907765631,50.68,3.10697621380216,,Async communication worked well,True,Completed,2025-07-28,Project Complete,2024-07-10,2024-08-06
TEAM1237,Beta Force,PRJ994,2024-06-14,Hybrid,EMP1990,"EMP0606,EMP1990,EMP088,EMP0221,EMP0860,EMP1055,EMP1973,EMP1287,EMP1254",9,"{""Content"": 1, ""Campaign"": 3, ""Marketing"": 4, ""SEO"": 1}","{""Mid"": 4, ""Senior"": 2, ""Lead"": 2, ""Junior"": 1}",100.0,68.69,42.48413368978507,93.72631216517952,67.95,76.60292533649567,91.24949664845995,84.49454344135013,89.92060900107948,9.107762130688934,1.1072381320900404,8.511041625547833,,207.56122011048217,True,6.526442458350128,83.21348633813736,9.099300264317035,0.9019922025484585,81.41242434828719,60.65,0.9256767643477016,Exceeded expectations,,False,Completed,2025-07-17,Project Complete,2024-06-14,2026-02-07
TEAM1238,Sigma Crew,PRJ824,2025-03-18,Manual,EMP1572,"EMP1572,EMP1103,EMP1412,EMP1258,EMP0498,EMP049,EMP1514",7,"{""UI"": 3, ""Graphic"": 3, ""Product"": 1}","{""Lead"": 4, ""Senior"": 2, ""Mid"": 1}",89.33,70.64,55.15851884141203,78.67635040595823,74.99,77.47606080879305,52.233174847521624,88.08426028382975,86.78286140025364,8.249747827918059,1.9615518724873304,7.717775703714901,,60.66138765467239,False,9.718527785377288,92.60619693480959,7.788961227201395,1.1064649599411969,113.49584101701565,64.46,4.959156131641152,Strong execution,Need better docs,False,Completed,2025-01-09,Project Complete,2025-03-18,2025-08-23
TEAM1239,Delta Unit,PRJ598,2024-09-23,Manual,EMP0221,"EMP1936,EMP0673,EMP1082,EMP1085,EMP1257,EMP0221,EMP1375,EMP1162,EMP1717,EMP1317",10,"{""Campaign"": 4, ""Marketing"": 4, ""Content"": 2}","{""Mid"": 6, ""Lead"": 1, ""Junior"": 3}",100.0,47.25,32.119344063991946,87.14485956554107,68.0,61.45148217289958,64.59108839803504,71.8298998220759,82.64113406465036,5.379341332943848,0.9622577787261448,7.06871796578494,True,140.11932228134145,True,8.359895262370646,86.39144366494041,6.808803397949281,0.8,103.50650437836768,44.87,4.975125058713836,Great collaboration,Need better docs,False,Completed,2024-10-17,Project Complete,2024-09-23,2025-04-30
TEAM1240,Gamma Unit,PRJ950,2025-01-05,Manual,EMP1607,"EMP0561,EMP1607,EMP0593,EMP0761,EMP1866,EMP1951,EMP0462,EMP1004,EMP0918",9,"{""Graphic"": 3, ""UI"": 2, ""Product"": 4}","{""Lead"": 3, ""Mid"": 5, ""Senior"": 1}",100.0,56.53,64.35022125646154,89.13975365343778,68.35,60.753124609433165,58.15510268154188,56.0173782769776,95.56740761067246,5.765837174372383,3.0,8.32855589400191,True,193.9649421058211,True,9.311274386409277,83.13352107061895,7.100910198852896,0.8,100.64774091823502,66.81,0.8048338004566112,,Clear roles helped,True,Completed,2025-02-19,Reorganization,2025-01-05,2026-01-16
TEAM1241,Delta Squad,PRJ648,2023-10-10,Hybrid,EMP1924,"EMP1848,EMP1049,EMP1352,EMP1758,EMP1033,EMP0214,EMP1924,EMP1378,EMP0705,EMP1526",10,"{""UI"": 5, ""UX"": 1, ""Graphic"": 3, ""Product"": 1}","{""Senior"": 2, ""Lead"": 5, ""Mid"": 3}",91.74,48.41,59.83671965937513,91.31768158776973,73.68,92.56091928344449,77.08318869084145,78.02894734210737,83.07927338131607,7.067011892493195,0.0,6.528014002592229,True,266.44008811398356,False,7.911958915064918,108.39421480902288,7.538193872429467,0.8,91.56388971306002,48.55,0.9555659835296951,Great collaboration,Daily standups critical,False,Completed,2024-05-18,Reorganization,2023-10-10,2025-06-30
TEAM1242,Alpha Unit,PRJ181,2023-10-17,Manual,EMP0621,"EMP0621,EMP0993,EMP0540,EMP1657,EMP0619,EMP065,EMP0269",7,"{""Accountant"": 3, ""Financial"": 1, ""Logistics"": 1, ""Business"": 1, ""Controller"": 1}","{""Principal"": 5, ""Senior"": 1, ""Lead"": 1}",99.35,64.45,70.24416789115114,70.77566065951319,88.0,99.86121444363505,72.27802684458763,82.16890251570427,76.01420026157753,7.4869541986271315,3.0,8.822719167646948,True,44.065549543795385,False,7.577437818508701,99.69774216809226,,1.2016151429923119,87.07752888653917,76.59,0.923116107077895,Great collaboration,,False,Completed,2024-07-01,Reorganization,2023-10-17,2025-03-14
TEAM1243,Delta Crew,PRJ642,2024-03-23,Hybrid,EMP1352,"EMP1103,EMP1458,EMP1310,EMP1773,EMP1374,EMP1352,EMP1349,EMP1427",8,"{""UI"": 5, ""UX"": 1, ""Graphic"": 2}","{""Lead"": 4, ""Junior"": 1, ""Mid"": 3}",91.17,57.9,26.52503254901611,79.50830850518703,74.76,100.0,74.70195010119377,99.46234511213058,81.59652525441524,7.421392665822111,3.0,5.586206637861331,True,306.558444069993,True,6.8785385063036415,91.14150177288725,5.720432904540759,1.2913012670972173,102.99571112199925,56.3,3.9449471612575877,Exceeded expectations,Need better docs,,Completed,2025-09-04,Reorganization,2024-03-23,2025-05-27
TEAM1244,Alpha Team,PRJ513,2023-04-19,AI-Recommended,EMP023,"EMP0565,EMP023,EMP1304,EMP1104,EMP0684",5,"{""Graphic"": 2, ""UI"": 3}","{""Mid"": 1, ""Lead"": 3, ""Senior"": 1}",100.0,100.0,57.048656321349625,71.99576683011756,93.2,88.86541024191699,63.601983278339915,96.23635820723665,29.5,6.889400298036603,1.932257491208441,6.710329722261125,True,223.84413671824032,False,8.89571922908061,96.39719333640299,8.847966365125165,1.0946184996570214,98.7714954832535,81.95,3.127935731153632,Communication issues resolved,Daily standups critical,True,Completed,2024-04-14,Budget Cut,2023-04-19,2026-01-27
TEAM1245,Gamma Unit,PRJ817,2024-12-04,Manual,EMP1365,"EMP108,EMP0511,EMP1365,EMP0234,EMP0243,EMP1794",6,"{""Sales"": 1, ""Operations"": 3, ""Logistics"": 2}","{""Principal"": 2, ""Senior"": 2, ""Lead"": 2}",94.17,86.27,64.02110190573453,64.65478957562243,77.55,89.36462038669994,57.42284923376849,72.41211621771865,75.85303212736981,6.075248514517816,3.0,5.439250672149793,True,100.75209940396661,True,9.991328033257382,109.37244101986688,6.616210765003669,0.9997908197370843,77.64365351150926,64.3,4.91908713049102,Communication issues resolved,Daily standups critical,True,Completed,2025-02-09,Reorganization,2024-12-04,2025-07-16
TEAM1246,Delta Unit,PRJ714,2024-04-11,AI-Recommended,EMP1669,"EMP1293,EMP0879,EMP1068,EMP155,EMP1669",5,"{""HR"": 2, ""People"": 1, ""Recruiter"": 2}","{""Senior"": 2, ""Lead"": 3}",99.57,59.54,55.205483297905694,100.0,72.37,84.1377042093857,78.70427827784474,60.99151814841261,51.21062813642672,7.91509288864121,3.0,7.542878200234983,True,261.614534693739,True,5.472092065024088,101.56518283900458,8.360258759837569,0.8987008136438233,95.13624762648382,50.67,5.0,Great collaboration,Daily standups critical,False,Completed,2025-01-07,Budget Cut,2024-04-11,2024-12-12
TEAM1247,Gamma Force,PRJ899,2025-03-11,AI-Recommended,EMP173,"EMP156,EMP173,EMP0878,EMP1034,EMP1632,EMP0478,EMP0633",7,"{""HR"": 1, ""Business"": 1, ""Account"": 1, ""Sales"": 3, ""Software"": 1}","{""Principal"": 2, ""Lead"": 4, ""Senior"": 1}",100.0,65.59,73.90911337435229,79.61728810801515,70.66,81.99063743415861,76.26752148291732,73.12663038448231,87.9844446784956,6.431546518707856,0.9227831211035444,8.721390945965078,True,216.59457141263297,False,8.70439141253189,97.53372704502459,8.839746252636607,1.0028101407236156,92.14222080160457,63.69,2.1418548438703517,,,True,Completed,2025-02-22,Project Complete,2025-03-11,2025-04-06
TEAM1248,Delta Squad,PRJ862,2023-02-09,AI-Recommended,EMP1676,"EMP1821,EMP1954,EMP1676",3,"{""Sales"": 1, ""Logistics"": 1, ""Operations"": 1}","{""Principal"": 2, ""Lead"": 1}",100.0,80.11,66.25048685514162,46.86266154481667,90.08,70.40367891938091,83.16805048286948,47.3782938558996,84.50451497635751,7.443279790069645,2.0157356863021554,6.667616279526084,True,132.6140781786046,False,8.943022015729682,92.9912547357632,9.961249145503576,1.1970556929202818,92.53542335404224,52.82,0.0,Exceeded expectations,,True,Completed,2024-01-27,Reorganization,2023-02-09,2025-10-29
TEAM1249,Omega Team,PRJ993,2023-03-30,Manual,EMP1696,"EMP1616,EMP0606,EMP1696,EMP0812,EMP1843,EMP002,EMP0221",7,"{""Campaign"": 2, ""Content"": 1, ""SEO"": 2, ""Marketing"": 2}","{""Senior"": 3, ""Mid"": 2, ""Junior"": 1, ""Lead"": 1}",83.95,74.91,78.14977749875725,93.7790597848971,75.45,67.46188932839478,73.42267270206612,71.68803709634314,92.80135799259617,6.5112180604313465,1.06555262585558,7.744043023438835,True,261.6727634671539,True,5.751253832450256,93.48546091939029,7.537575168957685,1.1031702117375355,75.78888374939376,42.14,4.0887426232985575,Strong execution,,True,Completed,2024-06-30,Budget Cut,2023-03-30,2025-08-15
TEAM1250,Alpha Unit,PRJ345,2024-12-21,Hybrid,EMP1408,"EMP1985,EMP1783,EMP1893,EMP0270,EMP035,EMP0826,EMP1408",7,"{""HR"": 5, ""Recruiter"": 2}","{""Senior"": 2, ""Lead"": 3, ""Mid"": 2}",100.0,58.86,74.2461245808881,100.0,73.44,61.07761747840006,74.7678112985088,73.1419358713275,65.0149065376053,8.068392964648385,3.0,8.08123800031334,True,195.35674709281093,True,6.167665876867473,88.3775464530056,9.625386723089697,0.8,57.763722750501046,52.74,4.108927299882656,Strong execution,Clear roles helped,True,Completed,2025-08-31,Project Complete,2024-12-21,2024-09-13
TEAM1251,Alpha Crew,PRJ417,2024-11-05,Hybrid,EMP1737,"EMP1118,EMP0365,EMP1737,EMP0878,EMP1439",5,"{""Sales"": 3, ""Account"": 1, ""Business"": 1}","{""Lead"": 3, ""Senior"": 1, ""Principal"": 1}",100.0,89.47,52.92249379073155,79.54923567134061,84.69,83.0025293281395,94.03432623386226,71.84387556301797,65.0728923311635,8.1452857610758,0.9826407529872356,4.793837457486639,True,146.95750045096676,True,8.145356785027317,96.47908038602246,,1.0959323018062335,89.45581263925204,69.54,0.0,Strong execution,Need better docs,True,Completed,2024-12-05,Project Complete,2024-11-05,2025-10-04
TEAM1252,Sigma Squad,PRJ604,2023-12-14,Manual,EMP1799,"EMP1810,EMP1576,EMP1211,EMP158,EMP0269,EMP1799,EMP1096,EMP1363",8,"{""Sales"": 1, ""Finance"": 2, ""Financial"": 3, ""Controller"": 1, ""Accountant"": 1}","{""Principal"": 2, ""Mid"": 4, ""Senior"": 2}",88.4,43.27,56.208702833017426,69.30827596246912,70.76,86.4425545502236,90.59933957966035,100.0,95.22711003984716,7.68133813602661,1.10783975191556,8.852208280530467,True,118.70996318524548,True,8.757901626452163,100.87457163313113,7.800421670569569,0.8058620894234587,82.61467819846378,43.29,1.9654626587117234,,Clear roles helped,True,Completed,2024-07-04,Budget Cut,2023-12-14,2025-05-13
TEAM1253,Sigma Unit,PRJ034,2024-03-29,AI-Recommended,EMP0574,"EMP0719,EMP1990,EMP0574,EMP0424,EMP1080,EMP1749",6,"{""Campaign"": 5, ""SEO"": 1}","{""Senior"": 4, ""Mid"": 2}",100.0,49.33,35.86100469759469,77.19965194732767,77.02,80.7080690137209,82.9381015914918,89.30902527609466,80.97920255499648,7.735966401640287,3.0,8.138475951636934,True,255.7279386809376,True,7.217995546343649,92.71404661592804,7.598896832997841,0.8,94.22876909798295,36.08,1.9314912691773218,Communication issues resolved,,False,Completed,2025-04-21,Reorganization,2024-03-29,2024-03-13
TEAM1254,Delta Unit,PRJ212,2023-05-17,Hybrid,EMP1881,"EMP1881,EMP1216,EMP1560,EMP1391,EMP0765,EMP0224,EMP1990,EMP1141,EMP017",9,"{""Marketing"": 4, ""SEO"": 3, ""Campaign"": 2}","{""Lead"": 1, ""Mid"": 5, ""Junior"": 1, ""Senior"": 2}",100.0,59.29,77.41068303267012,82.97804157078285,65.55,92.28127846659669,79.50049020316013,69.99707538471742,75.99430345835489,8.998472297948565,0.9514089167386393,7.504339852517694,True,53.42988511385973,True,6.632870508194043,106.2879990890751,5.511033681139225,1.096900455482968,95.9733931514957,50.52,2.9470134398681687,,Need better docs,True,Completed,2023-09-27,Project Complete,2023-05-17,2025-06-24
TEAM1255,Omega Crew,PRJ142,2024-04-10,Hybrid,EMP065,"EMP065,EMP0473,EMP0320,EMP1160,EMP179,EMP1199,EMP1197",7,"{""Accountant"": 2, ""Finance"": 2, ""Financial"": 3}","{""Principal"": 1, ""Senior"": 3, ""Mid"": 3}",96.68,64.65,53.30896387692505,79.81971201165157,73.59,87.04429022963866,84.44597905530715,66.45347277839123,68.73724995561336,5.437468839756817,1.0006005657886832,4.5,,121.58409259833765,True,9.362668492434894,99.15971556830671,9.725330759313065,0.8,71.39471979787403,54.84,2.9369720596626783,Strong execution,Clear roles helped,True,Completed,2024-06-03,Budget Cut,2024-04-10,2025-04-10
TEAM1256,Alpha Unit,PRJ090,2024-09-05,AI-Recommended,EMP065,"EMP1712,EMP0621,EMP0711,EMP0312,EMP065,EMP0313,EMP0398,EMP0672,EMP1305",9,"{""Financial"": 3, ""Accountant"": 2, ""Controller"": 1, ""Account"": 1, ""Finance"": 2}","{""Mid"": 2, ""Principal"": 3, ""Lead"": 1, ""Senior"": 3}",91.55,61.98,60.46222184900512,76.89095907196864,70.09,66.93656261444018,80.0433223634289,62.08166016300922,75.335268234139,8.561943204125965,0.0,6.219012499896835,True,341.76433461860887,True,6.909564219843365,97.32251551683036,,1.0930620206533772,94.93874302355687,67.36,3.9618242994244204,Great collaboration,Async communication worked well,True,Completed,2024-12-07,Project Complete,2024-09-05,2025-12-08
TEAM1257,Delta Team,PRJ139,2025-03-29,Hybrid,EMP0599,"EMP0850,EMP1968,EMP0599,EMP0270,EMP1076,EMP0287,EMP0492",7,"{""HR"": 5, ""Recruiter"": 2}","{""Mid"": 3, ""Lead"": 2, ""Senior"": 2}",100.0,62.51,89.5487254968005,98.63748706401937,82.89,99.0023095479979,67.89497807115914,60.30255362480696,72.79628193654631,8.853328005435882,1.0562362136905574,7.976818766777463,True,293.4456680554872,True,6.742289196368488,87.7466064870138,9.703826636374234,1.0950870690545325,74.20394853765106,62.17,5.0,Communication issues resolved,,False,Completed,2026-03-21,Project Complete,2025-03-29,2024-04-24
TEAM1258,Omega Crew,PRJ626,2025-01-01,Hybrid,EMP119,"EMP1156,EMP1406,EMP0895,EMP0982,EMP139,EMP0930,EMP1479,EMP119",8,"{""Senior"": 4, ""Software"": 2, ""DevOps"": 1, ""QA"": 1}","{""Mid"": 5, ""Lead"": 2, ""Senior"": 1}",96.03,54.56,67.47566585988139,64.23597593765265,77.52,91.13800936504086,73.0410917757033,88.5831512768538,86.9554167485644,7.871559890791927,2.9575394192818414,6.8120332947267235,True,161.42117059298786,True,7.984824093190123,109.21039099475482,8.715268017608029,1.0012326250275791,90.23964191267282,32.87,0.0,Communication issues resolved,,,Completed,2025-07-21,Reorganization,2025-01-01,2025-02-06
TEAM1259,Delta Squad,PRJ881,2023-03-01,Manual,EMP1990,"EMP1990,EMP0554,EMP0763,EMP1493",4,"{""Campaign"": 3, ""SEO"": 1}","{""Senior"": 3, ""Mid"": 1}",100.0,86.24,97.40881930002546,62.41699289122168,90.58,49.15537698094003,71.41655429078993,65.16292217644896,95.13585656471002,5.275528860596181,2.0672166532712932,7.649477448196079,True,321.48629140099393,True,5.961088424611092,103.70149660198092,8.43780886819039,0.9156574087007101,68.18375543748695,54.45,4.878127367299402,Great collaboration,Daily standups critical,True,Completed,2024-05-12,Reorganization,2023-03-01,2024-06-16
TEAM1260,Delta Unit,PRJ968,2023-08-08,Manual,EMP134,"EMP134,EMP1010,EMP027",3,"{""Logistics"": 2, ""Operations"": 1}","{""Lead"": 2, ""Senior"": 1}",100.0,100.0,55.304796858569404,67.69068522536267,54.04,59.2011935149864,87.16078544972275,89.08077882986322,81.41656554584453,7.438581742830141,1.088229527423901,7.823240539552731,True,79.01375161722363,True,10.0,95.06997822605106,6.948890741587538,1.200968682011296,77.29160611635422,72.71,3.0179693506161094,Strong execution,,,Completed,2024-08-13,Project Complete,2023-08-08,2024-05-03
TEAM1261,Alpha Squad,PRJ251,2025-10-08,Hybrid,EMP0307,"EMP1075,EMP1613,EMP0307,EMP138,EMP0997",5,"{""Marketing"": 3, ""SEO"": 2}","{""Mid"": 3, ""Lead"": 1, ""Senior"": 1}",100.0,83.88,75.27568729021166,84.38526931240807,80.56,78.63848124482277,84.82471093239779,68.30775048299151,53.061350393078875,8.61228716814424,1.928513332625127,7.591085716320348,,174.6214576608762,False,7.411499023656042,94.62222165644918,6.37282135128964,1.0055139712695542,90.54262307262914,43.32,2.942605714392244,Strong execution,Need better docs,False,Completed,2025-10-26,Reorganization,2025-10-08,2024-10-21
TEAM1262,Omega Team,PRJ994,2023-08-31,Hybrid,EMP0562,"EMP0743,EMP1023,EMP0562",3,"{""SEO"": 3}","{""Mid"": 1, ""Senior"": 2}",100.0,100.0,66.46240206578076,57.23571777416716,78.67,57.84754756933949,98.0,70.0091812239851,83.97699845043135,7.565358116963289,1.993008110088936,5.762143634084815,True,307.2837735658839,False,7.027000263241817,95.45621977934991,8.019144022173752,1.2047404546375793,94.47643695242807,42.94,2.0011638520786463,,,True,Completed,2024-10-07,Project Complete,2023-08-31,2025-12-25
TEAM1263,Delta Squad,PRJ780,2023-12-23,Hybrid,EMP1990,"EMP0554,EMP0981,EMP1990,EMP0374,EMP1750,EMP0535,EMP0714,EMP0600,EMP0810,EMP085",10,"{""Campaign"": 6, ""Marketing"": 2, ""Content"": 1, ""SEO"": 1}","{""Senior"": 4, ""Mid"": 6}",100.0,29.6,59.40698395416325,91.75336866249272,68.03,93.16873376789647,77.13943796163858,77.68681283437294,82.05631811661549,7.090148778216521,0.11869800475707765,6.526793958941509,True,268.2693418883408,False,8.021345468205398,106.85812004822878,7.506839603528937,0.8,93.33771018149612,44.01,0.8571904598852222,Great collaboration,Daily standups critical,False,Completed,2024-05-18,Reorganization,2023-12-23,2025-08-28
TEAM1264,Gamma Squad,PRJ701,2024-08-25,Manual,EMP1994,"EMP1994,EMP1252,EMP1864,EMP1940,EMP1074,EMP0541",6,"{""Recruiter"": 3, ""People"": 1, ""HR"": 2}","{""Lead"": 4, ""Principal"": 1, ""Senior"": 1}",98.37,87.43,64.45478477174214,78.60740535593457,70.96,85.85065455034733,81.37810992543827,71.9375955847028,88.80660842563104,6.918732946227126,3.0,7.467705271040639,True,141.69142653277734,True,6.679350556429543,115.58424576776459,7.299336155444682,1.294883577558253,97.51247042168417,63.73,1.0221382885691004,Great collaboration,Daily standups critical,True,Completed,2024-09-18,Reorganization,2024-08-25,2025-07-25
TEAM1265,Delta Squad,PRJ127,2024-10-10,AI-Recommended,EMP1657,"EMP1737,EMP1657,EMP1010,EMP0203",4,"{""Sales"": 1, ""Logistics"": 1, ""Operations"": 2}","{""Principal"": 2, ""Lead"": 1, ""Senior"": 1}",100.0,93.94,88.87672695481275,71.07646171124699,67.9,94.38780276496522,68.12929508372287,92.67905248140654,37.00318952265287,4.588181706317374,1.0428571550881698,7.187662320135989,True,93.32605401049305,True,7.023476043790207,105.71565037545118,7.781146138402347,0.8966148844691092,84.62936168580647,48.78,0.0,,,True,Completed,2025-08-18,Project Complete,2024-10-10,2024-04-23
TEAM1266,Beta Force,PRJ842,2023-12-27,Hybrid,EMP0773,"EMP1800,EMP1712,EMP1171,EMP0416,EMP0773,EMP050,EMP0564,EMP0800",8,"{""Finance"": 2, ""Financial"": 4, ""Controller"": 2}","{""Senior"": 3, ""Mid"": 3, ""Principal"": 2}",88.96,55.63,98.77842544567287,88.34736035499833,70.9,75.38338698837055,79.54188510005923,80.53225384446134,67.5345221762404,7.357530657462413,1.9680109459916024,4.624330065754304,True,150.9646406691491,False,7.910546955070576,84.27182153673762,8.759534854201616,0.9099379815101034,54.38551880563686,76.41,0.9651592827262363,Communication issues resolved,Async communication worked well,False,Completed,2024-10-19,Budget Cut,2023-12-27,2024-12-18
TEAM1267,Delta Squad,PRJ864,2024-12-01,AI-Recommended,EMP0277,"EMP0277,EMP1672,EMP155",3,"{""Recruiter"": 3}","{""Lead"": 3}",94.58,53.15,64.55031946265156,95.44367159489424,92.79,92.95142647845532,97.05285905397994,64.88296138334348,55.32851382408183,5.6381699843726665,2.9806016264540665,8.487341958157604,True,192.73673759131748,False,8.364730560823787,110.48804452169097,6.953987353604919,1.0897718987872427,81.02199154431891,55.49,0.0,,Clear roles helped,True,Completed,2024-12-16,Project Complete,2024-12-01,2024-10-24
TEAM1268,Sigma Unit,PRJ219,2024-10-18,AI-Recommended,EMP1256,"EMP0242,EMP1256,EMP1821,EMP051,EMP155,EMP0281",6,"{""Sales"": 3, ""Business"": 1, ""Recruiter"": 1, ""Logistics"": 1}","{""Principal"": 3, ""Lead"": 3}",96.88,50.0,35.68914023647217,76.90676860799518,94.09,80.98140474478782,82.349117227176,88.88612515359976,80.50259940310879,7.599546764781174,3.0,8.133036305946522,True,264.51184383327035,True,7.209234076147678,92.01401271848648,7.647658447277631,0.8,94.49640358983947,61.03,1.971674349450162,Communication issues resolved,,False,Completed,2025-04-21,Reorganization,2024-10-18,2024-06-20
TEAM1269,Omega Squad,PRJ602,2024-05-23,Manual,EMP1514,"EMP0594,EMP049,EMP1514,EMP0779,EMP0603,EMP0422,EMP1079,EMP041,EMP1998",9,"{""UI"": 5, ""Graphic"": 2, ""Product"": 1, ""UX"": 1}","{""Mid"": 5, ""Lead"": 2, ""Senior"": 2}",98.17,46.96,65.78044619400042,76.2953663554014,80.83,54.546562430214095,69.962396200335,92.89332281134759,70.95251537615147,6.855985339959874,0.0,6.260961621477936,True,144.9973510647772,True,9.999669386732846,96.88482112865098,7.155408197120562,1.1810186429838925,94.08933912537489,46.46,0.9459469684319451,Strong execution,Clear roles helped,False,Completed,2025-06-02,Project Complete,2024-05-23,2025-08-05
TEAM1270,Beta Team,PRJ009,2024-10-03,Hybrid,EMP132,"EMP1475,EMP1647,EMP1661,EMP1556,EMP1310,EMP1534,EMP0566,EMP133,EMP132",9,"{""UI"": 5, ""Product"": 1, ""UX"": 3}","{""Mid"": 5, ""Lead"": 2, ""Senior"": 2}",91.5,46.22,79.53057042834394,99.36631619115067,66.81,100.0,73.70112478221047,79.58869634340773,62.25495430765873,5.94038625249694,0.0,7.649961727986994,True,156.26214908293946,False,6.568381861623518,104.36002397292083,6.3942742147585285,1.0022987719868357,91.11767228943485,57.26,1.0537523249703842,Communication issues resolved,Daily standups critical,True,Completed,2024-12-31,Reorganization,2024-10-03,2025-03-11
TEAM1271,Sigma Crew,PRJ059,2024-07-13,AI-Recommended,EMP1137,"EMP1137,EMP0696,EMP0533,EMP0349,EMP1984,EMP1068,EMP1411,EMP1379,EMP0520,EMP1293",10,"{""Recruiter"": 4, ""HR"": 6}","{""Lead"": 3, ""Senior"": 6, ""Mid"": 1}",92.81,53.84,98.86759692827162,80.89202014392353,80.43,70.41947502946589,80.66874983769901,67.5018763831804,72.50651456079355,6.5577287112469556,3.0,6.1444099293132695,True,150.91550247334698,False,8.057528658671528,109.8499503000076,9.58270253074372,1.1924068402408214,74.21132115540891,58.98,2.8968869422036874,Exceeded expectations,Daily standups critical,True,Completed,2025-07-30,Project Complete,2024-07-13,2025-02-03
TEAM1272,Beta Crew,PRJ976,2024-04-21,AI-Recommended,EMP106,"EMP1068,EMP106,EMP0599",3,"{""Recruiter"": 3}","{""Lead"": 3}",97.38,55.15,69.86429159113155,78.99681702249903,66.72,77.93151497718665,48.97347438880229,71.37989155366286,77.06912114252353,7.603557831325683,2.917787765860363,7.598614386852258,True,61.83106689847281,True,5.513896063415849,98.20155579512583,6.795371228986378,1.0881400936841124,83.55371243041591,52.75,0.9348774898882385,Strong execution,,False,Completed,2024-05-26,Project Complete,2024-04-21,2024-08-23
TEAM1273,Alpha Unit,PRJ512,2024-06-16,AI-Recommended,EMP0955,"EMP0955,EMP1253,EMP0356",3,"{""HR"": 1, ""Account"": 1, ""Business"": 1}","{""Principal"": 1, ""Lead"": 2}",66.04,100.0,86.75592738659425,75.12719917812632,67.57,100.0,84.86650121012843,90.53126885887842,73.48478942167225,9.81754040864481,2.971952138518732,9.603472377456422,True,79.06189303454852,True,9.13626976658452,99.26892403098351,6.546551731170681,1.0063468466310541,71.21494697247726,36.25,2.0776845266015886,,,True,Completed,2025-07-03,Budget Cut,2024-06-16,2024-09-29
TEAM1274,Gamma Squad,PRJ868,2025-04-23,AI-Recommended,EMP158,"EMP0800,EMP0222,EMP158,EMP0371,EMP1739,EMP028,EMP0206",7,"{""Finance"": 3, ""Financial"": 4}","{""Senior"": 5, ""Mid"": 1, ""Junior"": 1}",100.0,68.87,70.12087485898334,53.468536612140284,78.8,54.04819782560599,61.54716286247068,77.08474840673261,63.23587090429469,4.12214850137427,2.04052150237096,7.772375405662404,True,244.06454042993187,True,7.988489555923136,87.82623060440251,,1.0993118995796811,85.24788037337011,72.96,3.0053962467655504,Exceeded expectations,Clear roles helped,False,Completed,2025-03-03,Budget Cut,2025-04-23,2025-07-03
TEAM1275,Sigma Team,PRJ563,2024-01-29,Manual,EMP1349,"EMP1125,EMP0266,EMP0575,EMP1349,EMP0353",5,"{""Product"": 1, ""UI"": 2, ""Graphic"": 2}","{""Lead"": 3, ""Senior"": 2}",95.92,55.23,66.8804623121637,92.80394008647501,71.47,68.6602873485883,84.32548258892464,85.16111049883006,38.04065457897466,8.498770806914111,2.9433765650600616,7.623698379891674,True,183.50156562384578,True,8.670648351369694,114.86641463393718,6.947557696695391,1.0044822802918953,81.19487893230144,62.27,3.1157984511158845,Communication issues resolved,Async communication worked well,True,Completed,2024-11-27,Reorganization,2024-01-29,2024-10-28
TEAM1276,Beta Unit,PRJ527,2023-11-03,Manual,EMP0760,"EMP1739,EMP0216,EMP050,EMP0495,EMP0715,EMP0499,EMP0760",7,"{""Financial"": 2, ""Finance"": 4, ""Accountant"": 1}","{""Mid"": 2, ""Senior"": 4, ""Principal"": 1}",90.51,62.35,48.7821724751086,81.2877466459511,72.17,79.2617320527132,59.255416205983614,68.36694569174827,80.18011084792646,8.048319827691834,3.0,6.110651967183197,True,323.3080252283461,True,6.506321528003875,107.53938789974897,8.15757950430554,0.982352824872402,80.19944522891285,84.63,3.114826290231466,Communication issues resolved,,True,Completed,2024-11-06,Budget Cut,2023-11-03,2024-12-17
TEAM1277,Omega Force,PRJ117,2024-01-11,AI-Recommended,EMP1427,"EMP1556,EMP125,EMP1557,EMP0252,EMP1427",5,"{""UI"": 3, ""Graphic"": 2}","{""Lead"": 3, ""Mid"": 1, ""Senior"": 1}",100.0,97.61,74.21885122574216,79.87171362434633,78.93,76.4074332411342,74.86501352056447,61.15436759204774,46.384815271730155,7.363170331253581,0.0,7.377260111819602,True,45.678497485529476,True,7.657095716829821,92.94745863850707,7.8789289095250705,1.114638743684215,72.82543179667888,58.96,0.9731214343667243,Strong execution,,True,Completed,2023-10-05,Project Complete,2024-01-11,2025-05-26
TEAM1278,Delta Unit,PRJ037,2024-11-28,Manual,EMP0455,"EMP075,EMP0288,EMP080,EMP1756,EMP0455,EMP1899,EMP1574,EMP0750,EMP1401,EMP0855",10,"{""Senior"": 1, ""Team"": 2, ""DevOps"": 4, ""Software"": 3}","{""Lead"": 2, ""Mid"": 6, ""Senior"": 2}",100.0,45.92,33.92404035062332,87.17159105914757,56.12,62.20610219869269,64.45453027894021,72.16075638241914,81.33066349858909,5.3255123277942396,0.97584278760661,7.017234624365285,True,150.70139488770562,True,8.393528231004403,85.7487013648892,6.865738877972095,0.8022154443253726,103.579594671029,50.25,5.0,Great collaboration,Need better docs,False,Completed,2024-10-17,Project Complete,2024-11-28,2025-10-01
TEAM1279,Gamma Team,PRJ263,2025-02-06,Hybrid,EMP0599,"EMP1068,EMP079,EMP0599,EMP1382,EMP0826",5,"{""Recruiter"": 4, ""HR"": 1}","{""Lead"": 5}",100.0,30.64,96.90150176580134,98.00893540770913,55.37,60.53821911761818,91.18863893188116,,68.50142550913877,7.4317049816495375,0.04956605392885101,7.8008654418177565,,,,,,8.11588470411518,1.212220126581206,60.15484775652116,64.29,1.0581195843052695,Exceeded expectations,,True,Active,,,2025-02-06,2024-11-21
TEAM1280,Alpha Team,PRJ355,2023-03-30,Manual,EMP0526,"EMP0526,EMP0858,EMP0287,EMP0861,EMP0406,EMP0636,EMP1146,EMP0520",8,"{""HR"": 8}","{""Senior"": 5, ""Lead"": 1, ""Mid"": 2}",100.0,61.44,62.82507103841655,57.19576153526275,69.93,77.57395426324932,50.16270107701129,88.52743065469598,77.25522276712692,5.816101279094297,2.004895329179977,7.750866632559023,,172.16251118767534,True,7.90013006873444,107.98884750806947,6.356266560917747,1.1020151455481664,98.56636260357315,68.43,0.8726164428028775,Exceeded expectations,,True,Completed,2023-12-14,Budget Cut,2023-03-30,2025-02-02
TEAM1281,Sigma Unit,PRJ117,2024-04-06,Hybrid,EMP1554,"EMP1152,EMP0974,EMP0943,EMP1554,EMP0286",5,"{""UI"": 2, ""Graphic"": 2, ""UX"": 1}","{""Lead"": 1, ""Mid"": 2, ""Senior"": 2}",100.0,94.83,64.82895729376727,62.63087221101776,81.67,72.86421516561214,61.23270101786287,85.7168716497715,67.9418843326506,8.116434253064334,0.02233314684535658,8.781695959941064,True,254.08432012851213,True,7.856127294225571,94.5246528747884,7.875923801980569,0.8999251327916924,110.48357564864614,54.29,1.0423154793179508,Great collaboration,Daily standups critical,,Completed,2024-10-07,Reorganization,2024-04-06,2025-06-28
TEAM1282,Alpha Team,PRJ221,2023-08-22,Manual,EMP0621,"EMP0621,EMP108,EMP0715,EMP1720,EMP0447,EMP0833,EMP0880,EMP1070",8,"{""Accountant"": 2, ""Sales"": 1, ""Finance"": 2, ""Controller"": 1, ""Financial"": 2}","{""Principal"": 4, ""Senior"": 1, ""Mid"": 3}",100.0,57.64,61.895609717612274,56.80666460574684,66.69,77.40983877848872,50.37297087684145,88.15852750728773,76.11183910061244,5.877050088730751,1.9688565491019003,7.849154053092132,,175.45186367627113,True,7.730624270068878,108.55326040725487,6.298246698494441,1.097743590476042,98.51819419095821,59.87,0.9094825814324787,Exceeded expectations,,True,Completed,2023-12-14,Budget Cut,2023-08-22,2025-01-28
TEAM1283,Gamma Crew,PRJ500,2025-05-20,Hybrid,EMP156,"EMP0906,EMP1625,EMP156,EMP0487,EMP0988,EMP0671,EMP0659,EMP0437,EMP1482,EMP1488",10,"{""People"": 3, ""HR"": 6, ""Recruiter"": 1}","{""Mid"": 1, ""Junior"": 2, ""Principal"": 1, ""Senior"": 5, ""Lead"": 1}",100.0,84.79,87.14664703079085,78.07352792078946,70.68,98.39097715294587,57.713064407215654,69.8364752699903,63.60035870265123,7.244744245482748,0.013299855289974214,7.656588208183945,True,252.51314469914385,True,7.092533205423838,105.25886561813707,9.968371073096915,0.8958072399304094,102.09071428563489,46.64,4.180276612365753,Strong execution,Need better docs,,Completed,2025-10-12,Budget Cut,2025-05-20,2024-04-04
TEAM1284,Omega Crew,PRJ953,2023-11-14,AI-Recommended,EMP0700,"EMP0892,EMP0700,EMP0355,EMP122",4,"{""DevOps"": 1, ""Team"": 2, ""Software"": 1}","{""Senior"": 2, ""Lead"": 1, ""Mid"": 1}",100.0,100.0,81.67455214935593,73.50691365047975,75.96,82.16404140230924,69.88703587378286,67.50556233754781,99.81728004370204,6.780664811813725,3.0,5.453193292495128,True,247.0538478386224,True,7.261662544336583,95.38705014225637,7.256980834121903,1.2077613511783998,84.73503729377357,41.19,3.8772988993506314,Communication issues resolved,Async communication worked well,True,Completed,2025-02-10,Reorganization,2023-11-14,2025-06-27
TEAM1285,Beta Crew,PRJ541,2023-06-14,AI-Recommended,EMP1244,"EMP1244,EMP093,EMP1857",3,"{""Logistics"": 2, ""Operations"": 1}","{""Lead"": 1, ""Senior"": 1, ""Principal"": 1}",91.18,97.07,69.78586467751587,78.74988219000763,68.78,77.86364567981862,50.560807828988835,72.96975099768663,77.73609480878598,7.596478166219494,3.0,7.626888390985357,True,55.345927290905685,True,5.475519428551162,97.83474410575836,6.755043364122979,1.0929621423142357,83.02524049182144,74.7,0.9702933864283817,Strong execution,,False,Completed,2024-05-26,Project Complete,2023-06-14,2024-07-19
TEAM1286,Delta Squad,PRJ885,2023-08-05,Hybrid,EMP090,"EMP1284,EMP090,EMP0315,EMP1462,EMP166,EMP0784,EMP1158,EMP070,EMP0226,EMP0628",10,"{""DevOps"": 2, ""Software"": 3, ""QA"": 2, ""Senior"": 1, ""Team"": 2}","{""Mid"": 6, ""Lead"": 2, ""Senior"": 2}",92.53,32.58,59.553604050552785,91.54090987408617,71.78,93.60534412602469,77.64945030484006,77.07169185133348,83.52157048855436,7.062906133712399,0.0,6.531698147246374,True,260.70039421487934,False,7.913777245765095,107.11510706140504,7.430266744443817,0.8,93.42171203269072,32.96,0.9703405138377019,Great collaboration,Daily standups critical,False,Completed,2024-05-18,Reorganization,2023-08-05,2025-11-12
TEAM1287,Alpha Team,PRJ658,2025-02-04,Manual,EMP1727,"EMP0274,EMP029,EMP1727,EMP017",4,"{""SEO"": 3, ""Campaign"": 1}","{""Mid"": 2, ""Senior"": 2}",96.0,79.61,100.0,58.61675912687777,93.85,90.93369165667866,74.76871233467335,82.45197950645158,75.93398182533397,6.817090681930557,2.9485180128148305,8.784685620835806,,364.1314075019085,True,8.214194991503499,110.36491292825184,6.076759194401557,1.3,109.99316555582679,57.74,0.0,Strong execution,Async communication worked well,True,Completed,2026-01-22,Project Complete,2025-02-04,2025-06-12
TEAM1288,Sigma Squad,PRJ907,2024-08-12,AI-Recommended,EMP0858,"EMP0708,EMP0881,EMP0223,EMP1770,EMP169,EMP1022,EMP0858,EMP0542,EMP0556,EMP1293",10,"{""HR"": 7, ""People"": 3}","{""Lead"": 2, ""Mid"": 1, ""Senior"": 6, ""Junior"": 1}",98.19,52.73,90.07450435318718,60.242473316233365,87.75,41.41200423390706,86.513460651179,88.96368075275556,73.20143504297394,6.105227555663956,1.0722811798409548,8.147287005550897,True,226.73644290266049,False,9.629122522333427,97.83385601211944,7.301991082689283,1.1059987491520853,88.8852588584299,60.33,0.9775714078451007,,Daily standups critical,False,Completed,2025-09-26,Budget Cut,2024-08-12,2025-07-31
TEAM1289,Delta Unit,PRJ613,2023-11-19,AI-Recommended,EMP0955,"EMP1413,EMP1967,EMP1705,EMP0251,EMP0955,EMP1068,EMP1411",7,"{""People"": 2, ""HR"": 3, ""Recruiter"": 2}","{""Mid"": 4, ""Principal"": 1, ""Lead"": 2}",98.57,58.27,63.37934827115144,72.00845161690907,74.35,98.78040141967234,71.69932620538766,95.64493597037948,82.54067752782757,6.113392365841106,0.0,6.196043610534447,True,314.24458186749536,True,7.18551543266899,87.70454693531013,,0.9081810686963576,78.14168590814096,55.75,1.9598200520107585,Communication issues resolved,Daily standups critical,True,Completed,2025-06-22,Budget Cut,2023-11-19,2026-01-05
TEAM1290,Delta Unit,PRJ254,2025-03-11,AI-Recommended,EMP076,"EMP1411,EMP1523,EMP1919,EMP1170,EMP1913,EMP1278,EMP1729,EMP1900,EMP1770,EMP076",10,"{""Recruiter"": 1, ""HR"": 3, ""People"": 6}","{""Lead"": 2, ""Senior"": 3, ""Junior"": 3, ""Mid"": 2}",100.0,61.94,43.218222404980025,80.004214240544,70.07,70.59465415816256,62.52711427527448,76.75120947817304,97.40116811683178,5.892051417794058,1.9736353450112996,7.921950241085614,True,103.34049425012118,True,7.782241712475636,108.34077104249566,8.5224851158062,0.8054989145019431,107.92500430174718,47.11,3.962289828588827,Exceeded expectations,,True,Completed,2025-01-13,Project Complete,2025-03-11,2025-02-16
TEAM1291,Alpha Crew,PRJ024,2024-03-31,Manual,EMP0237,"EMP1954,EMP0993,EMP1010,EMP0370,EMP1902,EMP0237,EMP0675,EMP0497,EMP055",9,"{""Logistics"": 3, ""Accountant"": 1, ""Operations"": 5}","{""Principal"": 2, ""Lead"": 3, ""Mid"": 3, ""Senior"": 1}",92.42,79.44,70.96010343712848,89.6974755498672,77.27,62.60843432906382,57.90228272608543,76.27481901932357,98.52043019499484,8.69628194818641,0.01442688011811895,5.70702709020858,True,47.32611791139492,True,9.776155836996601,111.57140634631104,7.996301482233295,0.8125834639748161,83.18082894992214,67.61,0.9563697226914162,Great collaboration,Async communication worked well,True,Completed,2024-03-28,Project Complete,2024-03-31,2025-03-25
TEAM1292,Omega Crew,PRJ633,2024-05-30,Manual,EMP1061,"EMP1061,EMP0990,EMP0306",3,"{""QA"": 2, ""Team"": 1}","{""Senior"": 2, ""Lead"": 1}",78.13,100.0,66.50778489424583,56.85081221555137,74.07,70.75394391498028,62.95413562926737,65.45678281642856,88.29345175017342,7.482827838635873,1.9755674090558049,5.478557609169135,True,67.72503224351973,False,8.922794673266196,99.83026022695728,7.949297907943506,0.805054852072701,76.21724810665329,43.34,0.1354373412635559,Exceeded expectations,Need better docs,False,Completed,2023-12-07,Budget Cut,2024-05-30,2024-03-24
TEAM1293,Sigma Team,PRJ234,2024-05-09,Manual,EMP1376,"EMP1376,EMP1864,EMP1509,EMP0542,EMP1252",5,"{""Recruiter"": 2, ""People"": 2, ""HR"": 1}","{""Lead"": 2, ""Principal"": 1, ""Senior"": 2}",91.25,91.91,65.86181002041249,93.19943373775368,73.03,67.25247533784953,83.32951357767324,84.77928765317752,37.772841083248416,8.41107044464501,3.0,7.6216976660389335,True,191.96651474172742,True,8.726183587112244,114.47549521648077,6.889283157064453,1.0030163906137242,80.3500998976828,50.79,3.0068404407893925,Communication issues resolved,Async communication worked well,True,Completed,2024-11-27,Reorganization,2024-05-09,2025-01-02
TEAM1294,Beta Squad,PRJ624,2025-06-24,Hybrid,EMP0273,"EMP1583,EMP0273,EMP008,EMP117,EMP1566",5,"{""UI"": 4, ""UX"": 1}","{""Lead"": 2, ""Senior"": 1, ""Mid"": 2}",99.71,92.04,86.91199414296705,66.79353406478556,70.07,78.02488224602644,90.98906957426117,80.61889777052693,99.69452888985599,6.33926328668732,1.0720174789943826,7.388518874499668,True,268.9768324765439,True,8.47767580677253,83.58353560563157,6.820468957319523,1.1110409440931657,92.82434795583191,56.16,2.0661912397618516,Exceeded expectations,Async communication worked well,True,Completed,2025-11-28,Budget Cut,2025-06-24,2025-05-04
TEAM1295,Gamma Crew,PRJ955,2023-01-22,Manual,EMP0526,"EMP1147,EMP1859,EMP1967,EMP1185,EMP1984,EMP0526,EMP1985,EMP0879,EMP0326",9,"{""People"": 3, ""HR"": 5, ""Recruiter"": 1}","{""Mid"": 2, ""Junior"": 2, ""Senior"": 5}",97.32,49.13,98.42317891256458,88.33391776031088,85.38,78.65156586225352,88.81049542480015,75.75604792748958,63.62931429704746,6.721221600363431,3.0,7.770548390075649,True,199.77189525137354,True,9.975180761032464,83.25806769864542,6.658085048898298,1.3,71.62701077998106,44.31,4.961118147268507,Strong execution,,False,Completed,2024-02-16,Project Complete,2023-01-22,2026-01-04
TEAM1296,Gamma Unit,PRJ679,2024-07-03,Manual,EMP0722,"EMP002,EMP1285,EMP121,EMP0337,EMP1788,EMP0722,EMP1943,EMP1162,EMP1932",9,"{""SEO"": 3, ""Marketing"": 3, ""Content"": 1, ""Campaign"": 2}","{""Mid"": 6, ""Junior"": 2, ""Senior"": 1}",93.41,54.33,63.749383476017165,90.5434364892292,75.31,58.914939417284884,59.07130914354912,55.14367492328856,94.01901450779836,5.702055272818072,3.0,8.269555408723384,True,197.91965967512294,True,9.368293111683323,83.9815905379479,7.123147007771277,0.8049851076683953,100.1898592233934,37.35,1.001948715449436,,Clear roles helped,True,Completed,2025-02-19,Reorganization,2024-07-03,2025-12-20
TEAM1297,Gamma Unit,PRJ334,2025-04-25,Manual,EMP1137,"EMP1272,EMP0437,EMP1137,EMP1163,EMP1494,EMP1300,EMP1780,EMP0772",8,"{""HR"": 4, ""Recruiter"": 3, ""People"": 1}","{""Senior"": 4, ""Lead"": 1, ""Mid"": 3}",100.0,56.32,57.68760346368794,70.73043060884171,83.43,77.4846409609382,72.17017778520116,89.23601409011377,68.23247221170587,6.431194256819666,1.9536995154245764,6.600856463935081,True,324.2053351499334,False,6.484720455316825,78.70753498984669,6.5093601517937385,1.2053366574470719,75.65226589431559,55.78,4.14215485714826,,Clear roles helped,True,Completed,2025-07-16,Budget Cut,2025-04-25,2026-02-15
TEAM1298,Sigma Unit,PRJ492,2024-08-03,Hybrid,EMP1200,"EMP1258,EMP1200,EMP1607,EMP0622,EMP1583",5,"{""UI"": 4, ""Graphic"": 1}","{""Senior"": 1, ""Lead"": 4}",100.0,68.41,62.6765768342675,62.27214643187756,56.43,72.54316555629114,60.414534486239624,85.23453834089564,67.38590458066754,8.28901524635808,0.06005147207713393,8.75657886874013,True,247.45974941217088,True,7.769808793688522,94.00281588714404,7.925252963743061,0.9004869150566458,109.97173689897478,67.17,1.0775576109197453,Great collaboration,Daily standups critical,,Completed,2024-10-07,Reorganization,2024-08-03,2025-03-04
TEAM1299,Sigma Squad,PRJ578,2023-05-26,Manual,EMP1028,"EMP1341,EMP0621,EMP1027,EMP0731,EMP0692,EMP108,EMP1821,EMP1028",8,"{""Logistics"": 1, ""Accountant"": 1, ""Sales"": 5, ""Business"": 1}","{""Principal"": 4, ""Lead"": 2, ""Senior"": 2}",80.45,54.78,56.12879845796151,70.12594923957788,90.34,85.54426596817045,90.52774440668516,100.0,95.23912974316109,7.675596637374169,1.0097619581566875,8.860834053306517,True,107.41844738296905,True,8.811762069954382,101.3449548910298,7.792552829027721,0.8,84.09172603374365,48.21,2.0383141358620263,,Clear roles helped,True,Completed,2024-07-04,Budget Cut,2023-05-26,2025-06-06
TEAM1300,Omega Force,PRJ196,2024-10-19,Manual,EMP0286,"EMP1758,EMP0643,EMP1440,EMP1049,EMP0286",5,"{""UI"": 2, ""Graphic"": 2, ""UX"": 1}","{""Lead"": 2, ""Mid"": 1, ""Senior"": 2}",98.55,77.14,50.58818851644365,76.10138827946079,69.78,84.06103205306948,70.84348645225077,92.07957425379246,72.53558681116598,6.646804553638139,0.0,6.4263844005691135,,319.21916203179245,True,8.64854319769189,96.29244681969274,8.22764160212946,1.1895870751272992,75.69529115459794,49.51,0.0742869766386425,,,True,Completed,2025-03-24,Reorganization,2024-10-19,2025-07-14
TEAM1301,Alpha Crew,PRJ030,2023-09-29,Hybrid,EMP017,"EMP017,EMP026,EMP1960",3,"{""SEO"": 1, ""Marketing"": 1, ""Campaign"": 1}","{""Senior"": 2, ""Mid"": 1}",100.0,100.0,85.7773904430172,63.01574273122903,71.95,99.49281246030782,65.83206654389657,,74.56837950221681,9.527370108003188,2.04820285136704,6.810234014596466,False,,,,,8.895295412854702,0.9923816248372405,101.82004758838936,58.68,1.1059262761791588,Great collaboration,Async communication worked well,True,Active,,,2023-09-29,2024-11-16
TEAM1302,Omega Crew,PRJ260,2024-04-20,AI-Recommended,EMP1497,"EMP108,EMP0657,EMP1497,EMP0778,EMP1195",5,"{""Sales"": 2, ""Business"": 1, ""Software"": 1, ""Logistics"": 1}","{""Principal"": 3, ""Lead"": 2}",90.09,66.57,54.181843329592084,63.40276574829646,68.1,84.19876942050222,61.8631175077981,77.80763427253527,75.96097968053014,4.927268956333493,2.0589654831585413,7.483420764665732,True,166.59565651265234,False,6.3339041681940085,102.45891674190429,7.506479183347218,0.9959179571921403,76.82155094784214,35.76,2.90144152106648,Communication issues resolved,Need better docs,True,Completed,2025-07-06,Reorganization,2024-04-20,2025-06-30
TEAM1303,Delta Squad,PRJ515,2023-04-07,AI-Recommended,EMP1396,"EMP1801,EMP1396,EMP1760",3,"{""Sales"": 1, ""Accountant"": 1, ""Controller"": 1}","{""Principal"": 2, ""Senior"": 1}",100.0,97.93,66.45723946774615,47.05189681978402,94.91,68.48243063076657,83.02660956517215,48.262290039544176,85.10099594766548,7.550083896665185,1.9142519324490612,6.731166265138132,True,136.96004586207178,False,8.90511354917137,93.41826017125364,9.96910455909556,1.1954082989296202,91.32396028999926,40.17,0.0,Exceeded expectations,,True,Completed,2024-01-27,Reorganization,2023-04-07,2025-07-31
TEAM1304,Alpha Unit,PRJ351,2024-06-11,Hybrid,EMP055,"EMP0281,EMP1677,EMP1232,EMP055,EMP0913,EMP0720,EMP0645,EMP1105",8,"{""Logistics"": 3, ""Operations"": 5}","{""Principal"": 1, ""Lead"": 3, ""Senior"": 3, ""Junior"": 1}",88.9,71.43,70.82778109746774,87.16445470067724,68.7,86.06572604360323,62.117068126449674,87.87655273131135,71.49788437533208,6.765886381244099,0.9185249445550439,8.270834071469325,True,40.650969434771824,False,5.93741955982886,95.054207189066,7.236522404003091,1.1120097051373667,74.7454082854829,70.25,0.1084301155278779,Communication issues resolved,Need better docs,True,Completed,2024-01-10,Budget Cut,2024-06-11,2025-08-10
TEAM1305,Omega Crew,PRJ808,2025-02-17,AI-Recommended,EMP196,"EMP1573,EMP0657,EMP196,EMP022",4,"{""Accountant"": 1, ""Business"": 2, ""Product"": 1}","{""Principal"": 1, ""Lead"": 3}",100.0,97.33,81.31800026423876,75.15546216783983,74.18,81.22992567543525,69.68478105878762,67.12607085925787,100.0,6.773838227332854,2.986170108872554,5.42422826406089,True,241.08389931140124,True,7.2716641984177395,94.76737729096678,7.185904825325027,1.1971184632420706,84.90276791333908,54.04,4.159340457404173,Communication issues resolved,Async communication worked well,True,Completed,2025-02-10,Reorganization,2025-02-17,2025-08-25
TEAM1306,Sigma Unit,PRJ521,2023-06-12,AI-Recommended,EMP1295,"EMP0249,EMP0223,EMP1295",3,"{""People"": 2, ""HR"": 1}","{""Principal"": 2, ""Senior"": 1}",100.0,93.48,32.71672685938198,57.122256895646125,58.06,83.93335166882667,48.676484727027,67.81489082048273,67.69498966194324,7.905437581475113,1.047172657639308,7.196421161055541,True,117.85893861671813,True,8.627590889308614,96.85662810796664,6.570477626473801,0.9969709243287803,94.77463480606,76.45,1.1029942796054677,Communication issues resolved,Need better docs,True,Completed,2024-03-02,Budget Cut,2023-06-12,2025-09-04
TEAM1307,Gamma Team,PRJ074,2024-04-26,AI-Recommended,EMP0684,"EMP0684,EMP1572,EMP022,EMP1081,EMP1106,EMP0885",6,"{""UI"": 5, ""Product"": 1}","{""Lead"": 3, ""Senior"": 3}",98.53,42.64,69.39982193973366,68.54152551219818,79.0,79.926336351944,87.5017995057602,77.71394950278147,65.12407694018817,9.093124243576458,1.0775251852858365,6.649075982219454,True,179.7143176259078,False,8.709419020025795,96.72065098045549,4.0,0.8031214853484197,78.34503365094807,55.04,5.0,Great collaboration,,True,Completed,2024-04-09,Reorganization,2024-04-26,2025-05-06
TEAM1308,Omega Unit,PRJ903,2025-09-19,Hybrid,EMP1538,"EMP1573,EMP1538,EMP146",3,"{""Accountant"": 1, ""Business"": 1, ""Logistics"": 1}","{""Principal"": 2, ""Lead"": 1}",100.0,93.47,66.19967228100684,42.503264882385984,96.89,88.99305806482019,65.6150304603442,82.07477384286375,72.3138730299216,4.707144122341756,1.9809528062292436,8.200004259032616,True,297.10381159710164,True,8.264834874660696,93.23665103058798,5.3563302381577405,0.9962943315343584,91.92380371890933,61.44,3.8761533726685897,Exceeded expectations,Async communication worked well,True,Completed,2025-11-22,Reorganization,2025-09-19,2025-05-29
TEAM1309,Sigma Force,PRJ212,2023-11-24,Manual,EMP1493,"EMP0221,EMP1868,EMP0574,EMP1493",4,"{""Marketing"": 2, ""Campaign"": 1, ""SEO"": 1}","{""Lead"": 2, ""Senior"": 2}",78.98,74.99,74.8863408205434,71.50368349054392,86.97,100.0,73.06646889033587,79.79361705048147,60.34192815595388,7.672127783311009,2.9571315943927567,6.5570807358821375,True,194.9764394253618,True,7.75747360517934,100.35016411583543,6.546014385588416,0.9014744247594403,87.74837838799512,69.2,0.0,,Daily standups critical,True,Completed,2025-01-07,Project Complete,2023-11-24,2025-10-04
TEAM1310,Delta Squad,PRJ588,2022-12-29,Hybrid,EMP088,"EMP1952,EMP0554,EMP0486,EMP176,EMP088,EMP121,EMP1750,EMP1868,EMP0535,EMP1023",10,"{""Content"": 3, ""Campaign"": 3, ""Marketing"": 2, ""SEO"": 2}","{""Mid"": 5, ""Senior"": 3, ""Lead"": 2}",95.05,51.69,57.289698090875085,91.64344168334502,72.46,92.1846247969056,76.05269419170553,78.29846349224216,82.98055673933183,7.020602821443268,0.0,6.588421200059552,True,261.67390030542674,False,8.060844452461566,108.81519317023778,7.38484753814069,0.8,92.49644958539001,47.35,0.9529543399000688,Great collaboration,Daily standups critical,False,Completed,2024-05-18,Reorganization,2022-12-29,2025-11-25
TEAM1311,Gamma Squad,PRJ190,2024-08-25,Manual,EMP156,"EMP0270,EMP038,EMP1163,EMP1468,EMP1194,EMP156",6,"{""HR"": 4, ""People"": 2}","{""Mid"": 1, ""Senior"": 4, ""Principal"": 1}",85.76,87.5,63.24104072463304,78.1914164119229,83.85,85.1322874700671,82.58675299207543,72.32502953954076,90.13216400866084,6.98123485656387,2.9300259973316463,7.410994880435491,True,153.06629251248697,True,6.672551645262703,115.45154470836236,7.309818443316622,1.2984668839272018,97.39124742036861,46.63,0.9284154029639825,Great collaboration,Daily standups critical,True,Completed,2024-09-18,Reorganization,2024-08-25,2025-03-05
TEAM1312,Beta Force,PRJ318,2024-02-25,Hybrid,EMP1940,"EMP0492,EMP0542,EMP0618,EMP0674,EMP1408,EMP1940,EMP0556",7,"{""HR"": 4, ""People"": 2, ""Recruiter"": 1}","{""Senior"": 3, ""Mid"": 1, ""Junior"": 1, ""Lead"": 2}",100.0,81.19,53.16600260088025,59.743411960971216,74.12,45.87309613810721,68.74351938350364,71.31095744090511,97.43298485210077,8.19246554124695,3.0,6.999189296826716,True,348.2529139557421,True,10.0,102.10505832456822,6.980178989898268,1.3,62.630202164707114,70.72,4.865727964544868,Strong execution,Daily standups critical,,Completed,2025-04-21,Reorganization,2024-02-25,2024-07-06
TEAM1313,Gamma Team,PRJ745,2023-10-21,Manual,EMP1994,"EMP1069,EMP1295,EMP1994,EMP1940,EMP0223,EMP1300",6,"{""People"": 2, ""Recruiter"": 1, ""HR"": 3}","{""Mid"": 1, ""Principal"": 1, ""Lead"": 2, ""Senior"": 2}",100.0,97.89,52.062326882969266,66.47369538843431,85.55,64.6069301258493,78.7083566999637,92.89598555296413,75.95353989263714,4.866426423658621,0.0,7.542714245114493,True,177.43521751360888,True,6.103921396922669,97.38167917372309,5.58730118128451,1.1968442254992009,74.20434804594613,61.64,1.0184157151523956,Exceeded expectations,Daily standups critical,False,Completed,2024-11-14,Reorganization,2023-10-21,2025-06-22
TEAM1314,Delta Crew,PRJ123,2023-11-03,Manual,EMP0243,"EMP0654,EMP0524,EMP1954,EMP1320,EMP1558,EMP0243,EMP0870,EMP0381,EMP1470",9,"{""Sales"": 1, ""Project"": 1, ""Logistics"": 3, ""Operations"": 4}","{""Principal"": 2, ""Mid"": 2, ""Lead"": 3, ""Senior"": 2}",91.61,70.11,46.059498525833924,57.0688000041574,69.24,72.77849553602589,78.61732947591922,78.8340319508104,55.43237373839514,9.614621538918621,0.0,7.357863454249052,,86.94157852627991,True,8.765746009563689,100.4313620714241,6.990455063276116,1.003318117370718,72.87815818716265,62.37,1.104767260410155,Strong execution,Need better docs,True,Completed,2024-06-29,Budget Cut,2023-11-03,2024-10-15
TEAM1315,Delta Crew,PRJ573,2024-06-29,AI-Recommended,EMP0505,"EMP0865,EMP0901,EMP1741,EMP1710,EMP151,EMP1626,EMP0505,EMP0327,EMP0544",9,"{""Team"": 4, ""DevOps"": 3, ""QA"": 2}","{""Mid"": 6, ""Senior"": 3}",100.0,35.43,100.0,83.37788274814947,71.12,97.44037229059957,55.849341817862076,76.93048936588644,60.823438166117654,8.054874167436555,0.9138068533815089,6.395650142058449,True,41.81630000534667,True,7.925228846830506,103.30330539723522,8.378227053068134,0.9143960862995756,76.57103845363515,53.26,0.08875682802609965,Great collaboration,,True,Completed,2024-08-28,Budget Cut,2024-06-29,2025-11-22
TEAM1316,Sigma Squad,PRJ575,2024-09-19,Manual,EMP0378,"EMP1041,EMP0853,EMP0890,EMP0229,EMP0538,EMP0378,EMP1595,EMP1581",8,"{""DevOps"": 3, ""Team"": 2, ""Software"": 1, ""QA"": 1, ""Senior"": 1}","{""Senior"": 3, ""Junior"": 2, ""Mid"": 1, ""Lead"": 2}",91.62,83.38,55.60580819181049,68.9374579832974,77.25,83.92834992868374,90.35829764581244,100.0,95.27770605888739,7.6526394228351355,0.9973193122845445,8.73522143494476,True,112.35559510019753,True,8.874653726345063,101.07858549273035,7.698039263375855,0.8,82.98571464677245,44.88,2.2691587951329604,,Clear roles helped,True,Completed,2024-07-04,Budget Cut,2024-09-19,2025-10-04
TEAM1317,Delta Unit,PRJ271,2023-04-25,Manual,EMP0885,"EMP1647,EMP127,EMP1589,EMP0885,EMP0920,EMP1895,EMP1427,EMP1049,EMP0286",9,"{""Product"": 1, ""Graphic"": 2, ""UI"": 4, ""UX"": 2}","{""Lead"": 2, ""Junior"": 1, ""Mid"": 3, ""Senior"": 3}",97.78,66.47,59.66196409306639,69.55693811794607,77.36,94.75481904503032,70.98755293698476,96.2970146050423,82.44814445443522,7.24711257212477,0.12252597992217272,6.63646526212202,True,240.17241886462722,True,9.96095952119626,92.8629408910064,7.938906313328849,1.0080008520653736,89.12736914766546,55.01,4.922109682466537,,,True,Completed,2024-03-01,Project Complete,2023-04-25,2025-04-17
TEAM1318,Delta Unit,PRJ376,2024-12-08,Manual,EMP0857,"EMP0857,EMP1235,EMP190",3,"{""Logistics"": 2, ""Operations"": 1}","{""Principal"": 1, ""Lead"": 1, ""Senior"": 1}",92.36,99.6,55.518762975807206,69.40113275207997,68.59,59.85055921887425,86.57873402005816,88.71707600373439,80.13783781056058,7.2974623941856525,0.9540868068059628,7.824158664022544,True,77.94359419970468,True,10.0,95.06422106295686,6.948130503725973,1.1975605908689022,74.20855556150023,51.56,3.099865931604664,Strong execution,,,Completed,2024-08-13,Project Complete,2024-12-08,2024-07-11
TEAM1319,Alpha Team,PRJ189,2025-05-20,Manual,EMP0501,"EMP0443,EMP0958,EMP0774,EMP0501",4,"{""Senior"": 2, ""Team"": 1, ""Software"": 1}","{""Senior"": 2, ""Lead"": 2}",100.0,83.43,97.73858869625218,60.77799797483015,72.53,92.3836219862498,73.52989593026325,83.07206131177655,75.33261356926286,6.774586520280447,3.0,8.707005825893141,,355.313690537133,True,8.189376955109624,110.14598751247402,6.079014076877213,1.2932138267596833,108.14935483250689,39.4,0.014876570756738707,Strong execution,Async communication worked well,True,Completed,2026-01-22,Project Complete,2025-05-20,2025-05-20
TEAM1320,Sigma Crew,PRJ714,2024-08-12,Hybrid,EMP0277,"EMP1940,EMP1252,EMP0277",3,"{""HR"": 1, ""Recruiter"": 2}","{""Lead"": 3}",71.79,45.75,83.83866509873933,44.04447536265701,53.23,90.06242271303654,62.21955082915464,90.35151354088975,83.54726100326063,5.608762391901507,0.9661775410047652,5.744906813990917,True,103.63380137333723,True,7.3698583450696855,89.65240505217079,8.46973513122393,0.9902704083436304,65.54157702980552,64.76,1.9067549840746163,Exceeded expectations,,False,Completed,2024-04-09,Reorganization,2024-08-12,2024-03-25
TEAM1321,Gamma Squad,PRJ946,2024-07-16,Manual,EMP1018,"EMP1018,EMP1566,EMP175,EMP1310,EMP1303,EMP0938",6,"{""UI"": 3, ""UX"": 1, ""Graphic"": 2}","{""Lead"": 2, ""Mid"": 3, ""Senior"": 1}",100.0,75.15,64.54342268657562,79.50004395382553,81.71,85.352207764863,81.54564214124468,71.49797399216314,87.96988288300014,6.8163287653199145,2.9494584962134183,7.4018365075258625,True,153.77080093685313,True,6.586808414570694,115.94010646061852,7.275786090294859,1.3,97.31964055696528,48.88,0.9394961124851654,Great collaboration,Daily standups critical,True,Completed,2024-09-18,Reorganization,2024-07-16,2025-05-12
TEAM1322,Delta Force,PRJ982,2024-07-18,AI-Recommended,EMP065,"EMP1231,EMP050,EMP1634,EMP0680,EMP1810,EMP0398,EMP065",7,"{""Finance"": 3, ""Financial"": 1, ""Controller"": 1, ""Sales"": 1, ""Accountant"": 1}","{""Senior"": 2, ""Mid"": 2, ""Principal"": 3}",99.08,65.73,61.54801658759759,69.63667843579826,60.22,52.471613918934224,81.91782053915301,71.50585387536782,67.65168118794172,8.928537038856032,1.0697350217606492,6.943808942107357,True,78.68373039365076,True,8.508076798207512,113.9583972793432,6.936002175153243,1.0891376304415419,84.87086919278153,55.56,5.0,,,True,Completed,2025-02-06,Project Complete,2024-07-18,2025-09-12
TEAM1323,Gamma Crew,PRJ828,2023-06-28,AI-Recommended,EMP1868,"EMP1868,EMP0832,EMP1781,EMP0386,EMP0274,EMP085,EMP1881,EMP1183",8,"{""Marketing"": 3, ""SEO"": 5}","{""Lead"": 2, ""Junior"": 2, ""Mid"": 2, ""Senior"": 2}",95.2,66.63,53.038637756535365,76.30834701095499,87.51,93.72681272229318,53.690999390949486,75.42629945136517,96.30738079450389,6.136859680493666,2.1037947374049835,6.384397359507723,True,118.8739303788127,True,8.203198510771065,79.53900290503857,9.770372629472934,0.8,70.24022458064421,50.13,1.1972241617792072,,,True,Completed,2024-04-12,Budget Cut,2023-06-28,2026-02-16
TEAM1324,Sigma Unit,PRJ755,2024-03-30,Hybrid,EMP0696,"EMP0696,EMP048,EMP1163,EMP091,EMP1184,EMP1986,EMP0464,EMP169",8,"{""HR"": 4, ""People"": 3, ""Recruiter"": 1}","{""Senior"": 4, ""Mid"": 4}",100.0,37.2,86.34832417623058,73.09358932175557,83.27,97.17468428141022,51.96895943656854,82.72858567448998,53.774039591269606,7.6146985692305815,0.982444611037751,7.444285124302326,True,302.0541432829675,False,7.1841220310632385,107.71145323374655,4.881659309007657,0.9029760423488284,91.7389017440705,60.18,1.9587743128737285,Communication issues resolved,,,Completed,2025-02-10,Reorganization,2024-03-30,2025-04-01
TEAM1325,Alpha Crew,PRJ368,2025-03-12,AI-Recommended,EMP054,"EMP1385,EMP1253,EMP054,EMP0926,EMP0648,EMP0309,EMP1621,EMP0774,EMP0281",9,"{""Business"": 2, ""Account"": 2, ""Sales"": 2, ""QA"": 1, ""Software"": 1, ""Logistics"": 1}","{""Lead"": 6, ""Senior"": 2, ""Principal"": 1}",93.88,52.38,78.99002000371875,62.638717447130034,57.9,64.877225789386,78.37172322832134,93.24836152245234,65.1171543378806,6.775889725419275,0.9944070563488857,8.351769963876555,True,191.8439136119009,False,6.099148381889274,103.8649389796119,9.985732268091635,0.9936217460406888,93.77437163186926,63.63,0.05300021753175243,Exceeded expectations,Daily standups critical,True,Completed,2024-11-29,Project Complete,2025-03-12,2025-03-31
TEAM1326,Gamma Team,PRJ163,2024-09-27,Hybrid,EMP1881,"EMP0721,EMP1881,EMP0424,EMP0997,EMP1779",5,"{""Content"": 1, ""Marketing"": 2, ""Campaign"": 1, ""SEO"": 1}","{""Mid"": 3, ""Lead"": 1, ""Senior"": 1}",100.0,100.0,96.87381458444837,98.83789186727599,70.27,60.86989174353378,91.9833799926275,,67.10880389083017,7.5672244202816925,0.0,7.835069606812946,,,,,,8.040040931715973,1.213522689586202,60.67219156696462,50.11,0.8618701748214521,Exceeded expectations,,True,Active,,,2024-09-27,2024-07-18
TEAM1327,Gamma Crew,PRJ859,2023-03-14,Manual,EMP1341,"EMP170,EMP038,EMP0900,EMP0276,EMP1341,EMP1676,EMP1923,EMP1113,EMP1858",9,"{""Operations"": 4, ""HR"": 1, ""Business"": 1, ""Sales"": 1, ""Logistics"": 2}","{""Senior"": 5, ""Lead"": 2, ""Principal"": 1, ""Mid"": 1}",95.14,74.1,100.0,89.25200740743878,85.75,78.84093543880108,89.0876732847466,75.19916101149518,63.654573366005174,6.608531401105782,2.9368243715742794,7.878832057486205,True,192.47491272160767,True,9.985159353648607,85.33956133949741,6.77777351068068,1.299407468641157,72.4961548509594,55.95,4.944501633548217,Strong execution,,False,Completed,2024-02-16,Project Complete,2023-03-14,2025-12-05
TEAM1328,Beta Team,PRJ544,2024-10-05,Hybrid,EMP0812,"EMP0812,EMP1863,EMP194,EMP0601,EMP1055",5,"{""SEO"": 4, ""Campaign"": 1}","{""Senior"": 4, ""Mid"": 1}",100.0,63.7,29.388247966831788,76.71556903432663,97.57,77.77432463816514,64.8874307535717,65.51561243151639,63.638400297703654,8.25185173159716,1.002021584242624,9.32322071909874,True,234.18407383350987,True,8.093047921112209,114.96466417301151,7.626699492562584,0.891254927296327,87.75830204213578,51.4,4.972649817692015,Great collaboration,,False,Completed,2024-09-11,Budget Cut,2024-10-05,2024-04-17
TEAM1329,Alpha Unit,PRJ861,2024-04-09,Hybrid,EMP1715,"EMP0373,EMP1715,EMP1760,EMP1238,EMP111,EMP0621,EMP179,EMP1059",8,"{""Sales"": 1, ""Finance"": 2, ""Controller"": 1, ""Financial"": 3, ""Accountant"": 1}","{""Principal"": 3, ""Senior"": 2, ""Mid"": 3}",92.93,46.09,69.23852169366133,87.90988134062302,80.41,86.65319160684446,63.13568697173761,88.01526153974724,73.07801261867853,6.735205215233165,1.0140313744255043,8.253332786638792,True,35.45133801898045,False,5.9530819872224505,94.88966596852497,7.4050565018708365,1.0993003649182986,73.89970173471042,61.48,0.0,Communication issues resolved,Need better docs,True,Completed,2024-01-10,Budget Cut,2024-04-09,2025-09-19
TEAM1330,Gamma Crew,PRJ398,2023-08-23,Manual,EMP1018,"EMP1951,EMP1200,EMP0638,EMP1018,EMP0266",5,"{""UI"": 4, ""Graphic"": 1}","{""Senior"": 1, ""Lead"": 4}",100.0,46.04,78.03398642393853,63.386702315822674,68.46,88.54434559019022,71.27537130610686,69.0171878885532,58.57984837726602,7.729487122863307,2.919614175657234,6.978713570233189,True,297.85783670607026,False,6.418566631872136,99.26109961762121,,0.892312996748479,76.55996889802036,78.8,0.08649885568901745,Great collaboration,,True,Completed,2025-01-18,Reorganization,2023-08-23,2025-11-24
TEAM1331,Gamma Squad,PRJ564,2024-11-18,Manual,EMP1801,"EMP1520,EMP148,EMP051,EMP1869,EMP1801,EMP0242",6,"{""Account"": 2, ""Sales"": 3, ""Business"": 1}","{""Senior"": 2, ""Lead"": 2, ""Principal"": 2}",100.0,81.69,62.411137720399374,77.52598068832658,92.14,86.70676698033189,82.39878313853323,72.18040081486939,87.78878471145107,6.91112701672169,2.9986402115522743,7.444988940346956,True,149.0581463685151,True,6.628888383282937,115.30666525563358,7.379241026831936,1.2986116919081425,96.63859668082198,58.55,0.9491812851390041,Great collaboration,Daily standups critical,True,Completed,2024-09-18,Reorganization,2024-11-18,2025-04-23
TEAM1332,Alpha Force,PRJ530,2024-05-31,Hybrid,EMP155,"EMP035,EMP0735,EMP1137,EMP155,EMP1068,EMP1468,EMP1324,EMP1672",8,"{""Recruiter"": 5, ""HR"": 3}","{""Mid"": 3, ""Lead"": 4, ""Senior"": 1}",90.08,64.23,58.38768657263625,83.8916655353794,62.17,72.5865411995251,66.74176124387654,76.35982686530583,68.6630737620809,6.312868288904808,0.0,5.605810176374516,True,166.68972239768877,True,7.475494286069872,96.31348062816402,8.244850681036294,0.8,91.33101159203476,59.52,3.9636922490193838,Great collaboration,Clear roles helped,False,Completed,2025-07-20,Project Complete,2024-05-31,2024-08-12
TEAM1333,Alpha Unit,PRJ142,2024-09-10,Manual,EMP0941,"EMP0281,EMP1512,EMP0456,EMP111,EMP1961,EMP1373,EMP1064,EMP0941,EMP1713",9,"{""Logistics"": 1, ""HR"": 1, ""Accountant"": 2, ""Financial"": 3, ""Controller"": 1, ""Finance"": 1}","{""Principal"": 3, ""Junior"": 1, ""Mid"": 3, ""Senior"": 2}",100.0,64.13,61.677196745851354,86.30148336683388,80.87,45.182532422088855,90.4414064711227,84.38465016351894,89.41201810425714,5.6186901100046,1.9628602937636932,6.982648532733199,True,274.94245905481245,True,9.03952874566279,125.22859446541845,7.997994447760293,1.3,71.01440434200704,47.99,4.996187886640565,Strong execution,Async communication worked well,True,Completed,2025-12-13,Project Complete,2024-09-10,2024-11-15
TEAM1334,Gamma Unit,PRJ295,2025-04-11,Manual,EMP106,"EMP1705,EMP0437,EMP1625,EMP1956,EMP0277,EMP106,EMP0287,EMP0879,EMP1949",9,"{""HR"": 6, ""Recruiter"": 2, ""People"": 1}","{""Mid"": 1, ""Senior"": 4, ""Junior"": 2, ""Lead"": 2}",100.0,60.98,64.8142754795851,91.46823758468597,81.84,60.98185268051102,58.705328424986696,54.88592616197067,93.4181626027033,5.7664321399875735,2.996933085707788,8.287945869846908,True,194.34992692880323,True,9.435558856588205,83.93228857667188,7.0359937531071965,0.8,98.98776006878644,59.96,0.7777555298025481,,Clear roles helped,True,Completed,2025-02-19,Reorganization,2025-04-11,2026-05-31
TEAM1335,Omega Force,PRJ064,2023-02-14,AI-Recommended,EMP1663,"EMP0501,EMP0689,EMP1172,EMP1663,EMP0311",5,"{""Senior"": 2, ""Software"": 1, ""DevOps"": 1, ""QA"": 1}","{""Lead"": 1, ""Mid"": 2, ""Senior"": 2}",100.0,83.85,75.44091909210681,79.71134522593358,77.82,75.77938066081265,74.2339054920056,59.539144516601766,44.90703566658418,7.255473768130628,0.06441845996441532,7.445109639436728,True,52.51020529534323,True,7.612645852181446,93.57247103347018,7.657496875824167,1.108189926531113,73.8952362881824,32.25,0.9803817536215864,Strong execution,,True,Completed,2023-10-05,Project Complete,2023-02-14,2025-06-07
TEAM1336,Sigma Crew,PRJ907,2023-05-26,Hybrid,EMP1900,"EMP0349,EMP1900,EMP1408",3,"{""HR"": 3}","{""Senior"": 2, ""Lead"": 1}",100.0,100.0,82.06430294162256,43.60658751640724,72.74,89.46168674236841,61.2859885082608,89.92589608547787,84.05654643049051,5.576148998797413,0.9936763688864438,5.68219991996176,True,98.6947504060588,True,7.462758116520545,89.5688640784591,8.298666336684256,0.9980735702274734,65.65452892220597,65.97,1.8861091922651863,Exceeded expectations,,False,Completed,2024-04-09,Reorganization,2023-05-26,2024-09-04
TEAM1337,Omega Unit,PRJ921,2024-02-15,AI-Recommended,EMP0232,"EMP0854,EMP0232,EMP175,EMP0214,EMP1013,EMP0976,EMP162,EMP100,EMP1758,EMP0319",10,"{""UI"": 4, ""Graphic"": 3, ""UX"": 3}","{""Senior"": 2, ""Lead"": 2, ""Mid"": 6}",94.68,42.04,68.07395646221188,54.277834236735224,65.61,82.91103518536305,73.53487493089978,73.83768395179553,81.9558156143938,8.274480822410782,0.0,7.729238304804381,True,133.7660094498015,True,7.629095139480859,98.78829799169017,5.710431534667791,0.9913628194233198,75.28069505892344,61.28,3.9472156754616052,Strong execution,Need better docs,False,Completed,2024-09-07,Reorganization,2024-02-15,2025-09-21
TEAM1338,Omega Unit,PRJ781,2024-07-12,Hybrid,EMP106,"EMP1194,EMP1940,EMP1188,EMP1084,EMP1068,EMP1137,EMP106",7,"{""People"": 3, ""HR"": 1, ""Recruiter"": 3}","{""Senior"": 1, ""Lead"": 4, ""Junior"": 2}",99.84,55.57,77.80275651841052,92.84617869427929,65.89,87.11435319354884,80.60192895481275,77.86075194929357,88.19150274519271,8.325073856808627,2.9791288250649868,7.843855603416069,True,38.34661630494422,False,8.315558072642629,91.8470076698639,7.646845741148239,1.0977166735325747,65.5733210797927,52.96,0.9597627567379285,Strong execution,Need better docs,True,Completed,2024-01-22,Reorganization,2024-07-12,2025-04-09
TEAM1339,Gamma Squad,PRJ985,2023-11-21,Manual,EMP0696,"EMP1252,EMP1175,EMP0696,EMP076",4,"{""Recruiter"": 1, ""HR"": 3}","{""Lead"": 2, ""Senior"": 2}",90.12,71.06,51.24392437815654,60.38598472577185,65.17,97.41299568751566,80.80574013618508,80.64508940427476,58.90263964193725,7.794062268941044,2.9482732776160536,7.160434288938977,True,127.60450048787747,True,6.261982126491302,87.69196743696503,7.693154483155682,1.0991017982422444,85.89547759059765,56.59,1.150827044757961,Strong execution,,True,Completed,2024-02-10,Reorganization,2023-11-21,2024-08-15
TEAM1340,Delta Squad,PRJ189,2024-11-13,AI-Recommended,EMP090,"EMP090,EMP0226,EMP0961",3,"{""Software"": 2, ""Team"": 1}","{""Lead"": 2, ""Mid"": 1}",77.23,100.0,67.38310769638693,92.92060962326885,62.05,92.53622372248005,98.0,63.97627239573279,54.901624665725976,5.606881693535561,3.0,8.523303435983385,True,191.20560943105747,False,8.324962029155193,109.62846189838825,6.823822239446473,1.0962813007670082,82.28068160551581,46.21,0.0,,Clear roles helped,True,Completed,2024-12-16,Project Complete,2024-11-13,2024-12-01
TEAM1341,Omega Force,PRJ555,2024-02-27,AI-Recommended,EMP1183,"EMP1797,EMP1023,EMP0825,EMP074,EMP1183",5,"{""SEO"": 3, ""Campaign"": 2}","{""Senior"": 3, ""Mid"": 2}",91.08,64.45,73.78953345567913,79.91797047256854,84.64,76.44396192728738,74.39370511191474,60.23667695708245,46.378832542963714,7.3236933060524505,0.05215371594595545,7.308816566730266,True,42.99854046841089,True,7.656978276412936,94.36494328484824,7.599746536174888,1.1027436217944562,71.75718639943638,42.53,0.9621653517045021,Strong execution,,True,Completed,2023-10-05,Project Complete,2024-02-27,2025-06-20
TEAM1342,Omega Crew,PRJ674,2024-07-24,Hybrid,EMP1719,"EMP0921,EMP1118,EMP0252,EMP0955,EMP1719,EMP0900,EMP0356,EMP0281",8,"{""Logistics"": 2, ""Sales"": 1, ""UI"": 1, ""HR"": 1, ""Account"": 1, ""Business"": 2}","{""Lead"": 4, ""Senior"": 2, ""Principal"": 2}",100.0,50.71,69.23144051751542,63.352074711496876,84.2,91.06474546487414,71.44775090624015,89.36559706100515,87.62773157021908,7.896071538869536,3.0,6.847002164013603,True,168.22595960738465,True,7.910208877731243,109.97653910112867,8.55395520805022,0.9927617694674008,90.3022725164771,57.9,0.04795836963840239,Communication issues resolved,,,Completed,2025-07-21,Reorganization,2024-07-24,2024-09-07
TEAM1343,Sigma Team,PRJ048,2023-07-10,Manual,EMP1462,"EMP0587,EMP1666,EMP0716,EMP1594,EMP0229,EMP0255,EMP0207,EMP1621,EMP1462,EMP0919",10,"{""Software"": 3, ""QA"": 4, ""Senior"": 1, ""Team"": 2}","{""Mid"": 6, ""Junior"": 1, ""Lead"": 2, ""Senior"": 1}",86.17,63.1,55.770327820245214,86.2691559201031,85.64,100.0,63.80914970081277,77.20822226340812,78.47654038229761,7.562335354597055,1.0519003103023041,6.950068400153758,True,162.15582792894497,True,9.330711416511592,92.10083193034404,5.980188803726923,1.000090564832948,96.99433786371155,40.08,4.873562790796184,Exceeded expectations,Async communication worked well,True,Completed,2024-02-09,Reorganization,2023-07-10,2025-01-21
TEAM1344,Alpha Squad,PRJ670,2024-07-17,Hybrid,EMP0473,"EMP134,EMP1737,EMP0773,EMP0473,EMP1622,EMP0262,EMP1715,EMP0748,EMP0819,EMP1573",10,"{""Logistics"": 1, ""Sales"": 1, ""Controller"": 1, ""Accountant"": 2, ""Financial"": 3, ""Finance"": 2}","{""Lead"": 1, ""Principal"": 3, ""Senior"": 2, ""Junior"": 2, ""Mid"": 2}",100.0,71.34,68.27524414704267,81.71704401038217,80.08,79.09097766809805,90.58909200194095,64.02938770416932,92.75428901998981,7.691169680570859,3.0,5.227484608420366,True,104.09699571686622,True,9.011478140759705,91.32824377752804,8.06284202464914,1.2036609375851648,103.7551034274116,60.1,4.9862591880467715,Great collaboration,,True,Completed,2024-02-28,Project Complete,2024-07-17,2025-10-05
TEAM1345,Alpha Unit,PRJ951,2023-07-22,Hybrid,EMP0705,"EMP0705,EMP1103,EMP1049",3,"{""Product"": 1, ""UI"": 2}","{""Lead"": 2, ""Senior"": 1}",100.0,100.0,46.80136473875924,97.18727366525924,55.79,88.82141916033021,70.92604708733033,69.43485530961064,61.26876778539771,7.250116789582626,2.9345664474485904,8.107010793815407,True,116.61914194320121,True,8.45384853623594,104.74797742830123,6.9175164238935976,0.8,79.43732869042934,51.38,0.900830265000602,Communication issues resolved,Daily standups critical,True,Completed,2024-03-15,Reorganization,2023-07-22,2025-11-30
TEAM1346,Alpha Unit,PRJ561,2023-02-27,AI-Recommended,EMP0484,"EMP1652,EMP0708,EMP1376,EMP073,EMP0735,EMP0676,EMP1137,EMP0484,EMP1353",9,"{""People"": 2, ""HR"": 5, ""Recruiter"": 2}","{""Senior"": 4, ""Lead"": 3, ""Principal"": 1, ""Mid"": 1}",99.95,77.0,61.18267807129682,77.02309126493836,62.61,67.99977335805673,79.88544874502496,62.086722221990215,76.8545785740363,8.570447430998444,0.0,6.1710267807558035,True,345.9188318153307,True,6.735103360703203,97.00334496600182,,1.1079741054006478,95.90221540980637,66.45,4.004356333618043,Great collaboration,Async communication worked well,True,Completed,2024-12-07,Project Complete,2023-02-27,2025-09-12
TEAM1347,Alpha Squad,PRJ088,2024-10-18,Manual,EMP1881,"EMP1797,EMP1881,EMP0860,EMP1616,EMP0984,EMP0812,EMP0811",7,"{""SEO"": 3, ""Marketing"": 2, ""Campaign"": 2}","{""Senior"": 3, ""Lead"": 1, ""Mid"": 3}",100.0,62.37,89.76456475805193,96.72670044264099,83.02,83.13941076660478,37.871921520724506,77.51582881860058,56.114612293838434,8.15409097176984,1.0433090161512306,7.966579142973367,True,73.90392872611535,False,7.544988158480787,95.45398422052095,7.584817302840022,1.110806422319339,99.02156782238575,59.66,4.8846218449412415,Communication issues resolved,Daily standups critical,True,Completed,2024-06-02,Budget Cut,2024-10-18,2024-08-23
TEAM1348,Sigma Team,PRJ958,2025-01-06,Hybrid,EMP1486,"EMP1978,EMP0288,EMP015,EMP0919,EMP1428,EMP1486,EMP0538",7,"{""DevOps"": 1, ""Team"": 2, ""QA"": 2, ""Senior"": 1, ""Software"": 1}","{""Mid"": 4, ""Senior"": 1, ""Lead"": 2}",98.78,52.38,71.24876625024893,72.34438618012815,67.3,64.38183332631515,76.40724697848516,75.33661386570597,80.28966721322932,8.069164055767455,3.0,8.113830403996996,True,319.4478483366088,True,6.348417189170513,95.57664059888415,7.547427792273715,0.8024151305232791,84.6046303913392,34.99,3.9845549612860744,Great collaboration,Async communication worked well,True,Completed,2026-01-31,Project Complete,2025-01-06,2025-12-08
TEAM1349,Beta Unit,PRJ771,2024-09-14,Manual,EMP1926,"EMP0826,EMP0406,EMP1553,EMP1940,EMP1295,EMP1926,EMP1382",7,"{""HR"": 4, ""People"": 2, ""Recruiter"": 1}","{""Lead"": 3, ""Mid"": 1, ""Senior"": 1, ""Principal"": 2}",100.0,87.31,48.32661397507748,81.66693780461756,65.3,79.75439748447775,60.63166487395607,69.63869284483532,80.3492426314511,7.954699507957761,2.999489565943351,6.210094397123494,True,315.67030626548785,True,6.565642257120603,107.88906253003724,8.180061274064972,0.9984572954204286,80.08400836177886,73.96,2.865160741333084,Communication issues resolved,,True,Completed,2024-11-06,Budget Cut,2024-09-14,2025-02-23
TEAM1350,Delta Squad,PRJ440,2024-09-10,Manual,EMP1131,"EMP0990,EMP1131,EMP1942,EMP1675,EMP0845,EMP0742,EMP1099,EMP0740",8,"{""QA"": 1, ""Software"": 3, ""Team"": 2, ""DevOps"": 2}","{""Lead"": 3, ""Senior"": 1, ""Mid"": 4}",100.0,70.7,93.43086496588664,71.01029604361614,76.17,64.17679053938583,65.99042470495725,67.66696682849381,57.168798699390784,10.0,0.1263410256943102,8.40565236689323,True,55.39418120783945,True,7.519669171485309,88.66297421260424,7.825381973042405,0.8,102.38021920867575,29.55,3.999461645428789,Communication issues resolved,Clear roles helped,,Completed,2024-09-02,Project Complete,2024-09-10,2025-08-13
TEAM1351,Alpha Unit,PRJ326,2025-06-24,Manual,EMP0740,"EMP0628,EMP1668,EMP1611,EMP1466,EMP0845,EMP1574,EMP0235,EMP0538,EMP0740",9,"{""Team"": 5, ""Software"": 3, ""QA"": 1}","{""Mid"": 6, ""Senior"": 1, ""Lead"": 2}",99.45,46.67,62.41916973486842,86.22920128032227,57.53,47.27777433299213,90.76823961401325,85.40849497701922,89.75306833701967,5.674285284977758,1.9665668753084955,7.048768559829451,True,270.433775240617,True,9.034454753152897,125.20474875969087,8.011015320693701,1.3,72.02353408894702,25.64,5.0,Strong execution,Async communication worked well,True,Completed,2025-12-13,Project Complete,2025-06-24,2025-03-17
TEAM1352,Gamma Unit,PRJ723,2023-02-21,Hybrid,EMP0378,"EMP0378,EMP0690,EMP166,EMP1179,EMP1621,EMP0876",6,"{""Senior"": 1, ""Team"": 1, ""QA"": 4}","{""Lead"": 3, ""Senior"": 3}",100.0,44.31,75.87295900474892,72.20308023764039,66.38,84.75488187789986,90.900630597889,72.63056166041488,83.41527533437586,8.192280338265927,3.0,6.62102348579748,True,184.53831084468732,True,7.542948200068439,95.26577762693451,7.927777754758435,1.294638746667656,97.46910954590697,47.65,1.04857698476516,Great collaboration,,True,Completed,2024-05-15,Project Complete,2023-02-21,2024-12-09
TEAM1353,Omega Unit,PRJ833,2024-09-05,Hybrid,EMP1567,"EMP0993,EMP1567,EMP1010",3,"{""Accountant"": 1, ""Operations"": 2}","{""Principal"": 1, ""Lead"": 2}",93.28,96.05,74.35048889446522,63.82086602925147,64.39,84.94073499450296,50.35164757115741,70.13692120241922,76.0326068140615,7.1725771039650015,2.964032916475149,8.556485856813385,True,144.26710033200516,True,7.626851209206128,106.0754953502465,7.146955320535799,1.196137473554745,94.34381447487148,50.38,0.9086288886561824,,,True,Completed,2024-09-25,Project Complete,2024-09-05,2024-09-16
TEAM1354,Gamma Unit,PRJ474,2025-06-01,Manual,EMP0211,"EMP090,EMP062,EMP0639,EMP0489,EMP0951,EMP0211",6,"{""Software"": 1, ""Team"": 4, ""Senior"": 1}","{""Lead"": 3, ""Mid"": 1, ""Junior"": 1, ""Senior"": 1}",94.66,80.76,63.46196567820456,64.44916417249522,77.91,89.52614005890656,56.595093886123124,72.01536033070298,76.8393673353875,6.156732798320665,2.9734599956764383,5.470930788077261,True,107.35221453095065,True,10.0,110.19946647356981,6.622926530966754,0.9899440638790427,78.77211867194357,31.31,4.96397316763198,Communication issues resolved,Daily standups critical,True,Completed,2025-02-09,Reorganization,2025-06-01,2025-07-29
TEAM1355,Alpha Force,PRJ359,2025-02-03,AI-Recommended,EMP0326,"EMP0223,EMP1424,EMP0326,EMP1272,EMP1512,EMP073",6,"{""HR"": 5, ""People"": 1}","{""Senior"": 4, ""Principal"": 2}",90.61,60.73,62.188939861899925,65.41953585493214,98.12,81.75384745362354,72.37960196116896,93.68097040820658,65.68942864571079,7.009215362340287,1.9663700645161701,8.592532533900009,True,315.5647946166552,False,7.812743810987223,96.06748246444467,6.455366565696476,0.8959689954416469,105.21126686671687,49.97,2.9555125184345177,,Async communication worked well,True,Completed,2025-07-28,Project Complete,2025-02-03,2024-08-03
TEAM1356,Sigma Squad,PRJ856,2023-06-02,Manual,EMP1086,"EMP1086,EMP0743,EMP121,EMP1012,EMP1536,EMP1080,EMP1149,EMP1600",8,"{""SEO"": 3, ""Campaign"": 4, ""Marketing"": 1}","{""Senior"": 2, ""Mid"": 6}",91.43,41.69,55.024116405380724,69.26689579585398,61.27,83.91278376803338,91.90350826512213,99.4397156073547,95.12319558179632,7.703365834178384,0.8941714722722064,8.826256425807207,True,103.32773889022056,True,8.72384891399916,100.38747373508957,7.713748482364408,0.8157864321533059,81.94903348922006,46.87,2.1629681426583156,,Clear roles helped,True,Completed,2024-07-04,Budget Cut,2023-06-02,2025-07-02
TEAM1357,Alpha Squad,PRJ425,2024-05-30,Hybrid,EMP1669,"EMP0556,EMP1949,EMP1669,EMP048,EMP0388,EMP1986,EMP1770,EMP1076,EMP0287,EMP1137",10,"{""HR"": 5, ""People"": 3, ""Recruiter"": 2}","{""Senior"": 5, ""Lead"": 3, ""Junior"": 1, ""Mid"": 1}",98.35,59.51,69.64900330642948,81.27402275948964,65.57,80.47186072666183,91.9361576239447,62.97825771876783,93.2472721510158,7.731215384216244,3.0,5.2671728165213025,True,104.48948186755749,True,9.121957294546553,91.59029850390459,7.985763033140202,1.189382832413757,105.59121045265363,57.66,4.952867795596945,Great collaboration,,True,Completed,2024-02-28,Project Complete,2024-05-30,2025-10-18
TEAM1358,Omega Unit,PRJ329,2025-03-13,Hybrid,EMP0657,"EMP0373,EMP0657,EMP0619",3,"{""Sales"": 1, ""Business"": 2}","{""Principal"": 1, ""Lead"": 2}",89.8,100.0,66.1311414667468,41.9,78.75,89.72674286505014,64.81808124891073,81.42170055543066,70.55219605360739,4.829398141540822,2.0116016945066995,8.24720361966333,True,297.4795509957911,True,8.201105332717772,93.33573472604989,5.203004107427581,1.0205927558292496,93.11563343066713,63.36,4.056554034719738,Exceeded expectations,Async communication worked well,True,Completed,2025-11-22,Reorganization,2025-03-13,2025-07-27
TEAM1359,Alpha Unit,PRJ330,2023-12-31,AI-Recommended,EMP1868,"EMP1086,EMP1868,EMP176",3,"{""SEO"": 1, ""Marketing"": 1, ""Content"": 1}","{""Senior"": 1, ""Lead"": 1, ""Mid"": 1}",94.15,96.17,51.74573983787765,81.04852487591774,91.04,60.88541276589288,56.33325007367516,68.49902731996745,69.7244268228263,6.143831947803352,2.027178972673922,8.365428771635479,True,297.2385133891821,False,9.160645956180366,118.29892850335288,5.481692153328478,1.1894301039201667,91.58063388701157,53.88,5.0,Strong execution,,False,Completed,2024-05-06,Reorganization,2023-12-31,2024-05-19
TEAM1360,Delta Squad,PRJ660,2023-07-19,Hybrid,EMP0556,"EMP1243,EMP0556,EMP0635,EMP0406,EMP1273,EMP1725,EMP1424,EMP1382,EMP0708,EMP1408",10,"{""Recruiter"": 2, ""HR"": 7, ""People"": 1}","{""Lead"": 4, ""Senior"": 2, ""Mid"": 2, ""Junior"": 1, ""Principal"": 1}",94.47,61.75,58.265585480186644,91.43009646769727,51.85,92.47556828074241,78.77272625886218,77.72207489738183,83.90048035072084,7.067256891996446,0.0,6.559308324061388,True,274.81260909554095,False,7.898707128712215,107.93438391730487,7.529569418735043,0.8085970438344507,92.99025034927499,53.58,0.8317726939263432,Great collaboration,Daily standups critical,False,Completed,2024-05-18,Reorganization,2023-07-19,2025-10-18
TEAM1361,Gamma Team,PRJ472,2024-05-29,AI-Recommended,EMP156,"EMP156,EMP1314,EMP038,EMP155,EMP0453,EMP1376",6,"{""HR"": 4, ""Recruiter"": 2}","{""Principal"": 1, ""Lead"": 3, ""Senior"": 1, ""Mid"": 1}",96.12,91.56,69.23811202516679,69.08486759725896,80.89,80.67023228633411,89.0369550242385,78.47437705111197,64.95069955316367,9.122114348438323,1.0115071449936779,6.654941488820162,True,190.50426719613523,False,8.800364291250501,97.52157792506414,4.0,0.8,76.06649458882146,67.92,4.866384931978167,Great collaboration,,True,Completed,2024-04-09,Reorganization,2024-05-29,2024-11-18
TEAM1362,Alpha Unit,PRJ195,2023-08-17,Manual,EMP0542,"EMP1783,EMP0542,EMP0520,EMP0830,EMP038,EMP0392,EMP1074",7,"{""Recruiter"": 4, ""People"": 1, ""HR"": 2}","{""Lead"": 3, ""Senior"": 3, ""Mid"": 1}",96.07,61.1,70.27159694471405,68.49414710167794,54.79,98.57707001781756,72.6173475654525,82.28582326435235,76.46249179926774,7.483079411667815,3.0,8.726945831762444,True,45.77163261682383,False,7.746103911417271,99.45483583293907,,1.1918574529013737,87.7321752904926,62.27,0.941929504727369,Great collaboration,,False,Completed,2024-07-01,Reorganization,2023-08-17,2025-02-23
TEAM1363,Omega Unit,PRJ812,2024-07-02,Hybrid,EMP0936,"EMP0936,EMP1470,EMP0215",3,"{""Logistics"": 1, ""Operations"": 2}","{""Principal"": 1, ""Lead"": 1, ""Senior"": 1}",100.0,100.0,66.8889522327866,42.6833662095939,64.56,90.36105384762378,64.72990053027155,80.03100860352724,72.27371306700442,4.774356037703805,2.068785318010839,8.143344871456257,True,288.46892797533553,True,8.247616191276258,93.13001349477764,5.262196077634284,1.0145430379095943,92.05608630452919,57.13,3.9496218027099306,Exceeded expectations,Async communication worked well,True,Completed,2025-11-22,Reorganization,2024-07-02,2025-04-20
TEAM1364,Omega Crew,PRJ351,2024-10-04,AI-Recommended,EMP1558,"EMP1244,EMP1449,EMP1824,EMP1558",4,"{""Logistics"": 1, ""Operations"": 3}","{""Lead"": 4}",100.0,35.93,81.28249608333725,76.81086824440419,64.7,80.8442991129405,70.10127311563916,67.20600706579106,99.43990331980037,6.8742948924969784,3.0,5.286705922101716,True,243.56877076296848,True,7.237899586475634,95.82923402561201,7.2549608305415045,1.2027047995534736,85.34752244272417,75.64,4.051320846452264,Communication issues resolved,Async communication worked well,True,Completed,2025-02-10,Reorganization,2024-10-04,2025-04-25
TEAM1365,Beta Unit,PRJ688,2025-05-22,Manual,EMP017,"EMP1587,EMP0997,EMP0848,EMP017,EMP0766,EMP1726,EMP1932,EMP0259",8,"{""Marketing"": 2, ""SEO"": 2, ""Campaign"": 4}","{""Lead"": 1, ""Senior"": 3, ""Mid"": 3, ""Junior"": 1}",100.0,58.04,56.00808900893449,55.73341365192104,85.0,64.94834165430495,39.796796643104116,100.0,62.51243448742152,6.055138082906403,2.9748528564755357,8.082950261785166,True,54.036260994073835,True,6.984114562061918,92.90589378736608,,0.9835465932482959,82.90711197880789,53.74,2.0191526241387003,Communication issues resolved,Async communication worked well,,Completed,2024-10-12,Budget Cut,2025-05-22,2026-04-08
TEAM1366,Gamma Team,PRJ355,2024-02-08,Hybrid,EMP1137,"EMP1994,EMP1137,EMP1300,EMP018,EMP1112",5,"{""Recruiter"": 3, ""HR"": 2}","{""Lead"": 3, ""Senior"": 1, ""Mid"": 1}",100.0,91.84,71.35407924111952,64.84059225147548,85.61,100.0,57.82866351147081,70.60204502396667,64.84939681756045,7.697932486913707,0.9964866443896208,6.398071660374076,,138.1082313615727,False,5.082030268511879,107.26929526969226,9.119951371256384,1.1958921108234362,84.22339315970922,83.66,3.9826427643767466,,Need better docs,True,Completed,2024-04-23,Project Complete,2024-02-08,2024-08-14
TEAM1367,Sigma Crew,PRJ790,2024-12-17,Manual,EMP1864,"EMP0310,EMP1864,EMP0333,EMP0977,EMP1456,EMP1882,EMP1243",7,"{""HR"": 3, ""People"": 1, ""Recruiter"": 3}","{""Senior"": 1, ""Principal"": 1, ""Mid"": 4, ""Lead"": 1}",96.47,81.79,56.43704266424267,77.64850607418593,63.96,75.70678396723088,52.244547458268386,88.2359613039043,86.46049870227269,8.084993283342667,2.0697175600928506,7.6604222517950395,,63.274838962103836,False,9.551716579816551,92.49374960468397,7.886900681917969,1.1060737729241492,113.44889349597253,61.07,4.851084584946003,Strong execution,Need better docs,False,Completed,2025-01-09,Project Complete,2024-12-17,2025-06-23
TEAM1368,Beta Crew,PRJ846,2023-05-22,Hybrid,EMP1647,"EMP0622,EMP0230,EMP1647,EMP1514",4,"{""UI"": 1, ""Product"": 2, ""Graphic"": 1}","{""Lead"": 4}",100.0,41.26,46.213121806878554,74.11460909121641,58.89,77.75624280984118,92.54913107321292,89.69059798160785,78.18174052057299,6.434257436889735,1.0275609175274723,7.110534571326982,True,104.08567429922917,False,6.615492493788875,99.6629719390759,7.028517238918402,1.0980627590428196,94.92007658581466,74.34,0.0,Communication issues resolved,Need better docs,,Completed,2023-12-15,Project Complete,2023-05-22,2025-08-02
TEAM1369,Alpha Unit,PRJ676,2024-08-22,Hybrid,EMP1081,"EMP0545,EMP1081,EMP133,EMP1430,EMP117,EMP1152",6,"{""UI"": 4, ""Graphic"": 1, ""UX"": 1}","{""Lead"": 2, ""Senior"": 2, ""Mid"": 2}",100.0,79.92,68.53668231786926,81.94624892515914,79.65,81.55963364188304,89.40816032111435,78.78102643964314,77.81510076764587,7.947830960602643,2.002616133667189,7.640496272543963,True,298.6509662823716,False,7.635784875289112,97.63767333869104,9.50455095773543,0.8964088674536957,81.27391578925456,57.89,0.10524635351027863,Great collaboration,Clear roles helped,True,Completed,2026-01-25,Budget Cut,2024-08-22,2025-06-17
TEAM1370,Gamma Squad,PRJ690,2023-07-18,Manual,EMP1657,"EMP1657,EMP1425,EMP0237,EMP1470",4,"{""Logistics"": 3, ""Operations"": 1}","{""Principal"": 1, ""Lead"": 2, ""Senior"": 1}",100.0,100.0,49.68538215439032,59.67153440736166,76.33,98.10484824140578,80.06100174208882,80.1434678072787,60.933263214982844,7.899203538423203,3.0,7.307298844926093,True,137.13768422026135,True,6.3126612871734356,88.1514814194388,7.56893750296603,1.0952452413222682,86.55311981801758,68.18,1.0506978137693976,Strong execution,,True,Completed,2024-02-10,Reorganization,2023-07-18,2024-07-18
TEAM1371,Omega Unit,PRJ461,2025-03-19,Hybrid,EMP0211,"EMP0679,EMP0681,EMP0211",3,"{""Software"": 2, ""Senior"": 1}","{""Mid"": 1, ""Lead"": 2}",100.0,100.0,66.39285994578279,41.9,71.83,89.1482047245134,63.67091821000146,82.16629027602573,72.04385280319764,4.85029818597821,2.0647339616346545,8.225228547245461,True,299.65828779520183,True,8.246896028782858,93.28194370510958,5.343183152581456,0.9909706462611916,91.68639496569082,39.96,3.9923561056374575,Exceeded expectations,Async communication worked well,True,Completed,2025-11-22,Reorganization,2025-03-19,2025-06-11
TEAM1372,Gamma Crew,PRJ897,2022-12-19,AI-Recommended,EMP1078,"EMP1436,EMP0613,EMP1078,EMP1959,EMP1210,EMP0773,EMP1250,EMP0372,EMP1760",9,"{""Financial"": 1, ""Finance"": 3, ""Controller"": 3, ""Accountant"": 2}","{""Mid"": 2, ""Senior"": 3, ""Principal"": 3, ""Junior"": 1}",99.68,75.92,98.59919226296304,86.72272259532431,76.48,95.96324099500266,64.76702007677994,69.89815376442688,89.63193379745113,7.388108813387015,1.020303449533219,9.260610092125862,,198.78958646604255,True,8.365269811071986,91.49621450648934,7.992583610501569,0.9988115484902561,66.00593548035414,66.18,1.9978386702313327,Strong execution,,,Completed,2024-02-22,Project Complete,2022-12-19,2025-10-09
TEAM1373,Alpha Team,PRJ616,2025-01-23,Manual,EMP0880,"EMP0747,EMP081,EMP0364,EMP0880",4,"{""Finance"": 2, ""Controller"": 1, ""Accountant"": 1}","{""Senior"": 2, ""Principal"": 2}",100.0,76.17,100.0,58.755255878998135,74.06,90.56096112372452,73.40549736779994,83.60430581676468,75.70752941074682,6.7816286318923575,2.9875960684089122,8.7711650780875,,364.7,True,8.101991377983593,110.70448238893107,6.048532710262814,1.296515121803002,109.57921140083984,90.63,0.0007759922860183713,Strong execution,Async communication worked well,True,Completed,2026-01-22,Project Complete,2025-01-23,2025-06-29
TEAM1374,Alpha Crew,PRJ784,2025-02-11,Hybrid,EMP1023,"EMP002,EMP0997,EMP0554,EMP0491,EMP1023",5,"{""SEO"": 3, ""Campaign"": 2}","{""Mid"": 2, ""Senior"": 3}",98.86,63.44,52.197603278585106,80.13580219960122,77.18,82.98296030558019,93.89735608092029,72.7249757218261,66.42955398081043,8.176635916929088,1.004511736577016,4.860023882184954,True,133.94612656270826,True,8.247127715923593,96.44726622110123,,1.0995312287526933,89.26685665674344,47.65,0.09859284510370558,Strong execution,Need better docs,True,Completed,2024-12-05,Project Complete,2025-02-11,2025-09-07
TEAM1375,Beta Squad,PRJ780,2024-05-19,AI-Recommended,EMP1017,"EMP1952,EMP1012,EMP1017,EMP0515,EMP0491,EMP0212,EMP0516,EMP0874",8,"{""Content"": 1, ""Campaign"": 4, ""SEO"": 2, ""Marketing"": 1}","{""Mid"": 5, ""Senior"": 2, ""Lead"": 1}",97.61,63.81,92.15659935220951,63.422357027305324,69.37,97.97208054391685,77.51715147294495,84.48248284596609,56.31710341971213,6.442523228299611,2.96058693621549,7.165615494728762,True,259.58573727048184,False,8.109746517870072,108.20442693689809,8.030011570887895,1.3,81.35348870742212,33.58,0.10704842069720036,Great collaboration,Daily standups critical,False,Completed,2025-10-13,Project Complete,2024-05-19,2025-09-01
TEAM1376,Alpha Unit,PRJ914,2024-07-10,Hybrid,EMP1676,"EMP1801,EMP1676,EMP190,EMP0203,EMP1195,EMP0377",6,"{""Sales"": 1, ""Operations"": 2, ""Logistics"": 3}","{""Principal"": 2, ""Lead"": 1, ""Senior"": 3}",100.0,64.48,70.0249992660676,81.01874127085948,70.5,81.64039630223866,89.2744400450676,79.36101989512701,76.401464193119,7.975877093405558,2.0287987875160143,7.768797600483551,True,302.6452876637751,False,7.589450869274725,97.34022205629657,9.381019222971508,0.8984871118015288,82.19334665580348,79.92,0.0,Great collaboration,Clear roles helped,True,Completed,2026-01-25,Budget Cut,2024-07-10,2025-04-19
TEAM1377,Omega Force,PRJ488,2025-06-19,Hybrid,EMP156,"EMP156,EMP1900,EMP1112",3,"{""HR"": 2, ""Recruiter"": 1}","{""Principal"": 1, ""Senior"": 1, ""Lead"": 1}",100.0,90.77,60.3915810814788,58.39631808678564,91.68,96.28364548911826,68.53023789507927,57.86532753909384,48.08374311072496,5.716034045368096,0.03070860336240217,7.885670659350079,True,86.27991627474508,True,7.886688196957317,108.38195388552721,5.96408751176776,0.8937417379018981,79.73086349184926,51.56,3.859344782541954,Communication issues resolved,Need better docs,True,Completed,2024-12-30,Reorganization,2025-06-19,2025-08-05
TEAM1378,Delta Force,PRJ313,2025-02-06,Hybrid,EMP016,"EMP1058,EMP0875,EMP0315,EMP016",4,"{""Senior"": 1, ""QA"": 1, ""DevOps"": 1, ""Team"": 1}","{""Lead"": 2, ""Mid"": 1, ""Senior"": 1}",86.47,100.0,74.97332029847465,59.85652201604134,74.04,60.01433338260832,73.03253737039066,74.64363736244755,76.03049495553356,10.0,0.9416793231912206,8.29612063622208,True,356.6144491036207,True,7.513700040491617,104.06600647537518,7.3971760470909125,1.0028473231943016,91.0927038580245,33.59,3.9997970030967793,Exceeded expectations,,,Completed,2025-11-05,Budget Cut,2025-02-06,2025-10-07
TEAM1379,Delta Unit,PRJ568,2024-06-21,Hybrid,EMP1131,"EMP1131,EMP1159,EMP1594,EMP1401,EMP0855,EMP0311,EMP1756",7,"{""Software"": 1, ""Team"": 2, ""QA"": 1, ""DevOps"": 2, ""Senior"": 1}","{""Lead"": 1, ""Mid"": 4, ""Senior"": 2}",94.17,63.37,68.92270801731381,68.91644010601895,67.88,81.78268295964725,75.06297346832795,86.91912215722256,67.99747851924297,5.571028168719095,1.9311565288414112,7.574084312875988,True,62.153048930619036,True,9.478884148771117,90.89573782136172,6.004208843743136,1.2908388064516791,78.1146623506281,33.55,3.1203941987015122,Great collaboration,,True,Completed,2025-03-20,Reorganization,2024-06-21,2025-08-15
TEAM1380,Omega Crew,PRJ746,2024-07-21,AI-Recommended,EMP0242,"EMP0242,EMP0657,EMP0276,EMP0356",4,"{""Sales"": 2, ""Business"": 2}","{""Principal"": 1, ""Lead"": 2, ""Senior"": 1}",100.0,95.57,79.93184351216041,75.66736704749637,71.4,81.68360707071328,70.84444910585421,68.2405198631432,99.25040154828201,6.836182237819674,3.0,5.352361510807148,True,246.8243625309011,True,7.279578871687835,95.74670175668234,7.147964115743312,1.2008785114492269,84.6411562110076,51.2,3.982903223354401,Communication issues resolved,Async communication worked well,True,Completed,2025-02-10,Reorganization,2024-07-21,2025-06-28
TEAM1381,Omega Squad,PRJ194,2025-08-24,Manual,EMP156,"EMP1994,EMP156,EMP1940,EMP0999,EMP1650,EMP0526,EMP1618,EMP0735,EMP0287",9,"{""Recruiter"": 1, ""HR"": 8}","{""Lead"": 2, ""Principal"": 1, ""Senior"": 3, ""Mid"": 3}",100.0,67.73,65.81025570064166,76.69515840986153,79.26,55.60523658815981,68.96258063238227,93.55961585707843,72.0533730653801,6.806473013498081,0.06556408905661493,6.261051221502437,True,136.13078463804553,True,10.0,97.42410060032142,6.961526544142792,1.1983452175440188,94.06487911159986,66.84,1.0356497489601864,Strong execution,Clear roles helped,False,Completed,2025-06-02,Project Complete,2025-08-24,2025-09-25
TEAM1382,Delta Unit,PRJ912,2025-02-09,Manual,EMP0993,"EMP1171,EMP0993,EMP1713,EMP1573,EMP1871,EMP1380,EMP0680,EMP0512,EMP0439,EMP0747",10,"{""Financial"": 1, ""Accountant"": 3, ""Finance"": 5, ""Logistics"": 1}","{""Mid"": 3, ""Principal"": 3, ""Senior"": 3, ""Junior"": 1}",99.26,53.62,32.58695854256531,85.77516029397567,72.19,61.18616164765182,63.790639039066726,71.16502077923613,82.31495526718781,5.358470961795204,0.9768657075718505,6.955690848459265,True,142.55904364104416,True,8.523117068369169,85.20711309351394,6.852055500300536,0.8,104.4703182968382,55.12,4.96474172573012,Great collaboration,Need better docs,False,Completed,2024-10-17,Project Complete,2025-02-09,2025-09-21
TEAM1383,Delta Force,PRJ057,2024-10-05,AI-Recommended,EMP0955,"EMP0310,EMP1074,EMP0659,EMP0513,EMP0955,EMP1314,EMP1994",7,"{""HR"": 3, ""Recruiter"": 3, ""People"": 1}","{""Senior"": 2, ""Lead"": 3, ""Mid"": 1, ""Principal"": 1}",97.56,85.92,61.67959820946623,69.79070174896187,71.53,50.30905688860863,81.124714163574,72.956293902117,68.2136047572699,8.846543507079348,0.9630551891215338,6.912471228526294,True,80.08457314178943,True,8.52837405707955,114.34486134948985,7.008868192917571,1.0980298767057726,84.59840606360108,62.45,4.961405220760254,,,True,Completed,2025-02-06,Project Complete,2024-10-05,2025-10-13
TEAM1384,Gamma Squad,PRJ506,2023-06-12,Manual,EMP159,"EMP1573,EMP081,EMP159,EMP0364",4,"{""Accountant"": 2, ""Controller"": 1, ""Finance"": 1}","{""Principal"": 2, ""Senior"": 2}",97.96,70.35,50.23682599507588,60.11627684931037,72.92,96.85460170805179,81.47882131868798,80.13247084623748,59.15206140675456,7.595388859282414,3.0,7.269082570740853,True,132.61791858560298,True,6.240449872493304,87.99845208500585,7.688568847154132,1.1094301955871129,86.30127128214461,66.92,1.0899803377844344,Strong execution,,True,Completed,2024-02-10,Reorganization,2023-06-12,2024-04-28
TEAM1385,Beta Force,PRJ499,2025-10-27,Manual,EMP0242,"EMP0242,EMP0731,EMP196,EMP0309,EMP0654,EMP1719,EMP1495,EMP0926,EMP1195",9,"{""Sales"": 3, ""Business"": 3, ""Account"": 2, ""Logistics"": 1}","{""Principal"": 3, ""Senior"": 2, ""Lead"": 4}",100.0,48.02,63.42795833620789,77.02179770828685,83.28,77.04394905371247,84.05057468327688,100.0,76.43232958347924,5.233411753956431,0.03708683241610661,8.58765482703297,,287.98871662149617,True,7.729364960642301,104.35186713324192,7.208674509118589,0.9998294504920354,74.78939858658778,57.53,2.8636121246601145,Strong execution,Async communication worked well,,Completed,2026-01-17,Budget Cut,2025-10-27,2025-10-30
TEAM1386,Omega Unit,PRJ036,2023-06-05,Hybrid,EMP0212,"EMP1749,EMP0722,EMP1791,EMP0923,EMP1797,EMP0212,EMP0357",7,"{""SEO"": 4, ""Marketing"": 2, ""Campaign"": 1}","{""Senior"": 3, ""Mid"": 3, ""Lead"": 1}",100.0,62.5,79.16352193624559,93.30232500508978,76.85,87.40644878315346,80.44413826983369,77.7344909699798,87.77961045931976,8.226222001096632,2.9305883768430014,7.914926589160248,True,34.57346551910227,False,8.28815504863424,92.43737963496555,7.683209543783322,1.101326398367201,65.64471543201498,61.92,0.988728229410262,Strong execution,Need better docs,True,Completed,2024-01-22,Reorganization,2023-06-05,2025-06-03
TEAM1387,Alpha Force,PRJ082,2024-01-09,AI-Recommended,EMP031,"EMP027,EMP0547,EMP107,EMP1711,EMP1954,EMP031",6,"{""Logistics"": 3, ""Operations"": 3}","{""Senior"": 3, ""Lead"": 2, ""Principal"": 1}",100.0,61.87,62.60075340662272,64.41096743330309,59.03,80.32099794636842,70.484013492489,92.17163113470956,66.36854695059444,7.01059849322368,1.8790525163018073,8.624392928494808,True,317.04563328672816,False,7.784330806704589,96.03128002273836,6.501356304795202,0.912380587792125,105.80724519574862,60.31,2.943957860405939,,Async communication worked well,True,Completed,2025-07-28,Project Complete,2024-01-09,2024-10-27
TEAM1388,Gamma Force,PRJ077,2024-11-21,Hybrid,EMP1292,"EMP1292,EMP0241,EMP0496,EMP0783,EMP0857",5,"{""Accountant"": 1, ""Sales"": 2, ""Business"": 1, ""Logistics"": 1}","{""Principal"": 2, ""Lead"": 2, ""Senior"": 1}",100.0,91.06,68.67400417511992,70.98706076178269,67.83,71.92132397882091,75.9363972406246,100.0,83.28410870245412,6.30705541479017,0.9827724231723673,7.286682078232577,True,107.2522884148861,True,6.723516929713992,90.30484640872305,7.486695845609655,0.9137764692463145,79.77353929650248,51.82,4.055399796616231,Exceeded expectations,Async communication worked well,,Completed,2025-03-19,Budget Cut,2024-11-21,2025-01-25
TEAM1389,Sigma Team,PRJ460,2024-01-15,Hybrid,EMP1486,"EMP1946,EMP0958,EMP1486,EMP182",4,"{""Senior"": 1, ""Team"": 1, ""Software"": 1, ""DevOps"": 1}","{""Senior"": 3, ""Lead"": 1}",100.0,68.87,72.88610271602788,91.51327217134744,61.85,84.95720282107688,77.4919878139345,66.19297352453451,76.67732811325413,7.3100272960096815,2.009602061661878,6.921853020929465,True,274.4819868591086,True,7.246958930422063,99.12048481880055,5.234030752337504,1.1047544602959036,74.39488898237764,38.29,0.0,Strong execution,Async communication worked well,True,Completed,2024-06-23,Project Complete,2024-01-15,2025-12-29
TEAM1390,Omega Squad,PRJ990,2025-05-16,Manual,EMP1775,"EMP0628,EMP1395,EMP0818,EMP0859,EMP1473,EMP0801,EMP1778,EMP1775",8,"{""Team"": 5, ""Software"": 1, ""DevOps"": 2}","{""Mid"": 6, ""Senior"": 1, ""Lead"": 1}",100.0,48.37,81.44301712204714,82.37729890496409,81.52,91.72940031683085,93.50667008284539,66.23471888771536,86.06984805411278,7.650076956914771,0.9719764288102656,8.329755007429458,True,96.83349559134327,False,8.392510610490941,98.77711348136765,9.979935679849577,0.9923574860465654,84.85920278420988,55.04,1.9358563090407528,Communication issues resolved,Daily standups critical,False,Completed,2025-06-16,Budget Cut,2025-05-16,2025-12-31
TEAM1391,Beta Squad,PRJ862,2024-02-22,Hybrid,EMP0921,"EMP0242,EMP1425,EMP0921",3,"{""Sales"": 1, ""Logistics"": 2}","{""Principal"": 1, ""Lead"": 2}",74.69,85.17,88.52811935481178,95.00216414659401,100.0,72.6503060032442,33.3,86.62776036208768,83.83405760152381,6.391700038329072,2.1182820871502304,7.646144391022037,True,209.18651484238413,True,6.466641123180333,114.36019662907714,5.903476112802083,0.8,113.91216940462873,65.46,0.9222086652078921,Exceeded expectations,,True,Completed,2024-07-07,Budget Cut,2024-02-22,2026-03-01
TEAM1392,Beta Squad,PRJ529,2023-07-27,Hybrid,EMP1840,"EMP0257,EMP0518,EMP1350,EMP1142,EMP1840,EMP1972,EMP1473,EMP0405,EMP0355,EMP139",10,"{""Software"": 3, ""DevOps"": 1, ""QA"": 1, ""Senior"": 2, ""Team"": 3}","{""Lead"": 2, ""Senior"": 3, ""Mid"": 5}",96.94,42.88,57.19473665329106,72.5093435743492,69.36,79.03773102977769,88.37161002919227,82.87806997479169,95.89713441884933,7.429138513584297,2.0503471934254804,4.989483138524723,True,59.81501966256072,True,7.413307715117287,94.1797828933263,,0.8018500967173576,70.43261121910031,32.09,4.923981195443385,Great collaboration,Need better docs,False,Completed,2023-10-01,Budget Cut,2023-07-27,2025-06-26
TEAM1393,Gamma Team,PRJ934,2024-03-19,Hybrid,EMP0486,"EMP0486,EMP074,EMP0307,EMP105,EMP1665",5,"{""Campaign"": 3, ""Marketing"": 1, ""SEO"": 1}","{""Senior"": 2, ""Mid"": 2, ""Lead"": 1}",100.0,87.15,71.28726009500313,66.95779130893462,89.54,100.0,58.69683109291618,69.63125687470759,65.13360898210296,7.664610524278751,1.007962600624621,6.420667592864379,,138.80899428210859,False,5.0539925375801396,107.45608341987285,9.174503963828627,1.212132972414067,84.38142286296619,46.61,4.037484201121534,,Need better docs,True,Completed,2024-04-23,Project Complete,2024-03-19,2024-09-07
TEAM1394,Omega Unit,PRJ164,2023-09-07,Hybrid,EMP169,"EMP1940,EMP018,EMP1295,EMP169,EMP076,EMP1411",6,"{""HR"": 4, ""People"": 1, ""Recruiter"": 1}","{""Lead"": 3, ""Mid"": 1, ""Principal"": 1, ""Senior"": 1}",94.6,100.0,64.93478207897277,88.54795988244369,78.23,60.11867574688749,72.13561535085424,84.01514655618895,46.29101910194003,6.309227263504634,1.1157798933213499,6.582461844679639,True,278.74778635954533,True,6.761354966523391,108.19304677828943,7.204878936981718,1.0996030113534252,79.8112260322198,40.46,1.9962503170964692,Great collaboration,Async communication worked well,False,Completed,2024-03-14,Budget Cut,2023-09-07,2026-02-11
TEAM1395,Gamma Unit,PRJ558,2025-08-04,Manual,EMP1227,"EMP065,EMP0921,EMP1677,EMP1824,EMP107,EMP1227",6,"{""Accountant"": 1, ""Logistics"": 3, ""Operations"": 2}","{""Principal"": 1, ""Lead"": 3, ""Senior"": 2}",97.46,52.75,65.12920280232389,63.655224282717136,58.69,89.76769493532557,56.714717691621246,72.6027583862553,76.73205832457394,6.1368317915200015,3.0,5.429268313393737,True,109.86787029640571,True,9.991941589897383,109.87839046433649,6.622976091278784,0.9867542994997335,79.10372506289252,70.28,5.0,Communication issues resolved,Daily standups critical,True,Completed,2025-02-09,Reorganization,2025-08-04,2025-07-08
TEAM1396,Alpha Unit,PRJ312,2024-03-14,Manual,EMP0212,"EMP0220,EMP0411,EMP1842,EMP0217,EMP0601,EMP0597,EMP0212",7,"{""SEO"": 4, ""Marketing"": 3}","{""Mid"": 3, ""Junior"": 2, ""Senior"": 1, ""Lead"": 1}",94.38,83.48,68.20027249370978,69.34415839033205,77.45,99.64734132570756,71.15103418242629,82.78804719372943,75.34164771443767,7.400397023664204,3.0,8.877165025980318,True,37.900235751317005,False,7.642190727169721,99.80252233059711,,1.1975556190596721,87.25926158289016,49.66,0.9842163221307737,Great collaboration,,False,Completed,2024-07-01,Reorganization,2024-03-14,2025-02-20
TEAM1397,Gamma Unit,PRJ309,2024-05-16,Manual,EMP0249,"EMP0970,EMP1145,EMP0249,EMP0955,EMP1922,EMP1288,EMP1408,EMP0308",8,"{""Recruiter"": 1, ""HR"": 4, ""People"": 3}","{""Lead"": 2, ""Senior"": 1, ""Principal"": 2, ""Mid"": 2, ""Junior"": 1}",100.0,100.0,56.54313536151574,70.3565080650314,63.61,78.94964380905566,72.78263228411336,88.68231383878307,68.12334408351647,6.304773948133938,1.9590960257188912,6.514167038853639,True,318.45936163097707,False,6.3925417458999965,78.5,6.405263563931579,1.2013216919098864,73.65858725599159,52.86,4.034893637538394,,Clear roles helped,True,Completed,2025-07-16,Budget Cut,2024-05-16,2025-12-22
TEAM1398,Alpha Force,PRJ558,2025-09-19,Hybrid,EMP023,"EMP023,EMP0926,EMP1409,EMP104,EMP0585,EMP1676,EMP0284,EMP1030",8,"{""UI"": 1, ""Business"": 2, ""Operations"": 2, ""Project"": 1, ""Logistics"": 2}","{""Lead"": 4, ""Senior"": 4}",84.81,40.34,58.75735571614874,84.62620129245451,97.4,72.75964577511647,66.79004151384822,75.2864764621233,68.5436643529768,6.395697924257711,0.09288272260872125,5.6829455461485,True,167.93202157640883,True,7.477063851209903,95.96101256363681,8.259595825219037,0.805578999016953,90.56051913377212,57.57,4.143606136894854,Great collaboration,Clear roles helped,False,Completed,2025-07-20,Project Complete,2025-09-19,2024-11-22
TEAM1399,Delta Crew,PRJ880,2024-03-19,AI-Recommended,EMP1558,"EMP0449,EMP0342,EMP1645,EMP0585,EMP0284,EMP1558,EMP1824,EMP0205,EMP0377",9,"{""Operations"": 4, ""Logistics"": 3, ""Project"": 2}","{""Senior"": 7, ""Lead"": 2}",100.0,35.21,100.0,83.86537311759696,70.23,98.78076791141152,54.97297796448152,77.80353446907971,61.43535624804403,8.11435326231902,0.9262541703735725,6.474901127417401,True,55.76196060657538,True,7.979194387606262,104.06635249247168,8.378029258880614,0.8985226627875342,76.03710669097471,70.81,0.004038962627042334,Great collaboration,,True,Completed,2024-08-28,Budget Cut,2024-03-19,2026-03-08
TEAM1400,Beta Force,PRJ818,2024-12-31,Manual,EMP155,"EMP1252,EMP1705,EMP0960,EMP0927,EMP1214,EMP0988,EMP155,EMP0595,EMP0520",9,"{""Recruiter"": 2, ""HR"": 4, ""People"": 3}","{""Lead"": 2, ""Mid"": 4, ""Senior"": 3}",84.6,50.62,62.3365636614818,74.48306702613449,74.13,76.54836936231801,84.77283650665767,99.6016998617339,76.3735093868584,5.180737746754298,0.0,8.613433169386827,,272.8812372269012,True,7.784101188831851,104.52144973591669,7.167075546613349,0.9973840991529971,74.74317008585452,47.86,2.9626612047101486,Strong execution,Async communication worked well,,Completed,2026-01-17,Budget Cut,2024-12-31,2025-09-20
TEAM1401,Beta Crew,PRJ130,2024-07-10,AI-Recommended,EMP1824,"EMP0978,EMP1195,EMP146,EMP1824,EMP0258,EMP0589,EMP0381,EMP1360",8,"{""Logistics"": 4, ""Operations"": 4}","{""Lead"": 2, ""Principal"": 2, ""Mid"": 1, ""Senior"": 3}",100.0,62.39,39.02488357656682,66.94474640515861,75.83,90.68937414908828,69.68566801413796,60.39131374329585,92.210194682967,6.543004634952268,1.983797064163401,6.20649802618677,True,88.34381296292162,False,9.700289283998403,94.31301479649149,8.957579974687876,1.1933980019621298,85.5685875844829,66.9,3.128184820066081,Communication issues resolved,Clear roles helped,True,Completed,2024-11-23,Reorganization,2024-07-10,2025-02-25
TEAM1402,Gamma Squad,PRJ434,2024-09-27,AI-Recommended,EMP0373,"EMP0936,EMP0241,EMP0373,EMP0994",4,"{""Logistics"": 2, ""Sales"": 2}","{""Principal"": 3, ""Lead"": 1}",97.92,77.62,58.81802631748396,56.828594075594,70.79,76.00017795896954,65.35162261308818,58.022940847657935,82.93060725780661,7.523198516298216,0.0,9.9,,253.56763419873423,False,6.343955810423529,110.79009676276833,8.527618448068688,1.0138713876233423,79.62370492259659,56.03,1.9869472994269657,,Async communication worked well,False,Completed,2024-11-03,Reorganization,2024-09-27,2025-10-22
TEAM1403,Alpha Unit,PRJ569,2023-10-19,Manual,EMP0372,"EMP1248,EMP0216,EMP0540,EMP0364,EMP0372,EMP0551,EMP1299",7,"{""Financial"": 2, ""Finance"": 5}","{""Mid"": 1, ""Senior"": 6}",100.0,42.89,69.05415981550718,69.81223656669532,79.18,100.0,72.42033697205889,82.37599084901616,75.76436412494368,7.562686635510576,2.940319801800906,8.823032916374924,True,45.24284764540928,False,7.53451976181509,99.33084419789557,,1.2022082826550584,87.08022595859782,86.63,1.0131816747349176,Great collaboration,,False,Completed,2024-07-01,Reorganization,2023-10-19,2025-05-11
TEAM1404,Alpha Crew,PRJ732,2023-08-02,Hybrid,EMP1078,"EMP028,EMP1078,EMP0364",3,"{""Finance"": 2, ""Controller"": 1}","{""Senior"": 2, ""Principal"": 1}",75.05,99.18,86.22480494642355,63.91581980782052,92.0,99.59022341505599,66.6495391942512,,74.09780078393551,9.507107900752386,2.065898414444962,6.912977770060513,False,,,,,8.984920207925988,0.9984917417264747,100.28094187479061,78.56,0.9412664588355197,Great collaboration,Async communication worked well,True,Active,,,2023-08-02,2025-01-21
TEAM1405,Omega Force,PRJ695,2024-12-14,Hybrid,EMP0885,"EMP0561,EMP0775,EMP1442,EMP1349,EMP0885,EMP0769",6,"{""Graphic"": 3, ""UI"": 3}","{""Lead"": 3, ""Senior"": 3}",100.0,51.17,52.150587901105126,86.72259955692618,78.61,80.56651330869512,88.54109879340942,84.82694134054404,79.6036444967729,5.4100838033080825,2.0559440290795266,9.131180652110423,True,210.4658518811175,True,6.759044613629758,90.52150133967592,6.485750629540604,0.916368143231746,99.90227851482743,60.49,1.0392007312017388,Great collaboration,Daily standups critical,True,Completed,2024-11-03,Project Complete,2024-12-14,2025-01-13
TEAM1406,Omega Crew,PRJ001,2024-03-05,AI-Recommended,EMP1376,"EMP1252,EMP1376,EMP1314,EMP0708",4,"{""Recruiter"": 2, ""HR"": 2}","{""Lead"": 4}",93.88,31.78,81.08419402723892,74.65349625583255,44.8,81.06514668709077,70.84019044861141,67.49074366474666,100.0,6.876244889777144,3.0,5.383027123704084,True,242.72433654302833,True,7.272706513803351,96.3978924351179,7.2060349606457335,1.2162281861073843,85.02595447330336,56.03,4.047676020896379,Communication issues resolved,Async communication worked well,True,Completed,2025-02-10,Reorganization,2024-03-05,2025-03-26
TEAM1407,Delta Team,PRJ217,2024-04-26,Hybrid,EMP1010,"EMP1010,EMP0238,EMP0284",3,"{""Operations"": 1, ""Logistics"": 2}","{""Lead"": 1, ""Senior"": 2}",100.0,100.0,85.49981528702585,69.86333607698593,64.07,80.77039573618173,62.45714913323362,97.11316492466636,80.92302426934354,6.7977277735625155,1.985498445677108,8.265544001346333,True,339.27882970089297,True,6.600424716402936,105.91959449702902,9.174790085112376,0.898085751318211,75.76379462827462,73.53,2.04780996782038,Great collaboration,,True,Completed,2025-11-18,Budget Cut,2024-04-26,2025-04-09
TEAM1408,Omega Squad,PRJ686,2025-01-22,Manual,EMP0671,"EMP0671,EMP0970,EMP0287,EMP073,EMP1208,EMP169,EMP0397,EMP1931,EMP0333",9,"{""Recruiter"": 4, ""HR"": 4, ""People"": 1}","{""Lead"": 2, ""Senior"": 2, ""Principal"": 1, ""Junior"": 1, ""Mid"": 3}",100.0,73.52,66.0301715910347,76.13234347924049,66.76,54.82330150286639,70.32652446498992,93.47708861791007,71.3742082488218,6.978249744272835,0.0,6.318781186747722,True,141.21324428605462,True,10.0,96.68584766740054,6.973104170421748,1.195466608669257,93.6486082960661,49.9,0.9695998725630595,Strong execution,Clear roles helped,False,Completed,2025-06-02,Project Complete,2025-01-22,2025-09-26
TEAM1409,Beta Crew,PRJ084,2024-08-03,AI-Recommended,EMP156,"EMP1068,EMP155,EMP1411,EMP0528,EMP156,EMP0469,EMP0428,EMP1194",8,"{""Recruiter"": 5, ""HR"": 2, ""People"": 1}","{""Lead"": 3, ""Mid"": 3, ""Principal"": 1, ""Senior"": 1}",100.0,68.32,37.38791037444672,66.32381850417278,71.66,90.82355287968487,69.29272124175887,60.11432361409479,90.62528241472121,6.663916338627426,2.058842199486433,6.256741593117318,True,81.15447673532546,False,9.591788208236375,93.72863178783676,8.9503644467057,1.1955124193058146,84.87018658457873,57.9,2.981235032156479,Communication issues resolved,Clear roles helped,True,Completed,2024-11-23,Reorganization,2024-08-03,2025-01-10
TEAM1410,Alpha Team,PRJ467,2023-08-05,Manual,EMP0392,"EMP1146,EMP0349,EMP1509,EMP0249,EMP0708,EMP0392,EMP0287,EMP0533",8,"{""HR"": 5, ""People"": 1, ""Recruiter"": 2}","{""Senior"": 4, ""Principal"": 1, ""Lead"": 2, ""Mid"": 1}",100.0,84.57,62.179037146607044,56.09093692332856,72.69,77.0764135715064,49.676521984507296,89.34548353196655,76.87484737938398,5.884052363431159,1.9894167582012907,7.855988526091033,,166.7231823979806,True,7.8572912848569345,108.1548623252474,6.246793661389212,1.1056430553162098,97.6724819878967,39.63,0.9512945695956648,Exceeded expectations,,True,Completed,2023-12-14,Budget Cut,2023-08-05,2025-04-22
TEAM1411,Delta Force,PRJ941,2024-02-23,AI-Recommended,EMP1018,"EMP1607,EMP162,EMP0769,EMP1132,EMP0565,EMP0808,EMP1018",7,"{""Graphic"": 4, ""UI"": 3}","{""Lead"": 3, ""Mid"": 3, ""Senior"": 1}",100.0,60.54,61.21022186327822,69.9663047694288,83.76,53.33918385120467,81.0960810782378,72.6124806567184,68.48479451393146,8.828085359389855,1.0260890417931026,6.937377379092101,True,78.24247184947157,True,8.502883160486082,113.95958291337658,6.985989243622259,1.1099810708813524,85.7588113369636,61.07,5.0,,,True,Completed,2025-02-06,Project Complete,2024-02-23,2025-11-06
TEAM1412,Omega Squad,PRJ683,2024-11-02,AI-Recommended,EMP1725,"EMP1783,EMP1484,EMP1523,EMP013,EMP0659,EMP1725,EMP0556",7,"{""Recruiter"": 1, ""HR"": 3, ""People"": 3}","{""Lead"": 1, ""Senior"": 4, ""Mid"": 1, ""Principal"": 1}",100.0,84.28,65.38754912317732,69.56227010223223,67.58,71.50344516917549,82.33225805296294,74.82389323074945,95.53375389723736,6.6660616661122445,2.998039717055779,7.138100995271332,True,83.05382011410478,True,6.35289454594664,101.60700900593756,,0.8,105.96407520726618,58.38,0.05786998080174728,Strong execution,Async communication worked well,True,Completed,2024-07-08,Project Complete,2024-11-02,2024-10-22
TEAM1413,Gamma Unit,PRJ669,2025-08-23,AI-Recommended,EMP0252,"EMP008,EMP0769,EMP0252,EMP0698,EMP1583",5,"{""UI"": 3, ""Graphic"": 1, ""UX"": 1}","{""Lead"": 2, ""Senior"": 2, ""Mid"": 1}",100.0,78.06,56.619243278836855,95.41017729823008,66.02,79.2738559279033,89.78066434230931,58.07614762995559,75.64406578024973,6.0318933833700195,2.052683456023984,6.258493005010318,True,323.0611283993964,False,8.077142046048454,109.5368095843481,8.562983505054811,0.9068037034339683,83.35008799031581,60.44,0.0,,Need better docs,,Completed,2025-10-13,Budget Cut,2025-08-23,2025-03-06
TEAM1414,Sigma Crew,PRJ545,2025-03-08,Manual,EMP0883,"EMP0373,EMP0883,EMP1502,EMP0828,EMP0653,EMP1676,EMP1752",7,"{""Sales"": 1, ""Operations"": 4, ""Project"": 2}","{""Principal"": 1, ""Senior"": 1, ""Mid"": 3, ""Lead"": 2}",98.39,92.85,55.8869916778289,79.01289583306664,60.62,76.04239141359889,52.66462106356878,87.21625146580354,86.20916395684502,8.176527072023937,1.9588089968275029,7.718112850127863,,59.26633811524535,False,9.681436568393305,93.00809054270778,7.753494252711406,1.0997448965970487,113.81063546573262,61.97,5.0,Strong execution,Need better docs,False,Completed,2025-01-09,Project Complete,2025-03-08,2025-10-14
TEAM1415,Alpha Unit,PRJ767,2025-05-08,Manual,EMP1352,"EMP1547,EMP1352,EMP1992,EMP001,EMP0446,EMP1480,EMP1129,EMP0835,EMP1572",9,"{""UI"": 5, ""UX"": 3, ""Graphic"": 1}","{""Mid"": 4, ""Lead"": 2, ""Junior"": 2, ""Senior"": 1}",96.78,71.36,61.260524269984145,85.78223746851937,80.86,46.53125995254034,92.96991178917806,84.9685910767635,88.78100722543256,5.860825527287601,1.9791495086081194,7.233796129179024,True,266.27810870338635,True,9.004759201164163,125.4,7.989927351045026,1.3,71.46182048953143,55.97,4.9397264597501715,Strong execution,Async communication worked well,True,Completed,2025-12-13,Project Complete,2025-05-08,2025-03-01
TEAM1416,Delta Squad,PRJ432,2024-03-24,Manual,EMP0257,"EMP0961,EMP0229,EMP0395,EMP0649,EMP0853,EMP0257,EMP1269,EMP0892",8,"{""Software"": 4, ""QA"": 1, ""Team"": 2, ""DevOps"": 1}","{""Lead"": 3, ""Mid"": 3, ""Senior"": 2}",97.54,51.48,94.23339692422265,70.51054803550078,69.87,64.09231722309303,66.29060418553802,68.04272603090786,56.66250693970507,9.919406047171243,0.0,8.448712622857053,True,64.07192190844134,True,7.538821962961619,89.7333028414251,7.8764758866204785,0.8050270720050421,102.3514838717375,34.67,4.083742838246241,Communication issues resolved,Clear roles helped,,Completed,2024-09-02,Project Complete,2024-03-24,2025-12-19
TEAM1417,Beta Squad,PRJ621,2025-12-06,Hybrid,EMP1725,"EMP1447,EMP1725,EMP0826,EMP1272,EMP0879",5,"{""Recruiter"": 1, ""People"": 2, ""HR"": 2}","{""Lead"": 2, ""Principal"": 1, ""Senior"": 2}",100.0,90.12,87.73926376750613,67.3774810756451,66.61,77.0760233728366,91.14035964979517,80.36655269893902,100.0,6.309124900599132,0.9946948729040523,7.611303025763252,True,266.80824191026664,True,8.46551450854184,83.86256133136182,6.823341615841386,1.1065560122032574,93.52406129498583,52.03,1.9466577349338114,Exceeded expectations,Async communication worked well,True,Completed,2025-11-28,Budget Cut,2025-12-06,2025-09-25
TEAM1418,Beta Crew,PRJ944,2023-09-03,Hybrid,EMP156,"EMP1076,EMP0287,EMP156,EMP0858",4,"{""Recruiter"": 1, ""HR"": 3}","{""Lead"": 2, ""Senior"": 1, ""Principal"": 1}",100.0,100.0,45.67994898201604,75.13445287090993,73.8,79.25759450482684,92.57408867730142,89.26872672804893,79.00371788022517,6.519082320867335,0.9565686213292661,7.148273911234777,True,104.93045972522225,False,6.693926891200295,100.22153559874384,7.008449220709883,1.1027566872976873,93.73299780736917,57.98,0.03795120644112269,Communication issues resolved,Need better docs,,Completed,2023-12-15,Project Complete,2023-09-03,2025-08-14
TEAM1419,Delta Team,PRJ138,2025-01-29,Hybrid,EMP156,"EMP156,EMP1926,EMP0955",3,"{""HR"": 2, ""People"": 1}","{""Principal"": 3}",77.17,51.02,85.99027048978463,69.19967505054782,95.57,80.25974688901343,62.265961004998935,97.43311803425699,81.3310457308422,6.816630673417397,1.9548038283275004,8.265115594866167,True,340.8902531874552,True,6.607906639952557,105.5538501238576,9.142522883027464,0.9121963416632097,74.69940760122478,64.19,2.0196365282348654,Great collaboration,,True,Completed,2025-11-18,Budget Cut,2025-01-29,2025-02-28
TEAM1420,Beta Crew,PRJ384,2024-12-07,AI-Recommended,EMP0619,"EMP0512,EMP0619,EMP155",3,"{""Logistics"": 1, ""Business"": 1, ""Recruiter"": 1}","{""Principal"": 1, ""Lead"": 2}",96.72,96.21,69.9570607920565,77.94546563222268,67.66,77.73653465498664,49.4208545286857,72.10326925705766,76.45736415978894,7.695511718103812,2.912531707461428,7.580698223515404,True,55.974997497082065,True,5.631892223085236,97.82518693911418,6.874945880121057,1.0939461217071618,82.84530728370056,51.45,0.9753647538082058,Strong execution,,False,Completed,2024-05-26,Project Complete,2024-12-07,2024-07-22
TEAM1421,Alpha Unit,PRJ721,2023-10-24,AI-Recommended,EMP0622,"EMP0622,EMP0854,EMP0266,EMP0579,EMP032,EMP0691,EMP0539,EMP1459,EMP0299",9,"{""UI"": 6, ""Product"": 1, ""Graphic"": 1, ""UX"": 1}","{""Lead"": 3, ""Senior"": 1, ""Junior"": 2, ""Mid"": 3}",100.0,61.56,61.45306169657556,76.66347435221991,60.61,67.59017018557775,80.44963086132718,62.567179317125984,75.97435336549368,8.620658904201179,0.01119786496518236,6.082382972195776,True,353.6337236207068,True,6.841584939305788,97.36663676700927,,1.102442538811009,95.32029708528314,41.42,3.9455854892049667,Great collaboration,Async communication worked well,True,Completed,2024-12-07,Project Complete,2023-10-24,2025-12-01
TEAM1422,Gamma Squad,PRJ354,2025-03-31,Manual,EMP0284,"EMP0512,EMP1954,EMP0284,EMP1235,EMP1579,EMP078,EMP0776,EMP1711,EMP0546",9,"{""Logistics"": 5, ""Operations"": 3, ""Project"": 1}","{""Principal"": 2, ""Senior"": 3, ""Lead"": 2, ""Junior"": 1, ""Mid"": 1}",100.0,80.09,70.12734343508951,81.85957423551832,60.77,64.02836758291498,68.24018693947868,90.07976979843801,65.99793420496806,6.1581479994810255,2.9742343996091347,7.562767506185942,True,273.06647291107595,True,6.554694355409336,89.69129033816591,7.135736135421018,0.8872519084912115,77.94563136635108,59.29,3.987966206964812,Great collaboration,Need better docs,True,Completed,2025-10-04,Reorganization,2025-03-31,2025-03-16
TEAM1423,Delta Unit,PRJ614,2023-04-12,Manual,EMP1604,"EMP197,EMP0743,EMP1012,EMP0998,EMP1254,EMP1604,EMP1932,EMP082,EMP1325",9,"{""Campaign"": 4, ""SEO"": 3, ""Marketing"": 2}","{""Senior"": 3, ""Mid"": 6}",100.0,32.67,60.54994067964332,70.35948914223076,65.81,94.06605136581287,71.74989618810768,96.71274675340243,81.93229905376455,7.3795778240901155,0.06622317816515681,6.626968899098133,True,241.93526863600684,True,10.0,92.2498366451822,7.8331475067416125,1.0085692334612455,87.94481643441523,52.84,4.881722029516976,,,True,Completed,2024-03-01,Project Complete,2023-04-12,2025-04-22
TEAM1424,Alpha Unit,PRJ192,2025-11-29,AI-Recommended,EMP0221,"EMP0601,EMP0221,EMP1493",3,"{""SEO"": 2, ""Marketing"": 1}","{""Senior"": 2, ""Lead"": 1}",85.76,100.0,85.486644226712,75.49044454684918,100.0,100.0,83.31126302263543,90.9495540588797,73.37970223976369,9.811037205792458,3.0,9.577869037195631,True,90.82539479074853,True,9.206975812502884,100.08446635457943,6.540566300500307,0.9924803910450595,70.47055492155513,70.39,1.9857810099021802,,,True,Completed,2025-07-03,Budget Cut,2025-11-29,2024-07-22
TEAM1425,Delta Unit,PRJ059,2023-12-18,Manual,EMP1725,"EMP038,EMP1376,EMP1725",3,"{""HR"": 1, ""Recruiter"": 1, ""People"": 1}","{""Senior"": 1, ""Lead"": 1, ""Principal"": 1}",88.26,91.24,55.59442218641737,69.25914047632243,62.44,59.15406474419435,87.24841149390694,88.28607007063374,79.24298994889001,7.249423046205178,0.9358009910664067,7.737051859191229,True,80.1281359219742,True,10.0,94.6629113791223,6.878274819486226,1.2024775713341245,75.24716892510585,82.98,3.051429203345466,Strong execution,,,Completed,2024-08-13,Project Complete,2023-12-18,2024-08-18
TEAM1426,Beta Squad,PRJ417,2024-06-17,Hybrid,EMP0756,"EMP1385,EMP0756,EMP0396",3,"{""Business"": 2, ""Sales"": 1}","{""Lead"": 3}",99.69,52.15,86.77794991942193,95.5246812841348,66.68,73.3402447913495,33.4087919004033,86.70019091637211,83.6745066534656,6.407565644218145,1.9730201045318658,7.657804687328834,True,208.6393213275216,True,6.5407892616112155,114.8166414539635,5.8348954326495335,0.8,115.39568001770918,60.25,0.88483358514459,Exceeded expectations,,True,Completed,2024-07-07,Budget Cut,2024-06-17,2025-12-02
TEAM1427,Gamma Team,PRJ314,2023-06-22,Hybrid,EMP0287,"EMP0970,EMP079,EMP0671,EMP1879,EMP0287",5,"{""Recruiter"": 3, ""HR"": 2}","{""Lead"": 3, ""Senior"": 2}",98.31,58.73,70.65277496930808,65.50998488492655,73.39,100.0,57.48534246375944,69.77470813263317,64.8422054173666,7.669850639463718,0.9664747002308565,6.319873124456116,,143.35442873565373,False,5.145129459317742,107.56154454119884,9.214722234407002,1.204838363860329,83.09499354853163,64.38,4.0215176447274334,,Need better docs,True,Completed,2024-04-23,Project Complete,2023-06-22,2024-11-17
TEAM1428,Sigma Force,PRJ594,2025-08-12,Manual,EMP0859,"EMP1912,EMP0558,EMP0587,EMP0859",4,"{""Team"": 3, ""Software"": 1}","{""Senior"": 3, ""Mid"": 1}",99.99,80.64,74.69421614793453,75.09972957636974,78.69,60.19654204641042,65.47234035598352,89.85946004688459,50.537459102046725,6.294112241811757,2.9793509254950417,8.859286647749615,,122.06340867325503,False,8.293150976574799,100.78304374104073,,1.2964553488006112,99.90982152682847,33.03,2.079014830573594,Great collaboration,Need better docs,False,Completed,2025-04-04,Reorganization,2025-08-12,2025-08-07
TEAM1429,Beta Team,PRJ438,2024-02-29,Hybrid,EMP0836,"EMP1238,EMP064,EMP092,EMP0836,EMP1166,EMP0439,EMP187,EMP158",8,"{""Finance"": 5, ""Accountant"": 1, ""Financial"": 2}","{""Senior"": 4, ""Mid"": 4}",100.0,40.48,53.33731509299507,71.5623373719796,74.47,74.73617366923524,87.4089154281763,89.35495225089126,98.89748063845578,5.471288464986696,0.013253854898904103,7.750863109541435,,290.4725488833691,True,7.976604907683274,92.73263393392362,9.287332259727352,0.8,68.01054370277576,47.2,4.921521106491178,Strong execution,Daily standups critical,True,Completed,2025-06-20,Reorganization,2024-02-29,2024-07-28
TEAM1430,Beta Team,PRJ158,2024-09-14,Hybrid,EMP1137,"EMP1175,EMP1137,EMP1984,EMP1940,EMP172,EMP1900,EMP0699,EMP1411",8,"{""HR"": 5, ""Recruiter"": 3}","{""Senior"": 3, ""Lead"": 3, ""Mid"": 1, ""Junior"": 1}",93.2,82.63,55.50571976527312,73.15649413653375,65.24,75.22719231257065,87.78448033966261,89.57422861397123,100.0,5.507897332884097,0.0,7.659772047616609,,288.99674713355745,True,7.832141967429091,92.1778957699662,9.398067226552563,0.8,66.7564970476315,58.98,5.0,Strong execution,Daily standups critical,True,Completed,2025-06-20,Reorganization,2024-09-14,2024-08-22
TEAM1431,Beta Crew,PRJ327,2024-04-06,AI-Recommended,EMP0286,"EMP1152,EMP0286,EMP0643",3,"{""UI"": 1, ""Graphic"": 2}","{""Lead"": 2, ""Senior"": 1}",94.2,100.0,68.42495821658153,79.08174786393157,76.53,78.99891953367646,50.1797980390227,71.77589693763484,76.40656937991808,7.617582711575782,2.977368551028468,7.710161880300606,True,54.81251435767723,True,5.493417306819994,97.92005287426781,6.786624377330479,1.1087494444516255,83.41585669374723,64.4,0.7927261124657792,Strong execution,,False,Completed,2024-05-26,Project Complete,2024-04-06,2024-06-17
TEAM1432,Sigma Crew,PRJ181,2023-05-14,Hybrid,EMP0303,"EMP0303,EMP0654,EMP0880",3,"{""Accountant"": 2, ""Sales"": 1}","{""Principal"": 3}",100.0,45.26,82.18801946242029,44.03300944335744,82.17,88.85907406134824,62.498215442093326,91.55167904954675,84.70304800664708,5.498321535677836,0.9631979457642696,5.653976486892522,True,96.97223421185784,True,7.4260495775413675,89.92809944821671,8.440719694566615,0.9853055119704309,66.71785367304665,81.27,2.0160006910375814,Exceeded expectations,,False,Completed,2024-04-09,Reorganization,2023-05-14,2024-05-26
TEAM1433,Alpha Unit,PRJ226,2025-08-03,AI-Recommended,EMP065,"EMP065,EMP081,EMP187,EMP0512,EMP1695,EMP0994",6,"{""Accountant"": 1, ""Controller"": 1, ""Finance"": 1, ""Logistics"": 2, ""Sales"": 1}","{""Principal"": 4, ""Mid"": 1, ""Lead"": 1}",87.65,82.36,53.8910964029824,60.4026806825247,70.7,85.02740422825408,75.59875614682846,98.88356777789225,90.97507000217844,5.763113319949055,2.023618510795284,7.64492445481684,True,157.5628047492451,False,5.724000429088913,92.34939385537693,8.664324593065693,0.9066498414637538,82.73517903018926,39.95,5.0,Exceeded expectations,Need better docs,False,Completed,2025-08-24,Project Complete,2025-08-03,2024-07-06
TEAM1434,Omega Squad,PRJ861,2025-09-03,Hybrid,EMP0729,"EMP065,EMP0729,EMP1720",3,"{""Accountant"": 1, ""Finance"": 1, ""Controller"": 1}","{""Principal"": 2, ""Senior"": 1}",93.57,92.93,88.366340733107,63.52808611804512,72.58,95.85536301647207,78.84108758866412,55.97557535884943,49.69612927509958,5.61267788218719,1.9646387846137452,7.834790256286724,True,79.68883492392415,True,6.642992571091139,85.2440908608872,9.027490900052522,1.1007538702297215,94.53280281163914,57.53,3.957466083691366,Strong execution,,False,Completed,2025-02-04,Project Complete,2025-09-03,2025-08-27
TEAM1435,Delta Team,PRJ431,2024-05-03,AI-Recommended,EMP1013,"EMP008,EMP1526,EMP1514,EMP0684,EMP1584,EMP1014,EMP1304,EMP1013,EMP0938",9,"{""UI"": 4, ""Graphic"": 5}","{""Lead"": 6, ""Mid"": 1, ""Senior"": 2}",85.41,43.3,63.84474443039126,89.39310915483783,83.31,78.72459388031754,62.51466677376107,67.84652304517627,85.64882045242715,7.843618714767705,0.9217141729339109,8.360155505214149,,232.4639635195166,True,8.32227243790187,83.20905303859846,6.919536625228658,1.0066475734733495,75.65365795431478,75.71,3.036299402494378,,Daily standups critical,True,Completed,2025-02-22,Project Complete,2024-05-03,2025-05-29
TEAM1436,Sigma Unit,PRJ893,2024-09-10,AI-Recommended,EMP0506,"EMP0370,EMP0506,EMP1857,EMP0572,EMP146,EMP1676",6,"{""Logistics"": 3, ""Operations"": 3}","{""Lead"": 2, ""Senior"": 2, ""Principal"": 2}",90.34,78.01,36.01586956164002,77.9521273560463,76.75,80.21920590533476,83.42948848160908,89.47088525414605,81.58108324234271,7.681805151656936,2.9569775502043,8.11983321413762,True,268.1773437595411,True,7.0967079758643425,93.00831347834136,7.707036556077799,0.8,93.02362597126185,62.16,1.8336736144284103,Communication issues resolved,,False,Completed,2025-04-21,Reorganization,2024-09-10,2024-03-13
TEAM1437,Alpha Crew,PRJ057,2024-10-27,Hybrid,EMP1295,"EMP063,EMP1243,EMP1295",3,"{""HR"": 1, ""Recruiter"": 1, ""People"": 1}","{""Senior"": 1, ""Lead"": 1, ""Principal"": 1}",100.0,85.89,87.51598479914408,64.02237489703214,63.41,100.0,65.03728784751387,,75.00262214952654,9.559734835008838,1.9966578827713288,6.8974756666130785,False,,,,,9.01308054080727,0.9883449606158998,101.57142205875738,78.15,0.9096576600576417,Great collaboration,Async communication worked well,True,Active,,,2024-10-27,2024-11-27
TEAM1438,Delta Unit,PRJ182,2025-02-19,Hybrid,EMP106,"EMP1553,EMP106,EMP073,EMP1286,EMP0977,EMP0659,EMP1074",7,"{""HR"": 1, ""Recruiter"": 4, ""People"": 2}","{""Senior"": 2, ""Lead"": 2, ""Principal"": 1, ""Mid"": 2}",77.82,83.92,67.75401399987612,69.00854543584163,66.96,82.01087342210995,75.42270055603521,85.65525647611717,68.28593910995102,5.480446747417858,1.9483227242547358,7.56064128578027,True,67.2966455463892,True,9.48199755530244,91.35584983510284,6.0825299557446755,1.3,79.81802763610165,52.05,3.16668174546288,Great collaboration,,True,Completed,2025-03-20,Reorganization,2025-02-19,2025-09-19
TEAM1439,Gamma Unit,PRJ258,2024-08-31,Hybrid,EMP1419,"EMP0275,EMP0891,EMP1419,EMP0371,EMP158,EMP1573",6,"{""Logistics"": 1, ""Sales"": 1, ""Finance"": 2, ""Financial"": 1, ""Accountant"": 1}","{""Lead"": 1, ""Principal"": 2, ""Senior"": 3}",100.0,75.38,75.61466205664921,72.0324899431661,97.88,85.23260688394414,90.74112046202197,72.29928297691487,81.43801135938192,8.184928657749149,3.0,6.650135856069714,True,187.88058900175557,True,7.496435814888761,95.8563325475738,7.81224684315322,1.3,97.61721166145438,44.82,1.0551045979950413,Great collaboration,,True,Completed,2024-05-15,Project Complete,2024-08-31,2025-01-18
TEAM1440,Delta Force,PRJ982,2024-11-05,AI-Recommended,EMP0439,"EMP0473,EMP1059,EMP1182,EMP1760,EMP0373,EMP0439,EMP0954",7,"{""Accountant"": 2, ""Financial"": 1, ""Controller"": 1, ""Sales"": 1, ""Finance"": 2}","{""Senior"": 3, ""Mid"": 1, ""Junior"": 1, ""Principal"": 2}",96.81,87.9,61.60369078127088,68.82891144870699,68.04,52.63069544495148,80.52383841863015,71.58409040690294,68.87968130661977,8.816958244629658,0.917876817782408,6.953507796376975,True,76.24196876009177,True,8.484304840724366,113.77278936407983,6.936147612650744,1.1132684299845965,86.26086574008619,59.02,5.0,,,True,Completed,2025-02-06,Project Complete,2024-11-05,2025-12-19
TEAM1441,Delta Squad,PRJ201,2024-01-31,AI-Recommended,EMP1427,"EMP1556,EMP125,EMP1427",3,"{""UI"": 2, ""Graphic"": 1}","{""Lead"": 3}",65.09,50.1,64.256155593504,94.48763928327602,51.4,93.38892120254641,98.0,64.97769557282618,54.22837611320993,5.584934464250584,2.954787624178933,8.613903755325024,True,195.1192836003094,False,8.45749894442467,109.83799894154566,6.841786211206401,1.1117324354543205,82.28306812695375,59.83,0.08813447375145327,,Clear roles helped,True,Completed,2024-12-16,Project Complete,2024-01-31,2024-12-17
TEAM1442,Beta Squad,PRJ965,2024-09-22,Hybrid,EMP1074,"EMP1074,EMP0277,EMP0542",3,"{""Recruiter"": 2, ""People"": 1}","{""Lead"": 2, ""Senior"": 1}",71.97,100.0,86.6485961789712,95.19244315948595,68.97,72.82139928020102,33.3,88.03071041814187,82.5243287023653,6.412871999861013,2.0118389322027057,7.7405564549305765,True,212.88105380014508,True,6.435523131317195,115.08038697605036,5.778084139654582,0.8018381685540101,115.05418308609379,50.31,1.072496050993581,Exceeded expectations,,True,Completed,2024-07-07,Budget Cut,2024-09-22,2026-02-13
TEAM1443,Beta Squad,PRJ906,2024-09-30,AI-Recommended,EMP1352,"EMP1556,EMP008,EMP0232,EMP1049,EMP133,EMP1352,EMP0967,EMP1412",8,"{""UI"": 5, ""Graphic"": 2, ""UX"": 1}","{""Lead"": 4, ""Senior"": 3, ""Junior"": 1}",88.22,61.32,92.16791122713579,62.87452745939068,72.46,96.8366878478246,77.4680282804026,85.16046972605363,57.31516352602236,6.328919269782955,2.9175882074334756,7.221448928089504,True,266.79096727438815,False,8.161352242075552,109.16254997069552,8.018717060638503,1.2915587897949041,79.81978141909246,67.25,0.018529472419636563,Great collaboration,Daily standups critical,False,Completed,2025-10-13,Project Complete,2024-09-30,2025-10-22
TEAM1444,Gamma Team,PRJ040,2024-05-04,Hybrid,EMP1994,"EMP1893,EMP0310,EMP1994,EMP0392,EMP0349",5,"{""HR"": 3, ""Recruiter"": 2}","{""Senior"": 3, ""Lead"": 2}",82.88,61.08,69.90946747451945,65.63067782548526,78.53,100.0,59.15126693547364,70.42691889289024,63.559819111309544,7.721192696725938,0.9694441761318975,6.391731692331904,,141.47354627476233,False,5.051917321085905,107.71380771261742,9.178212095274198,1.208557318340406,83.42580087459044,50.37,4.011847570509707,,Need better docs,True,Completed,2024-04-23,Project Complete,2024-05-04,2025-01-24
TEAM1445,Beta Squad,PRJ203,2023-08-26,Hybrid,EMP0370,"EMP0994,EMP159,EMP051,EMP0303,EMP0370,EMP0366,EMP0706,EMP1010",8,"{""Logistics"": 2, ""Accountant"": 2, ""Sales"": 1, ""Operations"": 3}","{""Principal"": 2, ""Senior"": 3, ""Lead"": 3}",94.18,51.91,97.06734866128123,86.76022398945476,62.12,79.15595741038396,70.55917165905973,84.478477338527,75.67520517636301,6.232487127477699,0.05473026295803004,8.740065009124777,,40.88881601222302,True,6.829229875622069,99.48289206249946,7.987339513558479,1.0956296070375173,86.73788116977649,53.56,4.948918879138856,Communication issues resolved,,True,Completed,2024-04-05,Project Complete,2023-08-26,2025-08-25
TEAM1446,Gamma Crew,PRJ122,2024-09-08,Manual,EMP0786,"EMP0786,EMP0922,EMP0626,EMP1918,EMP0443",5,"{""Senior"": 2, ""Software"": 2, ""Team"": 1}","{""Lead"": 1, ""Mid"": 3, ""Senior"": 1}",98.85,93.17,76.27545972753794,61.87630080738159,81.68,89.44319757985025,73.13724938438534,68.86555697924943,60.49399602303243,7.80186463061903,2.987002065562981,7.103389755351217,True,299.07664289232855,False,6.298306796007151,98.83669070466402,,0.8989298864956317,76.07049504243868,24.68,0.007431245906362122,Great collaboration,,True,Completed,2025-01-18,Reorganization,2024-09-08,2026-05-11
TEAM1447,Gamma Unit,PRJ302,2024-07-02,Manual,EMP0955,"EMP1411,EMP1175,EMP0955,EMP0555,EMP0906,EMP0614,EMP1985,EMP0659",8,"{""Recruiter"": 1, ""HR"": 3, ""People"": 4}","{""Lead"": 1, ""Senior"": 3, ""Principal"": 1, ""Mid"": 3}",100.0,74.18,58.380491522057895,72.81410385977858,88.5,78.25463094670424,72.64463099261599,88.50598504380623,68.39617297123934,6.4110114487408785,1.9957289934703857,6.664674299546821,True,325.9657360261262,False,6.418437057432495,78.53730469784038,6.53359726897285,1.1944492187369513,74.2129456772976,53.34,3.9129646271719816,,Clear roles helped,True,Completed,2025-07-16,Budget Cut,2024-07-02,2026-02-05
TEAM1448,Omega Unit,PRJ006,2023-10-07,Hybrid,EMP1295,"EMP1145,EMP0526,EMP0599,EMP1063,EMP1272,EMP1295",6,"{""HR"": 4, ""Recruiter"": 1, ""People"": 1}","{""Senior"": 4, ""Lead"": 1, ""Principal"": 1}",100.0,70.12,65.53182299826784,87.16355847526208,76.8,62.38007855064744,71.39897564269381,84.25224208877846,46.24115140861513,6.427822894905517,0.9998144500430496,6.599784251027916,True,267.81332995414135,True,6.74906714316738,107.67739754334673,7.261304158435946,1.0989054957525042,81.07312179719742,69.68,2.0136612621963343,Great collaboration,Async communication worked well,False,Completed,2024-03-14,Budget Cut,2023-10-07,2025-10-15
TEAM1449,Beta Squad,PRJ353,2022-11-19,Hybrid,EMP0212,"EMP082,EMP030,EMP0848,EMP0282,EMP0212,EMP0383,EMP1085,EMP197,EMP1749,EMP1960",10,"{""SEO"": 3, ""Marketing"": 3, ""Campaign"": 4}","{""Mid"": 5, ""Senior"": 4, ""Lead"": 1}",90.71,47.4,58.17957488514653,73.44000612252886,77.01,80.26068948515405,87.69767256753437,84.1117820029532,94.24357845305053,7.443757078868608,2.0201044458603774,4.975998502183311,True,60.5986941217624,True,7.412728809945821,93.7532734425579,,0.8,71.55651410790408,56.55,4.91166383941531,Great collaboration,Need better docs,False,Completed,2023-10-01,Budget Cut,2022-11-19,2025-04-01
TEAM1450,Gamma Team,PRJ974,2024-01-13,Manual,EMP0246,"EMP146,EMP0246,EMP196,EMP1538,EMP1179,EMP022",6,"{""Logistics"": 1, ""Sales"": 1, ""Business"": 2, ""QA"": 1, ""Product"": 1}","{""Principal"": 1, ""Lead"": 5}",92.38,51.92,51.34862922885322,66.65365412379992,70.38,63.35722773489332,78.44514482467468,94.13143034514965,77.3813873007383,4.766062628426638,0.0,7.58266955172122,True,169.69818463420853,True,6.066105192743147,97.75670530559513,5.608148541125299,1.1953542539452802,72.83840087342186,54.52,0.9844411136199201,Exceeded expectations,Daily standups critical,False,Completed,2024-11-14,Reorganization,2024-01-13,2025-03-18
TEAM1451,Delta Squad,PRJ792,2024-04-13,Hybrid,EMP1866,"EMP0643,EMP1572,EMP1866,EMP0561,EMP0757,EMP1951,EMP0968,EMP1151,EMP0967,EMP0252",10,"{""Graphic"": 3, ""UI"": 4, ""UX"": 3}","{""Lead"": 4, ""Junior"": 3, ""Senior"": 2, ""Mid"": 1}",91.05,56.07,58.6185744105089,92.15267254412217,76.92,93.20319109281652,77.08962468712355,77.78988563028551,84.28815209252659,7.214796626166424,0.028754536592283025,6.486694089374495,True,257.45881501840773,False,8.056413577559804,107.08556641140999,7.4120808082498515,0.8,92.88695315725995,56.06,1.1008775163294968,Great collaboration,Daily standups critical,False,Completed,2024-05-18,Reorganization,2024-04-13,2025-08-23
TEAM1452,Alpha Team,PRJ636,2024-02-19,Manual,EMP0708,"EMP1252,EMP0223,EMP1456,EMP1205,EMP1353,EMP1994,EMP0708,EMP0642",8,"{""Recruiter"": 2, ""HR"": 6}","{""Lead"": 3, ""Senior"": 3, ""Mid"": 2}",83.49,55.79,62.20208187821605,55.56234771510229,82.17,77.8431981132176,51.65430979219508,87.77164581014443,76.1814907493184,5.884806048671137,2.000581968720695,7.734615802650769,,174.77935596682804,True,7.899983300059331,109.01839225919906,6.399501465327038,1.1047659306913635,98.25148681016,51.0,1.0492730955315215,Exceeded expectations,,True,Completed,2023-12-14,Budget Cut,2024-02-19,2025-04-12
TEAM1453,Gamma Force,PRJ066,2024-03-06,Manual,EMP1137,"EMP079,EMP1137,EMP1382,EMP109,EMP1408,EMP0858",6,"{""Recruiter"": 3, ""People"": 1, ""HR"": 2}","{""Lead"": 5, ""Senior"": 1}",100.0,54.64,77.01520837921545,70.60199581349808,58.36,95.26437322302627,77.52914689024223,80.81603422358555,73.53745685768457,5.720056599434859,0.0,7.67784200872325,True,200.39793738602586,True,7.653364385323254,99.34019299842018,7.449573728976898,1.1884709999362575,89.60607765426799,41.47,0.0,Communication issues resolved,Daily standups critical,True,Completed,2025-06-02,Reorganization,2024-03-06,2025-06-11
TEAM1454,Omega Squad,PRJ195,2025-04-15,Hybrid,EMP156,"EMP1949,EMP0437,EMP1488,EMP1926,EMP0526,EMP0712,EMP1984,EMP1138,EMP156,EMP079",10,"{""HR"": 7, ""People"": 2, ""Recruiter"": 1}","{""Senior"": 5, ""Principal"": 3, ""Mid"": 1, ""Lead"": 1}",100.0,64.18,99.10109877617062,82.47137232730691,77.7,87.92091356301479,43.702842263610165,79.34563748400096,80.63290643589157,5.509493152128013,2.9150464893514316,7.457004032140678,True,334.95851363646415,True,8.313581797590095,84.5678011064764,6.686845307699326,1.3,89.87777090233286,57.69,4.055286469514535,Strong execution,Clear roles helped,,Completed,2025-12-11,Reorganization,2025-04-15,2025-07-06
TEAM1455,Delta Unit,PRJ119,2025-03-24,Hybrid,EMP0562,"EMP0562,EMP1490,EMP1075,EMP1023,EMP1990,EMP197,EMP1296",7,"{""SEO"": 3, ""Marketing"": 2, ""Campaign"": 2}","{""Senior"": 5, ""Junior"": 1, ""Mid"": 1}",100.0,62.37,69.44543352144818,68.64423767004993,80.95,82.57171582104566,75.47441427041413,86.00103034675958,68.70965928216987,5.468198418383963,2.094907009825042,7.531266743023065,True,73.64424854520146,True,9.415409429048438,92.16842589335796,6.122872669480094,1.2945387189925222,79.70939818769492,59.63,2.9670554584792317,Great collaboration,,True,Completed,2025-03-20,Reorganization,2025-03-24,2025-05-01
TEAM1456,Delta Unit,PRJ943,2024-04-21,Manual,EMP0539,"EMP1992,EMP0793,EMP1079,EMP0283,EMP0336,EMP1924,EMP0539,EMP0335,EMP0650,EMP0757",10,"{""UX"": 5, ""UI"": 3, ""Graphic"": 1, ""Product"": 1}","{""Mid"": 3, ""Junior"": 4, ""Senior"": 1, ""Lead"": 2}",100.0,62.55,35.71998384578618,87.48684171646845,57.78,61.204712485180494,64.17572359647,69.81027716151789,82.62828932330926,5.329815453680052,1.0221942282110579,7.002944405312216,True,154.67282471752625,True,8.363802993966198,85.55633979555877,6.902698463615839,0.8215804210722958,103.79539763482785,54.27,4.876960108558107,Great collaboration,Need better docs,False,Completed,2024-10-17,Project Complete,2024-04-21,2025-10-12
TEAM1457,Sigma Team,PRJ915,2025-03-20,Hybrid,EMP0955,"EMP1553,EMP1214,EMP073,EMP0453,EMP038,EMP0955,EMP076",7,"{""HR"": 5, ""People"": 2}","{""Senior"": 3, ""Principal"": 2, ""Mid"": 1, ""Lead"": 1}",89.56,91.34,73.76322298582008,71.84090630532319,77.87,64.33103517389753,74.86842410980911,74.90677300598256,80.26473656047088,8.01016532031255,2.9967713680902386,8.049370143639159,True,323.2319520925398,True,6.50472067281631,95.35770747367249,7.678776838868086,0.8033963144994543,84.9274689185373,70.2,4.272900186293995,Great collaboration,Async communication worked well,True,Completed,2026-01-31,Project Complete,2025-03-20,2025-12-01
TEAM1458,Delta Unit,PRJ018,2023-07-22,Hybrid,EMP0281,"EMP0281,EMP1359,EMP0467,EMP1892,EMP0240,EMP0645,EMP1435,EMP0512,EMP1227",9,"{""Logistics"": 5, ""Operations"": 4}","{""Principal"": 2, ""Senior"": 7}",80.6,32.63,78.32976039703644,83.56116271089307,68.91,92.30080845031522,79.38572584525782,71.4923501448238,77.56120486542669,8.960534548694413,1.0581449320265395,7.513759347406345,True,52.71034803169317,True,6.7483543006778115,105.90299920665306,5.603886051601158,1.0889451668567272,94.88333947384038,64.48,3.0142158853629235,,Need better docs,True,Completed,2023-09-27,Project Complete,2023-07-22,2025-08-27
TEAM1459,Alpha Unit,PRJ926,2025-10-23,AI-Recommended,EMP1086,"EMP0616,EMP083,EMP0848,EMP0606,EMP0997,EMP1086",6,"{""Marketing"": 1, ""SEO"": 3, ""Campaign"": 1, ""Content"": 1}","{""Junior"": 2, ""Senior"": 3, ""Mid"": 1}",100.0,71.06,53.18275829844345,60.83587615041614,74.73,85.8429919139537,74.89121766120356,97.6107824063058,91.47684300251012,5.745278591210039,1.9678759682943936,7.545253884346725,True,151.6182160814397,False,5.6942294944785745,92.50289490577863,8.536560673035089,0.8947646199971002,82.23735683799511,51.68,4.956873103021855,Exceeded expectations,Need better docs,False,Completed,2025-08-24,Project Complete,2025-10-23,2024-12-05
TEAM1460,Sigma Unit,PRJ975,2023-12-01,Hybrid,EMP0256,"EMP102,EMP0961,EMP0394,EMP0256,EMP1978",5,"{""QA"": 1, ""Software"": 1, ""Team"": 2, ""DevOps"": 1}","{""Senior"": 2, ""Lead"": 1, ""Mid"": 2}",100.0,96.06,63.232631789392364,61.283873056333995,80.3,72.92140786591034,61.0192774006488,85.69014600459867,67.47240695630451,8.188535819277625,0.0,8.704409405941583,True,245.25289588824594,True,7.739412007355062,93.82942217153905,7.973899651889952,0.9031078734000653,109.67819092020572,45.27,1.0418431268151518,Great collaboration,Daily standups critical,,Completed,2024-10-07,Reorganization,2023-12-01,2025-02-11
TEAM1461,Alpha Unit,PRJ960,2023-12-17,Hybrid,EMP156,"EMP0437,EMP0532,EMP0484,EMP0358,EMP0674,EMP1314,EMP0970,EMP156",8,"{""HR"": 4, ""People"": 2, ""Recruiter"": 2}","{""Senior"": 2, ""Junior"": 2, ""Mid"": 1, ""Lead"": 2, ""Principal"": 1}",100.0,96.85,70.33980636596635,89.18368721928243,78.18,85.81962865409992,64.0885381666503,89.27291881074764,71.90015665942133,6.886227984250837,1.021717816448695,8.373884381022723,True,36.626498062283524,False,5.938784601635139,94.62139144081945,7.26045243597664,1.1018062965013273,73.52251651381005,50.83,0.0,Communication issues resolved,Need better docs,True,Completed,2024-01-10,Budget Cut,2023-12-17,2026-02-16
TEAM1462,Beta Team,PRJ395,2025-06-01,Hybrid,EMP0856,"EMP0204,EMP182,EMP080,EMP1336,EMP0859,EMP1942,EMP0315,EMP0856",8,"{""Team"": 4, ""DevOps"": 3, ""Senior"": 1}","{""Mid"": 3, ""Senior"": 4, ""Lead"": 1}",100.0,63.53,53.565906053259,71.7422349497008,80.31,76.19347056706222,86.749538790439,89.82498565058894,99.95332673455685,5.573317487529237,0.0,7.67097804936154,,289.27042472464484,True,8.087438426172694,93.2113578913867,9.31696377599113,0.8,68.237703391542,41.91,5.0,Strong execution,Daily standups critical,True,Completed,2025-06-20,Reorganization,2025-06-01,2024-09-09
TEAM1463,Gamma Force,PRJ263,2024-05-21,Hybrid,EMP0223,"EMP1468,EMP1194,EMP1698,EMP0223,EMP1124,EMP1398,EMP1214,EMP1669",8,"{""HR"": 3, ""People"": 5}","{""Senior"": 5, ""Mid"": 2, ""Lead"": 1}",91.45,47.96,73.37593298632468,89.51411193824693,70.57,71.83515241359812,75.27428596547391,69.17406301080527,79.11322754269152,8.106942783697834,1.8976010231360922,7.863156588174263,True,101.34227925314501,True,8.433559937559338,106.22796047039151,5.593817072055976,0.9938374216708427,85.89108085611416,48.52,1.093076706029161,Great collaboration,Daily standups critical,True,Completed,2024-07-25,Budget Cut,2024-05-21,2024-10-09
TEAM1464,Omega Force,PRJ428,2023-10-20,Hybrid,EMP0955,"EMP0955,EMP1879,EMP1376,EMP1214,EMP0599,EMP169",6,"{""HR"": 3, ""Recruiter"": 2, ""People"": 1}","{""Principal"": 1, ""Senior"": 3, ""Lead"": 2}",100.0,74.74,51.11258182493227,85.81779755606216,89.32,81.48547805644782,87.17430608403622,86.04413424073658,78.44085875994912,5.434668118758865,1.9636753657650001,9.086515114161928,True,197.3333942439218,True,6.776810523778111,90.6850501881686,6.438860339226418,0.8933945305759126,99.85406804329646,58.36,0.9233663460917207,Great collaboration,Daily standups critical,True,Completed,2024-11-03,Project Complete,2023-10-20,2025-01-28
TEAM1465,Delta Unit,PRJ075,2024-10-02,AI-Recommended,EMP1376,"EMP1068,EMP1783,EMP0708,EMP1376",4,"{""Recruiter"": 3, ""HR"": 1}","{""Lead"": 4}",100.0,42.35,62.947159400542645,67.29943207032207,43.59,100.0,73.32683090553938,73.20944255931397,60.772947562665856,7.487280353537129,0.11226383837598718,8.709849089507657,True,114.8772080586813,False,7.915888413709765,93.48917780729745,8.221983970728392,1.095988138710642,105.37115162449919,64.19,4.03820334119588,Great collaboration,,True,Completed,2024-05-27,Project Complete,2024-10-02,2024-12-24
TEAM1466,Delta Squad,PRJ070,2023-11-07,Manual,EMP0286,"EMP0475,EMP023,EMP0545,EMP0286,EMP0761,EMP1924,EMP1014,EMP1747",8,"{""UX"": 1, ""UI"": 3, ""Graphic"": 3, ""Product"": 1}","{""Junior"": 1, ""Lead"": 4, ""Senior"": 2, ""Mid"": 1}",98.25,76.41,93.62217839515633,71.27379704764071,63.65,64.57593394232528,66.34387373383667,67.82366412000044,57.00530734195162,10.0,0.07996164163346645,8.438265675426802,True,59.31206746887815,True,7.570600169640595,88.8011477633972,7.782824698020028,0.8000449541521365,104.7888617085178,52.6,3.900731539989491,Communication issues resolved,Clear roles helped,,Completed,2024-09-02,Project Complete,2023-11-07,2025-07-02
TEAM1467,Sigma Team,PRJ684,2023-11-23,Hybrid,EMP1512,"EMP063,EMP1272,EMP1940,EMP1512",4,"{""HR"": 4}","{""Senior"": 2, ""Lead"": 1, ""Principal"": 1}",87.02,90.43,73.23644455820677,91.59226375005618,57.22,84.01670723733938,77.62597194219693,67.31228497001571,76.81411119341894,7.314256930508625,2.0823372193517122,7.067866613634095,True,264.69904293506335,True,7.308290007892003,99.42371200399991,5.239822098864229,1.1033532836988795,73.49470529866136,49.07,0.0,Strong execution,Async communication worked well,True,Completed,2024-06-23,Project Complete,2023-11-23,2025-11-28
TEAM1468,Alpha Force,PRJ370,2024-07-08,AI-Recommended,EMP0700,"EMP1401,EMP1756,EMP0895,EMP1942,EMP1222,EMP1404,EMP070,EMP1275,EMP0700,EMP0986",10,"{""Team"": 4, ""DevOps"": 1, ""Software"": 1, ""QA"": 2, ""Senior"": 2}","{""Mid"": 5, ""Lead"": 2, ""Senior"": 2, ""Junior"": 1}",100.0,58.2,96.6160070552634,77.09003675871014,69.33,75.11198919452484,55.113204757944395,70.25360720948834,71.26904883704229,7.922671358496674,2.002364936424073,8.952678162124935,True,161.8272106326405,True,6.431950306288342,93.69268169656942,7.3303093952139555,0.9057676704056721,50.53283574777065,32.13,0.990097157192687,Communication issues resolved,Async communication worked well,,Completed,2025-03-24,Project Complete,2024-07-08,2024-11-02
TEAM1469,Gamma Unit,PRJ921,2024-11-22,Manual,EMP022,"EMP1647,EMP022,EMP008,EMP087,EMP0885,EMP0769",6,"{""Product"": 2, ""UI"": 3, ""Graphic"": 1}","{""Lead"": 3, ""Mid"": 1, ""Senior"": 2}",100.0,61.6,63.146079694214485,63.143891187939445,68.61,90.44854086313273,56.70937429262212,72.49259105732968,75.5360939976072,6.08098257948885,2.980801660866378,5.550226061546196,True,104.07207830768388,True,9.978202471065702,109.26659182813063,6.496955712031872,0.9963386562206829,76.89516981421296,55.15,5.0,Communication issues resolved,Daily standups critical,True,Completed,2025-02-09,Reorganization,2024-11-22,2025-04-01
TEAM1470,Alpha Unit,PRJ503,2024-09-29,Manual,EMP0885,"EMP0638,EMP1924,EMP1647,EMP1607,EMP117,EMP0885,EMP1352",7,"{""Graphic"": 3, ""Product"": 1, ""UX"": 1, ""UI"": 2}","{""Lead"": 5, ""Mid"": 1, ""Senior"": 1}",100.0,58.01,69.50650026201109,69.70719660316612,54.55,99.11857286664687,71.92464970349447,81.84890979864386,77.11210954642067,7.539844135361333,3.0,8.89219438889221,True,40.64437463984689,False,7.609053239566803,99.79797222091939,,1.1970183636338592,89.15775946804337,70.76,1.0441639742334603,Great collaboration,,False,Completed,2024-07-01,Reorganization,2024-09-29,2025-08-13
TEAM1471,Alpha Squad,PRJ747,2023-05-10,Hybrid,EMP108,"EMP1657,EMP108,EMP0281,EMP093,EMP0243",5,"{""Logistics"": 2, ""Sales"": 1, ""Operations"": 2}","{""Principal"": 3, ""Senior"": 1, ""Lead"": 1}",100.0,92.37,39.70256066643947,68.34859851261572,66.78,75.89003828086709,60.68396699395518,85.14265658536202,58.8234057829749,8.407111147261046,2.050960491523014,7.181202287506547,True,251.58894649208625,True,4.8,91.5131068159011,7.804237320759097,1.0874316269199402,67.96798412297508,62.41,2.913498967304936,Communication issues resolved,Daily standups critical,True,Completed,2024-03-04,Budget Cut,2023-05-10,2025-07-03
TEAM1472,Sigma Unit,PRJ914,2023-07-12,Hybrid,EMP0978,"EMP0242,EMP0921,EMP0978,EMP1470",4,"{""Sales"": 1, ""Logistics"": 2, ""Operations"": 1}","{""Principal"": 1, ""Lead"": 3}",99.48,66.42,83.37346895506322,71.82185418374318,81.1,64.11462695199313,90.37089558716788,95.93919194710989,94.16393293813024,6.960913202006016,3.0,8.585571523744889,True,308.3749633435689,False,6.437878859346666,107.74208326276987,8.403434088787302,0.8,83.38329275013447,59.52,1.1301022881991751,,Async communication worked well,,Completed,2025-01-13,Budget Cut,2023-07-12,2025-08-25
TEAM1473,Gamma Crew,PRJ238,2022-12-02,Manual,EMP0599,"EMP0287,EMP1926,EMP1704,EMP172,EMP1008,EMP1770,EMP035,EMP0977,EMP0599",9,"{""HR"": 3, ""People"": 2, ""Recruiter"": 4}","{""Senior"": 2, ""Principal"": 1, ""Mid"": 4, ""Junior"": 1, ""Lead"": 1}",100.0,87.53,99.35527688038641,89.50744406198643,63.32,79.55785894211522,89.22058140706626,76.85880349477361,63.41086888364684,6.763927971287725,3.0,7.951542925302592,True,196.07234206507277,True,10.0,83.81499674987363,6.79494772540736,1.2961748958563728,70.37721541719797,59.15,5.0,Strong execution,,False,Completed,2024-02-16,Project Complete,2022-12-02,2025-12-18
TEAM1474,Alpha Team,PRJ559,2024-06-17,AI-Recommended,EMP1137,"EMP048,EMP1314,EMP1512,EMP1137",4,"{""HR"": 3, ""Recruiter"": 1}","{""Senior"": 1, ""Lead"": 2, ""Principal"": 1}",86.99,100.0,68.38824698834084,68.95258599056618,91.63,83.12919192238344,73.05926942517328,64.6854998159423,70.7615550384422,7.6629178971683505,1.0643351299628692,6.875141084313518,True,199.03835287744081,False,6.505666968984894,102.73785663409201,8.384350177347129,1.196510079269532,82.99950619377792,94.03,3.047579956660734,Communication issues resolved,Clear roles helped,False,Completed,2024-05-29,Project Complete,2024-06-17,2024-11-12
TEAM1475,Sigma Unit,PRJ522,2024-11-21,Hybrid,EMP1749,"EMP0274,EMP085,EMP1727,EMP1749,EMP1080",5,"{""SEO"": 4, ""Campaign"": 1}","{""Mid"": 2, ""Senior"": 3}",89.45,58.98,63.29223493555763,61.71724154387248,85.05,73.57362695433827,61.72803780509438,85.10504631463637,66.31066327353301,8.25446419732561,0.0043889115880190385,8.774050942746305,True,262.78168373514694,True,7.89059582345165,93.58580478237195,7.881070279372754,0.8861789630674286,109.43728902944254,65.65,1.0355458066715344,Great collaboration,Daily standups critical,,Completed,2024-10-07,Reorganization,2024-11-21,2025-04-16
TEAM1476,Alpha Unit,PRJ031,2023-09-30,AI-Recommended,EMP0664,"EMP134,EMP0664,EMP190",3,"{""Logistics"": 2, ""Operations"": 1}","{""Lead"": 2, ""Senior"": 1}",100.0,100.0,51.14158941610947,81.55350870396762,78.87,60.46988821996903,57.462241228366096,68.4227168188314,71.25685497741169,6.1624018959364095,1.9603791960977626,8.436106107063267,True,296.84090346778356,False,9.20772312687607,117.09061713623429,5.486840076073706,1.1958482862973316,91.53395578489406,60.32,5.0,Strong execution,,False,Completed,2024-05-06,Reorganization,2023-09-30,2024-11-05
TEAM1477,Delta Force,PRJ971,2024-11-25,AI-Recommended,EMP1747,"EMP1572,EMP0230,EMP0300,EMP1773,EMP0630,EMP1200,EMP1747",7,"{""UI"": 4, ""Product"": 1, ""Graphic"": 2}","{""Lead"": 4, ""Mid"": 3}",100.0,43.28,62.53897156371705,70.24758663101596,56.63,52.83909459043726,80.40216074675487,71.71156083598687,67.82051172173877,8.843458114764308,0.9600415321124238,6.969368258405111,True,74.54108972821851,True,8.560089900566094,113.75918735255034,7.0072837328353765,1.1174507456299412,84.63373916714328,58.01,5.0,,,True,Completed,2025-02-06,Project Complete,2024-11-25,2025-11-01
TEAM1478,Beta Crew,PRJ438,2023-06-17,Hybrid,EMP1088,"EMP0495,EMP081,EMP1088,EMP1148",4,"{""Finance"": 2, ""Controller"": 2}","{""Senior"": 2, ""Principal"": 2}",99.74,92.9,46.34894264140215,75.13005275544758,68.17,77.6654819226643,92.07470942378181,90.40894721105819,78.44128506141428,6.6191948282431685,1.0755723537615864,7.062865793887796,True,111.4570832219366,False,6.774749104917683,99.538416935797,6.929903385329317,1.0972498609163337,93.9112726354564,57.57,0.0,Communication issues resolved,Need better docs,,Completed,2023-12-15,Project Complete,2023-06-17,2025-02-14
TEAM1479,Beta Unit,PRJ810,2023-10-20,Manual,EMP0599,"EMP0437,EMP0223,EMP1138,EMP0556,EMP036,EMP0999,EMP0599",7,"{""HR"": 4, ""People"": 1, ""Recruiter"": 2}","{""Senior"": 4, ""Principal"": 1, ""Mid"": 1, ""Lead"": 1}",100.0,86.88,47.24680407239015,81.09682373773735,76.62,79.28166837755862,59.51155930146454,69.79376431934683,81.33939267127147,7.9372909674082255,3.0,6.1945996370369505,True,307.90695228392764,True,6.525795312431027,106.86089755303844,8.238190694199186,1.0100117806775635,79.52915880508445,60.63,2.9618618509946733,Communication issues resolved,,True,Completed,2024-11-06,Budget Cut,2023-10-20,2025-05-13
TEAM1480,Omega Squad,PRJ687,2025-05-23,Hybrid,EMP1303,"EMP0230,EMP0319,EMP0252,EMP1258,EMP1526,EMP0228,EMP132,EMP0299,EMP1534,EMP1303",10,"{""Product"": 2, ""UX"": 2, ""UI"": 4, ""Graphic"": 2}","{""Lead"": 2, ""Mid"": 4, ""Senior"": 4}",99.42,48.32,100.0,84.02093904263072,84.96,88.68642771564382,43.356380721316874,78.43821874722924,80.68259680071114,5.403602620888772,3.0,7.39360711615336,True,334.5269139879803,True,8.315285758014511,84.59776485187838,6.744209911048906,1.2947986256197201,89.97687356513629,56.81,4.043574485188582,Strong execution,Clear roles helped,,Completed,2025-12-11,Reorganization,2025-05-23,2025-10-16
TEAM1481,Alpha Crew,PRJ401,2023-10-31,Manual,EMP1940,"EMP1243,EMP0504,EMP0676,EMP1893,EMP0392,EMP0708,EMP0644,EMP1076,EMP1940",9,"{""Recruiter"": 3, ""HR"": 6}","{""Lead"": 5, ""Mid"": 1, ""Senior"": 2, ""Junior"": 1}",88.83,62.13,70.74124869342448,90.99238891833316,60.49,60.59264876635052,56.61855666833757,76.43087198700908,97.49809942800263,8.892526875846402,0.0,5.673537138969395,True,39.459647144766095,True,9.71767950349287,111.11826371323188,7.893367414074488,0.8012830339683583,82.00065545842274,69.48,1.0549776711611647,Great collaboration,Async communication worked well,True,Completed,2024-03-28,Project Complete,2023-10-31,2025-01-27
TEAM1482,Sigma Unit,PRJ622,2023-11-23,Hybrid,EMP0286,"EMP0252,EMP0698,EMP0266,EMP0643,EMP0286",5,"{""UI"": 2, ""UX"": 1, ""Graphic"": 2}","{""Senior"": 2, ""Mid"": 1, ""Lead"": 2}",92.24,100.0,64.1207876303917,62.37950797824689,89.92,73.07123329649656,61.957040463322485,84.30060822165119,67.10672145895902,8.19397515929923,0.0,8.853592457070484,True,242.52794215162112,True,7.7339906588871425,94.12670244968967,7.830410063096341,0.8890095145539509,110.36717824192282,65.48,0.9631902118258375,Great collaboration,Daily standups critical,,Completed,2024-10-07,Reorganization,2023-11-23,2025-03-16
TEAM1483,Delta Squad,PRJ940,2023-10-31,Hybrid,EMP0826,"EMP0526,EMP0696,EMP1900,EMP1931,EMP0513,EMP0423,EMP0591,EMP0826,EMP0659,EMP109",10,"{""HR"": 6, ""Recruiter"": 2, ""People"": 2}","{""Senior"": 5, ""Mid"": 2, ""Junior"": 2, ""Lead"": 1}",92.88,51.94,58.51466482982736,92.7785703396614,79.39,91.87672174501171,76.50918595631524,77.41657014374333,83.41675226092826,7.092559851879205,0.12129794501158811,6.4675499341463025,True,267.58139596295507,False,8.112071810908953,107.44157002452259,7.515797943747292,0.8,92.2137914967524,65.58,0.9505753269194012,Great collaboration,Daily standups critical,False,Completed,2024-05-18,Reorganization,2023-10-31,2025-09-30
TEAM1484,Sigma Unit,PRJ681,2023-12-03,Hybrid,EMP0249,"EMP1725,EMP0251,EMP0249,EMP1398,EMP1243",5,"{""People"": 3, ""HR"": 1, ""Recruiter"": 1}","{""Principal"": 2, ""Mid"": 1, ""Senior"": 1, ""Lead"": 1}",80.66,74.93,62.99365982445423,62.770820675768775,81.08,71.10290243791289,60.41559226768787,85.54873307916687,67.55293340363002,8.213552483693416,0.0,8.81373659236511,True,255.5782041279825,True,7.917431047495283,94.206523674961,7.933913075861632,0.8952660166093072,109.88221114947395,41.27,1.113905023272847,Great collaboration,Daily standups critical,,Completed,2024-10-07,Reorganization,2023-12-03,2025-04-02
TEAM1485,Alpha Squad,PRJ869,2024-08-20,Manual,EMP122,"EMP1005,EMP1710,EMP122,EMP149,EMP009,EMP1714,EMP0919,EMP0327,EMP0975,EMP0544",10,"{""Team"": 6, ""QA"": 2, ""DevOps"": 2}","{""Mid"": 4, ""Senior"": 4, ""Junior"": 2}",98.93,40.3,72.94057606189952,69.57196151342372,68.75,73.37110835430175,98.0,77.0659016416721,71.28327054158768,5.750095769500569,0.0,9.042706367324367,,39.62175114048188,True,9.475751180683865,96.9164105801445,8.914304165917157,1.0985121638028168,94.17307971278979,44.81,3.9149011049204474,,,True,Completed,2024-01-23,Budget Cut,2024-08-20,2025-04-19
TEAM1486,Omega Crew,PRJ496,2023-11-16,Manual,EMP1010,"EMP156,EMP1010,EMP1567",3,"{""HR"": 1, ""Operations"": 2}","{""Principal"": 1, ""Lead"": 2}",100.0,94.97,65.59317108543453,56.50233750908132,67.59,71.18040347061647,61.91123106555318,65.30824890444579,88.03020864804961,7.491896821855861,2.058009717597475,5.342448902702103,True,75.54042861779631,False,8.960474088290484,99.27088676552873,7.713239008319842,0.8,77.44014644326083,57.86,0.0,Exceeded expectations,Need better docs,False,Completed,2023-12-07,Budget Cut,2023-11-16,2024-09-15
TEAM1487,Sigma Force,PRJ161,2025-05-17,Manual,EMP0345,"EMP1041,EMP0845,EMP0345,EMP1242",4,"{""DevOps"": 1, ""Software"": 2, ""Team"": 1}","{""Senior"": 2, ""Mid"": 1, ""Lead"": 1}",92.61,100.0,75.33686158611904,74.50420310359183,77.18,61.00267103160845,65.49537893793648,88.99227459142386,50.201221913068245,6.3413844935610175,3.0,8.779271613018855,,117.13069966759493,False,8.276682481503201,101.43142103469253,,1.3,100.68028154566638,24.2,1.9676230414275675,Great collaboration,Need better docs,False,Completed,2025-04-04,Reorganization,2025-05-17,2025-12-30
TEAM1488,Alpha Unit,PRJ725,2024-11-30,AI-Recommended,EMP0885,"EMP1200,EMP1526,EMP1337,EMP0920,EMP0885,EMP041,EMP1230",7,"{""UI"": 3, ""Graphic"": 2, ""UX"": 2}","{""Lead"": 2, ""Senior"": 3, ""Mid"": 2}",89.98,66.13,55.30687797278041,53.85593942767178,87.22,88.44544286011093,68.48466650396647,92.64925830993326,82.84872228846496,5.793457584798597,2.9651712204998297,7.73272817449139,,196.66241500391152,True,6.538855060116151,98.43943849960124,6.777557696104552,0.8994138465398078,104.94367079136212,53.99,3.0185539223210567,Communication issues resolved,Need better docs,True,Completed,2024-10-20,Budget Cut,2024-11-30,2025-01-05
TEAM1489,Gamma Crew,PRJ575,2024-04-13,AI-Recommended,EMP0778,"EMP0544,EMP0824,EMP0210,EMP1140,EMP0778,EMP1179,EMP1663,EMP1061",8,"{""DevOps"": 1, ""Team"": 2, ""Senior"": 1, ""Software"": 1, ""QA"": 3}","{""Senior"": 4, ""Junior"": 1, ""Mid"": 1, ""Lead"": 2}",86.95,73.28,53.75886547641148,73.52472461691211,87.1,95.68135407329017,50.80509608444657,74.42220249978536,94.94269056250401,6.2303961466234545,1.9531890270358503,6.30598407081523,True,105.46505215003586,True,8.290573525247376,80.03895353649952,9.768651753794012,0.8,73.45508702625092,34.13,1.0569645563608063,,,True,Completed,2024-04-12,Budget Cut,2024-04-13,2026-02-15
TEAM1490,Beta Unit,PRJ090,2022-09-29,AI-Recommended,EMP0303,"EMP0303,EMP1096,EMP0993,EMP0613,EMP0921,EMP0242,EMP023,EMP0371",8,"{""Accountant"": 2, ""Financial"": 1, ""Finance"": 2, ""Logistics"": 1, ""Sales"": 1, ""UI"": 1}","{""Principal"": 3, ""Mid"": 1, ""Senior"": 2, ""Lead"": 2}",100.0,77.82,47.68362106789305,70.28465021264662,80.21,75.44416143241179,46.759187735663915,66.3150014288388,75.59025476462153,8.241470684360811,1.890891880017651,7.82729312187402,True,328.65193386330094,True,9.179854542158536,100.00280888483411,7.456293616906115,0.8966317907192298,84.9909437970285,70.36,5.0,Communication issues resolved,Clear roles helped,True,Completed,2024-06-12,Reorganization,2022-09-29,2026-01-22
TEAM1491,Gamma Force,PRJ427,2022-12-01,Manual,EMP0880,"EMP0880,EMP069,EMP0552,EMP1938,EMP1111,EMP0312",6,"{""Accountant"": 3, ""Finance"": 1, ""Financial"": 1, ""Controller"": 1}","{""Principal"": 2, ""Senior"": 1, ""Mid"": 1, ""Junior"": 2}",97.42,92.58,64.12383666559893,79.05057516070859,70.75,89.30618216629964,47.51503996250159,70.36984503238978,52.745969765610056,7.5372788097290195,0.0,6.493745613399376,True,153.017625957653,True,8.147420596484478,85.03975278651879,6.47616588868195,0.8,70.71475805278178,66.96,1.9725084123098695,Exceeded expectations,Async communication worked well,True,Completed,2023-12-16,Project Complete,2022-12-01,2024-10-16
TEAM1492,Alpha Unit,PRJ884,2024-08-03,Manual,EMP1205,"EMP0583,EMP1293,EMP1163,EMP0830,EMP1994,EMP1205,EMP1112,EMP0504,EMP0847",9,"{""Recruiter"": 4, ""HR"": 3, ""People"": 2}","{""Mid"": 3, ""Senior"": 4, ""Lead"": 2}",97.79,48.73,63.18685654995154,85.48460971409106,74.16,45.50955715470102,91.49973841744672,84.74849692273716,90.34890446032868,5.787360360494551,2.0068773322664004,7.110928758888333,True,269.33739031091466,True,8.949093065095271,124.79905616973036,8.046902611799803,1.3,72.25390643190342,60.22,5.0,Strong execution,Async communication worked well,True,Completed,2025-12-13,Project Complete,2024-08-03,2024-11-02
TEAM1493,Alpha Unit,PRJ031,2025-05-26,Manual,EMP1010,"EMP0870,EMP1244,EMP134,EMP1108,EMP0572,EMP0370,EMP1418,EMP0381,EMP1010",9,"{""Logistics"": 6, ""Project"": 1, ""Operations"": 2}","{""Senior"": 5, ""Lead"": 4}",100.0,30.12,61.65476707326829,85.85941303939728,62.95,45.54432980810487,90.61150550309675,85.92755605415304,89.06209552738355,5.640821665612303,1.9723270462311902,7.074407204495021,True,267.02327225100555,True,8.992848391963062,125.4,7.961526430723829,1.2948736607726836,71.51339395710069,74.68,5.0,Strong execution,Async communication worked well,True,Completed,2025-12-13,Project Complete,2025-05-26,2024-11-09
TEAM1494,Alpha Crew,PRJ720,2024-09-22,Manual,EMP095,"EMP1647,EMP1607,EMP095,EMP1758",4,"{""Product"": 1, ""Graphic"": 2, ""UI"": 1}","{""Lead"": 3, ""Senior"": 1}",99.51,79.03,83.1304764121514,82.28018564966474,52.58,61.206975835382096,47.8220198898586,86.34611961451535,58.99685407882557,7.205514109268204,2.9474349162170563,6.615717906987782,True,116.13916756146116,False,7.247907919693353,99.47468666160675,,1.3,53.83778021676886,61.16,2.8522872021704786,Communication issues resolved,Clear roles helped,,Completed,2025-01-03,Project Complete,2024-09-22,2025-02-09
TEAM1495,Beta Squad,PRJ125,2025-06-19,AI-Recommended,EMP0773,"EMP1573,EMP152,EMP1795,EMP1305,EMP0773,EMP1180,EMP1961,EMP072",8,"{""Accountant"": 1, ""Finance"": 4, ""Controller"": 2, ""Financial"": 1}","{""Principal"": 3, ""Senior"": 3, ""Mid"": 1, ""Junior"": 1}",94.16,70.69,91.3896871638305,63.658530354533895,66.98,98.33310488546815,76.65521581807128,86.12826086346375,57.75477580841191,6.319717854696886,2.9464278917039537,7.1189119159552545,True,257.1221695647871,False,8.21256121170894,109.65115599516643,7.893950988102423,1.3,81.02414338312971,60.23,0.0,Great collaboration,Daily standups critical,False,Completed,2025-10-13,Project Complete,2025-06-19,2025-05-08
TEAM1496,Alpha Unit,PRJ090,2024-08-28,AI-Recommended,EMP0269,"EMP0416,EMP1195,EMP0269",3,"{""Controller"": 2, ""Logistics"": 1}","{""Principal"": 3}",80.65,44.86,86.93121559612796,75.09268612540049,69.94,100.0,83.6512226137987,90.46131580237157,72.62438922918038,9.837320450845535,3.0,9.623971213342445,True,95.82363405929276,True,9.267452078983533,99.90108869648208,6.506914361707752,1.0138814504690703,70.40359955678399,45.45,1.797212747467323,,,True,Completed,2025-07-03,Budget Cut,2024-08-28,2024-09-15
TEAM1497,Alpha Unit,PRJ721,2024-02-16,AI-Recommended,EMP0705,"EMP0705,EMP0638,EMP1106",3,"{""Product"": 1, ""Graphic"": 1, ""UI"": 1}","{""Lead"": 2, ""Senior"": 1}",88.05,87.15,52.43957314470268,82.23652994258529,65.95,60.79987225154534,56.83326647343247,69.23326677803297,70.01827059995985,6.188617052685335,1.9552319852455255,8.412059295239464,True,290.7907489492129,False,9.088882092890268,116.88948057810012,5.475913019344572,1.2102917238789082,93.23733644295831,65.34,4.926994624594383,Strong execution,,False,Completed,2024-05-06,Reorganization,2024-02-16,2024-05-25
TEAM1498,Gamma Crew,PRJ799,2024-05-08,Manual,EMP0489,"EMP1829,EMP1595,EMP0405,EMP0455,EMP0489",5,"{""Team"": 3, ""DevOps"": 1, ""Software"": 1}","{""Mid"": 2, ""Senior"": 2, ""Lead"": 1}",93.62,85.45,77.28532886438973,62.62587253291278,85.02,89.37707537248095,71.34994709570933,68.83388702304735,59.13930883768408,7.643031283826367,2.9187517948810804,7.012393445444531,True,299.33466046399934,False,6.241386154343203,98.72336653240616,,0.9016414541956169,75.51912327436284,28.06,0.0,Great collaboration,,True,Completed,2025-01-18,Reorganization,2024-05-08,2026-04-23
TEAM1499,Omega Team,PRJ840,2023-01-28,Manual,EMP1554,"EMP008,EMP1402,EMP1647,EMP1557,EMP1556,EMP087,EMP1554",7,"{""UI"": 4, ""Graphic"": 2, ""Product"": 1}","{""Lead"": 3, ""Mid"": 3, ""Senior"": 1}",98.71,67.68,77.94709846428303,94.58637350077328,52.91,68.9762964228722,72.87886964219152,71.90991743953933,92.0895754152985,6.501778452827985,1.0225023144541203,7.737037290859195,True,269.5113325685056,True,5.66118212032277,94.50506151194999,7.4812599995122735,1.090946567413639,75.66367035290531,57.99,3.9992092866193962,Strong execution,,True,Completed,2024-06-30,Budget Cut,2023-01-28,2025-12-23
TEAM1500,Alpha Squad,PRJ395,2024-08-25,Manual,EMP1058,"EMP1058,EMP1655,EMP0895,EMP1965,EMP1219,EMP1819,EMP1621",7,"{""Senior"": 2, ""Software"": 1, ""Team"": 3, ""QA"": 1}","{""Lead"": 5, ""Mid"": 1, ""Junior"": 1}",84.69,55.39,90.96173756224982,96.32599382551618,67.41,85.19207880544884,39.38506038508283,77.6851608849527,56.78798868420302,8.037778550517826,1.0375916426425587,7.9634812693490895,True,77.02083403321507,False,7.511100040213265,96.17546939971781,7.599829985731138,1.1007615951533125,98.62120116135736,34.44,4.8810538401238395,Communication issues resolved,Daily standups critical,True,Completed,2024-06-02,Budget Cut,2024-08-25,2024-07-21
