review_id,employee_id,reviewer_id,review_period_start,review_period_end,review_date,review_type,overall_performance_score,normalized_performance_score,technical_competence_score,domain_knowledge_score,problem_solving_score,innovation_score,quality_of_work_score,productivity_score,communication_score,collaboration_score,leadership_score,initiative_score,adaptability_score,reliability_score,time_management_score,tasks_completed,projects_completed,average_task_quality,on_time_delivery_rate,productivity_vs_peers,total_hours_worked,overtime_hours,utilization_rate,strengths,achievements,exceeded_expectations_areas,weaknesses,improvement_areas,development_goals,reviewer_comments,recommended_actions,promotion_recommended,salary_increase_recommended,salary_increase_percentage,training_recommended,training_areas,performance_rating,manager_comments,self_assessment_score,peer_feedback_summary,promotion_readiness,salary_adjustment_recommendation,bonus_recommendation,training_recommendations,next_review_date,follow_up_required,created_at,last_updated
REV0001,EMP035,EMP011,2024-03-18,2024-06-16,2024-06-24,Quarterly,74.6,89.4,5.6,9.0,6.9,6.6,6.1,6.5,6.5,6.6,7.4,6.3,8.1,10.0,6.6,143,1,7.7,86.6,21.7,743.0,2.1,74.3,"Technical expertise,Innovation,Problem solving,Mentoring",Mentored 2 junior team members,"Mentoring,Technical expertise,Time management","Conflict resolution,Strategic thinking",Conflict resolution,"Complete Cloud Architecture, improve conflict resolution",Excellent collaborator who elevates the entire team.,Focus on work-life balance,False,True,7,True,"Cloud Architecture,Communication Workshop,Technical Writing",Outstanding,Excellent collaborator who elevates the entire team.,4.4,Brings strong expertise and shares knowledge freely.,Not Ready,7,0,"Cloud Architecture,Communication Workshop,Technical Writing",2024-09-22,False,2024-06-24 08:45:00,2024-06-24 08:15:00
REV0002,EMP070,EMP053,2026-01-28,2026-04-28,2026-05-03,Project-based,61.7,84.3,7.2,4.7,4.9,5.2,6.7,5.7,6.2,7.1,5.6,7.5,6.2,7.0,8.4,100,1,6.7,64.6,1.1,1207.0,52.6,82.1,"Initiative,Collaboration,Problem solving",Delivered critical feature with zero post-release bugs,"Mentoring,Technical expertise",Work-life balance,Conflict resolution,"Complete AWS Certification, improve documentation",Needs to focus on delivery timelines and communication.,Focus on public speaking,True,False,0,True,Python Advanced,Exceeds Expectations,Shows great initiative and is a reliable team member.,4.4,A pleasure to work with — highly recommended for future teams.,Ready Now,0,0,Python Advanced,2027-05-03,False,2026-05-03 10:45:00,2026-05-03 09:00:00
REV0003,EMP056,EMP024,2023-02-03,2024-01-29,2024-02-12,Annual,63.1,54.3,5.8,6.5,4.8,5.3,6.6,6.2,8.6,6.6,3.9,7.0,7.4,8.9,8.4,81,6,8.0,91.2,-2.3,1341.0,19.0,89.8,"Initiative,Time management,Reliability",Mentored 2 junior team members,Communication,"Conflict resolution,Delegation","Public speaking,Time estimation,Stakeholder management","Complete Agile Course, improve process adherence",Excellent collaborator who elevates the entire team.,Focus on process adherence,False,False,0,True,"PMP Certification,Scrum Master Training",Meets Expectations,Demonstrates strong technical skills with room for soft-skill growth.,5.1,Could improve on proactively sharing updates.,Ready in 6-12 months,0,0,"PMP Certification,Scrum Master Training",2025-02-11,False,2024-02-12 12:00:00,2024-02-12 09:15:00
REV0004,EMP088,EMP046,2024-05-13,2024-08-11,2024-08-22,Project-based,80.5,86.0,6.8,6.9,7.6,7.5,7.2,6.3,6.1,7.4,6.8,7.1,7.6,7.5,7.3,98,3,7.5,95.8,17.2,673.0,4.5,83.1,"Time management,Innovation",Reduced system latency by 40%,Innovation,"Documentation,Conflict resolution,Work-life balance","Work-life balance,Stakeholder management","Complete Communication Workshop, improve public speaking",Outstanding performance this period — exceeds on all fronts.,Focus on strategic thinking,False,True,0,False,"AWS Certification,Agile Course",Needs Improvement,Shows great initiative and is a reliable team member.,8.1,A pleasure to work with — highly recommended for future teams.,Not Ready,0,1000,"AWS Certification,Agile Course",2025-08-22,False,2024-08-22 17:30:00,2024-08-22 09:00:00
REV0005,EMP009,EMP033,2024-05-30,2024-08-28,2024-09-06,Quarterly,96.3,78.6,8.0,9.3,9.0,8.4,10.0,9.1,6.6,5.0,6.3,8.4,6.9,5.3,6.4,38,6,8.5,88.5,-10.1,698.0,43.7,82.6,"Technical expertise,Communication,Adaptability",Led successful product launch ahead of schedule,"Reliability,Innovation","Cross-team communication,Process adherence",Strategic thinking,"Complete Communication Workshop, improve time estimation",Excellent collaborator who elevates the entire team.,Focus on conflict resolution,False,True,0,True,"Data Analysis Bootcamp,Technical Writing",Meets Expectations,Needs to focus on delivery timelines and communication.,8.5,Could improve on proactively sharing updates.,Not Ready,0,10000,"Data Analysis Bootcamp,Technical Writing",2024-12-05,True,2024-09-06 16:45:00,2024-09-06 08:00:00
REV0006,EMP036,EMP058,2023-07-21,2023-10-19,2023-11-06,Quarterly,90.2,93.2,6.8,9.3,8.1,8.9,8.2,8.3,7.4,6.3,8.2,5.5,6.6,8.0,6.4,66,4,8.3,98.5,12.2,1105.0,18.0,75.0,"Technical expertise,Innovation,Time management,Mentoring",Won internal hackathon with innovative prototype,"Communication,Technical expertise","Process adherence,Strategic thinking,Work-life balance","Stakeholder management,Delegation","Complete Leadership Training, improve conflict resolution",Shows great initiative and is a reliable team member.,Focus on delegation,False,True,10,True,Technical Writing,Meets Expectations,Excellent collaborator who elevates the entire team.,7.7,Reliable and communicates blockers early.,Not Ready,10,1000,Technical Writing,2024-02-04,False,2023-11-06 16:00:00,2023-11-06 11:45:00
REV0007,EMP046,EMP032,2023-08-30,2023-11-28,2023-12-10,Quarterly,81.3,78.8,6.3,8.1,7.7,7.5,6.6,7.5,5.0,4.7,6.7,8.1,7.3,7.4,6.8,96,6,6.6,79.3,5.1,1331.0,48.9,90.1,"Initiative,Time management",Resolved major production incident within SLA,"Collaboration,Communication,Mentoring","Stakeholder management,Time estimation,Delegation",Public speaking,"Complete Leadership Training, improve delegation",A dependable contributor who meets expectations consistently.,Focus on time estimation,False,True,10,True,"Communication Workshop,Leadership Training,Technical Writing",Exceeds Expectations,A dependable contributor who meets expectations consistently.,7.2,"Great collaborator, always willing to help the team.",Ready in 6-12 months,10,1000,"Communication Workshop,Leadership Training,Technical Writing",2024-03-09,False,2023-12-10 08:15:00,2023-12-10 17:15:00
REV0008,EMP100,EMP021,2024-04-26,2025-04-21,2025-05-07,Annual,58.9,42.7,5.9,5.0,5.7,4.2,4.6,5.4,4.7,6.9,4.3,7.7,8.2,6.6,7.5,33,6,8.4,92.8,2.6,1164.0,5.1,84.0,"Innovation,Adaptability,Problem solving,Time management",Reduced system latency by 40%,"Innovation,Reliability,Mentoring","Strategic thinking,Time estimation","Strategic thinking,Time estimation,Stakeholder management","Complete Communication Workshop, improve stakeholder management",Has significant potential for growth with focused development.,Focus on time estimation,False,False,0,True,Scrum Master Training,Needs Improvement,Strong performer who consistently delivers high-quality work.,5.2,"Strong technical contributor, great pair-programming partner.",Ready in 6-12 months,0,0,Scrum Master Training,2026-05-07,False,2025-05-07 17:45:00,2025-05-07 17:00:00
REV0009,EMP024,EMP097,2024-01-22,2024-04-21,2024-05-03,Quarterly,58.2,63.9,5.6,6.3,5.6,5.6,5.8,7.7,4.8,6.4,8.6,6.4,8.0,7.7,9.5,41,8,6.4,96.7,21.0,713.0,30.3,85.8,"Problem solving,Leadership,Time management,Adaptability",Automated deployment pipeline saving 5hrs/week,"Technical expertise,Collaboration",Public speaking,Delegation,"Complete AWS Certification, improve strategic thinking",Outstanding performance this period — exceeds on all fronts.,Focus on time estimation,False,False,0,True,"AWS Certification,Leadership Training",Meets Expectations,Outstanding performance this period — exceeds on all fronts.,4.0,Could improve on proactively sharing updates.,Not Ready,0,0,"AWS Certification,Leadership Training",2024-08-01,False,2024-05-03 14:30:00,2024-05-03 16:45:00
REV0010,EMP013,EMP076,2025-05-10,2025-08-08,2025-08-20,Quarterly,62.4,57.6,7.0,6.2,8.0,5.3,5.6,5.5,6.5,4.8,6.2,4.3,7.5,6.3,5.9,56,8,6.8,79.5,0.1,659.0,0.2,81.9,"Collaboration,Technical expertise",Mentored 2 junior team members,"Communication,Innovation","Conflict resolution,Public speaking",Public speaking,"Complete Python Advanced, improve public speaking",Has significant potential for growth with focused development.,Focus on stakeholder management,False,False,0,True,"Cloud Architecture,Technical Writing",Exceeds Expectations,Outstanding performance this period — exceeds on all fronts.,5.1,Brings strong expertise and shares knowledge freely.,Ready in 6-12 months,0,0,"Cloud Architecture,Technical Writing",2025-11-18,True,2025-08-20 08:00:00,2025-08-20 13:15:00
REV0011,EMP025,EMP066,2024-09-20,2024-12-19,2025-01-01,Quarterly,85.8,78.2,7.1,7.6,6.9,7.4,7.9,5.9,7.0,8.4,5.9,6.0,5.5,5.6,8.0,87,5,7.3,91.3,18.4,790.0,9.3,80.2,"Innovation,Adaptability",Automated deployment pipeline saving 5hrs/week,Innovation,"Process adherence,Time estimation,Documentation",Conflict resolution,"Complete Cloud Architecture, improve process adherence",Needs to focus on delivery timelines and communication.,Focus on public speaking,False,True,3,True,AWS Certification,Needs Improvement,Demonstrates strong technical skills with room for soft-skill growth.,7.9,Could improve on proactively sharing updates.,Not Ready,3,2000,AWS Certification,2025-04-01,False,2025-01-01 15:45:00,2025-01-01 18:30:00
REV0012,EMP012,EMP085,2025-11-02,2026-01-31,2026-02-17,Quarterly,64.0,72.5,5.1,3.8,4.9,5.0,7.0,5.4,7.6,7.0,8.2,8.2,8.3,5.8,7.2,62,6,8.3,86.6,7.6,1308.0,3.2,73.6,"Communication,Mentoring,Technical expertise",Improved test coverage from 45% to 82%,Collaboration,"Process adherence,Stakeholder management","Documentation,Time estimation,Public speaking","Complete AWS Certification, improve strategic thinking",Outstanding performance this period — exceeds on all fronts.,Focus on work-life balance,False,False,0,True,"Scrum Master Training,Communication Workshop,Leadership Training",Meets Expectations,Needs to focus on delivery timelines and communication.,5.9,A pleasure to work with — highly recommended for future teams.,Not Ready,0,0,"Scrum Master Training,Communication Workshop,Leadership Training",2026-05-18,True,2026-02-17 11:45:00,2026-02-17 12:00:00
REV0013,EMP051,EMP005,2023-06-18,2024-06-12,2024-06-21,Annual,100.0,93.1,7.3,9.8,9.9,9.7,9.5,9.9,9.2,6.4,5.2,5.5,6.7,8.9,7.6,45,8,8.0,60.2,-8.3,738.0,21.8,98.0,"Leadership,Initiative",Won internal hackathon with innovative prototype,Reliability,Documentation,"Delegation,Time estimation","Complete Cloud Architecture, improve conflict resolution",Demonstrates strong technical skills with room for soft-skill growth.,Focus on work-life balance,False,True,7,True,"AWS Certification,Cloud Architecture",Exceeds Expectations,Needs to focus on delivery timelines and communication.,7.8,"Great collaborator, always willing to help the team.",Ready in 6-12 months,7,10000,"AWS Certification,Cloud Architecture",2025-06-21,False,2024-06-21 17:45:00,2024-06-21 09:45:00
REV0014,EMP020,EMP025,2024-01-07,2025-01-01,2025-01-09,Annual,80.4,68.8,6.4,6.9,7.4,6.5,6.2,8.4,6.8,6.4,8.1,5.4,5.2,8.8,9.3,42,2,7.0,81.4,-13.8,1229.0,0.7,90.5,"Time management,Innovation,Collaboration,Reliability",Reduced system latency by 40%,"Innovation,Communication","Process adherence,Stakeholder management,Documentation","Stakeholder management,Cross-team communication,Documentation","Complete Scrum Master Training, improve strategic thinking",Demonstrates strong technical skills with room for soft-skill growth.,Focus on conflict resolution,False,True,5,True,"Communication Workshop,Leadership Training,Technical Writing",Needs Improvement,Demonstrates strong technical skills with room for soft-skill growth.,7.3,Could improve on proactively sharing updates.,Not Ready,5,0,"Communication Workshop,Leadership Training,Technical Writing",2026-01-09,True,2025-01-09 18:00:00,2025-01-09 11:15:00
REV0015,EMP039,EMP069,2025-02-05,2026-01-31,2026-02-15,Annual,55.6,61.0,3.4,4.7,5.0,4.9,5.2,5.9,5.2,5.6,7.2,4.4,7.2,6.3,8.9,83,7,7.8,79.4,14.7,1084.0,9.0,77.1,"Leadership,Mentoring",Resolved major production incident within SLA,"Time management,Technical expertise,Attention to detail",Cross-team communication,Public speaking,"Complete Data Analysis Bootcamp, improve work-life balance",Excellent collaborator who elevates the entire team.,Focus on delegation,False,False,0,False,"Agile Course,Python Advanced",Meets Expectations,Strong performer who consistently delivers high-quality work.,4.6,Brings strong expertise and shares knowledge freely.,Not Ready,0,0,"Agile Course,Python Advanced",2027-02-15,True,2026-02-15 08:45:00,2026-02-15 08:30:00
REV0016,EMP091,EMP033,2023-03-13,2024-03-07,2024-03-23,Annual,85.2,87.5,8.6,6.1,7.6,5.9,7.6,9.8,7.4,8.2,9.2,8.2,6.5,6.2,7.0,133,7,6.9,63.7,2.9,1108.0,83.1,87.5,"Reliability,Technical expertise",Resolved major production incident within SLA,"Mentoring,Communication,Initiative",Strategic thinking,"Work-life balance,Strategic thinking,Stakeholder management","Complete Agile Course, improve conflict resolution",Excellent collaborator who elevates the entire team.,Focus on delegation,False,True,3,True,"AWS Certification,Data Analysis Bootcamp,Leadership Training",Outstanding,Excellent collaborator who elevates the entire team.,8.1,"Strong technical contributor, great pair-programming partner.",Ready in 6-12 months,3,10000,"AWS Certification,Data Analysis Bootcamp,Leadership Training",2025-03-23,False,2024-03-23 11:30:00,2024-03-23 18:45:00
REV0017,EMP066,EMP004,2022-06-15,2023-06-10,2023-06-30,Annual,84.7,89.1,7.1,8.5,7.6,5.8,7.7,8.1,7.3,8.4,4.5,5.8,7.7,6.8,7.3,48,3,5.1,100.0,-3.2,1081.0,50.2,84.5,"Leadership,Collaboration",Won internal hackathon with innovative prototype,"Mentoring,Collaboration","Conflict resolution,Stakeholder management,Cross-team communication",Process adherence,"Complete Data Analysis Bootcamp, improve work-life balance",Demonstrates strong technical skills with room for soft-skill growth.,Focus on conflict resolution,True,True,15,True,"Scrum Master Training,AWS Certification,Leadership Training",Exceeds Expectations,Shows great initiative and is a reliable team member.,7.9,Could improve on proactively sharing updates.,Ready Now,15,2000,"Scrum Master Training,AWS Certification,Leadership Training",2024-06-29,False,2023-06-30 09:30:00,2023-06-30 12:30:00
REV0018,EMP036,EMP043,2024-01-02,2024-04-01,2024-04-12,Quarterly,94.3,78.6,8.5,9.5,10.0,8.1,10.0,8.4,8.1,8.4,5.9,5.9,8.3,7.0,5.9,53,4,6.8,75.6,10.3,1320.0,0.4,92.3,"Innovation,Reliability,Time management,Communication",Improved test coverage from 45% to 82%,"Innovation,Initiative","Documentation,Process adherence,Conflict resolution","Documentation,Delegation,Strategic thinking","Complete Communication Workshop, improve work-life balance",Shows great initiative and is a reliable team member.,Focus on process adherence,False,True,15,False,"Technical Writing,PMP Certification,Data Analysis Bootcamp",Meets Expectations,Has significant potential for growth with focused development.,9.0,"Strong technical contributor, great pair-programming partner.",Ready in 6-12 months,15,10000,"Technical Writing,PMP Certification,Data Analysis Bootcamp",2024-07-11,True,2024-04-12 12:15:00,2024-04-12 18:30:00
REV0019,EMP084,EMP017,2023-10-16,2024-01-14,2024-01-30,Project-based,89.0,91.8,8.6,8.5,7.3,7.6,7.4,8.1,5.0,5.4,6.2,6.1,7.1,7.4,7.0,72,5,8.1,76.4,-2.6,936.0,17.4,91.6,"Time management,Collaboration,Adaptability",Resolved major production incident within SLA,Reliability,"Process adherence,Public speaking","Stakeholder management,Public speaking,Process adherence","Complete Communication Workshop, improve work-life balance",Has significant potential for growth with focused development.,Focus on time estimation,False,True,7,True,Scrum Master Training,Needs Improvement,Excellent collaborator who elevates the entire team.,8.8,Reliable and communicates blockers early.,Not Ready,7,0,Scrum Master Training,2025-01-29,False,2024-01-30 14:45:00,2024-01-30 10:30:00
REV0020,EMP092,EMP032,2025-01-21,2025-04-21,2025-04-28,Quarterly,66.9,67.3,6.9,5.5,5.9,6.3,5.9,6.7,5.2,7.1,6.6,6.8,5.2,8.7,6.0,139,6,7.8,82.1,12.0,1105.0,14.9,100.0,"Time management,Reliability",Resolved major production incident within SLA,"Leadership,Communication",Documentation,"Time estimation,Process adherence,Public speaking","Complete Agile Course, improve stakeholder management",Strong performer who consistently delivers high-quality work.,Focus on documentation,False,False,0,True,"Scrum Master Training,Cloud Architecture",Exceeds Expectations,Excellent collaborator who elevates the entire team.,7.1,"Strong technical contributor, great pair-programming partner.",Not Ready,0,0,"Scrum Master Training,Cloud Architecture",2025-07-27,False,2025-04-28 13:00:00,2025-04-28 13:15:00
REV0021,EMP003,EMP004,2023-02-15,2024-02-10,2024-02-22,Annual,74.2,69.4,7.0,8.0,5.6,6.3,6.2,7.5,4.8,7.2,7.0,5.7,6.3,7.5,8.1,103,5,6.5,71.7,13.5,703.0,2.7,71.5,"Attention to detail,Adaptability,Collaboration",Led successful product launch ahead of schedule,"Collaboration,Mentoring",Public speaking,"Work-life balance,Stakeholder management,Strategic thinking","Complete Scrum Master Training, improve time estimation",Outstanding performance this period — exceeds on all fronts.,Focus on documentation,False,True,3,True,"Technical Writing,PMP Certification",Meets Expectations,Excellent collaborator who elevates the entire team.,6.1,Brings strong expertise and shares knowledge freely.,Ready in 6-12 months,3,0,"Technical Writing,PMP Certification",2025-02-21,True,2024-02-22 10:15:00,2024-02-22 08:15:00
REV0022,EMP016,EMP054,2025-09-19,2025-12-18,2025-12-24,Project-based,80.3,89.3,7.1,8.0,7.2,8.9,8.6,6.1,7.6,6.3,6.8,6.9,5.8,8.6,7.2,111,5,7.2,76.7,1.7,1217.0,11.2,85.0,"Technical expertise,Adaptability,Initiative,Problem solving",Won internal hackathon with innovative prototype,"Innovation,Problem solving","Documentation,Stakeholder management,Public speaking","Conflict resolution,Process adherence,Time estimation","Complete Communication Workshop, improve documentation",Has significant potential for growth with focused development.,Focus on cross-team communication,False,True,5,True,"Scrum Master Training,AWS Certification",Meets Expectations,Shows great initiative and is a reliable team member.,7.8,A pleasure to work with — highly recommended for future teams.,Not Ready,5,10000,"Scrum Master Training,AWS Certification",2026-12-24,True,2025-12-24 17:00:00,2025-12-24 12:00:00
REV0023,EMP014,EMP077,2025-05-03,2026-04-28,2026-05-09,Annual,74.9,72.7,7.9,6.5,6.4,6.8,6.5,8.7,6.7,7.6,7.9,8.7,6.2,7.1,8.5,66,5,8.3,94.9,-16.4,1265.0,12.6,76.0,"Time management,Innovation",Resolved major production incident within SLA,Initiative,"Time estimation,Documentation","Strategic thinking,Delegation","Complete Leadership Training, improve documentation",Shows great initiative and is a reliable team member.,Focus on public speaking,False,True,0,True,"AWS Certification,Cloud Architecture,Technical Writing",Meets Expectations,Demonstrates strong technical skills with room for soft-skill growth.,7.3,"Strong technical contributor, great pair-programming partner.",Ready in 6-12 months,0,0,"AWS Certification,Cloud Architecture,Technical Writing",2027-05-09,False,2026-05-09 11:45:00,2026-05-09 12:30:00
REV0024,EMP060,EMP006,2025-02-05,2026-01-31,2026-02-08,Annual,43.9,60.5,2.6,3.0,3.8,1.0,4.6,1.8,6.9,7.2,7.3,6.7,9.2,7.7,8.3,59,1,6.8,83.4,18.6,1282.0,93.3,91.7,"Reliability,Time management,Innovation",Led successful product launch ahead of schedule,Reliability,"Public speaking,Stakeholder management,Documentation","Time estimation,Strategic thinking,Work-life balance","Complete Technical Writing, improve stakeholder management",Outstanding performance this period — exceeds on all fronts.,Focus on cross-team communication,False,False,0,False,"AWS Certification,PMP Certification",Meets Expectations,Needs to focus on delivery timelines and communication.,4.5,Reliable and communicates blockers early.,Not Ready,0,0,"AWS Certification,PMP Certification",2027-02-08,True,2026-02-08 14:45:00,2026-02-08 14:15:00
REV0025,EMP015,EMP024,2024-12-01,2025-11-26,2025-12-02,Annual,81.9,62.7,5.5,7.7,8.4,5.3,8.0,8.1,4.3,6.2,5.9,6.6,6.2,6.7,9.0,55,2,7.4,73.7,-0.5,933.0,79.1,85.2,"Mentoring,Adaptability,Initiative,Communication",Reduced system latency by 40%,"Mentoring,Problem solving","Cross-team communication,Strategic thinking,Documentation","Process adherence,Documentation","Complete AWS Certification, improve conflict resolution",Shows great initiative and is a reliable team member.,Focus on cross-team communication,True,True,15,True,"PMP Certification,Leadership Training,Communication Workshop",Needs Improvement,Excellent collaborator who elevates the entire team.,7.6,Could improve on proactively sharing updates.,Ready Now,15,2000,"PMP Certification,Leadership Training,Communication Workshop",2026-12-02,True,2025-12-02 13:45:00,2025-12-02 10:00:00
REV0026,EMP002,EMP030,2023-09-15,2024-09-09,2024-09-29,Annual,70.2,68.8,6.7,5.5,6.8,7.4,6.6,6.0,5.4,8.9,4.9,7.8,7.7,7.3,6.7,141,3,5.7,86.0,7.4,660.0,1.6,76.6,"Time management,Leadership,Initiative",Delivered critical feature with zero post-release bugs,"Reliability,Innovation,Initiative","Documentation,Work-life balance",Public speaking,"Complete Technical Writing, improve process adherence",Strong performer who consistently delivers high-quality work.,Focus on public speaking,False,True,0,True,"Technical Writing,AWS Certification,Cloud Architecture",Outstanding,Outstanding performance this period — exceeds on all fronts.,8.1,Could improve on proactively sharing updates.,Not Ready,0,0,"Technical Writing,AWS Certification,Cloud Architecture",2025-09-29,False,2024-09-29 08:00:00,2024-09-29 09:30:00
REV0027,EMP066,EMP091,2023-09-30,2023-12-29,2024-01-17,Quarterly,88.3,70.0,7.6,8.2,8.9,6.7,9.8,6.3,6.3,7.1,6.2,5.3,7.5,7.9,7.1,102,6,7.8,76.9,-19.4,1260.0,22.5,86.9,"Mentoring,Time management",Resolved major production incident within SLA,Problem solving,"Stakeholder management,Process adherence,Strategic thinking","Delegation,Documentation,Strategic thinking","Complete PMP Certification, improve conflict resolution",Outstanding performance this period — exceeds on all fronts.,Focus on public speaking,True,True,3,False,"Python Advanced,PMP Certification,AWS Certification",Meets Expectations,Demonstrates strong technical skills with room for soft-skill growth.,7.5,A pleasure to work with — highly recommended for future teams.,Ready Now,3,5000,"Python Advanced,PMP Certification,AWS Certification",2024-04-16,False,2024-01-17 11:15:00,2024-01-17 09:45:00
REV0028,EMP028,EMP073,2025-09-19,2025-12-18,2025-12-29,Project-based,75.7,79.1,6.8,5.8,5.9,7.2,8.0,7.9,7.3,5.9,6.5,8.7,7.7,7.3,7.8,101,2,6.2,73.7,-13.0,1206.0,47.1,80.3,"Reliability,Initiative",Reduced system latency by 40%,"Technical expertise,Attention to detail","Public speaking,Process adherence,Work-life balance","Documentation,Work-life balance,Cross-team communication","Complete Cloud Architecture, improve process adherence",A dependable contributor who meets expectations consistently.,Focus on work-life balance,False,True,15,True,"Agile Course,Cloud Architecture,Python Advanced",Needs Improvement,Outstanding performance this period — exceeds on all fronts.,7.1,Could improve on proactively sharing updates.,Not Ready,15,10000,"Agile Course,Cloud Architecture,Python Advanced",2026-12-29,False,2025-12-29 17:15:00,2025-12-29 12:45:00
REV0029,EMP044,EMP046,2024-06-08,2024-09-06,2024-09-15,Quarterly,43.3,52.7,3.3,2.5,2.6,1.8,4.1,4.1,7.1,7.8,8.2,6.1,7.4,5.9,8.7,50,7,6.3,73.5,-7.2,1082.0,62.6,85.1,"Attention to detail,Collaboration,Initiative,Time management",Delivered critical feature with zero post-release bugs,"Initiative,Collaboration,Time management","Work-life balance,Delegation,Stakeholder management","Time estimation,Stakeholder management,Strategic thinking","Complete AWS Certification, improve strategic thinking",Strong performer who consistently delivers high-quality work.,Focus on work-life balance,False,False,0,True,"Technical Writing,Scrum Master Training,Data Analysis Bootcamp",Needs Improvement,Shows great initiative and is a reliable team member.,3.2,"Great collaborator, always willing to help the team.",Not Ready,0,0,"Technical Writing,Scrum Master Training,Data Analysis Bootcamp",2024-12-14,True,2024-09-15 14:15:00,2024-09-15 08:00:00
REV0030,EMP026,EMP043,2024-08-13,2025-08-08,2025-08-18,Annual,75.4,69.4,5.5,8.6,7.4,9.2,6.2,7.7,7.9,6.9,8.5,6.3,6.6,4.0,7.5,88,5,6.2,75.4,-12.3,717.0,48.3,59.0,"Initiative,Collaboration",Led successful product launch ahead of schedule,"Mentoring,Problem solving",Work-life balance,"Work-life balance,Delegation,Cross-team communication","Complete Communication Workshop, improve work-life balance",Strong performer who consistently delivers high-quality work.,Focus on documentation,True,True,15,True,"Data Analysis Bootcamp,Leadership Training,Scrum Master Training",Exceeds Expectations,Demonstrates strong technical skills with room for soft-skill growth.,7.0,Brings strong expertise and shares knowledge freely.,Ready Now,15,2000,"Data Analysis Bootcamp,Leadership Training,Scrum Master Training",2026-08-18,False,2025-08-18 17:45:00,2025-08-18 11:30:00
REV0031,EMP097,EMP093,2023-12-17,2024-12-11,2024-12-22,Annual,86.1,81.1,7.0,8.2,7.9,8.3,7.4,6.3,7.8,4.4,5.5,5.6,5.9,6.8,8.5,64,5,8.3,79.0,13.6,959.0,9.0,96.9,"Problem solving,Communication,Reliability,Attention to detail",Led successful product launch ahead of schedule,"Collaboration,Attention to detail",Cross-team communication,"Time estimation,Stakeholder management","Complete Cloud Architecture, improve conflict resolution",A dependable contributor who meets expectations consistently.,Focus on stakeholder management,True,True,3,False,PMP Certification,Meets Expectations,Strong performer who consistently delivers high-quality work.,7.0,"Strong technical contributor, great pair-programming partner.",Ready Now,3,0,PMP Certification,2025-12-22,False,2024-12-22 17:30:00,2024-12-22 15:30:00
REV0032,EMP010,EMP047,2023-09-26,2024-09-20,2024-10-02,Annual,100.0,80.8,8.6,9.3,10.0,8.8,9.5,8.6,7.7,7.3,4.3,7.8,8.1,8.3,7.0,62,2,6.5,54.3,1.9,1229.0,67.5,90.3,"Innovation,Attention to detail",Delivered critical feature with zero post-release bugs,Reliability,"Cross-team communication,Public speaking,Strategic thinking","Strategic thinking,Stakeholder management","Complete Data Analysis Bootcamp, improve delegation",Excellent collaborator who elevates the entire team.,Focus on documentation,False,True,5,False,"Python Advanced,Technical Writing,Leadership Training",Meets Expectations,A dependable contributor who meets expectations consistently.,9.8,Could improve on proactively sharing updates.,Ready in 6-12 months,5,5000,"Python Advanced,Technical Writing,Leadership Training",2025-10-02,False,2024-10-02 09:45:00,2024-10-02 12:30:00
REV0033,EMP004,EMP085,2024-03-20,2024-06-18,2024-07-07,Probationary,86.0,82.3,7.4,8.4,7.3,7.8,6.8,6.7,8.3,8.2,7.4,6.9,4.4,7.4,7.5,139,1,7.0,73.5,17.3,837.0,0.6,69.8,"Leadership,Time management,Attention to detail,Problem solving",Led successful product launch ahead of schedule,"Problem solving,Leadership,Reliability",Time estimation,"Cross-team communication,Public speaking,Delegation","Complete Python Advanced, improve cross-team communication",Strong performer who consistently delivers high-quality work.,Focus on time estimation,False,True,5,False,"AWS Certification,Agile Course,Leadership Training",Exceeds Expectations,Demonstrates strong technical skills with room for soft-skill growth.,7.5,A pleasure to work with — highly recommended for future teams.,Ready in 6-12 months,5,0,"AWS Certification,Agile Course,Leadership Training",2025-07-07,False,2024-07-07 09:15:00,2024-07-07 12:45:00
REV0034,EMP050,EMP069,2025-01-21,2025-04-21,2025-05-08,Quarterly,100.0,87.7,8.9,9.3,9.3,9.9,8.3,8.8,5.7,6.1,7.0,7.8,6.3,8.3,8.3,125,6,9.4,82.8,-7.7,614.0,8.5,74.7,"Problem solving,Attention to detail,Technical expertise,Initiative",Automated deployment pipeline saving 5hrs/week,"Problem solving,Collaboration,Reliability","Stakeholder management,Documentation,Public speaking","Public speaking,Conflict resolution,Process adherence","Complete Scrum Master Training, improve cross-team communication",Demonstrates strong technical skills with room for soft-skill growth.,Focus on time estimation,False,True,3,True,"Leadership Training,Technical Writing,Agile Course",Meets Expectations,Demonstrates strong technical skills with room for soft-skill growth.,8.0,"Strong technical contributor, great pair-programming partner.",Ready in 6-12 months,3,5000,"Leadership Training,Technical Writing,Agile Course",2025-08-06,False,2025-05-08 18:30:00,2025-05-08 08:15:00
REV0035,EMP016,EMP005,2025-09-19,2025-12-18,2025-12-23,Quarterly,75.0,78.4,6.2,7.7,8.6,5.5,6.5,6.7,7.6,7.0,8.4,8.2,5.7,8.0,8.8,115,2,7.0,78.5,-6.3,844.0,8.1,88.4,"Initiative,Time management,Leadership,Innovation",Reduced system latency by 40%,Adaptability,"Work-life balance,Time estimation,Stakeholder management","Delegation,Public speaking","Complete Agile Course, improve stakeholder management",Shows great initiative and is a reliable team member.,Focus on conflict resolution,False,True,10,False,Python Advanced,Exceeds Expectations,Shows great initiative and is a reliable team member.,6.8,Brings strong expertise and shares knowledge freely.,Not Ready,10,0,Python Advanced,2026-03-23,False,2025-12-23 17:45:00,2025-12-23 13:30:00
REV0036,EMP017,EMP042,2022-09-16,2023-09-11,2023-09-25,Annual,100.0,77.6,8.5,10.0,8.0,6.5,8.4,8.5,4.9,7.1,7.8,5.3,7.1,7.9,6.9,32,4,7.7,84.4,-9.8,854.0,24.4,72.0,"Time management,Adaptability,Collaboration",Automated deployment pipeline saving 5hrs/week,"Communication,Technical expertise","Stakeholder management,Time estimation,Strategic thinking","Delegation,Stakeholder management","Complete Scrum Master Training, improve conflict resolution",Demonstrates strong technical skills with room for soft-skill growth.,Focus on process adherence,False,True,7,True,"Agile Course,PMP Certification",Outstanding,Shows great initiative and is a reliable team member.,9.8,Brings strong expertise and shares knowledge freely.,Not Ready,7,5000,"Agile Course,PMP Certification",2024-09-24,True,2023-09-25 18:00:00,2023-09-25 12:15:00
REV0037,EMP069,EMP033,2023-03-02,2024-02-25,2024-03-03,Annual,86.9,83.1,6.5,8.7,8.6,5.6,7.7,8.1,9.0,8.0,5.3,8.8,7.0,7.2,6.6,34,1,5.9,80.7,6.0,1280.0,45.8,90.6,"Technical expertise,Adaptability,Reliability,Innovation",Resolved major production incident within SLA,"Communication,Time management,Innovation","Delegation,Documentation,Conflict resolution",Stakeholder management,"Complete Data Analysis Bootcamp, improve time estimation",Excellent collaborator who elevates the entire team.,Focus on stakeholder management,True,True,5,False,"Python Advanced,Cloud Architecture",Meets Expectations,Has significant potential for growth with focused development.,7.1,A pleasure to work with — highly recommended for future teams.,Ready Now,5,10000,"Python Advanced,Cloud Architecture",2025-03-03,False,2024-03-03 10:45:00,2024-03-03 10:15:00
REV0038,EMP073,EMP093,2022-11-02,2023-10-28,2023-11-17,Annual,69.3,74.5,6.6,6.5,4.7,5.3,7.6,5.9,7.0,7.1,8.7,8.3,7.9,6.5,7.4,106,1,8.1,73.6,-10.4,775.0,7.1,84.3,"Leadership,Problem solving,Collaboration",Delivered critical feature with zero post-release bugs,"Time management,Innovation,Mentoring","Delegation,Documentation","Documentation,Stakeholder management","Complete PMP Certification, improve public speaking",Outstanding performance this period — exceeds on all fronts.,Focus on cross-team communication,False,False,0,True,"Python Advanced,Data Analysis Bootcamp,Cloud Architecture",Exceeds Expectations,A dependable contributor who meets expectations consistently.,5.7,A pleasure to work with — highly recommended for future teams.,Ready in 6-12 months,0,0,"Python Advanced,Data Analysis Bootcamp,Cloud Architecture",2024-11-16,False,2023-11-17 18:00:00,2023-11-17 16:30:00
REV0039,EMP049,EMP036,2025-08-28,2025-11-26,2025-12-13,Quarterly,78.0,76.4,5.8,7.3,8.5,7.2,7.2,8.6,6.8,6.5,6.7,7.7,5.1,7.8,8.0,105,6,7.2,95.3,7.7,989.0,15.1,71.6,"Adaptability,Technical expertise,Attention to detail",Reduced system latency by 40%,Problem solving,Process adherence,"Conflict resolution,Delegation,Time estimation","Complete Agile Course, improve time estimation",Needs to focus on delivery timelines and communication.,Focus on process adherence,False,True,7,True,"Cloud Architecture,AWS Certification",Meets Expectations,Needs to focus on delivery timelines and communication.,7.6,Brings strong expertise and shares knowledge freely.,Ready in 6-12 months,7,2000,"Cloud Architecture,AWS Certification",2026-03-13,True,2025-12-13 17:15:00,2025-12-13 18:45:00
REV0040,EMP003,EMP042,2023-04-16,2023-07-15,2023-07-24,Quarterly,71.2,65.6,6.0,4.9,5.8,5.9,7.1,6.5,7.3,6.8,8.9,5.6,6.2,7.0,7.7,56,3,6.5,83.6,2.0,1104.0,28.9,81.7,"Adaptability,Communication",Improved test coverage from 45% to 82%,Attention to detail,Time estimation,"Stakeholder management,Documentation","Complete Data Analysis Bootcamp, improve public speaking",Has significant potential for growth with focused development.,Focus on delegation,False,True,7,True,Technical Writing,Meets Expectations,Outstanding performance this period — exceeds on all fronts.,6.0,A pleasure to work with — highly recommended for future teams.,Not Ready,7,0,Technical Writing,2023-10-22,False,2023-07-24 10:15:00,2023-07-24 17:30:00
REV0041,EMP022,EMP052,2026-01-28,2026-04-28,2026-05-17,Quarterly,74.1,98.8,7.7,6.3,6.1,7.3,5.8,5.5,7.8,7.2,8.0,4.2,5.5,7.5,7.5,32,4,8.3,84.1,2.0,903.0,34.5,100.0,"Problem solving,Technical expertise",Won internal hackathon with innovative prototype,Adaptability,Work-life balance,Time estimation,"Complete Technical Writing, improve stakeholder management",Strong performer who consistently delivers high-quality work.,Focus on cross-team communication,False,True,15,False,"Leadership Training,Python Advanced,AWS Certification",Exceeds Expectations,Outstanding performance this period — exceeds on all fronts.,5.8,Reliable and communicates blockers early.,Not Ready,15,0,"Leadership Training,Python Advanced,AWS Certification",2026-08-15,False,2026-05-17 08:45:00,2026-05-17 11:45:00
REV0042,EMP099,EMP056,2023-05-30,2024-05-24,2024-06-01,Annual,58.4,74.2,5.4,6.9,5.0,5.3,4.7,5.0,7.1,5.5,4.5,7.5,6.8,6.9,6.1,123,3,6.8,83.4,5.3,804.0,20.3,69.1,"Problem solving,Collaboration",Delivered critical feature with zero post-release bugs,Initiative,"Work-life balance,Cross-team communication,Conflict resolution","Documentation,Work-life balance,Public speaking","Complete Python Advanced, improve documentation",Outstanding performance this period — exceeds on all fronts.,Focus on stakeholder management,False,False,0,False,"Communication Workshop,PMP Certification",Exceeds Expectations,Demonstrates strong technical skills with room for soft-skill growth.,3.8,Reliable and communicates blockers early.,Not Ready,0,0,"Communication Workshop,PMP Certification",2025-06-01,False,2024-06-01 16:45:00,2024-06-01 17:30:00
REV0043,EMP079,EMP043,2025-06-23,2025-09-21,2025-10-08,Quarterly,60.6,45.6,6.4,5.3,6.1,7.5,5.7,4.7,6.6,6.3,7.1,5.8,6.5,6.2,6.8,67,7,7.7,49.8,3.1,1042.0,0.5,100.0,"Mentoring,Communication,Time management,Attention to detail",Automated deployment pipeline saving 5hrs/week,"Innovation,Communication,Problem solving","Process adherence,Conflict resolution,Work-life balance","Delegation,Process adherence,Time estimation","Complete AWS Certification, improve delegation",Strong performer who consistently delivers high-quality work.,Focus on public speaking,False,False,0,True,"Scrum Master Training,PMP Certification,Leadership Training",Exceeds Expectations,Has significant potential for growth with focused development.,4.6,Could improve on proactively sharing updates.,Not Ready,0,0,"Scrum Master Training,PMP Certification,Leadership Training",2026-01-06,False,2025-10-08 17:45:00,2025-10-08 09:00:00
REV0044,EMP034,EMP036,2023-06-20,2024-06-14,2024-06-21,Annual,100.0,96.9,9.4,9.4,7.0,8.1,8.9,10.0,7.4,6.9,6.4,8.0,6.8,6.8,6.7,24,7,8.4,88.0,0.5,1345.0,1.7,78.9,"Adaptability,Reliability,Attention to detail",Reduced system latency by 40%,"Mentoring,Initiative,Technical expertise","Stakeholder management,Documentation",Work-life balance,"Complete Data Analysis Bootcamp, improve delegation",Strong performer who consistently delivers high-quality work.,Focus on strategic thinking,False,True,15,True,Cloud Architecture,Exceeds Expectations,Excellent collaborator who elevates the entire team.,9.3,"Strong technical contributor, great pair-programming partner.",Not Ready,15,1000,Cloud Architecture,2025-06-21,False,2024-06-21 08:15:00,2024-06-21 09:30:00
REV0045,EMP100,EMP058,2025-01-21,2025-04-21,2025-05-07,Quarterly,39.2,41.1,2.4,2.2,3.4,2.6,5.0,3.3,8.5,8.3,6.2,9.3,7.3,9.0,8.7,116,7,7.9,91.0,7.5,1069.0,18.2,89.1,"Technical expertise,Problem solving,Reliability,Attention to detail",Automated deployment pipeline saving 5hrs/week,"Leadership,Adaptability","Work-life balance,Strategic thinking",Process adherence,"Complete Scrum Master Training, improve stakeholder management",Shows great initiative and is a reliable team member.,Focus on work-life balance,False,False,0,True,Data Analysis Bootcamp,Exceeds Expectations,Demonstrates strong technical skills with room for soft-skill growth.,2.9,Reliable and communicates blockers early.,Not Ready,0,0,Data Analysis Bootcamp,2025-08-05,False,2025-05-07 09:30:00,2025-05-07 16:30:00
REV0046,EMP089,EMP069,2025-01-14,2026-01-09,2026-01-26,Annual,72.9,68.2,6.9,6.8,7.2,7.7,7.3,6.9,9.2,8.4,6.4,5.3,5.9,8.4,6.2,138,4,6.5,72.9,-8.2,1206.0,13.8,85.2,"Reliability,Mentoring,Adaptability",Mentored 2 junior team members,"Problem solving,Innovation",Process adherence,"Delegation,Stakeholder management,Strategic thinking","Complete Scrum Master Training, improve strategic thinking",A dependable contributor who meets expectations consistently.,Focus on public speaking,False,True,0,True,"Python Advanced,Leadership Training,Data Analysis Bootcamp",Needs Improvement,Has significant potential for growth with focused development.,7.3,Could improve on proactively sharing updates.,Not Ready,0,0,"Python Advanced,Leadership Training,Data Analysis Bootcamp",2027-01-26,False,2026-01-26 13:30:00,2026-01-26 11:30:00
REV0047,EMP024,EMP035,2024-07-25,2024-10-23,2024-11-03,Quarterly,77.1,59.3,8.0,7.5,7.9,5.2,7.1,7.0,5.3,8.4,5.4,6.1,5.9,8.2,5.2,75,4,8.1,94.5,6.4,1298.0,37.6,78.0,"Leadership,Initiative",Automated deployment pipeline saving 5hrs/week,Problem solving,Stakeholder management,Public speaking,"Complete Technical Writing, improve stakeholder management",Needs to focus on delivery timelines and communication.,Focus on stakeholder management,False,True,7,True,Python Advanced,Exceeds Expectations,Demonstrates strong technical skills with room for soft-skill growth.,7.5,Could improve on proactively sharing updates.,Not Ready,7,2000,Python Advanced,2025-02-01,True,2024-11-03 10:30:00,2024-11-03 14:15:00
REV0048,EMP097,EMP091,2022-10-15,2023-10-10,2023-10-16,Annual,71.1,73.0,6.2,6.9,5.9,6.0,5.5,7.5,7.8,6.9,5.8,7.6,6.2,7.6,8.4,149,7,6.7,86.4,3.8,983.0,151.1,74.8,"Technical expertise,Attention to detail,Time management,Innovation",Resolved major production incident within SLA,"Initiative,Technical expertise","Time estimation,Process adherence,Public speaking",Delegation,"Complete Scrum Master Training, improve stakeholder management",Demonstrates strong technical skills with room for soft-skill growth.,Focus on delegation,False,True,5,False,PMP Certification,Meets Expectations,Demonstrates strong technical skills with room for soft-skill growth.,6.3,Could improve on proactively sharing updates.,Not Ready,5,0,PMP Certification,2024-10-15,False,2023-10-16 17:30:00,2023-10-16 13:15:00
REV0049,EMP064,EMP066,2025-04-18,2025-07-17,2025-07-28,Project-based,52.2,74.7,3.7,5.4,6.1,5.0,5.6,6.6,8.2,7.6,8.8,8.9,8.9,7.0,5.4,122,6,6.9,90.4,1.9,892.0,66.2,88.7,"Collaboration,Mentoring,Communication",Improved test coverage from 45% to 82%,Attention to detail,"Time estimation,Delegation,Public speaking","Cross-team communication,Delegation","Complete Agile Course, improve time estimation",A dependable contributor who meets expectations consistently.,Focus on process adherence,False,False,0,False,"Leadership Training,Agile Course",Outstanding,Demonstrates strong technical skills with room for soft-skill growth.,3.1,Reliable and communicates blockers early.,Not Ready,0,0,"Leadership Training,Agile Course",2026-07-28,False,2025-07-28 16:00:00,2025-07-28 14:00:00
REV0050,EMP089,EMP030,2025-10-11,2026-01-09,2026-01-15,Probationary,82.6,74.9,8.1,8.9,7.4,6.2,8.5,8.6,7.7,7.0,6.5,5.3,8.2,8.6,5.4,70,5,8.4,86.8,-12.3,981.0,22.9,90.6,"Problem solving,Mentoring,Time management,Collaboration",Improved test coverage from 45% to 82%,"Technical expertise,Innovation","Strategic thinking,Work-life balance",Strategic thinking,"Complete Cloud Architecture, improve delegation",Needs to focus on delivery timelines and communication.,Focus on process adherence,False,True,5,True,"Cloud Architecture,Python Advanced,Agile Course",Exceeds Expectations,Shows great initiative and is a reliable team member.,6.8,Could improve on proactively sharing updates.,Ready in 6-12 months,5,2000,"Cloud Architecture,Python Advanced,Agile Course",2027-01-15,True,2026-01-15 17:30:00,2026-01-15 15:15:00
REV0051,EMP022,EMP052,2026-01-28,2026-04-28,2026-05-16,Project-based,100.0,100.0,9.9,9.5,8.1,10.0,8.2,8.8,5.0,7.8,6.7,7.7,5.1,8.6,6.0,118,2,7.4,93.2,3.1,663.0,53.6,73.7,"Leadership,Time management,Reliability",Improved test coverage from 45% to 82%,"Time management,Adaptability","Conflict resolution,Stakeholder management,Cross-team communication","Process adherence,Cross-team communication,Time estimation","Complete Agile Course, improve documentation",Outstanding performance this period — exceeds on all fronts.,Focus on public speaking,True,True,15,False,Communication Workshop,Outstanding,Shows great initiative and is a reliable team member.,9.6,"Great collaborator, always willing to help the team.",Ready Now,15,0,Communication Workshop,2027-05-16,True,2026-05-16 15:00:00,2026-05-16 08:45:00
REV0052,EMP068,EMP017,2023-09-02,2024-08-27,2024-09-09,Annual,54.8,71.8,5.2,5.0,6.2,4.4,4.8,4.5,7.4,7.5,5.6,6.6,6.3,6.8,4.9,54,2,7.3,61.6,-5.6,1124.0,40.0,73.0,"Collaboration,Leadership,Reliability",Reduced system latency by 40%,"Communication,Technical expertise,Reliability","Conflict resolution,Process adherence,Time estimation","Strategic thinking,Stakeholder management,Process adherence","Complete Technical Writing, improve work-life balance",Has significant potential for growth with focused development.,Focus on stakeholder management,False,False,0,True,"Python Advanced,Technical Writing",Meets Expectations,Needs to focus on delivery timelines and communication.,4.1,"Strong technical contributor, great pair-programming partner.",Not Ready,0,0,"Python Advanced,Technical Writing",2025-09-09,False,2024-09-09 18:45:00,2024-09-09 16:30:00
REV0053,EMP045,EMP076,2023-12-10,2024-12-04,2024-12-16,Annual,98.8,71.7,8.6,9.3,9.9,7.8,7.4,8.8,8.6,7.5,6.8,5.5,5.7,7.5,5.3,37,8,8.3,71.8,-0.3,846.0,15.4,94.2,"Collaboration,Communication,Initiative",Reduced system latency by 40%,"Collaboration,Mentoring",Documentation,"Documentation,Process adherence,Work-life balance","Complete Data Analysis Bootcamp, improve documentation",Outstanding performance this period — exceeds on all fronts.,Focus on cross-team communication,False,True,10,False,"Data Analysis Bootcamp,Communication Workshop",Meets Expectations,Excellent collaborator who elevates the entire team.,8.5,Brings strong expertise and shares knowledge freely.,Not Ready,10,2000,"Data Analysis Bootcamp,Communication Workshop",2025-12-16,True,2024-12-16 18:45:00,2024-12-16 14:15:00
REV0054,EMP034,EMP017,2024-05-08,2024-08-06,2024-08-18,Quarterly,100.0,100.0,10.0,9.7,8.7,9.2,10.0,9.2,5.6,6.7,8.9,6.7,3.3,6.0,6.5,147,5,8.5,78.7,12.7,828.0,9.9,100.0,"Attention to detail,Collaboration,Innovation,Leadership",Reduced system latency by 40%,"Problem solving,Reliability",Time estimation,"Stakeholder management,Process adherence","Complete Data Analysis Bootcamp, improve stakeholder management",Shows great initiative and is a reliable team member.,Focus on conflict resolution,False,True,0,False,"Communication Workshop,PMP Certification",Meets Expectations,Demonstrates strong technical skills with room for soft-skill growth.,8.9,Brings strong expertise and shares knowledge freely.,Not Ready,0,10000,"Communication Workshop,PMP Certification",2024-11-16,False,2024-08-18 15:00:00,2024-08-18 11:00:00
REV0055,EMP020,EMP003,2024-07-20,2024-10-18,2024-10-29,Probationary,85.5,68.3,7.5,10.0,6.5,7.9,6.1,8.6,5.9,7.6,4.7,7.1,6.0,6.8,7.5,102,7,7.1,86.6,-2.3,849.0,87.6,74.0,"Time management,Mentoring,Technical expertise",Led successful product launch ahead of schedule,"Innovation,Problem solving","Public speaking,Time estimation","Process adherence,Time estimation,Delegation","Complete Data Analysis Bootcamp, improve cross-team communication",Needs to focus on delivery timelines and communication.,Focus on delegation,False,True,15,True,AWS Certification,Exceeds Expectations,Strong performer who consistently delivers high-quality work.,7.9,Brings strong expertise and shares knowledge freely.,Not Ready,15,1000,AWS Certification,2025-10-29,True,2024-10-29 15:00:00,2024-10-29 16:15:00
REV0056,EMP061,EMP056,2024-07-22,2025-07-17,2025-07-31,Annual,66.7,55.1,6.4,6.5,6.6,4.5,5.5,5.5,6.6,7.8,6.9,7.3,8.5,8.2,6.8,97,3,6.3,73.4,-3.1,1103.0,16.6,75.6,"Initiative,Attention to detail",Improved test coverage from 45% to 82%,Time management,"Public speaking,Conflict resolution,Process adherence",Delegation,"Complete AWS Certification, improve delegation",Shows great initiative and is a reliable team member.,Focus on cross-team communication,False,False,0,False,"Scrum Master Training,PMP Certification,Leadership Training",Outstanding,Excellent collaborator who elevates the entire team.,5.5,"Great collaborator, always willing to help the team.",Not Ready,0,0,"Scrum Master Training,PMP Certification,Leadership Training",2026-07-31,False,2025-07-31 08:45:00,2025-07-31 17:15:00
REV0057,EMP048,EMP017,2024-09-19,2024-12-18,2024-12-28,Quarterly,92.3,72.3,8.4,7.3,10.0,6.2,9.3,8.1,6.3,6.0,9.9,7.1,7.0,8.4,6.2,142,2,7.5,82.7,-6.1,1149.0,14.4,82.1,"Reliability,Technical expertise,Initiative",Mentored 2 junior team members,Mentoring,"Time estimation,Work-life balance",Strategic thinking,"Complete Python Advanced, improve strategic thinking",Strong performer who consistently delivers high-quality work.,Focus on process adherence,False,True,5,False,"Communication Workshop,Leadership Training",Meets Expectations,Needs to focus on delivery timelines and communication.,8.6,A pleasure to work with — highly recommended for future teams.,Not Ready,5,1000,"Communication Workshop,Leadership Training",2025-03-28,True,2024-12-28 12:45:00,2024-12-28 11:15:00
REV0058,EMP070,EMP053,2025-05-03,2026-04-28,2026-05-13,Annual,68.7,55.3,5.5,5.8,7.5,5.2,7.4,5.7,7.4,6.7,7.6,5.5,7.8,7.6,6.2,134,5,7.3,100.0,1.7,1294.0,6.7,83.1,"Attention to detail,Communication,Problem solving,Initiative",Improved test coverage from 45% to 82%,"Attention to detail,Time management",Process adherence,"Documentation,Work-life balance","Complete Scrum Master Training, improve time estimation",Excellent collaborator who elevates the entire team.,Focus on strategic thinking,True,False,0,True,Cloud Architecture,Exceeds Expectations,Shows great initiative and is a reliable team member.,6.2,"Strong technical contributor, great pair-programming partner.",Ready Now,0,0,Cloud Architecture,2027-05-13,True,2026-05-13 16:45:00,2026-05-13 11:45:00
REV0059,EMP099,EMP086,2023-08-07,2023-11-05,2023-11-19,Probationary,75.8,52.2,5.8,7.9,7.2,6.9,6.1,6.0,8.2,8.3,5.0,5.3,6.9,6.7,6.0,97,7,6.2,76.4,-13.9,1113.0,66.0,88.2,"Problem solving,Attention to detail",Reduced system latency by 40%,Leadership,"Public speaking,Documentation,Time estimation",Process adherence,"Complete Communication Workshop, improve public speaking",Demonstrates strong technical skills with room for soft-skill growth.,Focus on documentation,False,True,7,True,Cloud Architecture,Outstanding,A dependable contributor who meets expectations consistently.,6.0,Brings strong expertise and shares knowledge freely.,Not Ready,7,5000,Cloud Architecture,2024-11-18,False,2023-11-19 17:00:00,2023-11-19 08:15:00
REV0060,EMP084,EMP077,2023-05-23,2023-08-21,2023-09-09,Quarterly,65.5,80.1,7.8,5.6,6.8,6.4,6.6,6.1,7.7,8.0,7.4,5.5,5.1,5.9,6.7,30,6,8.1,68.7,11.1,1046.0,5.3,79.7,"Time management,Technical expertise,Adaptability",Mentored 2 junior team members,"Problem solving,Leadership","Work-life balance,Documentation","Public speaking,Stakeholder management,Delegation","Complete Python Advanced, improve cross-team communication",Has significant potential for growth with focused development.,Focus on work-life balance,False,False,0,False,Communication Workshop,Exceeds Expectations,Outstanding performance this period — exceeds on all fronts.,5.1,"Strong technical contributor, great pair-programming partner.",Not Ready,0,0,Communication Workshop,2023-12-08,False,2023-09-09 09:30:00,2023-09-09 18:45:00
REV0061,EMP090,EMP066,2022-09-20,2023-09-15,2023-09-25,Annual,80.1,92.9,7.2,5.6,8.1,4.9,6.3,7.1,7.1,6.1,6.1,7.7,7.9,8.8,9.3,61,7,8.3,79.4,10.3,1004.0,9.9,83.8,"Communication,Attention to detail,Adaptability,Mentoring",Automated deployment pipeline saving 5hrs/week,"Innovation,Reliability","Strategic thinking,Work-life balance","Strategic thinking,Delegation","Complete Cloud Architecture, improve work-life balance",Needs to focus on delivery timelines and communication.,Focus on process adherence,False,True,15,True,Scrum Master Training,Meets Expectations,Outstanding performance this period — exceeds on all fronts.,7.4,"Great collaborator, always willing to help the team.",Ready in 6-12 months,15,2000,Scrum Master Training,2024-09-24,True,2023-09-25 08:30:00,2023-09-25 17:00:00
REV0062,EMP067,EMP024,2025-01-14,2026-01-09,2026-01-23,Annual,68.3,58.0,6.6,8.1,4.5,6.3,6.2,6.6,6.5,7.0,6.7,6.4,5.3,7.3,5.3,16,5,8.2,59.6,12.3,1388.0,43.4,84.1,"Time management,Technical expertise",Mentored 2 junior team members,Mentoring,"Conflict resolution,Work-life balance,Time estimation","Time estimation,Stakeholder management","Complete Data Analysis Bootcamp, improve strategic thinking",Outstanding performance this period — exceeds on all fronts.,Focus on stakeholder management,False,False,0,False,"Communication Workshop,Cloud Architecture,Data Analysis Bootcamp",Meets Expectations,Excellent collaborator who elevates the entire team.,7.3,"Strong technical contributor, great pair-programming partner.",Not Ready,0,0,"Communication Workshop,Cloud Architecture,Data Analysis Bootcamp",2027-01-23,True,2026-01-23 09:30:00,2026-01-23 15:15:00
REV0063,EMP063,EMP091,2024-05-27,2024-08-25,2024-09-08,Project-based,61.8,64.2,5.6,4.9,6.9,5.1,5.2,4.4,7.6,7.7,5.4,4.1,7.5,7.3,7.4,24,7,9.5,81.7,-6.2,663.0,13.1,89.5,"Time management,Initiative",Delivered critical feature with zero post-release bugs,"Reliability,Adaptability,Technical expertise","Cross-team communication,Public speaking","Cross-team communication,Documentation,Conflict resolution","Complete Python Advanced, improve documentation",Has significant potential for growth with focused development.,Focus on documentation,True,False,0,True,"Python Advanced,Agile Course",Exceeds Expectations,Outstanding performance this period — exceeds on all fronts.,4.8,Could improve on proactively sharing updates.,Ready Now,0,0,"Python Advanced,Agile Course",2025-09-08,False,2024-09-08 17:00:00,2024-09-08 11:45:00
REV0064,EMP038,EMP058,2026-01-06,2026-04-06,2026-04-15,Quarterly,69.4,61.6,6.5,5.5,6.5,6.3,6.1,5.7,4.4,8.5,7.1,7.3,5.3,8.9,6.4,48,6,7.2,69.2,-21.4,666.0,28.2,79.4,"Initiative,Technical expertise,Attention to detail,Innovation",Won internal hackathon with innovative prototype,"Communication,Initiative,Mentoring","Public speaking,Cross-team communication","Delegation,Process adherence,Cross-team communication","Complete Cloud Architecture, improve delegation",Outstanding performance this period — exceeds on all fronts.,Focus on strategic thinking,False,False,0,False,"Cloud Architecture,Python Advanced,Communication Workshop",Meets Expectations,Shows great initiative and is a reliable team member.,6.5,"Great collaborator, always willing to help the team.",Not Ready,0,0,"Cloud Architecture,Python Advanced,Communication Workshop",2026-07-14,False,2026-04-15 18:45:00,2026-04-15 14:30:00
REV0065,EMP045,EMP033,2023-04-30,2024-04-24,2024-05-10,Annual,73.1,80.2,6.8,7.6,6.7,4.4,6.9,6.4,8.6,8.8,8.6,6.1,9.2,7.9,9.0,21,5,7.0,78.4,3.3,735.0,44.7,97.0,"Adaptability,Mentoring,Initiative",Led successful product launch ahead of schedule,Leadership,Process adherence,"Strategic thinking,Time estimation,Public speaking","Complete AWS Certification, improve documentation",Shows great initiative and is a reliable team member.,Focus on conflict resolution,False,True,5,False,Cloud Architecture,Meets Expectations,Needs to focus on delivery timelines and communication.,6.8,Could improve on proactively sharing updates.,Not Ready,5,0,Cloud Architecture,2025-05-10,True,2024-05-10 08:30:00,2024-05-10 11:15:00
REV0066,EMP027,EMP085,2024-08-30,2024-11-28,2024-12-11,Probationary,71.1,57.9,8.6,4.1,7.1,4.0,6.3,6.4,8.8,6.4,8.3,5.4,8.5,7.0,7.1,138,3,7.2,97.4,13.1,1156.0,3.2,72.1,"Technical expertise,Innovation,Adaptability,Attention to detail",Reduced system latency by 40%,Collaboration,Conflict resolution,Stakeholder management,"Complete Data Analysis Bootcamp, improve documentation",A dependable contributor who meets expectations consistently.,Focus on public speaking,False,True,5,True,"Leadership Training,AWS Certification",Exceeds Expectations,Strong performer who consistently delivers high-quality work.,6.9,Reliable and communicates blockers early.,Not Ready,5,0,"Leadership Training,AWS Certification",2025-12-11,False,2024-12-11 18:45:00,2024-12-11 11:45:00
REV0067,EMP066,EMP018,2024-01-20,2024-04-19,2024-05-09,Quarterly,85.0,82.9,9.1,7.3,6.9,6.8,6.8,8.0,6.6,6.6,5.7,6.7,7.1,7.0,6.6,37,3,7.4,79.8,0.4,759.0,38.7,84.1,"Attention to detail,Technical expertise,Reliability",Improved test coverage from 45% to 82%,"Mentoring,Innovation",Work-life balance,"Time estimation,Documentation,Strategic thinking","Complete PMP Certification, improve strategic thinking",Strong performer who consistently delivers high-quality work.,Focus on work-life balance,False,True,15,True,"Data Analysis Bootcamp,Communication Workshop,Cloud Architecture",Meets Expectations,Demonstrates strong technical skills with room for soft-skill growth.,7.7,Brings strong expertise and shares knowledge freely.,Ready in 6-12 months,15,2000,"Data Analysis Bootcamp,Communication Workshop,Cloud Architecture",2024-08-07,True,2024-05-09 10:30:00,2024-05-09 14:15:00
REV0068,EMP012,EMP056,2025-11-02,2026-01-31,2026-02-12,Probationary,53.8,72.5,4.0,5.7,4.6,5.3,4.4,5.0,8.5,6.9,5.7,7.6,7.7,7.0,4.6,121,4,6.9,90.1,-9.3,1058.0,1.3,55.9,"Collaboration,Adaptability,Time management",Delivered critical feature with zero post-release bugs,"Communication,Adaptability,Attention to detail","Work-life balance,Time estimation","Delegation,Time estimation,Conflict resolution","Complete Python Advanced, improve time estimation",Shows great initiative and is a reliable team member.,Focus on time estimation,False,False,0,True,"Agile Course,Cloud Architecture",Meets Expectations,A dependable contributor who meets expectations consistently.,4.6,Brings strong expertise and shares knowledge freely.,Not Ready,0,0,"Agile Course,Cloud Architecture",2027-02-12,False,2026-02-12 08:30:00,2026-02-12 14:45:00
REV0069,EMP039,EMP069,2025-11-02,2026-01-31,2026-02-13,Quarterly,69.1,52.7,6.8,6.9,6.1,5.6,5.6,5.1,9.0,6.2,8.7,5.8,7.6,6.4,7.6,53,4,7.2,78.2,7.3,685.0,6.5,70.3,"Technical expertise,Adaptability",Delivered critical feature with zero post-release bugs,"Technical expertise,Time management,Problem solving","Conflict resolution,Delegation,Work-life balance","Process adherence,Time estimation,Stakeholder management","Complete PMP Certification, improve time estimation",Strong performer who consistently delivers high-quality work.,Focus on cross-team communication,False,False,0,False,"Technical Writing,Cloud Architecture",Exceeds Expectations,Strong performer who consistently delivers high-quality work.,5.9,Reliable and communicates blockers early.,Not Ready,0,0,"Technical Writing,Cloud Architecture",2026-05-14,False,2026-02-13 14:15:00,2026-02-13 18:15:00
REV0070,EMP097,EMP035,2023-05-09,2023-08-07,2023-08-17,Quarterly,71.9,85.5,7.0,5.9,7.9,4.7,6.2,6.4,7.7,8.4,8.0,7.1,6.7,5.7,5.4,127,8,9.3,60.0,-9.4,1150.0,20.8,81.3,"Leadership,Innovation,Reliability",Won internal hackathon with innovative prototype,"Time management,Innovation,Adaptability",Stakeholder management,"Stakeholder management,Work-life balance,Documentation","Complete Python Advanced, improve public speaking",Outstanding performance this period — exceeds on all fronts.,Focus on documentation,False,True,3,True,"Technical Writing,Leadership Training",Exceeds Expectations,Outstanding performance this period — exceeds on all fronts.,6.9,A pleasure to work with — highly recommended for future teams.,Ready in 6-12 months,3,0,"Technical Writing,Leadership Training",2023-11-15,True,2023-08-17 18:00:00,2023-08-17 11:30:00
REV0071,EMP057,EMP058,2025-03-28,2025-06-26,2025-07-10,Project-based,73.0,59.3,7.2,6.0,7.2,5.6,6.3,7.4,8.1,9.1,8.8,7.9,5.1,9.3,8.1,88,8,6.7,90.7,-12.4,733.0,6.6,98.7,"Adaptability,Technical expertise,Attention to detail",Resolved major production incident within SLA,Initiative,Process adherence,"Public speaking,Time estimation,Work-life balance","Complete Scrum Master Training, improve cross-team communication",Excellent collaborator who elevates the entire team.,Focus on process adherence,False,True,10,True,"Technical Writing,Leadership Training",Needs Improvement,Shows great initiative and is a reliable team member.,7.2,Reliable and communicates blockers early.,Not Ready,10,0,"Technical Writing,Leadership Training",2026-07-10,False,2025-07-10 13:15:00,2025-07-10 09:00:00
REV0072,EMP015,EMP069,2024-12-01,2025-11-26,2025-12-12,Annual,82.8,73.4,7.3,5.6,7.3,7.5,7.3,7.5,6.8,6.8,6.6,6.5,8.6,5.3,6.3,36,7,6.6,84.6,0.9,1181.0,1.3,86.8,"Adaptability,Communication,Innovation,Attention to detail",Automated deployment pipeline saving 5hrs/week,"Reliability,Communication,Initiative","Documentation,Time estimation",Time estimation,"Complete Leadership Training, improve cross-team communication",Excellent collaborator who elevates the entire team.,Focus on documentation,False,True,3,True,"Data Analysis Bootcamp,Technical Writing",Exceeds Expectations,Demonstrates strong technical skills with room for soft-skill growth.,8.3,"Great collaborator, always willing to help the team.",Ready in 6-12 months,3,0,"Data Analysis Bootcamp,Technical Writing",2026-12-12,False,2025-12-12 15:45:00,2025-12-12 15:00:00
REV0073,EMP078,EMP077,2024-04-26,2025-04-21,2025-05-03,Annual,92.3,80.3,9.0,8.2,7.3,7.4,7.6,9.3,9.3,7.5,6.7,7.0,8.3,8.7,6.9,70,8,7.8,89.8,-13.7,963.0,25.1,82.6,"Problem solving,Adaptability,Reliability",Improved test coverage from 45% to 82%,"Reliability,Attention to detail,Leadership",Delegation,Time estimation,"Complete Agile Course, improve documentation",Demonstrates strong technical skills with room for soft-skill growth.,Focus on strategic thinking,False,True,15,True,"PMP Certification,Leadership Training,Agile Course",Meets Expectations,Shows great initiative and is a reliable team member.,8.4,"Great collaborator, always willing to help the team.",Ready in 6-12 months,15,10000,"PMP Certification,Leadership Training,Agile Course",2026-05-03,True,2025-05-03 09:45:00,2025-05-03 10:15:00
REV0074,EMP087,EMP044,2024-11-16,2025-02-14,2025-02-24,Quarterly,37.8,62.6,2.8,3.7,5.0,2.4,3.1,3.7,5.4,6.4,6.5,6.4,7.7,10.0,7.1,131,6,6.7,99.0,-19.1,1345.0,12.3,81.7,"Collaboration,Time management",Won internal hackathon with innovative prototype,"Problem solving,Collaboration,Mentoring","Cross-team communication,Public speaking",Public speaking,"Complete Data Analysis Bootcamp, improve strategic thinking",Shows great initiative and is a reliable team member.,Focus on stakeholder management,False,False,0,True,"Scrum Master Training,Python Advanced,Communication Workshop",Needs Improvement,Shows great initiative and is a reliable team member.,3.3,Could improve on proactively sharing updates.,Not Ready,0,0,"Scrum Master Training,Python Advanced,Communication Workshop",2025-05-25,True,2025-02-24 17:30:00,2025-02-24 14:30:00
REV0075,EMP034,EMP082,2023-06-03,2024-05-28,2024-06-06,Annual,97.3,98.3,9.8,8.9,8.3,9.2,8.2,7.4,8.4,8.5,5.4,6.3,6.0,7.8,9.1,142,8,8.2,94.4,9.8,994.0,51.6,100.0,"Adaptability,Leadership",Mentored 2 junior team members,Mentoring,"Conflict resolution,Delegation,Documentation","Public speaking,Delegation,Cross-team communication","Complete Scrum Master Training, improve documentation",Demonstrates strong technical skills with room for soft-skill growth.,Focus on conflict resolution,False,True,3,True,"PMP Certification,Python Advanced",Meets Expectations,Shows great initiative and is a reliable team member.,8.8,Reliable and communicates blockers early.,Ready in 6-12 months,3,0,"PMP Certification,Python Advanced",2025-06-06,True,2024-06-06 12:30:00,2024-06-06 08:00:00
REV0076,EMP088,EMP052,2023-11-02,2024-10-27,2024-11-13,Annual,78.6,63.8,8.1,7.5,6.8,6.3,9.2,6.6,6.0,7.3,8.2,9.5,7.7,6.2,9.4,22,3,7.5,71.9,-13.0,755.0,23.8,100.0,"Reliability,Mentoring,Initiative",Resolved major production incident within SLA,Reliability,Time estimation,"Work-life balance,Strategic thinking","Complete Technical Writing, improve cross-team communication",Strong performer who consistently delivers high-quality work.,Focus on delegation,False,True,15,True,"Leadership Training,Python Advanced,Data Analysis Bootcamp",Exceeds Expectations,A dependable contributor who meets expectations consistently.,7.6,Reliable and communicates blockers early.,Not Ready,15,2000,"Leadership Training,Python Advanced,Data Analysis Bootcamp",2025-11-13,False,2024-11-13 09:15:00,2024-11-13 12:00:00
REV0077,EMP044,EMP058,2024-08-31,2024-11-29,2024-12-09,Quarterly,57.3,40.1,3.4,5.9,4.8,4.6,5.8,6.1,8.5,5.9,8.5,6.1,4.5,6.3,7.3,114,3,6.5,80.9,4.1,1076.0,1.6,85.8,"Initiative,Time management,Technical expertise",Resolved major production incident within SLA,Time management,"Cross-team communication,Public speaking","Conflict resolution,Delegation","Complete Python Advanced, improve conflict resolution",Excellent collaborator who elevates the entire team.,Focus on public speaking,False,False,0,False,AWS Certification,Exceeds Expectations,Needs to focus on delivery timelines and communication.,3.5,A pleasure to work with — highly recommended for future teams.,Not Ready,0,0,AWS Certification,2025-03-09,False,2024-12-09 08:45:00,2024-12-09 16:15:00
REV0078,EMP025,EMP053,2024-07-10,2024-10-08,2024-10-22,Probationary,61.4,73.1,4.7,5.4,5.4,6.2,6.8,4.6,9.4,6.3,6.7,7.4,9.7,7.0,4.8,98,3,9.0,72.0,-4.3,1216.0,12.4,90.1,"Attention to detail,Reliability",Led successful product launch ahead of schedule,"Innovation,Attention to detail",Delegation,Documentation,"Complete Data Analysis Bootcamp, improve documentation",Demonstrates strong technical skills with room for soft-skill growth.,Focus on documentation,False,False,0,False,"Cloud Architecture,AWS Certification,PMP Certification",Needs Improvement,Demonstrates strong technical skills with room for soft-skill growth.,5.0,"Strong technical contributor, great pair-programming partner.",Not Ready,0,0,"Cloud Architecture,AWS Certification,PMP Certification",2025-10-22,False,2024-10-22 11:30:00,2024-10-22 11:15:00
REV0079,EMP037,EMP043,2025-12-15,2026-03-15,2026-03-30,Quarterly,92.0,82.5,6.7,9.2,8.5,9.2,8.5,7.7,6.8,8.1,5.4,6.3,6.8,6.4,6.1,127,2,7.7,96.4,3.8,818.0,2.1,100.0,"Collaboration,Problem solving",Mentored 2 junior team members,Attention to detail,Stakeholder management,"Work-life balance,Strategic thinking","Complete Data Analysis Bootcamp, improve time estimation",Strong performer who consistently delivers high-quality work.,Focus on time estimation,True,True,10,True,"Data Analysis Bootcamp,Communication Workshop,Agile Course",Exceeds Expectations,Strong performer who consistently delivers high-quality work.,8.0,Could improve on proactively sharing updates.,Ready Now,10,2000,"Data Analysis Bootcamp,Communication Workshop,Agile Course",2026-06-28,False,2026-03-30 18:00:00,2026-03-30 09:45:00
REV0080,EMP007,EMP017,2024-12-01,2025-11-26,2025-12-14,Annual,76.0,60.3,6.8,6.5,9.5,6.9,7.1,7.3,8.7,7.1,5.7,7.8,6.8,6.4,5.5,115,3,9.0,83.6,-7.1,1164.0,58.2,72.1,"Reliability,Mentoring,Adaptability,Time management",Mentored 2 junior team members,"Adaptability,Communication","Strategic thinking,Delegation",Process adherence,"Complete AWS Certification, improve process adherence",Demonstrates strong technical skills with room for soft-skill growth.,Focus on strategic thinking,False,True,3,True,"Technical Writing,Cloud Architecture",Needs Improvement,Outstanding performance this period — exceeds on all fronts.,6.5,Brings strong expertise and shares knowledge freely.,Not Ready,3,1000,"Technical Writing,Cloud Architecture",2026-12-14,False,2025-12-14 18:30:00,2025-12-14 13:45:00
REV0081,EMP063,EMP004,2024-05-19,2024-08-17,2024-09-06,Project-based,75.9,82.7,7.9,6.4,8.2,6.6,7.9,7.4,5.2,9.1,6.6,7.5,5.5,8.0,8.3,43,6,9.4,98.8,6.7,983.0,18.5,92.0,"Collaboration,Time management",Won internal hackathon with innovative prototype,"Problem solving,Time management,Attention to detail","Stakeholder management,Time estimation,Public speaking","Public speaking,Conflict resolution,Process adherence","Complete Scrum Master Training, improve stakeholder management",Excellent collaborator who elevates the entire team.,Focus on stakeholder management,False,True,7,False,"Communication Workshop,Cloud Architecture",Meets Expectations,Outstanding performance this period — exceeds on all fronts.,6.0,Could improve on proactively sharing updates.,Not Ready,7,5000,"Communication Workshop,Cloud Architecture",2025-09-06,False,2024-09-06 17:30:00,2024-09-06 16:15:00
REV0082,EMP023,EMP011,2025-04-11,2026-04-06,2026-04-26,Annual,72.7,70.4,6.1,6.5,6.9,3.3,4.7,6.3,6.8,7.4,5.5,6.8,7.1,6.8,8.2,44,8,7.7,88.6,0.8,860.0,1.2,86.8,"Mentoring,Communication",Mentored 2 junior team members,"Adaptability,Innovation,Time management","Cross-team communication,Public speaking","Documentation,Public speaking","Complete Communication Workshop, improve time estimation",Needs to focus on delivery timelines and communication.,Focus on delegation,False,True,5,True,"Leadership Training,Agile Course,Python Advanced",Needs Improvement,Excellent collaborator who elevates the entire team.,5.5,"Strong technical contributor, great pair-programming partner.",Not Ready,5,0,"Leadership Training,Agile Course,Python Advanced",2027-04-26,False,2026-04-26 13:30:00,2026-04-26 17:30:00
REV0083,EMP056,EMP053,2023-06-02,2023-08-31,2023-09-05,Probationary,58.8,69.9,3.9,5.5,5.7,5.0,5.1,4.4,6.1,7.3,4.9,8.9,4.1,7.2,7.1,145,7,8.0,71.0,13.6,1278.0,12.5,81.7,"Technical expertise,Time management,Attention to detail",Automated deployment pipeline saving 5hrs/week,Collaboration,Documentation,Delegation,"Complete Scrum Master Training, improve stakeholder management",Excellent collaborator who elevates the entire team.,Focus on time estimation,False,False,0,True,"PMP Certification,Scrum Master Training",Exceeds Expectations,Needs to focus on delivery timelines and communication.,5.2,Brings strong expertise and shares knowledge freely.,Not Ready,0,0,"PMP Certification,Scrum Master Training",2024-09-04,False,2023-09-05 11:45:00,2023-09-05 13:45:00
REV0084,EMP020,EMP044,2023-07-09,2023-10-07,2023-10-16,Quarterly,68.9,100.0,5.5,5.1,6.8,5.4,5.9,6.8,5.2,5.3,5.7,8.1,6.4,9.1,8.4,17,2,7.8,86.1,3.4,1119.0,1.5,77.0,"Initiative,Mentoring",Reduced system latency by 40%,"Innovation,Mentoring,Adaptability","Cross-team communication,Time estimation,Public speaking","Stakeholder management,Time estimation","Complete Technical Writing, improve work-life balance",Outstanding performance this period — exceeds on all fronts.,Focus on stakeholder management,False,False,0,False,"Python Advanced,Technical Writing",Exceeds Expectations,Strong performer who consistently delivers high-quality work.,6.6,A pleasure to work with — highly recommended for future teams.,Not Ready,0,0,"Python Advanced,Technical Writing",2024-01-14,False,2023-10-16 15:15:00,2023-10-16 16:30:00
REV0085,EMP053,EMP086,2024-03-12,2024-06-10,2024-06-16,Quarterly,56.6,53.1,5.5,4.4,4.1,4.4,6.2,4.1,3.8,6.6,8.1,4.7,5.7,7.8,10.0,24,8,6.1,65.2,4.1,1164.0,33.9,84.5,"Adaptability,Mentoring",Resolved major production incident within SLA,"Problem solving,Attention to detail,Adaptability","Public speaking,Time estimation,Conflict resolution",Delegation,"Complete Technical Writing, improve public speaking",Strong performer who consistently delivers high-quality work.,Focus on process adherence,False,False,0,True,"Python Advanced,Data Analysis Bootcamp,Leadership Training",Exceeds Expectations,Needs to focus on delivery timelines and communication.,5.0,A pleasure to work with — highly recommended for future teams.,Ready in 6-12 months,0,0,"Python Advanced,Data Analysis Bootcamp,Leadership Training",2024-09-14,True,2024-06-16 15:30:00,2024-06-16 14:30:00
REV0086,EMP038,EMP044,2025-04-11,2026-04-06,2026-04-16,Annual,76.8,86.5,7.6,7.7,6.7,9.1,6.7,6.4,9.2,5.6,3.9,6.9,7.0,7.3,8.2,24,5,6.6,82.8,-4.3,1182.0,71.0,83.9,"Collaboration,Technical expertise,Mentoring,Communication",Improved test coverage from 45% to 82%,"Problem solving,Communication","Documentation,Conflict resolution,Stakeholder management","Public speaking,Conflict resolution,Work-life balance","Complete Agile Course, improve stakeholder management",Has significant potential for growth with focused development.,Focus on process adherence,False,True,0,False,"Data Analysis Bootcamp,Cloud Architecture",Exceeds Expectations,A dependable contributor who meets expectations consistently.,5.9,Brings strong expertise and shares knowledge freely.,Not Ready,0,10000,"Data Analysis Bootcamp,Cloud Architecture",2027-04-16,False,2026-04-16 12:15:00,2026-04-16 15:15:00
REV0087,EMP068,EMP005,2024-07-29,2024-10-27,2024-11-03,Quarterly,69.6,36.7,6.3,6.4,7.3,6.0,7.3,6.7,8.9,6.7,6.7,7.8,6.4,6.7,6.2,52,3,6.8,88.3,-22.0,1270.0,22.2,100.0,"Innovation,Leadership,Mentoring",Led successful product launch ahead of schedule,"Collaboration,Problem solving,Technical expertise","Time estimation,Delegation,Strategic thinking",Process adherence,"Complete Scrum Master Training, improve process adherence",Outstanding performance this period — exceeds on all fronts.,Focus on process adherence,False,False,0,True,"Technical Writing,Python Advanced",Needs Improvement,Demonstrates strong technical skills with room for soft-skill growth.,5.3,Brings strong expertise and shares knowledge freely.,Not Ready,0,0,"Technical Writing,Python Advanced",2025-02-01,False,2024-11-03 16:45:00,2024-11-03 08:30:00
REV0088,EMP058,EMP056,2023-04-25,2024-04-19,2024-04-25,Annual,79.3,93.1,6.6,5.8,8.5,7.9,7.1,8.1,9.3,8.0,7.2,7.0,7.7,7.1,6.7,39,6,8.0,76.3,-4.4,1365.0,49.0,100.0,"Adaptability,Reliability,Collaboration",Mentored 2 junior team members,"Reliability,Adaptability","Conflict resolution,Stakeholder management","Process adherence,Delegation","Complete Cloud Architecture, improve delegation",Strong performer who consistently delivers high-quality work.,Focus on cross-team communication,False,True,15,True,"PMP Certification,Agile Course,Cloud Architecture",Exceeds Expectations,Shows great initiative and is a reliable team member.,7.2,A pleasure to work with — highly recommended for future teams.,Not Ready,15,0,"PMP Certification,Agile Course,Cloud Architecture",2025-04-25,False,2024-04-25 09:45:00,2024-04-25 13:15:00
REV0089,EMP093,EMP044,2023-11-15,2024-02-13,2024-02-24,Project-based,66.3,55.5,6.5,6.2,7.0,4.8,6.6,7.0,6.9,7.7,7.0,5.8,7.6,9.1,7.0,23,1,6.0,73.8,-21.4,1096.0,25.9,76.7,"Adaptability,Reliability",Mentored 2 junior team members,"Problem solving,Initiative,Adaptability",Stakeholder management,Cross-team communication,"Complete Cloud Architecture, improve time estimation",Shows great initiative and is a reliable team member.,Focus on process adherence,False,False,0,True,Agile Course,Meets Expectations,Demonstrates strong technical skills with room for soft-skill growth.,6.6,Could improve on proactively sharing updates.,Not Ready,0,0,Agile Course,2025-02-23,False,2024-02-24 18:30:00,2024-02-24 12:15:00
REV0090,EMP100,EMP011,2024-04-26,2025-04-21,2025-05-04,Annual,51.1,48.8,5.9,4.0,3.1,3.0,4.6,4.0,6.6,6.7,7.9,6.1,6.6,8.2,6.3,30,7,7.9,86.0,1.7,911.0,28.7,85.1,"Collaboration,Initiative",Mentored 2 junior team members,"Leadership,Adaptability",Process adherence,"Time estimation,Process adherence","Complete AWS Certification, improve time estimation",Shows great initiative and is a reliable team member.,Focus on documentation,False,False,0,True,"Scrum Master Training,Communication Workshop,AWS Certification",Exceeds Expectations,Shows great initiative and is a reliable team member.,3.0,"Great collaborator, always willing to help the team.",Not Ready,0,0,"Scrum Master Training,Communication Workshop,AWS Certification",2026-05-04,True,2025-05-04 17:30:00,2025-05-04 15:00:00
REV0091,EMP064,EMP025,2024-07-22,2025-07-17,2025-07-22,Annual,80.2,62.1,7.2,7.6,8.5,7.5,7.9,6.9,7.5,6.4,7.7,8.2,7.6,7.1,6.8,24,7,9.3,77.8,12.6,813.0,4.6,86.8,"Time management,Innovation,Adaptability,Technical expertise",Won internal hackathon with innovative prototype,"Problem solving,Attention to detail,Leadership","Process adherence,Stakeholder management,Cross-team communication",Cross-team communication,"Complete Technical Writing, improve public speaking",Shows great initiative and is a reliable team member.,Focus on strategic thinking,False,True,7,True,"Python Advanced,PMP Certification,Cloud Architecture",Exceeds Expectations,A dependable contributor who meets expectations consistently.,8.3,"Great collaborator, always willing to help the team.",Not Ready,7,0,"Python Advanced,PMP Certification,Cloud Architecture",2026-07-22,True,2025-07-22 15:30:00,2025-07-22 18:15:00
REV0092,EMP023,EMP086,2026-01-06,2026-04-06,2026-04-12,Quarterly,69.3,98.8,6.6,6.6,5.7,6.1,6.7,7.1,5.8,8.7,7.0,7.5,6.8,6.6,7.1,113,4,7.7,65.4,9.5,839.0,7.2,83.6,"Problem solving,Reliability,Time management",Delivered critical feature with zero post-release bugs,Technical expertise,"Public speaking,Process adherence",Documentation,"Complete Cloud Architecture, improve delegation",Needs to focus on delivery timelines and communication.,Focus on work-life balance,False,False,0,True,"Scrum Master Training,AWS Certification",Meets Expectations,Needs to focus on delivery timelines and communication.,6.5,"Great collaborator, always willing to help the team.",Ready in 6-12 months,0,0,"Scrum Master Training,AWS Certification",2026-07-11,True,2026-04-12 08:30:00,2026-04-12 08:30:00
REV0093,EMP093,EMP005,2023-07-26,2024-07-20,2024-07-28,Annual,74.6,69.8,6.7,7.0,5.4,4.8,4.6,7.6,7.0,8.4,4.9,6.8,7.2,6.9,5.1,69,8,9.2,98.8,-4.6,1352.0,5.4,90.0,"Communication,Adaptability,Leadership,Problem solving",Resolved major production incident within SLA,"Technical expertise,Mentoring,Adaptability",Time estimation,Delegation,"Complete Agile Course, improve documentation",Has significant potential for growth with focused development.,Focus on stakeholder management,False,True,0,True,Leadership Training,Meets Expectations,Shows great initiative and is a reliable team member.,7.6,"Great collaborator, always willing to help the team.",Not Ready,0,0,Leadership Training,2025-07-28,True,2024-07-28 09:45:00,2024-07-28 17:15:00
REV0094,EMP009,EMP033,2023-08-16,2024-08-10,2024-08-25,Annual,79.2,92.9,8.0,5.7,7.2,6.6,7.0,7.8,5.3,6.8,7.2,7.6,7.2,7.2,6.9,117,6,8.2,82.4,-12.5,697.0,10.7,99.3,"Adaptability,Attention to detail,Communication,Time management",Reduced system latency by 40%,"Problem solving,Initiative",Documentation,"Time estimation,Cross-team communication","Complete Agile Course, improve strategic thinking",Outstanding performance this period — exceeds on all fronts.,Focus on time estimation,False,True,0,False,"Agile Course,Technical Writing,Communication Workshop",Meets Expectations,Strong performer who consistently delivers high-quality work.,6.0,Could improve on proactively sharing updates.,Ready in 6-12 months,0,1000,"Agile Course,Technical Writing,Communication Workshop",2025-08-25,True,2024-08-25 09:00:00,2024-08-25 08:15:00
REV0095,EMP012,EMP093,2025-02-05,2026-01-31,2026-02-14,Annual,70.0,64.6,5.8,7.3,8.3,5.2,7.3,6.4,6.7,8.9,6.5,7.2,7.3,5.9,7.3,121,8,6.9,64.9,-6.2,1154.0,42.7,95.0,"Communication,Reliability",Won internal hackathon with innovative prototype,Communication,"Work-life balance,Process adherence","Documentation,Time estimation,Process adherence","Complete Cloud Architecture, improve public speaking",Shows great initiative and is a reliable team member.,Focus on stakeholder management,False,True,3,False,"Data Analysis Bootcamp,PMP Certification,Scrum Master Training",Meets Expectations,A dependable contributor who meets expectations consistently.,6.0,A pleasure to work with — highly recommended for future teams.,Not Ready,3,0,"Data Analysis Bootcamp,PMP Certification,Scrum Master Training",2027-02-14,False,2026-02-14 16:15:00,2026-02-14 15:15:00
REV0096,EMP036,EMP006,2022-12-21,2023-12-16,2023-12-24,Annual,85.0,67.3,7.1,6.2,8.6,6.8,7.7,8.6,6.1,6.9,5.0,5.5,6.0,7.0,6.5,53,8,7.8,71.3,3.8,998.0,1.8,86.8,"Reliability,Technical expertise",Improved test coverage from 45% to 82%,Innovation,Strategic thinking,"Strategic thinking,Process adherence","Complete Leadership Training, improve public speaking",Shows great initiative and is a reliable team member.,Focus on delegation,False,True,0,True,"Leadership Training,Python Advanced,Agile Course",Outstanding,Needs to focus on delivery timelines and communication.,8.8,A pleasure to work with — highly recommended for future teams.,Not Ready,0,5000,"Leadership Training,Python Advanced,Agile Course",2024-12-23,False,2023-12-24 17:30:00,2023-12-24 14:15:00
REV0097,EMP096,EMP047,2023-09-12,2024-09-06,2024-09-14,Annual,80.3,82.5,8.7,7.4,6.7,5.7,6.6,6.0,8.1,4.7,7.2,5.8,6.4,6.6,8.7,98,4,7.5,91.5,15.6,678.0,4.2,76.4,"Innovation,Leadership,Initiative,Reliability",Resolved major production incident within SLA,Innovation,Process adherence,Delegation,"Complete Cloud Architecture, improve process adherence",Demonstrates strong technical skills with room for soft-skill growth.,Focus on delegation,False,True,7,True,Scrum Master Training,Meets Expectations,A dependable contributor who meets expectations consistently.,7.4,Brings strong expertise and shares knowledge freely.,Not Ready,7,1000,Scrum Master Training,2025-09-14,False,2024-09-14 08:00:00,2024-09-14 12:15:00
REV0098,EMP015,EMP073,2024-12-01,2025-11-26,2025-12-15,Annual,70.8,74.2,6.9,6.3,6.8,5.3,7.5,5.9,8.4,5.6,6.0,6.4,7.3,8.4,5.5,122,3,6.4,65.2,15.8,1208.0,4.0,97.4,"Collaboration,Adaptability",Reduced system latency by 40%,"Attention to detail,Leadership,Problem solving",Stakeholder management,"Work-life balance,Process adherence","Complete Communication Workshop, improve stakeholder management",Excellent collaborator who elevates the entire team.,Focus on delegation,False,True,7,True,"Technical Writing,Data Analysis Bootcamp",Meets Expectations,A dependable contributor who meets expectations consistently.,6.7,Could improve on proactively sharing updates.,Not Ready,7,0,"Technical Writing,Data Analysis Bootcamp",2026-12-15,False,2025-12-15 17:15:00,2025-12-15 17:15:00
REV0099,EMP074,EMP003,2024-11-09,2025-11-04,2025-11-22,Annual,80.5,76.1,8.4,8.8,6.3,8.3,6.9,7.8,8.7,7.0,6.0,7.8,5.8,8.6,7.2,26,1,6.9,74.7,-16.6,1393.0,2.1,80.5,"Attention to detail,Technical expertise,Innovation,Initiative",Resolved major production incident within SLA,"Leadership,Problem solving","Process adherence,Public speaking","Documentation,Cross-team communication,Delegation","Complete Agile Course, improve strategic thinking",Needs to focus on delivery timelines and communication.,Focus on stakeholder management,False,True,15,False,"Communication Workshop,AWS Certification",Outstanding,Strong performer who consistently delivers high-quality work.,6.7,Could improve on proactively sharing updates.,Not Ready,15,2000,"Communication Workshop,AWS Certification",2026-11-22,False,2025-11-22 15:15:00,2025-11-22 14:15:00
REV0100,EMP048,EMP073,2024-01-06,2024-12-31,2025-01-05,Annual,65.8,73.9,6.4,5.8,6.6,4.6,6.8,6.1,8.9,9.9,5.8,6.3,6.7,8.1,8.6,33,7,6.8,86.6,-1.6,1315.0,33.5,94.5,"Attention to detail,Technical expertise,Collaboration",Delivered critical feature with zero post-release bugs,"Problem solving,Adaptability,Time management","Conflict resolution,Work-life balance","Documentation,Work-life balance,Strategic thinking","Complete Leadership Training, improve public speaking",Has significant potential for growth with focused development.,Focus on work-life balance,False,False,0,True,"PMP Certification,Technical Writing",Meets Expectations,Shows great initiative and is a reliable team member.,6.2,A pleasure to work with — highly recommended for future teams.,Not Ready,0,0,"PMP Certification,Technical Writing",2026-01-05,False,2025-01-05 11:15:00,2025-01-05 13:15:00
REV0101,EMP070,EMP021,2026-01-28,2026-04-28,2026-05-18,Quarterly,73.6,55.9,6.6,7.4,7.0,6.0,6.2,4.1,7.8,6.9,8.6,7.3,6.4,8.6,8.4,68,4,7.3,96.3,-6.7,856.0,70.8,98.9,"Attention to detail,Reliability,Innovation",Automated deployment pipeline saving 5hrs/week,"Mentoring,Initiative","Documentation,Public speaking","Work-life balance,Public speaking,Process adherence","Complete Python Advanced, improve work-life balance",Shows great initiative and is a reliable team member.,Focus on delegation,False,True,15,True,"Technical Writing,PMP Certification",Exceeds Expectations,Needs to focus on delivery timelines and communication.,7.3,"Great collaborator, always willing to help the team.",Ready in 6-12 months,15,0,"Technical Writing,PMP Certification",2026-08-16,True,2026-05-18 09:45:00,2026-05-18 10:30:00
REV0102,EMP010,EMP018,2023-03-25,2024-03-19,2024-04-01,Annual,98.8,92.3,8.5,10.0,8.2,9.7,8.1,9.4,7.4,9.0,5.6,5.7,6.9,9.2,5.9,43,3,4.9,82.7,11.4,997.0,30.7,81.5,"Attention to detail,Reliability",Won internal hackathon with innovative prototype,"Attention to detail,Communication,Mentoring",Conflict resolution,"Cross-team communication,Process adherence","Complete Leadership Training, improve conflict resolution",Outstanding performance this period — exceeds on all fronts.,Focus on stakeholder management,False,True,3,True,AWS Certification,Meets Expectations,A dependable contributor who meets expectations consistently.,7.7,"Strong technical contributor, great pair-programming partner.",Not Ready,3,10000,AWS Certification,2025-04-01,False,2024-04-01 18:30:00,2024-04-01 15:45:00
REV0103,EMP059,EMP046,2023-12-08,2024-12-02,2024-12-11,Annual,76.5,55.1,7.1,8.0,7.4,5.6,8.2,7.5,4.8,8.2,5.7,7.0,8.1,7.0,5.0,93,3,9.0,96.0,-1.0,1231.0,10.4,90.4,"Mentoring,Time management",Automated deployment pipeline saving 5hrs/week,"Mentoring,Communication","Documentation,Time estimation","Time estimation,Work-life balance,Conflict resolution","Complete Agile Course, improve time estimation",Demonstrates strong technical skills with room for soft-skill growth.,Focus on strategic thinking,False,True,5,False,"Agile Course,Cloud Architecture,Communication Workshop",Meets Expectations,Has significant potential for growth with focused development.,7.3,Brings strong expertise and shares knowledge freely.,Not Ready,5,10000,"Agile Course,Cloud Architecture,Communication Workshop",2025-12-11,False,2024-12-11 16:00:00,2024-12-11 18:30:00
REV0104,EMP045,EMP025,2023-06-22,2024-06-16,2024-07-05,Annual,88.2,100.0,7.0,8.5,8.6,5.3,8.3,8.8,7.7,7.1,7.0,7.0,5.1,7.7,6.6,56,5,6.8,100.0,15.0,697.0,22.9,81.0,"Innovation,Mentoring",Automated deployment pipeline saving 5hrs/week,Technical expertise,Process adherence,"Work-life balance,Stakeholder management,Strategic thinking","Complete Data Analysis Bootcamp, improve process adherence",Shows great initiative and is a reliable team member.,Focus on process adherence,False,True,15,True,"Cloud Architecture,Agile Course",Outstanding,Strong performer who consistently delivers high-quality work.,7.1,Brings strong expertise and shares knowledge freely.,Ready in 6-12 months,15,5000,"Cloud Architecture,Agile Course",2025-07-05,True,2024-07-05 18:00:00,2024-07-05 12:00:00
REV0105,EMP052,EMP036,2024-06-01,2024-08-30,2024-09-15,Quarterly,83.2,81.6,6.4,7.9,8.7,8.6,7.4,9.8,4.5,7.6,4.5,6.9,6.4,8.0,6.8,38,6,6.7,72.9,23.2,644.0,8.1,65.2,"Leadership,Adaptability,Attention to detail,Initiative",Mentored 2 junior team members,"Mentoring,Reliability,Problem solving","Delegation,Documentation","Cross-team communication,Delegation,Process adherence","Complete PMP Certification, improve stakeholder management",A dependable contributor who meets expectations consistently.,Focus on documentation,True,True,15,True,"Python Advanced,Leadership Training,PMP Certification",Outstanding,Demonstrates strong technical skills with room for soft-skill growth.,8.2,Reliable and communicates blockers early.,Ready Now,15,5000,"Python Advanced,Leadership Training,PMP Certification",2024-12-14,False,2024-09-15 13:30:00,2024-09-15 15:00:00
REV0106,EMP028,EMP069,2025-09-19,2025-12-18,2026-01-05,Quarterly,87.2,64.8,7.9,7.4,8.5,7.0,8.0,7.7,6.9,9.1,9.8,7.3,6.9,5.9,6.1,128,5,7.4,73.4,-7.3,731.0,17.6,75.2,"Innovation,Initiative,Communication,Problem solving",Improved test coverage from 45% to 82%,"Attention to detail,Time management",Delegation,Stakeholder management,"Complete Scrum Master Training, improve public speaking",Needs to focus on delivery timelines and communication.,Focus on stakeholder management,False,True,5,False,Scrum Master Training,Needs Improvement,Has significant potential for growth with focused development.,8.1,Brings strong expertise and shares knowledge freely.,Not Ready,5,5000,Scrum Master Training,2026-04-05,False,2026-01-05 10:45:00,2026-01-05 12:45:00
REV0107,EMP006,EMP047,2024-01-08,2024-04-07,2024-04-27,Project-based,83.9,68.0,7.2,6.2,7.6,6.4,9.0,9.3,5.5,6.0,6.1,5.8,7.2,7.2,7.3,133,4,8.5,69.2,11.9,621.0,24.9,73.5,"Communication,Collaboration",Improved test coverage from 45% to 82%,"Communication,Mentoring","Process adherence,Public speaking","Delegation,Documentation,Public speaking","Complete Data Analysis Bootcamp, improve process adherence",Demonstrates strong technical skills with room for soft-skill growth.,Focus on process adherence,False,True,10,True,Cloud Architecture,Meets Expectations,Shows great initiative and is a reliable team member.,5.4,Reliable and communicates blockers early.,Ready in 6-12 months,10,5000,Cloud Architecture,2025-04-27,True,2024-04-27 16:00:00,2024-04-27 12:15:00
REV0108,EMP075,EMP006,2022-11-02,2023-10-28,2023-11-12,Annual,83.8,72.8,8.5,9.6,6.8,5.6,7.8,8.6,5.9,7.2,8.4,4.8,7.3,7.0,7.1,133,3,8.2,84.6,-12.1,886.0,36.3,94.6,"Collaboration,Time management",Improved test coverage from 45% to 82%,"Attention to detail,Reliability","Strategic thinking,Documentation",Work-life balance,"Complete Communication Workshop, improve time estimation",Demonstrates strong technical skills with room for soft-skill growth.,Focus on conflict resolution,False,True,10,True,Cloud Architecture,Outstanding,A dependable contributor who meets expectations consistently.,7.4,"Great collaborator, always willing to help the team.",Ready in 6-12 months,10,2000,Cloud Architecture,2024-11-11,True,2023-11-12 16:30:00,2023-11-12 10:00:00
REV0109,EMP018,EMP085,2023-12-16,2024-03-15,2024-03-31,Quarterly,69.1,63.4,7.0,7.3,5.4,5.1,6.2,7.7,7.7,5.7,6.4,6.5,5.7,7.4,6.7,139,7,7.1,77.1,17.7,872.0,20.8,98.1,"Problem solving,Leadership",Delivered critical feature with zero post-release bugs,Attention to detail,Work-life balance,"Work-life balance,Stakeholder management,Public speaking","Complete Scrum Master Training, improve process adherence",Needs to focus on delivery timelines and communication.,Focus on strategic thinking,False,False,0,True,AWS Certification,Needs Improvement,Demonstrates strong technical skills with room for soft-skill growth.,6.1,"Strong technical contributor, great pair-programming partner.",Ready in 6-12 months,0,0,AWS Certification,2024-06-29,True,2024-03-31 13:15:00,2024-03-31 15:30:00
REV0110,EMP023,EMP046,2026-01-06,2026-04-06,2026-04-11,Quarterly,75.8,83.5,6.7,7.0,7.1,6.8,7.3,6.7,5.9,5.9,7.9,7.7,7.7,8.3,6.8,45,4,6.9,70.2,-13.1,703.0,101.8,98.5,"Communication,Leadership,Collaboration,Initiative",Mentored 2 junior team members,"Initiative,Problem solving",Time estimation,Documentation,"Complete Technical Writing, improve cross-team communication",Needs to focus on delivery timelines and communication.,Focus on public speaking,True,True,15,True,Communication Workshop,Meets Expectations,Demonstrates strong technical skills with room for soft-skill growth.,7.6,"Great collaborator, always willing to help the team.",Ready Now,15,10000,Communication Workshop,2026-07-10,False,2026-04-11 09:30:00,2026-04-11 18:00:00
REV0111,EMP097,EMP018,2023-07-07,2023-10-05,2023-10-16,Project-based,86.2,71.8,7.2,6.9,7.2,8.7,7.0,9.7,6.0,8.0,6.3,6.4,5.6,7.4,5.6,66,3,5.8,83.4,-7.6,1136.0,53.9,88.1,"Problem solving,Communication",Reduced system latency by 40%,"Initiative,Adaptability,Leadership","Conflict resolution,Strategic thinking,Work-life balance","Stakeholder management,Public speaking,Work-life balance","Complete Cloud Architecture, improve documentation",Shows great initiative and is a reliable team member.,Focus on delegation,False,True,10,True,"Communication Workshop,Cloud Architecture,Data Analysis Bootcamp",Meets Expectations,Needs to focus on delivery timelines and communication.,7.0,Reliable and communicates blockers early.,Ready in 6-12 months,10,0,"Communication Workshop,Cloud Architecture,Data Analysis Bootcamp",2024-10-15,False,2023-10-16 17:15:00,2023-10-16 15:00:00
REV0112,EMP024,EMP054,2024-03-25,2024-06-23,2024-07-11,Quarterly,66.9,37.3,5.8,6.2,6.2,5.5,6.1,3.6,7.3,7.7,8.4,7.2,6.9,8.6,4.2,69,4,7.0,72.8,-0.4,926.0,19.9,94.9,"Problem solving,Mentoring,Initiative",Improved test coverage from 45% to 82%,"Initiative,Technical expertise,Problem solving","Time estimation,Process adherence,Strategic thinking","Process adherence,Public speaking","Complete Scrum Master Training, improve conflict resolution",Excellent collaborator who elevates the entire team.,Focus on work-life balance,False,False,0,True,"Cloud Architecture,Data Analysis Bootcamp",Exceeds Expectations,Outstanding performance this period — exceeds on all fronts.,5.9,Reliable and communicates blockers early.,Not Ready,0,0,"Cloud Architecture,Data Analysis Bootcamp",2024-10-09,True,2024-07-11 14:15:00,2024-07-11 09:45:00
REV0113,EMP087,EMP054,2024-11-16,2025-02-14,2025-02-24,Quarterly,38.9,56.6,4.6,3.4,2.6,2.6,3.2,2.9,6.8,8.9,5.7,6.2,7.5,7.3,5.4,18,8,7.4,80.8,11.7,1138.0,30.9,87.8,"Mentoring,Attention to detail,Problem solving",Won internal hackathon with innovative prototype,"Initiative,Adaptability",Time estimation,Time estimation,"Complete AWS Certification, improve strategic thinking",Outstanding performance this period — exceeds on all fronts.,Focus on public speaking,False,False,0,True,PMP Certification,Meets Expectations,Excellent collaborator who elevates the entire team.,3.1,Could improve on proactively sharing updates.,Not Ready,0,0,PMP Certification,2025-05-25,False,2025-02-24 15:30:00,2025-02-24 17:30:00
REV0114,EMP097,EMP058,2023-06-05,2024-05-30,2024-06-19,Annual,74.7,62.6,5.6,8.5,6.6,7.3,5.4,9.2,8.1,6.9,6.1,7.7,7.7,7.7,7.0,118,8,8.1,61.1,-4.5,1009.0,79.8,87.4,"Mentoring,Problem solving",Resolved major production incident within SLA,"Leadership,Reliability",Conflict resolution,Documentation,"Complete AWS Certification, improve documentation",A dependable contributor who meets expectations consistently.,Focus on time estimation,False,True,3,True,Technical Writing,Meets Expectations,Demonstrates strong technical skills with room for soft-skill growth.,5.9,A pleasure to work with — highly recommended for future teams.,Not Ready,3,0,Technical Writing,2025-06-19,True,2024-06-19 17:00:00,2024-06-19 09:45:00
REV0115,EMP060,EMP033,2025-11-02,2026-01-31,2026-02-14,Quarterly,53.4,60.8,4.7,3.8,3.1,4.5,4.4,4.6,6.8,7.7,7.7,7.0,6.6,7.5,6.6,142,8,5.9,95.1,10.8,1004.0,134.7,88.2,"Time management,Attention to detail,Reliability,Technical expertise",Mentored 2 junior team members,"Mentoring,Time management",Cross-team communication,"Process adherence,Stakeholder management","Complete Leadership Training, improve documentation",Has significant potential for growth with focused development.,Focus on process adherence,False,False,0,True,Python Advanced,Meets Expectations,Outstanding performance this period — exceeds on all fronts.,3.4,Brings strong expertise and shares knowledge freely.,Not Ready,0,0,Python Advanced,2026-05-15,True,2026-02-14 12:45:00,2026-02-14 15:00:00
REV0116,EMP073,EMP081,2023-12-25,2024-12-19,2025-01-08,Annual,100.0,75.5,9.3,7.7,9.2,10.0,10.0,8.5,6.5,6.0,5.3,4.5,6.9,9.0,7.4,136,3,8.9,94.9,-6.6,1005.0,6.8,85.3,"Collaboration,Mentoring,Adaptability",Improved test coverage from 45% to 82%,"Technical expertise,Initiative","Stakeholder management,Strategic thinking","Documentation,Time estimation,Strategic thinking","Complete PMP Certification, improve stakeholder management",Outstanding performance this period — exceeds on all fronts.,Focus on strategic thinking,False,True,7,True,PMP Certification,Needs Improvement,Strong performer who consistently delivers high-quality work.,7.9,"Strong technical contributor, great pair-programming partner.",Not Ready,7,2000,PMP Certification,2026-01-08,False,2025-01-08 11:15:00,2025-01-08 11:30:00
REV0117,EMP076,EMP017,2023-05-09,2023-08-07,2023-08-21,Quarterly,48.5,81.4,4.5,4.8,5.5,4.3,5.7,5.0,6.1,6.9,3.3,5.7,6.6,8.0,6.1,44,6,6.3,59.3,-7.2,736.0,18.7,73.8,"Time management,Technical expertise,Mentoring,Innovation",Led successful product launch ahead of schedule,"Mentoring,Adaptability,Technical expertise","Work-life balance,Cross-team communication,Conflict resolution","Cross-team communication,Stakeholder management","Complete PMP Certification, improve stakeholder management",A dependable contributor who meets expectations consistently.,Focus on process adherence,False,False,0,True,Technical Writing,Needs Improvement,A dependable contributor who meets expectations consistently.,5.2,Brings strong expertise and shares knowledge freely.,Ready in 6-12 months,0,0,Technical Writing,2023-11-19,False,2023-08-21 17:30:00,2023-08-21 13:45:00
REV0118,EMP026,EMP077,2024-08-13,2025-08-08,2025-08-15,Annual,57.6,59.1,5.1,3.4,4.2,4.2,4.2,3.3,7.3,7.3,7.6,5.5,7.8,9.0,7.3,69,5,6.9,83.7,-7.9,812.0,33.6,90.1,"Adaptability,Innovation,Leadership",Improved test coverage from 45% to 82%,Adaptability,"Public speaking,Stakeholder management,Strategic thinking","Process adherence,Cross-team communication,Delegation","Complete PMP Certification, improve public speaking",Excellent collaborator who elevates the entire team.,Focus on cross-team communication,False,False,0,True,"Data Analysis Bootcamp,Python Advanced,Cloud Architecture",Exceeds Expectations,Outstanding performance this period — exceeds on all fronts.,4.9,Reliable and communicates blockers early.,Not Ready,0,0,"Data Analysis Bootcamp,Python Advanced,Cloud Architecture",2026-08-15,False,2025-08-15 17:45:00,2025-08-15 18:15:00
REV0119,EMP003,EMP085,2023-09-10,2023-12-09,2023-12-29,Quarterly,61.4,60.4,5.1,4.6,6.4,7.5,5.3,5.0,6.1,6.5,8.8,5.9,6.4,6.3,7.4,69,8,7.4,68.4,-10.7,814.0,17.6,89.9,"Attention to detail,Adaptability,Innovation,Technical expertise",Reduced system latency by 40%,Communication,"Delegation,Strategic thinking,Process adherence","Conflict resolution,Cross-team communication,Work-life balance","Complete PMP Certification, improve public speaking",Demonstrates strong technical skills with room for soft-skill growth.,Focus on stakeholder management,False,False,0,True,"Communication Workshop,Scrum Master Training,Data Analysis Bootcamp",Meets Expectations,Excellent collaborator who elevates the entire team.,5.9,Could improve on proactively sharing updates.,Ready in 6-12 months,0,0,"Communication Workshop,Scrum Master Training,Data Analysis Bootcamp",2024-03-28,True,2023-12-29 11:00:00,2023-12-29 10:15:00
REV0120,EMP004,EMP042,2024-01-14,2024-04-13,2024-05-02,Quarterly,71.1,71.4,4.9,5.6,7.5,6.8,7.2,5.9,6.4,5.2,7.8,8.1,8.2,9.1,7.5,139,7,9.1,79.6,-21.2,938.0,10.2,94.4,"Leadership,Communication",Improved test coverage from 45% to 82%,"Reliability,Attention to detail","Time estimation,Documentation",Documentation,"Complete Technical Writing, improve documentation",Outstanding performance this period — exceeds on all fronts.,Focus on strategic thinking,False,True,5,True,AWS Certification,Exceeds Expectations,Shows great initiative and is a reliable team member.,6.6,Could improve on proactively sharing updates.,Not Ready,5,0,AWS Certification,2024-07-31,False,2024-05-02 10:15:00,2024-05-02 09:00:00
REV0121,EMP067,EMP093,2025-10-11,2026-01-09,2026-01-22,Quarterly,47.1,64.0,4.3,3.1,3.1,3.0,3.4,4.2,6.3,7.5,7.4,7.5,6.5,7.8,8.2,142,2,7.9,100.0,11.8,790.0,15.3,79.7,"Time management,Initiative",Delivered critical feature with zero post-release bugs,Problem solving,"Cross-team communication,Delegation,Stakeholder management",Delegation,"Complete Data Analysis Bootcamp, improve process adherence",Shows great initiative and is a reliable team member.,Focus on strategic thinking,False,False,0,True,"Data Analysis Bootcamp,Leadership Training",Needs Improvement,Outstanding performance this period — exceeds on all fronts.,4.3,Could improve on proactively sharing updates.,Not Ready,0,0,"Data Analysis Bootcamp,Leadership Training",2026-04-22,False,2026-01-22 18:15:00,2026-01-22 12:15:00
REV0122,EMP047,EMP077,2024-03-13,2024-06-11,2024-06-25,Quarterly,91.4,67.3,8.7,7.6,7.8,8.1,8.4,9.3,5.8,7.1,7.7,7.2,7.5,8.6,6.5,20,1,6.9,88.9,-1.8,1273.0,23.6,90.1,"Technical expertise,Reliability,Leadership,Collaboration",Mentored 2 junior team members,"Leadership,Mentoring,Innovation","Cross-team communication,Conflict resolution,Strategic thinking",Cross-team communication,"Complete Data Analysis Bootcamp, improve conflict resolution",Outstanding performance this period — exceeds on all fronts.,Focus on documentation,False,True,3,True,Communication Workshop,Exceeds Expectations,Demonstrates strong technical skills with room for soft-skill growth.,9.0,"Great collaborator, always willing to help the team.",Not Ready,3,5000,Communication Workshop,2024-09-23,False,2024-06-25 15:45:00,2024-06-25 14:30:00
REV0123,EMP092,EMP066,2024-04-26,2025-04-21,2025-04-29,Annual,62.9,87.1,6.0,5.6,6.5,5.8,6.8,6.9,7.4,6.2,5.7,6.7,8.2,7.0,6.6,56,5,9.3,80.7,-7.6,1005.0,15.8,87.0,"Innovation,Adaptability,Attention to detail",Led successful product launch ahead of schedule,"Reliability,Communication,Mentoring","Strategic thinking,Process adherence,Documentation","Time estimation,Documentation,Cross-team communication","Complete Communication Workshop, improve conflict resolution",Has significant potential for growth with focused development.,Focus on stakeholder management,False,False,0,False,"Cloud Architecture,AWS Certification",Exceeds Expectations,Outstanding performance this period — exceeds on all fronts.,6.2,Reliable and communicates blockers early.,Not Ready,0,0,"Cloud Architecture,AWS Certification",2026-04-29,False,2025-04-29 15:45:00,2025-04-29 10:30:00
REV0124,EMP023,EMP093,2025-04-11,2026-04-06,2026-04-21,Annual,77.2,78.2,5.0,6.7,8.1,7.8,6.2,7.8,6.1,6.8,6.0,6.9,8.1,7.8,6.8,87,4,8.5,72.4,-0.9,668.0,27.8,79.5,"Communication,Innovation,Reliability",Delivered critical feature with zero post-release bugs,Mentoring,"Delegation,Documentation,Work-life balance",Conflict resolution,"Complete Agile Course, improve documentation",Has significant potential for growth with focused development.,Focus on stakeholder management,False,True,3,True,"Cloud Architecture,Scrum Master Training",Exceeds Expectations,Shows great initiative and is a reliable team member.,7.6,"Great collaborator, always willing to help the team.",Not Ready,3,0,"Cloud Architecture,Scrum Master Training",2027-04-21,False,2026-04-21 16:45:00,2026-04-21 15:45:00
REV0125,EMP016,EMP036,2025-09-19,2025-12-18,2025-12-29,Project-based,85.0,64.1,7.5,8.8,8.3,4.9,7.9,7.4,5.5,7.6,5.8,6.2,7.1,6.9,7.1,63,5,6.9,75.5,11.9,830.0,10.8,69.5,"Innovation,Communication,Initiative",Delivered critical feature with zero post-release bugs,"Initiative,Reliability",Stakeholder management,Cross-team communication,"Complete Agile Course, improve cross-team communication",Excellent collaborator who elevates the entire team.,Focus on strategic thinking,False,True,5,True,Leadership Training,Exceeds Expectations,Needs to focus on delivery timelines and communication.,8.3,"Great collaborator, always willing to help the team.",Not Ready,5,1000,Leadership Training,2026-12-29,False,2025-12-29 08:45:00,2025-12-29 10:30:00
REV0126,EMP089,EMP058,2025-10-11,2026-01-09,2026-01-20,Quarterly,87.0,74.6,7.0,8.5,7.0,6.9,8.2,7.2,5.6,7.7,9.1,8.3,7.8,8.5,7.8,113,7,7.9,92.8,-16.4,1189.0,9.4,73.1,"Problem solving,Initiative,Attention to detail",Automated deployment pipeline saving 5hrs/week,Mentoring,Documentation,"Stakeholder management,Documentation","Complete Leadership Training, improve conflict resolution",Strong performer who consistently delivers high-quality work.,Focus on stakeholder management,False,True,15,False,"Cloud Architecture,Scrum Master Training,Data Analysis Bootcamp",Meets Expectations,Has significant potential for growth with focused development.,8.1,Reliable and communicates blockers early.,Ready in 6-12 months,15,2000,"Cloud Architecture,Scrum Master Training,Data Analysis Bootcamp",2026-04-20,True,2026-01-20 10:45:00,2026-01-20 13:45:00
REV0127,EMP017,EMP018,2023-04-26,2024-04-20,2024-05-08,Annual,94.3,83.6,8.2,8.2,8.6,9.6,7.6,9.2,7.6,6.2,8.6,7.4,6.4,5.6,7.3,51,5,7.5,69.6,-12.5,693.0,10.9,69.2,"Communication,Mentoring",Improved test coverage from 45% to 82%,"Adaptability,Collaboration","Strategic thinking,Cross-team communication","Strategic thinking,Cross-team communication,Time estimation","Complete PMP Certification, improve process adherence",Has significant potential for growth with focused development.,Focus on documentation,True,True,15,False,Python Advanced,Meets Expectations,Excellent collaborator who elevates the entire team.,8.9,Brings strong expertise and shares knowledge freely.,Ready Now,15,5000,Python Advanced,2025-05-08,True,2024-05-08 08:45:00,2024-05-08 12:15:00
REV0128,EMP091,EMP073,2024-05-22,2024-08-20,2024-08-28,Project-based,87.5,75.2,7.9,8.4,8.1,7.7,7.2,7.4,6.3,6.9,8.4,6.4,5.7,8.0,8.6,141,1,6.2,100.0,5.0,953.0,28.7,71.1,"Attention to detail,Mentoring,Reliability,Adaptability",Mentored 2 junior team members,"Problem solving,Leadership",Time estimation,"Time estimation,Stakeholder management","Complete Python Advanced, improve conflict resolution",Shows great initiative and is a reliable team member.,Focus on delegation,False,True,10,True,"Cloud Architecture,Communication Workshop,Leadership Training",Meets Expectations,Needs to focus on delivery timelines and communication.,8.6,"Strong technical contributor, great pair-programming partner.",Not Ready,10,1000,"Cloud Architecture,Communication Workshop,Leadership Training",2025-08-28,False,2024-08-28 09:30:00,2024-08-28 08:30:00
REV0129,EMP088,EMP021,2024-08-11,2024-11-09,2024-11-25,Project-based,95.4,83.7,9.7,9.8,7.6,8.8,8.5,8.8,7.2,7.3,8.6,5.2,5.1,5.6,8.3,42,6,6.7,83.6,-1.4,723.0,33.4,84.0,"Mentoring,Reliability",Led successful product launch ahead of schedule,"Technical expertise,Reliability","Process adherence,Conflict resolution","Process adherence,Strategic thinking,Time estimation","Complete Communication Workshop, improve documentation",Outstanding performance this period — exceeds on all fronts.,Focus on conflict resolution,False,True,10,True,"Data Analysis Bootcamp,PMP Certification,Leadership Training",Outstanding,Has significant potential for growth with focused development.,8.6,Brings strong expertise and shares knowledge freely.,Not Ready,10,10000,"Data Analysis Bootcamp,PMP Certification,Leadership Training",2025-11-25,True,2024-11-25 14:00:00,2024-11-25 08:15:00
REV0130,EMP021,EMP058,2024-04-18,2024-07-17,2024-07-31,Quarterly,59.4,75.7,6.7,4.1,5.7,4.6,6.0,4.3,9.0,5.4,6.2,7.3,6.2,6.7,7.3,54,2,7.6,82.1,10.3,839.0,39.6,79.0,"Initiative,Collaboration,Adaptability",Mentored 2 junior team members,"Attention to detail,Leadership",Strategic thinking,"Process adherence,Cross-team communication","Complete Technical Writing, improve conflict resolution",Has significant potential for growth with focused development.,Focus on cross-team communication,False,False,0,True,"Cloud Architecture,Scrum Master Training,AWS Certification",Exceeds Expectations,Outstanding performance this period — exceeds on all fronts.,5.2,"Great collaborator, always willing to help the team.",Not Ready,0,0,"Cloud Architecture,Scrum Master Training,AWS Certification",2024-10-29,True,2024-07-31 08:30:00,2024-07-31 15:15:00
REV0131,EMP083,EMP025,2025-01-14,2026-01-09,2026-01-29,Annual,95.4,89.3,8.7,8.8,7.5,7.6,8.4,8.5,7.9,7.4,8.2,6.8,9.0,7.0,6.1,149,2,8.0,98.4,-16.5,833.0,1.8,90.5,"Problem solving,Mentoring,Collaboration",Improved test coverage from 45% to 82%,Attention to detail,Time estimation,"Conflict resolution,Documentation","Complete Python Advanced, improve public speaking",Demonstrates strong technical skills with room for soft-skill growth.,Focus on strategic thinking,True,True,7,False,Python Advanced,Meets Expectations,Demonstrates strong technical skills with room for soft-skill growth.,6.9,A pleasure to work with — highly recommended for future teams.,Ready Now,7,5000,Python Advanced,2027-01-29,False,2026-01-29 09:00:00,2026-01-29 09:45:00
REV0132,EMP023,EMP032,2026-01-06,2026-04-06,2026-04-23,Project-based,91.6,72.7,9.2,8.5,10.0,6.0,7.4,10.0,6.1,6.5,5.3,8.2,5.6,7.5,6.7,26,2,8.5,75.2,5.0,933.0,0.2,85.6,"Collaboration,Time management,Adaptability,Mentoring",Reduced system latency by 40%,Communication,"Process adherence,Conflict resolution,Strategic thinking",Stakeholder management,"Complete Data Analysis Bootcamp, improve public speaking",Needs to focus on delivery timelines and communication.,Focus on process adherence,False,True,0,False,"Python Advanced,Leadership Training",Exceeds Expectations,Outstanding performance this period — exceeds on all fronts.,8.1,"Strong technical contributor, great pair-programming partner.",Ready in 6-12 months,0,0,"Python Advanced,Leadership Training",2027-04-23,False,2026-04-23 17:45:00,2026-04-23 12:30:00
REV0133,EMP089,EMP058,2025-01-14,2026-01-09,2026-01-23,Annual,87.9,63.5,9.5,7.6,8.7,6.7,6.9,8.4,7.8,5.8,6.1,8.2,7.7,7.1,6.3,37,3,9.4,64.6,-0.7,708.0,24.6,64.8,"Problem solving,Technical expertise",Resolved major production incident within SLA,"Communication,Reliability,Leadership","Delegation,Documentation,Stakeholder management","Work-life balance,Delegation","Complete AWS Certification, improve conflict resolution",Needs to focus on delivery timelines and communication.,Focus on process adherence,False,True,0,True,"Agile Course,Technical Writing",Outstanding,Needs to focus on delivery timelines and communication.,5.7,"Great collaborator, always willing to help the team.",Ready in 6-12 months,0,1000,"Agile Course,Technical Writing",2027-01-23,False,2026-01-23 15:15:00,2026-01-23 11:30:00
REV0134,EMP073,EMP058,2023-04-24,2023-07-23,2023-08-07,Project-based,95.4,72.0,8.5,10.0,8.5,6.4,8.9,8.5,7.4,7.1,9.6,7.5,5.8,7.6,6.0,17,2,7.3,71.1,25.3,1104.0,37.6,79.3,"Innovation,Initiative,Mentoring,Attention to detail",Won internal hackathon with innovative prototype,"Attention to detail,Adaptability","Documentation,Process adherence","Stakeholder management,Process adherence,Delegation","Complete Leadership Training, improve work-life balance",Outstanding performance this period — exceeds on all fronts.,Focus on process adherence,False,True,10,False,Scrum Master Training,Outstanding,Shows great initiative and is a reliable team member.,8.3,Could improve on proactively sharing updates.,Not Ready,10,0,Scrum Master Training,2024-08-06,False,2023-08-07 17:30:00,2023-08-07 15:45:00
REV0135,EMP003,EMP032,2023-12-22,2024-03-21,2024-04-01,Quarterly,71.4,37.6,5.4,7.4,5.6,6.2,5.5,7.1,8.1,8.0,7.9,8.7,5.7,6.7,8.1,135,6,8.6,73.9,-8.9,950.0,8.3,70.6,"Leadership,Adaptability,Time management,Mentoring",Won internal hackathon with innovative prototype,"Reliability,Initiative",Conflict resolution,"Strategic thinking,Process adherence,Time estimation","Complete Cloud Architecture, improve delegation",Needs to focus on delivery timelines and communication.,Focus on public speaking,False,True,3,False,"AWS Certification,Technical Writing",Outstanding,Outstanding performance this period — exceeds on all fronts.,6.1,Could improve on proactively sharing updates.,Not Ready,3,0,"AWS Certification,Technical Writing",2024-06-30,False,2024-04-01 12:15:00,2024-04-01 11:00:00
REV0136,EMP003,EMP054,2023-11-25,2024-02-23,2024-03-10,Probationary,53.1,51.3,4.6,5.1,5.3,3.9,4.4,4.9,5.2,8.3,8.3,6.0,6.6,8.7,6.9,55,3,8.1,80.9,18.7,1262.0,57.0,78.9,"Technical expertise,Problem solving,Time management,Innovation",Delivered critical feature with zero post-release bugs,Attention to detail,Stakeholder management,Process adherence,"Complete Data Analysis Bootcamp, improve strategic thinking",Shows great initiative and is a reliable team member.,Focus on documentation,False,False,0,False,"Leadership Training,Python Advanced",Outstanding,Needs to focus on delivery timelines and communication.,5.3,Could improve on proactively sharing updates.,Ready in 6-12 months,0,0,"Leadership Training,Python Advanced",2025-03-10,False,2024-03-10 09:00:00,2024-03-10 17:00:00
REV0137,EMP072,EMP005,2024-04-26,2025-04-21,2025-04-29,Annual,77.0,61.9,8.7,7.9,7.0,6.1,7.2,7.5,4.6,9.5,5.4,6.8,7.0,9.5,6.9,57,2,9.1,86.9,-11.5,1297.0,4.7,87.9,"Communication,Collaboration,Mentoring",Automated deployment pipeline saving 5hrs/week,"Communication,Problem solving","Process adherence,Public speaking,Time estimation",Process adherence,"Complete Scrum Master Training, improve documentation",A dependable contributor who meets expectations consistently.,Focus on cross-team communication,False,True,10,False,Technical Writing,Outstanding,A dependable contributor who meets expectations consistently.,7.8,"Strong technical contributor, great pair-programming partner.",Not Ready,10,1000,Technical Writing,2026-04-29,False,2025-04-29 18:15:00,2025-04-29 10:45:00
REV0138,EMP030,EMP024,2024-05-15,2024-08-13,2024-08-31,Quarterly,86.7,76.3,8.6,7.3,4.8,7.4,7.4,8.2,9.4,9.4,6.3,5.8,7.6,7.1,7.5,119,8,6.8,85.0,-9.7,1361.0,11.0,78.3,"Reliability,Time management,Technical expertise,Mentoring",Mentored 2 junior team members,Time management,Documentation,"Cross-team communication,Time estimation","Complete Scrum Master Training, improve documentation",Outstanding performance this period — exceeds on all fronts.,Focus on cross-team communication,False,True,0,True,"Leadership Training,Agile Course",Meets Expectations,Demonstrates strong technical skills with room for soft-skill growth.,8.5,"Strong technical contributor, great pair-programming partner.",Ready in 6-12 months,0,10000,"Leadership Training,Agile Course",2024-11-29,True,2024-08-31 13:30:00,2024-08-31 08:30:00
REV0139,EMP068,EMP097,2024-06-09,2024-09-07,2024-09-24,Quarterly,66.4,72.0,5.9,5.1,6.5,4.6,5.7,6.3,8.6,7.2,6.5,7.7,7.1,8.1,8.3,129,4,7.2,42.7,-9.8,1310.0,16.8,87.8,"Adaptability,Reliability,Mentoring,Time management",Mentored 2 junior team members,Attention to detail,"Cross-team communication,Delegation,Conflict resolution","Cross-team communication,Time estimation","Complete Python Advanced, improve work-life balance",A dependable contributor who meets expectations consistently.,Focus on time estimation,False,False,0,True,"Communication Workshop,AWS Certification",Meets Expectations,Strong performer who consistently delivers high-quality work.,6.3,"Great collaborator, always willing to help the team.",Not Ready,0,0,"Communication Workshop,AWS Certification",2024-12-23,False,2024-09-24 16:30:00,2024-09-24 11:30:00
REV0140,EMP093,EMP066,2024-08-01,2024-10-30,2024-11-07,Quarterly,59.3,76.6,5.3,6.7,4.7,4.6,4.7,4.9,4.7,6.8,6.4,6.6,9.4,9.3,6.1,30,6,5.5,80.8,4.5,808.0,7.5,82.4,"Time management,Problem solving,Technical expertise,Reliability",Resolved major production incident within SLA,"Leadership,Adaptability","Conflict resolution,Documentation","Work-life balance,Delegation,Strategic thinking","Complete Data Analysis Bootcamp, improve conflict resolution",A dependable contributor who meets expectations consistently.,Focus on work-life balance,False,False,0,False,"Cloud Architecture,Agile Course,Scrum Master Training",Meets Expectations,Excellent collaborator who elevates the entire team.,4.1,Reliable and communicates blockers early.,Ready in 6-12 months,0,0,"Cloud Architecture,Agile Course,Scrum Master Training",2025-02-05,False,2024-11-07 15:00:00,2024-11-07 10:45:00
REV0141,EMP053,EMP017,2023-06-05,2023-09-03,2023-09-09,Quarterly,54.4,49.6,4.3,6.0,3.6,4.9,4.7,5.3,6.6,8.2,5.2,8.2,7.0,6.2,7.8,123,3,7.3,61.5,4.0,981.0,30.3,93.7,"Problem solving,Time management,Attention to detail",Won internal hackathon with innovative prototype,"Adaptability,Mentoring","Stakeholder management,Work-life balance","Cross-team communication,Process adherence,Work-life balance","Complete Scrum Master Training, improve time estimation",Has significant potential for growth with focused development.,Focus on work-life balance,False,False,0,True,Python Advanced,Meets Expectations,Shows great initiative and is a reliable team member.,4.0,"Strong technical contributor, great pair-programming partner.",Not Ready,0,0,Python Advanced,2023-12-08,False,2023-09-09 11:45:00,2023-09-09 15:00:00
REV0142,EMP096,EMP030,2023-12-06,2024-11-30,2024-12-16,Annual,82.8,95.2,6.8,7.1,6.7,5.3,7.7,9.0,6.8,6.2,6.8,7.5,6.8,8.9,6.0,45,7,7.2,85.6,4.7,688.0,4.6,58.8,"Adaptability,Collaboration,Technical expertise",Improved test coverage from 45% to 82%,"Collaboration,Initiative","Time estimation,Public speaking,Strategic thinking","Documentation,Time estimation","Complete Agile Course, improve stakeholder management",Needs to focus on delivery timelines and communication.,Focus on documentation,False,True,3,True,"Leadership Training,Data Analysis Bootcamp",Outstanding,Shows great initiative and is a reliable team member.,9.6,A pleasure to work with — highly recommended for future teams.,Ready in 6-12 months,3,1000,"Leadership Training,Data Analysis Bootcamp",2025-12-16,True,2024-12-16 13:00:00,2024-12-16 08:45:00
REV0143,EMP062,EMP093,2024-01-14,2024-04-13,2024-05-02,Quarterly,93.6,98.6,7.9,8.9,8.2,8.1,7.7,7.8,5.4,6.4,2.9,6.4,6.4,7.7,7.1,101,7,8.8,100.0,13.7,980.0,4.7,78.9,"Adaptability,Communication,Reliability,Attention to detail",Reduced system latency by 40%,"Time management,Problem solving,Adaptability","Process adherence,Stakeholder management,Work-life balance","Stakeholder management,Cross-team communication,Work-life balance","Complete Communication Workshop, improve cross-team communication",Has significant potential for growth with focused development.,Focus on documentation,False,True,7,True,"Python Advanced,Leadership Training",Meets Expectations,Demonstrates strong technical skills with room for soft-skill growth.,7.7,A pleasure to work with — highly recommended for future teams.,Ready in 6-12 months,7,2000,"Python Advanced,Leadership Training",2024-07-31,True,2024-05-02 18:00:00,2024-05-02 18:00:00
REV0144,EMP025,EMP086,2022-07-30,2023-07-25,2023-08-05,Annual,87.8,86.1,7.3,7.6,8.4,6.4,8.9,8.5,7.2,7.6,5.8,6.0,6.5,8.0,7.2,136,1,7.1,91.0,-2.1,696.0,26.3,76.8,"Communication,Technical expertise,Collaboration,Leadership",Resolved major production incident within SLA,Attention to detail,Stakeholder management,"Strategic thinking,Cross-team communication,Documentation","Complete Technical Writing, improve documentation",Shows great initiative and is a reliable team member.,Focus on public speaking,False,True,10,True,"Scrum Master Training,Agile Course",Needs Improvement,Shows great initiative and is a reliable team member.,7.0,A pleasure to work with — highly recommended for future teams.,Not Ready,10,2000,"Scrum Master Training,Agile Course",2024-08-04,False,2023-08-05 10:30:00,2023-08-05 10:15:00
REV0145,EMP033,EMP017,2023-08-07,2023-11-05,2023-11-19,Quarterly,70.6,61.4,7.5,5.8,6.0,6.3,5.3,5.1,7.5,6.7,5.2,7.5,6.1,7.2,5.9,119,3,7.8,98.0,-22.3,647.0,60.6,72.3,"Communication,Technical expertise,Reliability",Automated deployment pipeline saving 5hrs/week,Innovation,"Cross-team communication,Public speaking","Conflict resolution,Cross-team communication","Complete AWS Certification, improve documentation",Outstanding performance this period — exceeds on all fronts.,Focus on public speaking,False,True,10,False,Communication Workshop,Exceeds Expectations,Demonstrates strong technical skills with room for soft-skill growth.,6.6,"Great collaborator, always willing to help the team.",Not Ready,10,0,Communication Workshop,2024-02-17,True,2023-11-19 13:45:00,2023-11-19 16:45:00
REV0146,EMP009,EMP076,2023-04-01,2023-06-30,2023-07-18,Quarterly,87.3,80.1,8.0,7.1,8.8,8.2,7.0,8.3,7.8,8.2,6.4,5.8,6.4,6.5,6.9,74,1,7.3,100.0,10.7,815.0,27.2,80.4,"Reliability,Problem solving,Leadership,Attention to detail",Resolved major production incident within SLA,Reliability,"Time estimation,Conflict resolution,Cross-team communication","Delegation,Time estimation,Strategic thinking","Complete Python Advanced, improve time estimation",Needs to focus on delivery timelines and communication.,Focus on stakeholder management,False,True,10,False,Python Advanced,Outstanding,Demonstrates strong technical skills with room for soft-skill growth.,8.4,"Strong technical contributor, great pair-programming partner.",Not Ready,10,5000,Python Advanced,2023-10-16,True,2023-07-18 10:00:00,2023-07-18 08:45:00
REV0147,EMP035,EMP097,2023-02-17,2024-02-12,2024-02-29,Annual,89.6,83.7,7.9,7.6,6.8,8.9,9.9,9.2,5.5,8.1,7.9,6.3,7.5,7.0,8.8,104,4,7.9,71.0,8.0,1068.0,21.0,83.0,"Collaboration,Technical expertise,Communication,Attention to detail",Won internal hackathon with innovative prototype,"Problem solving,Communication,Attention to detail","Public speaking,Conflict resolution,Stakeholder management","Cross-team communication,Delegation","Complete Cloud Architecture, improve work-life balance",A dependable contributor who meets expectations consistently.,Focus on strategic thinking,True,True,15,False,"PMP Certification,Data Analysis Bootcamp",Meets Expectations,Excellent collaborator who elevates the entire team.,9.0,Could improve on proactively sharing updates.,Ready Now,15,5000,"PMP Certification,Data Analysis Bootcamp",2025-02-28,True,2024-02-29 17:30:00,2024-02-29 08:15:00
REV0148,EMP083,EMP003,2025-01-14,2026-01-09,2026-01-29,Annual,100.0,94.6,9.8,8.7,8.8,9.2,9.3,8.7,8.2,6.4,5.5,3.4,6.4,8.8,4.5,16,1,6.5,87.3,-26.9,1138.0,41.4,88.9,"Attention to detail,Mentoring,Innovation",Resolved major production incident within SLA,"Problem solving,Time management,Innovation","Public speaking,Stakeholder management,Documentation","Strategic thinking,Cross-team communication,Time estimation","Complete Leadership Training, improve public speaking",A dependable contributor who meets expectations consistently.,Focus on delegation,False,True,3,True,"PMP Certification,Communication Workshop",Meets Expectations,Shows great initiative and is a reliable team member.,7.3,A pleasure to work with — highly recommended for future teams.,Ready in 6-12 months,3,0,"PMP Certification,Communication Workshop",2027-01-29,False,2026-01-29 18:30:00,2026-01-29 11:15:00
REV0149,EMP064,EMP054,2024-07-22,2025-07-17,2025-07-23,Annual,71.7,71.1,8.2,7.4,6.6,5.6,8.9,7.1,6.2,7.0,5.3,3.9,7.3,9.3,5.0,86,8,7.6,73.5,6.3,1324.0,5.3,67.0,"Adaptability,Leadership,Technical expertise,Reliability",Resolved major production incident within SLA,Attention to detail,"Cross-team communication,Public speaking,Conflict resolution",Stakeholder management,"Complete Cloud Architecture, improve stakeholder management",Demonstrates strong technical skills with room for soft-skill growth.,Focus on stakeholder management,False,True,15,False,AWS Certification,Exceeds Expectations,Excellent collaborator who elevates the entire team.,6.3,A pleasure to work with — highly recommended for future teams.,Not Ready,15,0,AWS Certification,2026-07-23,False,2025-07-23 12:15:00,2025-07-23 18:00:00
REV0150,EMP089,EMP085,2025-10-11,2026-01-09,2026-01-22,Quarterly,68.3,81.7,6.1,5.9,6.3,6.0,5.8,6.2,7.9,7.3,6.6,7.4,7.7,7.4,6.4,131,1,7.7,62.9,-2.5,1350.0,15.9,100.0,"Reliability,Initiative,Technical expertise,Time management",Mentored 2 junior team members,"Attention to detail,Mentoring,Reliability","Cross-team communication,Conflict resolution","Work-life balance,Documentation","Complete Communication Workshop, improve documentation",Excellent collaborator who elevates the entire team.,Focus on strategic thinking,False,False,0,False,"Scrum Master Training,Python Advanced",Meets Expectations,Shows great initiative and is a reliable team member.,5.2,A pleasure to work with — highly recommended for future teams.,Not Ready,0,0,"Scrum Master Training,Python Advanced",2026-04-22,False,2026-01-22 08:15:00,2026-01-22 14:00:00
REV0151,EMP032,EMP035,2023-08-18,2023-11-16,2023-12-01,Quarterly,95.6,98.6,9.1,8.5,8.9,9.0,8.3,8.7,6.7,5.4,7.8,9.3,6.0,8.5,6.0,94,2,7.6,100.0,-6.2,1101.0,29.6,64.3,"Technical expertise,Mentoring",Improved test coverage from 45% to 82%,Problem solving,"Documentation,Strategic thinking","Delegation,Strategic thinking","Complete Leadership Training, improve strategic thinking",Shows great initiative and is a reliable team member.,Focus on documentation,False,True,15,True,"Communication Workshop,AWS Certification,Technical Writing",Outstanding,Strong performer who consistently delivers high-quality work.,8.7,Could improve on proactively sharing updates.,Not Ready,15,5000,"Communication Workshop,AWS Certification,Technical Writing",2024-02-29,True,2023-12-01 13:00:00,2023-12-01 10:00:00
REV0152,EMP057,EMP006,2025-03-28,2025-06-26,2025-07-10,Quarterly,56.1,59.2,4.8,5.8,5.2,2.5,5.9,4.7,5.5,6.7,3.8,5.3,7.2,7.7,7.4,125,2,7.5,73.7,-0.7,681.0,7.6,73.2,"Attention to detail,Technical expertise",Mentored 2 junior team members,"Innovation,Leadership,Adaptability","Cross-team communication,Stakeholder management","Stakeholder management,Documentation,Process adherence","Complete Scrum Master Training, improve process adherence",Strong performer who consistently delivers high-quality work.,Focus on process adherence,False,False,0,True,"Cloud Architecture,AWS Certification",Exceeds Expectations,A dependable contributor who meets expectations consistently.,4.9,A pleasure to work with — highly recommended for future teams.,Ready in 6-12 months,0,0,"Cloud Architecture,AWS Certification",2025-10-08,False,2025-07-10 11:00:00,2025-07-10 09:00:00
REV0153,EMP077,EMP011,2022-12-21,2023-12-16,2023-12-25,Annual,73.5,62.1,8.1,6.8,8.4,8.4,5.3,6.9,7.1,6.7,7.2,6.8,6.2,7.5,8.4,145,5,7.7,89.5,-3.3,884.0,5.3,71.1,"Initiative,Adaptability,Mentoring",Reduced system latency by 40%,Technical expertise,Delegation,Conflict resolution,"Complete Cloud Architecture, improve cross-team communication",Demonstrates strong technical skills with room for soft-skill growth.,Focus on strategic thinking,False,True,5,True,"PMP Certification,Data Analysis Bootcamp,Agile Course",Meets Expectations,Strong performer who consistently delivers high-quality work.,8.0,A pleasure to work with — highly recommended for future teams.,Not Ready,5,0,"PMP Certification,Data Analysis Bootcamp,Agile Course",2024-12-24,False,2023-12-25 17:15:00,2023-12-25 08:15:00
REV0154,EMP065,EMP086,2025-05-25,2026-05-20,2026-05-26,Annual,79.4,75.6,7.9,6.7,7.3,5.9,7.8,8.3,7.6,8.4,6.5,7.8,7.1,6.5,7.3,123,6,6.5,100.0,-4.0,756.0,0.3,84.6,"Reliability,Leadership",Delivered critical feature with zero post-release bugs,"Mentoring,Initiative,Adaptability",Strategic thinking,"Strategic thinking,Stakeholder management,Conflict resolution","Complete Scrum Master Training, improve strategic thinking",Strong performer who consistently delivers high-quality work.,Focus on delegation,True,True,0,False,AWS Certification,Meets Expectations,Excellent collaborator who elevates the entire team.,6.1,Could improve on proactively sharing updates.,Ready Now,0,5000,AWS Certification,2027-05-26,False,2026-05-26 17:15:00,2026-05-26 11:45:00
REV0155,EMP095,EMP052,2024-03-21,2024-06-19,2024-06-30,Quarterly,89.6,95.6,7.5,6.7,7.8,6.4,7.6,8.7,6.9,6.3,7.3,7.6,6.6,7.6,7.6,117,3,7.9,82.5,17.2,1261.0,6.6,89.8,"Time management,Technical expertise",Led successful product launch ahead of schedule,"Problem solving,Communication,Collaboration",Strategic thinking,"Delegation,Strategic thinking","Complete Leadership Training, improve documentation",A dependable contributor who meets expectations consistently.,Focus on work-life balance,True,True,3,True,Communication Workshop,Meets Expectations,Excellent collaborator who elevates the entire team.,8.7,Brings strong expertise and shares knowledge freely.,Ready Now,3,2000,Communication Workshop,2024-09-28,False,2024-06-30 11:00:00,2024-06-30 10:30:00
REV0156,EMP013,EMP004,2024-08-13,2025-08-08,2025-08-17,Annual,64.5,50.0,5.5,6.8,6.1,6.7,6.5,4.8,6.9,8.3,4.8,7.3,7.0,5.7,7.1,112,2,6.7,68.0,0.1,871.0,14.6,87.7,"Collaboration,Mentoring",Automated deployment pipeline saving 5hrs/week,"Communication,Attention to detail,Adaptability",Strategic thinking,"Public speaking,Stakeholder management","Complete Agile Course, improve time estimation",A dependable contributor who meets expectations consistently.,Focus on stakeholder management,False,False,0,True,Communication Workshop,Needs Improvement,Outstanding performance this period — exceeds on all fronts.,4.2,"Strong technical contributor, great pair-programming partner.",Not Ready,0,0,Communication Workshop,2026-08-17,False,2025-08-17 11:00:00,2025-08-17 17:15:00
REV0157,EMP069,EMP044,2023-08-02,2023-10-31,2023-11-15,Project-based,66.2,87.0,5.1,5.5,4.9,5.8,7.1,5.1,4.5,8.4,8.7,4.4,7.5,7.7,6.1,78,1,6.1,93.9,2.1,1104.0,71.1,81.3,"Communication,Attention to detail,Adaptability",Resolved major production incident within SLA,"Adaptability,Problem solving,Communication","Delegation,Public speaking","Cross-team communication,Work-life balance,Strategic thinking","Complete Technical Writing, improve work-life balance",Needs to focus on delivery timelines and communication.,Focus on process adherence,False,False,0,True,"Agile Course,PMP Certification",Meets Expectations,Needs to focus on delivery timelines and communication.,6.2,Reliable and communicates blockers early.,Not Ready,0,0,"Agile Course,PMP Certification",2024-11-14,True,2023-11-15 17:45:00,2023-11-15 18:00:00
REV0158,EMP027,EMP036,2023-10-07,2024-01-05,2024-01-24,Quarterly,62.3,77.0,4.9,4.3,6.1,5.9,5.2,5.3,7.3,7.0,7.9,9.7,5.1,8.7,7.1,75,7,8.9,90.7,0.7,775.0,9.2,88.6,"Innovation,Adaptability,Communication",Mentored 2 junior team members,Problem solving,"Conflict resolution,Work-life balance","Process adherence,Work-life balance","Complete PMP Certification, improve delegation",Outstanding performance this period — exceeds on all fronts.,Focus on strategic thinking,False,False,0,True,"Leadership Training,Technical Writing,PMP Certification",Needs Improvement,Needs to focus on delivery timelines and communication.,6.1,Reliable and communicates blockers early.,Not Ready,0,0,"Leadership Training,Technical Writing,PMP Certification",2024-04-23,False,2024-01-24 12:45:00,2024-01-24 08:15:00
REV0159,EMP057,EMP036,2024-07-01,2025-06-26,2025-07-09,Annual,49.9,62.7,4.6,2.4,4.0,4.5,4.2,2.2,8.6,7.4,7.1,6.2,7.6,9.3,6.1,34,6,9.2,86.8,-10.4,1321.0,18.6,71.0,"Attention to detail,Initiative,Reliability",Mentored 2 junior team members,Problem solving,"Public speaking,Conflict resolution,Delegation","Documentation,Work-life balance","Complete Communication Workshop, improve strategic thinking",Demonstrates strong technical skills with room for soft-skill growth.,Focus on delegation,False,False,0,True,PMP Certification,Exceeds Expectations,Has significant potential for growth with focused development.,5.5,"Strong technical contributor, great pair-programming partner.",Ready in 6-12 months,0,0,PMP Certification,2026-07-09,False,2025-07-09 16:30:00,2025-07-09 08:30:00
REV0160,EMP037,EMP053,2025-03-20,2026-03-15,2026-04-01,Annual,97.8,76.9,8.9,10.0,8.6,8.7,9.6,8.7,7.4,7.9,5.9,7.8,6.4,6.8,5.2,118,1,7.0,72.2,-4.8,978.0,8.8,68.7,"Communication,Innovation,Leadership,Adaptability",Resolved major production incident within SLA,"Mentoring,Time management,Problem solving","Delegation,Process adherence,Stakeholder management","Delegation,Cross-team communication","Complete Scrum Master Training, improve delegation",Demonstrates strong technical skills with room for soft-skill growth.,Focus on documentation,False,True,3,True,"Technical Writing,Python Advanced",Exceeds Expectations,Needs to focus on delivery timelines and communication.,10.0,"Strong technical contributor, great pair-programming partner.",Not Ready,3,10000,"Technical Writing,Python Advanced",2027-04-01,False,2026-04-01 13:30:00,2026-04-01 11:45:00
REV0161,EMP055,EMP058,2025-01-21,2025-04-21,2025-05-05,Project-based,56.7,74.1,4.6,5.6,4.8,3.8,4.7,5.8,7.4,8.3,7.0,4.9,9.3,7.9,7.6,98,1,7.1,95.4,-13.1,1054.0,0.4,70.3,"Communication,Initiative",Won internal hackathon with innovative prototype,Innovation,"Stakeholder management,Cross-team communication",Work-life balance,"Complete Scrum Master Training, improve delegation",Demonstrates strong technical skills with room for soft-skill growth.,Focus on public speaking,False,False,0,True,"AWS Certification,PMP Certification",Needs Improvement,Has significant potential for growth with focused development.,4.1,"Great collaborator, always willing to help the team.",Not Ready,0,0,"AWS Certification,PMP Certification",2026-05-05,False,2025-05-05 18:15:00,2025-05-05 08:45:00
REV0162,EMP004,EMP033,2023-09-22,2023-12-21,2023-12-28,Project-based,81.9,62.3,7.7,8.7,8.3,8.2,8.3,7.0,7.7,5.3,5.5,8.5,6.6,5.6,9.4,113,5,8.1,91.2,-11.8,765.0,43.4,82.4,"Reliability,Attention to detail,Problem solving",Led successful product launch ahead of schedule,Time management,"Documentation,Strategic thinking","Cross-team communication,Time estimation","Complete AWS Certification, improve time estimation",Demonstrates strong technical skills with room for soft-skill growth.,Focus on cross-team communication,False,True,3,True,"Scrum Master Training,Technical Writing,AWS Certification",Meets Expectations,Needs to focus on delivery timelines and communication.,8.3,Brings strong expertise and shares knowledge freely.,Not Ready,3,1000,"Scrum Master Training,Technical Writing,AWS Certification",2024-12-27,False,2023-12-28 17:30:00,2023-12-28 17:15:00
REV0163,EMP065,EMP073,2025-05-25,2026-05-20,2026-06-02,Annual,86.0,66.8,9.5,6.5,7.6,6.4,7.7,9.1,5.8,6.7,7.4,6.9,7.2,6.5,6.9,66,1,8.6,62.7,-8.4,1393.0,20.4,79.6,"Problem solving,Innovation,Adaptability",Automated deployment pipeline saving 5hrs/week,"Mentoring,Initiative,Reliability",Work-life balance,"Documentation,Public speaking,Conflict resolution","Complete Technical Writing, improve strategic thinking",Needs to focus on delivery timelines and communication.,Focus on cross-team communication,False,True,3,True,"Data Analysis Bootcamp,Scrum Master Training,Agile Course",Meets Expectations,Has significant potential for growth with focused development.,7.6,"Strong technical contributor, great pair-programming partner.",Not Ready,3,10000,"Data Analysis Bootcamp,Scrum Master Training,Agile Course",2027-06-02,False,2026-06-02 17:00:00,2026-06-02 14:00:00
REV0164,EMP031,EMP030,2025-10-11,2026-01-09,2026-01-22,Project-based,52.8,51.1,4.5,4.5,5.7,3.7,5.1,4.5,6.1,6.8,7.0,7.9,6.7,6.3,8.2,89,2,6.6,85.1,-0.3,1158.0,1.4,82.3,"Leadership,Mentoring,Innovation,Attention to detail",Mentored 2 junior team members,Attention to detail,Strategic thinking,"Cross-team communication,Process adherence","Complete Agile Course, improve conflict resolution",Needs to focus on delivery timelines and communication.,Focus on cross-team communication,False,False,0,False,Python Advanced,Meets Expectations,A dependable contributor who meets expectations consistently.,3.0,"Strong technical contributor, great pair-programming partner.",Not Ready,0,0,Python Advanced,2027-01-22,False,2026-01-22 14:15:00,2026-01-22 14:00:00
REV0165,EMP002,EMP042,2023-11-24,2024-02-22,2024-03-02,Quarterly,80.9,78.4,8.5,7.5,6.5,5.0,7.1,5.6,6.2,6.9,5.5,6.9,6.7,7.2,4.1,98,8,6.2,89.7,9.7,988.0,13.9,72.6,"Problem solving,Attention to detail",Resolved major production incident within SLA,"Communication,Initiative","Delegation,Process adherence,Time estimation",Stakeholder management,"Complete AWS Certification, improve time estimation",Strong performer who consistently delivers high-quality work.,Focus on conflict resolution,False,True,3,True,"AWS Certification,Python Advanced",Needs Improvement,Has significant potential for growth with focused development.,6.5,Could improve on proactively sharing updates.,Ready in 6-12 months,3,0,"AWS Certification,Python Advanced",2024-05-31,True,2024-03-02 13:15:00,2024-03-02 11:00:00
REV0166,EMP087,EMP085,2024-02-20,2025-02-14,2025-02-25,Annual,56.4,69.9,4.8,4.7,5.0,6.7,5.5,5.1,6.4,7.8,7.4,5.5,7.8,7.3,7.0,128,1,6.6,77.2,-12.4,1269.0,24.1,71.7,"Reliability,Initiative,Problem solving,Innovation",Led successful product launch ahead of schedule,Innovation,"Conflict resolution,Process adherence,Documentation",Delegation,"Complete PMP Certification, improve delegation",Strong performer who consistently delivers high-quality work.,Focus on strategic thinking,False,False,0,False,AWS Certification,Needs Improvement,Excellent collaborator who elevates the entire team.,3.4,"Strong technical contributor, great pair-programming partner.",Not Ready,0,0,AWS Certification,2026-02-25,False,2025-02-25 18:00:00,2025-02-25 11:00:00
REV0167,EMP086,EMP030,2022-11-24,2023-11-19,2023-11-25,Annual,87.0,59.3,8.3,7.7,7.3,7.5,8.0,7.2,6.0,5.5,6.9,5.3,7.0,8.1,7.2,121,2,6.8,92.9,-4.9,1252.0,14.3,79.7,"Attention to detail,Reliability,Leadership",Won internal hackathon with innovative prototype,Leadership,"Delegation,Work-life balance,Cross-team communication",Public speaking,"Complete PMP Certification, improve strategic thinking",Needs to focus on delivery timelines and communication.,Focus on delegation,False,True,5,True,Leadership Training,Meets Expectations,Shows great initiative and is a reliable team member.,7.5,"Strong technical contributor, great pair-programming partner.",Ready in 6-12 months,5,0,Leadership Training,2024-11-24,False,2023-11-25 12:30:00,2023-11-25 08:00:00
REV0168,EMP028,EMP062,2025-09-19,2025-12-18,2026-01-01,Project-based,69.1,62.9,6.9,6.2,5.3,5.3,3.8,7.0,6.8,4.6,4.5,6.3,5.6,8.3,7.5,142,2,7.9,50.7,-6.3,1170.0,95.3,79.0,"Communication,Collaboration,Problem solving,Time management",Reduced system latency by 40%,"Initiative,Time management,Mentoring","Cross-team communication,Time estimation,Strategic thinking",Strategic thinking,"Complete Leadership Training, improve stakeholder management",Strong performer who consistently delivers high-quality work.,Focus on delegation,False,False,0,True,"Technical Writing,Scrum Master Training,Communication Workshop",Meets Expectations,Strong performer who consistently delivers high-quality work.,5.8,A pleasure to work with — highly recommended for future teams.,Not Ready,0,0,"Technical Writing,Scrum Master Training,Communication Workshop",2027-01-01,False,2026-01-01 09:30:00,2026-01-01 11:45:00
REV0169,EMP097,EMP041,2022-08-26,2023-08-21,2023-08-27,Annual,77.9,81.4,7.7,7.0,9.1,7.7,7.0,6.6,8.6,8.3,4.5,8.1,6.8,6.6,4.6,50,6,7.2,81.9,19.0,999.0,9.3,87.9,"Communication,Innovation",Delivered critical feature with zero post-release bugs,"Adaptability,Mentoring,Time management",Documentation,Conflict resolution,"Complete PMP Certification, improve documentation",Excellent collaborator who elevates the entire team.,Focus on work-life balance,False,True,15,True,"Scrum Master Training,Data Analysis Bootcamp,Leadership Training",Needs Improvement,Strong performer who consistently delivers high-quality work.,7.3,"Strong technical contributor, great pair-programming partner.",Ready in 6-12 months,15,2000,"Scrum Master Training,Data Analysis Bootcamp,Leadership Training",2024-08-26,False,2023-08-27 11:15:00,2023-08-27 17:45:00
REV0170,EMP067,EMP047,2025-10-11,2026-01-09,2026-01-19,Quarterly,61.5,68.7,6.0,5.3,3.0,3.7,6.1,3.7,8.4,8.3,6.6,7.5,7.6,7.4,5.4,128,1,8.5,98.9,-14.5,652.0,15.9,89.3,"Problem solving,Leadership,Technical expertise",Mentored 2 junior team members,Adaptability,"Time estimation,Delegation,Stakeholder management","Delegation,Stakeholder management,Public speaking","Complete Scrum Master Training, improve process adherence",Excellent collaborator who elevates the entire team.,Focus on conflict resolution,False,False,0,False,"Agile Course,Communication Workshop",Meets Expectations,Demonstrates strong technical skills with room for soft-skill growth.,4.6,A pleasure to work with — highly recommended for future teams.,Not Ready,0,0,"Agile Course,Communication Workshop",2026-04-19,False,2026-01-19 15:15:00,2026-01-19 12:45:00
REV0171,EMP011,EMP056,2024-04-13,2024-07-12,2024-07-29,Quarterly,78.2,56.3,7.6,7.7,7.8,6.6,7.3,7.4,6.2,5.3,4.8,6.7,6.1,6.7,9.2,57,8,8.4,79.0,8.1,953.0,24.3,90.0,"Adaptability,Innovation,Communication,Mentoring",Won internal hackathon with innovative prototype,Collaboration,Cross-team communication,"Work-life balance,Time estimation,Stakeholder management","Complete Data Analysis Bootcamp, improve cross-team communication",A dependable contributor who meets expectations consistently.,Focus on time estimation,False,True,10,True,"Data Analysis Bootcamp,Technical Writing",Meets Expectations,Needs to focus on delivery timelines and communication.,7.6,Brings strong expertise and shares knowledge freely.,Not Ready,10,10000,"Data Analysis Bootcamp,Technical Writing",2024-10-27,False,2024-07-29 10:15:00,2024-07-29 08:00:00
REV0172,EMP065,EMP054,2026-02-19,2026-05-20,2026-06-09,Quarterly,69.6,66.5,5.8,7.1,6.3,4.3,6.0,6.8,6.7,6.5,7.0,8.7,7.5,8.8,6.3,118,7,7.5,81.7,1.4,1352.0,4.1,72.7,"Time management,Innovation,Mentoring,Collaboration",Led successful product launch ahead of schedule,Innovation,"Stakeholder management,Public speaking,Cross-team communication","Time estimation,Delegation,Cross-team communication","Complete Data Analysis Bootcamp, improve strategic thinking",Excellent collaborator who elevates the entire team.,Focus on delegation,False,False,0,True,"Technical Writing,PMP Certification,Leadership Training",Exceeds Expectations,Needs to focus on delivery timelines and communication.,7.1,"Great collaborator, always willing to help the team.",Not Ready,0,0,"Technical Writing,PMP Certification,Leadership Training",2026-09-07,True,2026-06-09 13:00:00,2026-06-09 18:15:00
REV0173,EMP034,EMP095,2024-06-11,2024-09-09,2024-09-18,Quarterly,92.5,100.0,9.9,6.3,9.5,8.4,9.7,7.3,8.7,6.4,8.0,6.8,7.8,7.5,4.8,80,4,4.4,84.5,-3.2,1082.0,7.1,85.3,"Communication,Technical expertise,Problem solving,Adaptability",Delivered critical feature with zero post-release bugs,"Communication,Innovation","Cross-team communication,Stakeholder management,Public speaking","Conflict resolution,Work-life balance","Complete Python Advanced, improve cross-team communication",Demonstrates strong technical skills with room for soft-skill growth.,Focus on delegation,False,True,10,True,"Data Analysis Bootcamp,Scrum Master Training,AWS Certification",Exceeds Expectations,Outstanding performance this period — exceeds on all fronts.,9.0,"Strong technical contributor, great pair-programming partner.",Ready in 6-12 months,10,2000,"Data Analysis Bootcamp,Scrum Master Training,AWS Certification",2024-12-17,False,2024-09-18 12:00:00,2024-09-18 10:45:00
REV0174,EMP001,EMP018,2023-09-28,2024-09-22,2024-10-10,Annual,65.9,69.1,4.9,6.0,5.5,4.3,7.6,5.0,7.0,6.3,6.9,5.3,7.9,9.5,6.0,149,7,8.7,77.4,18.1,1124.0,16.6,96.9,"Innovation,Communication,Reliability,Time management",Delivered critical feature with zero post-release bugs,"Communication,Attention to detail",Time estimation,Process adherence,"Complete Cloud Architecture, improve delegation",Excellent collaborator who elevates the entire team.,Focus on conflict resolution,False,False,0,False,Communication Workshop,Needs Improvement,Outstanding performance this period — exceeds on all fronts.,7.2,Could improve on proactively sharing updates.,Not Ready,0,0,Communication Workshop,2025-10-10,False,2024-10-10 18:00:00,2024-10-10 18:15:00
REV0175,EMP011,EMP046,2022-09-01,2023-08-27,2023-09-13,Annual,64.6,65.4,5.6,5.1,7.0,5.7,4.7,6.5,7.6,6.8,8.8,6.1,6.8,8.3,7.1,46,5,6.1,84.2,-5.0,651.0,21.2,95.4,"Adaptability,Leadership",Led successful product launch ahead of schedule,Collaboration,"Process adherence,Public speaking",Stakeholder management,"Complete Leadership Training, improve public speaking",Demonstrates strong technical skills with room for soft-skill growth.,Focus on process adherence,False,False,0,True,Python Advanced,Meets Expectations,Needs to focus on delivery timelines and communication.,5.9,Reliable and communicates blockers early.,Not Ready,0,0,Python Advanced,2024-09-12,True,2023-09-13 17:45:00,2023-09-13 13:30:00
REV0176,EMP088,EMP052,2023-10-26,2024-10-20,2024-11-01,Annual,73.8,69.4,6.6,6.9,8.7,5.6,6.7,5.6,7.7,7.6,8.6,8.1,7.4,7.0,7.2,107,7,7.4,93.4,9.9,903.0,6.2,100.0,"Time management,Initiative",Resolved major production incident within SLA,"Innovation,Communication,Technical expertise",Documentation,"Public speaking,Work-life balance,Conflict resolution","Complete Communication Workshop, improve strategic thinking",A dependable contributor who meets expectations consistently.,Focus on documentation,False,True,15,False,"Cloud Architecture,Technical Writing",Meets Expectations,A dependable contributor who meets expectations consistently.,5.9,"Great collaborator, always willing to help the team.",Ready in 6-12 months,15,0,"Cloud Architecture,Technical Writing",2025-11-01,False,2024-11-01 13:45:00,2024-11-01 11:45:00
REV0177,EMP052,EMP017,2024-02-22,2024-05-22,2024-06-09,Probationary,79.2,85.8,7.3,8.4,5.3,6.2,8.5,7.7,9.1,5.9,8.0,8.0,5.2,7.2,6.9,136,2,5.9,78.7,10.5,1187.0,34.6,84.5,"Adaptability,Leadership,Communication",Reduced system latency by 40%,"Problem solving,Collaboration","Stakeholder management,Work-life balance,Documentation","Work-life balance,Process adherence,Time estimation","Complete Technical Writing, improve public speaking",Strong performer who consistently delivers high-quality work.,Focus on time estimation,True,True,3,False,"Python Advanced,Communication Workshop",Exceeds Expectations,A dependable contributor who meets expectations consistently.,6.5,Could improve on proactively sharing updates.,Ready Now,3,0,"Python Advanced,Communication Workshop",2025-06-09,False,2024-06-09 12:15:00,2024-06-09 12:45:00
REV0178,EMP086,EMP021,2022-10-23,2023-10-18,2023-11-07,Annual,60.2,74.2,6.7,5.1,4.7,5.8,5.6,6.1,7.0,4.6,8.2,9.3,8.4,4.0,7.5,38,6,7.0,69.0,1.5,1298.0,36.3,75.5,"Adaptability,Problem solving,Time management,Innovation",Delivered critical feature with zero post-release bugs,Collaboration,"Cross-team communication,Work-life balance,Stakeholder management",Conflict resolution,"Complete AWS Certification, improve public speaking",Shows great initiative and is a reliable team member.,Focus on stakeholder management,False,False,0,True,PMP Certification,Meets Expectations,A dependable contributor who meets expectations consistently.,5.2,Brings strong expertise and shares knowledge freely.,Not Ready,0,0,PMP Certification,2024-11-06,True,2023-11-07 13:45:00,2023-11-07 17:00:00
REV0179,EMP040,EMP006,2024-09-12,2024-12-11,2024-12-22,Probationary,37.7,34.1,1.9,2.2,3.2,4.7,3.0,2.7,5.6,7.2,8.2,9.2,7.3,7.6,6.3,114,7,7.1,89.6,-3.8,856.0,89.4,84.0,"Reliability,Communication,Attention to detail",Won internal hackathon with innovative prototype,Attention to detail,"Stakeholder management,Delegation,Public speaking","Strategic thinking,Time estimation","Complete Data Analysis Bootcamp, improve delegation",Strong performer who consistently delivers high-quality work.,Focus on stakeholder management,False,False,0,False,"Technical Writing,Agile Course",Meets Expectations,A dependable contributor who meets expectations consistently.,3.9,Reliable and communicates blockers early.,Not Ready,0,0,"Technical Writing,Agile Course",2025-12-22,False,2024-12-22 16:00:00,2024-12-22 12:45:00
REV0180,EMP081,EMP035,2023-10-25,2024-10-19,2024-11-02,Annual,59.1,82.8,7.5,4.9,5.7,5.9,6.4,5.1,4.8,7.5,6.7,6.4,6.9,7.6,7.4,111,1,7.8,79.4,4.6,1385.0,58.6,90.6,"Communication,Leadership,Reliability",Won internal hackathon with innovative prototype,"Reliability,Communication","Documentation,Time estimation,Process adherence",Work-life balance,"Complete Scrum Master Training, improve strategic thinking",Demonstrates strong technical skills with room for soft-skill growth.,Focus on conflict resolution,False,False,0,True,"Technical Writing,PMP Certification",Needs Improvement,Excellent collaborator who elevates the entire team.,3.8,"Strong technical contributor, great pair-programming partner.",Not Ready,0,0,"Technical Writing,PMP Certification",2025-11-02,True,2024-11-02 16:45:00,2024-11-02 09:15:00
REV0181,EMP042,EMP095,2023-04-27,2023-07-26,2023-08-09,Quarterly,58.3,68.8,5.8,4.4,5.0,2.2,4.2,4.3,7.1,7.6,6.4,6.3,6.6,8.2,7.3,132,3,7.2,97.5,23.4,1062.0,1.4,88.4,"Initiative,Mentoring,Collaboration",Delivered critical feature with zero post-release bugs,"Leadership,Reliability,Technical expertise",Delegation,"Stakeholder management,Public speaking","Complete Agile Course, improve cross-team communication",Has significant potential for growth with focused development.,Focus on documentation,False,False,0,True,"Agile Course,Leadership Training",Exceeds Expectations,Shows great initiative and is a reliable team member.,4.5,A pleasure to work with — highly recommended for future teams.,Not Ready,0,0,"Agile Course,Leadership Training",2023-11-07,False,2023-08-09 18:30:00,2023-08-09 17:45:00
REV0182,EMP020,EMP058,2023-11-08,2024-02-06,2024-02-12,Quarterly,84.1,80.3,8.1,8.3,6.4,7.0,5.8,7.5,5.9,7.6,4.2,6.2,8.1,6.8,4.7,45,4,7.8,75.0,-2.2,917.0,113.6,86.1,"Initiative,Adaptability,Communication",Won internal hackathon with innovative prototype,"Reliability,Initiative","Cross-team communication,Public speaking,Process adherence","Strategic thinking,Documentation","Complete AWS Certification, improve public speaking",Needs to focus on delivery timelines and communication.,Focus on conflict resolution,False,True,15,False,AWS Certification,Outstanding,Shows great initiative and is a reliable team member.,7.4,A pleasure to work with — highly recommended for future teams.,Not Ready,15,10000,AWS Certification,2024-05-12,False,2024-02-12 10:45:00,2024-02-12 15:45:00
REV0183,EMP039,EMP091,2025-02-05,2026-01-31,2026-02-09,Annual,51.0,92.9,4.3,4.8,4.1,3.6,4.0,5.2,5.3,7.6,3.4,7.1,7.9,6.2,7.8,40,6,7.6,100.0,-10.3,651.0,16.8,67.5,"Communication,Innovation,Technical expertise,Reliability",Mentored 2 junior team members,"Adaptability,Attention to detail,Problem solving","Work-life balance,Stakeholder management,Process adherence",Public speaking,"Complete Agile Course, improve stakeholder management",Has significant potential for growth with focused development.,Focus on stakeholder management,False,False,0,False,"Agile Course,Leadership Training,Technical Writing",Meets Expectations,Excellent collaborator who elevates the entire team.,4.7,"Strong technical contributor, great pair-programming partner.",Not Ready,0,0,"Agile Course,Leadership Training,Technical Writing",2027-02-09,True,2026-02-09 10:00:00,2026-02-09 16:30:00
REV0184,EMP097,EMP005,2023-05-28,2023-08-26,2023-09-03,Quarterly,74.0,78.1,6.7,6.2,5.5,6.4,7.0,7.4,9.3,4.8,6.4,8.2,6.9,5.2,5.5,144,5,7.8,85.5,8.1,891.0,25.1,87.2,"Communication,Innovation,Technical expertise,Leadership",Improved test coverage from 45% to 82%,"Attention to detail,Mentoring,Communication","Documentation,Work-life balance","Process adherence,Strategic thinking,Work-life balance","Complete Cloud Architecture, improve work-life balance",Excellent collaborator who elevates the entire team.,Focus on time estimation,False,True,3,False,"Communication Workshop,AWS Certification,Leadership Training",Needs Improvement,Excellent collaborator who elevates the entire team.,6.1,A pleasure to work with — highly recommended for future teams.,Not Ready,3,0,"Communication Workshop,AWS Certification,Leadership Training",2023-12-02,False,2023-09-03 13:30:00,2023-09-03 10:45:00
REV0185,EMP010,EMP086,2024-02-04,2024-05-04,2024-05-17,Quarterly,100.0,80.9,9.0,8.3,10.0,9.0,8.6,8.8,9.2,6.2,4.0,7.1,7.3,8.2,7.8,112,3,9.3,61.4,-14.4,920.0,6.1,88.6,"Collaboration,Reliability",Delivered critical feature with zero post-release bugs,Reliability,"Time estimation,Work-life balance","Conflict resolution,Delegation,Strategic thinking","Complete Cloud Architecture, improve work-life balance",Excellent collaborator who elevates the entire team.,Focus on public speaking,False,True,7,False,"Agile Course,Scrum Master Training,Cloud Architecture",Meets Expectations,Demonstrates strong technical skills with room for soft-skill growth.,8.1,"Great collaborator, always willing to help the team.",Not Ready,7,5000,"Agile Course,Scrum Master Training,Cloud Architecture",2024-08-15,False,2024-05-17 16:00:00,2024-05-17 18:45:00
REV0186,EMP009,EMP052,2022-09-05,2023-08-31,2023-09-16,Annual,77.8,89.5,5.4,7.4,6.2,7.2,6.3,8.5,5.9,4.5,5.4,6.5,8.2,6.2,5.5,100,5,8.5,65.5,-2.1,717.0,5.9,78.4,"Collaboration,Technical expertise",Delivered critical feature with zero post-release bugs,"Problem solving,Initiative",Cross-team communication,Work-life balance,"Complete Data Analysis Bootcamp, improve stakeholder management",Shows great initiative and is a reliable team member.,Focus on documentation,False,True,10,True,"AWS Certification,Python Advanced",Meets Expectations,Has significant potential for growth with focused development.,6.5,Reliable and communicates blockers early.,Not Ready,10,2000,"AWS Certification,Python Advanced",2024-09-15,False,2023-09-16 14:15:00,2023-09-16 13:45:00
REV0187,EMP062,EMP095,2023-07-11,2023-10-09,2023-10-22,Quarterly,86.4,100.0,8.3,9.4,8.6,5.8,7.9,6.9,5.0,6.7,7.9,7.1,5.5,7.0,6.8,17,3,5.8,90.6,-2.7,1126.0,11.5,71.0,"Innovation,Adaptability",Delivered critical feature with zero post-release bugs,"Adaptability,Innovation,Mentoring","Conflict resolution,Documentation,Strategic thinking",Process adherence,"Complete PMP Certification, improve process adherence",Shows great initiative and is a reliable team member.,Focus on conflict resolution,True,True,15,True,"Data Analysis Bootcamp,Cloud Architecture,Scrum Master Training",Exceeds Expectations,Outstanding performance this period — exceeds on all fronts.,6.6,Reliable and communicates blockers early.,Ready Now,15,1000,"Data Analysis Bootcamp,Cloud Architecture,Scrum Master Training",2024-01-20,False,2023-10-22 09:00:00,2023-10-22 09:15:00
REV0188,EMP012,EMP030,2025-11-02,2026-01-31,2026-02-06,Quarterly,81.3,63.8,5.1,7.7,9.5,6.7,5.8,6.8,6.8,6.0,2.9,6.7,6.1,9.3,7.1,36,5,8.0,80.6,1.1,1043.0,12.7,93.0,"Technical expertise,Innovation,Attention to detail",Mentored 2 junior team members,"Technical expertise,Adaptability","Time estimation,Process adherence,Work-life balance",Documentation,"Complete Scrum Master Training, improve work-life balance",Has significant potential for growth with focused development.,Focus on public speaking,True,True,3,True,"PMP Certification,Communication Workshop,Leadership Training",Needs Improvement,A dependable contributor who meets expectations consistently.,5.9,Brings strong expertise and shares knowledge freely.,Ready Now,3,10000,"PMP Certification,Communication Workshop,Leadership Training",2026-05-07,False,2026-02-06 16:30:00,2026-02-06 08:45:00
REV0189,EMP064,EMP056,2024-07-22,2025-07-17,2025-07-27,Annual,66.3,73.2,6.5,7.8,6.2,4.4,5.9,6.6,8.2,5.4,6.9,5.7,6.4,8.3,7.9,110,2,6.8,80.1,-6.4,870.0,17.6,100.0,"Leadership,Attention to detail,Problem solving,Collaboration",Improved test coverage from 45% to 82%,Technical expertise,"Process adherence,Conflict resolution","Stakeholder management,Cross-team communication,Delegation","Complete Data Analysis Bootcamp, improve work-life balance",Strong performer who consistently delivers high-quality work.,Focus on strategic thinking,False,False,0,True,Technical Writing,Exceeds Expectations,Strong performer who consistently delivers high-quality work.,6.4,A pleasure to work with — highly recommended for future teams.,Not Ready,0,0,Technical Writing,2026-07-27,True,2025-07-27 15:30:00,2025-07-27 12:30:00
REV0190,EMP014,EMP003,2026-01-28,2026-04-28,2026-05-14,Quarterly,100.0,94.0,8.8,8.9,8.8,7.9,10.0,9.1,8.2,7.9,5.0,4.7,5.6,7.1,7.2,62,7,6.9,90.4,-6.3,884.0,30.4,83.8,"Innovation,Mentoring",Reduced system latency by 40%,"Problem solving,Mentoring",Public speaking,Time estimation,"Complete Data Analysis Bootcamp, improve delegation",Demonstrates strong technical skills with room for soft-skill growth.,Focus on public speaking,False,True,7,True,"Scrum Master Training,PMP Certification",Meets Expectations,Needs to focus on delivery timelines and communication.,9.6,"Strong technical contributor, great pair-programming partner.",Ready in 6-12 months,7,1000,"Scrum Master Training,PMP Certification",2026-08-12,False,2026-05-14 15:15:00,2026-05-14 10:30:00
REV0191,EMP096,EMP066,2024-04-12,2024-07-11,2024-07-27,Quarterly,68.9,78.1,9.2,7.1,6.9,6.6,5.6,6.6,7.0,9.2,6.3,6.3,5.7,7.6,7.4,65,2,6.3,87.4,2.8,752.0,30.6,75.0,"Communication,Innovation",Reduced system latency by 40%,"Leadership,Mentoring,Collaboration","Strategic thinking,Documentation",Cross-team communication,"Complete Technical Writing, improve work-life balance",Outstanding performance this period — exceeds on all fronts.,Focus on work-life balance,False,False,0,True,"Agile Course,PMP Certification",Meets Expectations,Outstanding performance this period — exceeds on all fronts.,7.6,Brings strong expertise and shares knowledge freely.,Not Ready,0,0,"Agile Course,PMP Certification",2024-10-25,True,2024-07-27 09:00:00,2024-07-27 08:15:00
REV0192,EMP020,EMP053,2024-07-27,2024-10-25,2024-10-30,Quarterly,74.6,98.5,6.9,8.4,7.3,7.0,7.5,5.7,7.4,5.8,6.1,7.6,5.9,8.1,5.2,75,1,8.6,74.0,-12.3,1143.0,4.9,82.9,"Innovation,Adaptability,Technical expertise",Improved test coverage from 45% to 82%,"Problem solving,Innovation","Process adherence,Conflict resolution",Stakeholder management,"Complete Agile Course, improve work-life balance",Excellent collaborator who elevates the entire team.,Focus on cross-team communication,False,True,0,True,Communication Workshop,Meets Expectations,Excellent collaborator who elevates the entire team.,7.5,Could improve on proactively sharing updates.,Not Ready,0,0,Communication Workshop,2025-01-28,False,2024-10-30 09:15:00,2024-10-30 11:15:00
REV0193,EMP030,EMP021,2022-10-19,2023-10-14,2023-10-31,Annual,95.8,80.9,7.6,8.9,8.8,10.0,9.3,9.0,8.1,7.1,6.4,8.8,5.2,8.5,6.9,24,5,7.2,75.4,1.8,1392.0,0.6,65.3,"Innovation,Technical expertise",Won internal hackathon with innovative prototype,"Attention to detail,Collaboration","Delegation,Public speaking,Documentation","Delegation,Stakeholder management,Strategic thinking","Complete Scrum Master Training, improve process adherence",A dependable contributor who meets expectations consistently.,Focus on conflict resolution,False,True,0,False,Python Advanced,Meets Expectations,A dependable contributor who meets expectations consistently.,8.2,"Strong technical contributor, great pair-programming partner.",Not Ready,0,2000,Python Advanced,2024-10-30,False,2023-10-31 14:15:00,2023-10-31 13:00:00
REV0194,EMP024,EMP005,2022-06-06,2023-06-01,2023-06-07,Annual,67.0,83.1,5.5,5.2,5.4,5.8,6.6,6.7,8.0,8.3,6.1,9.3,6.6,7.6,8.6,97,4,8.1,55.1,0.1,828.0,8.1,98.8,"Adaptability,Problem solving,Innovation",Resolved major production incident within SLA,"Time management,Collaboration",Conflict resolution,Public speaking,"Complete Leadership Training, improve work-life balance",A dependable contributor who meets expectations consistently.,Focus on delegation,False,False,0,True,PMP Certification,Meets Expectations,Demonstrates strong technical skills with room for soft-skill growth.,6.9,Brings strong expertise and shares knowledge freely.,Ready in 6-12 months,0,0,PMP Certification,2024-06-06,False,2023-06-07 17:45:00,2023-06-07 09:00:00
REV0195,EMP017,EMP097,2023-07-04,2023-10-02,2023-10-08,Project-based,95.7,85.3,10.0,10.0,10.0,8.5,10.0,9.2,5.9,7.2,7.6,7.8,5.8,6.4,6.6,63,4,8.0,90.0,1.7,1164.0,28.3,100.0,"Problem solving,Attention to detail",Delivered critical feature with zero post-release bugs,"Initiative,Communication,Technical expertise","Strategic thinking,Conflict resolution,Process adherence",Delegation,"Complete Scrum Master Training, improve work-life balance",Shows great initiative and is a reliable team member.,Focus on process adherence,False,True,7,True,"Data Analysis Bootcamp,Python Advanced,PMP Certification",Meets Expectations,Outstanding performance this period — exceeds on all fronts.,8.1,A pleasure to work with — highly recommended for future teams.,Not Ready,7,0,"Data Analysis Bootcamp,Python Advanced,PMP Certification",2024-10-07,True,2023-10-08 16:00:00,2023-10-08 10:30:00
REV0196,EMP090,EMP024,2023-12-24,2024-03-23,2024-03-29,Probationary,85.2,88.6,7.3,7.6,7.8,6.6,7.9,9.2,5.4,6.5,5.4,6.7,6.9,8.3,7.0,30,4,7.8,86.8,2.9,1193.0,3.8,83.4,"Mentoring,Reliability,Attention to detail",Won internal hackathon with innovative prototype,"Innovation,Initiative,Adaptability","Public speaking,Time estimation,Process adherence","Delegation,Time estimation","Complete Leadership Training, improve time estimation",Excellent collaborator who elevates the entire team.,Focus on conflict resolution,True,True,15,False,"Communication Workshop,Leadership Training,Technical Writing",Exceeds Expectations,Demonstrates strong technical skills with room for soft-skill growth.,7.0,A pleasure to work with — highly recommended for future teams.,Ready Now,15,10000,"Communication Workshop,Leadership Training,Technical Writing",2025-03-29,False,2024-03-29 09:15:00,2024-03-29 11:00:00
REV0197,EMP069,EMP041,2023-12-26,2024-03-25,2024-03-31,Quarterly,82.1,75.3,8.0,6.5,7.6,6.0,7.9,6.8,6.6,5.1,4.9,7.2,6.0,8.6,5.9,52,5,8.0,72.9,4.6,1342.0,13.9,93.2,"Technical expertise,Reliability,Leadership",Mentored 2 junior team members,Reliability,Work-life balance,"Stakeholder management,Strategic thinking","Complete PMP Certification, improve public speaking",Strong performer who consistently delivers high-quality work.,Focus on documentation,False,True,10,True,"Python Advanced,Data Analysis Bootcamp,Agile Course",Outstanding,A dependable contributor who meets expectations consistently.,6.8,Brings strong expertise and shares knowledge freely.,Not Ready,10,2000,"Python Advanced,Data Analysis Bootcamp,Agile Course",2024-06-29,False,2024-03-31 12:15:00,2024-03-31 12:00:00
REV0198,EMP069,EMP095,2023-06-19,2023-09-17,2023-10-04,Project-based,79.6,60.7,7.1,6.5,8.2,8.0,6.1,8.0,6.0,6.9,6.5,9.0,5.9,8.3,5.6,80,4,6.3,82.3,0.3,1253.0,18.3,80.2,"Time management,Collaboration",Won internal hackathon with innovative prototype,Mentoring,Stakeholder management,Cross-team communication,"Complete PMP Certification, improve time estimation",Needs to focus on delivery timelines and communication.,Focus on time estimation,True,True,3,False,"AWS Certification,Technical Writing",Needs Improvement,Demonstrates strong technical skills with room for soft-skill growth.,7.2,"Great collaborator, always willing to help the team.",Ready Now,3,1000,"AWS Certification,Technical Writing",2024-10-03,False,2023-10-04 12:15:00,2023-10-04 10:45:00
REV0199,EMP088,EMP095,2024-06-20,2024-09-18,2024-09-25,Probationary,61.8,79.7,6.8,7.6,5.3,3.6,6.7,6.4,6.4,6.5,5.5,6.4,7.3,6.9,6.5,51,2,8.1,64.2,-4.5,941.0,18.1,86.4,"Reliability,Innovation,Problem solving",Mentored 2 junior team members,"Innovation,Technical expertise","Work-life balance,Time estimation,Documentation",Documentation,"Complete Leadership Training, improve time estimation",Strong performer who consistently delivers high-quality work.,Focus on documentation,False,False,0,True,AWS Certification,Meets Expectations,Shows great initiative and is a reliable team member.,6.3,A pleasure to work with — highly recommended for future teams.,Not Ready,0,0,AWS Certification,2025-09-25,False,2024-09-25 13:00:00,2024-09-25 11:15:00
REV0200,EMP062,EMP093,2024-05-30,2024-08-28,2024-09-07,Quarterly,96.4,100.0,9.4,7.0,7.4,7.6,10.0,7.9,5.9,8.9,6.8,8.1,6.2,7.4,8.6,93,6,7.4,95.5,4.6,983.0,17.0,95.8,"Technical expertise,Attention to detail",Led successful product launch ahead of schedule,Problem solving,"Conflict resolution,Work-life balance,Public speaking","Conflict resolution,Public speaking,Cross-team communication","Complete Agile Course, improve documentation",Demonstrates strong technical skills with room for soft-skill growth.,Focus on delegation,False,True,7,True,Leadership Training,Meets Expectations,Outstanding performance this period — exceeds on all fronts.,7.9,"Strong technical contributor, great pair-programming partner.",Ready in 6-12 months,7,1000,Leadership Training,2024-12-06,False,2024-09-07 09:45:00,2024-09-07 10:00:00
REV0201,EMP029,EMP018,2024-09-21,2024-12-20,2025-01-05,Quarterly,54.8,55.0,4.5,4.6,3.5,5.7,4.0,3.7,7.1,8.3,9.4,7.5,8.7,6.3,9.6,34,6,5.6,76.0,6.7,695.0,12.5,76.1,"Technical expertise,Adaptability",Won internal hackathon with innovative prototype,"Time management,Adaptability,Communication",Time estimation,"Cross-team communication,Time estimation,Conflict resolution","Complete Cloud Architecture, improve conflict resolution",Demonstrates strong technical skills with room for soft-skill growth.,Focus on public speaking,False,False,0,True,"AWS Certification,Data Analysis Bootcamp",Exceeds Expectations,Strong performer who consistently delivers high-quality work.,3.7,Brings strong expertise and shares knowledge freely.,Not Ready,0,0,"AWS Certification,Data Analysis Bootcamp",2025-04-05,True,2025-01-05 18:15:00,2025-01-05 13:15:00
REV0202,EMP050,EMP069,2025-01-21,2025-04-21,2025-05-11,Project-based,84.7,58.5,8.1,8.4,6.0,7.0,7.9,8.6,6.1,6.2,5.9,8.3,8.1,7.5,8.2,32,2,5.1,91.5,-13.4,1062.0,3.2,82.8,"Collaboration,Communication,Problem solving,Time management",Won internal hackathon with innovative prototype,"Time management,Mentoring",Time estimation,"Process adherence,Cross-team communication","Complete Cloud Architecture, improve strategic thinking",Needs to focus on delivery timelines and communication.,Focus on work-life balance,False,True,10,True,Communication Workshop,Exceeds Expectations,Excellent collaborator who elevates the entire team.,6.9,Could improve on proactively sharing updates.,Ready in 6-12 months,10,5000,Communication Workshop,2026-05-11,False,2025-05-11 09:45:00,2025-05-11 16:15:00
REV0203,EMP090,EMP017,2023-02-01,2024-01-27,2024-02-12,Annual,84.4,71.3,8.0,8.1,8.1,6.6,8.1,8.9,5.5,6.3,6.5,5.5,5.0,8.6,4.3,15,4,7.1,91.1,3.2,1395.0,4.5,75.0,"Time management,Attention to detail",Led successful product launch ahead of schedule,"Time management,Communication","Time estimation,Public speaking","Process adherence,Time estimation","Complete Python Advanced, improve cross-team communication",Has significant potential for growth with focused development.,Focus on cross-team communication,False,True,0,False,Communication Workshop,Exceeds Expectations,Strong performer who consistently delivers high-quality work.,7.4,"Strong technical contributor, great pair-programming partner.",Ready in 6-12 months,0,1000,Communication Workshop,2025-02-11,True,2024-02-12 14:30:00,2024-02-12 08:00:00
REV0204,EMP085,EMP095,2023-05-17,2023-08-15,2023-09-04,Probationary,55.8,45.9,6.9,5.4,4.8,4.9,4.5,4.7,9.9,6.4,6.4,6.3,5.9,7.9,7.0,55,1,8.4,91.7,10.8,718.0,30.9,79.1,"Problem solving,Leadership",Won internal hackathon with innovative prototype,Communication,Documentation,"Time estimation,Work-life balance","Complete Data Analysis Bootcamp, improve process adherence",Demonstrates strong technical skills with room for soft-skill growth.,Focus on public speaking,False,False,0,True,"PMP Certification,Technical Writing",Meets Expectations,Has significant potential for growth with focused development.,4.6,"Great collaborator, always willing to help the team.",Not Ready,0,0,"PMP Certification,Technical Writing",2024-09-03,True,2023-09-04 18:00:00,2023-09-04 17:15:00
REV0205,EMP065,EMP030,2026-02-19,2026-05-20,2026-05-25,Quarterly,83.0,81.0,8.8,7.3,8.0,8.0,6.9,6.7,6.1,6.8,5.3,6.0,8.0,7.4,7.4,116,7,6.9,74.6,3.4,1144.0,64.0,65.5,"Attention to detail,Collaboration,Adaptability",Reduced system latency by 40%,"Problem solving,Attention to detail","Conflict resolution,Delegation,Cross-team communication","Time estimation,Delegation","Complete Scrum Master Training, improve stakeholder management",Shows great initiative and is a reliable team member.,Focus on process adherence,False,True,15,True,Communication Workshop,Meets Expectations,Needs to focus on delivery timelines and communication.,8.3,Reliable and communicates blockers early.,Ready in 6-12 months,15,10000,Communication Workshop,2026-08-23,False,2026-05-25 18:45:00,2026-05-25 14:15:00
REV0206,EMP007,EMP054,2025-08-28,2025-11-26,2025-12-14,Quarterly,91.1,60.5,8.9,7.3,8.1,9.3,7.6,10.0,7.0,8.3,7.1,7.3,5.4,7.0,8.4,64,5,7.2,83.7,-18.6,687.0,41.0,98.2,"Time management,Adaptability",Improved test coverage from 45% to 82%,Attention to detail,"Documentation,Delegation",Public speaking,"Complete Communication Workshop, improve stakeholder management",Shows great initiative and is a reliable team member.,Focus on stakeholder management,False,True,3,False,Data Analysis Bootcamp,Meets Expectations,Strong performer who consistently delivers high-quality work.,7.2,A pleasure to work with — highly recommended for future teams.,Not Ready,3,0,Data Analysis Bootcamp,2026-03-14,False,2025-12-14 15:00:00,2025-12-14 08:30:00
REV0207,EMP012,EMP046,2025-11-02,2026-01-31,2026-02-05,Project-based,68.3,64.2,5.8,7.0,5.8,7.7,6.4,5.7,8.2,7.9,4.2,5.6,6.9,5.9,9.5,106,5,8.3,81.8,-4.1,1367.0,10.1,100.0,"Leadership,Time management,Innovation,Reliability",Automated deployment pipeline saving 5hrs/week,"Initiative,Attention to detail",Public speaking,Work-life balance,"Complete Agile Course, improve documentation",Needs to focus on delivery timelines and communication.,Focus on public speaking,False,False,0,False,"Scrum Master Training,Technical Writing,Leadership Training",Meets Expectations,Shows great initiative and is a reliable team member.,5.0,"Strong technical contributor, great pair-programming partner.",Not Ready,0,0,"Scrum Master Training,Technical Writing,Leadership Training",2027-02-05,False,2026-02-05 11:15:00,2026-02-05 18:15:00
REV0208,EMP099,EMP030,2024-07-28,2024-10-26,2024-11-10,Quarterly,77.9,71.9,7.6,5.8,5.3,7.8,5.5,6.9,6.6,6.7,6.9,6.0,7.4,7.6,9.5,129,3,6.1,82.4,5.2,871.0,58.9,100.0,"Adaptability,Innovation,Technical expertise",Mentored 2 junior team members,Adaptability,"Cross-team communication,Delegation,Work-life balance","Process adherence,Public speaking,Documentation","Complete Agile Course, improve conflict resolution",Demonstrates strong technical skills with room for soft-skill growth.,Focus on stakeholder management,True,True,3,False,"AWS Certification,Technical Writing,Cloud Architecture",Outstanding,A dependable contributor who meets expectations consistently.,5.9,Reliable and communicates blockers early.,Ready Now,3,2000,"AWS Certification,Technical Writing,Cloud Architecture",2025-02-08,False,2024-11-10 09:00:00,2024-11-10 10:45:00
REV0209,EMP034,EMP076,2023-02-23,2024-02-18,2024-03-08,Annual,84.9,100.0,9.2,7.7,7.7,8.8,6.9,9.3,8.2,6.2,5.6,6.2,5.0,7.8,5.9,50,2,7.8,66.5,11.1,1377.0,0.0,81.3,"Technical expertise,Time management,Collaboration",Resolved major production incident within SLA,"Attention to detail,Adaptability","Cross-team communication,Time estimation","Strategic thinking,Public speaking","Complete Scrum Master Training, improve work-life balance",Excellent collaborator who elevates the entire team.,Focus on work-life balance,False,True,15,True,"Data Analysis Bootcamp,Leadership Training",Exceeds Expectations,Strong performer who consistently delivers high-quality work.,8.1,Brings strong expertise and shares knowledge freely.,Ready in 6-12 months,15,0,"Data Analysis Bootcamp,Leadership Training",2025-03-08,False,2024-03-08 09:30:00,2024-03-08 14:15:00
REV0210,EMP073,EMP058,2023-05-16,2023-08-14,2023-08-26,Probationary,92.7,65.6,8.3,7.9,8.5,8.3,7.9,8.1,8.2,8.7,7.2,6.6,6.7,8.0,7.3,114,8,5.9,88.9,-10.3,1135.0,12.2,98.5,"Mentoring,Initiative,Attention to detail",Reduced system latency by 40%,"Problem solving,Innovation,Reliability","Public speaking,Stakeholder management",Cross-team communication,"Complete PMP Certification, improve public speaking",Needs to focus on delivery timelines and communication.,Focus on documentation,True,True,15,False,"PMP Certification,Technical Writing",Meets Expectations,Has significant potential for growth with focused development.,8.1,Could improve on proactively sharing updates.,Ready Now,15,5000,"PMP Certification,Technical Writing",2024-08-25,False,2023-08-26 10:15:00,2023-08-26 13:00:00
REV0211,EMP077,EMP056,2023-05-05,2023-08-03,2023-08-19,Quarterly,34.3,52.0,2.7,3.0,2.5,4.9,3.5,2.7,6.9,8.8,7.8,5.1,5.9,6.7,6.5,125,8,6.9,82.4,8.8,771.0,11.3,82.3,"Technical expertise,Reliability",Reduced system latency by 40%,Communication,"Conflict resolution,Stakeholder management",Conflict resolution,"Complete Scrum Master Training, improve public speaking",Demonstrates strong technical skills with room for soft-skill growth.,Focus on time estimation,False,False,0,True,"Technical Writing,Scrum Master Training",Meets Expectations,Strong performer who consistently delivers high-quality work.,3.9,"Great collaborator, always willing to help the team.",Not Ready,0,0,"Technical Writing,Scrum Master Training",2023-11-17,False,2023-08-19 14:30:00,2023-08-19 12:15:00
REV0212,EMP026,EMP053,2024-08-13,2025-08-08,2025-08-26,Annual,84.7,59.5,8.3,6.2,8.4,6.9,8.9,6.7,6.3,6.8,6.3,6.4,6.6,7.2,4.5,138,8,8.5,100.0,3.6,1028.0,9.4,95.4,"Initiative,Innovation",Led successful product launch ahead of schedule,"Adaptability,Leadership,Problem solving","Stakeholder management,Cross-team communication","Stakeholder management,Time estimation,Strategic thinking","Complete PMP Certification, improve documentation",Outstanding performance this period — exceeds on all fronts.,Focus on conflict resolution,True,True,7,False,Technical Writing,Meets Expectations,Strong performer who consistently delivers high-quality work.,7.0,Could improve on proactively sharing updates.,Ready Now,7,2000,Technical Writing,2026-08-26,True,2025-08-26 10:45:00,2025-08-26 18:00:00
REV0213,EMP005,EMP036,2022-12-15,2023-12-10,2023-12-28,Annual,80.9,89.2,5.5,8.0,7.6,5.6,6.2,7.5,8.7,6.9,5.3,7.0,9.0,7.9,7.6,57,7,8.7,87.7,-9.4,773.0,28.3,84.3,"Leadership,Reliability",Led successful product launch ahead of schedule,"Collaboration,Attention to detail","Documentation,Strategic thinking,Work-life balance",Process adherence,"Complete Technical Writing, improve cross-team communication",A dependable contributor who meets expectations consistently.,Focus on public speaking,False,True,7,True,"PMP Certification,Cloud Architecture",Exceeds Expectations,Has significant potential for growth with focused development.,7.1,Could improve on proactively sharing updates.,Not Ready,7,10000,"PMP Certification,Cloud Architecture",2024-12-27,True,2023-12-28 14:30:00,2023-12-28 10:15:00
REV0214,EMP070,EMP066,2025-05-03,2026-04-28,2026-05-15,Annual,74.2,66.0,5.6,8.4,6.3,6.8,6.8,6.9,7.7,6.4,8.3,4.9,5.9,8.8,7.7,87,7,10.0,82.8,20.4,1107.0,13.7,81.5,"Adaptability,Problem solving,Reliability,Initiative",Won internal hackathon with innovative prototype,Mentoring,Documentation,"Stakeholder management,Work-life balance,Public speaking","Complete Technical Writing, improve work-life balance",Shows great initiative and is a reliable team member.,Focus on delegation,False,True,7,True,"Leadership Training,Data Analysis Bootcamp,Scrum Master Training",Outstanding,Needs to focus on delivery timelines and communication.,6.7,"Great collaborator, always willing to help the team.",Not Ready,7,0,"Leadership Training,Data Analysis Bootcamp,Scrum Master Training",2027-05-15,False,2026-05-15 13:45:00,2026-05-15 14:45:00
REV0215,EMP001,EMP054,2024-09-24,2024-12-23,2025-01-04,Project-based,79.2,50.8,7.0,8.3,7.7,6.6,6.8,7.4,7.7,6.5,7.0,8.1,6.8,7.6,7.6,144,5,8.1,92.5,-12.2,814.0,6.0,79.8,"Collaboration,Initiative,Innovation,Leadership",Led successful product launch ahead of schedule,Technical expertise,Cross-team communication,Strategic thinking,"Complete Python Advanced, improve stakeholder management",Outstanding performance this period — exceeds on all fronts.,Focus on delegation,False,True,7,True,"PMP Certification,Agile Course",Exceeds Expectations,Outstanding performance this period — exceeds on all fronts.,6.4,"Great collaborator, always willing to help the team.",Not Ready,7,1000,"PMP Certification,Agile Course",2026-01-04,True,2025-01-04 17:45:00,2025-01-04 10:45:00
REV0216,EMP094,EMP032,2026-01-28,2026-04-28,2026-05-15,Quarterly,75.9,100.0,7.6,6.5,7.5,6.8,6.0,6.9,5.8,7.9,5.5,6.7,6.8,7.6,9.0,96,3,7.3,96.6,5.8,950.0,14.1,83.1,"Initiative,Communication",Reduced system latency by 40%,"Leadership,Problem solving","Public speaking,Cross-team communication,Conflict resolution",Documentation,"Complete Scrum Master Training, improve documentation",Strong performer who consistently delivers high-quality work.,Focus on time estimation,True,True,10,True,"Cloud Architecture,Agile Course,Leadership Training",Meets Expectations,Needs to focus on delivery timelines and communication.,8.1,"Strong technical contributor, great pair-programming partner.",Ready Now,10,0,"Cloud Architecture,Agile Course,Leadership Training",2026-08-13,False,2026-05-15 18:30:00,2026-05-15 10:15:00
REV0217,EMP084,EMP036,2024-01-01,2024-03-31,2024-04-11,Quarterly,87.8,85.2,6.8,8.2,8.5,7.3,8.6,8.5,7.0,6.6,8.0,7.4,5.5,7.7,5.6,77,7,6.5,74.2,0.5,1216.0,4.3,82.1,"Technical expertise,Collaboration,Problem solving,Communication",Resolved major production incident within SLA,"Problem solving,Initiative,Communication","Documentation,Public speaking,Work-life balance","Conflict resolution,Time estimation","Complete AWS Certification, improve public speaking",Needs to focus on delivery timelines and communication.,Focus on public speaking,False,True,7,True,"PMP Certification,Communication Workshop",Meets Expectations,Excellent collaborator who elevates the entire team.,8.2,"Strong technical contributor, great pair-programming partner.",Not Ready,7,0,"PMP Certification,Communication Workshop",2024-07-10,False,2024-04-11 14:45:00,2024-04-11 13:45:00
REV0218,EMP021,EMP033,2024-01-02,2024-04-01,2024-04-06,Quarterly,65.9,82.4,6.5,7.1,4.0,4.1,6.4,7.4,5.6,6.8,7.1,5.1,7.6,4.8,7.6,60,1,6.5,76.6,7.8,694.0,16.9,76.9,"Time management,Mentoring,Adaptability",Improved test coverage from 45% to 82%,Leadership,"Work-life balance,Documentation,Time estimation","Documentation,Work-life balance,Stakeholder management","Complete Python Advanced, improve work-life balance",Excellent collaborator who elevates the entire team.,Focus on documentation,False,False,0,False,Communication Workshop,Needs Improvement,A dependable contributor who meets expectations consistently.,6.1,Brings strong expertise and shares knowledge freely.,Not Ready,0,0,Communication Workshop,2024-07-05,True,2024-04-06 11:00:00,2024-04-06 10:30:00
REV0219,EMP036,EMP077,2023-09-23,2023-12-22,2023-12-29,Probationary,91.8,87.5,9.0,9.8,9.5,7.5,8.3,8.9,7.2,8.0,3.4,9.1,7.1,5.9,5.9,104,5,5.4,68.9,-1.7,974.0,1.2,88.7,"Innovation,Attention to detail,Initiative",Reduced system latency by 40%,Reliability,Conflict resolution,"Conflict resolution,Cross-team communication,Public speaking","Complete Cloud Architecture, improve stakeholder management",Outstanding performance this period — exceeds on all fronts.,Focus on stakeholder management,False,True,7,True,"Agile Course,Communication Workshop",Meets Expectations,Demonstrates strong technical skills with room for soft-skill growth.,9.5,Reliable and communicates blockers early.,Ready in 6-12 months,7,5000,"Agile Course,Communication Workshop",2024-12-28,True,2023-12-29 17:00:00,2023-12-29 17:45:00
REV0220,EMP055,EMP033,2025-01-21,2025-04-21,2025-05-07,Quarterly,56.2,54.9,4.5,4.8,4.8,4.3,4.6,5.2,6.6,5.4,6.5,6.7,5.3,6.9,7.7,110,2,6.4,67.1,-3.9,960.0,29.2,96.1,"Attention to detail,Collaboration",Won internal hackathon with innovative prototype,Problem solving,"Cross-team communication,Conflict resolution,Strategic thinking",Strategic thinking,"Complete Scrum Master Training, improve time estimation",Has significant potential for growth with focused development.,Focus on strategic thinking,False,False,0,True,"Communication Workshop,AWS Certification",Exceeds Expectations,Shows great initiative and is a reliable team member.,5.3,"Great collaborator, always willing to help the team.",Not Ready,0,0,"Communication Workshop,AWS Certification",2025-08-05,False,2025-05-07 13:00:00,2025-05-07 13:15:00
REV0221,EMP060,EMP091,2025-11-02,2026-01-31,2026-02-15,Quarterly,64.8,52.4,6.5,5.8,6.3,4.4,6.3,5.8,7.3,7.1,6.1,7.4,6.6,5.9,4.8,74,2,7.7,76.6,-20.7,908.0,4.7,88.9,"Leadership,Attention to detail,Initiative,Problem solving",Won internal hackathon with innovative prototype,"Time management,Leadership","Conflict resolution,Public speaking,Cross-team communication",Documentation,"Complete Technical Writing, improve process adherence",Has significant potential for growth with focused development.,Focus on stakeholder management,False,False,0,False,Data Analysis Bootcamp,Exceeds Expectations,A dependable contributor who meets expectations consistently.,6.5,A pleasure to work with — highly recommended for future teams.,Not Ready,0,0,Data Analysis Bootcamp,2026-05-16,False,2026-02-15 14:15:00,2026-02-15 17:00:00
REV0222,EMP037,EMP004,2025-12-15,2026-03-15,2026-03-20,Quarterly,83.4,79.2,7.7,7.9,7.3,7.1,6.3,7.7,7.6,6.7,6.4,5.5,5.6,7.7,6.1,133,5,5.7,68.7,-11.6,705.0,89.6,89.7,"Technical expertise,Attention to detail,Reliability",Led successful product launch ahead of schedule,Mentoring,Strategic thinking,Cross-team communication,"Complete Data Analysis Bootcamp, improve conflict resolution",Outstanding performance this period — exceeds on all fronts.,Focus on conflict resolution,False,True,5,True,"PMP Certification,Scrum Master Training",Exceeds Expectations,Needs to focus on delivery timelines and communication.,7.0,Could improve on proactively sharing updates.,Not Ready,5,5000,"PMP Certification,Scrum Master Training",2026-06-18,False,2026-03-20 18:00:00,2026-03-20 13:00:00
REV0223,EMP004,EMP041,2023-04-20,2023-07-19,2023-07-24,Probationary,66.4,67.2,7.2,6.9,4.9,6.8,6.0,6.8,6.8,8.5,4.9,6.5,8.3,5.1,6.9,50,2,7.1,90.2,12.8,1395.0,25.2,99.3,"Initiative,Innovation,Leadership,Communication",Automated deployment pipeline saving 5hrs/week,"Technical expertise,Initiative,Collaboration",Delegation,Public speaking,"Complete Leadership Training, improve conflict resolution",Outstanding performance this period — exceeds on all fronts.,Focus on conflict resolution,False,False,0,True,Data Analysis Bootcamp,Meets Expectations,Has significant potential for growth with focused development.,6.3,Brings strong expertise and shares knowledge freely.,Not Ready,0,0,Data Analysis Bootcamp,2024-07-23,False,2023-07-24 17:45:00,2023-07-24 09:15:00
REV0224,EMP041,EMP025,2023-08-03,2024-07-28,2024-08-16,Annual,61.7,70.5,5.8,6.5,6.6,5.8,4.8,7.1,8.7,7.3,4.6,4.9,7.3,6.8,4.9,46,4,5.9,76.4,2.3,1062.0,22.5,91.1,"Mentoring,Collaboration,Time management,Initiative",Improved test coverage from 45% to 82%,"Initiative,Problem solving",Public speaking,"Work-life balance,Delegation","Complete Communication Workshop, improve public speaking",Excellent collaborator who elevates the entire team.,Focus on process adherence,False,False,0,False,Technical Writing,Outstanding,Outstanding performance this period — exceeds on all fronts.,6.0,Brings strong expertise and shares knowledge freely.,Not Ready,0,0,Technical Writing,2025-08-16,False,2024-08-16 15:00:00,2024-08-16 13:15:00
REV0225,EMP076,EMP085,2024-08-10,2024-11-08,2024-11-23,Quarterly,77.1,85.9,7.8,7.1,6.9,7.4,6.4,5.7,5.2,6.3,7.4,6.3,7.2,7.0,6.4,94,8,6.5,80.9,-2.1,1124.0,36.6,82.4,"Problem solving,Communication,Leadership,Time management",Delivered critical feature with zero post-release bugs,"Leadership,Problem solving","Process adherence,Work-life balance","Cross-team communication,Time estimation","Complete Data Analysis Bootcamp, improve stakeholder management",Needs to focus on delivery timelines and communication.,Focus on time estimation,False,True,15,False,"AWS Certification,Agile Course,Technical Writing",Meets Expectations,Demonstrates strong technical skills with room for soft-skill growth.,7.3,"Great collaborator, always willing to help the team.",Ready in 6-12 months,15,0,"AWS Certification,Agile Course,Technical Writing",2025-02-21,True,2024-11-23 15:45:00,2024-11-23 13:30:00
REV0226,EMP016,EMP086,2025-09-19,2025-12-18,2025-12-25,Project-based,82.7,95.9,8.3,7.9,7.5,6.9,7.7,7.9,9.1,9.9,6.9,4.2,6.0,9.3,7.9,105,7,7.9,80.0,-14.3,770.0,13.1,74.0,"Attention to detail,Innovation,Initiative",Improved test coverage from 45% to 82%,"Problem solving,Technical expertise","Documentation,Process adherence","Cross-team communication,Stakeholder management,Delegation","Complete Data Analysis Bootcamp, improve delegation",Strong performer who consistently delivers high-quality work.,Focus on delegation,False,True,7,True,"Agile Course,Data Analysis Bootcamp",Outstanding,Shows great initiative and is a reliable team member.,8.2,Brings strong expertise and shares knowledge freely.,Ready in 6-12 months,7,10000,"Agile Course,Data Analysis Bootcamp",2026-12-25,False,2025-12-25 09:00:00,2025-12-25 08:30:00
REV0227,EMP031,EMP011,2025-10-11,2026-01-09,2026-01-17,Quarterly,60.4,57.2,5.5,4.3,4.0,5.8,5.2,6.1,8.3,8.5,4.2,6.0,7.6,8.1,9.7,85,4,6.6,96.0,4.5,1306.0,13.8,75.5,"Initiative,Innovation,Reliability,Adaptability",Improved test coverage from 45% to 82%,"Leadership,Communication",Delegation,Strategic thinking,"Complete Data Analysis Bootcamp, improve stakeholder management",Needs to focus on delivery timelines and communication.,Focus on conflict resolution,False,False,0,True,"Leadership Training,AWS Certification",Meets Expectations,Excellent collaborator who elevates the entire team.,4.8,Brings strong expertise and shares knowledge freely.,Not Ready,0,0,"Leadership Training,AWS Certification",2026-04-17,False,2026-01-17 13:00:00,2026-01-17 10:15:00
REV0228,EMP043,EMP076,2023-07-26,2023-10-24,2023-10-29,Quarterly,80.3,70.9,6.7,6.8,5.9,6.2,5.8,8.4,9.0,4.6,5.8,6.3,6.8,8.5,6.4,136,7,7.4,100.0,-1.3,867.0,20.5,76.3,"Collaboration,Problem solving",Automated deployment pipeline saving 5hrs/week,"Adaptability,Technical expertise",Documentation,"Delegation,Process adherence","Complete AWS Certification, improve documentation",Has significant potential for growth with focused development.,Focus on time estimation,False,True,5,True,Cloud Architecture,Exceeds Expectations,Shows great initiative and is a reliable team member.,7.7,"Great collaborator, always willing to help the team.",Not Ready,5,1000,Cloud Architecture,2024-01-27,True,2023-10-29 12:30:00,2023-10-29 15:45:00
REV0229,EMP095,EMP053,2024-09-11,2024-12-10,2024-12-23,Probationary,82.0,68.8,6.7,7.1,7.7,8.8,7.1,7.9,5.0,8.4,4.1,7.8,6.9,7.4,6.6,139,5,6.2,67.0,10.0,891.0,0.3,100.0,"Time management,Collaboration",Mentored 2 junior team members,"Reliability,Attention to detail","Strategic thinking,Work-life balance,Process adherence","Documentation,Time estimation,Cross-team communication","Complete Communication Workshop, improve time estimation",Shows great initiative and is a reliable team member.,Focus on delegation,True,True,15,True,"Technical Writing,Leadership Training",Exceeds Expectations,Outstanding performance this period — exceeds on all fronts.,7.8,"Strong technical contributor, great pair-programming partner.",Ready Now,15,5000,"Technical Writing,Leadership Training",2025-12-23,False,2024-12-23 09:30:00,2024-12-23 18:45:00
REV0230,EMP068,EMP032,2024-07-09,2024-10-07,2024-10-23,Quarterly,71.2,63.1,6.0,7.3,5.7,5.0,7.8,6.5,6.1,7.2,7.7,7.5,8.1,6.3,8.1,99,7,7.3,83.1,14.5,1071.0,29.4,84.9,"Collaboration,Leadership,Technical expertise",Won internal hackathon with innovative prototype,"Adaptability,Time management","Work-life balance,Strategic thinking,Public speaking","Public speaking,Documentation","Complete Technical Writing, improve time estimation",Has significant potential for growth with focused development.,Focus on conflict resolution,False,True,10,True,"Agile Course,Python Advanced",Exceeds Expectations,Needs to focus on delivery timelines and communication.,7.3,Reliable and communicates blockers early.,Not Ready,10,0,"Agile Course,Python Advanced",2025-01-21,True,2024-10-23 09:30:00,2024-10-23 08:45:00
REV0231,EMP006,EMP036,2023-03-22,2024-03-16,2024-03-24,Annual,82.0,67.1,6.9,8.9,6.9,5.5,6.8,7.0,6.0,8.1,3.4,5.7,6.9,7.7,9.0,28,8,9.0,62.8,-22.9,845.0,1.4,95.1,"Time management,Reliability,Technical expertise",Reduced system latency by 40%,"Collaboration,Attention to detail",Conflict resolution,"Work-life balance,Time estimation,Public speaking","Complete Data Analysis Bootcamp, improve time estimation",Excellent collaborator who elevates the entire team.,Focus on cross-team communication,False,True,0,True,"Communication Workshop,Scrum Master Training,AWS Certification",Meets Expectations,Outstanding performance this period — exceeds on all fronts.,10.0,Could improve on proactively sharing updates.,Not Ready,0,5000,"Communication Workshop,Scrum Master Training,AWS Certification",2025-03-24,False,2024-03-24 09:30:00,2024-03-24 12:30:00
REV0232,EMP023,EMP091,2025-04-11,2026-04-06,2026-04-24,Annual,80.2,67.5,6.7,6.6,6.9,7.3,6.4,6.7,6.5,7.2,6.9,9.3,7.6,8.1,6.7,97,3,6.5,75.7,-8.5,1147.0,7.6,63.9,"Collaboration,Communication",Improved test coverage from 45% to 82%,"Problem solving,Collaboration","Work-life balance,Delegation","Process adherence,Work-life balance,Time estimation","Complete Scrum Master Training, improve cross-team communication",A dependable contributor who meets expectations consistently.,Focus on process adherence,True,True,15,True,Agile Course,Meets Expectations,A dependable contributor who meets expectations consistently.,8.4,Could improve on proactively sharing updates.,Ready Now,15,2000,Agile Course,2027-04-24,False,2026-04-24 15:45:00,2026-04-24 14:45:00
REV0233,EMP004,EMP091,2023-03-30,2023-06-28,2023-07-16,Probationary,82.4,65.9,6.7,7.1,7.1,7.8,8.1,9.2,6.4,3.5,5.9,7.1,7.8,7.8,6.4,37,3,9.2,69.6,-3.3,1092.0,17.7,84.3,"Leadership,Adaptability,Attention to detail",Improved test coverage from 45% to 82%,Innovation,"Time estimation,Work-life balance",Cross-team communication,"Complete Leadership Training, improve process adherence",Shows great initiative and is a reliable team member.,Focus on conflict resolution,False,True,15,True,"Technical Writing,Leadership Training,AWS Certification",Meets Expectations,Needs to focus on delivery timelines and communication.,6.6,"Strong technical contributor, great pair-programming partner.",Ready in 6-12 months,15,0,"Technical Writing,Leadership Training,AWS Certification",2024-07-15,False,2023-07-16 13:00:00,2023-07-16 09:00:00
REV0234,EMP090,EMP035,2024-08-12,2024-11-10,2024-11-19,Quarterly,74.9,87.3,6.6,6.5,7.9,5.9,7.8,5.7,7.8,9.0,7.9,4.6,6.3,7.3,8.2,141,3,6.2,69.8,-19.3,779.0,7.6,75.0,"Reliability,Communication,Collaboration,Adaptability",Mentored 2 junior team members,Technical expertise,"Documentation,Process adherence,Delegation",Stakeholder management,"Complete AWS Certification, improve work-life balance",Needs to focus on delivery timelines and communication.,Focus on cross-team communication,False,True,7,False,Communication Workshop,Exceeds Expectations,Strong performer who consistently delivers high-quality work.,5.4,"Great collaborator, always willing to help the team.",Ready in 6-12 months,7,0,Communication Workshop,2025-02-17,False,2024-11-19 12:45:00,2024-11-19 15:15:00
REV0235,EMP031,EMP085,2025-10-11,2026-01-09,2026-01-22,Probationary,62.9,55.0,6.4,5.9,5.8,4.6,5.4,6.2,7.3,7.3,5.4,9.1,6.5,7.5,6.8,127,2,9.5,78.5,-4.6,946.0,1.7,100.0,"Technical expertise,Communication,Reliability,Leadership",Delivered critical feature with zero post-release bugs,"Mentoring,Collaboration",Work-life balance,"Public speaking,Process adherence","Complete PMP Certification, improve conflict resolution",Has significant potential for growth with focused development.,Focus on documentation,False,False,0,True,"Scrum Master Training,AWS Certification",Exceeds Expectations,Demonstrates strong technical skills with room for soft-skill growth.,6.6,Could improve on proactively sharing updates.,Not Ready,0,0,"Scrum Master Training,AWS Certification",2027-01-22,False,2026-01-22 09:45:00,2026-01-22 08:30:00
REV0236,EMP005,EMP073,2023-04-15,2023-07-14,2023-07-30,Project-based,76.5,98.8,8.7,7.7,7.6,6.1,7.3,6.2,5.6,5.6,7.1,5.1,6.5,7.4,8.2,50,8,6.9,95.4,11.3,1306.0,29.9,78.7,"Collaboration,Technical expertise,Communication",Delivered critical feature with zero post-release bugs,"Initiative,Attention to detail","Work-life balance,Stakeholder management","Work-life balance,Public speaking","Complete Agile Course, improve time estimation",Demonstrates strong technical skills with room for soft-skill growth.,Focus on cross-team communication,False,True,3,True,"Cloud Architecture,PMP Certification",Exceeds Expectations,Shows great initiative and is a reliable team member.,6.7,"Strong technical contributor, great pair-programming partner.",Not Ready,3,2000,"Cloud Architecture,PMP Certification",2024-07-29,False,2023-07-30 15:45:00,2023-07-30 15:15:00
REV0237,EMP074,EMP081,2025-08-06,2025-11-04,2025-11-17,Probationary,85.5,86.3,7.4,7.0,7.0,7.3,7.6,8.2,7.1,7.3,7.3,8.5,8.6,8.8,8.0,48,6,9.6,87.3,3.9,1071.0,6.1,84.6,"Time management,Adaptability,Reliability,Innovation",Led successful product launch ahead of schedule,"Communication,Leadership,Problem solving",Documentation,"Public speaking,Process adherence,Work-life balance","Complete PMP Certification, improve delegation",Strong performer who consistently delivers high-quality work.,Focus on stakeholder management,False,True,7,True,"Communication Workshop,AWS Certification,Agile Course",Exceeds Expectations,Demonstrates strong technical skills with room for soft-skill growth.,7.1,"Great collaborator, always willing to help the team.",Ready in 6-12 months,7,5000,"Communication Workshop,AWS Certification,Agile Course",2026-11-17,True,2025-11-17 08:00:00,2025-11-17 15:30:00
REV0238,EMP078,EMP004,2025-01-21,2025-04-21,2025-05-01,Quarterly,100.0,100.0,9.2,8.7,8.8,8.7,10.0,10.0,6.9,7.5,5.6,6.2,8.2,9.1,6.2,97,2,7.7,79.1,10.4,1159.0,9.4,62.1,"Communication,Reliability,Adaptability",Resolved major production incident within SLA,"Reliability,Collaboration","Delegation,Stakeholder management,Conflict resolution",Delegation,"Complete Agile Course, improve cross-team communication",Has significant potential for growth with focused development.,Focus on documentation,True,True,15,False,"Communication Workshop,AWS Certification,Leadership Training",Outstanding,A dependable contributor who meets expectations consistently.,8.5,Could improve on proactively sharing updates.,Ready Now,15,0,"Communication Workshop,AWS Certification,Leadership Training",2025-07-30,False,2025-05-01 17:00:00,2025-05-01 13:15:00
REV0239,EMP088,EMP082,2023-12-12,2024-12-06,2024-12-17,Annual,86.7,85.8,6.4,8.4,6.0,8.1,8.8,6.7,7.4,8.4,5.9,7.6,3.9,8.6,7.0,68,8,7.2,93.8,20.8,1001.0,33.3,77.9,"Adaptability,Attention to detail,Communication",Won internal hackathon with innovative prototype,"Innovation,Problem solving,Adaptability",Process adherence,Time estimation,"Complete Python Advanced, improve conflict resolution",Strong performer who consistently delivers high-quality work.,Focus on delegation,False,True,0,True,AWS Certification,Exceeds Expectations,Demonstrates strong technical skills with room for soft-skill growth.,8.0,Reliable and communicates blockers early.,Not Ready,0,10000,AWS Certification,2025-12-17,False,2024-12-17 14:30:00,2024-12-17 09:15:00
REV0240,EMP037,EMP011,2025-03-20,2026-03-15,2026-03-27,Annual,80.7,72.1,5.6,7.9,8.2,8.2,8.3,6.6,8.5,8.7,6.1,6.8,6.0,9.0,5.2,147,5,8.0,74.8,-13.3,919.0,16.2,86.4,"Attention to detail,Problem solving",Led successful product launch ahead of schedule,"Innovation,Collaboration","Process adherence,Conflict resolution,Documentation",Strategic thinking,"Complete Leadership Training, improve time estimation",Shows great initiative and is a reliable team member.,Focus on stakeholder management,False,True,5,False,Python Advanced,Outstanding,Strong performer who consistently delivers high-quality work.,5.8,Reliable and communicates blockers early.,Not Ready,5,0,Python Advanced,2027-03-27,True,2026-03-27 09:45:00,2026-03-27 17:00:00
REV0241,EMP071,EMP076,2025-02-26,2026-02-21,2026-03-02,Annual,94.1,76.4,10.0,7.7,7.3,6.7,8.5,10.0,5.0,7.9,5.5,6.5,5.6,8.4,6.9,84,1,8.6,84.1,-23.2,683.0,12.0,75.2,"Attention to detail,Leadership,Time management",Delivered critical feature with zero post-release bugs,Technical expertise,"Process adherence,Conflict resolution",Delegation,"Complete Python Advanced, improve stakeholder management",Outstanding performance this period — exceeds on all fronts.,Focus on cross-team communication,True,True,7,True,"Leadership Training,Python Advanced",Meets Expectations,Has significant potential for growth with focused development.,8.7,"Great collaborator, always willing to help the team.",Ready Now,7,5000,"Leadership Training,Python Advanced",2027-03-02,False,2026-03-02 15:00:00,2026-03-02 17:30:00
REV0242,EMP046,EMP033,2023-05-23,2024-05-17,2024-06-04,Annual,65.1,86.1,5.8,7.0,5.4,5.8,6.3,6.5,6.4,6.8,6.1,4.8,6.9,7.1,7.7,29,4,7.6,98.0,0.8,786.0,19.8,84.3,"Technical expertise,Leadership,Innovation,Attention to detail",Led successful product launch ahead of schedule,Technical expertise,"Documentation,Stakeholder management,Delegation",Process adherence,"Complete Agile Course, improve conflict resolution",Excellent collaborator who elevates the entire team.,Focus on conflict resolution,False,False,0,True,PMP Certification,Outstanding,Has significant potential for growth with focused development.,5.8,A pleasure to work with — highly recommended for future teams.,Not Ready,0,0,PMP Certification,2025-06-04,False,2024-06-04 14:45:00,2024-06-04 18:00:00
REV0243,EMP085,EMP011,2023-05-20,2023-08-18,2023-08-31,Project-based,47.1,45.4,4.7,4.8,4.4,1.2,3.0,4.1,6.4,7.2,5.8,8.6,4.5,7.8,8.0,67,8,8.2,91.4,11.2,1164.0,5.7,81.1,"Leadership,Mentoring,Collaboration",Delivered critical feature with zero post-release bugs,"Collaboration,Time management,Attention to detail","Work-life balance,Conflict resolution","Public speaking,Documentation,Strategic thinking","Complete Scrum Master Training, improve stakeholder management",Excellent collaborator who elevates the entire team.,Focus on conflict resolution,False,False,0,False,"Data Analysis Bootcamp,AWS Certification",Exceeds Expectations,Excellent collaborator who elevates the entire team.,2.6,"Great collaborator, always willing to help the team.",Not Ready,0,0,"Data Analysis Bootcamp,AWS Certification",2024-08-30,False,2023-08-31 13:15:00,2023-08-31 08:15:00
REV0244,EMP090,EMP069,2023-09-13,2024-09-07,2024-09-15,Annual,74.9,65.5,5.7,8.6,6.8,5.4,6.9,8.5,6.5,8.0,8.2,4.5,6.3,8.6,6.2,20,8,7.9,72.9,-5.3,1269.0,41.7,92.3,"Collaboration,Adaptability,Innovation",Improved test coverage from 45% to 82%,"Innovation,Mentoring,Technical expertise","Public speaking,Documentation","Cross-team communication,Process adherence","Complete Leadership Training, improve delegation",Demonstrates strong technical skills with room for soft-skill growth.,Focus on documentation,False,True,7,True,Scrum Master Training,Exceeds Expectations,A dependable contributor who meets expectations consistently.,6.1,"Great collaborator, always willing to help the team.",Ready in 6-12 months,7,0,Scrum Master Training,2025-09-15,False,2024-09-15 17:30:00,2024-09-15 12:15:00
REV0245,EMP097,EMP004,2024-02-15,2024-05-15,2024-06-02,Quarterly,55.9,69.3,7.3,4.6,7.2,4.2,4.9,5.9,6.9,7.7,8.7,7.7,7.2,9.2,8.1,124,1,6.8,100.0,7.7,1246.0,9.7,100.0,"Innovation,Reliability,Collaboration,Attention to detail",Improved test coverage from 45% to 82%,Innovation,"Cross-team communication,Work-life balance","Delegation,Time estimation","Complete Leadership Training, improve conflict resolution",Outstanding performance this period — exceeds on all fronts.,Focus on documentation,False,False,0,False,"Data Analysis Bootcamp,AWS Certification,Communication Workshop",Meets Expectations,Demonstrates strong technical skills with room for soft-skill growth.,4.8,Reliable and communicates blockers early.,Not Ready,0,0,"Data Analysis Bootcamp,AWS Certification,Communication Workshop",2024-08-31,True,2024-06-02 12:30:00,2024-06-02 18:00:00
REV0246,EMP016,EMP046,2025-09-19,2025-12-18,2026-01-02,Probationary,99.3,80.8,7.4,8.0,7.4,6.4,10.0,10.0,5.7,7.2,4.7,6.8,8.8,8.6,8.0,82,3,7.3,97.1,7.8,955.0,11.5,82.4,"Mentoring,Technical expertise",Resolved major production incident within SLA,"Attention to detail,Leadership,Innovation","Documentation,Strategic thinking",Stakeholder management,"Complete AWS Certification, improve conflict resolution",Needs to focus on delivery timelines and communication.,Focus on time estimation,False,True,5,False,"Python Advanced,PMP Certification,AWS Certification",Meets Expectations,Excellent collaborator who elevates the entire team.,9.2,"Strong technical contributor, great pair-programming partner.",Not Ready,5,2000,"Python Advanced,PMP Certification,AWS Certification",2027-01-02,False,2026-01-02 10:15:00,2026-01-02 17:00:00
REV0247,EMP030,EMP021,2022-07-15,2023-07-10,2023-07-20,Annual,82.9,79.3,7.0,6.9,7.8,8.4,7.5,7.5,5.9,7.0,8.2,8.0,8.1,8.4,7.5,144,8,7.9,84.9,-5.0,1064.0,80.4,92.2,"Attention to detail,Leadership",Improved test coverage from 45% to 82%,Reliability,Conflict resolution,"Work-life balance,Documentation","Complete Cloud Architecture, improve delegation",Excellent collaborator who elevates the entire team.,Focus on strategic thinking,True,True,0,False,"AWS Certification,Cloud Architecture",Meets Expectations,A dependable contributor who meets expectations consistently.,9.0,"Strong technical contributor, great pair-programming partner.",Ready Now,0,10000,"AWS Certification,Cloud Architecture",2024-07-19,False,2023-07-20 14:00:00,2023-07-20 18:45:00
REV0248,EMP037,EMP025,2025-12-15,2026-03-15,2026-03-20,Quarterly,89.5,79.6,8.1,7.4,9.2,8.2,8.8,8.3,6.6,7.1,7.1,4.4,8.0,9.9,7.6,98,6,7.2,80.1,8.5,868.0,55.3,99.4,"Reliability,Time management,Mentoring",Reduced system latency by 40%,"Technical expertise,Collaboration","Stakeholder management,Documentation",Stakeholder management,"Complete Leadership Training, improve public speaking",Has significant potential for growth with focused development.,Focus on cross-team communication,False,True,7,False,"Communication Workshop,PMP Certification,Python Advanced",Meets Expectations,Shows great initiative and is a reliable team member.,7.6,"Great collaborator, always willing to help the team.",Ready in 6-12 months,7,10000,"Communication Workshop,PMP Certification,Python Advanced",2026-06-18,True,2026-03-20 11:45:00,2026-03-20 16:00:00
REV0249,EMP068,EMP006,2024-08-31,2024-11-29,2024-12-18,Probationary,80.7,58.5,7.3,7.3,7.3,5.7,6.5,8.5,8.3,8.4,6.4,9.1,7.0,8.4,5.3,96,5,7.3,80.1,-0.8,756.0,25.1,76.8,"Collaboration,Leadership,Time management,Reliability",Automated deployment pipeline saving 5hrs/week,"Problem solving,Leadership,Mentoring","Delegation,Process adherence","Cross-team communication,Strategic thinking,Public speaking","Complete PMP Certification, improve work-life balance",Has significant potential for growth with focused development.,Focus on work-life balance,False,True,7,False,"AWS Certification,PMP Certification,Technical Writing",Meets Expectations,Excellent collaborator who elevates the entire team.,6.5,Could improve on proactively sharing updates.,Ready in 6-12 months,7,5000,"AWS Certification,PMP Certification,Technical Writing",2025-12-18,False,2024-12-18 18:15:00,2024-12-18 17:30:00
REV0250,EMP037,EMP052,2025-03-20,2026-03-15,2026-03-30,Annual,87.0,74.0,7.8,6.9,9.9,7.3,8.8,8.4,6.9,7.1,5.5,6.3,5.9,6.4,9.5,45,2,7.8,99.6,-9.5,927.0,10.2,88.6,"Communication,Adaptability,Mentoring,Leadership",Led successful product launch ahead of schedule,Problem solving,Process adherence,"Conflict resolution,Work-life balance","Complete Technical Writing, improve public speaking",Has significant potential for growth with focused development.,Focus on work-life balance,False,True,0,True,Leadership Training,Needs Improvement,Outstanding performance this period — exceeds on all fronts.,6.5,Could improve on proactively sharing updates.,Not Ready,0,1000,Leadership Training,2027-03-30,True,2026-03-30 13:15:00,2026-03-30 14:15:00
REV0251,EMP092,EMP044,2025-01-21,2025-04-21,2025-04-29,Quarterly,77.8,76.7,7.7,8.4,6.7,7.8,7.1,5.7,9.1,9.7,7.4,6.9,6.7,7.0,8.5,101,6,7.5,100.0,0.4,1073.0,3.7,93.5,"Problem solving,Technical expertise,Initiative,Time management",Won internal hackathon with innovative prototype,"Mentoring,Communication","Cross-team communication,Process adherence","Time estimation,Work-life balance,Public speaking","Complete Agile Course, improve documentation",Demonstrates strong technical skills with room for soft-skill growth.,Focus on public speaking,False,True,7,True,"Cloud Architecture,PMP Certification,Technical Writing",Meets Expectations,Excellent collaborator who elevates the entire team.,6.3,Reliable and communicates blockers early.,Not Ready,7,1000,"Cloud Architecture,PMP Certification,Technical Writing",2025-07-28,False,2025-04-29 15:30:00,2025-04-29 08:45:00
REV0252,EMP037,EMP047,2025-03-20,2026-03-15,2026-04-01,Annual,95.2,70.5,9.4,6.8,10.0,6.5,8.0,9.3,7.3,8.2,4.7,6.5,6.3,6.4,7.7,96,3,8.4,78.0,18.3,1363.0,31.5,72.1,"Initiative,Leadership",Automated deployment pipeline saving 5hrs/week,Time management,"Work-life balance,Conflict resolution","Time estimation,Public speaking","Complete Data Analysis Bootcamp, improve conflict resolution",Shows great initiative and is a reliable team member.,Focus on delegation,False,True,5,True,"Technical Writing,Communication Workshop",Outstanding,Demonstrates strong technical skills with room for soft-skill growth.,8.3,Brings strong expertise and shares knowledge freely.,Ready in 6-12 months,5,2000,"Technical Writing,Communication Workshop",2027-04-01,True,2026-04-01 09:15:00,2026-04-01 16:15:00
REV0253,EMP004,EMP097,2022-07-16,2023-07-11,2023-07-22,Annual,94.9,68.7,9.7,8.8,9.0,8.9,9.3,8.3,7.6,7.7,6.8,6.6,7.2,9.5,6.6,16,8,8.7,74.6,-10.6,1266.0,17.6,98.9,"Time management,Leadership",Resolved major production incident within SLA,"Communication,Mentoring,Collaboration","Stakeholder management,Cross-team communication",Public speaking,"Complete Technical Writing, improve cross-team communication",Shows great initiative and is a reliable team member.,Focus on delegation,False,True,5,True,"Data Analysis Bootcamp,AWS Certification",Exceeds Expectations,Shows great initiative and is a reliable team member.,8.7,Reliable and communicates blockers early.,Ready in 6-12 months,5,0,"Data Analysis Bootcamp,AWS Certification",2024-07-21,True,2023-07-22 10:30:00,2023-07-22 12:45:00
REV0254,EMP081,EMP082,2023-05-17,2023-08-15,2023-08-30,Project-based,87.5,66.7,8.8,7.7,8.6,5.4,8.5,5.9,6.7,5.3,7.4,6.9,6.2,8.9,5.9,24,7,4.5,88.2,-21.2,680.0,8.9,81.7,"Attention to detail,Time management,Leadership,Initiative",Reduced system latency by 40%,"Innovation,Leadership,Reliability","Documentation,Stakeholder management,Delegation","Process adherence,Time estimation","Complete Technical Writing, improve time estimation",Excellent collaborator who elevates the entire team.,Focus on documentation,False,True,0,True,"Technical Writing,Data Analysis Bootcamp,Agile Course",Exceeds Expectations,Outstanding performance this period — exceeds on all fronts.,7.0,"Great collaborator, always willing to help the team.",Not Ready,0,10000,"Technical Writing,Data Analysis Bootcamp,Agile Course",2024-08-29,False,2023-08-30 15:15:00,2023-08-30 10:00:00
REV0255,EMP054,EMP042,2023-06-30,2024-06-24,2024-07-06,Annual,66.9,77.5,7.1,6.8,6.0,4.5,6.2,5.5,7.2,5.3,7.6,6.8,9.4,8.8,7.7,104,8,7.4,73.2,11.3,1024.0,46.5,97.4,"Collaboration,Leadership",Won internal hackathon with innovative prototype,"Time management,Attention to detail,Mentoring","Process adherence,Stakeholder management","Public speaking,Delegation","Complete AWS Certification, improve conflict resolution",Has significant potential for growth with focused development.,Focus on process adherence,False,False,0,True,"Technical Writing,PMP Certification",Meets Expectations,A dependable contributor who meets expectations consistently.,5.9,"Strong technical contributor, great pair-programming partner.",Ready in 6-12 months,0,0,"Technical Writing,PMP Certification",2025-07-06,False,2024-07-06 09:30:00,2024-07-06 14:15:00
REV0256,EMP100,EMP076,2025-01-21,2025-04-21,2025-05-11,Quarterly,39.8,37.4,4.6,2.8,2.8,3.9,3.4,3.3,6.4,4.6,5.1,8.2,6.4,5.6,5.8,120,4,7.9,86.1,-3.5,623.0,7.4,94.5,"Attention to detail,Leadership,Innovation",Automated deployment pipeline saving 5hrs/week,"Reliability,Time management",Work-life balance,"Cross-team communication,Process adherence","Complete Scrum Master Training, improve cross-team communication",Strong performer who consistently delivers high-quality work.,Focus on conflict resolution,False,False,0,False,"Leadership Training,Data Analysis Bootcamp",Meets Expectations,Needs to focus on delivery timelines and communication.,3.4,Could improve on proactively sharing updates.,Not Ready,0,0,"Leadership Training,Data Analysis Bootcamp",2025-08-09,False,2025-05-11 11:15:00,2025-05-11 16:15:00
REV0257,EMP100,EMP021,2025-01-21,2025-04-21,2025-05-06,Quarterly,63.7,47.4,5.8,6.6,5.2,2.9,6.4,6.1,6.6,7.9,7.7,5.0,7.0,5.2,6.9,48,1,7.1,87.9,-12.9,1360.0,15.6,57.3,"Innovation,Problem solving",Led successful product launch ahead of schedule,"Leadership,Time management,Attention to detail","Strategic thinking,Stakeholder management,Public speaking",Time estimation,"Complete Python Advanced, improve cross-team communication",Excellent collaborator who elevates the entire team.,Focus on work-life balance,True,False,0,True,"Communication Workshop,Data Analysis Bootcamp,Agile Course",Meets Expectations,Excellent collaborator who elevates the entire team.,5.6,"Great collaborator, always willing to help the team.",Ready Now,0,0,"Communication Workshop,Data Analysis Bootcamp,Agile Course",2025-08-04,True,2025-05-06 08:00:00,2025-05-06 16:00:00
REV0258,EMP065,EMP058,2026-02-19,2026-05-20,2026-06-09,Quarterly,80.3,90.8,7.1,7.9,6.4,6.6,6.1,8.0,7.2,5.9,5.4,6.9,8.0,9.0,6.8,25,3,6.1,84.9,21.4,826.0,12.6,94.9,"Leadership,Reliability",Mentored 2 junior team members,"Reliability,Innovation","Delegation,Documentation,Conflict resolution",Conflict resolution,"Complete AWS Certification, improve public speaking",Has significant potential for growth with focused development.,Focus on public speaking,True,True,15,False,Python Advanced,Exceeds Expectations,Outstanding performance this period — exceeds on all fronts.,6.0,Brings strong expertise and shares knowledge freely.,Ready Now,15,5000,Python Advanced,2026-09-07,True,2026-06-09 17:30:00,2026-06-09 13:45:00
REV0259,EMP066,EMP004,2023-04-11,2024-04-05,2024-04-18,Annual,98.1,85.3,8.8,9.4,8.6,9.4,10.0,8.1,5.5,7.6,4.7,5.2,4.7,7.1,7.0,132,4,7.0,98.7,15.8,680.0,43.8,85.1,"Adaptability,Mentoring,Innovation,Collaboration",Won internal hackathon with innovative prototype,"Collaboration,Mentoring,Initiative","Public speaking,Delegation","Work-life balance,Stakeholder management,Delegation","Complete Scrum Master Training, improve documentation",Strong performer who consistently delivers high-quality work.,Focus on cross-team communication,False,True,15,True,"Scrum Master Training,PMP Certification",Exceeds Expectations,Excellent collaborator who elevates the entire team.,8.1,Could improve on proactively sharing updates.,Ready in 6-12 months,15,0,"Scrum Master Training,PMP Certification",2025-04-18,True,2024-04-18 13:45:00,2024-04-18 17:00:00
REV0260,EMP083,EMP046,2025-10-11,2026-01-09,2026-01-24,Project-based,100.0,91.2,7.1,9.7,10.0,6.7,9.1,10.0,6.6,8.5,6.3,6.2,8.4,6.6,6.1,51,2,6.6,68.3,1.8,676.0,3.6,81.4,"Leadership,Mentoring",Won internal hackathon with innovative prototype,"Mentoring,Attention to detail,Adaptability","Delegation,Public speaking,Time estimation",Documentation,"Complete Technical Writing, improve conflict resolution",Outstanding performance this period — exceeds on all fronts.,Focus on documentation,False,True,0,True,"Data Analysis Bootcamp,PMP Certification",Exceeds Expectations,Demonstrates strong technical skills with room for soft-skill growth.,8.1,"Strong technical contributor, great pair-programming partner.",Not Ready,0,2000,"Data Analysis Bootcamp,PMP Certification",2027-01-24,True,2026-01-24 11:45:00,2026-01-24 16:45:00
REV0261,EMP041,EMP042,2024-01-26,2024-04-25,2024-05-14,Quarterly,66.3,54.6,4.7,5.4,6.0,2.9,5.1,5.4,6.7,7.1,5.6,7.4,7.1,7.1,7.8,138,2,8.1,64.6,-0.4,1337.0,33.4,74.6,"Initiative,Problem solving,Innovation",Reduced system latency by 40%,"Initiative,Problem solving,Communication",Documentation,Process adherence,"Complete AWS Certification, improve documentation",Has significant potential for growth with focused development.,Focus on work-life balance,False,False,0,True,"Technical Writing,Agile Course",Meets Expectations,Outstanding performance this period — exceeds on all fronts.,6.7,Could improve on proactively sharing updates.,Ready in 6-12 months,0,0,"Technical Writing,Agile Course",2024-08-12,False,2024-05-14 08:30:00,2024-05-14 09:45:00
REV0262,EMP038,EMP043,2026-01-06,2026-04-06,2026-04-21,Probationary,74.9,76.8,6.9,7.0,6.6,4.8,6.7,6.2,6.2,8.8,7.8,4.8,5.8,7.1,6.2,110,3,7.8,67.1,11.5,713.0,5.5,81.2,"Reliability,Leadership,Adaptability,Time management",Resolved major production incident within SLA,Time management,"Stakeholder management,Conflict resolution,Process adherence","Time estimation,Stakeholder management,Process adherence","Complete Leadership Training, improve strategic thinking",Excellent collaborator who elevates the entire team.,Focus on delegation,False,True,0,True,"Agile Course,Cloud Architecture",Exceeds Expectations,Shows great initiative and is a reliable team member.,6.8,A pleasure to work with — highly recommended for future teams.,Not Ready,0,0,"Agile Course,Cloud Architecture",2027-04-21,False,2026-04-21 15:30:00,2026-04-21 09:00:00
REV0263,EMP080,EMP073,2023-10-09,2024-10-03,2024-10-13,Annual,40.7,32.4,4.7,4.3,6.1,4.3,3.2,2.9,6.4,6.5,6.7,5.0,7.7,7.6,7.6,32,6,6.4,85.0,15.6,1109.0,7.4,95.7,"Time management,Reliability",Improved test coverage from 45% to 82%,"Innovation,Adaptability",Delegation,"Conflict resolution,Strategic thinking,Cross-team communication","Complete Data Analysis Bootcamp, improve work-life balance",Has significant potential for growth with focused development.,Focus on conflict resolution,False,False,0,False,"Communication Workshop,AWS Certification,Agile Course",Meets Expectations,Shows great initiative and is a reliable team member.,3.0,Brings strong expertise and shares knowledge freely.,Not Ready,0,0,"Communication Workshop,AWS Certification,Agile Course",2025-10-13,False,2024-10-13 16:45:00,2024-10-13 13:30:00
REV0264,EMP095,EMP076,2023-10-03,2024-01-01,2024-01-11,Quarterly,79.8,94.9,6.5,8.6,6.9,5.4,7.7,7.4,7.0,6.4,6.6,4.3,7.2,8.8,4.9,15,4,7.1,71.5,-18.1,1391.0,45.1,84.4,"Adaptability,Communication",Resolved major production incident within SLA,Time management,Time estimation,Documentation,"Complete Agile Course, improve work-life balance",Outstanding performance this period — exceeds on all fronts.,Focus on cross-team communication,False,True,10,False,"Scrum Master Training,Technical Writing",Exceeds Expectations,Outstanding performance this period — exceeds on all fronts.,7.6,"Strong technical contributor, great pair-programming partner.",Not Ready,10,0,"Scrum Master Training,Technical Writing",2024-04-10,False,2024-01-11 15:30:00,2024-01-11 12:30:00
REV0265,EMP068,EMP017,2024-06-26,2024-09-24,2024-10-04,Quarterly,48.6,64.7,4.6,5.9,5.0,4.7,5.0,3.6,6.3,8.4,3.6,6.0,5.5,7.7,6.5,86,3,8.1,80.7,-18.6,1272.0,17.3,78.0,"Mentoring,Initiative,Collaboration,Problem solving",Led successful product launch ahead of schedule,"Mentoring,Reliability","Cross-team communication,Strategic thinking,Time estimation","Cross-team communication,Delegation","Complete Cloud Architecture, improve work-life balance",Strong performer who consistently delivers high-quality work.,Focus on delegation,False,False,0,True,Scrum Master Training,Exceeds Expectations,Needs to focus on delivery timelines and communication.,3.7,Reliable and communicates blockers early.,Not Ready,0,0,Scrum Master Training,2025-01-02,False,2024-10-04 16:15:00,2024-10-04 08:30:00
REV0266,EMP043,EMP018,2024-03-14,2024-06-12,2024-06-25,Project-based,95.7,72.5,8.1,9.1,8.1,7.4,8.5,10.0,7.8,8.1,8.8,7.9,5.8,8.4,8.2,143,1,8.2,79.7,6.6,1085.0,2.8,100.0,"Reliability,Collaboration",Improved test coverage from 45% to 82%,"Reliability,Technical expertise","Process adherence,Cross-team communication,Documentation","Documentation,Process adherence,Work-life balance","Complete Technical Writing, improve time estimation",Has significant potential for growth with focused development.,Focus on time estimation,False,True,0,True,"Python Advanced,AWS Certification",Meets Expectations,Has significant potential for growth with focused development.,8.7,"Great collaborator, always willing to help the team.",Not Ready,0,10000,"Python Advanced,AWS Certification",2025-06-25,False,2024-06-25 14:00:00,2024-06-25 08:45:00
REV0267,EMP082,EMP006,2023-04-23,2024-04-17,2024-04-25,Annual,75.2,67.0,7.4,5.7,7.4,5.5,6.0,6.4,8.6,6.8,9.6,4.3,5.3,8.8,8.9,86,4,6.6,82.8,8.5,1124.0,36.6,81.0,"Technical expertise,Time management,Reliability,Communication",Won internal hackathon with innovative prototype,"Reliability,Initiative","Strategic thinking,Work-life balance,Documentation",Public speaking,"Complete Communication Workshop, improve work-life balance",Excellent collaborator who elevates the entire team.,Focus on work-life balance,False,True,7,False,Data Analysis Bootcamp,Exceeds Expectations,Outstanding performance this period — exceeds on all fronts.,6.8,Brings strong expertise and shares knowledge freely.,Not Ready,7,0,Data Analysis Bootcamp,2025-04-25,False,2024-04-25 18:00:00,2024-04-25 12:30:00
REV0268,EMP072,EMP053,2024-04-26,2025-04-21,2025-04-29,Annual,76.7,56.4,7.7,7.1,5.9,8.4,6.7,6.7,7.8,9.3,7.5,7.8,5.9,7.6,6.4,102,8,8.2,91.6,19.6,1055.0,15.4,70.9,"Problem solving,Adaptability,Mentoring,Initiative",Reduced system latency by 40%,"Problem solving,Communication,Time management",Public speaking,"Documentation,Time estimation,Stakeholder management","Complete Communication Workshop, improve strategic thinking",Has significant potential for growth with focused development.,Focus on conflict resolution,False,True,15,True,"AWS Certification,Communication Workshop",Exceeds Expectations,Strong performer who consistently delivers high-quality work.,5.9,Could improve on proactively sharing updates.,Ready in 6-12 months,15,1000,"AWS Certification,Communication Workshop",2026-04-29,False,2025-04-29 12:15:00,2025-04-29 12:15:00
REV0269,EMP073,EMP047,2024-04-29,2024-07-28,2024-08-09,Quarterly,77.6,61.7,6.9,8.4,8.6,6.7,6.3,8.6,8.0,6.2,7.0,7.2,6.3,7.8,8.3,63,5,7.2,96.5,-21.1,1307.0,17.5,86.9,"Collaboration,Initiative",Resolved major production incident within SLA,"Adaptability,Time management","Process adherence,Conflict resolution,Public speaking","Work-life balance,Process adherence","Complete Agile Course, improve documentation",Demonstrates strong technical skills with room for soft-skill growth.,Focus on delegation,False,True,7,True,"Scrum Master Training,Agile Course,Communication Workshop",Exceeds Expectations,A dependable contributor who meets expectations consistently.,7.1,"Strong technical contributor, great pair-programming partner.",Not Ready,7,2000,"Scrum Master Training,Agile Course,Communication Workshop",2024-11-07,True,2024-08-09 16:30:00,2024-08-09 09:15:00
REV0270,EMP034,EMP035,2024-06-23,2024-09-21,2024-10-04,Project-based,89.4,95.2,6.4,8.7,8.3,7.2,8.7,8.2,7.7,8.3,5.7,5.8,5.1,7.6,7.5,23,2,6.2,99.0,-9.9,1014.0,20.2,100.0,"Communication,Mentoring,Initiative,Reliability",Led successful product launch ahead of schedule,"Initiative,Problem solving","Strategic thinking,Stakeholder management,Cross-team communication","Strategic thinking,Documentation,Time estimation","Complete Scrum Master Training, improve process adherence",Has significant potential for growth with focused development.,Focus on documentation,False,True,5,False,"PMP Certification,AWS Certification",Outstanding,Needs to focus on delivery timelines and communication.,6.6,A pleasure to work with — highly recommended for future teams.,Not Ready,5,2000,"PMP Certification,AWS Certification",2025-10-04,False,2024-10-04 15:45:00,2024-10-04 14:45:00
REV0271,EMP032,EMP043,2023-06-23,2024-06-17,2024-07-02,Annual,97.9,91.9,8.4,9.4,9.9,7.1,9.7,9.7,7.4,6.6,7.8,7.4,5.9,7.1,8.0,138,7,7.6,95.0,-4.1,840.0,0.0,91.4,"Attention to detail,Problem solving",Won internal hackathon with innovative prototype,"Technical expertise,Communication,Attention to detail","Cross-team communication,Conflict resolution",Conflict resolution,"Complete Cloud Architecture, improve work-life balance",Strong performer who consistently delivers high-quality work.,Focus on public speaking,False,True,3,True,Cloud Architecture,Exceeds Expectations,Demonstrates strong technical skills with room for soft-skill growth.,8.7,Brings strong expertise and shares knowledge freely.,Not Ready,3,2000,Cloud Architecture,2025-07-02,True,2024-07-02 13:45:00,2024-07-02 14:15:00
REV0272,EMP059,EMP003,2024-09-26,2024-12-25,2025-01-03,Quarterly,52.2,62.0,5.0,5.6,5.4,6.9,4.7,4.0,6.7,6.8,6.4,5.6,7.9,7.9,5.5,66,3,8.5,72.3,-14.2,841.0,7.9,56.5,"Communication,Leadership",Mentored 2 junior team members,"Leadership,Communication,Attention to detail",Cross-team communication,"Documentation,Process adherence","Complete Agile Course, improve strategic thinking",Excellent collaborator who elevates the entire team.,Focus on process adherence,False,False,0,True,Technical Writing,Exceeds Expectations,Outstanding performance this period — exceeds on all fronts.,5.2,Could improve on proactively sharing updates.,Not Ready,0,0,Technical Writing,2025-04-03,False,2025-01-03 11:00:00,2025-01-03 14:15:00
REV0273,EMP041,EMP024,2023-07-20,2024-07-14,2024-07-29,Annual,55.6,55.4,6.2,4.3,5.8,5.9,5.4,3.8,6.3,10.0,5.8,10.0,8.9,8.0,7.4,87,7,7.0,80.9,-8.3,1078.0,5.2,97.9,"Problem solving,Time management,Mentoring,Technical expertise",Reduced system latency by 40%,Time management,Stakeholder management,"Strategic thinking,Work-life balance","Complete Leadership Training, improve stakeholder management",Excellent collaborator who elevates the entire team.,Focus on conflict resolution,True,False,0,False,"Scrum Master Training,AWS Certification,Communication Workshop",Exceeds Expectations,Outstanding performance this period — exceeds on all fronts.,5.0,"Great collaborator, always willing to help the team.",Ready Now,0,0,"Scrum Master Training,AWS Certification,Communication Workshop",2025-07-29,False,2024-07-29 13:45:00,2024-07-29 18:15:00
REV0274,EMP055,EMP025,2024-04-26,2025-04-21,2025-05-05,Annual,48.3,71.3,2.7,5.0,4.2,5.5,4.1,2.6,6.8,7.4,6.3,7.5,6.4,6.2,5.8,94,7,7.0,75.7,28.9,1140.0,50.2,85.9,"Technical expertise,Collaboration,Innovation",Won internal hackathon with innovative prototype,"Attention to detail,Problem solving,Mentoring",Time estimation,Strategic thinking,"Complete AWS Certification, improve cross-team communication",Outstanding performance this period — exceeds on all fronts.,Focus on process adherence,False,False,0,True,Agile Course,Exceeds Expectations,Strong performer who consistently delivers high-quality work.,4.2,Could improve on proactively sharing updates.,Ready in 6-12 months,0,0,Agile Course,2026-05-05,False,2025-05-05 18:45:00,2025-05-05 14:00:00
REV0275,EMP039,EMP066,2025-11-02,2026-01-31,2026-02-13,Project-based,69.7,66.2,6.4,4.5,6.0,5.5,5.7,5.8,7.4,8.0,6.9,7.7,7.8,7.2,7.6,44,8,5.8,77.4,-6.0,1002.0,20.4,91.1,"Initiative,Time management,Attention to detail",Won internal hackathon with innovative prototype,"Innovation,Reliability,Problem solving","Public speaking,Time estimation",Documentation,"Complete PMP Certification, improve stakeholder management",Needs to focus on delivery timelines and communication.,Focus on cross-team communication,False,False,0,True,"Communication Workshop,Python Advanced",Needs Improvement,Strong performer who consistently delivers high-quality work.,7.4,Could improve on proactively sharing updates.,Not Ready,0,0,"Communication Workshop,Python Advanced",2027-02-13,True,2026-02-13 12:00:00,2026-02-13 09:45:00
REV0276,EMP059,EMP054,2024-04-23,2024-07-22,2024-08-07,Project-based,78.1,66.1,7.7,4.9,4.4,5.2,7.2,8.5,5.6,6.3,6.6,6.2,6.4,7.1,8.6,79,7,8.6,82.3,19.9,870.0,56.1,70.8,"Technical expertise,Attention to detail,Collaboration",Automated deployment pipeline saving 5hrs/week,"Technical expertise,Mentoring",Conflict resolution,"Conflict resolution,Documentation","Complete Cloud Architecture, improve public speaking",Shows great initiative and is a reliable team member.,Focus on time estimation,True,True,3,False,"Leadership Training,Python Advanced",Meets Expectations,Has significant potential for growth with focused development.,7.9,"Strong technical contributor, great pair-programming partner.",Ready Now,3,1000,"Leadership Training,Python Advanced",2025-08-07,True,2024-08-07 15:45:00,2024-08-07 12:30:00
REV0277,EMP059,EMP097,2023-09-16,2024-09-10,2024-09-29,Annual,62.4,66.1,5.7,6.0,7.6,6.0,5.3,5.7,8.8,8.1,8.6,6.2,6.2,6.8,6.5,25,2,6.4,85.5,3.7,861.0,12.1,100.0,"Communication,Adaptability",Automated deployment pipeline saving 5hrs/week,"Initiative,Collaboration,Innovation","Public speaking,Cross-team communication,Stakeholder management","Documentation,Time estimation","Complete Data Analysis Bootcamp, improve public speaking",Excellent collaborator who elevates the entire team.,Focus on documentation,False,False,0,True,"AWS Certification,Communication Workshop",Meets Expectations,A dependable contributor who meets expectations consistently.,6.2,A pleasure to work with — highly recommended for future teams.,Not Ready,0,0,"AWS Certification,Communication Workshop",2025-09-29,False,2024-09-29 15:15:00,2024-09-29 14:30:00
REV0278,EMP096,EMP032,2024-06-20,2024-09-18,2024-09-24,Probationary,84.1,80.7,8.8,6.7,6.9,6.1,6.0,7.8,6.4,6.4,5.2,6.8,6.1,7.7,7.6,117,3,7.2,77.7,2.2,1143.0,43.0,97.1,"Technical expertise,Innovation,Leadership",Reduced system latency by 40%,"Collaboration,Mentoring",Cross-team communication,"Strategic thinking,Public speaking,Delegation","Complete Communication Workshop, improve documentation",Outstanding performance this period — exceeds on all fronts.,Focus on stakeholder management,False,True,15,True,"PMP Certification,Communication Workshop,AWS Certification",Exceeds Expectations,A dependable contributor who meets expectations consistently.,7.6,A pleasure to work with — highly recommended for future teams.,Ready in 6-12 months,15,10000,"PMP Certification,Communication Workshop,AWS Certification",2025-09-24,False,2024-09-24 14:45:00,2024-09-24 16:00:00
REV0279,EMP044,EMP053,2024-01-24,2024-04-23,2024-05-09,Probationary,57.4,36.1,4.7,5.2,6.1,6.9,4.8,5.3,8.0,7.1,8.8,5.2,7.7,8.2,8.4,128,3,7.6,92.7,-3.0,970.0,6.9,83.9,"Mentoring,Leadership,Attention to detail,Communication",Led successful product launch ahead of schedule,"Adaptability,Problem solving,Mentoring","Cross-team communication,Conflict resolution,Stakeholder management","Strategic thinking,Public speaking,Delegation","Complete Python Advanced, improve strategic thinking",Has significant potential for growth with focused development.,Focus on stakeholder management,False,False,0,True,"Data Analysis Bootcamp,PMP Certification",Meets Expectations,Has significant potential for growth with focused development.,5.2,A pleasure to work with — highly recommended for future teams.,Ready in 6-12 months,0,0,"Data Analysis Bootcamp,PMP Certification",2025-05-09,False,2024-05-09 13:45:00,2024-05-09 14:00:00
REV0280,EMP097,EMP044,2023-12-27,2024-12-21,2025-01-10,Annual,78.8,71.6,7.3,8.3,6.6,9.1,7.8,7.0,6.7,6.1,6.5,4.2,8.4,4.7,7.1,75,7,6.4,73.6,-6.9,1337.0,1.7,80.9,"Innovation,Adaptability",Won internal hackathon with innovative prototype,Leadership,Public speaking,Stakeholder management,"Complete Data Analysis Bootcamp, improve time estimation",Demonstrates strong technical skills with room for soft-skill growth.,Focus on strategic thinking,False,True,5,True,Scrum Master Training,Exceeds Expectations,A dependable contributor who meets expectations consistently.,8.4,"Strong technical contributor, great pair-programming partner.",Ready in 6-12 months,5,1000,Scrum Master Training,2026-01-10,False,2025-01-10 09:30:00,2025-01-10 16:45:00
REV0281,EMP029,EMP058,2024-09-27,2024-12-26,2025-01-14,Quarterly,49.4,64.6,5.8,3.3,5.7,4.1,4.4,4.6,7.4,6.1,6.1,7.2,7.2,7.8,6.1,88,8,8.1,83.5,-19.0,726.0,4.7,74.2,"Innovation,Collaboration",Automated deployment pipeline saving 5hrs/week,"Reliability,Communication",Work-life balance,"Public speaking,Cross-team communication,Work-life balance","Complete Scrum Master Training, improve cross-team communication",Shows great initiative and is a reliable team member.,Focus on stakeholder management,False,False,0,False,Leadership Training,Meets Expectations,Outstanding performance this period — exceeds on all fronts.,3.5,"Great collaborator, always willing to help the team.",Not Ready,0,0,Leadership Training,2025-04-14,False,2025-01-14 13:15:00,2025-01-14 10:45:00
REV0282,EMP088,EMP017,2024-08-05,2024-11-03,2024-11-08,Project-based,85.5,81.8,7.1,7.5,8.6,7.3,8.2,8.9,7.5,5.1,6.9,6.1,9.0,7.9,6.3,114,4,8.1,83.1,-20.6,1280.0,10.0,84.2,"Mentoring,Time management",Delivered critical feature with zero post-release bugs,"Communication,Collaboration","Delegation,Time estimation,Process adherence",Documentation,"Complete Communication Workshop, improve stakeholder management",Needs to focus on delivery timelines and communication.,Focus on work-life balance,False,True,7,True,"Technical Writing,Communication Workshop",Exceeds Expectations,Shows great initiative and is a reliable team member.,8.7,A pleasure to work with — highly recommended for future teams.,Ready in 6-12 months,7,1000,"Technical Writing,Communication Workshop",2025-11-08,True,2024-11-08 13:15:00,2024-11-08 11:45:00
REV0283,EMP093,EMP011,2023-03-10,2023-06-08,2023-06-14,Project-based,84.1,67.5,8.0,6.1,7.5,5.4,6.7,6.8,7.8,7.0,6.5,6.6,8.2,7.5,7.3,119,8,6.9,95.8,14.7,1290.0,71.3,61.0,"Innovation,Collaboration",Resolved major production incident within SLA,"Initiative,Technical expertise","Work-life balance,Public speaking,Documentation","Cross-team communication,Documentation","Complete PMP Certification, improve cross-team communication",Shows great initiative and is a reliable team member.,Focus on time estimation,False,True,0,True,"Python Advanced,Technical Writing,Scrum Master Training",Meets Expectations,A dependable contributor who meets expectations consistently.,7.1,Could improve on proactively sharing updates.,Not Ready,0,1000,"Python Advanced,Technical Writing,Scrum Master Training",2024-06-13,True,2023-06-14 18:30:00,2023-06-14 10:15:00
REV0284,EMP062,EMP035,2023-03-03,2024-02-26,2024-03-05,Annual,100.0,97.5,10.0,8.8,8.6,9.5,7.5,7.8,7.8,7.0,6.3,5.7,7.3,6.7,7.1,99,2,6.3,79.8,24.3,967.0,95.7,81.7,"Mentoring,Leadership,Collaboration,Time management",Resolved major production incident within SLA,"Collaboration,Adaptability,Initiative","Process adherence,Strategic thinking","Documentation,Time estimation,Work-life balance","Complete Python Advanced, improve conflict resolution",Demonstrates strong technical skills with room for soft-skill growth.,Focus on time estimation,False,True,10,True,Communication Workshop,Exceeds Expectations,Demonstrates strong technical skills with room for soft-skill growth.,9.8,Could improve on proactively sharing updates.,Not Ready,10,2000,Communication Workshop,2025-03-05,True,2024-03-05 15:30:00,2024-03-05 10:15:00
REV0285,EMP019,EMP095,2026-03-13,2026-06-11,2026-06-25,Probationary,66.0,67.7,6.4,6.2,6.3,5.3,6.1,5.8,4.8,10.0,7.5,5.6,7.3,6.2,6.4,113,5,6.0,81.4,-19.0,1109.0,51.5,91.3,"Leadership,Adaptability",Improved test coverage from 45% to 82%,"Initiative,Attention to detail","Time estimation,Documentation","Work-life balance,Cross-team communication,Process adherence","Complete Cloud Architecture, improve time estimation",Needs to focus on delivery timelines and communication.,Focus on time estimation,False,False,0,True,"Agile Course,Python Advanced",Exceeds Expectations,Needs to focus on delivery timelines and communication.,7.3,Brings strong expertise and shares knowledge freely.,Not Ready,0,0,"Agile Course,Python Advanced",2027-06-25,False,2026-06-25 15:45:00,2026-06-25 08:00:00
REV0286,EMP044,EMP036,2023-04-18,2024-04-12,2024-04-23,Annual,44.4,57.2,2.4,3.1,2.9,3.9,4.5,4.3,6.4,4.1,6.6,7.7,9.9,7.1,6.2,72,3,7.8,78.9,15.3,823.0,1.9,79.6,"Problem solving,Reliability,Leadership,Time management",Delivered critical feature with zero post-release bugs,"Leadership,Time management,Technical expertise","Process adherence,Documentation","Public speaking,Strategic thinking","Complete Python Advanced, improve public speaking",Shows great initiative and is a reliable team member.,Focus on documentation,False,False,0,True,"Python Advanced,Cloud Architecture",Exceeds Expectations,Needs to focus on delivery timelines and communication.,5.0,A pleasure to work with — highly recommended for future teams.,Not Ready,0,0,"Python Advanced,Cloud Architecture",2025-04-23,True,2024-04-23 16:15:00,2024-04-23 11:30:00
REV0287,EMP095,EMP032,2023-11-08,2024-02-06,2024-02-18,Project-based,93.7,75.7,9.7,7.0,6.9,9.2,8.5,9.3,7.1,7.2,4.6,6.8,8.5,7.6,7.8,131,3,8.2,69.8,10.3,632.0,49.5,84.3,"Collaboration,Attention to detail,Initiative,Problem solving",Improved test coverage from 45% to 82%,Leadership,"Delegation,Public speaking,Time estimation",Delegation,"Complete Cloud Architecture, improve stakeholder management",Shows great initiative and is a reliable team member.,Focus on delegation,False,True,0,True,"Technical Writing,AWS Certification",Outstanding,Needs to focus on delivery timelines and communication.,8.6,"Great collaborator, always willing to help the team.",Not Ready,0,2000,"Technical Writing,AWS Certification",2025-02-17,False,2024-02-18 15:00:00,2024-02-18 15:15:00
REV0288,EMP013,EMP085,2025-05-10,2025-08-08,2025-08-19,Project-based,79.2,62.2,6.6,7.3,7.2,8.5,7.2,9.2,5.4,7.2,5.4,6.2,6.5,6.8,9.1,139,5,8.9,86.8,-5.7,1055.0,38.5,77.1,"Innovation,Problem solving,Mentoring,Leadership",Improved test coverage from 45% to 82%,"Adaptability,Collaboration","Stakeholder management,Process adherence,Documentation","Time estimation,Strategic thinking","Complete Python Advanced, improve process adherence",Demonstrates strong technical skills with room for soft-skill growth.,Focus on process adherence,True,True,3,False,"Data Analysis Bootcamp,Cloud Architecture,Python Advanced",Exceeds Expectations,Shows great initiative and is a reliable team member.,6.4,Brings strong expertise and shares knowledge freely.,Ready Now,3,2000,"Data Analysis Bootcamp,Cloud Architecture,Python Advanced",2026-08-19,True,2025-08-19 15:00:00,2025-08-19 13:45:00
REV0289,EMP064,EMP030,2025-04-18,2025-07-17,2025-07-27,Quarterly,68.8,60.4,5.1,6.5,8.4,4.5,7.1,5.6,6.4,8.2,6.1,7.1,7.3,6.8,8.1,31,7,7.4,65.3,-10.7,1138.0,17.4,64.6,"Mentoring,Time management",Mentored 2 junior team members,Leadership,"Work-life balance,Time estimation,Delegation","Work-life balance,Conflict resolution","Complete PMP Certification, improve work-life balance",Has significant potential for growth with focused development.,Focus on strategic thinking,False,False,0,False,"AWS Certification,Data Analysis Bootcamp",Exceeds Expectations,Has significant potential for growth with focused development.,5.8,Brings strong expertise and shares knowledge freely.,Not Ready,0,0,"AWS Certification,Data Analysis Bootcamp",2025-10-25,True,2025-07-27 14:15:00,2025-07-27 10:15:00
REV0290,EMP042,EMP085,2024-06-30,2024-09-28,2024-10-16,Project-based,67.0,87.9,5.8,7.9,4.5,5.3,6.0,6.1,7.9,10.0,7.1,6.8,5.8,5.6,8.4,83,4,7.0,100.0,10.4,1346.0,47.9,81.8,"Collaboration,Time management,Communication",Automated deployment pipeline saving 5hrs/week,"Collaboration,Innovation","Strategic thinking,Stakeholder management","Cross-team communication,Stakeholder management,Documentation","Complete Scrum Master Training, improve documentation",Strong performer who consistently delivers high-quality work.,Focus on delegation,False,False,0,True,"PMP Certification,Agile Course",Meets Expectations,Excellent collaborator who elevates the entire team.,6.3,"Strong technical contributor, great pair-programming partner.",Ready in 6-12 months,0,0,"PMP Certification,Agile Course",2025-10-16,True,2024-10-16 12:30:00,2024-10-16 13:00:00
REV0291,EMP042,EMP069,2023-07-02,2024-06-26,2024-07-11,Annual,74.3,66.0,5.6,6.1,7.8,7.0,6.9,7.3,5.6,6.3,6.9,5.6,7.1,6.2,5.0,66,4,8.2,94.3,-7.6,1094.0,14.1,93.1,"Collaboration,Problem solving,Reliability",Automated deployment pipeline saving 5hrs/week,"Mentoring,Adaptability,Initiative",Time estimation,Cross-team communication,"Complete Technical Writing, improve delegation",Demonstrates strong technical skills with room for soft-skill growth.,Focus on work-life balance,False,True,0,True,"Cloud Architecture,Scrum Master Training",Meets Expectations,A dependable contributor who meets expectations consistently.,4.4,Could improve on proactively sharing updates.,Ready in 6-12 months,0,0,"Cloud Architecture,Scrum Master Training",2025-07-11,False,2024-07-11 12:00:00,2024-07-11 15:15:00
REV0292,EMP096,EMP011,2023-10-07,2024-10-01,2024-10-19,Annual,63.2,86.5,7.5,5.0,8.1,5.1,7.1,6.0,7.4,9.2,7.6,7.2,4.9,6.0,7.6,53,3,9.0,83.5,-7.1,1072.0,14.0,78.6,"Leadership,Attention to detail,Problem solving,Mentoring",Improved test coverage from 45% to 82%,"Attention to detail,Collaboration,Technical expertise",Strategic thinking,Public speaking,"Complete PMP Certification, improve strategic thinking",A dependable contributor who meets expectations consistently.,Focus on strategic thinking,False,False,0,False,"Communication Workshop,Agile Course",Meets Expectations,Excellent collaborator who elevates the entire team.,5.5,"Strong technical contributor, great pair-programming partner.",Not Ready,0,0,"Communication Workshop,Agile Course",2025-10-19,False,2024-10-19 12:30:00,2024-10-19 17:00:00
REV0293,EMP018,EMP024,2023-07-31,2024-07-25,2024-08-12,Annual,87.6,77.9,8.2,8.1,8.5,7.2,7.6,8.6,6.7,5.9,8.5,4.6,8.7,8.0,5.8,116,8,7.5,76.9,9.7,1238.0,88.8,83.4,"Technical expertise,Attention to detail,Time management,Initiative",Resolved major production incident within SLA,"Adaptability,Time management","Cross-team communication,Documentation,Strategic thinking","Public speaking,Stakeholder management,Work-life balance","Complete Python Advanced, improve public speaking",Excellent collaborator who elevates the entire team.,Focus on public speaking,False,True,7,True,"Agile Course,Python Advanced,AWS Certification",Exceeds Expectations,Outstanding performance this period — exceeds on all fronts.,7.8,Reliable and communicates blockers early.,Not Ready,7,10000,"Agile Course,Python Advanced,AWS Certification",2025-08-12,False,2024-08-12 15:45:00,2024-08-12 10:30:00
REV0294,EMP010,EMP032,2024-08-23,2024-11-21,2024-12-06,Project-based,100.0,96.9,10.0,10.0,8.6,9.2,9.7,8.9,6.6,8.5,6.5,7.1,8.5,10.0,6.4,131,7,7.3,82.9,1.2,1312.0,3.8,90.8,"Adaptability,Collaboration,Technical expertise",Delivered critical feature with zero post-release bugs,"Innovation,Communication","Cross-team communication,Documentation,Work-life balance","Delegation,Strategic thinking","Complete Python Advanced, improve process adherence",Shows great initiative and is a reliable team member.,Focus on documentation,False,True,3,True,"Communication Workshop,PMP Certification,Agile Course",Meets Expectations,Strong performer who consistently delivers high-quality work.,10.0,Brings strong expertise and shares knowledge freely.,Not Ready,3,1000,"Communication Workshop,PMP Certification,Agile Course",2025-12-06,False,2024-12-06 16:30:00,2024-12-06 09:30:00
REV0295,EMP041,EMP036,2023-10-02,2023-12-31,2024-01-11,Project-based,66.9,78.8,5.4,6.3,4.7,5.4,6.6,5.1,6.8,8.1,7.3,5.4,7.4,8.1,7.1,92,3,8.6,74.9,4.9,939.0,10.7,87.5,"Leadership,Initiative,Time management",Resolved major production incident within SLA,Innovation,Time estimation,Process adherence,"Complete Communication Workshop, improve cross-team communication",Outstanding performance this period — exceeds on all fronts.,Focus on stakeholder management,False,False,0,False,Technical Writing,Outstanding,Shows great initiative and is a reliable team member.,4.1,"Great collaborator, always willing to help the team.",Ready in 6-12 months,0,0,Technical Writing,2025-01-10,False,2024-01-11 10:00:00,2024-01-11 10:15:00
REV0296,EMP016,EMP077,2024-12-23,2025-12-18,2026-01-03,Annual,77.3,69.2,7.8,5.7,8.0,6.9,5.9,7.1,10.0,8.5,5.3,7.7,5.4,6.1,6.9,96,7,8.1,91.7,9.9,753.0,7.7,94.3,"Attention to detail,Time management",Mentored 2 junior team members,"Technical expertise,Initiative","Conflict resolution,Work-life balance","Cross-team communication,Stakeholder management","Complete AWS Certification, improve strategic thinking",Shows great initiative and is a reliable team member.,Focus on cross-team communication,False,True,15,False,"Data Analysis Bootcamp,AWS Certification",Outstanding,Needs to focus on delivery timelines and communication.,7.2,"Great collaborator, always willing to help the team.",Ready in 6-12 months,15,2000,"Data Analysis Bootcamp,AWS Certification",2027-01-03,False,2026-01-03 12:30:00,2026-01-03 08:15:00
REV0297,EMP032,EMP033,2024-01-05,2024-12-30,2025-01-04,Annual,95.1,90.5,8.9,8.9,6.7,9.2,8.6,9.3,4.2,9.0,4.9,9.8,9.3,6.2,8.0,47,3,6.5,74.3,-7.4,712.0,5.0,87.9,"Technical expertise,Initiative,Adaptability",Automated deployment pipeline saving 5hrs/week,"Innovation,Communication,Initiative",Conflict resolution,Time estimation,"Complete Python Advanced, improve time estimation",Outstanding performance this period — exceeds on all fronts.,Focus on strategic thinking,False,True,0,False,"Agile Course,PMP Certification,AWS Certification",Meets Expectations,Demonstrates strong technical skills with room for soft-skill growth.,9.4,A pleasure to work with — highly recommended for future teams.,Not Ready,0,5000,"Agile Course,PMP Certification,AWS Certification",2026-01-04,True,2025-01-04 13:00:00,2025-01-04 08:30:00
REV0298,EMP004,EMP077,2023-04-07,2023-07-06,2023-07-15,Quarterly,70.8,89.7,6.1,4.8,7.3,4.9,6.6,6.3,9.1,7.0,4.9,6.2,5.6,7.3,9.1,119,1,8.7,100.0,5.8,1032.0,3.1,67.4,"Initiative,Attention to detail,Communication,Adaptability",Automated deployment pipeline saving 5hrs/week,Problem solving,Documentation,"Public speaking,Stakeholder management","Complete Technical Writing, improve process adherence",Strong performer who consistently delivers high-quality work.,Focus on conflict resolution,False,True,10,True,"Python Advanced,Technical Writing",Exceeds Expectations,Needs to focus on delivery timelines and communication.,6.8,Could improve on proactively sharing updates.,Ready in 6-12 months,10,0,"Python Advanced,Technical Writing",2023-10-13,False,2023-07-15 12:15:00,2023-07-15 13:30:00
REV0299,EMP079,EMP018,2025-06-23,2025-09-21,2025-10-11,Probationary,68.4,47.4,6.3,4.8,6.6,6.4,4.9,5.0,5.4,7.0,4.5,8.5,7.5,8.1,5.1,141,4,8.8,89.8,-8.2,701.0,16.7,78.4,"Communication,Initiative,Leadership,Problem solving",Mentored 2 junior team members,Leadership,"Public speaking,Cross-team communication,Conflict resolution","Time estimation,Conflict resolution","Complete PMP Certification, improve process adherence",Outstanding performance this period — exceeds on all fronts.,Focus on strategic thinking,False,False,0,False,"Cloud Architecture,Python Advanced,Data Analysis Bootcamp",Exceeds Expectations,Has significant potential for growth with focused development.,5.7,A pleasure to work with — highly recommended for future teams.,Not Ready,0,0,"Cloud Architecture,Python Advanced,Data Analysis Bootcamp",2026-10-11,True,2025-10-11 08:45:00,2025-10-11 18:00:00
REV0300,EMP026,EMP032,2024-08-13,2025-08-08,2025-08-13,Annual,47.3,85.6,5.2,4.5,4.2,5.1,4.3,4.0,8.4,9.5,5.1,7.3,5.8,8.0,6.1,51,1,8.7,80.8,0.6,1268.0,13.1,75.1,"Communication,Innovation",Resolved major production incident within SLA,"Leadership,Reliability","Documentation,Process adherence","Cross-team communication,Process adherence,Delegation","Complete Technical Writing, improve stakeholder management",A dependable contributor who meets expectations consistently.,Focus on strategic thinking,False,False,0,False,"Python Advanced,Technical Writing",Exceeds Expectations,Has significant potential for growth with focused development.,4.9,Reliable and communicates blockers early.,Ready in 6-12 months,0,0,"Python Advanced,Technical Writing",2026-08-13,False,2025-08-13 13:45:00,2025-08-13 16:45:00
REV0301,EMP085,EMP018,2024-02-16,2024-05-16,2024-05-29,Quarterly,51.7,30.4,4.1,6.9,4.1,6.3,4.2,4.1,7.9,7.9,7.7,6.8,8.1,8.5,8.4,31,6,6.9,94.4,-6.3,941.0,3.5,80.1,"Attention to detail,Communication",Resolved major production incident within SLA,Problem solving,Delegation,"Conflict resolution,Time estimation,Strategic thinking","Complete Data Analysis Bootcamp, improve process adherence",Has significant potential for growth with focused development.,Focus on cross-team communication,False,False,0,True,"Python Advanced,AWS Certification",Meets Expectations,Excellent collaborator who elevates the entire team.,3.9,Brings strong expertise and shares knowledge freely.,Not Ready,0,0,"Python Advanced,AWS Certification",2024-08-27,True,2024-05-29 18:15:00,2024-05-29 08:15:00
REV0302,EMP094,EMP053,2026-01-28,2026-04-28,2026-05-07,Project-based,88.7,82.1,7.8,7.6,9.3,6.7,9.4,9.1,6.4,7.6,7.2,7.8,8.0,7.7,5.9,150,1,8.1,79.2,-30.0,1240.0,1.4,85.6,"Attention to detail,Leadership,Initiative",Reduced system latency by 40%,Reliability,Strategic thinking,Stakeholder management,"Complete Communication Workshop, improve time estimation",Outstanding performance this period — exceeds on all fronts.,Focus on process adherence,False,True,7,True,"Cloud Architecture,Scrum Master Training,Communication Workshop",Outstanding,Needs to focus on delivery timelines and communication.,9.6,Reliable and communicates blockers early.,Not Ready,7,2000,"Cloud Architecture,Scrum Master Training,Communication Workshop",2027-05-07,False,2026-05-07 10:30:00,2026-05-07 08:00:00
REV0303,EMP033,EMP091,2024-01-16,2024-04-15,2024-04-26,Project-based,57.6,72.5,5.0,4.4,5.3,2.9,5.3,5.7,7.4,8.1,8.1,6.7,8.2,7.4,6.2,32,1,7.1,85.2,13.0,1204.0,55.0,61.5,"Communication,Mentoring",Won internal hackathon with innovative prototype,Reliability,Delegation,"Cross-team communication,Delegation","Complete Communication Workshop, improve strategic thinking",Outstanding performance this period — exceeds on all fronts.,Focus on public speaking,False,False,0,False,Communication Workshop,Exceeds Expectations,Has significant potential for growth with focused development.,5.3,Brings strong expertise and shares knowledge freely.,Not Ready,0,0,Communication Workshop,2025-04-26,True,2024-04-26 15:15:00,2024-04-26 18:30:00
REV0304,EMP098,EMP047,2022-06-17,2023-06-12,2023-06-20,Annual,99.7,84.8,9.3,8.8,9.6,8.5,8.5,8.8,6.0,7.2,6.7,8.8,6.3,7.3,8.5,148,5,9.3,87.7,-3.0,1019.0,9.1,100.0,"Adaptability,Mentoring,Leadership,Reliability",Resolved major production incident within SLA,Problem solving,"Public speaking,Work-life balance","Strategic thinking,Conflict resolution,Documentation","Complete Scrum Master Training, improve conflict resolution",Excellent collaborator who elevates the entire team.,Focus on work-life balance,False,True,3,True,Technical Writing,Outstanding,Shows great initiative and is a reliable team member.,7.4,"Great collaborator, always willing to help the team.",Not Ready,3,5000,Technical Writing,2024-06-19,False,2023-06-20 17:30:00,2023-06-20 11:45:00
REV0305,EMP090,EMP066,2023-08-11,2024-08-05,2024-08-11,Annual,75.8,68.5,7.2,9.1,6.6,6.5,7.6,6.4,8.5,5.5,5.9,6.4,7.2,5.5,8.6,41,5,7.9,95.5,19.4,1274.0,13.3,59.9,"Collaboration,Initiative,Attention to detail,Time management",Mentored 2 junior team members,Problem solving,"Conflict resolution,Strategic thinking","Process adherence,Delegation,Stakeholder management","Complete Communication Workshop, improve stakeholder management",Outstanding performance this period — exceeds on all fronts.,Focus on stakeholder management,True,True,15,True,"Data Analysis Bootcamp,AWS Certification",Meets Expectations,Outstanding performance this period — exceeds on all fronts.,6.3,"Great collaborator, always willing to help the team.",Ready Now,15,5000,"Data Analysis Bootcamp,AWS Certification",2025-08-11,True,2024-08-11 17:00:00,2024-08-11 17:00:00
REV0306,EMP074,EMP018,2024-11-09,2025-11-04,2025-11-12,Annual,77.0,92.1,9.2,6.9,8.0,5.3,5.7,7.8,7.7,6.7,8.9,4.7,5.6,7.0,6.6,76,6,9.0,82.6,-2.3,1064.0,27.1,73.9,"Adaptability,Innovation,Reliability,Technical expertise",Led successful product launch ahead of schedule,"Reliability,Innovation","Process adherence,Stakeholder management","Documentation,Delegation,Time estimation","Complete Leadership Training, improve strategic thinking",Demonstrates strong technical skills with room for soft-skill growth.,Focus on strategic thinking,False,True,0,True,Data Analysis Bootcamp,Exceeds Expectations,A dependable contributor who meets expectations consistently.,6.1,Reliable and communicates blockers early.,Not Ready,0,5000,Data Analysis Bootcamp,2026-11-12,True,2025-11-12 11:30:00,2025-11-12 15:00:00
REV0307,EMP042,EMP076,2023-03-02,2024-02-25,2024-03-06,Annual,67.3,79.6,5.9,7.1,6.6,7.6,5.8,6.9,4.9,10.0,7.6,6.4,6.7,7.3,9.2,68,6,8.4,76.7,-14.9,1193.0,73.2,92.8,"Communication,Mentoring,Problem solving",Delivered critical feature with zero post-release bugs,"Collaboration,Problem solving","Strategic thinking,Work-life balance","Public speaking,Cross-team communication,Strategic thinking","Complete Cloud Architecture, improve process adherence",A dependable contributor who meets expectations consistently.,Focus on strategic thinking,False,False,0,True,"Agile Course,Scrum Master Training,Communication Workshop",Meets Expectations,Needs to focus on delivery timelines and communication.,5.2,Reliable and communicates blockers early.,Ready in 6-12 months,0,0,"Agile Course,Scrum Master Training,Communication Workshop",2025-03-06,False,2024-03-06 10:15:00,2024-03-06 13:00:00
REV0308,EMP015,EMP033,2025-08-28,2025-11-26,2025-12-10,Probationary,69.1,87.0,7.9,6.9,7.3,6.0,5.2,5.4,8.4,8.6,8.0,7.2,8.2,7.4,7.7,144,5,7.3,69.3,10.4,1205.0,20.8,73.8,"Communication,Innovation,Adaptability,Problem solving",Mentored 2 junior team members,"Adaptability,Reliability,Innovation",Public speaking,"Time estimation,Strategic thinking","Complete Python Advanced, improve strategic thinking",Demonstrates strong technical skills with room for soft-skill growth.,Focus on stakeholder management,False,False,0,True,"Agile Course,Scrum Master Training",Meets Expectations,Shows great initiative and is a reliable team member.,6.4,Reliable and communicates blockers early.,Not Ready,0,0,"Agile Course,Scrum Master Training",2026-12-10,False,2025-12-10 11:45:00,2025-12-10 08:15:00
REV0309,EMP071,EMP025,2025-02-26,2026-02-21,2026-03-06,Annual,77.9,79.1,7.4,7.8,7.3,4.0,7.3,7.2,7.7,6.8,6.8,7.5,6.8,8.2,7.1,21,8,7.7,46.9,-13.7,780.0,20.9,84.0,"Leadership,Initiative,Reliability,Mentoring",Improved test coverage from 45% to 82%,Technical expertise,"Delegation,Time estimation,Documentation","Process adherence,Stakeholder management,Cross-team communication","Complete Python Advanced, improve work-life balance",Outstanding performance this period — exceeds on all fronts.,Focus on conflict resolution,True,True,10,True,"Communication Workshop,Scrum Master Training,Agile Course",Needs Improvement,A dependable contributor who meets expectations consistently.,6.1,Reliable and communicates blockers early.,Ready Now,10,5000,"Communication Workshop,Scrum Master Training,Agile Course",2027-03-06,True,2026-03-06 14:30:00,2026-03-06 13:15:00
REV0310,EMP041,EMP086,2023-06-06,2024-05-31,2024-06-07,Annual,71.0,67.0,6.6,7.0,6.7,5.8,6.8,7.8,7.6,7.4,5.3,8.5,5.5,5.8,7.4,49,6,6.6,95.1,-20.2,1288.0,69.2,90.2,"Leadership,Attention to detail,Adaptability,Communication",Resolved major production incident within SLA,"Time management,Problem solving,Adaptability",Work-life balance,Strategic thinking,"Complete Python Advanced, improve delegation",Outstanding performance this period — exceeds on all fronts.,Focus on public speaking,False,True,7,True,"Data Analysis Bootcamp,Leadership Training",Needs Improvement,Has significant potential for growth with focused development.,5.8,"Great collaborator, always willing to help the team.",Ready in 6-12 months,7,0,"Data Analysis Bootcamp,Leadership Training",2025-06-07,False,2024-06-07 16:45:00,2024-06-07 16:00:00
REV0311,EMP045,EMP076,2023-08-01,2023-10-30,2023-11-06,Project-based,86.3,62.1,6.3,8.1,7.6,8.0,7.8,7.7,4.1,8.1,5.6,6.3,5.8,6.0,8.8,105,2,8.3,91.7,-2.6,1364.0,20.5,100.0,"Adaptability,Collaboration,Technical expertise",Reduced system latency by 40%,"Leadership,Reliability","Stakeholder management,Process adherence,Cross-team communication","Conflict resolution,Work-life balance","Complete Data Analysis Bootcamp, improve strategic thinking",A dependable contributor who meets expectations consistently.,Focus on documentation,True,True,10,False,Cloud Architecture,Exceeds Expectations,Strong performer who consistently delivers high-quality work.,7.3,"Strong technical contributor, great pair-programming partner.",Ready Now,10,5000,Cloud Architecture,2024-11-05,True,2023-11-06 13:00:00,2023-11-06 09:00:00
REV0312,EMP068,EMP062,2023-09-17,2024-09-11,2024-09-22,Annual,60.2,41.4,6.5,4.5,6.0,5.9,5.7,5.9,8.6,6.3,6.7,6.5,5.0,7.8,8.5,78,3,8.9,100.0,-21.3,1269.0,52.3,85.5,"Reliability,Mentoring",Mentored 2 junior team members,"Adaptability,Reliability","Public speaking,Strategic thinking,Stakeholder management","Cross-team communication,Stakeholder management","Complete Technical Writing, improve time estimation",Outstanding performance this period — exceeds on all fronts.,Focus on conflict resolution,False,False,0,False,"Agile Course,AWS Certification",Meets Expectations,Needs to focus on delivery timelines and communication.,6.1,"Great collaborator, always willing to help the team.",Ready in 6-12 months,0,0,"Agile Course,AWS Certification",2025-09-22,False,2024-09-22 10:30:00,2024-09-22 14:15:00
REV0313,EMP030,EMP054,2023-05-25,2023-08-23,2023-09-07,Quarterly,79.5,70.6,7.9,7.7,6.1,4.2,7.6,7.7,5.8,5.9,7.4,9.0,6.5,6.6,7.4,130,2,8.1,77.6,24.3,1019.0,10.6,85.6,"Adaptability,Technical expertise",Reduced system latency by 40%,Attention to detail,"Documentation,Strategic thinking,Public speaking",Documentation,"Complete PMP Certification, improve cross-team communication",Needs to focus on delivery timelines and communication.,Focus on time estimation,False,True,3,True,"Leadership Training,PMP Certification",Meets Expectations,Excellent collaborator who elevates the entire team.,7.0,Reliable and communicates blockers early.,Not Ready,3,1000,"Leadership Training,PMP Certification",2023-12-06,True,2023-09-07 09:15:00,2023-09-07 17:30:00
REV0314,EMP074,EMP032,2025-08-06,2025-11-04,2025-11-23,Project-based,91.8,84.8,8.8,7.4,7.2,8.5,9.1,7.9,6.1,8.5,5.5,6.9,6.9,6.0,7.2,60,3,7.6,86.3,1.9,1251.0,20.2,88.1,"Technical expertise,Adaptability,Initiative",Mentored 2 junior team members,"Reliability,Communication","Public speaking,Conflict resolution,Work-life balance","Work-life balance,Time estimation,Public speaking","Complete Technical Writing, improve delegation",Shows great initiative and is a reliable team member.,Focus on work-life balance,False,True,10,True,"Agile Course,PMP Certification,Technical Writing",Needs Improvement,Shows great initiative and is a reliable team member.,8.4,Reliable and communicates blockers early.,Ready in 6-12 months,10,5000,"Agile Course,PMP Certification,Technical Writing",2026-11-23,True,2025-11-23 11:30:00,2025-11-23 10:15:00
REV0315,EMP063,EMP033,2024-08-14,2024-11-12,2024-11-18,Quarterly,90.2,79.2,7.1,9.1,9.4,9.3,7.9,7.8,5.9,7.5,7.5,6.2,6.8,5.4,8.8,106,1,5.9,86.5,2.9,1333.0,61.8,77.9,"Reliability,Adaptability,Problem solving",Delivered critical feature with zero post-release bugs,"Time management,Communication","Public speaking,Strategic thinking,Cross-team communication","Delegation,Conflict resolution","Complete Scrum Master Training, improve cross-team communication",Needs to focus on delivery timelines and communication.,Focus on stakeholder management,False,True,7,True,"Scrum Master Training,AWS Certification",Meets Expectations,Outstanding performance this period — exceeds on all fronts.,8.8,Reliable and communicates blockers early.,Not Ready,7,0,"Scrum Master Training,AWS Certification",2025-02-16,False,2024-11-18 15:30:00,2024-11-18 18:00:00
REV0316,EMP068,EMP005,2023-09-24,2024-09-18,2024-09-25,Annual,73.5,74.5,6.3,5.3,5.9,8.2,6.1,6.6,8.7,6.6,6.3,7.8,8.9,6.9,8.7,93,3,7.2,71.4,3.0,1113.0,24.7,85.4,"Technical expertise,Attention to detail,Initiative,Adaptability",Automated deployment pipeline saving 5hrs/week,"Technical expertise,Reliability,Innovation","Cross-team communication,Delegation","Work-life balance,Stakeholder management,Time estimation","Complete Python Advanced, improve strategic thinking",A dependable contributor who meets expectations consistently.,Focus on public speaking,False,True,3,True,"Leadership Training,Communication Workshop,AWS Certification",Outstanding,Excellent collaborator who elevates the entire team.,5.6,Could improve on proactively sharing updates.,Not Ready,3,0,"Leadership Training,Communication Workshop,AWS Certification",2025-09-25,False,2024-09-25 11:00:00,2024-09-25 08:45:00
REV0317,EMP027,EMP021,2024-01-05,2024-04-04,2024-04-09,Quarterly,55.3,55.0,5.0,5.1,3.7,4.3,4.9,6.4,5.4,5.7,6.7,8.2,7.6,7.8,6.7,76,6,8.2,91.9,-3.1,1388.0,8.0,75.6,"Leadership,Time management,Innovation",Reduced system latency by 40%,"Leadership,Adaptability,Collaboration",Time estimation,"Stakeholder management,Conflict resolution","Complete Communication Workshop, improve conflict resolution",Excellent collaborator who elevates the entire team.,Focus on process adherence,False,False,0,True,"Leadership Training,Scrum Master Training",Meets Expectations,Demonstrates strong technical skills with room for soft-skill growth.,4.2,A pleasure to work with — highly recommended for future teams.,Not Ready,0,0,"Leadership Training,Scrum Master Training",2024-07-08,True,2024-04-09 08:45:00,2024-04-09 08:45:00
REV0318,EMP017,EMP041,2023-05-14,2023-08-12,2023-08-20,Quarterly,88.8,90.7,7.5,7.7,8.2,6.5,7.2,7.2,8.5,7.6,5.4,7.8,6.2,5.5,7.8,44,3,9.1,88.7,-22.6,1322.0,32.8,74.1,"Problem solving,Communication,Attention to detail",Won internal hackathon with innovative prototype,"Attention to detail,Collaboration","Time estimation,Conflict resolution","Stakeholder management,Conflict resolution","Complete AWS Certification, improve public speaking",Strong performer who consistently delivers high-quality work.,Focus on process adherence,False,True,7,False,"Communication Workshop,AWS Certification",Meets Expectations,Needs to focus on delivery timelines and communication.,8.0,"Great collaborator, always willing to help the team.",Ready in 6-12 months,7,1000,"Communication Workshop,AWS Certification",2023-11-18,False,2023-08-20 09:15:00,2023-08-20 08:45:00
REV0319,EMP024,EMP017,2023-05-11,2023-08-09,2023-08-21,Quarterly,67.7,49.7,6.5,5.5,3.0,6.5,6.5,7.4,4.5,6.5,6.7,7.5,5.4,7.9,6.3,126,6,5.6,73.0,6.2,950.0,20.9,75.6,"Mentoring,Adaptability",Delivered critical feature with zero post-release bugs,Initiative,Work-life balance,"Documentation,Stakeholder management","Complete Agile Course, improve strategic thinking",Strong performer who consistently delivers high-quality work.,Focus on cross-team communication,False,False,0,True,"Agile Course,PMP Certification",Meets Expectations,Outstanding performance this period — exceeds on all fronts.,5.7,Brings strong expertise and shares knowledge freely.,Ready in 6-12 months,0,0,"Agile Course,PMP Certification",2023-11-19,False,2023-08-21 12:00:00,2023-08-21 11:15:00
REV0320,EMP081,EMP033,2023-05-15,2024-05-09,2024-05-28,Annual,75.3,66.1,6.5,7.7,6.6,5.9,6.6,7.8,8.6,7.7,6.7,7.1,8.6,8.0,8.8,21,8,7.1,66.0,-8.0,656.0,32.6,88.1,"Adaptability,Attention to detail",Reduced system latency by 40%,"Time management,Technical expertise,Problem solving","Work-life balance,Time estimation","Public speaking,Cross-team communication,Documentation","Complete Cloud Architecture, improve time estimation",Strong performer who consistently delivers high-quality work.,Focus on stakeholder management,False,True,0,False,"PMP Certification,Cloud Architecture,Leadership Training",Outstanding,Strong performer who consistently delivers high-quality work.,6.8,Could improve on proactively sharing updates.,Not Ready,0,1000,"PMP Certification,Cloud Architecture,Leadership Training",2025-05-28,False,2024-05-28 17:00:00,2024-05-28 11:00:00
REV0321,EMP073,EMP086,2023-05-17,2023-08-15,2023-08-20,Probationary,85.3,69.5,8.5,7.6,9.4,6.7,6.5,7.6,6.6,5.7,7.3,8.5,5.8,8.5,6.3,136,7,7.5,80.4,-0.3,826.0,4.7,96.7,"Innovation,Mentoring,Leadership,Reliability",Resolved major production incident within SLA,Mentoring,"Conflict resolution,Strategic thinking,Process adherence","Strategic thinking,Delegation,Time estimation","Complete Data Analysis Bootcamp, improve time estimation",Has significant potential for growth with focused development.,Focus on documentation,False,True,0,True,"Data Analysis Bootcamp,Agile Course",Meets Expectations,Needs to focus on delivery timelines and communication.,9.0,Could improve on proactively sharing updates.,Ready in 6-12 months,0,5000,"Data Analysis Bootcamp,Agile Course",2024-08-19,False,2023-08-20 16:15:00,2023-08-20 14:15:00
REV0322,EMP081,EMP053,2023-10-02,2023-12-31,2024-01-17,Project-based,68.2,89.1,5.2,6.3,7.2,5.5,7.1,6.0,5.5,7.6,6.8,10.0,6.0,7.2,6.1,122,7,7.4,79.8,-10.5,968.0,9.1,83.1,"Mentoring,Innovation,Initiative",Won internal hackathon with innovative prototype,Initiative,"Strategic thinking,Stakeholder management","Delegation,Stakeholder management,Work-life balance","Complete Communication Workshop, improve stakeholder management",Outstanding performance this period — exceeds on all fronts.,Focus on strategic thinking,False,False,0,True,Cloud Architecture,Exceeds Expectations,Demonstrates strong technical skills with room for soft-skill growth.,6.7,Brings strong expertise and shares knowledge freely.,Ready in 6-12 months,0,0,Cloud Architecture,2025-01-16,False,2024-01-17 14:15:00,2024-01-17 15:00:00
REV0323,EMP070,EMP069,2026-01-28,2026-04-28,2026-05-12,Quarterly,78.9,65.4,6.5,6.9,5.8,6.5,7.3,7.2,8.6,7.0,3.8,10.0,6.2,8.5,5.2,120,1,7.7,72.5,-30.0,760.0,44.5,83.1,"Attention to detail,Communication,Innovation",Led successful product launch ahead of schedule,"Leadership,Innovation,Adaptability","Cross-team communication,Time estimation,Process adherence","Time estimation,Conflict resolution,Stakeholder management","Complete Scrum Master Training, improve stakeholder management",Has significant potential for growth with focused development.,Focus on process adherence,False,True,7,True,Agile Course,Outstanding,A dependable contributor who meets expectations consistently.,7.9,A pleasure to work with — highly recommended for future teams.,Not Ready,7,1000,Agile Course,2026-08-10,False,2026-05-12 17:00:00,2026-05-12 18:00:00
REV0324,EMP009,EMP017,2022-06-27,2023-06-22,2023-06-27,Annual,75.7,77.1,7.0,6.9,6.7,5.3,7.4,6.6,6.6,7.8,6.8,6.0,8.4,6.3,5.8,28,6,8.2,100.0,-6.9,1282.0,5.0,99.9,"Time management,Leadership,Communication",Mentored 2 junior team members,"Adaptability,Time management",Conflict resolution,"Process adherence,Stakeholder management,Strategic thinking","Complete Agile Course, improve conflict resolution",Outstanding performance this period — exceeds on all fronts.,Focus on time estimation,False,True,3,True,"AWS Certification,Python Advanced",Exceeds Expectations,Needs to focus on delivery timelines and communication.,7.5,"Strong technical contributor, great pair-programming partner.",Not Ready,3,1000,"AWS Certification,Python Advanced",2024-06-26,False,2023-06-27 12:15:00,2023-06-27 09:15:00
REV0325,EMP057,EMP018,2025-03-28,2025-06-26,2025-07-02,Quarterly,69.2,35.4,5.2,6.5,4.6,4.6,7.4,5.8,7.9,7.2,5.5,4.8,7.3,9.0,6.2,49,7,7.6,63.8,-8.1,978.0,182.9,92.0,"Communication,Technical expertise,Adaptability",Resolved major production incident within SLA,Mentoring,"Strategic thinking,Process adherence,Time estimation","Stakeholder management,Strategic thinking,Work-life balance","Complete AWS Certification, improve strategic thinking",Outstanding performance this period — exceeds on all fronts.,Focus on time estimation,False,False,0,True,Agile Course,Meets Expectations,Shows great initiative and is a reliable team member.,6.0,"Strong technical contributor, great pair-programming partner.",Not Ready,0,0,Agile Course,2025-09-30,False,2025-07-02 11:30:00,2025-07-02 12:00:00
REV0326,EMP046,EMP097,2024-07-21,2024-10-19,2024-10-24,Quarterly,69.5,62.4,6.0,6.2,7.4,6.1,7.5,5.7,5.3,8.8,7.1,5.9,7.5,8.3,7.1,121,3,6.8,76.7,3.5,892.0,45.6,100.0,"Leadership,Attention to detail,Collaboration",Reduced system latency by 40%,Reliability,"Documentation,Process adherence,Strategic thinking",Conflict resolution,"Complete Data Analysis Bootcamp, improve process adherence",Needs to focus on delivery timelines and communication.,Focus on public speaking,True,False,0,True,"PMP Certification,Leadership Training",Needs Improvement,A dependable contributor who meets expectations consistently.,6.8,A pleasure to work with — highly recommended for future teams.,Ready Now,0,0,"PMP Certification,Leadership Training",2025-01-22,False,2024-10-24 08:15:00,2024-10-24 17:00:00
REV0327,EMP095,EMP091,2023-03-22,2023-06-20,2023-07-04,Probationary,79.3,70.5,9.5,7.4,8.0,7.2,7.4,7.0,3.6,6.0,7.0,3.5,7.1,8.2,8.0,112,4,8.1,93.5,19.3,1324.0,20.8,87.4,"Innovation,Technical expertise,Collaboration",Won internal hackathon with innovative prototype,"Initiative,Time management","Cross-team communication,Strategic thinking,Work-life balance",Strategic thinking,"Complete Data Analysis Bootcamp, improve work-life balance",Shows great initiative and is a reliable team member.,Focus on strategic thinking,False,True,0,True,Technical Writing,Exceeds Expectations,Shows great initiative and is a reliable team member.,7.4,"Great collaborator, always willing to help the team.",Not Ready,0,5000,Technical Writing,2024-07-03,False,2023-07-04 10:00:00,2023-07-04 11:00:00
REV0328,EMP023,EMP054,2026-01-06,2026-04-06,2026-04-13,Quarterly,83.6,72.1,8.8,7.3,6.7,7.0,6.9,8.4,6.0,7.1,7.8,5.9,7.5,6.5,7.3,54,4,8.1,81.5,0.4,1223.0,7.2,88.1,"Technical expertise,Initiative",Resolved major production incident within SLA,"Time management,Reliability,Problem solving","Strategic thinking,Public speaking,Time estimation","Public speaking,Documentation,Time estimation","Complete Communication Workshop, improve public speaking",Excellent collaborator who elevates the entire team.,Focus on delegation,False,True,0,True,AWS Certification,Exceeds Expectations,Strong performer who consistently delivers high-quality work.,8.1,"Strong technical contributor, great pair-programming partner.",Ready in 6-12 months,0,0,AWS Certification,2026-07-12,True,2026-04-13 09:45:00,2026-04-13 13:15:00
REV0329,EMP061,EMP033,2025-04-18,2025-07-17,2025-08-06,Quarterly,62.5,83.4,5.4,6.3,6.4,4.8,5.7,7.0,6.6,6.7,4.9,8.7,6.5,8.7,6.3,62,8,8.7,91.7,-2.7,830.0,6.8,83.3,"Adaptability,Technical expertise,Mentoring,Communication",Delivered critical feature with zero post-release bugs,"Communication,Attention to detail","Documentation,Public speaking,Time estimation","Delegation,Public speaking,Work-life balance","Complete Communication Workshop, improve time estimation",Demonstrates strong technical skills with room for soft-skill growth.,Focus on stakeholder management,False,False,0,True,"Communication Workshop,Agile Course",Meets Expectations,Outstanding performance this period — exceeds on all fronts.,5.6,A pleasure to work with — highly recommended for future teams.,Ready in 6-12 months,0,0,"Communication Workshop,Agile Course",2025-11-04,False,2025-08-06 18:30:00,2025-08-06 11:45:00
REV0330,EMP033,EMP054,2023-11-04,2024-02-02,2024-02-07,Quarterly,70.6,69.8,4.5,6.2,7.1,5.7,6.6,6.9,6.6,8.0,8.5,5.0,6.6,9.8,7.2,79,5,7.5,78.9,15.3,1203.0,32.5,80.1,"Technical expertise,Problem solving",Won internal hackathon with innovative prototype,Reliability,"Strategic thinking,Documentation","Process adherence,Documentation,Public speaking","Complete PMP Certification, improve stakeholder management",Needs to focus on delivery timelines and communication.,Focus on strategic thinking,False,True,15,True,"Cloud Architecture,AWS Certification",Meets Expectations,Needs to focus on delivery timelines and communication.,6.2,Reliable and communicates blockers early.,Not Ready,15,0,"Cloud Architecture,AWS Certification",2024-05-07,False,2024-02-07 15:30:00,2024-02-07 15:30:00
REV0331,EMP070,EMP033,2025-05-03,2026-04-28,2026-05-10,Annual,61.2,75.3,4.9,5.7,6.1,5.2,6.2,5.2,7.7,7.9,7.9,4.5,7.6,8.4,6.5,58,1,7.0,73.6,-12.4,1153.0,24.0,70.1,"Mentoring,Initiative,Time management",Resolved major production incident within SLA,Communication,"Process adherence,Stakeholder management","Cross-team communication,Stakeholder management,Documentation","Complete Agile Course, improve strategic thinking",Has significant potential for growth with focused development.,Focus on time estimation,False,False,0,True,"Agile Course,Scrum Master Training",Meets Expectations,Has significant potential for growth with focused development.,5.7,Brings strong expertise and shares knowledge freely.,Not Ready,0,0,"Agile Course,Scrum Master Training",2027-05-10,False,2026-05-10 09:00:00,2026-05-10 14:45:00
REV0332,EMP020,EMP043,2024-02-11,2024-05-11,2024-05-22,Quarterly,75.9,80.3,6.1,8.0,5.6,7.3,8.1,7.2,6.8,7.5,5.9,4.4,5.9,7.5,5.9,20,8,7.1,87.8,1.7,914.0,143.1,98.3,"Attention to detail,Collaboration,Leadership",Resolved major production incident within SLA,"Innovation,Communication",Process adherence,"Documentation,Strategic thinking","Complete AWS Certification, improve public speaking",Outstanding performance this period — exceeds on all fronts.,Focus on process adherence,True,True,10,True,"Technical Writing,Data Analysis Bootcamp",Meets Expectations,Strong performer who consistently delivers high-quality work.,5.6,Reliable and communicates blockers early.,Ready Now,10,5000,"Technical Writing,Data Analysis Bootcamp",2024-08-20,False,2024-05-22 18:15:00,2024-05-22 13:30:00
REV0333,EMP088,EMP097,2024-08-20,2024-11-18,2024-11-26,Quarterly,69.9,77.1,5.7,6.2,5.3,6.8,5.8,6.0,7.0,8.4,9.0,9.0,5.6,7.1,6.3,48,5,7.9,85.7,-7.0,873.0,5.9,82.5,"Initiative,Communication,Time management",Resolved major production incident within SLA,"Innovation,Leadership","Process adherence,Public speaking,Documentation",Strategic thinking,"Complete Communication Workshop, improve strategic thinking",Excellent collaborator who elevates the entire team.,Focus on time estimation,False,False,0,True,"Technical Writing,Data Analysis Bootcamp,PMP Certification",Exceeds Expectations,A dependable contributor who meets expectations consistently.,4.8,"Strong technical contributor, great pair-programming partner.",Not Ready,0,0,"Technical Writing,Data Analysis Bootcamp,PMP Certification",2025-02-24,False,2024-11-26 17:15:00,2024-11-26 17:15:00
REV0334,EMP032,EMP081,2024-09-29,2024-12-28,2025-01-17,Quarterly,100.0,97.8,8.2,8.0,7.3,7.7,9.2,8.2,7.5,7.9,5.8,5.2,8.5,7.5,9.3,19,6,7.6,83.9,-11.6,1009.0,7.1,100.0,"Innovation,Communication",Resolved major production incident within SLA,"Initiative,Collaboration,Problem solving","Strategic thinking,Public speaking,Process adherence","Cross-team communication,Delegation","Complete Data Analysis Bootcamp, improve time estimation",Needs to focus on delivery timelines and communication.,Focus on work-life balance,False,True,15,True,"Leadership Training,Technical Writing",Needs Improvement,Has significant potential for growth with focused development.,8.3,Reliable and communicates blockers early.,Not Ready,15,0,"Leadership Training,Technical Writing",2025-04-17,False,2025-01-17 13:45:00,2025-01-17 13:15:00
REV0335,EMP083,EMP033,2025-01-14,2026-01-09,2026-01-17,Annual,95.1,91.7,8.0,8.3,9.8,8.1,7.7,9.6,9.1,7.7,7.7,8.3,5.2,9.4,8.3,90,1,8.0,80.5,-16.0,1188.0,51.4,83.7,"Attention to detail,Initiative",Won internal hackathon with innovative prototype,"Technical expertise,Collaboration,Reliability","Delegation,Cross-team communication",Time estimation,"Complete Data Analysis Bootcamp, improve documentation",Outstanding performance this period — exceeds on all fronts.,Focus on work-life balance,False,True,7,True,Scrum Master Training,Meets Expectations,Has significant potential for growth with focused development.,7.4,A pleasure to work with — highly recommended for future teams.,Not Ready,7,1000,Scrum Master Training,2027-01-17,False,2026-01-17 15:30:00,2026-01-17 09:30:00
REV0336,EMP059,EMP043,2023-09-04,2024-08-29,2024-09-17,Annual,55.5,52.4,5.4,4.5,4.6,3.9,7.2,5.6,7.9,6.3,7.2,6.5,6.1,9.4,7.7,87,3,8.0,70.3,-15.2,1069.0,68.7,98.9,"Technical expertise,Problem solving,Initiative",Automated deployment pipeline saving 5hrs/week,Time management,"Work-life balance,Process adherence","Cross-team communication,Work-life balance,Documentation","Complete Scrum Master Training, improve strategic thinking",Demonstrates strong technical skills with room for soft-skill growth.,Focus on strategic thinking,False,False,0,True,"Agile Course,PMP Certification",Outstanding,Strong performer who consistently delivers high-quality work.,4.9,A pleasure to work with — highly recommended for future teams.,Ready in 6-12 months,0,0,"Agile Course,PMP Certification",2025-09-17,False,2024-09-17 08:15:00,2024-09-17 15:00:00
REV0337,EMP009,EMP024,2023-08-05,2023-11-03,2023-11-11,Quarterly,80.3,67.7,7.1,7.4,8.2,6.9,6.8,8.2,7.5,8.9,6.6,5.6,8.3,6.9,7.4,148,3,7.7,82.5,-2.0,1352.0,24.8,84.7,"Problem solving,Time management",Won internal hackathon with innovative prototype,"Problem solving,Mentoring","Strategic thinking,Public speaking","Work-life balance,Documentation","Complete Python Advanced, improve cross-team communication",Demonstrates strong technical skills with room for soft-skill growth.,Focus on delegation,False,True,7,False,"Scrum Master Training,Agile Course,AWS Certification",Exceeds Expectations,Excellent collaborator who elevates the entire team.,7.4,"Great collaborator, always willing to help the team.",Not Ready,7,1000,"Scrum Master Training,Agile Course,AWS Certification",2024-02-09,True,2023-11-11 18:00:00,2023-11-11 08:15:00
REV0338,EMP062,EMP005,2023-04-15,2023-07-14,2023-07-26,Project-based,100.0,87.6,9.1,10.0,8.5,7.8,8.9,8.7,7.6,5.2,8.8,5.6,4.7,7.5,6.5,74,3,7.3,85.8,7.7,1364.0,3.2,77.0,"Attention to detail,Time management",Led successful product launch ahead of schedule,"Collaboration,Mentoring,Technical expertise","Cross-team communication,Stakeholder management","Cross-team communication,Work-life balance,Public speaking","Complete Leadership Training, improve delegation",A dependable contributor who meets expectations consistently.,Focus on work-life balance,False,True,0,True,"Leadership Training,Communication Workshop,Python Advanced",Exceeds Expectations,Has significant potential for growth with focused development.,10.0,Could improve on proactively sharing updates.,Ready in 6-12 months,0,2000,"Leadership Training,Communication Workshop,Python Advanced",2024-07-25,False,2023-07-26 11:15:00,2023-07-26 16:00:00
REV0339,EMP081,EMP044,2023-11-30,2024-02-28,2024-03-15,Project-based,52.9,69.0,3.7,5.2,5.1,4.8,4.6,4.6,7.0,6.8,7.6,5.5,6.1,7.6,6.6,145,7,6.4,88.4,-6.9,728.0,13.4,84.7,"Adaptability,Collaboration",Improved test coverage from 45% to 82%,"Problem solving,Reliability","Delegation,Strategic thinking","Process adherence,Documentation","Complete Technical Writing, improve stakeholder management",Shows great initiative and is a reliable team member.,Focus on delegation,False,False,0,False,"Python Advanced,Scrum Master Training,Communication Workshop",Meets Expectations,Excellent collaborator who elevates the entire team.,4.1,A pleasure to work with — highly recommended for future teams.,Not Ready,0,0,"Python Advanced,Scrum Master Training,Communication Workshop",2025-03-15,False,2024-03-15 12:15:00,2024-03-15 17:30:00
REV0340,EMP047,EMP076,2022-07-31,2023-07-26,2023-08-07,Annual,82.3,95.4,7.8,5.9,8.4,7.4,7.8,8.3,7.0,7.9,5.8,7.8,7.2,6.1,8.2,79,4,7.4,78.8,-5.3,1009.0,34.8,82.2,"Technical expertise,Leadership,Communication",Won internal hackathon with innovative prototype,"Time management,Mentoring,Innovation","Delegation,Process adherence","Time estimation,Process adherence,Work-life balance","Complete Python Advanced, improve stakeholder management",Strong performer who consistently delivers high-quality work.,Focus on conflict resolution,False,True,0,True,"Communication Workshop,AWS Certification",Exceeds Expectations,Strong performer who consistently delivers high-quality work.,7.0,Reliable and communicates blockers early.,Not Ready,0,0,"Communication Workshop,AWS Certification",2024-08-06,False,2023-08-07 15:45:00,2023-08-07 17:15:00
REV0341,EMP013,EMP006,2024-08-13,2025-08-08,2025-08-24,Annual,56.6,67.3,5.1,5.9,4.5,4.2,5.2,5.0,6.7,6.2,4.3,7.6,7.6,6.9,7.5,70,4,7.3,95.3,-15.7,1377.0,2.1,92.8,"Time management,Problem solving,Collaboration,Innovation",Mentored 2 junior team members,"Communication,Collaboration","Documentation,Conflict resolution,Stakeholder management","Delegation,Public speaking","Complete Leadership Training, improve process adherence",Needs to focus on delivery timelines and communication.,Focus on stakeholder management,False,False,0,True,Leadership Training,Outstanding,Demonstrates strong technical skills with room for soft-skill growth.,4.6,Reliable and communicates blockers early.,Not Ready,0,0,Leadership Training,2026-08-24,False,2025-08-24 08:45:00,2025-08-24 09:15:00
REV0342,EMP028,EMP011,2025-09-19,2025-12-18,2026-01-04,Quarterly,73.9,84.1,7.4,6.4,6.3,6.7,6.2,6.9,6.6,7.6,6.3,6.0,8.2,7.7,6.9,111,1,7.9,61.9,25.1,630.0,9.3,63.7,"Mentoring,Innovation,Communication",Led successful product launch ahead of schedule,"Problem solving,Collaboration,Reliability",Stakeholder management,"Process adherence,Delegation,Conflict resolution","Complete Leadership Training, improve conflict resolution",Strong performer who consistently delivers high-quality work.,Focus on stakeholder management,False,True,0,True,Communication Workshop,Exceeds Expectations,Outstanding performance this period — exceeds on all fronts.,6.7,A pleasure to work with — highly recommended for future teams.,Ready in 6-12 months,0,0,Communication Workshop,2026-04-04,True,2026-01-04 15:15:00,2026-01-04 08:30:00
REV0343,EMP047,EMP017,2024-03-13,2024-06-11,2024-06-30,Project-based,71.7,88.0,6.7,7.6,7.0,4.6,7.3,6.1,9.1,6.8,6.2,5.8,6.5,6.7,8.4,135,3,6.2,91.7,9.9,899.0,17.8,82.3,"Initiative,Attention to detail,Reliability",Automated deployment pipeline saving 5hrs/week,"Communication,Adaptability",Strategic thinking,"Strategic thinking,Process adherence","Complete PMP Certification, improve conflict resolution",Outstanding performance this period — exceeds on all fronts.,Focus on public speaking,False,True,7,True,Technical Writing,Exceeds Expectations,Demonstrates strong technical skills with room for soft-skill growth.,7.6,Brings strong expertise and shares knowledge freely.,Not Ready,7,0,Technical Writing,2025-06-30,True,2024-06-30 13:30:00,2024-06-30 18:45:00
REV0344,EMP058,EMP086,2023-08-18,2023-11-16,2023-11-22,Probationary,97.9,100.0,9.4,9.1,7.1,7.3,8.6,7.1,5.7,6.9,6.4,7.4,6.8,7.7,6.5,102,3,7.5,87.4,17.7,1079.0,24.6,83.0,"Reliability,Communication,Adaptability,Initiative",Mentored 2 junior team members,"Problem solving,Attention to detail",Cross-team communication,"Documentation,Work-life balance,Public speaking","Complete Cloud Architecture, improve documentation",A dependable contributor who meets expectations consistently.,Focus on strategic thinking,False,True,15,True,"Python Advanced,Agile Course",Exceeds Expectations,Outstanding performance this period — exceeds on all fronts.,8.6,A pleasure to work with — highly recommended for future teams.,Ready in 6-12 months,15,2000,"Python Advanced,Agile Course",2024-11-21,True,2023-11-22 18:45:00,2023-11-22 11:30:00
REV0345,EMP096,EMP062,2024-05-08,2024-08-06,2024-08-18,Quarterly,65.2,84.0,5.4,5.6,6.3,6.6,5.6,5.5,7.4,7.8,5.1,8.9,6.3,8.5,7.5,131,3,8.1,74.5,-20.7,1267.0,5.1,88.3,"Initiative,Technical expertise",Mentored 2 junior team members,"Collaboration,Leadership,Innovation","Public speaking,Process adherence,Time estimation","Delegation,Work-life balance","Complete AWS Certification, improve delegation",Has significant potential for growth with focused development.,Focus on public speaking,False,False,0,False,Leadership Training,Exceeds Expectations,Shows great initiative and is a reliable team member.,5.5,Reliable and communicates blockers early.,Not Ready,0,0,Leadership Training,2024-11-16,False,2024-08-18 15:00:00,2024-08-18 14:30:00
REV0346,EMP085,EMP058,2023-03-13,2023-06-11,2023-06-25,Probationary,53.8,44.2,5.4,5.4,4.2,5.8,6.7,3.9,6.8,7.6,9.7,5.9,6.0,6.6,8.5,102,7,6.8,71.8,2.8,900.0,47.8,89.7,"Innovation,Adaptability,Reliability",Resolved major production incident within SLA,Mentoring,"Stakeholder management,Documentation","Strategic thinking,Documentation","Complete Data Analysis Bootcamp, improve process adherence",A dependable contributor who meets expectations consistently.,Focus on process adherence,False,False,0,True,"Python Advanced,AWS Certification",Meets Expectations,Strong performer who consistently delivers high-quality work.,5.0,Could improve on proactively sharing updates.,Not Ready,0,0,"Python Advanced,AWS Certification",2024-06-24,False,2023-06-25 08:45:00,2023-06-25 09:45:00
REV0347,EMP033,EMP086,2023-06-05,2023-09-03,2023-09-10,Quarterly,71.1,71.7,6.1,5.1,5.3,5.9,7.2,8.0,6.8,6.4,6.0,5.5,7.9,9.6,6.2,77,2,6.3,94.1,3.8,964.0,35.0,64.4,"Time management,Leadership,Adaptability,Mentoring",Improved test coverage from 45% to 82%,"Initiative,Mentoring,Leadership",Strategic thinking,"Cross-team communication,Public speaking,Documentation","Complete Agile Course, improve stakeholder management",Outstanding performance this period — exceeds on all fronts.,Focus on work-life balance,False,True,3,True,"Leadership Training,Python Advanced,Technical Writing",Outstanding,Strong performer who consistently delivers high-quality work.,7.1,Reliable and communicates blockers early.,Not Ready,3,0,"Leadership Training,Python Advanced,Technical Writing",2023-12-09,False,2023-09-10 17:00:00,2023-09-10 16:45:00
REV0348,EMP023,EMP069,2025-04-11,2026-04-06,2026-04-20,Annual,76.3,76.5,6.6,9.2,6.6,5.8,7.0,7.8,6.1,7.0,7.9,8.1,7.2,9.9,9.4,56,1,6.1,61.7,9.5,832.0,14.9,80.5,"Innovation,Problem solving,Communication",Resolved major production incident within SLA,"Leadership,Technical expertise",Delegation,"Time estimation,Cross-team communication","Complete Leadership Training, improve conflict resolution",Excellent collaborator who elevates the entire team.,Focus on process adherence,False,True,15,True,Communication Workshop,Exceeds Expectations,Shows great initiative and is a reliable team member.,7.3,"Great collaborator, always willing to help the team.",Not Ready,15,10000,Communication Workshop,2027-04-20,False,2026-04-20 10:15:00,2026-04-20 10:00:00
REV0349,EMP057,EMP077,2024-07-01,2025-06-26,2025-07-12,Annual,54.5,59.3,3.3,5.9,5.5,3.1,5.2,5.0,6.5,4.0,5.6,7.2,6.4,7.3,8.8,125,1,7.4,56.8,-2.2,1167.0,2.1,68.0,"Time management,Reliability,Attention to detail,Problem solving",Improved test coverage from 45% to 82%,"Attention to detail,Innovation","Process adherence,Documentation",Public speaking,"Complete AWS Certification, improve conflict resolution",Has significant potential for growth with focused development.,Focus on public speaking,False,False,0,False,"PMP Certification,Technical Writing,Scrum Master Training",Outstanding,Strong performer who consistently delivers high-quality work.,5.3,Brings strong expertise and shares knowledge freely.,Not Ready,0,0,"PMP Certification,Technical Writing,Scrum Master Training",2026-07-12,False,2025-07-12 09:15:00,2025-07-12 18:15:00
REV0350,EMP058,EMP086,2023-06-23,2024-06-17,2024-06-30,Annual,92.8,77.5,8.2,9.1,8.3,7.5,8.5,8.5,7.8,8.0,8.5,7.0,5.2,8.4,8.6,137,2,10.0,99.4,-5.9,1377.0,2.6,79.1,"Communication,Adaptability,Innovation,Problem solving",Reduced system latency by 40%,"Communication,Innovation","Documentation,Delegation,Work-life balance",Strategic thinking,"Complete Leadership Training, improve work-life balance",Demonstrates strong technical skills with room for soft-skill growth.,Focus on time estimation,False,True,5,True,AWS Certification,Meets Expectations,A dependable contributor who meets expectations consistently.,9.5,Brings strong expertise and shares knowledge freely.,Not Ready,5,10000,AWS Certification,2025-06-30,False,2024-06-30 15:15:00,2024-06-30 11:45:00
REV0351,EMP062,EMP077,2023-10-08,2024-01-06,2024-01-14,Quarterly,90.0,100.0,9.5,7.6,9.8,8.6,8.0,6.0,5.0,6.5,7.6,7.7,6.5,7.3,7.0,59,7,7.3,84.0,-0.4,1042.0,15.9,89.8,"Attention to detail,Problem solving,Communication,Adaptability",Mentored 2 junior team members,"Communication,Leadership,Innovation","Time estimation,Public speaking,Process adherence","Strategic thinking,Delegation,Conflict resolution","Complete Scrum Master Training, improve documentation",A dependable contributor who meets expectations consistently.,Focus on cross-team communication,False,True,0,True,"Leadership Training,PMP Certification",Exceeds Expectations,Needs to focus on delivery timelines and communication.,7.9,A pleasure to work with — highly recommended for future teams.,Ready in 6-12 months,0,1000,"Leadership Training,PMP Certification",2024-04-13,True,2024-01-14 11:15:00,2024-01-14 15:45:00
REV0352,EMP083,EMP030,2025-01-14,2026-01-09,2026-01-21,Annual,100.0,94.4,7.5,10.0,9.8,8.6,9.1,7.5,7.9,8.8,4.9,8.4,8.2,6.4,6.5,148,5,6.1,81.2,5.4,998.0,87.1,87.6,"Innovation,Adaptability",Mentored 2 junior team members,"Problem solving,Communication,Technical expertise",Cross-team communication,"Conflict resolution,Cross-team communication","Complete Data Analysis Bootcamp, improve process adherence",Has significant potential for growth with focused development.,Focus on process adherence,False,True,7,True,"PMP Certification,Data Analysis Bootcamp,Cloud Architecture",Exceeds Expectations,A dependable contributor who meets expectations consistently.,8.2,"Great collaborator, always willing to help the team.",Not Ready,7,10000,"PMP Certification,Data Analysis Bootcamp,Cloud Architecture",2027-01-21,True,2026-01-21 15:30:00,2026-01-21 16:00:00
REV0353,EMP033,EMP044,2023-12-05,2024-03-04,2024-03-18,Project-based,77.6,58.8,6.9,7.4,8.5,6.5,7.4,6.2,5.6,5.8,5.9,9.3,6.6,7.9,7.7,146,4,6.4,76.8,7.5,850.0,9.9,70.4,"Leadership,Adaptability,Initiative",Automated deployment pipeline saving 5hrs/week,"Reliability,Innovation,Collaboration","Conflict resolution,Delegation","Stakeholder management,Cross-team communication","Complete Communication Workshop, improve stakeholder management",A dependable contributor who meets expectations consistently.,Focus on delegation,True,True,15,True,Data Analysis Bootcamp,Exceeds Expectations,Needs to focus on delivery timelines and communication.,7.2,A pleasure to work with — highly recommended for future teams.,Ready Now,15,2000,Data Analysis Bootcamp,2025-03-18,False,2024-03-18 16:15:00,2024-03-18 09:30:00
REV0354,EMP082,EMP041,2023-01-02,2023-12-28,2024-01-12,Annual,82.9,63.7,8.6,6.2,7.7,6.3,7.8,7.3,5.4,6.2,4.2,5.2,7.5,7.2,7.3,61,8,9.3,78.4,7.6,900.0,21.3,45.8,"Mentoring,Collaboration,Adaptability",Reduced system latency by 40%,"Adaptability,Problem solving","Work-life balance,Strategic thinking","Public speaking,Cross-team communication","Complete Python Advanced, improve cross-team communication",Demonstrates strong technical skills with room for soft-skill growth.,Focus on work-life balance,False,True,5,True,AWS Certification,Meets Expectations,Outstanding performance this period — exceeds on all fronts.,7.8,Brings strong expertise and shares knowledge freely.,Ready in 6-12 months,5,5000,AWS Certification,2025-01-11,False,2024-01-12 12:00:00,2024-01-12 14:45:00
REV0355,EMP077,EMP018,2024-07-02,2024-09-30,2024-10-18,Project-based,63.3,55.0,6.5,4.7,5.9,5.8,5.9,5.9,8.4,5.4,6.7,5.3,7.8,6.7,4.0,114,6,8.3,78.8,4.3,696.0,89.4,86.8,"Problem solving,Time management",Mentored 2 junior team members,"Problem solving,Attention to detail",Documentation,"Conflict resolution,Time estimation,Public speaking","Complete Scrum Master Training, improve delegation",Demonstrates strong technical skills with room for soft-skill growth.,Focus on conflict resolution,False,False,0,False,Cloud Architecture,Meets Expectations,Outstanding performance this period — exceeds on all fronts.,5.0,Brings strong expertise and shares knowledge freely.,Ready in 6-12 months,0,0,Cloud Architecture,2025-10-18,False,2024-10-18 11:15:00,2024-10-18 17:30:00
REV0356,EMP071,EMP053,2025-11-23,2026-02-21,2026-03-05,Probationary,64.9,72.2,7.7,5.6,5.7,6.8,4.7,6.5,5.1,7.6,6.5,7.5,5.9,7.0,7.8,53,1,7.0,91.1,2.5,1043.0,6.6,86.1,"Leadership,Communication,Innovation",Led successful product launch ahead of schedule,Problem solving,Work-life balance,"Stakeholder management,Conflict resolution,Process adherence","Complete AWS Certification, improve public speaking",Has significant potential for growth with focused development.,Focus on time estimation,False,False,0,True,Scrum Master Training,Meets Expectations,Excellent collaborator who elevates the entire team.,5.9,Reliable and communicates blockers early.,Not Ready,0,0,Scrum Master Training,2027-03-05,False,2026-03-05 09:00:00,2026-03-05 11:30:00
REV0357,EMP056,EMP095,2024-04-01,2024-06-30,2024-07-19,Project-based,58.0,70.8,4.9,4.8,2.8,3.7,4.6,4.8,6.1,8.3,5.4,6.0,7.2,6.4,8.9,69,4,8.3,68.0,12.2,680.0,10.0,73.9,"Innovation,Mentoring",Won internal hackathon with innovative prototype,Attention to detail,"Time estimation,Cross-team communication","Delegation,Process adherence","Complete Scrum Master Training, improve work-life balance",Needs to focus on delivery timelines and communication.,Focus on stakeholder management,False,False,0,True,"PMP Certification,Leadership Training",Meets Expectations,Excellent collaborator who elevates the entire team.,6.3,Reliable and communicates blockers early.,Not Ready,0,0,"PMP Certification,Leadership Training",2025-07-19,False,2024-07-19 10:00:00,2024-07-19 17:45:00
REV0358,EMP022,EMP058,2025-05-03,2026-04-28,2026-05-09,Annual,91.5,98.5,8.4,8.2,7.8,6.2,8.8,8.8,6.3,6.0,8.7,7.1,7.4,7.9,5.6,70,6,9.0,77.2,9.9,883.0,114.1,85.6,"Leadership,Collaboration,Initiative",Led successful product launch ahead of schedule,"Adaptability,Leadership,Problem solving","Stakeholder management,Process adherence","Documentation,Cross-team communication","Complete Cloud Architecture, improve strategic thinking",Shows great initiative and is a reliable team member.,Focus on cross-team communication,False,True,15,True,"Scrum Master Training,Leadership Training",Meets Expectations,Demonstrates strong technical skills with room for soft-skill growth.,7.3,Reliable and communicates blockers early.,Ready in 6-12 months,15,5000,"Scrum Master Training,Leadership Training",2027-05-09,False,2026-05-09 11:30:00,2026-05-09 13:30:00
REV0359,EMP062,EMP030,2023-08-22,2023-11-20,2023-12-02,Quarterly,99.6,100.0,8.5,9.2,9.5,9.4,8.9,9.0,6.8,7.2,5.8,6.2,6.5,7.7,6.0,147,4,7.0,100.0,10.8,1277.0,31.9,81.4,"Time management,Technical expertise,Leadership",Mentored 2 junior team members,"Initiative,Attention to detail,Technical expertise",Time estimation,"Public speaking,Work-life balance","Complete Data Analysis Bootcamp, improve process adherence",Has significant potential for growth with focused development.,Focus on delegation,False,True,7,True,Data Analysis Bootcamp,Meets Expectations,Outstanding performance this period — exceeds on all fronts.,8.9,Reliable and communicates blockers early.,Not Ready,7,2000,Data Analysis Bootcamp,2024-03-01,False,2023-12-02 10:00:00,2023-12-02 11:00:00
REV0360,EMP080,EMP006,2024-06-24,2024-09-22,2024-10-02,Probationary,36.8,33.7,3.5,2.6,4.4,4.6,3.3,4.4,6.5,6.4,8.0,8.7,9.2,7.8,8.0,88,8,7.8,98.8,5.2,1354.0,7.1,91.5,"Leadership,Technical expertise",Mentored 2 junior team members,Problem solving,Stakeholder management,"Time estimation,Work-life balance","Complete AWS Certification, improve process adherence",Strong performer who consistently delivers high-quality work.,Focus on strategic thinking,False,False,0,False,"PMP Certification,Agile Course,Python Advanced",Exceeds Expectations,Has significant potential for growth with focused development.,3.6,Reliable and communicates blockers early.,Not Ready,0,0,"PMP Certification,Agile Course,Python Advanced",2025-10-02,False,2024-10-02 16:00:00,2024-10-02 16:00:00
REV0361,EMP051,EMP024,2023-09-24,2023-12-23,2023-12-29,Quarterly,100.0,91.5,9.0,9.1,9.3,7.3,8.9,9.0,4.3,8.1,6.7,7.1,6.4,8.1,6.0,135,3,6.8,89.5,4.3,1277.0,25.5,72.4,"Adaptability,Time management",Resolved major production incident within SLA,Initiative,"Conflict resolution,Process adherence,Delegation",Delegation,"Complete Agile Course, improve stakeholder management",Needs to focus on delivery timelines and communication.,Focus on cross-team communication,False,True,3,False,AWS Certification,Needs Improvement,Outstanding performance this period — exceeds on all fronts.,7.6,A pleasure to work with — highly recommended for future teams.,Not Ready,3,0,AWS Certification,2024-03-28,True,2023-12-29 15:30:00,2023-12-29 17:45:00
REV0362,EMP097,EMP042,2024-08-20,2024-11-18,2024-12-06,Quarterly,93.2,53.1,6.9,8.9,6.0,5.5,9.4,8.1,9.6,6.1,6.1,7.4,7.5,7.2,6.2,57,8,7.7,98.5,9.2,701.0,49.1,74.3,"Leadership,Problem solving",Won internal hackathon with innovative prototype,"Innovation,Collaboration","Strategic thinking,Conflict resolution,Public speaking","Documentation,Strategic thinking","Complete Technical Writing, improve delegation",Has significant potential for growth with focused development.,Focus on conflict resolution,False,True,15,True,Communication Workshop,Outstanding,Outstanding performance this period — exceeds on all fronts.,7.8,Brings strong expertise and shares knowledge freely.,Not Ready,15,1000,Communication Workshop,2025-03-06,False,2024-12-06 10:00:00,2024-12-06 11:45:00
REV0363,EMP033,EMP081,2024-04-14,2024-07-13,2024-08-01,Quarterly,72.4,88.3,8.2,6.9,7.3,5.0,6.3,7.7,6.3,8.8,8.1,7.7,5.7,7.2,7.8,134,6,6.5,79.7,9.0,1306.0,5.0,81.3,"Communication,Innovation,Technical expertise",Mentored 2 junior team members,"Time management,Technical expertise",Time estimation,"Process adherence,Cross-team communication","Complete Scrum Master Training, improve public speaking",A dependable contributor who meets expectations consistently.,Focus on delegation,False,True,7,False,"Data Analysis Bootcamp,PMP Certification,Technical Writing",Meets Expectations,Demonstrates strong technical skills with room for soft-skill growth.,5.2,A pleasure to work with — highly recommended for future teams.,Not Ready,7,0,"Data Analysis Bootcamp,PMP Certification,Technical Writing",2024-10-30,False,2024-08-01 10:00:00,2024-08-01 09:15:00
REV0364,EMP096,EMP086,2024-06-19,2024-09-17,2024-09-23,Quarterly,82.5,78.1,6.9,8.3,9.1,8.0,6.9,9.3,8.2,6.7,5.4,8.1,7.2,6.6,6.8,21,4,7.1,72.1,12.2,1105.0,36.0,76.5,"Technical expertise,Mentoring,Innovation",Automated deployment pipeline saving 5hrs/week,"Time management,Collaboration,Initiative","Stakeholder management,Process adherence",Work-life balance,"Complete Cloud Architecture, improve public speaking",Shows great initiative and is a reliable team member.,Focus on time estimation,False,True,0,True,"Technical Writing,Scrum Master Training",Exceeds Expectations,Outstanding performance this period — exceeds on all fronts.,8.2,Reliable and communicates blockers early.,Ready in 6-12 months,0,10000,"Technical Writing,Scrum Master Training",2024-12-22,True,2024-09-23 18:45:00,2024-09-23 18:30:00
REV0365,EMP019,EMP025,2025-06-16,2026-06-11,2026-06-22,Annual,69.1,51.3,6.5,6.9,6.8,4.7,7.8,4.9,7.1,9.1,7.3,7.8,5.8,7.8,7.0,38,7,6.4,92.4,-9.8,821.0,32.0,90.0,"Technical expertise,Initiative",Delivered critical feature with zero post-release bugs,"Adaptability,Leadership","Documentation,Time estimation","Time estimation,Cross-team communication","Complete Python Advanced, improve stakeholder management",Strong performer who consistently delivers high-quality work.,Focus on conflict resolution,False,False,0,False,"Communication Workshop,Leadership Training",Meets Expectations,Needs to focus on delivery timelines and communication.,5.8,"Great collaborator, always willing to help the team.",Not Ready,0,0,"Communication Workshop,Leadership Training",2027-06-22,True,2026-06-22 11:45:00,2026-06-22 10:45:00
REV0366,EMP015,EMP017,2024-12-01,2025-11-26,2025-12-15,Annual,76.9,60.2,6.1,7.1,7.9,7.5,7.1,6.4,7.3,7.8,6.9,8.3,5.9,6.8,8.3,102,6,6.0,75.5,-8.8,1280.0,15.8,89.8,"Adaptability,Attention to detail,Reliability",Improved test coverage from 45% to 82%,"Leadership,Initiative,Technical expertise","Strategic thinking,Stakeholder management,Time estimation","Process adherence,Conflict resolution","Complete PMP Certification, improve work-life balance",Demonstrates strong technical skills with room for soft-skill growth.,Focus on public speaking,True,True,10,True,"Technical Writing,Scrum Master Training",Exceeds Expectations,Has significant potential for growth with focused development.,5.8,A pleasure to work with — highly recommended for future teams.,Ready Now,10,2000,"Technical Writing,Scrum Master Training",2026-12-15,False,2025-12-15 11:15:00,2025-12-15 11:45:00
REV0367,EMP020,EMP018,2024-09-08,2024-12-07,2024-12-23,Quarterly,79.0,100.0,6.9,7.0,6.5,7.2,6.9,7.1,6.8,6.9,6.7,6.3,6.6,8.6,6.6,120,7,7.9,71.3,-5.3,935.0,24.2,100.0,"Collaboration,Problem solving,Leadership",Resolved major production incident within SLA,"Problem solving,Time management,Technical expertise",Stakeholder management,"Cross-team communication,Stakeholder management","Complete Agile Course, improve cross-team communication",Needs to focus on delivery timelines and communication.,Focus on cross-team communication,False,True,0,False,"Leadership Training,PMP Certification",Exceeds Expectations,Excellent collaborator who elevates the entire team.,6.1,Could improve on proactively sharing updates.,Ready in 6-12 months,0,2000,"Leadership Training,PMP Certification",2025-03-23,True,2024-12-23 14:15:00,2024-12-23 12:15:00
REV0368,EMP079,EMP030,2025-06-23,2025-09-21,2025-10-06,Quarterly,58.9,62.3,6.6,4.6,4.2,5.4,4.9,3.3,5.5,6.9,6.6,6.9,9.2,7.3,7.3,55,6,5.9,81.6,4.0,1075.0,11.1,76.4,"Problem solving,Initiative",Reduced system latency by 40%,"Innovation,Mentoring,Problem solving",Documentation,"Time estimation,Documentation,Work-life balance","Complete Technical Writing, improve time estimation",A dependable contributor who meets expectations consistently.,Focus on stakeholder management,False,False,0,True,Agile Course,Outstanding,Shows great initiative and is a reliable team member.,4.9,"Great collaborator, always willing to help the team.",Ready in 6-12 months,0,0,Agile Course,2026-01-04,False,2025-10-06 10:30:00,2025-10-06 13:00:00
REV0369,EMP005,EMP095,2023-05-26,2023-08-24,2023-08-30,Quarterly,100.0,79.5,10.0,7.3,9.2,8.0,8.7,9.7,6.7,5.0,4.3,7.7,5.2,8.2,7.1,15,4,7.3,81.0,6.2,1232.0,18.0,86.7,"Mentoring,Problem solving,Collaboration",Improved test coverage from 45% to 82%,Problem solving,"Conflict resolution,Work-life balance,Public speaking","Stakeholder management,Conflict resolution","Complete Agile Course, improve work-life balance",A dependable contributor who meets expectations consistently.,Focus on time estimation,False,True,15,False,Technical Writing,Exceeds Expectations,Needs to focus on delivery timelines and communication.,8.2,Could improve on proactively sharing updates.,Not Ready,15,2000,Technical Writing,2023-11-28,False,2023-08-30 13:30:00,2023-08-30 12:45:00
REV0370,EMP054,EMP041,2024-01-13,2024-04-12,2024-04-27,Probationary,85.3,70.2,7.7,7.5,7.5,6.2,7.4,6.8,5.0,6.4,7.4,7.1,5.6,7.1,7.8,68,4,7.1,65.0,27.1,969.0,4.1,67.7,"Communication,Technical expertise,Problem solving,Reliability",Resolved major production incident within SLA,Communication,"Public speaking,Time estimation,Stakeholder management","Public speaking,Conflict resolution,Strategic thinking","Complete PMP Certification, improve stakeholder management",Demonstrates strong technical skills with room for soft-skill growth.,Focus on delegation,True,True,0,True,Technical Writing,Outstanding,Needs to focus on delivery timelines and communication.,7.4,"Strong technical contributor, great pair-programming partner.",Ready Now,0,10000,Technical Writing,2025-04-27,False,2024-04-27 08:30:00,2024-04-27 10:45:00
REV0371,EMP025,EMP054,2022-08-12,2023-08-07,2023-08-13,Annual,66.6,80.9,6.9,5.8,4.0,5.9,6.5,5.5,6.3,9.7,5.6,5.5,7.0,8.1,7.6,23,5,5.0,74.1,13.8,912.0,4.9,100.0,"Mentoring,Reliability,Innovation",Automated deployment pipeline saving 5hrs/week,"Initiative,Innovation,Time management","Strategic thinking,Process adherence,Time estimation","Time estimation,Documentation,Stakeholder management","Complete Data Analysis Bootcamp, improve cross-team communication",Strong performer who consistently delivers high-quality work.,Focus on time estimation,False,False,0,True,Technical Writing,Outstanding,Excellent collaborator who elevates the entire team.,6.8,A pleasure to work with — highly recommended for future teams.,Ready in 6-12 months,0,0,Technical Writing,2024-08-12,True,2023-08-13 17:45:00,2023-08-13 12:15:00
REV0372,EMP093,EMP032,2023-08-07,2024-08-01,2024-08-07,Annual,94.4,61.9,9.1,10.0,9.2,7.0,8.8,9.8,5.8,7.2,6.2,6.0,7.3,7.4,7.8,17,6,8.6,66.7,0.8,1169.0,95.9,76.6,"Time management,Initiative,Technical expertise,Problem solving",Delivered critical feature with zero post-release bugs,Time management,"Work-life balance,Delegation","Work-life balance,Conflict resolution,Cross-team communication","Complete Python Advanced, improve stakeholder management",Demonstrates strong technical skills with room for soft-skill growth.,Focus on work-life balance,False,True,15,True,"Cloud Architecture,Communication Workshop,Scrum Master Training",Outstanding,Needs to focus on delivery timelines and communication.,8.4,"Great collaborator, always willing to help the team.",Ready in 6-12 months,15,0,"Cloud Architecture,Communication Workshop,Scrum Master Training",2025-08-07,True,2024-08-07 12:30:00,2024-08-07 08:45:00
REV0373,EMP076,EMP011,2024-06-30,2024-09-28,2024-10-16,Project-based,92.0,94.3,8.9,8.9,8.5,8.7,6.4,8.4,6.3,7.4,8.0,6.8,6.6,6.1,6.9,133,4,8.2,71.9,-24.0,1338.0,18.3,96.9,"Leadership,Mentoring,Collaboration,Adaptability",Won internal hackathon with innovative prototype,"Technical expertise,Attention to detail","Documentation,Delegation,Conflict resolution",Documentation,"Complete Communication Workshop, improve process adherence",Demonstrates strong technical skills with room for soft-skill growth.,Focus on work-life balance,False,True,0,True,Scrum Master Training,Exceeds Expectations,Outstanding performance this period — exceeds on all fronts.,8.8,"Great collaborator, always willing to help the team.",Ready in 6-12 months,0,0,Scrum Master Training,2025-10-16,False,2024-10-16 16:30:00,2024-10-16 17:00:00
REV0374,EMP064,EMP093,2025-04-18,2025-07-17,2025-07-28,Quarterly,82.8,55.6,7.9,9.1,6.5,5.8,6.9,8.3,7.3,5.1,7.0,6.5,6.9,6.7,7.4,88,2,8.6,74.3,-20.2,1284.0,30.7,80.2,"Attention to detail,Time management,Communication",Mentored 2 junior team members,"Reliability,Leadership","Delegation,Documentation,Cross-team communication","Documentation,Public speaking","Complete Agile Course, improve conflict resolution",Excellent collaborator who elevates the entire team.,Focus on time estimation,False,True,7,True,Data Analysis Bootcamp,Meets Expectations,A dependable contributor who meets expectations consistently.,7.9,"Great collaborator, always willing to help the team.",Not Ready,7,1000,Data Analysis Bootcamp,2025-10-26,True,2025-07-28 12:30:00,2025-07-28 16:00:00
REV0375,EMP010,EMP025,2023-11-28,2024-02-26,2024-03-02,Quarterly,100.0,100.0,9.1,7.6,8.8,8.5,8.4,9.6,5.9,7.2,6.2,7.5,7.0,7.3,6.0,76,2,7.5,78.9,-10.4,1223.0,70.4,92.6,"Communication,Problem solving,Mentoring",Resolved major production incident within SLA,"Problem solving,Mentoring,Adaptability","Public speaking,Work-life balance","Public speaking,Strategic thinking","Complete AWS Certification, improve strategic thinking",Shows great initiative and is a reliable team member.,Focus on public speaking,False,True,10,True,Scrum Master Training,Needs Improvement,Has significant potential for growth with focused development.,9.4,Brings strong expertise and shares knowledge freely.,Not Ready,10,2000,Scrum Master Training,2024-05-31,True,2024-03-02 13:15:00,2024-03-02 16:15:00
REV0376,EMP062,EMP053,2023-04-02,2023-07-01,2023-07-16,Probationary,100.0,85.2,10.0,9.8,10.0,8.8,7.2,10.0,7.1,7.6,7.3,9.1,6.4,7.0,6.0,114,7,6.4,69.4,-22.2,683.0,2.6,86.0,"Innovation,Leadership,Communication,Reliability",Resolved major production incident within SLA,"Mentoring,Innovation,Time management","Process adherence,Public speaking,Delegation","Strategic thinking,Delegation,Documentation","Complete Leadership Training, improve process adherence",Outstanding performance this period — exceeds on all fronts.,Focus on documentation,False,True,0,True,Leadership Training,Meets Expectations,A dependable contributor who meets expectations consistently.,8.9,Could improve on proactively sharing updates.,Ready in 6-12 months,0,2000,Leadership Training,2024-07-15,False,2023-07-16 09:15:00,2023-07-16 09:00:00
REV0377,EMP076,EMP024,2024-06-29,2024-09-27,2024-10-17,Quarterly,74.8,87.8,7.2,6.9,6.5,7.5,5.9,7.2,7.4,7.2,7.6,6.8,6.4,7.6,5.1,102,2,8.1,92.4,-7.9,1100.0,8.5,97.2,"Reliability,Time management",Won internal hackathon with innovative prototype,"Technical expertise,Problem solving",Conflict resolution,Conflict resolution,"Complete Agile Course, improve conflict resolution",A dependable contributor who meets expectations consistently.,Focus on public speaking,False,True,7,True,"Agile Course,Data Analysis Bootcamp",Exceeds Expectations,Needs to focus on delivery timelines and communication.,5.5,Reliable and communicates blockers early.,Not Ready,7,0,"Agile Course,Data Analysis Bootcamp",2025-01-15,False,2024-10-17 12:45:00,2024-10-17 08:00:00
REV0378,EMP037,EMP047,2025-12-15,2026-03-15,2026-03-25,Probationary,72.7,96.8,6.4,6.9,7.2,6.1,7.5,7.0,8.2,7.7,6.4,6.9,6.9,6.2,5.8,38,3,8.2,66.9,-4.9,1345.0,11.0,80.5,"Adaptability,Problem solving,Time management,Reliability",Automated deployment pipeline saving 5hrs/week,"Problem solving,Communication",Conflict resolution,"Delegation,Public speaking,Stakeholder management","Complete Leadership Training, improve conflict resolution",Demonstrates strong technical skills with room for soft-skill growth.,Focus on work-life balance,False,True,0,True,"Python Advanced,Cloud Architecture",Meets Expectations,Demonstrates strong technical skills with room for soft-skill growth.,5.0,"Great collaborator, always willing to help the team.",Not Ready,0,0,"Python Advanced,Cloud Architecture",2027-03-25,True,2026-03-25 14:00:00,2026-03-25 12:45:00
REV0379,EMP012,EMP052,2025-02-05,2026-01-31,2026-02-13,Annual,78.5,78.7,6.0,8.5,6.6,5.9,6.4,7.2,9.4,5.5,3.6,7.1,7.6,7.6,7.7,28,3,6.4,70.7,1.5,655.0,0.6,87.5,"Technical expertise,Problem solving,Mentoring,Initiative",Mentored 2 junior team members,"Communication,Adaptability","Strategic thinking,Cross-team communication","Delegation,Public speaking,Strategic thinking","Complete Agile Course, improve time estimation",Excellent collaborator who elevates the entire team.,Focus on cross-team communication,False,True,15,False,"Cloud Architecture,AWS Certification,Leadership Training",Meets Expectations,Strong performer who consistently delivers high-quality work.,6.1,"Strong technical contributor, great pair-programming partner.",Ready in 6-12 months,15,1000,"Cloud Architecture,AWS Certification,Leadership Training",2027-02-13,False,2026-02-13 16:30:00,2026-02-13 17:15:00
REV0380,EMP064,EMP086,2025-04-18,2025-07-17,2025-07-29,Quarterly,74.5,56.5,8.4,5.9,6.0,4.6,6.8,6.8,8.8,8.1,5.4,7.8,5.6,6.8,7.1,30,7,6.4,94.8,27.4,769.0,2.6,81.6,"Innovation,Leadership,Attention to detail,Collaboration",Won internal hackathon with innovative prototype,"Collaboration,Initiative,Leadership","Time estimation,Cross-team communication","Public speaking,Cross-team communication,Conflict resolution","Complete Cloud Architecture, improve process adherence",Has significant potential for growth with focused development.,Focus on stakeholder management,False,True,3,True,AWS Certification,Meets Expectations,Has significant potential for growth with focused development.,6.7,"Strong technical contributor, great pair-programming partner.",Not Ready,3,0,AWS Certification,2025-10-27,False,2025-07-29 17:00:00,2025-07-29 18:15:00
REV0381,EMP017,EMP005,2023-10-25,2024-01-23,2024-02-04,Quarterly,88.9,100.0,6.3,7.0,7.6,8.0,8.8,8.8,5.0,6.5,5.2,6.7,7.0,6.1,6.5,26,2,8.1,74.5,-2.4,1147.0,21.0,96.5,"Leadership,Collaboration",Led successful product launch ahead of schedule,"Leadership,Problem solving,Technical expertise",Stakeholder management,"Public speaking,Strategic thinking","Complete Communication Workshop, improve process adherence",Outstanding performance this period — exceeds on all fronts.,Focus on cross-team communication,True,True,0,True,Agile Course,Exceeds Expectations,Demonstrates strong technical skills with room for soft-skill growth.,8.2,Could improve on proactively sharing updates.,Ready Now,0,2000,Agile Course,2024-05-04,True,2024-02-04 18:15:00,2024-02-04 18:15:00
REV0382,EMP027,EMP056,2023-06-13,2024-06-07,2024-06-18,Annual,93.8,67.4,8.5,9.7,8.7,8.6,8.4,8.7,7.5,8.2,5.9,6.2,4.9,7.1,8.1,77,8,8.0,70.0,-22.8,991.0,100.3,87.5,"Innovation,Technical expertise,Collaboration",Resolved major production incident within SLA,Technical expertise,Cross-team communication,Process adherence,"Complete Python Advanced, improve conflict resolution",Has significant potential for growth with focused development.,Focus on cross-team communication,False,True,5,False,Scrum Master Training,Meets Expectations,Strong performer who consistently delivers high-quality work.,8.7,Could improve on proactively sharing updates.,Not Ready,5,1000,Scrum Master Training,2025-06-18,False,2024-06-18 16:00:00,2024-06-18 17:45:00
REV0383,EMP045,EMP046,2023-10-18,2024-01-16,2024-02-04,Quarterly,79.2,86.4,8.3,7.0,8.3,7.6,6.3,8.3,7.4,5.9,9.0,6.6,4.9,6.8,5.9,66,5,6.8,76.7,-3.1,1272.0,10.6,76.8,"Collaboration,Communication,Mentoring",Reduced system latency by 40%,Leadership,Process adherence,"Process adherence,Cross-team communication,Delegation","Complete Python Advanced, improve work-life balance",Demonstrates strong technical skills with room for soft-skill growth.,Focus on work-life balance,False,True,10,True,"Agile Course,AWS Certification,Data Analysis Bootcamp",Exceeds Expectations,Demonstrates strong technical skills with room for soft-skill growth.,8.1,"Strong technical contributor, great pair-programming partner.",Ready in 6-12 months,10,2000,"Agile Course,AWS Certification,Data Analysis Bootcamp",2024-05-04,True,2024-02-04 14:00:00,2024-02-04 09:00:00
REV0384,EMP031,EMP044,2025-10-11,2026-01-09,2026-01-22,Quarterly,61.1,62.8,4.7,5.1,7.1,5.9,5.9,3.8,6.1,9.1,7.1,7.4,7.2,6.9,7.4,77,3,6.0,62.7,-8.8,1102.0,6.7,74.9,"Technical expertise,Communication,Initiative,Time management",Led successful product launch ahead of schedule,"Leadership,Communication","Work-life balance,Cross-team communication,Strategic thinking",Conflict resolution,"Complete Scrum Master Training, improve conflict resolution",A dependable contributor who meets expectations consistently.,Focus on public speaking,False,False,0,True,"Data Analysis Bootcamp,Communication Workshop,Scrum Master Training",Needs Improvement,Outstanding performance this period — exceeds on all fronts.,5.6,Could improve on proactively sharing updates.,Not Ready,0,0,"Data Analysis Bootcamp,Communication Workshop,Scrum Master Training",2026-04-22,True,2026-01-22 17:15:00,2026-01-22 11:30:00
REV0385,EMP006,EMP053,2023-06-06,2024-05-31,2024-06-20,Annual,63.5,83.1,5.8,5.0,6.0,3.7,6.1,6.8,7.8,9.6,3.8,7.0,5.5,7.3,7.0,76,6,9.8,81.3,-0.9,995.0,16.3,86.7,"Attention to detail,Technical expertise,Problem solving",Reduced system latency by 40%,Innovation,Stakeholder management,Delegation,"Complete Technical Writing, improve cross-team communication",Excellent collaborator who elevates the entire team.,Focus on delegation,False,False,0,False,"AWS Certification,Cloud Architecture,Technical Writing",Meets Expectations,A dependable contributor who meets expectations consistently.,6.5,"Great collaborator, always willing to help the team.",Not Ready,0,0,"AWS Certification,Cloud Architecture,Technical Writing",2025-06-20,True,2024-06-20 08:30:00,2024-06-20 08:45:00
REV0386,EMP016,EMP043,2025-09-19,2025-12-18,2026-01-06,Quarterly,100.0,73.3,9.1,8.5,8.1,7.0,9.2,7.3,6.7,8.4,7.4,7.3,6.0,5.9,8.3,68,2,7.1,81.0,-2.4,873.0,28.4,66.8,"Adaptability,Problem solving",Delivered critical feature with zero post-release bugs,Mentoring,Conflict resolution,"Conflict resolution,Work-life balance,Time estimation","Complete Leadership Training, improve process adherence",Excellent collaborator who elevates the entire team.,Focus on stakeholder management,False,True,0,True,Scrum Master Training,Meets Expectations,Demonstrates strong technical skills with room for soft-skill growth.,10.0,"Great collaborator, always willing to help the team.",Ready in 6-12 months,0,0,Scrum Master Training,2026-04-06,True,2026-01-06 14:30:00,2026-01-06 13:45:00
REV0387,EMP072,EMP030,2025-01-21,2025-04-21,2025-04-26,Quarterly,85.1,73.7,8.3,7.4,6.7,6.1,6.5,6.6,5.2,6.1,5.0,7.3,7.4,7.9,8.4,39,1,7.4,72.6,26.5,1134.0,20.9,97.9,"Communication,Initiative",Reduced system latency by 40%,Leadership,Documentation,Time estimation,"Complete Data Analysis Bootcamp, improve process adherence",Excellent collaborator who elevates the entire team.,Focus on strategic thinking,False,True,3,False,Technical Writing,Meets Expectations,Demonstrates strong technical skills with room for soft-skill growth.,8.3,"Strong technical contributor, great pair-programming partner.",Not Ready,3,0,Technical Writing,2025-07-25,False,2025-04-26 14:15:00,2025-04-26 09:15:00
REV0388,EMP061,EMP056,2025-04-18,2025-07-17,2025-07-22,Quarterly,49.2,42.7,5.3,3.0,4.9,2.8,3.6,3.8,7.2,5.8,5.6,6.8,5.7,8.9,4.9,58,6,7.3,97.3,-15.9,628.0,53.6,89.0,"Reliability,Innovation",Reduced system latency by 40%,Problem solving,Public speaking,Cross-team communication,"Complete AWS Certification, improve cross-team communication",A dependable contributor who meets expectations consistently.,Focus on process adherence,False,False,0,True,Agile Course,Meets Expectations,Has significant potential for growth with focused development.,4.2,A pleasure to work with — highly recommended for future teams.,Not Ready,0,0,Agile Course,2025-10-20,False,2025-07-22 16:15:00,2025-07-22 15:45:00
REV0389,EMP023,EMP097,2025-04-11,2026-04-06,2026-04-25,Annual,69.8,75.1,6.9,5.9,7.1,6.2,5.9,7.4,6.1,8.1,5.5,6.4,6.8,7.8,4.1,86,6,8.0,80.8,3.4,808.0,37.7,83.0,"Initiative,Technical expertise",Improved test coverage from 45% to 82%,"Attention to detail,Mentoring",Cross-team communication,Stakeholder management,"Complete AWS Certification, improve time estimation",Shows great initiative and is a reliable team member.,Focus on work-life balance,False,False,0,True,Communication Workshop,Exceeds Expectations,Needs to focus on delivery timelines and communication.,7.2,Could improve on proactively sharing updates.,Not Ready,0,0,Communication Workshop,2027-04-25,True,2026-04-25 18:15:00,2026-04-25 08:15:00
REV0390,EMP069,EMP036,2023-07-10,2023-10-08,2023-10-20,Probationary,67.1,80.4,5.9,6.9,7.3,5.9,6.5,5.6,8.1,7.4,6.1,5.3,6.5,6.4,7.9,27,2,8.7,93.0,29.8,793.0,46.4,81.7,"Problem solving,Time management,Attention to detail,Adaptability",Improved test coverage from 45% to 82%,"Attention to detail,Communication",Conflict resolution,Documentation,"Complete Scrum Master Training, improve process adherence",Shows great initiative and is a reliable team member.,Focus on work-life balance,False,False,0,False,Agile Course,Exceeds Expectations,Has significant potential for growth with focused development.,4.9,A pleasure to work with — highly recommended for future teams.,Not Ready,0,0,Agile Course,2024-10-19,True,2023-10-20 15:00:00,2023-10-20 14:00:00
REV0391,EMP095,EMP047,2023-09-20,2024-09-14,2024-09-24,Annual,78.5,59.6,6.5,8.8,7.5,7.4,7.2,7.0,7.0,7.5,5.0,7.7,8.2,7.3,6.4,85,6,6.8,100.0,-5.4,624.0,11.8,99.3,"Technical expertise,Reliability",Automated deployment pipeline saving 5hrs/week,Initiative,"Documentation,Stakeholder management,Public speaking","Stakeholder management,Public speaking,Work-life balance","Complete Communication Workshop, improve process adherence",Strong performer who consistently delivers high-quality work.,Focus on time estimation,False,True,10,False,Technical Writing,Exceeds Expectations,A dependable contributor who meets expectations consistently.,6.4,Reliable and communicates blockers early.,Not Ready,10,2000,Technical Writing,2025-09-24,True,2024-09-24 14:00:00,2024-09-24 16:30:00
REV0392,EMP097,EMP044,2023-02-28,2024-02-23,2024-03-04,Annual,76.6,81.2,6.4,7.9,6.8,9.2,5.7,9.1,6.8,7.4,5.7,4.9,6.4,7.1,7.2,36,3,8.6,84.3,2.5,1080.0,8.3,76.7,"Attention to detail,Mentoring,Collaboration,Reliability",Improved test coverage from 45% to 82%,"Adaptability,Technical expertise,Time management","Public speaking,Time estimation,Work-life balance","Process adherence,Documentation","Complete Python Advanced, improve cross-team communication",Outstanding performance this period — exceeds on all fronts.,Focus on strategic thinking,True,True,0,True,"Leadership Training,Cloud Architecture",Meets Expectations,A dependable contributor who meets expectations consistently.,7.0,"Great collaborator, always willing to help the team.",Ready Now,0,2000,"Leadership Training,Cloud Architecture",2025-03-04,False,2024-03-04 13:30:00,2024-03-04 16:15:00
REV0393,EMP052,EMP058,2024-01-03,2024-12-28,2025-01-05,Annual,78.7,61.7,6.5,5.9,7.6,7.0,6.9,5.4,6.7,7.6,7.6,8.9,8.2,7.7,6.7,75,7,6.8,98.3,2.0,719.0,6.1,80.8,"Attention to detail,Leadership,Time management",Improved test coverage from 45% to 82%,Adaptability,"Documentation,Strategic thinking","Documentation,Work-life balance","Complete Leadership Training, improve process adherence",Needs to focus on delivery timelines and communication.,Focus on stakeholder management,False,True,7,True,Scrum Master Training,Exceeds Expectations,A dependable contributor who meets expectations consistently.,8.2,"Great collaborator, always willing to help the team.",Not Ready,7,10000,Scrum Master Training,2026-01-05,False,2025-01-05 17:15:00,2025-01-05 10:00:00
REV0394,EMP008,EMP043,2025-05-25,2026-05-20,2026-05-26,Annual,67.7,73.3,7.2,4.6,4.0,7.0,5.0,5.8,7.7,7.1,6.4,6.9,9.8,9.3,6.2,46,7,8.6,88.1,-0.2,802.0,27.9,91.4,"Problem solving,Attention to detail,Reliability,Technical expertise",Resolved major production incident within SLA,"Leadership,Attention to detail","Conflict resolution,Time estimation",Cross-team communication,"Complete Communication Workshop, improve work-life balance",Has significant potential for growth with focused development.,Focus on cross-team communication,False,False,0,True,"AWS Certification,Scrum Master Training,Data Analysis Bootcamp",Needs Improvement,Demonstrates strong technical skills with room for soft-skill growth.,5.6,"Strong technical contributor, great pair-programming partner.",Not Ready,0,0,"AWS Certification,Scrum Master Training,Data Analysis Bootcamp",2027-05-26,False,2026-05-26 10:30:00,2026-05-26 14:30:00
REV0395,EMP021,EMP004,2023-11-06,2024-02-04,2024-02-22,Probationary,61.3,59.4,6.3,5.4,5.5,6.2,6.6,3.7,6.8,5.6,6.0,6.8,6.6,6.5,5.7,48,6,8.2,100.0,-24.7,1178.0,54.9,76.7,"Innovation,Leadership,Problem solving,Collaboration",Led successful product launch ahead of schedule,"Collaboration,Reliability","Public speaking,Process adherence","Time estimation,Strategic thinking","Complete PMP Certification, improve conflict resolution",A dependable contributor who meets expectations consistently.,Focus on strategic thinking,False,False,0,False,Agile Course,Exceeds Expectations,Has significant potential for growth with focused development.,5.3,Reliable and communicates blockers early.,Not Ready,0,0,Agile Course,2025-02-21,False,2024-02-22 11:00:00,2024-02-22 18:00:00
REV0396,EMP061,EMP056,2024-07-22,2025-07-17,2025-07-31,Annual,62.4,63.0,5.7,5.2,6.5,4.7,4.9,7.7,6.9,4.3,8.3,8.3,7.5,8.1,9.6,120,5,6.5,83.6,23.6,1290.0,16.1,92.9,"Adaptability,Attention to detail,Reliability,Technical expertise",Automated deployment pipeline saving 5hrs/week,Attention to detail,Public speaking,"Work-life balance,Stakeholder management,Time estimation","Complete Data Analysis Bootcamp, improve strategic thinking",Demonstrates strong technical skills with room for soft-skill growth.,Focus on documentation,False,False,0,True,"Agile Course,Technical Writing,Leadership Training",Exceeds Expectations,Demonstrates strong technical skills with room for soft-skill growth.,7.3,Brings strong expertise and shares knowledge freely.,Not Ready,0,0,"Agile Course,Technical Writing,Leadership Training",2026-07-31,True,2025-07-31 11:15:00,2025-07-31 11:30:00
REV0397,EMP025,EMP085,2023-11-21,2024-02-19,2024-03-05,Quarterly,85.1,100.0,7.3,9.4,9.8,8.6,7.7,8.0,5.5,6.7,7.4,5.1,6.7,9.4,6.8,46,7,8.5,88.8,-3.7,1183.0,49.4,82.4,"Problem solving,Initiative",Resolved major production incident within SLA,"Mentoring,Problem solving,Attention to detail",Stakeholder management,Stakeholder management,"Complete Communication Workshop, improve delegation",Strong performer who consistently delivers high-quality work.,Focus on cross-team communication,True,True,7,True,"AWS Certification,Communication Workshop,Technical Writing",Exceeds Expectations,Strong performer who consistently delivers high-quality work.,7.3,"Strong technical contributor, great pair-programming partner.",Ready Now,7,2000,"AWS Certification,Communication Workshop,Technical Writing",2024-06-03,False,2024-03-05 09:00:00,2024-03-05 17:45:00
REV0398,EMP098,EMP047,2023-07-09,2024-07-03,2024-07-11,Annual,80.8,89.8,7.7,7.2,7.5,7.0,8.5,7.4,7.3,5.8,6.4,8.5,7.5,6.4,5.8,133,7,6.8,94.0,10.5,1223.0,17.3,75.1,"Attention to detail,Technical expertise,Reliability,Communication",Led successful product launch ahead of schedule,"Problem solving,Time management,Innovation",Documentation,Work-life balance,"Complete Agile Course, improve stakeholder management",Demonstrates strong technical skills with room for soft-skill growth.,Focus on stakeholder management,False,True,15,False,"Leadership Training,Communication Workshop,Scrum Master Training",Meets Expectations,Shows great initiative and is a reliable team member.,7.3,"Strong technical contributor, great pair-programming partner.",Ready in 6-12 months,15,5000,"Leadership Training,Communication Workshop,Scrum Master Training",2025-07-11,False,2024-07-11 14:00:00,2024-07-11 17:15:00
REV0399,EMP051,EMP054,2024-05-08,2024-08-06,2024-08-22,Probationary,96.1,100.0,9.1,8.3,8.5,7.8,9.0,7.4,6.2,8.3,6.4,5.8,6.1,8.2,6.4,49,1,8.0,74.5,-13.6,661.0,9.6,76.7,"Problem solving,Initiative,Attention to detail,Collaboration",Improved test coverage from 45% to 82%,Leadership,Work-life balance,"Work-life balance,Process adherence","Complete PMP Certification, improve documentation",Has significant potential for growth with focused development.,Focus on public speaking,True,True,15,True,"Agile Course,Scrum Master Training,Communication Workshop",Exceeds Expectations,Excellent collaborator who elevates the entire team.,9.2,Could improve on proactively sharing updates.,Ready Now,15,1000,"Agile Course,Scrum Master Training,Communication Workshop",2025-08-22,False,2024-08-22 12:30:00,2024-08-22 13:45:00
REV0400,EMP010,EMP017,2023-05-10,2024-05-04,2024-05-10,Annual,96.1,100.0,8.9,8.2,8.0,8.3,9.7,9.5,5.9,6.3,5.5,6.1,5.0,8.3,6.5,90,3,8.0,78.2,-0.3,1016.0,16.4,84.5,"Initiative,Technical expertise,Time management",Resolved major production incident within SLA,"Innovation,Initiative","Documentation,Strategic thinking,Delegation","Documentation,Work-life balance,Public speaking","Complete AWS Certification, improve time estimation",A dependable contributor who meets expectations consistently.,Focus on cross-team communication,False,True,0,True,"Leadership Training,Cloud Architecture",Exceeds Expectations,Outstanding performance this period — exceeds on all fronts.,9.9,A pleasure to work with — highly recommended for future teams.,Not Ready,0,10000,"Leadership Training,Cloud Architecture",2025-05-10,True,2024-05-10 09:00:00,2024-05-10 14:15:00
