task_id,task_name,task_description,task_type,project_id,priority,complexity,estimated_hours,actual_hours,story_points,required_skills,required_role,required_seniority,required_certifications,technical_complexity_score,assigned_to,assigned_date,status,completion_percentage,start_date,due_date,actual_completion_date,is_overdue,days_overdue,buffer_days,dependent_task_ids,blocking_task_ids,related_tasks,parent_task_id,has_subtasks,quality_score,rework_required,rework_count,review_rating,stakeholder_satisfaction,risk_level,business_impact,delay_risk_score,technical_debt_added,requires_collaboration,team_size_required,communication_frequency,meeting_hours_required,created_at,last_updated
TSK0001,Design onboarding flow,Design task for project PRJ004 — Very Complex complexity.,Design,PRJ004,Medium,Very Complex,169.0,205.9,13,Figma,Designer,Mid,,8.4,EMP076,2023-11-20,Completed,100.0,2023-11-30,2023-12-08,2023-12-21,True,13,1,,TSK0018,,,False,7.2,False,0,7.2,9.6,Low,Critical,56.5,False,True,5,Weekly,3.5,2023-10-28 10:45:00,2024-05-22 12:15:00
TSK0002,Design email templates,Design task for project PRJ012 — Moderate complexity.,Design,PRJ012,High,Moderate,14.1,17.1,5,"Sketch,CSS,Illustrator",Designer,Junior,,6.5,EMP049,2023-08-05,Completed,100.0,2023-10-11,2023-10-16,2023-10-12,False,-4,3,,,,,False,7.8,True,1,5.2,5.3,Medium,Low,56.6,False,True,3,Weekly,5.2,2023-09-02 12:45:00,2024-08-31 13:15:00
TSK0003,Technology feasibility study,Research task for project PRJ035 — Moderate complexity.,Research,PRJ035,Medium,Moderate,19.2,20.6,8,"Statistics,Literature Review",Analyst,Senior,,5.9,EMP060,2023-12-20,Completed,100.0,2024-02-16,2024-02-25,2024-02-21,False,-4,6,,,,TSK0001,False,7.6,False,0,5.8,6.8,Medium,Medium,46.7,False,False,1,Weekly,0.0,2024-01-27 13:15:00,2025-01-16 15:45:00
TSK0004,Perform integration testing,Testing task for project PRJ034 — Very Complex complexity.,Testing,PRJ034,Low,Very Complex,96.8,,21,"Selenium,TestRail",Developer,Senior,,9.5,EMP018,2023-08-15,Blocked,38.9,2023-09-28,2023-10-16,,True,898,5,,,"TSK0003,TSK0012",TSK0002,False,,False,0,,,Medium,Medium,11.0,False,True,4,Weekly,5.8,2023-09-19 08:00:00,2024-06-27 18:30:00
TSK0005,Configure monitoring,DevOps task for project PRJ021 — Moderate complexity.,DevOps,PRJ021,Low,Moderate,15.3,,8,"AWS,GitHub Actions,Jenkins",Developer,Senior,,6.6,EMP065,2023-06-08,Not Started,0.0,2023-06-12,2023-06-19,,False,0,5,,,"TSK0014,TSK0003",,False,,False,0,,,Low,High,15.6,False,False,1,Daily,0.0,2023-06-03 15:00:00,2023-10-04 13:30:00
TSK0006,Evaluate third-party libraries,Research task for project PRJ073 — Moderate complexity.,Research,PRJ073,Medium,Moderate,23.2,28.7,3,"Literature Review,Python",Analyst,Junior,,6.2,,,Completed,100.0,2024-08-25,2024-08-29,2024-09-11,True,13,1,,,,,False,8.4,False,0,7.7,7.3,Low,Medium,40.5,False,False,1,Daily,0.0,2024-06-11 14:30:00,2024-12-15 16:45:00
TSK0007,Benchmark database options,Research task for project PRJ009 — Moderate complexity.,Research,PRJ009,High,Moderate,13.4,,8,Data Analysis,Analyst,Mid,,5.7,EMP008,2023-08-28,In Progress,5.6,2023-11-28,2023-12-02,,True,851,2,,TSK0016,,TSK0005,False,,False,0,,,Low,Critical,69.9,False,False,1,Weekly,0.0,2023-10-20 14:15:00,2024-01-15 09:45:00
TSK0008,Infrastructure as code,DevOps task for project PRJ060 — Simple complexity.,DevOps,PRJ060,High,Simple,7.0,,1,"AWS,Docker,Kubernetes",Developer,Senior,,3.0,,,Not Started,0.0,2024-04-21,2024-04-23,,False,0,1,"TSK0002,TSK0004","TSK0016,TSK0011",,,False,,False,0,,,Medium,High,59.2,True,True,2,Weekly,5.8,2023-12-28 10:45:00,2024-12-25 15:15:00
TSK0009,Build search feature,Development task for project PRJ022 — Simple complexity.,Development,PRJ022,High,Simple,3.7,,2,"C++,Go,React",Developer,Junior,,1.8,EMP094,2023-03-01,Not Started,0.0,2023-03-09,2023-03-13,,False,0,3,TSK0001,,"TSK0017,TSK0006",,True,,False,0,,,Low,Low,70.0,False,False,1,As needed,0.0,2023-01-08 18:15:00,2024-04-25 09:15:00
TSK0010,Develop admin dashboard,Development task for project PRJ080 — Moderate complexity.,Development,PRJ080,Medium,Moderate,9.3,7.8,8,"Go,Node.js",Developer,Mid,,5.8,EMP031,2024-07-23,Completed,100.0,2024-09-27,2024-10-02,2024-10-05,True,3,3,,,,,True,8.7,False,0,7.4,8.8,Medium,High,50.4,True,True,4,As needed,0.8,2024-08-04 09:15:00,2024-12-30 12:15:00
TSK0011,Update README,Documentation task for project PRJ079 — Moderate complexity.,Documentation,PRJ079,High,Moderate,23.7,18.3,8,Confluence,Developer,Mid,,5.6,EMP034,2023-11-20,Completed,100.0,2024-07-01,2024-07-07,2024-07-22,True,15,3,TSK0006,,,,False,6.7,False,0,7.6,7.1,High,Medium,66.4,False,False,1,Weekly,0.0,2024-04-15 12:00:00,2024-07-01 13:15:00
TSK0012,API contract testing,Testing task for project PRJ057 — Complex complexity.,Testing,PRJ057,Medium,Complex,54.9,,13,TestRail,Developer,Junior,,8.1,EMP020,2023-09-24,In Progress,85.3,2023-10-17,2023-10-25,,True,889,1,,,,,True,,False,0,,,Low,Medium,15.2,False,True,2,As needed,5.4,2023-09-06 18:15:00,2024-09-22 09:30:00
TSK0013,Run regression suite,Testing task for project PRJ031 — Complex complexity.,Testing,PRJ031,Critical,Complex,72.4,,8,"TestRail,Cypress",Developer,Senior,,8.8,EMP043,2024-01-21,Not Started,0.0,2024-01-21,2024-02-02,,False,0,2,,,,TSK0001,False,,False,0,,,High,High,72.1,False,False,1,Weekly,0.0,2024-01-19 13:30:00,2024-05-16 11:00:00
TSK0014,Architecture discussion,Meeting task for project PRJ036 — Very Complex complexity.,Meeting,PRJ036,High,Very Complex,183.7,,21,Agile,Manager,Junior,,8.7,EMP043,2023-07-15,In Progress,62.8,2023-08-15,2023-08-24,,True,951,4,"TSK0001,TSK0002",,,,False,,False,0,,,Low,Medium,72.7,False,False,1,As needed,0.0,2023-08-09 11:30:00,2023-09-29 14:00:00
TSK0015,Research ML frameworks,Research task for project PRJ047 — Very Complex complexity.,Research,PRJ047,High,Very Complex,131.8,,21,"Excel,R,Statistics",Analyst,Mid,,9.2,EMP065,2024-06-02,Not Started,0.0,2024-06-26,2024-07-19,,False,0,6,,,"TSK0018,TSK0010",,False,,False,0,,,Low,Medium,43.8,False,False,1,Weekly,0.0,2024-05-20 11:45:00,2025-01-13 17:30:00
TSK0016,Design review,Review task for project PRJ028 — Moderate complexity.,Review,PRJ028,Critical,Moderate,16.2,18.9,8,"Python,Git,Code Review",Senior Engineer,Mid,,4.5,EMP012,2023-10-11,Completed,100.0,2023-10-18,2023-10-24,2023-11-03,True,10,3,TSK0004,,,,False,7.0,False,0,7.8,7.4,Low,Low,51.2,False,True,5,Daily,3.0,2023-10-05 10:00:00,2025-01-17 09:45:00
TSK0017,PR review,Review task for project PRJ007 — Moderate complexity.,Review,PRJ007,High,Moderate,16.9,,3,"Java,React",Senior Engineer,Junior,,5.4,EMP072,2024-03-08,Not Started,0.0,2024-03-18,2024-03-27,,False,0,6,,,,,False,,False,0,,,High,Medium,64.6,False,False,1,Daily,0.0,2024-02-25 16:45:00,2025-02-01 11:30:00
TSK0018,Create runbook,Documentation task for project PRJ031 — Moderate complexity.,Documentation,PRJ031,Low,Moderate,12.3,,5,Git,Developer,Junior,,6.7,EMP020,2024-01-21,Blocked,17.8,2024-02-04,2024-02-08,,True,783,2,,,,,False,,False,0,,,Low,High,37.1,False,True,2,Weekly,5.1,2024-01-29 17:45:00,2024-10-05 08:30:00
TSK0019,Deploy to staging,DevOps task for project PRJ069 — Complex complexity.,DevOps,PRJ069,Medium,Complex,65.9,47.5,8,"Kubernetes,Terraform,Linux",Developer,Mid,,8.0,EMP087,2024-06-14,Completed,100.0,2024-07-02,2024-07-15,2024-07-17,True,2,4,,,,,False,8.4,True,2,6.3,6.8,Medium,Low,46.5,True,True,2,Weekly,1.6,2024-05-25 11:45:00,2024-09-23 13:45:00
TSK0020,Create runbook,Documentation task for project PRJ011 — Moderate complexity.,Documentation,PRJ011,High,Moderate,15.5,19.3,8,Confluence,Developer,Junior,,5.6,EMP097,2023-02-20,Completed,100.0,2023-04-04,2023-04-08,2023-04-06,False,-2,2,,,"TSK0026,TSK0013",,False,6.9,False,0,6.4,9.5,High,Critical,53.3,False,False,1,As needed,0.0,2023-03-19 09:15:00,2024-02-16 09:00:00
TSK0021,Optimize Docker images,DevOps task for project PRJ051 — Complex complexity.,DevOps,PRJ051,Medium,Complex,76.7,95.2,8,"Linux,Docker,AWS",Developer,Mid,,7.2,EMP077,2023-06-15,Completed,100.0,2023-07-09,2023-07-20,2023-07-31,True,11,1,,,"TSK0022,TSK0011",,False,7.1,True,2,5.6,7.7,Low,Medium,48.9,False,True,3,As needed,2.6,2023-07-01 18:30:00,2025-01-10 15:45:00
TSK0022,Update README,Documentation task for project PRJ042 — Very Complex complexity.,Documentation,PRJ042,High,Very Complex,182.2,200.2,13,"Markdown,Technical Writing",Developer,Senior,,8.6,EMP044,2024-01-13,Completed,100.0,2024-05-04,2024-05-29,2024-06-02,True,4,2,,,,,False,8.4,False,0,6.7,7.8,Low,Medium,69.4,False,True,3,As needed,0.5,2024-04-01 14:45:00,2025-02-12 11:45:00
TSK0023,Code review,Review task for project PRJ058 — Complex complexity.,Review,PRJ058,High,Complex,68.4,62.5,8,"Python,Java,React",Senior Engineer,Junior,,7.6,EMP061,2023-11-12,Completed,100.0,2023-11-28,2023-12-13,2023-12-05,False,-8,6,,,,,False,6.6,False,0,6.3,8.5,Medium,High,82.4,False,True,3,Daily,1.1,2023-11-14 15:30:00,2024-12-02 17:30:00
TSK0024,Update onboarding guide,Documentation task for project PRJ030 — Complex complexity.,Documentation,PRJ030,High,Complex,44.2,,13,"Confluence,Markdown,Git",Developer,Mid,,7.0,EMP007,2024-01-23,Not Started,0.0,2024-02-23,2024-03-02,,False,0,2,TSK0019,,,,False,,False,0,,,Low,Medium,52.7,False,True,2,Daily,4.9,2024-01-27 15:00:00,2024-12-14 18:00:00
TSK0025,Write release notes,Documentation task for project PRJ011 — Moderate complexity.,Documentation,PRJ011,Critical,Moderate,23.9,30.0,3,"Git,Confluence",Developer,Mid,,5.7,EMP067,2023-03-15,Completed,100.0,2023-04-13,2023-04-21,2023-05-02,True,11,5,,,,,False,7.5,False,0,9.2,7.2,Low,High,95.0,False,False,1,Daily,0.0,2023-03-08 12:00:00,2023-09-20 11:15:00
TSK0026,Security vulnerability scan,Testing task for project PRJ001 — Simple complexity.,Testing,PRJ001,Medium,Simple,3.9,3.5,3,"Jest,PyTest,Postman",Developer,Junior,,2.8,EMP059,2023-10-03,Completed,100.0,2023-11-05,2023-11-07,2023-11-12,True,5,1,,,,,False,7.2,False,0,8.4,8.1,High,Critical,43.9,False,False,1,As needed,0.0,2023-09-29 12:30:00,2024-06-16 09:45:00
TSK0027,Setup CI/CD pipeline,DevOps task for project PRJ035 — Moderate complexity.,DevOps,PRJ035,Medium,Moderate,16.0,19.4,5,GitHub Actions,Developer,Mid,,5.3,EMP004,2023-10-07,Completed,100.0,2024-02-14,2024-02-18,2024-02-27,True,9,1,,,,,False,7.8,False,0,6.0,7.7,Medium,Low,50.8,True,True,5,Weekly,3.1,2023-12-26 12:15:00,2024-12-09 14:45:00
TSK0028,Stakeholder review,Meeting task for project PRJ053 — Very Complex complexity.,Meeting,PRJ053,High,Very Complex,120.0,,13,Scrum,Manager,Mid,,9.7,EMP052,2023-05-31,In Progress,64.0,2023-06-04,2023-06-24,,True,1012,4,"TSK0011,TSK0004",,,,False,,False,0,,,Medium,High,70.4,False,True,5,As needed,0.3,2023-05-27 17:45:00,2024-08-29 08:15:00
TSK0029,API contract testing,Testing task for project PRJ037 — Moderate complexity.,Testing,PRJ037,Medium,Moderate,15.0,18.9,8,"JMeter,Selenium,Jest",Developer,Senior,,5.5,EMP040,2023-12-22,Completed,100.0,2023-12-25,2024-01-02,2024-01-13,True,11,6,,,,,True,8.2,False,0,8.1,10.0,Medium,High,53.6,False,True,4,Daily,2.5,2023-12-19 15:15:00,2024-08-14 16:15:00
TSK0030,Accessibility audit,Testing task for project PRJ009 — Moderate complexity.,Testing,PRJ009,Critical,Moderate,12.4,,5,JMeter,Developer,Junior,,5.0,EMP039,2023-11-03,In Progress,74.7,2023-11-07,2023-11-12,,True,871,3,,,,,False,,False,0,,,Medium,Low,95.0,False,False,1,As needed,0.0,2023-08-21 17:45:00,2024-03-05 14:00:00
TSK0031,Document review,Review task for project PRJ049 — Moderate complexity.,Review,PRJ049,Medium,Moderate,14.2,11.2,8,"Code Review,Java",Senior Engineer,Mid,,6.4,EMP043,2023-03-04,Completed,100.0,2023-03-20,2023-03-26,2023-03-21,False,-5,4,TSK0014,,,,True,6.9,False,0,8.8,7.6,Medium,Medium,28.8,False,False,1,Daily,0.0,2023-02-21 13:45:00,2024-02-07 18:45:00
TSK0032,Redesign settings page,Design task for project PRJ031 — Simple complexity.,Design,PRJ031,High,Simple,5.4,,2,"Adobe XD,Prototyping,HTML",Designer,Mid,,4.0,EMP013,2024-06-25,Not Started,0.0,2024-07-24,2024-07-26,,False,0,1,,,"TSK0023,TSK0031",,False,,False,0,,,Medium,Critical,95.0,False,True,3,As needed,1.0,2024-01-25 17:45:00,2024-12-29 18:15:00
TSK0033,E2E test automation,Testing task for project PRJ030 — Moderate complexity.,Testing,PRJ030,High,Moderate,15.4,20.5,5,"PyTest,Postman",Developer,Junior,,5.4,EMP021,2023-12-26,Completed,100.0,2024-03-11,2024-03-14,2024-03-25,True,11,1,"TSK0017,TSK0030",,"TSK0036,TSK0039",,True,8.3,False,0,6.5,7.4,Medium,Medium,72.6,False,True,2,Weekly,5.9,2024-02-29 14:30:00,2024-03-15 17:00:00
TSK0034,Evaluate third-party libraries,Research task for project PRJ078 — Moderate complexity.,Research,PRJ078,Medium,Moderate,20.8,,3,"Data Analysis,Statistics,R",Analyst,Mid,,5.9,EMP099,2023-02-12,Not Started,0.0,2023-03-08,2023-03-17,,False,0,6,,"TSK0039,TSK0037",,,False,,False,0,,,Medium,Medium,58.0,False,True,4,Weekly,3.2,2023-02-11 10:30:00,2024-07-13 12:30:00
TSK0035,Design onboarding flow,Design task for project PRJ019 — Complex complexity.,Design,PRJ019,Critical,Complex,66.2,,8,CSS,Designer,Mid,,8.7,EMP072,2024-04-18,In Review,88.3,2024-06-03,2024-06-18,,True,652,6,TSK0030,,,,False,,False,0,,,Low,High,57.2,False,False,1,As needed,0.0,2024-05-18 11:45:00,2024-06-15 17:30:00
TSK0036,Design onboarding flow,Design task for project PRJ060 — Simple complexity.,Design,PRJ060,Low,Simple,7.4,,2,Sketch,Designer,Junior,,2.9,,,Not Started,0.0,2023-12-07,2023-12-10,,False,0,2,,TSK0054,"TSK0041,TSK0038",,False,,False,0,,,High,High,12.7,False,True,3,Weekly,5.3,2023-11-04 15:45:00,2024-04-28 08:30:00
TSK0037,Architecture review,Review task for project PRJ031 — Simple complexity.,Review,PRJ031,Medium,Simple,7.0,,1,Java,Senior Engineer,Mid,,3.9,EMP083,2024-02-29,Not Started,0.0,2024-04-18,2024-04-24,,False,0,5,TSK0030,TSK0038,"TSK0038,TSK0034",,False,,False,0,,,Low,High,41.2,False,True,3,Daily,3.5,2024-04-18 11:30:00,2024-07-02 17:00:00
TSK0038,Write unit tests,Testing task for project PRJ070 — Simple complexity.,Testing,PRJ070,High,Simple,2.8,,1,Postman,Developer,Mid,,1.3,,,Not Started,0.0,2023-09-10,2023-09-13,,False,0,2,,TSK0043,,,False,,False,0,,,Medium,Critical,46.3,False,True,2,Daily,2.7,2023-08-31 17:00:00,2025-02-24 12:45:00
TSK0039,PR review,Review task for project PRJ052 — Simple complexity.,Review,PRJ052,High,Simple,4.0,,1,Python,Senior Engineer,Mid,,2.5,EMP019,2023-02-20,In Review,81.4,2023-06-05,2023-06-07,,True,1029,1,,,,,False,,False,0,,,High,High,66.0,False,True,5,Weekly,0.6,2023-05-02 09:15:00,2024-08-18 15:15:00
TSK0040,Architecture review,Review task for project PRJ052 — Complex complexity.,Review,PRJ052,Medium,Complex,47.3,45.5,8,"Code Review,React",Senior Engineer,Mid,,7.6,,,Completed,100.0,2023-05-03,2023-05-15,2023-05-11,False,-4,6,,TSK0052,,,False,7.0,False,0,7.3,8.3,Low,Medium,49.2,False,False,1,Daily,0.0,2023-03-19 18:45:00,2023-06-24 12:30:00
TSK0041,Evaluate third-party libraries,Research task for project PRJ020 — Simple complexity.,Research,PRJ020,High,Simple,5.6,5.4,1,"Literature Review,Statistics",Analyst,Junior,,3.5,EMP074,2024-02-15,Completed,100.0,2024-03-16,2024-03-24,2024-04-02,True,9,7,,,"TSK0039,TSK0031",,True,6.8,False,0,7.9,6.6,Medium,High,78.5,False,False,1,As needed,0.0,2024-01-31 17:45:00,2024-04-20 10:00:00
TSK0042,Evaluate third-party libraries,Research task for project PRJ049 — Simple complexity.,Research,PRJ049,Medium,Simple,3.9,4.9,2,Python,Analyst,Senior,,1.5,EMP011,2023-03-04,Completed,100.0,2023-04-09,2023-04-16,2023-04-19,True,3,6,,TSK0051,,,False,7.9,False,0,7.5,7.7,Low,Critical,64.2,False,True,4,Daily,2.6,2023-03-09 18:45:00,2024-09-29 18:30:00
TSK0043,Deploy to staging,DevOps task for project PRJ077 — Moderate complexity.,DevOps,PRJ077,Critical,Moderate,8.9,11.0,3,"GitHub Actions,Terraform",Developer,Senior,,4.9,EMP016,2023-02-12,Completed,100.0,2023-03-11,2023-03-20,2023-03-15,False,-5,7,"TSK0035,TSK0015",,,TSK0003,False,6.8,False,0,9.1,7.5,Low,Low,90.2,False,False,1,Daily,0.0,2023-02-22 17:45:00,2024-10-18 14:45:00
TSK0044,Configure monitoring,DevOps task for project PRJ003 — Simple complexity.,DevOps,PRJ003,Critical,Simple,7.8,10.5,1,Kubernetes,Developer,Senior,,3.4,,,Completed,100.0,2023-05-10,2023-05-18,2023-06-01,True,14,7,,,"TSK0043,TSK0045",,False,7.1,True,3,7.6,8.3,Low,Medium,67.7,True,True,4,As needed,2.1,2023-02-09 11:00:00,2023-10-06 12:15:00
TSK0045,E2E test automation,Testing task for project PRJ010 — Complex complexity.,Testing,PRJ010,High,Complex,33.9,34.4,13,"PyTest,Jest,JMeter",Developer,Senior,,7.9,EMP073,2024-01-29,Completed,100.0,2024-02-29,2024-03-12,2024-03-18,True,6,7,"TSK0041,TSK0020",,,TSK0030,False,10.0,False,0,7.5,6.3,Medium,Critical,66.1,True,True,2,As needed,3.9,2023-12-20 17:45:00,2024-10-22 17:00:00
TSK0046,Competitive analysis,Research task for project PRJ042 — Simple complexity.,Research,PRJ042,Medium,Simple,5.2,,3,"Statistics,Python,Data Analysis",Analyst,Senior,,1.5,EMP044,2024-01-12,In Progress,13.8,2024-01-25,2024-01-30,,True,792,4,"TSK0029,TSK0034",,"TSK0048,TSK0045",,False,,False,0,,,Medium,Low,34.8,False,False,1,As needed,0.0,2024-01-20 18:30:00,2024-02-27 13:00:00
TSK0047,Infrastructure as code,DevOps task for project PRJ037 — Complex complexity.,DevOps,PRJ037,Low,Complex,38.1,,8,Jenkins,Developer,Senior,,7.7,EMP084,2024-02-10,In Review,17.0,2024-03-05,2024-03-16,,True,746,6,,"TSK0058,TSK0052",,,False,,False,0,,,Low,Critical,12.9,False,True,5,Weekly,3.1,2023-12-14 13:30:00,2024-06-05 11:30:00
TSK0048,Research ML frameworks,Research task for project PRJ029 — Moderate complexity.,Research,PRJ029,Medium,Moderate,24.0,25.9,3,"R,Literature Review,Python",Analyst,Senior,,4.2,EMP068,2023-06-15,Completed,100.0,2023-06-21,2023-06-30,2023-07-15,True,15,5,,TSK0054,,,True,7.8,False,0,6.6,7.2,Medium,Critical,49.7,False,True,5,Weekly,1.4,2023-06-12 12:45:00,2024-01-05 13:45:00
TSK0049,Configure monitoring,DevOps task for project PRJ065 — Moderate complexity.,DevOps,PRJ065,Low,Moderate,16.4,,3,"Jenkins,Docker",Developer,Mid,,6.5,EMP007,2023-08-28,Not Started,0.0,2023-09-28,2023-10-03,,False,0,2,,,"TSK0041,TSK0044",,False,,False,0,,,Low,Low,42.1,True,True,3,Weekly,4.9,2023-07-15 08:45:00,2023-11-21 14:30:00
TSK0050,Create icon set,Design task for project PRJ048 — Complex complexity.,Design,PRJ048,Low,Complex,36.6,34.2,13,Sketch,Designer,Mid,,8.9,,,Completed,100.0,2023-12-09,2023-12-16,2023-12-29,True,13,6,,,,,False,7.4,False,0,8.0,8.4,Low,Critical,14.0,False,False,1,Daily,0.0,2023-11-22 10:45:00,2024-02-03 12:15:00
TSK0051,Build notification service,Development task for project PRJ031 — Very Complex complexity.,Development,PRJ031,Low,Very Complex,130.4,,21,"Go,Node.js,TypeScript",Developer,Senior,,8.1,EMP081,2024-03-16,Not Started,0.0,2024-05-21,2024-06-12,,False,0,5,"TSK0016,TSK0037",,,,True,,False,0,,,Low,High,23.4,True,True,2,Daily,2.3,2024-05-04 08:45:00,2024-11-28 12:00:00
TSK0052,Team sync,Meeting task for project PRJ031 — Moderate complexity.,Meeting,PRJ031,Critical,Moderate,19.7,,8,"Agile,Scrum",Manager,Mid,,4.3,EMP018,2024-01-26,Not Started,0.0,2024-06-11,2024-06-20,,False,0,6,"TSK0045,TSK0031",,,,True,,False,0,,,Medium,High,80.2,False,False,1,As needed,0.0,2024-01-16 11:00:00,2024-11-19 12:45:00
TSK0053,Architecture review,Review task for project PRJ033 — Very Complex complexity.,Review,PRJ033,High,Very Complex,84.4,,13,"Java,React",Senior Engineer,Junior,,8.6,EMP048,2024-02-28,In Progress,60.7,2024-03-10,2024-03-28,,True,734,7,,"TSK0065,TSK0070",,,True,,False,0,,,Low,Medium,95.0,False,True,3,Weekly,3.3,2024-02-25 09:00:00,2024-08-24 18:30:00
TSK0054,Setup alerting rules,DevOps task for project PRJ022 — Moderate complexity.,DevOps,PRJ022,Medium,Moderate,19.0,,5,Docker,Developer,Junior,,5.3,EMP036,2023-02-19,Not Started,0.0,2023-02-24,2023-03-04,,False,0,5,,,,,False,,False,0,,,High,Critical,32.9,True,True,5,Daily,0.2,2023-01-04 11:30:00,2024-02-29 14:00:00
TSK0055,Design review,Review task for project PRJ048 — Moderate complexity.,Review,PRJ048,High,Moderate,14.0,,3,Git,Senior Engineer,Senior,,5.7,EMP032,2023-11-27,In Progress,38.8,2023-12-04,2023-12-09,,True,844,3,,,,,False,,False,0,,,High,High,51.5,False,True,4,As needed,4.2,2023-12-01 11:00:00,2024-02-11 09:45:00
TSK0056,Document review,Review task for project PRJ012 — Complex complexity.,Review,PRJ012,Critical,Complex,69.4,74.9,13,"Git,Python,Java",Senior Engineer,Mid,,8.3,EMP021,2023-10-24,Completed,100.0,2023-10-24,2023-11-03,2023-11-10,True,7,1,TSK0051,"TSK0057,TSK0068",,,False,8.1,False,0,8.9,6.9,High,High,54.3,False,False,1,Daily,0.0,2023-08-24 14:45:00,2024-07-19 14:45:00
TSK0057,Perform integration testing,Testing task for project PRJ041 — Moderate complexity.,Testing,PRJ041,High,Moderate,18.3,24.1,5,JMeter,Developer,Junior,,5.4,EMP082,2023-05-15,Completed,100.0,2023-05-26,2023-06-01,2023-05-30,False,-2,3,,,,,False,9.1,True,3,7.5,7.6,Medium,Low,58.2,False,True,4,As needed,5.1,2023-05-08 11:30:00,2023-10-01 18:30:00
TSK0058,Perform integration testing,Testing task for project PRJ076 — Complex complexity.,Testing,PRJ076,Critical,Complex,76.7,,8,Selenium,Developer,Mid,,7.3,EMP073,2023-04-07,In Progress,81.7,2023-09-03,2023-09-13,,True,931,6,"TSK0042,TSK0014",,,,False,,False,0,,,Medium,Medium,89.3,False,False,1,As needed,0.0,2023-06-03 15:15:00,2024-10-22 12:45:00
TSK0059,Build search feature,Development task for project PRJ021 — Complex complexity.,Development,PRJ021,Low,Complex,48.6,,13,"TypeScript,Go",Developer,Senior,,7.9,EMP041,2023-06-13,In Review,17.2,2023-06-13,2023-06-25,,True,1011,5,,,"TSK0056,TSK0064",,True,,False,0,,,Medium,High,37.7,True,False,1,As needed,0.0,2023-06-10 17:45:00,2024-02-22 10:30:00
TSK0060,Stakeholder review,Meeting task for project PRJ025 — Moderate complexity.,Meeting,PRJ025,Critical,Moderate,20.2,21.2,5,"Scrum,Communication",Manager,Junior,,7.0,,,Completed,100.0,2024-01-13,2024-01-20,2024-01-22,True,2,4,"TSK0004,TSK0019",,,,False,7.6,False,0,8.3,9.3,Low,Low,65.5,False,True,4,As needed,4.4,2023-12-18 13:00:00,2024-08-05 08:15:00
TSK0061,Write release notes,Documentation task for project PRJ010 — Complex complexity.,Documentation,PRJ010,Medium,Complex,45.6,,13,Git,Developer,Mid,,8.5,EMP016,2023-12-27,In Progress,89.1,2024-01-23,2024-02-05,,True,786,7,,,,TSK0039,False,,False,0,,,High,Medium,55.3,False,True,2,As needed,0.2,2024-01-23 13:45:00,2024-10-14 15:15:00
TSK0062,Conduct load testing,Testing task for project PRJ042 — Complex complexity.,Testing,PRJ042,High,Complex,76.2,,13,"JMeter,Cypress,Postman",Developer,Mid,,7.3,EMP065,2024-05-19,In Progress,76.6,2024-06-15,2024-07-01,,True,639,6,TSK0024,,"TSK0066,TSK0061",,False,,False,0,,,Medium,Critical,39.4,False,False,1,As needed,0.0,2024-04-30 12:15:00,2024-07-11 17:45:00
TSK0063,Database backup automation,DevOps task for project PRJ019 — Moderate complexity.,DevOps,PRJ019,Medium,Moderate,21.1,15.0,3,"Kubernetes,Terraform,Jenkins",Developer,Junior,,4.1,EMP020,2024-04-24,Completed,100.0,2024-05-31,2024-06-04,2024-06-06,True,2,1,,,,TSK0009,False,7.4,False,0,7.9,6.3,High,Medium,37.3,False,True,5,As needed,3.2,2024-04-02 10:45:00,2025-02-27 13:30:00
TSK0064,Update README,Documentation task for project PRJ079 — Simple complexity.,Documentation,PRJ079,High,Simple,4.4,,1,"Confluence,Markdown,Git",Developer,Junior,,1.8,EMP039,2023-12-04,Not Started,0.0,2024-02-21,2024-02-24,,False,0,2,,,,,False,,False,0,,,Low,Medium,49.1,True,True,5,Daily,5.4,2023-12-22 13:15:00,2024-07-18 08:30:00
TSK0065,Incident post-mortem,Meeting task for project PRJ057 — Simple complexity.,Meeting,PRJ057,Medium,Simple,5.6,,3,Communication,Manager,Mid,,2.4,EMP090,2023-09-24,In Progress,50.8,2023-12-02,2023-12-10,,True,843,7,,,"TSK0072,TSK0062",TSK0053,False,,False,0,,,Medium,High,36.7,False,True,3,Daily,0.0,2023-10-20 10:45:00,2024-10-31 15:45:00
TSK0066,Update onboarding guide,Documentation task for project PRJ042 — Complex complexity.,Documentation,PRJ042,Low,Complex,40.0,34.5,8,"Confluence,Technical Writing",Developer,Junior,,8.8,EMP005,2024-01-15,Completed,100.0,2024-02-01,2024-02-13,2024-02-19,True,6,6,,,,,False,6.1,False,0,7.4,7.2,Low,Medium,29.2,False,False,1,As needed,0.0,2024-01-06 13:30:00,2024-09-20 18:45:00
TSK0067,Document review,Review task for project PRJ035 — Moderate complexity.,Review,PRJ035,Medium,Moderate,11.1,9.8,3,"Python,React,Java",Senior Engineer,Mid,,5.0,,,Completed,100.0,2024-03-19,2024-03-25,2024-04-08,True,14,4,,"TSK0081,TSK0084",,TSK0018,False,8.4,False,0,9.5,7.2,Medium,High,53.6,False,False,1,As needed,0.0,2023-12-11 11:45:00,2024-08-02 13:30:00
TSK0068,Create data pipeline,Development task for project PRJ034 — Moderate complexity.,Development,PRJ034,Low,Moderate,18.5,,8,"Node.js,Java,Docker",Developer,Junior,,4.7,EMP065,2023-07-10,In Review,31.1,2023-07-11,2023-07-18,,True,988,4,,,,,False,,False,0,,,Low,Medium,24.7,False,False,1,Weekly,0.0,2023-07-06 15:15:00,2024-03-20 18:00:00
TSK0069,Architecture discussion,Meeting task for project PRJ010 — Moderate complexity.,Meeting,PRJ010,Low,Moderate,22.7,,3,"Scrum,Communication,Agile",Manager,Mid,,4.2,EMP022,2024-01-29,In Progress,22.2,2024-02-27,2024-03-06,,True,756,5,,,,TSK0017,False,,False,0,,,Medium,Medium,45.3,False,True,2,Daily,3.4,2024-01-17 08:45:00,2024-07-06 08:15:00
TSK0070,Develop payment gateway,Development task for project PRJ055 — Moderate complexity.,Development,PRJ055,Low,Moderate,13.5,,3,Go,Developer,Mid,,5.6,EMP037,2023-02-01,In Review,88.8,2023-02-03,2023-02-06,,True,1150,1,,,,,False,,False,0,,,Medium,Low,33.2,False,True,5,As needed,2.3,2023-01-30 18:15:00,2024-12-03 13:00:00
TSK0071,Configure monitoring,DevOps task for project PRJ068 — Moderate complexity.,DevOps,PRJ068,Medium,Moderate,10.0,10.2,3,"Linux,Kubernetes",Developer,Mid,,6.5,EMP055,2023-10-07,Completed,100.0,2023-11-04,2023-11-07,2023-11-13,True,6,1,"TSK0020,TSK0036",TSK0073,,,False,5.8,False,0,8.2,6.7,Low,Medium,37.7,True,False,1,As needed,0.0,2023-08-02 17:00:00,2024-06-19 17:00:00
TSK0072,Implement caching layer,Development task for project PRJ052 — Very Complex complexity.,Development,PRJ052,Medium,Very Complex,132.7,,13,"Docker,SQL",Developer,Mid,,9.5,EMP094,2023-02-21,In Review,47.8,2023-02-26,2023-03-17,,True,1111,2,TSK0067,,,,True,,False,0,,,Low,Medium,49.1,False,True,5,Daily,3.3,2023-02-03 13:45:00,2024-08-16 13:45:00
TSK0073,Create runbook,Documentation task for project PRJ049 — Very Complex complexity.,Documentation,PRJ049,Critical,Very Complex,102.1,129.1,21,"Confluence,Git",Developer,Junior,,8.5,EMP072,2023-03-14,Completed,100.0,2023-03-29,2023-04-14,2023-04-07,False,-7,3,TSK0043,,,TSK0025,False,7.4,True,2,8.1,6.2,Medium,Medium,81.5,False,True,2,Daily,1.1,2023-03-28 18:15:00,2024-07-31 11:30:00
TSK0074,Benchmark database options,Research task for project PRJ025 — Simple complexity.,Research,PRJ025,High,Simple,7.7,7.5,1,"Excel,Statistics",Analyst,Mid,,3.2,EMP042,2023-12-24,Completed,100.0,2024-01-16,2024-01-19,2024-01-22,True,3,2,,,,,False,8.4,True,3,5.5,7.6,Low,High,68.9,False,True,3,As needed,2.2,2023-12-20 08:15:00,2025-01-29 10:00:00
TSK0075,Infrastructure as code,DevOps task for project PRJ038 — Moderate complexity.,DevOps,PRJ038,Medium,Moderate,10.4,10.9,5,"Linux,Terraform",Developer,Junior,,4.7,EMP088,2024-03-24,Completed,100.0,2024-07-21,2024-07-30,2024-07-28,False,-2,7,,,,,True,6.4,True,3,6.5,7.0,Low,High,60.1,False,False,1,As needed,0.0,2024-06-27 18:00:00,2024-12-02 08:00:00
TSK0076,Build notification service,Development task for project PRJ001 — Complex complexity.,Development,PRJ001,High,Complex,47.1,,8,"Docker,C++,REST APIs",Developer,Mid,,7.1,EMP008,2023-10-18,In Review,23.6,2023-10-18,2023-10-25,,True,889,1,"TSK0002,TSK0003",,,TSK0056,False,,False,0,,,Low,Critical,56.3,False,True,2,Weekly,5.5,2023-10-05 10:15:00,2024-01-24 17:30:00
TSK0077,Deploy to staging,DevOps task for project PRJ011 — Very Complex complexity.,DevOps,PRJ011,High,Very Complex,124.8,113.6,21,Terraform,Developer,Mid,,8.9,EMP011,2023-02-21,Completed,100.0,2023-03-22,2023-04-13,2023-04-05,False,-8,6,,,"TSK0067,TSK0072",,True,7.6,False,0,7.3,9.0,Low,High,68.8,False,True,2,Daily,5.4,2023-02-11 11:15:00,2025-02-27 17:45:00
TSK0078,Design onboarding flow,Design task for project PRJ036 — Simple complexity.,Design,PRJ036,Medium,Simple,7.3,,3,"CSS,Figma,UI/UX",Designer,Senior,,3.0,EMP076,2023-07-16,In Progress,31.7,2023-07-25,2023-08-02,,True,973,7,TSK0073,,,,False,,False,0,,,Low,Critical,49.3,False,False,1,Daily,0.0,2023-07-06 16:30:00,2023-09-17 09:45:00
TSK0079,Sprint planning,Meeting task for project PRJ078 — Complex complexity.,Meeting,PRJ078,Medium,Complex,67.1,,13,Agile,Manager,Mid,,8.9,EMP058,2023-03-07,Not Started,0.0,2023-03-17,2023-03-27,,False,0,1,,,"TSK0088,TSK0082",,True,,False,0,,,Medium,Medium,76.1,False,True,2,Daily,1.6,2023-02-18 18:15:00,2024-04-18 13:30:00
TSK0080,Develop payment gateway,Development task for project PRJ040 — Moderate complexity.,Development,PRJ040,High,Moderate,15.1,,5,Python,Developer,Senior,,4.3,EMP066,2024-02-22,In Progress,41.6,2024-03-02,2024-03-06,,True,756,2,TSK0077,,,,False,,False,0,,,High,High,77.4,False,False,1,Weekly,0.0,2024-02-14 17:15:00,2025-02-15 14:15:00
TSK0081,Document architecture,Documentation task for project PRJ035 — Very Complex complexity.,Documentation,PRJ035,Low,Very Complex,139.2,144.6,13,"Confluence,Markdown",Developer,Mid,,8.3,,,Completed,100.0,2023-11-23,2023-12-15,2023-12-12,False,-3,4,,,"TSK0074,TSK0075",,False,4.8,False,0,7.9,7.0,High,High,29.5,False,True,4,Weekly,2.6,2023-10-29 18:15:00,2024-04-24 13:15:00
TSK0082,API contract testing,Testing task for project PRJ051 — Moderate complexity.,Testing,PRJ051,Medium,Moderate,23.5,,5,"PyTest,Selenium",Developer,Mid,,6.2,EMP036,2023-07-30,In Progress,71.5,2023-08-09,2023-08-17,,True,958,5,,TSK0100,"TSK0087,TSK0078",,False,,False,0,,,Low,High,79.1,False,True,5,Weekly,4.0,2023-06-15 18:30:00,2024-04-12 12:15:00
TSK0083,Design onboarding flow,Design task for project PRJ058 — Very Complex complexity.,Design,PRJ058,High,Very Complex,198.9,,21,"Adobe XD,Figma",Designer,Senior,,9.2,EMP054,2023-10-12,In Progress,83.5,2023-12-15,2023-12-26,,True,827,5,,,,TSK0052,False,,False,0,,,Medium,Low,61.0,False,False,1,Weekly,0.0,2023-11-22 09:00:00,2024-02-03 12:15:00
TSK0084,Architecture discussion,Meeting task for project PRJ051 — Complex complexity.,Meeting,PRJ051,Medium,Complex,49.9,45.2,8,"Facilitation,Scrum,Agile",Manager,Mid,,7.7,EMP011,2023-06-08,Completed,100.0,2023-06-11,2023-06-22,2023-06-14,False,-8,4,,,,TSK0058,False,6.3,False,0,8.0,9.9,Low,Critical,33.4,False,True,2,Daily,0.1,2023-06-03 18:00:00,2023-11-26 11:15:00
TSK0085,Architecture discussion,Meeting task for project PRJ072 — Moderate complexity.,Meeting,PRJ072,High,Moderate,14.8,,5,Facilitation,Manager,Senior,,4.7,EMP056,2023-01-26,In Review,20.7,2023-02-21,2023-03-01,,True,1127,6,,,"TSK0081,TSK0094",,False,,False,0,,,Low,High,46.3,False,True,3,As needed,2.2,2023-01-03 15:00:00,2023-11-16 18:45:00
TSK0086,Architecture discussion,Meeting task for project PRJ077 — Complex complexity.,Meeting,PRJ077,High,Complex,45.8,,13,"Agile,Scrum,Communication",Manager,Senior,,8.2,EMP080,2023-02-23,Not Started,0.0,2023-03-28,2023-04-06,,False,0,3,,,"TSK0079,TSK0081",TSK0050,False,,False,0,,,Medium,Critical,66.6,False,False,1,Daily,0.0,2023-02-26 14:15:00,2024-08-07 18:15:00
TSK0087,Document review,Review task for project PRJ037 — Simple complexity.,Review,PRJ037,High,Simple,2.0,2.7,2,"React,Java,Git",Senior Engineer,Mid,,3.5,EMP025,2024-02-09,Completed,100.0,2024-03-10,2024-03-12,2024-03-21,True,9,1,,,,TSK0004,False,8.4,False,0,9.4,6.8,High,High,50.2,False,False,1,As needed,0.0,2024-01-09 16:30:00,2024-06-04 15:45:00
TSK0088,Design onboarding flow,Design task for project PRJ074 — Very Complex complexity.,Design,PRJ074,Low,Very Complex,93.7,112.7,21,"Prototyping,UI/UX,Figma",Designer,Mid,,9.1,EMP055,2024-06-03,Completed,100.0,2024-11-17,2024-11-28,2024-12-11,True,13,1,,,,,False,7.3,False,0,5.5,9.5,High,Low,17.6,False,True,4,Daily,5.2,2024-10-01 18:45:00,2024-12-08 17:15:00
TSK0089,Implement caching layer,Development task for project PRJ073 — Moderate complexity.,Development,PRJ073,Medium,Moderate,13.6,12.3,5,Go,Developer,Senior,,5.8,EMP066,2024-06-03,Completed,100.0,2024-06-03,2024-06-08,2024-06-12,True,4,3,,,,,False,7.0,True,1,6.0,5.8,Low,Medium,40.0,False,True,3,Weekly,4.6,2024-05-28 15:15:00,2024-10-18 18:45:00
TSK0090,Design landing page,Design task for project PRJ012 — Simple complexity.,Design,PRJ012,Low,Simple,3.8,5.2,3,"Adobe XD,Illustrator,Prototyping",Designer,Mid,,1.8,EMP001,2023-11-14,Completed,100.0,2023-11-15,2023-11-19,2023-11-29,True,10,3,,,,,False,9.5,False,0,7.2,8.4,Low,High,47.7,False,True,4,Daily,5.0,2023-08-28 16:15:00,2024-08-30 15:30:00
TSK0091,Design landing page,Design task for project PRJ059 — Very Complex complexity.,Design,PRJ059,Medium,Very Complex,82.0,114.6,13,"UI/UX,CSS",Designer,Mid,,8.9,EMP084,2024-02-27,Completed,100.0,2024-02-27,2024-03-13,2024-03-04,False,-9,4,,,,,False,8.9,False,0,10.0,7.6,Low,Critical,45.2,True,False,1,Daily,0.0,2024-02-21 11:45:00,2025-01-27 09:00:00
TSK0092,Document review,Review task for project PRJ010 — Simple complexity.,Review,PRJ010,Medium,Simple,1.9,,1,"Code Review,Java",Senior Engineer,Mid,,2.6,,,Not Started,0.0,2024-02-13,2024-02-15,,False,0,1,,,"TSK0084,TSK0085",,True,,False,0,,,Medium,Low,44.6,False,False,1,As needed,0.0,2023-12-26 18:15:00,2024-03-19 16:00:00
TSK0093,Run regression suite,Testing task for project PRJ057 — Moderate complexity.,Testing,PRJ057,High,Moderate,13.6,,3,Jest,Developer,Mid,,5.9,EMP028,2023-09-01,In Review,57.4,2023-11-06,2023-11-12,,True,871,4,,,,,False,,False,0,,,Low,Medium,83.7,True,False,1,As needed,0.0,2023-08-21 11:30:00,2024-12-08 08:30:00
TSK0094,Benchmark database options,Research task for project PRJ051 — Very Complex complexity.,Research,PRJ051,Critical,Very Complex,115.5,,13,Literature Review,Analyst,Junior,,9.6,EMP082,2023-06-27,In Progress,37.8,2023-07-08,2023-07-27,,True,979,4,,"TSK0105,TSK0099",,,False,,False,0,,,Medium,Medium,48.9,False,False,1,Daily,0.0,2023-06-28 09:00:00,2025-02-28 09:00:00
TSK0095,Build REST API endpoint,Development task for project PRJ008 — Simple complexity.,Development,PRJ008,Low,Simple,7.6,,2,REST APIs,Developer,Mid,,2.5,EMP090,2023-08-27,In Progress,47.6,2023-09-25,2023-10-02,,True,912,6,,TSK0105,"TSK0091,TSK0089",,False,,False,0,,,Low,Low,30.8,False,True,2,Weekly,1.9,2023-08-21 11:00:00,2024-06-01 09:45:00
TSK0096,Implement user authentication,Development task for project PRJ040 — Simple complexity.,Development,PRJ040,High,Simple,5.7,6.8,3,"REST APIs,Docker",Developer,Junior,,3.2,,,Completed,100.0,2024-03-10,2024-03-12,2024-03-14,True,2,1,,,"TSK0090,TSK0094",TSK0004,False,6.1,False,0,7.2,7.0,High,Medium,75.7,False,True,4,Weekly,4.3,2024-03-06 18:00:00,2024-11-19 15:30:00
TSK0097,Write unit tests,Testing task for project PRJ048 — Moderate complexity.,Testing,PRJ048,High,Moderate,10.5,,3,Jest,Developer,Senior,,6.7,EMP001,2023-11-26,In Progress,14.8,2023-12-06,2023-12-14,,True,839,6,"TSK0050,TSK0020",TSK0115,,,False,,False,0,,,Low,Low,71.7,False,False,1,Daily,0.0,2023-11-26 12:00:00,2024-09-23 13:00:00
TSK0098,Evaluate third-party libraries,Research task for project PRJ067 — Simple complexity.,Research,PRJ067,Medium,Simple,7.9,,2,Literature Review,Analyst,Mid,,1.2,EMP040,2024-01-12,Not Started,0.0,2024-03-30,2024-04-07,,False,0,7,,,,,False,,False,0,,,High,Medium,58.9,False,False,1,Daily,0.0,2024-03-27 11:15:00,2024-06-15 08:45:00
TSK0099,Sprint planning,Meeting task for project PRJ002 — Moderate complexity.,Meeting,PRJ002,Medium,Moderate,23.2,28.0,3,"Facilitation,Scrum,Agile",Manager,Junior,,6.3,,,Completed,100.0,2023-09-30,2023-10-10,2023-10-23,True,13,7,,,"TSK0097,TSK0091",,True,7.3,False,0,6.0,9.8,Low,Critical,13.8,False,True,5,As needed,5.8,2023-04-02 17:00:00,2025-02-28 10:45:00
TSK0100,Build search feature,Development task for project PRJ056 — Simple complexity.,Development,PRJ056,High,Simple,5.6,7.6,1,"C++,Node.js",Developer,Mid,,1.7,EMP095,2024-05-03,Completed,100.0,2024-05-16,2024-05-24,2024-05-26,True,2,7,TSK0018,,,,True,9.5,False,0,7.6,7.7,Low,High,59.5,False,True,3,Daily,2.7,2024-05-02 12:00:00,2024-07-01 10:30:00
TSK0101,Technology feasibility study,Research task for project PRJ042 — Moderate complexity.,Research,PRJ042,High,Moderate,10.4,,8,Excel,Analyst,Senior,,4.7,EMP034,2024-02-01,In Progress,48.6,2024-04-10,2024-04-16,,True,715,4,,,,TSK0018,True,,False,0,,,High,High,64.1,True,False,1,As needed,0.0,2024-04-08 11:15:00,2024-07-20 14:30:00
TSK0102,Design onboarding flow,Design task for project PRJ075 — Moderate complexity.,Design,PRJ075,Medium,Moderate,17.4,,3,Illustrator,Designer,Senior,,4.1,EMP057,2023-02-23,Not Started,0.0,2023-02-26,2023-03-03,,False,0,2,"TSK0007,TSK0022",,,,False,,False,0,,,Low,High,47.9,False,True,4,As needed,1.3,2023-02-14 12:30:00,2024-05-27 10:00:00
TSK0103,Create user manual,Documentation task for project PRJ064 — Complex complexity.,Documentation,PRJ064,High,Complex,47.1,46.8,13,"Technical Writing,Confluence,Markdown",Developer,Junior,,7.1,EMP068,2024-05-30,Completed,100.0,2024-06-09,2024-06-19,2024-06-13,False,-6,4,,,,,False,6.3,False,0,7.8,8.8,Low,Critical,90.0,True,True,2,As needed,5.4,2024-06-06 12:00:00,2025-02-05 16:30:00
TSK0104,Evaluate third-party libraries,Research task for project PRJ021 — Moderate complexity.,Research,PRJ021,Medium,Moderate,9.6,,8,"Excel,R,Python",Analyst,Junior,,4.7,EMP098,2023-06-11,In Review,72.3,2023-06-16,2023-06-25,,True,1011,7,"TSK0095,TSK0090",,,,False,,False,0,,,Low,High,60.2,False,False,1,Daily,0.0,2023-06-04 15:30:00,2023-12-12 15:00:00
TSK0105,Technology feasibility study,Research task for project PRJ078 — Complex complexity.,Research,PRJ078,Low,Complex,36.3,,13,"Python,R,Data Analysis",Analyst,Mid,,7.0,,,Not Started,0.0,2023-03-01,2023-03-13,,False,0,7,TSK0100,"TSK0108,TSK0117",,,False,,False,0,,,Medium,Medium,6.2,False,False,1,As needed,0.0,2023-02-04 14:45:00,2024-12-24 13:15:00
TSK0106,Retrospective,Meeting task for project PRJ029 — Moderate complexity.,Meeting,PRJ029,High,Moderate,18.6,15.3,3,"Scrum,Agile,Communication",Manager,Senior,,5.1,,,Completed,100.0,2023-07-29,2023-08-04,2023-08-02,False,-2,3,"TSK0104,TSK0079",,,TSK0096,False,5.9,True,2,6.5,8.4,Medium,High,56.4,False,False,1,Daily,0.0,2023-06-10 18:30:00,2024-10-28 08:30:00
TSK0107,Design email templates,Design task for project PRJ045 — Complex complexity.,Design,PRJ045,Medium,Complex,38.4,,8,"CSS,UI/UX",Designer,Junior,,8.4,EMP022,2023-02-16,In Progress,42.2,2023-02-19,2023-02-28,,True,1128,4,,"TSK0126,TSK0115","TSK0099,TSK0098",,False,,False,0,,,Medium,Medium,46.8,False,False,1,As needed,0.0,2023-02-08 14:15:00,2023-05-06 16:00:00
TSK0108,PR review,Review task for project PRJ004 — Moderate complexity.,Review,PRJ004,High,Moderate,14.9,11.5,8,"React,Python,Java",Senior Engineer,Senior,,4.5,EMP025,2023-11-13,Completed,100.0,2023-11-20,2023-11-24,2023-11-21,False,-3,2,TSK0013,"TSK0113,TSK0110",,,False,8.3,False,0,8.7,8.3,Low,Low,41.4,False,False,1,Daily,0.0,2023-10-28 11:15:00,2024-10-11 12:00:00
TSK0109,Create user manual,Documentation task for project PRJ051 — Simple complexity.,Documentation,PRJ051,Critical,Simple,4.3,,3,"Technical Writing,Confluence",Developer,Mid,,1.8,EMP048,2023-07-01,Blocked,20.7,2023-08-16,2023-08-21,,True,954,4,,,,,False,,False,0,,,High,High,82.7,False,False,1,Weekly,0.0,2023-07-12 16:45:00,2024-04-04 16:00:00
TSK0110,Optimize Docker images,DevOps task for project PRJ069 — Complex complexity.,DevOps,PRJ069,High,Complex,62.5,47.2,13,"Jenkins,Linux,GitHub Actions",Developer,Senior,,8.1,EMP092,2024-04-26,Completed,100.0,2024-06-23,2024-07-05,2024-07-02,False,-3,4,,,"TSK0115,TSK0105",,False,5.9,True,1,7.4,5.3,Low,High,71.4,True,True,5,As needed,1.2,2024-05-02 17:30:00,2024-09-12 09:00:00
TSK0111,Optimize Docker images,DevOps task for project PRJ071 — Simple complexity.,DevOps,PRJ071,Critical,Simple,3.3,3.7,2,"Kubernetes,Linux",Developer,Junior,,2.6,EMP054,2023-03-04,Completed,100.0,2023-03-05,2023-03-13,2023-03-27,True,14,7,,,,TSK0100,True,7.7,True,2,7.5,8.4,Low,High,80.4,False,True,5,Daily,1.6,2023-03-04 15:45:00,2023-04-12 10:30:00
TSK0112,Configure monitoring,DevOps task for project PRJ005 — Complex complexity.,DevOps,PRJ005,Low,Complex,46.2,,13,"Linux,AWS",Developer,Junior,,8.4,EMP048,2023-07-23,In Progress,45.4,2023-07-29,2023-08-10,,True,965,6,,,,,False,,False,0,,,Low,High,20.4,False,False,1,Weekly,0.0,2023-07-27 13:30:00,2024-09-27 17:00:00
TSK0113,Technology feasibility study,Research task for project PRJ053 — Complex complexity.,Research,PRJ053,Medium,Complex,65.5,,13,"Statistics,Literature Review",Analyst,Mid,,8.6,,,Not Started,0.0,2023-06-15,2023-07-01,,False,0,7,,,,,False,,False,0,,,Low,High,66.7,False,False,1,Daily,0.0,2023-05-07 11:00:00,2024-09-24 08:30:00
TSK0114,Write release notes,Documentation task for project PRJ048 — Complex complexity.,Documentation,PRJ048,Critical,Complex,70.1,,13,Git,Developer,Junior,,8.3,EMP077,2023-11-27,In Progress,7.6,2023-11-27,2023-12-12,,True,841,6,,,"TSK0112,TSK0106",,False,,False,0,,,High,Low,82.9,True,True,3,Daily,5.1,2023-11-26 11:15:00,2024-04-12 18:45:00
TSK0115,Develop admin dashboard,Development task for project PRJ061 — Moderate complexity.,Development,PRJ061,Critical,Moderate,22.6,25.4,8,"Node.js,TypeScript,REST APIs",Developer,Senior,,4.5,EMP092,2024-01-09,Completed,100.0,2024-01-09,2024-01-14,2024-01-17,True,3,2,,,"TSK0114,TSK0122",,False,6.9,True,3,9.2,10.0,High,Critical,74.6,False,True,4,Daily,3.4,2024-01-06 17:30:00,2024-06-09 18:00:00
TSK0116,Team sync,Meeting task for project PRJ036 — Moderate complexity.,Meeting,PRJ036,High,Moderate,18.2,,5,"Agile,Scrum",Manager,Mid,,4.8,EMP008,2023-08-02,In Progress,17.7,2023-08-02,2023-08-07,,True,968,2,TSK0084,,,,False,,False,0,,,Low,Medium,58.7,False,True,3,Daily,2.1,2023-07-26 11:45:00,2024-08-03 16:30:00
TSK0117,Security vulnerability scan,Testing task for project PRJ038 — Moderate complexity.,Testing,PRJ038,Medium,Moderate,9.6,,3,PyTest,Developer,Junior,,6.2,EMP043,2023-11-18,In Progress,82.6,2024-07-16,2024-07-25,,True,615,7,"TSK0054,TSK0101",,,,False,,False,0,,,High,Medium,40.8,True,False,1,Weekly,0.0,2023-10-30 15:15:00,2024-11-21 09:45:00
TSK0118,Implement caching layer,Development task for project PRJ020 — Complex complexity.,Development,PRJ020,Medium,Complex,31.7,,8,"SQL,Go",Developer,Senior,,7.7,EMP024,2024-02-11,In Progress,17.2,2024-04-13,2024-04-21,,True,710,4,,"TSK0127,TSK0125",,,True,,False,0,,,High,Medium,59.8,False,True,2,Daily,0.8,2024-03-17 18:45:00,2024-11-05 14:45:00
TSK0119,Develop payment gateway,Development task for project PRJ069 — Simple complexity.,Development,PRJ069,High,Simple,2.4,,2,React,Developer,Junior,,3.9,EMP003,2024-10-14,Blocked,69.3,2024-12-08,2024-12-12,,True,475,3,"TSK0040,TSK0017","TSK0125,TSK0122",,,False,,False,0,,,High,High,61.8,False,True,4,Weekly,2.6,2024-10-06 10:30:00,2025-02-08 13:15:00
TSK0120,Implement user authentication,Development task for project PRJ030 — Moderate complexity.,Development,PRJ030,High,Moderate,11.6,,3,"Python,TypeScript,Node.js",Developer,Junior,,4.6,,,In Progress,47.9,2023-12-19,2023-12-26,,True,827,5,,,,TSK0108,True,,False,0,,,Medium,Medium,55.7,True,True,5,Weekly,2.7,2023-12-08 16:30:00,2024-08-17 10:15:00
TSK0121,Configure monitoring,DevOps task for project PRJ013 — Very Complex complexity.,DevOps,PRJ013,Low,Very Complex,159.5,,21,AWS,Developer,Senior,,9.2,EMP066,2024-06-10,In Review,40.6,2024-07-01,2024-07-23,,True,617,2,TSK0064,TSK0130,,,False,,False,0,,,High,Medium,11.7,False,False,1,Daily,0.0,2024-05-13 15:15:00,2024-12-24 15:30:00
TSK0122,Build notification service,Development task for project PRJ012 — Complex complexity.,Development,PRJ012,Medium,Complex,74.8,56.3,13,C++,Developer,Junior,,7.3,EMP033,2023-08-05,Completed,100.0,2023-08-06,2023-08-23,2023-09-07,True,15,7,,,,,True,6.8,True,2,8.3,7.8,Medium,High,22.3,False,True,5,Weekly,4.4,2023-07-19 08:00:00,2023-12-25 18:15:00
TSK0123,PR review,Review task for project PRJ080 — Very Complex complexity.,Review,PRJ080,Low,Very Complex,112.2,,13,"Java,React",Senior Engineer,Junior,,8.7,EMP059,2024-06-20,In Progress,14.7,2024-08-12,2024-08-29,,True,580,2,,,"TSK0114,TSK0118",,True,,False,0,,,Medium,High,24.3,False,True,5,Daily,1.1,2024-06-24 13:00:00,2025-02-03 10:45:00
TSK0124,Infrastructure as code,DevOps task for project PRJ057 — Moderate complexity.,DevOps,PRJ057,Low,Moderate,8.7,,5,"Jenkins,Kubernetes,AWS",Developer,Junior,,6.0,EMP096,2023-08-25,In Progress,78.8,2023-08-27,2023-09-04,,True,940,6,,,,,False,,False,0,,,Medium,Medium,25.0,False,True,5,Daily,0.9,2023-08-12 08:15:00,2025-01-25 15:45:00
TSK0125,Design email templates,Design task for project PRJ063 — Moderate complexity.,Design,PRJ063,Low,Moderate,13.1,14.2,5,"HTML,CSS",Designer,Junior,,6.9,EMP031,2023-03-11,Completed,100.0,2023-03-17,2023-03-24,2023-03-24,False,0,5,,"TSK0140,TSK0136","TSK0131,TSK0115",,True,7.5,False,0,8.9,10.0,High,Medium,12.0,True,False,1,Weekly,0.0,2023-03-10 16:15:00,2025-01-15 18:45:00
TSK0126,Build search feature,Development task for project PRJ029 — Complex complexity.,Development,PRJ029,High,Complex,71.3,,13,Java,Developer,Senior,,8.1,EMP092,2023-07-13,In Progress,45.2,2023-07-24,2023-08-05,,True,970,5,,,,,False,,False,0,,,High,Critical,73.9,False,True,2,Daily,0.3,2023-06-15 15:15:00,2024-09-15 09:30:00
TSK0127,Competitive analysis,Research task for project PRJ016 — Complex complexity.,Research,PRJ016,High,Complex,76.1,59.0,13,"Data Analysis,Excel,Literature Review",Analyst,Mid,,7.4,EMP082,2024-02-02,Completed,100.0,2024-02-13,2024-02-29,2024-03-05,True,5,6,,,"TSK0133,TSK0117",TSK0120,False,8.8,False,0,9.2,8.3,Low,High,62.5,False,True,3,Weekly,4.2,2023-11-20 10:00:00,2024-08-29 18:30:00
TSK0128,Setup alerting rules,DevOps task for project PRJ078 — Complex complexity.,DevOps,PRJ078,Medium,Complex,75.3,,8,"Jenkins,GitHub Actions",Developer,Mid,,7.5,,,In Progress,43.5,2023-03-19,2023-04-01,,True,1096,3,,,,,False,,False,0,,,Low,Medium,47.2,False,True,3,As needed,1.2,2023-03-05 12:30:00,2025-02-04 10:15:00
TSK0129,Stakeholder review,Meeting task for project PRJ015 — Very Complex complexity.,Meeting,PRJ015,High,Very Complex,171.3,154.2,21,Communication,Manager,Junior,,9.2,EMP002,2023-10-30,Completed,100.0,2024-01-18,2024-02-15,2024-02-21,True,6,6,,TSK0136,,,False,8.3,False,0,10.0,7.1,Medium,High,68.3,True,False,1,Weekly,0.0,2023-12-26 12:15:00,2025-02-06 16:00:00
TSK0130,Redesign settings page,Design task for project PRJ079 — Moderate complexity.,Design,PRJ079,Critical,Moderate,21.9,23.9,8,"Figma,Prototyping,CSS",Designer,Senior,,5.7,EMP090,2023-10-28,Completed,100.0,2024-01-14,2024-01-23,2024-02-03,True,11,6,,,,TSK0065,False,7.0,True,2,7.7,8.9,Low,High,64.6,False,True,4,Daily,4.5,2023-11-20 17:15:00,2025-02-14 11:30:00
TSK0131,Create wireframes,Design task for project PRJ024 — Complex complexity.,Design,PRJ024,Medium,Complex,77.9,,8,"Sketch,Figma,UI/UX",Designer,Senior,,7.8,EMP017,2023-11-15,Not Started,0.0,2023-12-29,2024-01-11,,False,0,3,,,"TSK0132,TSK0122",,False,,False,0,,,Medium,Low,36.6,False,False,1,As needed,0.0,2023-12-10 09:30:00,2024-09-23 11:15:00
TSK0132,E2E test automation,Testing task for project PRJ054 — Moderate complexity.,Testing,PRJ054,Low,Moderate,16.7,15.6,5,"TestRail,Cypress,Selenium",Developer,Senior,,4.3,EMP097,2024-03-30,Completed,100.0,2024-03-30,2024-04-04,2024-04-09,True,5,2,"TSK0115,TSK0062",,,,False,8.0,False,0,6.8,9.9,Low,High,5.0,False,True,2,Daily,2.3,2024-03-25 12:00:00,2024-12-19 13:45:00
TSK0133,Update onboarding guide,Documentation task for project PRJ025 — Moderate complexity.,Documentation,PRJ025,High,Moderate,13.1,,3,Confluence,Developer,Mid,,6.8,,,In Review,50.7,2023-10-28,2023-11-06,,True,877,7,,,,TSK0112,False,,False,0,,,Medium,Medium,32.0,False,True,3,Weekly,0.1,2023-10-21 13:00:00,2023-12-11 09:00:00
TSK0134,Prototype user journey,Design task for project PRJ074 — Simple complexity.,Design,PRJ074,Critical,Simple,6.8,,2,Figma,Designer,Senior,,2.2,EMP050,2024-08-02,In Progress,39.4,2024-08-31,2024-09-07,,True,571,6,,,,,False,,False,0,,,Low,Medium,95.0,True,True,2,As needed,1.7,2024-07-24 12:00:00,2024-11-11 15:45:00
TSK0135,Build search feature,Development task for project PRJ061 — Moderate complexity.,Development,PRJ061,Critical,Moderate,10.5,9.5,3,"SQL,Python,Go",Developer,Junior,,4.4,EMP039,2024-04-02,Completed,100.0,2024-04-16,2024-04-25,2024-05-03,True,8,7,TSK0101,,,,False,6.2,False,0,6.0,9.4,High,Medium,78.8,False,True,3,Daily,1.0,2024-01-25 17:30:00,2024-07-24 09:15:00
TSK0136,PR review,Review task for project PRJ071 — Complex complexity.,Review,PRJ071,Critical,Complex,28.1,,8,"Git,Code Review,React",Senior Engineer,Senior,,7.5,EMP046,2023-03-08,Blocked,54.4,2023-03-29,2023-04-08,,True,1089,6,,,,,False,,False,0,,,Medium,High,95.0,False,True,4,Weekly,4.8,2023-03-21 10:00:00,2024-02-12 11:15:00
TSK0137,Team sync,Meeting task for project PRJ018 — Simple complexity.,Meeting,PRJ018,Low,Simple,5.8,,2,Communication,Manager,Mid,,3.6,EMP071,2023-11-11,Blocked,35.5,2024-02-24,2024-02-29,,True,762,4,,,"TSK0145,TSK0133",,False,,False,0,,,Low,Low,18.7,True,False,1,As needed,0.0,2023-10-23 16:00:00,2024-12-17 17:45:00
TSK0138,Technology feasibility study,Research task for project PRJ005 — Moderate complexity.,Research,PRJ005,High,Moderate,16.8,,8,"Python,Literature Review",Analyst,Mid,,6.7,,,In Progress,60.6,2023-09-30,2023-10-07,,True,907,4,,,,,False,,False,0,,,Low,High,86.6,False,True,3,As needed,4.5,2023-07-30 15:15:00,2024-03-31 17:15:00
TSK0139,Design review,Review task for project PRJ046 — Complex complexity.,Review,PRJ046,Medium,Complex,26.3,,13,"Java,React",Senior Engineer,Mid,,7.5,EMP067,2023-12-24,In Progress,24.9,2023-12-29,2024-01-05,,True,817,3,,"TSK0143,TSK0156",,,False,,False,0,,,Medium,Medium,38.2,False,True,5,As needed,3.9,2023-12-14 17:00:00,2024-09-18 12:45:00
TSK0140,Setup alerting rules,DevOps task for project PRJ046 — Very Complex complexity.,DevOps,PRJ046,High,Very Complex,178.1,187.2,21,Kubernetes,Developer,Junior,,9.0,,,Completed,100.0,2024-01-12,2024-02-09,2024-01-12,False,-28,5,"TSK0055,TSK0039","TSK0144,TSK0148",,TSK0123,False,4.6,False,0,6.3,7.4,Medium,High,64.9,False,True,5,Daily,0.1,2023-12-05 10:15:00,2024-03-20 18:00:00
TSK0141,Build search feature,Development task for project PRJ022 — Simple complexity.,Development,PRJ022,High,Simple,2.8,,1,"Node.js,Java,React",Developer,Mid,,2.5,EMP082,2023-01-11,Not Started,0.0,2023-03-02,2023-03-08,,False,0,5,,,,,True,,False,0,,,Low,Medium,47.6,False,True,3,As needed,3.7,2023-02-01 12:15:00,2025-02-01 13:45:00
TSK0142,Design onboarding flow,Design task for project PRJ030 — Simple complexity.,Design,PRJ030,Low,Simple,3.6,,1,"Adobe XD,HTML,Prototyping",Designer,Junior,,1.3,EMP054,2023-12-21,In Progress,78.1,2024-01-11,2024-01-17,,True,805,5,,,,,False,,False,0,,,High,Medium,47.0,True,True,2,Weekly,5.4,2024-01-03 16:45:00,2024-07-18 08:45:00
TSK0143,Setup alerting rules,DevOps task for project PRJ045 — Simple complexity.,DevOps,PRJ045,Medium,Simple,5.1,3.9,3,"Linux,Kubernetes",Developer,Mid,,3.7,,,Completed,100.0,2023-05-31,2023-06-07,2023-06-18,True,11,6,,"TSK0152,TSK0150","TSK0133,TSK0150",TSK0053,True,8.3,False,0,7.6,6.7,Medium,High,55.5,False,False,1,Weekly,0.0,2023-02-22 14:30:00,2024-02-22 16:45:00
TSK0144,Update onboarding guide,Documentation task for project PRJ051 — Complex complexity.,Documentation,PRJ051,Medium,Complex,66.3,,13,"Markdown,Git",Developer,Senior,,8.1,EMP072,2023-07-08,Not Started,0.0,2023-08-08,2023-08-19,,False,0,2,,,,,False,,False,0,,,Medium,High,50.9,False,True,3,Weekly,0.6,2023-08-02 14:30:00,2025-02-21 17:00:00
TSK0145,Build notification service,Development task for project PRJ012 — Complex complexity.,Development,PRJ012,Medium,Complex,70.1,62.0,13,"TypeScript,Docker,Node.js",Developer,Mid,,8.9,EMP078,2023-07-28,Completed,100.0,2023-09-19,2023-09-29,2023-09-21,False,-8,1,,,,,False,6.7,False,0,6.9,7.1,High,Medium,51.4,False,True,4,Daily,1.2,2023-09-19 16:15:00,2024-03-10 18:00:00
TSK0146,Build notification service,Development task for project PRJ021 — Complex complexity.,Development,PRJ021,Medium,Complex,28.9,28.4,13,"Java,Docker,Node.js",Developer,Mid,,8.6,EMP002,2023-06-13,Completed,100.0,2023-06-13,2023-06-23,2023-06-25,True,2,6,,,,,False,9.6,True,1,8.0,7.5,Low,High,46.8,False,True,2,Daily,1.6,2023-06-11 16:00:00,2025-01-05 09:30:00
TSK0147,Create runbook,Documentation task for project PRJ069 — Simple complexity.,Documentation,PRJ069,Low,Simple,6.7,,3,"Git,Markdown",Developer,Mid,,1.8,EMP097,2024-06-06,In Progress,52.9,2024-08-15,2024-08-20,,True,589,4,,,,,False,,False,0,,,Medium,Medium,26.0,False,True,4,Daily,2.5,2024-05-29 16:00:00,2025-02-10 12:15:00
TSK0148,Setup alerting rules,DevOps task for project PRJ044 — Moderate complexity.,DevOps,PRJ044,Medium,Moderate,9.2,,3,Terraform,Developer,Junior,,5.4,EMP096,2024-06-01,Blocked,81.0,2024-06-04,2024-06-08,,True,662,2,,,"TSK0146,TSK0144",,False,,False,0,,,High,High,54.7,False,False,1,Daily,0.0,2024-06-03 09:00:00,2024-07-14 18:45:00
TSK0149,Create database schema,Development task for project PRJ062 — Complex complexity.,Development,PRJ062,Medium,Complex,44.8,46.8,13,"React,Go",Developer,Senior,,8.0,EMP066,2024-06-19,Completed,100.0,2024-09-03,2024-09-16,2024-09-11,False,-5,7,"TSK0123,TSK0139","TSK0162,TSK0155",,,True,7.3,False,0,8.6,8.3,High,Medium,21.4,True,True,5,Weekly,3.5,2024-06-21 13:30:00,2024-10-20 16:30:00
TSK0150,PR review,Review task for project PRJ079 — Complex complexity.,Review,PRJ079,High,Complex,43.2,53.0,8,"Git,React",Senior Engineer,Junior,,8.0,EMP052,2023-10-27,Completed,100.0,2024-01-07,2024-01-17,2024-01-29,True,12,4,,,,,False,8.1,False,0,7.8,6.8,High,Medium,54.9,False,False,1,Weekly,0.0,2023-12-23 10:45:00,2025-02-22 08:15:00
TSK0151,Conduct load testing,Testing task for project PRJ067 — Moderate complexity.,Testing,PRJ067,Critical,Moderate,16.5,,5,"Selenium,Cypress",Developer,Senior,,6.4,EMP073,2023-12-08,Not Started,0.0,2024-02-16,2024-02-22,,False,0,3,TSK0066,,,,False,,False,0,,,Low,High,91.6,False,True,4,Weekly,2.1,2024-01-13 09:30:00,2025-01-28 17:15:00
TSK0152,Incident post-mortem,Meeting task for project PRJ042 — Moderate complexity.,Meeting,PRJ042,Medium,Moderate,18.8,,5,Agile,Manager,Junior,,6.3,EMP081,2024-01-28,Blocked,37.4,2024-05-03,2024-05-07,,True,694,1,,,,TSK0088,False,,False,0,,,Medium,Medium,5.0,False,False,1,As needed,0.0,2024-02-06 12:45:00,2024-09-18 15:30:00
TSK0153,Design review,Review task for project PRJ053 — Simple complexity.,Review,PRJ053,High,Simple,2.2,,1,Git,Senior Engineer,Mid,,1.4,EMP096,2023-05-16,Blocked,26.4,2023-05-29,2023-06-05,,True,1031,6,,"TSK0171,TSK0155","TSK0156,TSK0160",TSK0068,False,,False,0,,,Low,High,66.2,False,False,1,Daily,0.0,2023-05-16 12:15:00,2024-02-06 12:45:00
TSK0154,Security vulnerability scan,Testing task for project PRJ004 — Moderate complexity.,Testing,PRJ004,Medium,Moderate,8.6,8.8,5,"Jest,Cypress",Developer,Mid,,6.6,EMP035,2023-11-15,Completed,100.0,2023-11-17,2023-11-26,2023-12-02,True,6,7,,,,,False,6.0,False,0,7.1,7.0,High,High,40.2,False,True,4,Daily,2.9,2023-11-04 09:45:00,2024-04-22 13:45:00
TSK0155,Create runbook,Documentation task for project PRJ002 — Very Complex complexity.,Documentation,PRJ002,High,Very Complex,80.0,94.5,13,"Technical Writing,Confluence",Developer,Junior,,8.7,EMP097,2023-07-22,Completed,100.0,2023-11-17,2023-12-03,2023-11-17,False,-16,5,,,,,False,10.0,False,0,7.4,7.5,Low,Low,75.9,False,False,1,Daily,0.0,2023-09-11 18:45:00,2025-01-14 14:15:00
TSK0156,Configure monitoring,DevOps task for project PRJ031 — Very Complex complexity.,DevOps,PRJ031,Medium,Very Complex,142.0,,21,Kubernetes,Developer,Mid,,8.6,EMP053,2024-03-03,Not Started,0.0,2024-07-23,2024-08-15,,False,0,5,TSK0117,,,,False,,False,0,,,Low,Low,45.8,True,False,1,As needed,0.0,2024-05-20 08:15:00,2024-08-18 12:30:00
TSK0157,Design review,Review task for project PRJ002 — Very Complex complexity.,Review,PRJ002,Critical,Very Complex,107.9,,13,"Code Review,Python",Senior Engineer,Senior,,8.0,EMP064,2023-05-08,Not Started,0.0,2023-07-11,2023-07-28,,False,0,3,TSK0015,,,,False,,False,0,,,Medium,High,93.7,False,False,1,As needed,0.0,2023-04-29 08:00:00,2024-03-21 14:45:00
TSK0158,Implement user authentication,Development task for project PRJ026 — Complex complexity.,Development,PRJ026,Medium,Complex,49.8,,8,"Python,REST APIs,Java",Developer,Junior,,8.0,EMP042,2024-04-11,In Progress,38.1,2024-07-06,2024-07-17,,True,623,4,"TSK0051,TSK0093",,,TSK0112,False,,False,0,,,Low,High,50.2,False,False,1,As needed,0.0,2024-04-16 17:00:00,2024-10-15 11:00:00
TSK0159,PR review,Review task for project PRJ077 — Complex complexity.,Review,PRJ077,Medium,Complex,32.7,37.1,8,Python,Senior Engineer,Junior,,7.5,EMP098,2023-02-19,Completed,100.0,2023-04-16,2023-04-22,2023-05-07,True,15,1,,,,,True,6.8,False,0,9.8,7.3,Medium,High,48.3,False,True,5,As needed,4.4,2023-02-04 14:30:00,2023-08-31 12:00:00
TSK0160,Design review,Review task for project PRJ072 — Complex complexity.,Review,PRJ072,Critical,Complex,40.5,,13,"Git,Code Review,Python",Senior Engineer,Mid,,7.4,EMP036,2023-01-20,In Review,34.6,2023-01-24,2023-02-04,,True,1152,5,"TSK0068,TSK0139",,"TSK0167,TSK0163",,False,,False,0,,,Low,Critical,83.0,False,False,1,As needed,0.0,2023-01-06 13:00:00,2024-11-28 16:45:00
TSK0161,Architecture review,Review task for project PRJ071 — Complex complexity.,Review,PRJ071,High,Complex,32.6,,13,Code Review,Senior Engineer,Mid,,7.6,EMP006,2023-03-12,In Progress,13.2,2023-04-14,2023-04-20,,True,1077,1,"TSK0050,TSK0026","TSK0177,TSK0178",,TSK0057,False,,False,0,,,Low,High,80.8,False,False,1,As needed,0.0,2023-03-07 18:45:00,2023-07-04 15:00:00
TSK0162,Setup CI/CD pipeline,DevOps task for project PRJ048 — Complex complexity.,DevOps,PRJ048,Low,Complex,68.5,,8,"Docker,Kubernetes",Developer,Junior,,8.6,,,Blocked,8.5,2023-11-30,2023-12-14,,True,839,5,,TSK0180,,,True,,False,0,,,High,High,19.0,False,True,5,Daily,4.5,2023-11-28 18:30:00,2024-11-09 15:45:00
TSK0163,Write unit tests,Testing task for project PRJ071 — Complex complexity.,Testing,PRJ071,High,Complex,46.5,,13,"JMeter,Cypress",Developer,Mid,,8.3,EMP041,2023-04-14,Blocked,42.7,2023-05-11,2023-05-18,,True,1049,5,,,,,False,,False,0,,,Low,High,69.9,False,True,4,As needed,2.2,2023-04-20 15:45:00,2023-05-11 08:30:00
TSK0164,E2E test automation,Testing task for project PRJ039 — Complex complexity.,Testing,PRJ039,High,Complex,24.4,,8,"Postman,TestRail,Cypress",Developer,Mid,,7.4,EMP036,2023-10-26,Blocked,70.6,2023-10-31,2023-11-05,,True,878,1,TSK0118,,"TSK0166,TSK0161",,False,,False,0,,,Medium,Low,62.7,True,False,1,As needed,0.0,2023-09-24 09:30:00,2024-12-09 15:15:00
TSK0165,Design onboarding flow,Design task for project PRJ077 — Moderate complexity.,Design,PRJ077,Medium,Moderate,18.3,22.8,3,"CSS,HTML",Designer,Mid,,6.2,EMP043,2023-03-28,Completed,100.0,2023-04-26,2023-05-03,2023-04-28,False,-5,4,TSK0155,,,TSK0135,False,7.7,True,3,6.3,4.7,Low,Low,35.4,False,False,1,Weekly,0.0,2023-03-02 10:00:00,2024-06-01 15:00:00
TSK0166,Document architecture,Documentation task for project PRJ051 — Complex complexity.,Documentation,PRJ051,High,Complex,32.3,28.5,13,"Confluence,Technical Writing,Git",Developer,Mid,,7.2,EMP056,2023-06-14,Completed,100.0,2023-06-14,2023-06-24,2023-06-26,True,2,5,,,,,True,5.9,False,0,8.7,7.1,Low,Medium,27.5,False,False,1,Weekly,0.0,2023-06-11 13:00:00,2023-10-07 18:45:00
TSK0167,Retrospective,Meeting task for project PRJ025 — Moderate complexity.,Meeting,PRJ025,Medium,Moderate,13.1,14.8,8,"Communication,Scrum",Manager,Mid,,6.0,EMP057,2023-10-04,Completed,100.0,2023-12-03,2023-12-07,2023-12-14,True,7,2,"TSK0040,TSK0022",TSK0175,,,False,10.0,False,0,9.2,8.2,High,Low,53.9,True,True,2,As needed,1.8,2023-11-05 08:30:00,2024-03-19 16:15:00
TSK0168,Create runbook,Documentation task for project PRJ071 — Simple complexity.,Documentation,PRJ071,Medium,Simple,4.4,5.9,3,Markdown,Developer,Senior,,4.0,EMP033,2023-03-04,Completed,100.0,2023-03-06,2023-03-11,2023-03-24,True,13,4,"TSK0014,TSK0120",,"TSK0171,TSK0166",,False,8.5,False,0,7.6,7.4,Medium,Medium,33.7,True,False,1,Weekly,0.0,2023-03-04 14:15:00,2024-03-29 16:00:00
TSK0169,Prototype user journey,Design task for project PRJ024 — Moderate complexity.,Design,PRJ024,Medium,Moderate,11.2,9.8,5,"UI/UX,Figma",Designer,Mid,,5.7,EMP043,2024-01-06,Completed,100.0,2024-02-04,2024-02-07,2024-02-05,False,-2,1,,,,,False,7.2,False,0,8.6,5.5,Medium,Low,30.2,False,True,5,As needed,5.3,2023-10-29 16:30:00,2024-05-29 10:30:00
TSK0170,Conduct load testing,Testing task for project PRJ012 — Complex complexity.,Testing,PRJ012,Medium,Complex,64.9,89.5,8,"Jest,TestRail,Cypress",Developer,Mid,,7.8,EMP043,2023-09-21,Completed,100.0,2023-10-07,2023-10-18,2023-10-20,True,2,2,,,"TSK0164,TSK0169",,False,8.6,False,0,6.8,7.9,High,Medium,21.1,False,True,3,Weekly,3.9,2023-09-26 10:30:00,2023-12-15 16:00:00
TSK0171,Conduct load testing,Testing task for project PRJ004 — Complex complexity.,Testing,PRJ004,High,Complex,66.9,,13,TestRail,Developer,Mid,,8.9,EMP082,2023-11-11,In Progress,68.4,2023-11-16,2023-11-29,,True,854,4,TSK0048,"TSK0190,TSK0179",,TSK0021,False,,False,0,,,High,High,71.6,False,True,5,Daily,4.3,2023-11-08 10:45:00,2024-07-24 15:15:00
TSK0172,Competitive analysis,Research task for project PRJ005 — Very Complex complexity.,Research,PRJ005,High,Very Complex,129.0,,13,Python,Analyst,Junior,,9.9,EMP097,2023-08-05,In Progress,68.1,2023-09-13,2023-10-02,,True,912,2,,,,,False,,False,0,,,High,Critical,44.0,False,False,1,Daily,0.0,2023-08-07 08:45:00,2024-07-29 14:00:00
TSK0173,Document review,Review task for project PRJ059 — Moderate complexity.,Review,PRJ059,Medium,Moderate,21.2,20.7,3,"Code Review,Git,Java",Senior Engineer,Junior,,6.6,EMP072,2024-03-10,Completed,100.0,2024-03-13,2024-03-21,2024-03-30,True,9,5,,,,,False,9.6,False,0,7.1,9.1,Medium,Medium,34.9,False,True,3,As needed,2.8,2024-03-08 15:00:00,2024-11-24 09:15:00
TSK0174,Conduct load testing,Testing task for project PRJ051 — Simple complexity.,Testing,PRJ051,High,Simple,3.9,5.1,2,"Cypress,TestRail",Developer,Senior,,1.1,,,Completed,100.0,2023-08-05,2023-08-11,2023-08-11,False,0,5,,,,TSK0116,True,7.8,False,0,7.3,7.3,Medium,High,65.7,True,True,3,Daily,2.3,2023-07-16 08:15:00,2024-07-13 17:15:00
TSK0175,Write unit tests,Testing task for project PRJ007 — Moderate complexity.,Testing,PRJ007,Medium,Moderate,14.7,12.1,5,"TestRail,PyTest,Selenium",Developer,Mid,,6.2,EMP026,2024-02-18,Completed,100.0,2024-03-17,2024-03-22,2024-04-06,True,15,3,,,,,True,7.3,True,3,6.5,9.6,Medium,Critical,70.2,False,True,5,Daily,0.5,2024-03-17 08:15:00,2024-12-22 12:15:00
TSK0176,Perform integration testing,Testing task for project PRJ008 — Simple complexity.,Testing,PRJ008,Low,Simple,5.6,,1,Selenium,Developer,Mid,,1.4,EMP043,2023-07-07,In Progress,54.1,2023-07-11,2023-07-18,,True,988,6,,"TSK0195,TSK0194","TSK0181,TSK0178",TSK0077,False,,False,0,,,Low,Low,11.7,False,True,2,As needed,4.6,2023-07-10 16:00:00,2024-05-05 15:15:00
TSK0177,Document architecture,Documentation task for project PRJ043 — Very Complex complexity.,Documentation,PRJ043,Low,Very Complex,143.2,199.2,13,"Markdown,Confluence",Developer,Mid,,9.4,EMP089,2023-08-18,Completed,100.0,2023-08-21,2023-09-09,2023-09-23,True,14,1,,,,,True,6.7,False,0,6.0,7.5,Low,High,8.5,False,True,3,As needed,5.3,2023-08-11 12:15:00,2023-08-22 09:00:00
TSK0178,Design landing page,Design task for project PRJ027 — Moderate complexity.,Design,PRJ027,Medium,Moderate,20.8,,5,Sketch,Designer,Mid,,5.2,EMP002,2024-01-27,In Review,52.6,2024-02-03,2024-02-09,,True,782,3,TSK0079,,,TSK0086,False,,False,0,,,Low,High,15.1,False,True,2,As needed,5.0,2023-09-25 13:30:00,2025-01-12 15:45:00
TSK0179,API contract testing,Testing task for project PRJ062 — Complex complexity.,Testing,PRJ062,Critical,Complex,32.7,40.8,13,"PyTest,Postman,TestRail",Developer,Mid,,8.8,EMP096,2024-04-23,Completed,100.0,2024-08-24,2024-09-01,2024-09-07,True,6,3,,"TSK0191,TSK0182",,TSK0097,False,7.9,False,0,6.7,7.4,Low,High,88.4,False,True,5,Daily,1.1,2024-04-28 12:30:00,2025-02-21 08:30:00
TSK0180,PR review,Review task for project PRJ031 — Moderate complexity.,Review,PRJ031,Medium,Moderate,13.9,,5,Git,Senior Engineer,Mid,,4.6,,,Not Started,0.0,2024-04-01,2024-04-05,,False,0,2,,,"TSK0186,TSK0187",,True,,False,0,,,Medium,Medium,46.1,False,True,4,As needed,4.7,2024-01-23 09:15:00,2024-07-15 08:45:00
TSK0181,Design onboarding flow,Design task for project PRJ001 — Complex complexity.,Design,PRJ001,High,Complex,41.4,,8,"Sketch,Figma,HTML",Designer,Junior,,8.4,,,Blocked,44.7,2023-10-10,2023-10-19,,True,895,3,,,"TSK0177,TSK0190",,False,,False,0,,,High,Critical,48.6,False,True,4,As needed,0.9,2023-09-27 09:00:00,2025-02-11 17:00:00
TSK0182,Sprint planning,Meeting task for project PRJ071 — Complex complexity.,Meeting,PRJ071,High,Complex,41.8,34.3,8,"Communication,Scrum",Manager,Mid,,8.9,EMP044,2023-04-07,Completed,100.0,2023-04-09,2023-04-20,2023-04-16,False,-4,5,TSK0028,,"TSK0185,TSK0177",,False,7.1,False,0,7.7,7.1,Medium,High,67.0,False,True,4,As needed,1.9,2023-03-06 18:00:00,2024-07-28 17:15:00
TSK0183,Document review,Review task for project PRJ013 — Moderate complexity.,Review,PRJ013,Low,Moderate,15.3,,8,"Python,React,Git",Senior Engineer,Mid,,5.9,EMP029,2024-02-09,Not Started,0.0,2024-07-18,2024-07-24,,False,0,4,"TSK0084,TSK0117",,"TSK0176,TSK0185",,False,,False,0,,,Low,Critical,17.7,False,False,1,As needed,0.0,2024-05-20 10:00:00,2024-10-29 09:30:00
TSK0184,Build design system,Design task for project PRJ039 — Moderate complexity.,Design,PRJ039,High,Moderate,16.5,17.9,5,"Prototyping,CSS",Designer,Mid,,5.8,EMP050,2023-09-23,Completed,100.0,2023-10-21,2023-10-29,2023-10-28,False,-1,5,,,,,False,8.0,False,0,10.0,7.5,High,Critical,77.6,True,True,5,Weekly,0.7,2023-10-19 15:30:00,2024-07-31 09:45:00
TSK0185,Setup alerting rules,DevOps task for project PRJ009 — Very Complex complexity.,DevOps,PRJ009,Medium,Very Complex,151.8,,21,"Linux,Docker,Kubernetes",Developer,Senior,,8.7,EMP018,2023-11-26,In Progress,10.2,2023-12-13,2023-12-28,,True,825,6,,,,,False,,False,0,,,High,High,58.8,False,True,4,Daily,3.4,2023-12-11 12:45:00,2024-12-14 13:00:00
TSK0186,Infrastructure as code,DevOps task for project PRJ017 — Moderate complexity.,DevOps,PRJ017,High,Moderate,21.6,,3,"Linux,AWS,Docker",Developer,Mid,,5.1,,,Not Started,0.0,2023-12-02,2023-12-06,,False,0,1,,,"TSK0195,TSK0189",,False,,False,0,,,Low,High,60.6,False,True,3,Weekly,4.0,2023-11-03 10:15:00,2024-09-11 14:30:00
TSK0187,Security vulnerability scan,Testing task for project PRJ037 — Very Complex complexity.,Testing,PRJ037,Medium,Very Complex,199.7,159.9,13,Selenium,Developer,Senior,,8.3,EMP085,2023-12-28,Completed,100.0,2023-12-31,2024-01-31,2024-01-01,False,-30,6,"TSK0117,TSK0179",,,,True,7.5,False,0,8.5,9.3,Low,High,53.4,False,False,1,Weekly,0.0,2023-12-17 14:00:00,2024-10-21 15:15:00
TSK0188,Team sync,Meeting task for project PRJ005 — Simple complexity.,Meeting,PRJ005,Medium,Simple,7.8,10.7,3,"Agile,Facilitation,Communication",Manager,Junior,,2.4,,,Completed,100.0,2023-09-08,2023-09-10,2023-09-23,True,13,1,,,"TSK0180,TSK0196",,False,7.6,True,2,8.1,7.4,Low,High,52.3,False,False,1,Weekly,0.0,2023-08-11 16:45:00,2024-08-12 14:30:00
TSK0189,Update README,Documentation task for project PRJ022 — Simple complexity.,Documentation,PRJ022,Medium,Simple,1.2,,3,"Technical Writing,Markdown,Confluence",Developer,Junior,,3.2,EMP075,2023-01-20,Not Started,0.0,2023-02-12,2023-02-14,,False,0,1,,,,,True,,False,0,,,Low,Low,68.0,False,False,1,Daily,0.0,2023-01-08 17:30:00,2023-11-20 12:00:00
TSK0190,Write unit tests,Testing task for project PRJ076 — Moderate complexity.,Testing,PRJ076,High,Moderate,19.8,,8,TestRail,Developer,Senior,,5.3,EMP031,2023-04-28,Not Started,0.0,2023-05-11,2023-05-17,,False,0,3,,TSK0195,,,False,,False,0,,,Low,High,83.3,False,True,5,As needed,1.4,2023-04-15 18:15:00,2023-12-12 17:30:00
TSK0191,Document architecture,Documentation task for project PRJ015 — Moderate complexity.,Documentation,PRJ015,Critical,Moderate,8.8,7.6,5,"Confluence,Markdown",Developer,Junior,,5.2,EMP050,2023-10-18,Completed,100.0,2023-11-20,2023-11-26,2023-12-07,True,11,4,,"TSK0204,TSK0202",,TSK0137,False,6.8,False,0,7.1,7.0,Medium,Critical,82.6,False,True,4,As needed,2.0,2023-08-16 09:30:00,2024-10-20 17:45:00
TSK0192,Research ML frameworks,Research task for project PRJ076 — Complex complexity.,Research,PRJ076,High,Complex,67.1,,13,"Data Analysis,Literature Review",Analyst,Mid,,8.4,EMP009,2023-03-28,In Progress,51.5,2023-05-13,2023-05-25,,True,1042,3,"TSK0090,TSK0057",,,,True,,False,0,,,Low,Critical,26.7,True,True,3,As needed,5.7,2023-04-27 09:00:00,2023-08-09 17:15:00
TSK0193,Perform integration testing,Testing task for project PRJ015 — Simple complexity.,Testing,PRJ015,Medium,Simple,5.9,7.9,2,"Jest,Selenium",Developer,Mid,,1.9,EMP055,2023-07-09,Completed,100.0,2023-07-27,2023-08-03,2023-08-10,True,7,6,TSK0098,,,,False,8.6,True,1,8.1,8.5,Low,Medium,36.4,False,True,5,Weekly,1.1,2023-07-10 09:15:00,2025-01-30 14:15:00
TSK0194,Write API documentation,Documentation task for project PRJ014 — Simple complexity.,Documentation,PRJ014,High,Simple,1.2,0.9,1,Git,Developer,Junior,,2.7,EMP084,2024-05-09,Completed,100.0,2024-07-12,2024-07-20,2024-07-26,True,6,7,"TSK0101,TSK0148","TSK0210,TSK0208",,,False,4.4,True,1,7.5,8.3,Medium,High,66.8,True,True,5,As needed,0.7,2024-07-06 13:30:00,2025-01-02 12:45:00
TSK0195,Create icon set,Design task for project PRJ047 — Moderate complexity.,Design,PRJ047,Low,Moderate,16.6,15.0,5,"Prototyping,UI/UX",Designer,Mid,,4.2,EMP071,2024-05-04,Completed,100.0,2024-12-15,2024-12-25,2025-01-08,True,14,7,,,,TSK0162,False,6.3,False,0,7.3,9.7,Medium,High,5.0,True,False,1,Weekly,0.0,2024-04-20 17:15:00,2025-02-15 14:00:00
TSK0196,Document review,Review task for project PRJ003 — Very Complex complexity.,Review,PRJ003,Critical,Very Complex,84.4,71.6,13,"React,Git,Python",Senior Engineer,Mid,,8.7,EMP067,2023-01-20,Completed,100.0,2023-01-23,2023-02-07,2023-01-26,False,-12,4,,,"TSK0190,TSK0202",,False,5.6,False,0,6.8,9.9,Low,Critical,90.2,True,True,3,Daily,0.1,2023-01-23 08:30:00,2023-05-02 15:15:00
TSK0197,Prototype user journey,Design task for project PRJ015 — Complex complexity.,Design,PRJ015,Medium,Complex,51.8,65.7,8,"Adobe XD,Illustrator",Designer,Senior,,7.1,EMP087,2023-08-09,Completed,100.0,2023-09-30,2023-10-11,2023-10-10,False,-1,4,,TSK0199,,TSK0037,False,6.9,False,0,9.1,9.5,Low,High,45.5,True,False,1,Daily,0.0,2023-06-30 15:15:00,2023-11-10 10:00:00
TSK0198,Create database schema,Development task for project PRJ063 — Complex complexity.,Development,PRJ063,High,Complex,28.5,,8,"Go,React",Developer,Junior,,7.4,EMP054,2023-03-22,In Progress,60.4,2023-03-22,2023-04-01,,True,1096,6,"TSK0134,TSK0116",,,TSK0047,False,,False,0,,,Medium,Low,53.7,False,True,2,Daily,3.8,2023-03-10 13:45:00,2023-03-26 16:15:00
TSK0199,Build design system,Design task for project PRJ080 — Simple complexity.,Design,PRJ080,Low,Simple,3.5,,3,UI/UX,Designer,Mid,,2.5,EMP007,2024-06-10,Blocked,58.2,2024-09-12,2024-09-20,,True,558,7,,,,,True,,False,0,,,Low,High,5.0,True,True,4,Daily,1.3,2024-07-10 13:45:00,2024-09-23 09:00:00
TSK0200,Refactor legacy module,Development task for project PRJ063 — Simple complexity.,Development,PRJ063,High,Simple,4.6,5.1,1,"React,Java",Developer,Junior,,3.7,EMP096,2023-06-05,Completed,100.0,2023-06-11,2023-06-16,2023-06-29,True,13,4,,"TSK0207,TSK0213",,,True,6.3,True,2,8.9,8.4,Medium,Medium,79.9,True,True,5,Daily,1.1,2023-04-17 10:45:00,2023-12-26 18:30:00
TSK0201,Sprint planning,Meeting task for project PRJ017 — Simple complexity.,Meeting,PRJ017,Medium,Simple,1.2,1.2,3,"Facilitation,Scrum",Manager,Senior,,1.2,,,Completed,100.0,2023-08-18,2023-08-20,2023-09-01,True,12,1,,,,,False,6.6,False,0,8.0,10.0,High,High,35.3,False,False,1,As needed,0.0,2023-08-07 15:15:00,2024-12-14 15:30:00
TSK0202,Database backup automation,DevOps task for project PRJ032 — Complex complexity.,DevOps,PRJ032,High,Complex,37.9,50.4,13,"GitHub Actions,Jenkins",Developer,Mid,,8.2,EMP006,2023-11-30,Completed,100.0,2024-04-19,2024-04-26,2024-05-07,True,11,2,"TSK0123,TSK0179",,,,False,8.6,True,3,7.1,6.4,Medium,High,49.3,False,False,1,Weekly,0.0,2024-02-09 12:15:00,2024-06-04 08:45:00
TSK0203,Write unit tests,Testing task for project PRJ059 — Moderate complexity.,Testing,PRJ059,Critical,Moderate,21.7,28.5,8,"Cypress,TestRail",Developer,Junior,,5.8,EMP048,2024-03-18,Completed,100.0,2024-03-27,2024-04-03,2024-03-31,False,-3,4,TSK0099,,,,True,5.1,False,0,7.9,8.6,High,High,92.9,False,True,3,Daily,4.7,2024-02-22 17:30:00,2024-04-24 16:30:00
TSK0204,Deploy to staging,DevOps task for project PRJ047 — Moderate complexity.,DevOps,PRJ047,Critical,Moderate,15.4,18.4,3,AWS,Developer,Mid,,5.1,EMP100,2024-05-20,Completed,100.0,2024-07-22,2024-07-30,2024-08-08,True,9,6,TSK0167,,,,False,6.8,True,3,8.1,8.5,Low,High,89.9,False,False,1,Weekly,0.0,2024-05-18 16:45:00,2024-09-30 08:00:00
TSK0205,Code review,Review task for project PRJ063 — Very Complex complexity.,Review,PRJ063,Critical,Very Complex,140.2,,13,"Code Review,Git,Java",Senior Engineer,Junior,,8.9,EMP058,2023-04-27,In Progress,75.2,2023-05-18,2023-06-11,,True,1025,6,"TSK0046,TSK0074",,"TSK0200,TSK0203",TSK0039,True,,False,0,,,Low,High,95.0,False,True,2,Weekly,1.8,2023-05-09 10:45:00,2024-05-07 14:45:00
TSK0206,Benchmark database options,Research task for project PRJ009 — Moderate complexity.,Research,PRJ009,High,Moderate,8.4,,3,"Literature Review,Statistics",Analyst,Senior,,6.5,EMP084,2023-09-22,In Review,33.5,2023-11-11,2023-11-19,,True,864,6,,,,,True,,False,0,,,Medium,High,69.6,True,False,1,Weekly,0.0,2023-10-22 13:30:00,2024-12-09 08:15:00
TSK0207,PR review,Review task for project PRJ022 — Complex complexity.,Review,PRJ022,Medium,Complex,58.6,,8,Git,Senior Engineer,Senior,,8.4,EMP091,2023-01-19,Not Started,0.0,2023-02-15,2023-02-25,,False,0,2,"TSK0148,TSK0033",,,,False,,False,0,,,Medium,High,70.5,False,True,3,Daily,2.2,2023-02-03 10:30:00,2023-06-19 08:45:00
TSK0208,PR review,Review task for project PRJ041 — Moderate complexity.,Review,PRJ041,Medium,Moderate,10.5,,8,"React,Git",Senior Engineer,Junior,,5.6,EMP038,2023-05-25,Not Started,0.0,2023-05-26,2023-05-31,,False,0,3,,,,TSK0123,False,,False,0,,,High,Medium,41.9,False,False,1,Weekly,0.0,2023-05-17 09:30:00,2023-06-20 14:15:00
TSK0209,Design email templates,Design task for project PRJ042 — Complex complexity.,Design,PRJ042,High,Complex,27.1,24.2,8,"HTML,Illustrator,CSS",Designer,Junior,,8.2,,,Completed,100.0,2024-03-06,2024-03-17,2024-03-30,True,13,7,,,,,False,6.5,False,0,8.9,6.7,Medium,Low,63.0,True,True,5,Weekly,0.9,2024-02-23 13:45:00,2024-09-12 08:30:00
TSK0210,Update README,Documentation task for project PRJ058 — Moderate complexity.,Documentation,PRJ058,High,Moderate,22.0,,3,"Git,Markdown,Confluence",Developer,Mid,,4.6,EMP037,2023-10-18,Blocked,89.4,2023-12-03,2023-12-12,,True,841,6,TSK0037,,,,False,,False,0,,,Low,Low,65.2,True,True,5,As needed,0.5,2023-11-19 18:30:00,2024-07-02 10:45:00
TSK0211,E2E test automation,Testing task for project PRJ026 — Very Complex complexity.,Testing,PRJ026,Medium,Very Complex,102.3,,21,"Postman,Cypress",Developer,Mid,,8.6,EMP075,2024-06-07,Blocked,74.9,2024-11-28,2024-12-12,,True,475,1,,TSK0216,,,False,,False,0,,,High,High,70.9,False,True,4,Daily,2.5,2024-11-18 18:15:00,2024-12-01 09:30:00
TSK0212,Architecture discussion,Meeting task for project PRJ075 — Moderate complexity.,Meeting,PRJ075,Medium,Moderate,15.7,21.7,5,"Communication,Facilitation,Scrum",Manager,Junior,,6.6,EMP048,2023-03-26,Completed,100.0,2023-04-03,2023-04-11,2023-04-18,True,7,6,,"TSK0217,TSK0224","TSK0210,TSK0214",,False,7.0,False,0,5.7,9.1,Medium,Low,36.7,False,True,2,Weekly,3.1,2023-04-02 18:15:00,2023-07-08 17:15:00
TSK0213,Retrospective,Meeting task for project PRJ039 — Complex complexity.,Meeting,PRJ039,High,Complex,39.2,27.8,13,"Agile,Communication",Manager,Mid,,7.2,EMP048,2023-11-22,Completed,100.0,2023-12-04,2023-12-12,2023-12-08,False,-4,3,TSK0129,,"TSK0221,TSK0220",,False,10.0,False,0,8.7,8.3,Medium,Low,76.7,False,True,2,Weekly,0.7,2023-09-27 08:45:00,2024-05-30 12:30:00
TSK0214,Sprint planning,Meeting task for project PRJ023 — Moderate complexity.,Meeting,PRJ023,Low,Moderate,19.4,,3,"Facilitation,Communication",Manager,Mid,,6.2,EMP089,2024-03-28,Blocked,15.9,2024-04-20,2024-04-25,,True,706,2,TSK0109,,,,True,,False,0,,,Medium,High,11.7,False,False,1,Daily,0.0,2024-03-17 08:00:00,2024-12-16 09:30:00
TSK0215,Create runbook,Documentation task for project PRJ002 — Simple complexity.,Documentation,PRJ002,Medium,Simple,6.3,5.2,1,"Markdown,Git,Confluence",Developer,Mid,,3.8,EMP012,2023-04-09,Completed,100.0,2023-07-05,2023-07-11,2023-07-11,False,0,5,,,,,False,7.4,True,3,7.4,9.5,High,Critical,54.5,False,True,3,As needed,5.8,2023-04-02 16:00:00,2023-10-14 11:45:00
TSK0216,Perform integration testing,Testing task for project PRJ057 — Moderate complexity.,Testing,PRJ057,High,Moderate,18.8,16.0,3,JMeter,Developer,Senior,,4.5,EMP015,2023-11-09,Completed,100.0,2024-02-18,2024-02-25,2024-03-02,True,6,4,TSK0127,,,TSK0084,False,7.2,False,0,6.3,7.0,Medium,High,81.3,False,True,4,Weekly,4.1,2023-12-02 11:45:00,2024-07-15 14:15:00
TSK0217,Team sync,Meeting task for project PRJ023 — Moderate complexity.,Meeting,PRJ023,Medium,Moderate,8.2,,8,Scrum,Manager,Junior,,5.5,EMP011,2024-03-24,In Review,42.2,2024-04-16,2024-04-22,,True,709,4,,,"TSK0212,TSK0209",,False,,False,0,,,Low,Critical,47.1,False,True,5,As needed,0.7,2024-04-07 15:30:00,2025-02-07 17:30:00
TSK0218,Infrastructure as code,DevOps task for project PRJ046 — Moderate complexity.,DevOps,PRJ046,Medium,Moderate,15.6,12.5,8,"Terraform,Kubernetes",Developer,Senior,,6.9,EMP016,2023-12-29,Completed,100.0,2024-01-13,2024-01-20,2024-01-21,True,1,5,,TSK0220,,TSK0046,False,5.4,False,0,8.1,6.8,Low,Low,27.5,False,False,1,Weekly,0.0,2024-01-11 17:00:00,2025-02-05 09:45:00
TSK0219,Technology feasibility study,Research task for project PRJ038 — Moderate complexity.,Research,PRJ038,High,Moderate,18.6,20.1,5,Excel,Analyst,Mid,,5.5,EMP005,2024-05-11,Completed,100.0,2024-07-07,2024-07-13,2024-07-24,True,11,3,,,,,True,4.1,False,0,6.8,8.1,Medium,High,50.0,False,True,3,As needed,2.9,2023-12-01 12:45:00,2024-11-08 09:45:00
TSK0220,Design review,Review task for project PRJ061 — Simple complexity.,Review,PRJ061,Critical,Simple,4.9,,1,"Python,React",Senior Engineer,Junior,,2.5,EMP079,2024-04-02,In Review,47.0,2024-04-16,2024-04-20,,True,711,3,TSK0033,,,TSK0161,False,,False,0,,,Low,Medium,84.5,False,False,1,Daily,0.0,2024-02-10 13:45:00,2024-10-12 08:15:00
TSK0221,Create runbook,Documentation task for project PRJ076 — Moderate complexity.,Documentation,PRJ076,Critical,Moderate,9.4,,8,"Technical Writing,Confluence",Developer,Senior,,4.2,,,In Progress,33.7,2023-06-14,2023-06-17,,True,1019,1,,,,TSK0121,False,,False,0,,,Low,Medium,95.0,False,True,5,Weekly,3.4,2023-04-28 17:00:00,2024-10-26 09:15:00
TSK0222,Incident post-mortem,Meeting task for project PRJ022 — Simple complexity.,Meeting,PRJ022,Low,Simple,5.3,6.9,2,"Agile,Communication",Manager,Junior,,3.9,EMP069,2023-01-16,Completed,100.0,2023-02-04,2023-02-09,2023-02-24,True,15,4,"TSK0206,TSK0058",,,,False,7.2,False,0,4.6,8.6,Low,High,31.1,False,True,5,As needed,2.6,2023-01-22 09:30:00,2024-07-04 12:45:00
TSK0223,Design critique,Meeting task for project PRJ026 — Complex complexity.,Meeting,PRJ026,Critical,Complex,47.2,,13,Facilitation,Manager,Junior,,8.2,,,Blocked,69.9,2024-11-09,2024-11-21,,True,496,6,,,,,False,,False,0,,,Medium,Medium,75.8,False,True,5,Daily,5.6,2024-09-14 18:00:00,2025-01-14 11:30:00
TSK0224,Conduct user research,Research task for project PRJ020 — Very Complex complexity.,Research,PRJ020,High,Very Complex,169.6,,21,"R,Statistics",Analyst,Mid,,9.7,EMP082,2024-02-14,In Progress,78.1,2024-03-24,2024-04-18,,True,713,3,,,,TSK0050,False,,False,0,,,Medium,Critical,69.4,True,True,4,Weekly,2.8,2024-02-26 14:45:00,2025-02-18 08:15:00
TSK0225,Perform integration testing,Testing task for project PRJ004 — Moderate complexity.,Testing,PRJ004,High,Moderate,12.1,16.6,5,PyTest,Developer,Junior,,6.0,EMP003,2023-11-07,Completed,100.0,2023-11-12,2023-11-20,2023-11-13,False,-7,6,,,,,False,5.9,False,0,6.6,6.4,Medium,Low,68.0,True,True,3,Weekly,1.4,2023-10-31 16:30:00,2024-07-23 09:15:00
TSK0226,Team sync,Meeting task for project PRJ075 — Complex complexity.,Meeting,PRJ075,Critical,Complex,65.3,,8,"Agile,Scrum",Manager,Mid,,8.9,EMP036,2023-03-01,In Review,14.1,2023-03-07,2023-03-18,,True,1110,2,"TSK0180,TSK0029",,,,False,,False,0,,,Medium,Low,95.0,False,True,4,As needed,2.9,2023-02-23 12:00:00,2024-12-26 17:00:00
TSK0227,Implement caching layer,Development task for project PRJ031 — Moderate complexity.,Development,PRJ031,Medium,Moderate,12.0,,5,"React,C++,TypeScript",Developer,Senior,,4.9,EMP088,2024-02-15,Not Started,0.0,2024-07-12,2024-07-17,,False,0,3,"TSK0066,TSK0078",TSK0237,"TSK0222,TSK0232",,False,,False,0,,,Medium,Medium,51.5,False,True,2,Daily,1.6,2024-01-25 15:45:00,2025-01-16 14:30:00
TSK0228,API contract testing,Testing task for project PRJ034 — Moderate complexity.,Testing,PRJ034,High,Moderate,16.1,,5,Cypress,Developer,Mid,,5.3,EMP089,2023-06-18,Not Started,0.0,2023-10-29,2023-11-07,,False,0,6,,,,,True,,False,0,,,High,Medium,78.6,False,False,1,Weekly,0.0,2023-06-22 09:15:00,2024-03-04 16:15:00
TSK0229,Document review,Review task for project PRJ062 — Complex complexity.,Review,PRJ062,Low,Complex,72.9,67.7,8,"Git,Java",Senior Engineer,Junior,,7.5,EMP011,2024-07-24,Completed,100.0,2024-10-01,2024-10-16,2024-10-27,True,11,5,,,,,False,6.9,False,0,6.4,7.7,Low,Critical,44.4,False,True,2,Weekly,5.8,2024-05-19 12:15:00,2024-10-13 14:45:00
TSK0230,Run regression suite,Testing task for project PRJ012 — Very Complex complexity.,Testing,PRJ012,Critical,Very Complex,195.0,195.9,13,Jest,Developer,Mid,,9.9,EMP059,2023-08-10,Completed,100.0,2023-08-10,2023-09-05,2023-09-12,True,7,1,,"TSK0240,TSK0246",,,False,8.6,True,2,7.4,7.3,Low,High,95.0,False,False,1,As needed,0.0,2023-07-21 14:15:00,2023-09-08 12:30:00
TSK0231,Document review,Review task for project PRJ032 — Moderate complexity.,Review,PRJ032,High,Moderate,13.9,11.0,8,"Git,Java,Python",Senior Engineer,Senior,,5.9,EMP089,2023-12-02,Completed,100.0,2023-12-11,2023-12-14,2023-12-26,True,12,1,,,"TSK0239,TSK0222",,True,7.6,False,0,5.8,8.7,Medium,High,55.0,False,True,2,Daily,0.0,2023-12-04 12:45:00,2024-11-18 13:15:00
TSK0232,E2E test automation,Testing task for project PRJ034 — Moderate complexity.,Testing,PRJ034,High,Moderate,10.7,,5,"Selenium,PyTest",Developer,Mid,,6.8,EMP056,2023-06-29,Blocked,12.6,2023-10-08,2023-10-12,,True,902,2,TSK0128,,,,False,,False,0,,,Medium,Medium,72.3,False,True,4,Daily,3.1,2023-09-20 10:30:00,2024-10-19 15:15:00
TSK0233,Competitive analysis,Research task for project PRJ020 — Very Complex complexity.,Research,PRJ020,Critical,Very Complex,86.5,,13,"R,Literature Review",Analyst,Senior,,8.1,EMP064,2024-02-03,In Progress,65.0,2024-03-05,2024-03-18,,True,744,2,,,,TSK0024,False,,False,0,,,Low,Medium,67.3,False,False,1,Daily,0.0,2024-02-01 16:30:00,2024-12-18 18:15:00
TSK0234,Write unit tests,Testing task for project PRJ054 — Very Complex complexity.,Testing,PRJ054,Medium,Very Complex,190.4,136.7,13,"PyTest,Postman",Developer,Junior,,9.5,EMP088,2024-03-28,Completed,100.0,2024-04-06,2024-04-16,2024-04-16,False,0,1,,"TSK0239,TSK0235","TSK0240,TSK0239",,False,10.0,False,0,6.2,7.5,High,Medium,66.2,False,False,1,As needed,0.0,2024-04-05 15:30:00,2025-01-22 10:15:00
TSK0235,Document architecture,Documentation task for project PRJ042 — Complex complexity.,Documentation,PRJ042,Critical,Complex,68.7,67.3,8,"Technical Writing,Git",Developer,Junior,,8.1,,,Completed,100.0,2024-06-12,2024-06-25,2024-06-14,False,-11,4,,"TSK0245,TSK0240","TSK0241,TSK0239",,False,7.3,False,0,8.7,9.0,Medium,Critical,95.0,False,False,1,Weekly,0.0,2024-01-24 13:15:00,2025-02-17 15:45:00
TSK0236,Setup alerting rules,DevOps task for project PRJ012 — Complex complexity.,DevOps,PRJ012,Low,Complex,66.4,50.8,13,GitHub Actions,Developer,Senior,,8.2,EMP060,2023-09-07,Completed,100.0,2023-09-19,2023-10-04,2023-10-02,False,-2,6,,"TSK0253,TSK0255","TSK0241,TSK0240",,True,7.7,False,0,9.1,6.2,Medium,High,37.1,False,True,4,Weekly,5.0,2023-09-08 12:00:00,2023-12-06 08:00:00
TSK0237,Infrastructure as code,DevOps task for project PRJ013 — Moderate complexity.,DevOps,PRJ013,Medium,Moderate,15.4,,8,Docker,Developer,Senior,,5.7,EMP011,2024-03-08,Not Started,0.0,2024-03-08,2024-03-13,,False,0,3,,,,TSK0107,False,,False,0,,,Medium,High,30.0,False,False,1,Daily,0.0,2024-02-21 18:45:00,2025-01-21 12:30:00
TSK0238,Conduct user research,Research task for project PRJ024 — Moderate complexity.,Research,PRJ024,Low,Moderate,9.3,,8,"Data Analysis,Statistics",Analyst,Mid,,4.8,,,In Progress,41.9,2024-01-30,2024-02-02,,True,789,1,"TSK0118,TSK0178",,,,False,,False,0,,,Medium,High,12.4,False,True,4,Daily,4.1,2024-01-22 18:45:00,2024-07-02 09:15:00
TSK0239,Technology feasibility study,Research task for project PRJ015 — Complex complexity.,Research,PRJ015,High,Complex,69.7,55.9,8,"Python,Data Analysis,R",Analyst,Senior,,8.7,EMP081,2023-09-28,Completed,100.0,2023-10-04,2023-10-17,2023-10-24,True,7,4,,"TSK0240,TSK0243","TSK0233,TSK0244",,False,8.0,False,0,7.5,6.3,Medium,Medium,69.9,False,False,1,As needed,0.0,2023-08-20 14:00:00,2024-09-09 08:00:00
TSK0240,Optimize Docker images,DevOps task for project PRJ054 — Simple complexity.,DevOps,PRJ054,High,Simple,6.9,,3,"Terraform,Jenkins",Developer,Senior,,2.7,EMP005,2024-04-03,Not Started,0.0,2024-04-07,2024-04-13,,False,0,5,,,,,False,,False,0,,,Low,High,73.8,False,True,5,As needed,3.5,2024-04-03 09:30:00,2024-11-06 15:00:00
TSK0241,Retrospective,Meeting task for project PRJ058 — Moderate complexity.,Meeting,PRJ058,High,Moderate,19.2,,3,"Agile,Scrum,Facilitation",Manager,Junior,,4.5,EMP029,2023-10-26,In Progress,34.2,2023-11-01,2023-11-08,,True,875,4,"TSK0186,TSK0183",,,,False,,False,0,,,Low,Medium,57.9,False,True,3,As needed,3.7,2023-10-16 09:45:00,2024-01-06 10:15:00
TSK0242,PR review,Review task for project PRJ013 — Very Complex complexity.,Review,PRJ013,High,Very Complex,175.2,,21,"Python,Git",Senior Engineer,Senior,,8.6,,,In Review,9.0,2024-02-26,2024-03-24,,True,738,5,TSK0207,"TSK0246,TSK0250","TSK0239,TSK0248",,False,,False,0,,,Low,Critical,74.5,False,False,1,Daily,0.0,2024-01-28 10:00:00,2025-02-21 08:45:00
TSK0243,Create icon set,Design task for project PRJ079 — Complex complexity.,Design,PRJ079,High,Complex,58.1,,8,"Adobe XD,CSS,HTML",Designer,Mid,,8.6,,,Not Started,0.0,2023-10-13,2023-10-26,,False,0,5,,"TSK0258,TSK0260",,,False,,False,0,,,Medium,Critical,81.6,False,True,2,As needed,5.1,2023-10-10 14:00:00,2024-02-15 15:30:00
TSK0244,API contract testing,Testing task for project PRJ011 — Moderate complexity.,Testing,PRJ011,High,Moderate,12.3,10.7,8,Jest,Developer,Junior,,6.3,EMP068,2023-03-17,Completed,100.0,2023-04-06,2023-04-14,2023-04-27,True,13,6,,,,,False,6.9,False,0,7.4,7.9,Low,Critical,67.9,False,False,1,Daily,0.0,2023-02-18 08:00:00,2023-07-01 13:30:00
TSK0245,Database backup automation,DevOps task for project PRJ008 — Very Complex complexity.,DevOps,PRJ008,Medium,Very Complex,127.2,,13,"GitHub Actions,Linux,Jenkins",Developer,Senior,,9.3,,,In Progress,81.7,2023-09-27,2023-10-15,,True,899,2,,,,,False,,False,0,,,High,Medium,31.0,False,False,1,Daily,0.0,2023-08-10 08:30:00,2024-02-24 14:45:00
TSK0246,PR review,Review task for project PRJ045 — Simple complexity.,Review,PRJ045,Critical,Simple,7.2,5.2,3,"Git,Python,Code Review",Senior Engineer,Mid,,2.2,EMP093,2023-03-08,Completed,100.0,2023-03-10,2023-03-14,2023-03-12,False,-2,3,"TSK0134,TSK0088",,"TSK0236,TSK0254",,False,8.8,False,0,7.2,7.0,Low,High,79.7,False,True,2,Weekly,4.4,2023-02-26 12:30:00,2023-07-14 08:00:00
TSK0247,Build REST API endpoint,Development task for project PRJ059 — Moderate complexity.,Development,PRJ059,Medium,Moderate,13.4,17.8,3,"Node.js,Docker",Developer,Junior,,6.4,EMP069,2024-03-12,Completed,100.0,2024-04-04,2024-04-11,2024-04-26,True,15,5,,,,,True,7.1,False,0,8.6,9.7,Medium,Low,43.4,True,True,3,Daily,4.9,2024-03-11 15:00:00,2024-06-18 14:45:00
TSK0248,Develop admin dashboard,Development task for project PRJ055 — Very Complex complexity.,Development,PRJ055,High,Very Complex,186.6,183.2,21,"Docker,C++",Developer,Mid,,8.4,EMP100,2023-01-31,Completed,100.0,2023-02-07,2023-03-06,2023-03-12,True,6,3,,,,,False,7.3,False,0,6.4,7.8,High,High,79.6,True,True,5,Daily,4.3,2023-01-13 16:00:00,2025-01-18 11:45:00
TSK0249,Perform integration testing,Testing task for project PRJ072 — Moderate complexity.,Testing,PRJ072,High,Moderate,13.9,,3,Selenium,Developer,Mid,,5.8,EMP006,2023-02-03,In Progress,15.3,2023-02-22,2023-02-25,,True,1131,1,,,,,False,,False,0,,,Medium,High,72.5,True,True,2,As needed,5.6,2023-01-10 12:15:00,2023-08-28 15:00:00
TSK0250,Team sync,Meeting task for project PRJ009 — Moderate complexity.,Meeting,PRJ009,Critical,Moderate,21.9,29.1,5,Facilitation,Manager,Mid,,5.4,EMP061,2023-09-16,Completed,100.0,2023-09-18,2023-09-26,2023-10-02,True,6,5,,,,,False,9.5,False,0,8.4,7.6,Low,Medium,56.0,False,True,5,Daily,2.3,2023-08-10 13:00:00,2024-12-14 12:00:00
TSK0251,Develop admin dashboard,Development task for project PRJ074 — Complex complexity.,Development,PRJ074,Medium,Complex,59.3,,13,"REST APIs,Python,React",Developer,Mid,,8.1,,,Blocked,52.5,2024-06-08,2024-06-22,,True,648,6,,,"TSK0259,TSK0246",,False,,False,0,,,Medium,Low,45.7,False,True,5,Daily,0.5,2024-06-01 17:30:00,2024-12-30 17:00:00
TSK0252,Team sync,Meeting task for project PRJ056 — Moderate complexity.,Meeting,PRJ056,Medium,Moderate,10.9,,3,Facilitation,Manager,Junior,,6.6,,,In Review,26.9,2024-05-23,2024-05-29,,True,672,4,TSK0066,,"TSK0256,TSK0247",,True,,False,0,,,Low,Medium,70.4,True,True,4,Daily,2.3,2024-04-23 10:45:00,2024-11-04 12:45:00
TSK0253,Develop admin dashboard,Development task for project PRJ026 — Moderate complexity.,Development,PRJ026,Critical,Moderate,11.8,,8,SQL,Developer,Junior,,5.8,EMP015,2024-05-29,In Review,69.0,2024-11-29,2024-12-06,,True,481,5,,,,,False,,False,0,,,Low,High,57.4,False,False,1,Daily,0.0,2024-05-02 11:15:00,2025-01-06 17:45:00
TSK0254,Benchmark database options,Research task for project PRJ019 — Simple complexity.,Research,PRJ019,Low,Simple,3.6,,1,"Literature Review,R",Analyst,Junior,,3.3,EMP006,2024-03-03,In Progress,86.7,2024-05-10,2024-05-15,,True,686,4,,TSK0270,,,False,,False,0,,,Low,Medium,31.4,False,True,3,Daily,3.5,2024-04-27 12:00:00,2024-07-31 16:00:00
TSK0255,Setup alerting rules,DevOps task for project PRJ016 — Complex complexity.,DevOps,PRJ016,High,Complex,70.5,,13,"AWS,GitHub Actions,Terraform",Developer,Junior,,8.8,EMP088,2023-12-21,In Review,47.9,2024-02-23,2024-03-08,,True,754,5,"TSK0088,TSK0054",,,,True,,False,0,,,Low,High,62.6,False,False,1,As needed,0.0,2023-12-28 08:00:00,2025-02-01 10:45:00
TSK0256,Design review,Review task for project PRJ051 — Moderate complexity.,Review,PRJ051,Low,Moderate,16.6,,8,"Java,Python",Senior Engineer,Senior,,6.0,EMP057,2023-06-23,In Review,80.9,2023-08-15,2023-08-19,,True,956,1,,,,TSK0095,False,,False,0,,,Medium,High,30.1,False,True,3,Daily,4.5,2023-07-03 18:30:00,2024-02-27 09:30:00
TSK0257,Document review,Review task for project PRJ047 — Simple complexity.,Review,PRJ047,Critical,Simple,1.3,1.8,2,"React,Java,Code Review",Senior Engineer,Mid,,3.7,EMP015,2024-05-29,Completed,100.0,2024-08-09,2024-08-11,2024-08-15,True,4,1,,,,,False,5.3,True,1,5.6,7.8,Medium,Medium,87.6,False,False,1,As needed,0.0,2024-06-25 11:30:00,2024-09-27 18:00:00
TSK0258,Update README,Documentation task for project PRJ072 — Very Complex complexity.,Documentation,PRJ072,High,Very Complex,186.0,137.0,13,"Technical Writing,Markdown",Developer,Junior,,9.9,EMP056,2023-02-22,Completed,100.0,2023-03-24,2023-04-23,2023-05-04,True,11,6,,,,,True,6.9,True,2,7.7,9.6,Low,Medium,78.5,False,False,1,Daily,0.0,2023-02-10 11:30:00,2023-06-15 17:00:00
TSK0259,Setup alerting rules,DevOps task for project PRJ010 — Moderate complexity.,DevOps,PRJ010,Medium,Moderate,22.7,,3,"Terraform,Docker",Developer,Mid,,4.5,,,In Progress,58.2,2024-01-27,2024-01-31,,True,791,1,,,,TSK0123,False,,False,0,,,Low,Medium,43.0,False,True,4,Daily,3.1,2023-12-24 09:45:00,2025-02-21 09:45:00
TSK0260,Design landing page,Design task for project PRJ008 — Complex complexity.,Design,PRJ008,Critical,Complex,75.3,,13,Figma,Designer,Mid,,7.6,,,Not Started,0.0,2023-10-23,2023-11-08,,False,0,6,,,,TSK0029,False,,False,0,,,Medium,Low,81.2,False,False,1,Weekly,0.0,2023-08-14 14:00:00,2024-09-03 14:15:00
TSK0261,Setup alerting rules,DevOps task for project PRJ060 — Very Complex complexity.,DevOps,PRJ060,High,Very Complex,175.4,178.5,13,Docker,Developer,Senior,,8.7,EMP025,2023-12-05,Completed,100.0,2024-04-28,2024-05-27,2024-04-29,False,-28,7,,TSK0280,"TSK0268,TSK0259",,False,6.8,False,0,7.9,6.0,Low,Medium,66.6,True,False,1,As needed,0.0,2023-11-09 08:15:00,2024-10-04 17:45:00
TSK0262,Architecture discussion,Meeting task for project PRJ040 — Moderate complexity.,Meeting,PRJ040,Medium,Moderate,17.3,,8,"Facilitation,Communication,Agile",Manager,Junior,,6.3,EMP048,2024-02-09,In Review,31.2,2024-03-17,2024-03-24,,True,738,4,,,,,False,,False,0,,,Low,High,47.4,False,True,2,Weekly,2.0,2024-03-12 15:45:00,2025-01-18 13:30:00
TSK0263,Deploy to staging,DevOps task for project PRJ043 — Complex complexity.,DevOps,PRJ043,High,Complex,33.1,44.5,13,"Jenkins,Kubernetes",Developer,Mid,,8.8,EMP089,2023-08-15,Completed,100.0,2023-08-19,2023-08-28,2023-08-26,False,-2,4,"TSK0193,TSK0106",,,TSK0184,True,6.3,True,1,6.1,8.7,Medium,High,80.0,True,True,4,As needed,0.3,2023-08-04 11:15:00,2024-06-04 10:15:00
TSK0264,Conduct load testing,Testing task for project PRJ044 — Very Complex complexity.,Testing,PRJ044,High,Very Complex,181.7,,13,JMeter,Developer,Mid,,8.4,EMP003,2024-03-11,Blocked,76.6,2024-03-11,2024-04-05,,True,726,2,,,,,False,,False,0,,,Low,High,54.9,False,False,1,Daily,0.0,2024-03-01 16:45:00,2024-04-13 09:15:00
TSK0265,Conduct user research,Research task for project PRJ069 — Complex complexity.,Research,PRJ069,Medium,Complex,45.2,60.8,13,"R,Python,Statistics",Analyst,Mid,,7.6,EMP076,2024-05-18,Completed,100.0,2024-08-11,2024-08-23,2024-08-18,False,-5,6,"TSK0065,TSK0261",,,TSK0241,False,6.2,False,0,7.0,6.1,High,Medium,41.8,False,False,1,Weekly,0.0,2024-06-02 18:30:00,2024-12-16 16:45:00
TSK0266,Architecture discussion,Meeting task for project PRJ068 — Simple complexity.,Meeting,PRJ068,Medium,Simple,5.9,5.8,3,Facilitation,Manager,Mid,,3.9,EMP075,2023-09-10,Completed,100.0,2023-09-29,2023-10-03,2023-10-17,True,14,3,TSK0232,,,,False,6.8,False,0,7.2,5.3,Medium,High,32.9,False,False,1,Weekly,0.0,2023-09-29 09:15:00,2023-12-24 12:45:00
TSK0267,Benchmark database options,Research task for project PRJ075 — Moderate complexity.,Research,PRJ075,Medium,Moderate,8.7,,8,"Excel,Data Analysis",Analyst,Mid,,5.9,EMP064,2023-03-04,Blocked,44.7,2023-03-21,2023-03-27,,True,1101,4,TSK0136,,,,True,,False,0,,,Medium,Low,32.9,False,True,4,Daily,5.6,2023-02-18 09:00:00,2024-03-23 08:15:00
TSK0268,Incident post-mortem,Meeting task for project PRJ033 — Very Complex complexity.,Meeting,PRJ033,High,Very Complex,116.3,155.7,21,"Agile,Facilitation",Manager,Junior,,8.4,,,Completed,100.0,2024-04-25,2024-05-17,2024-05-29,True,12,7,,,,,False,8.0,False,0,7.4,7.0,Low,Critical,61.1,False,True,3,Weekly,5.2,2024-03-05 11:15:00,2024-12-23 11:45:00
TSK0269,Architecture discussion,Meeting task for project PRJ011 — Very Complex complexity.,Meeting,PRJ011,Low,Very Complex,117.6,118.4,13,Facilitation,Manager,Senior,,8.9,EMP004,2023-04-07,Completed,100.0,2023-05-19,2023-05-26,2023-05-25,False,-1,4,,,,,False,9.4,True,2,8.9,8.0,Low,Medium,18.4,False,True,4,As needed,2.0,2023-02-11 17:00:00,2023-10-08 10:30:00
TSK0270,Setup alerting rules,DevOps task for project PRJ049 — Simple complexity.,DevOps,PRJ049,High,Simple,2.4,1.9,2,"Docker,Kubernetes",Developer,Mid,,1.2,EMP058,2023-04-10,Completed,100.0,2023-04-19,2023-04-22,2023-05-04,True,12,2,TSK0017,,,,True,8.0,False,0,8.3,8.2,Low,Medium,38.0,False,False,1,Daily,0.0,2023-03-09 18:00:00,2024-07-27 08:30:00
TSK0271,Conduct load testing,Testing task for project PRJ042 — Moderate complexity.,Testing,PRJ042,Low,Moderate,21.8,,5,Jest,Developer,Senior,,5.2,EMP009,2024-01-22,In Progress,50.6,2024-02-07,2024-02-12,,True,779,2,,,,,False,,False,0,,,Medium,Medium,11.9,False,False,1,Weekly,0.0,2024-01-12 16:45:00,2024-06-27 11:00:00
TSK0272,Prototype user journey,Design task for project PRJ052 — Simple complexity.,Design,PRJ052,High,Simple,5.2,5.3,1,Sketch,Designer,Mid,,2.6,,,Completed,100.0,2023-07-07,2023-07-12,2023-07-21,True,9,4,,,,,False,4.5,False,0,7.2,8.9,Medium,Medium,94.4,False,True,5,As needed,1.5,2023-05-23 15:45:00,2024-01-10 17:00:00
TSK0273,Create database schema,Development task for project PRJ031 — Simple complexity.,Development,PRJ031,Medium,Simple,7.2,,1,"TypeScript,REST APIs",Developer,Mid,,1.8,EMP009,2024-03-10,Not Started,0.0,2024-06-23,2024-06-29,,False,0,5,"TSK0040,TSK0054",,,,False,,False,0,,,Medium,Critical,48.8,False,False,1,Weekly,0.0,2024-01-11 09:45:00,2024-09-28 13:45:00
TSK0274,Develop admin dashboard,Development task for project PRJ002 — Complex complexity.,Development,PRJ002,Low,Complex,38.0,28.4,8,"Go,C++",Developer,Senior,,7.7,EMP032,2023-09-20,Completed,100.0,2023-11-14,2023-11-23,2023-11-28,True,5,4,,,"TSK0264,TSK0267",TSK0201,True,8.1,True,3,8.2,7.0,Medium,Critical,25.7,False,True,3,As needed,2.6,2023-04-26 11:00:00,2025-02-13 18:15:00
TSK0275,Develop payment gateway,Development task for project PRJ067 — Moderate complexity.,Development,PRJ067,High,Moderate,18.3,,8,"Python,Docker,TypeScript",Developer,Junior,,6.0,EMP057,2023-12-03,Not Started,0.0,2023-12-28,2024-01-04,,False,0,4,,,,TSK0216,False,,False,0,,,Medium,Medium,64.6,True,False,1,Daily,0.0,2023-12-04 18:00:00,2024-04-18 09:15:00
TSK0276,Database backup automation,DevOps task for project PRJ066 — Moderate complexity.,DevOps,PRJ066,High,Moderate,9.7,,5,Kubernetes,Developer,Senior,,5.0,EMP051,2024-03-14,In Review,58.1,2024-04-09,2024-04-13,,True,718,2,"TSK0166,TSK0089","TSK0277,TSK0289","TSK0273,TSK0268",,False,,False,0,,,High,High,64.2,False,False,1,As needed,0.0,2024-02-06 14:30:00,2025-02-09 15:00:00
TSK0277,Conduct load testing,Testing task for project PRJ033 — Very Complex complexity.,Testing,PRJ033,High,Very Complex,195.1,154.7,21,"PyTest,Cypress,JMeter",Developer,Junior,,10.0,,,Completed,100.0,2024-08-31,2024-10-01,2024-10-14,True,13,6,TSK0230,,,,False,7.8,False,0,7.3,9.0,Medium,Critical,73.9,False,True,2,Weekly,1.9,2024-08-11 14:15:00,2025-02-05 09:00:00
TSK0278,Document review,Review task for project PRJ038 — Moderate complexity.,Review,PRJ038,Low,Moderate,11.2,15.6,5,"Python,Code Review",Senior Engineer,Mid,,4.6,EMP043,2023-10-08,Completed,100.0,2023-10-23,2023-10-27,2023-11-11,True,15,2,,,,TSK0170,False,4.0,False,0,6.6,8.0,High,Medium,5.4,False,False,1,Weekly,0.0,2023-10-23 18:15:00,2024-12-06 18:15:00
TSK0279,Stakeholder review,Meeting task for project PRJ024 — Very Complex complexity.,Meeting,PRJ024,Medium,Very Complex,133.1,,13,Facilitation,Manager,Senior,,8.1,EMP007,2023-12-15,Not Started,0.0,2024-01-06,2024-01-24,,False,0,1,TSK0105,,"TSK0284,TSK0278",,True,,False,0,,,Medium,High,24.3,False,True,4,Weekly,1.7,2023-12-22 18:15:00,2024-05-24 15:00:00
TSK0280,Configure monitoring,DevOps task for project PRJ022 — Simple complexity.,DevOps,PRJ022,Medium,Simple,4.3,,2,"Terraform,Docker",Developer,Senior,,2.5,EMP062,2023-01-11,In Progress,18.2,2023-03-06,2023-03-14,,True,1114,7,,,,,True,,False,0,,,Medium,High,35.4,False,True,5,Daily,1.7,2023-03-02 09:30:00,2023-07-23 15:15:00
TSK0281,Create database schema,Development task for project PRJ002 — Complex complexity.,Development,PRJ002,High,Complex,72.3,69.5,13,TypeScript,Developer,Mid,,8.0,EMP083,2023-08-19,Completed,100.0,2023-10-20,2023-11-03,2023-11-12,True,9,4,,,"TSK0290,TSK0276",,True,8.0,False,0,7.5,6.4,Medium,Low,62.6,False,True,5,Weekly,3.8,2023-06-14 08:45:00,2025-02-05 14:15:00
TSK0282,Build REST API endpoint,Development task for project PRJ047 — Simple complexity.,Development,PRJ047,Medium,Simple,5.4,5.5,3,"Docker,Go,Python",Developer,Senior,,1.1,EMP033,2024-05-25,Completed,100.0,2024-07-08,2024-07-12,2024-07-27,True,15,3,TSK0197,,,,False,6.6,True,2,5.2,7.8,Medium,High,45.0,True,True,4,Daily,3.0,2024-06-21 18:45:00,2024-12-05 12:45:00
TSK0283,Design critique,Meeting task for project PRJ019 — Simple complexity.,Meeting,PRJ019,Low,Simple,2.9,,1,Communication,Manager,Junior,,3.8,EMP063,2024-03-03,In Progress,31.2,2024-04-22,2024-04-29,,True,702,6,,,,,False,,False,0,,,Low,Medium,7.7,True,False,1,As needed,0.0,2024-03-01 11:45:00,2024-07-24 16:00:00
TSK0284,Research ML frameworks,Research task for project PRJ024 — Very Complex complexity.,Research,PRJ024,High,Very Complex,104.1,,13,"Data Analysis,Python,Statistics",Analyst,Senior,,9.6,EMP057,2023-11-25,In Progress,88.6,2023-11-29,2023-12-16,,True,837,3,"TSK0064,TSK0142",TSK0303,"TSK0290,TSK0277",,True,,False,0,,,Low,High,61.0,False,True,2,Weekly,0.6,2023-11-28 08:45:00,2024-10-02 16:30:00
TSK0285,Sprint planning,Meeting task for project PRJ078 — Complex complexity.,Meeting,PRJ078,Critical,Complex,48.0,,13,"Scrum,Agile",Manager,Mid,,8.4,EMP047,2023-03-18,Not Started,0.0,2023-03-19,2023-03-29,,False,0,3,"TSK0170,TSK0052","TSK0290,TSK0286",,,False,,False,0,,,Low,Critical,49.9,False,True,4,As needed,2.7,2023-03-09 18:45:00,2024-08-27 14:15:00
TSK0286,Stakeholder review,Meeting task for project PRJ003 — Moderate complexity.,Meeting,PRJ003,High,Moderate,18.1,15.6,3,Agile,Manager,Mid,,6.9,EMP095,2023-04-01,Completed,100.0,2023-04-06,2023-04-15,2023-04-20,True,5,6,,,,,False,7.8,False,0,6.9,8.5,High,High,50.4,False,False,1,As needed,0.0,2023-01-27 10:00:00,2023-08-14 15:00:00
TSK0287,PR review,Review task for project PRJ022 — Moderate complexity.,Review,PRJ022,High,Moderate,22.3,,3,Java,Senior Engineer,Senior,,5.4,EMP022,2023-01-21,Not Started,0.0,2023-03-20,2023-03-25,,False,0,2,,"TSK0300,TSK0296","TSK0285,TSK0293",,False,,False,0,,,Low,Low,64.6,False,True,5,As needed,0.5,2023-02-11 11:00:00,2025-01-07 13:45:00
TSK0288,Setup alerting rules,DevOps task for project PRJ030 — Simple complexity.,DevOps,PRJ030,High,Simple,2.6,3.2,1,"AWS,Kubernetes,Linux",Developer,Mid,,1.9,EMP096,2023-12-18,Completed,100.0,2023-12-31,2024-01-02,2024-01-10,True,8,1,,,"TSK0279,TSK0296",,True,5.4,False,0,7.5,7.5,High,Low,60.1,False,True,3,Weekly,3.1,2023-12-26 17:15:00,2024-02-23 14:00:00
TSK0289,Sprint planning,Meeting task for project PRJ019 — Complex complexity.,Meeting,PRJ019,Medium,Complex,69.7,,13,"Agile,Facilitation,Communication",Manager,Junior,,8.7,EMP019,2024-03-07,In Progress,43.7,2024-05-05,2024-05-20,,True,681,6,"TSK0111,TSK0254",,,,True,,False,0,,,Low,Medium,47.3,True,True,3,As needed,4.2,2024-02-28 10:45:00,2024-11-21 12:15:00
TSK0290,Optimize Docker images,DevOps task for project PRJ044 — Moderate complexity.,DevOps,PRJ044,High,Moderate,14.8,15.8,5,"Linux,Jenkins,Terraform",Developer,Senior,,7.0,EMP090,2024-03-30,Completed,100.0,2024-06-14,2024-06-20,2024-06-16,False,-4,4,"TSK0028,TSK0156",,"TSK0284,TSK0295",,False,8.5,True,1,7.3,8.0,Low,High,63.5,False,False,1,Weekly,0.0,2024-05-18 08:30:00,2024-08-05 18:15:00
TSK0291,Perform integration testing,Testing task for project PRJ008 — Moderate complexity.,Testing,PRJ008,Medium,Moderate,9.5,,5,"JMeter,Jest,TestRail",Developer,Mid,,4.5,EMP084,2023-07-09,Not Started,0.0,2023-07-13,2023-07-16,,False,0,1,TSK0124,,,,False,,False,0,,,High,High,59.5,False,True,2,Daily,4.7,2023-07-09 12:45:00,2024-07-23 08:00:00
TSK0292,Design onboarding flow,Design task for project PRJ063 — Complex complexity.,Design,PRJ063,Critical,Complex,59.9,53.4,8,"HTML,Illustrator",Designer,Junior,,7.0,EMP076,2023-04-03,Completed,100.0,2023-05-23,2023-06-05,2023-06-07,True,2,5,,,"TSK0293,TSK0284",,False,9.0,False,0,8.2,9.1,High,High,77.9,False,True,5,As needed,3.3,2023-05-08 16:45:00,2023-07-27 16:00:00
TSK0293,Build design system,Design task for project PRJ024 — Moderate complexity.,Design,PRJ024,Medium,Moderate,21.8,,8,Prototyping,Designer,Mid,,4.5,,,In Progress,73.0,2024-01-15,2024-01-22,,True,800,4,,"TSK0295,TSK0296",,,False,,False,0,,,Low,Low,38.2,False,True,2,As needed,1.5,2023-10-31 16:30:00,2024-12-17 16:45:00
TSK0294,Code review,Review task for project PRJ041 — Moderate complexity.,Review,PRJ041,High,Moderate,16.4,19.1,5,Git,Senior Engineer,Senior,,5.8,,,Completed,100.0,2023-05-26,2023-05-31,2023-05-29,False,-2,2,TSK0069,,"TSK0296,TSK0292",,True,8.2,True,2,6.1,8.9,Low,High,63.9,False,True,3,As needed,2.4,2023-05-02 12:45:00,2023-10-19 16:15:00
TSK0295,Write API documentation,Documentation task for project PRJ025 — Moderate complexity.,Documentation,PRJ025,High,Moderate,19.4,19.3,8,"Git,Technical Writing",Developer,Mid,,6.0,,,Completed,100.0,2024-01-24,2024-02-01,2024-01-29,False,-3,5,,,,,False,6.5,False,0,8.9,6.0,Medium,Medium,89.6,False,False,1,Weekly,0.0,2023-11-30 12:15:00,2024-05-18 12:00:00
TSK0296,Research ML frameworks,Research task for project PRJ049 — Moderate complexity.,Research,PRJ049,Critical,Moderate,23.2,17.8,3,"R,Literature Review,Data Analysis",Analyst,Junior,,4.5,EMP074,2023-03-19,Completed,100.0,2023-04-09,2023-04-17,2023-04-24,True,7,5,,"TSK0302,TSK0308",,,False,7.5,False,0,6.3,8.5,Low,Medium,72.3,False,True,3,As needed,1.6,2023-04-03 16:15:00,2025-02-10 10:15:00
TSK0297,Update README,Documentation task for project PRJ007 — Simple complexity.,Documentation,PRJ007,Medium,Simple,7.4,,3,"Git,Technical Writing,Confluence",Developer,Mid,,3.9,EMP078,2024-03-15,Not Started,0.0,2024-04-03,2024-04-10,,False,0,7,,,,,False,,False,0,,,Medium,High,6.6,False,True,3,Daily,1.8,2024-04-02 09:30:00,2024-10-28 13:00:00
TSK0298,Design onboarding flow,Design task for project PRJ031 — Moderate complexity.,Design,PRJ031,Low,Moderate,23.1,,3,"UI/UX,Prototyping,CSS",Designer,Mid,,5.7,EMP002,2024-01-28,Blocked,29.3,2024-02-05,2024-02-14,,True,777,6,,,,,False,,False,0,,,Medium,Medium,17.1,False,True,2,Daily,4.3,2024-01-27 11:00:00,2024-12-11 15:15:00
TSK0299,Design email templates,Design task for project PRJ047 — Complex complexity.,Design,PRJ047,High,Complex,71.0,58.2,13,Adobe XD,Designer,Senior,,8.9,EMP044,2024-10-14,Completed,100.0,2024-11-26,2024-12-09,2024-12-08,False,-1,4,"TSK0151,TSK0136",,,,False,8.3,False,0,8.2,7.0,Low,Medium,56.4,False,True,2,Weekly,5.6,2024-09-19 15:00:00,2025-01-10 08:45:00
TSK0300,Retrospective,Meeting task for project PRJ014 — Moderate complexity.,Meeting,PRJ014,High,Moderate,8.1,8.1,8,"Facilitation,Scrum,Communication",Manager,Mid,,4.6,,,Completed,100.0,2024-08-07,2024-08-10,2024-08-10,False,0,1,,"TSK0308,TSK0316",,,False,7.7,True,2,7.6,7.7,Medium,Medium,68.7,True,True,5,Weekly,1.0,2024-06-13 14:00:00,2024-11-06 11:00:00
TSK0301,Develop payment gateway,Development task for project PRJ018 — Moderate complexity.,Development,PRJ018,Medium,Moderate,14.3,,8,TypeScript,Developer,Junior,,5.0,EMP062,2023-11-02,Not Started,0.0,2023-11-06,2023-11-10,,False,0,2,,,,,True,,False,0,,,Medium,Medium,43.5,False,False,1,Weekly,0.0,2023-10-31 10:00:00,2023-12-31 08:15:00
TSK0302,Create database schema,Development task for project PRJ031 — Very Complex complexity.,Development,PRJ031,Low,Very Complex,86.2,86.5,21,"React,Go",Developer,Senior,,8.9,EMP063,2024-02-05,Completed,100.0,2024-06-15,2024-07-02,2024-06-15,False,-17,6,,"TSK0306,TSK0311",,,False,5.5,True,3,7.5,7.8,Low,Low,5.0,False,False,1,Daily,0.0,2024-05-12 17:15:00,2024-09-19 17:15:00
TSK0303,Run regression suite,Testing task for project PRJ052 — Complex complexity.,Testing,PRJ052,High,Complex,26.1,21.9,8,"PyTest,Cypress,Jest",Developer,Junior,,8.9,EMP049,2023-04-05,Completed,100.0,2023-06-01,2023-06-06,2023-06-20,True,14,1,"TSK0246,TSK0032",,,,False,6.8,False,0,8.1,9.0,Low,Medium,88.7,False,True,4,Weekly,5.4,2023-02-25 08:00:00,2023-07-24 18:30:00
TSK0304,Code review,Review task for project PRJ036 — Moderate complexity.,Review,PRJ036,Critical,Moderate,22.5,,3,"React,Git,Java",Senior Engineer,Senior,,5.3,EMP013,2023-07-14,In Review,35.9,2023-07-30,2023-08-06,,True,969,4,,,,,False,,False,0,,,Medium,Low,64.8,False,False,1,As needed,0.0,2023-07-22 14:00:00,2023-11-15 10:00:00
TSK0305,Conduct user research,Research task for project PRJ025 — Simple complexity.,Research,PRJ025,Low,Simple,5.9,5.4,1,"Statistics,Python,Data Analysis",Analyst,Mid,,1.2,EMP098,2023-11-06,Completed,100.0,2024-02-02,2024-02-08,2024-02-12,True,4,5,"TSK0282,TSK0130",,,,False,5.6,False,0,7.7,10.0,Low,Medium,20.1,False,True,2,As needed,5.5,2023-09-23 15:45:00,2024-10-27 16:00:00
TSK0306,Write release notes,Documentation task for project PRJ017 — Moderate complexity.,Documentation,PRJ017,High,Moderate,12.6,,8,"Technical Writing,Git,Confluence",Developer,Mid,,4.2,EMP088,2023-11-28,In Review,68.0,2024-01-08,2024-01-12,,True,810,2,,,,,False,,False,0,,,Low,High,43.6,True,False,1,As needed,0.0,2023-08-29 17:00:00,2025-02-15 16:45:00
TSK0307,Update README,Documentation task for project PRJ039 — Complex complexity.,Documentation,PRJ039,Critical,Complex,71.7,,13,Markdown,Developer,Junior,,8.4,,,Blocked,19.5,2023-11-30,2023-12-10,,True,843,1,TSK0143,,,,False,,False,0,,,High,Medium,76.0,False,True,2,Daily,0.0,2023-10-25 18:30:00,2024-05-14 09:30:00
TSK0308,Setup alerting rules,DevOps task for project PRJ079 — Very Complex complexity.,DevOps,PRJ079,Critical,Very Complex,115.4,98.5,13,Jenkins,Developer,Senior,,9.3,EMP023,2023-09-24,Completed,100.0,2023-09-27,2023-10-19,2023-10-19,False,0,7,,,,,False,5.6,False,0,8.1,10.0,Low,High,59.6,False,False,1,As needed,0.0,2023-09-18 15:15:00,2024-08-24 12:15:00
TSK0309,Setup alerting rules,DevOps task for project PRJ020 — Simple complexity.,DevOps,PRJ020,Critical,Simple,4.1,3.1,3,Linux,Developer,Senior,,3.2,,,Completed,100.0,2024-03-19,2024-03-22,2024-04-03,True,12,2,,"TSK0315,TSK0319","TSK0304,TSK0318",,False,8.0,True,1,7.5,6.7,Medium,High,87.3,True,False,1,Daily,0.0,2024-03-03 14:00:00,2024-12-13 10:00:00
TSK0310,Setup alerting rules,DevOps task for project PRJ050 — Complex complexity.,DevOps,PRJ050,Medium,Complex,25.2,22.0,8,GitHub Actions,Developer,Junior,,8.5,,,Completed,100.0,2024-06-08,2024-06-13,2024-06-12,False,-1,1,,,"TSK0303,TSK0318",,False,9.3,False,0,7.9,7.1,Low,Medium,45.0,False,True,5,As needed,4.9,2024-03-04 13:45:00,2024-08-26 11:00:00
TSK0311,Write API documentation,Documentation task for project PRJ070 — Moderate complexity.,Documentation,PRJ070,Critical,Moderate,10.0,,3,Confluence,Developer,Junior,,4.3,EMP054,2023-09-16,Not Started,0.0,2023-10-14,2023-10-17,,False,0,1,"TSK0198,TSK0076",,,,False,,False,0,,,Medium,Low,93.2,False,True,2,As needed,3.0,2023-09-04 11:00:00,2025-02-14 12:30:00
TSK0312,Stakeholder review,Meeting task for project PRJ016 — Simple complexity.,Meeting,PRJ016,Medium,Simple,3.5,,1,Agile,Manager,Mid,,3.7,EMP024,2024-01-01,In Review,41.4,2024-01-24,2024-01-27,,True,795,2,,,,,False,,False,0,,,Low,Medium,38.2,False,False,1,Daily,0.0,2023-11-07 08:15:00,2025-02-25 18:15:00
TSK0313,Setup alerting rules,DevOps task for project PRJ058 — Very Complex complexity.,DevOps,PRJ058,Medium,Very Complex,166.6,,21,"Kubernetes,Linux",Developer,Junior,,9.6,EMP019,2023-10-09,Blocked,41.3,2023-10-22,2023-11-17,,True,866,5,,,,,False,,False,0,,,Low,High,35.3,False,True,3,As needed,4.8,2023-10-18 11:45:00,2024-05-23 16:45:00
TSK0314,Code review,Review task for project PRJ069 — Very Complex complexity.,Review,PRJ069,Critical,Very Complex,144.3,,13,"Code Review,Git,Java",Senior Engineer,Mid,,8.8,EMP089,2024-06-19,In Review,40.9,2024-09-19,2024-10-14,,True,534,6,TSK0186,,,TSK0179,False,,False,0,,,Medium,Medium,95.0,False,True,3,As needed,1.8,2024-05-20 16:45:00,2024-11-20 11:15:00
TSK0315,E2E test automation,Testing task for project PRJ016 — Moderate complexity.,Testing,PRJ016,High,Moderate,23.4,22.5,8,JMeter,Developer,Junior,,4.4,EMP085,2023-11-17,Completed,100.0,2023-11-21,2023-11-30,2023-12-04,True,4,6,,,"TSK0317,TSK0309",TSK0292,True,7.5,False,0,6.4,7.0,High,High,75.3,False,True,5,As needed,4.5,2023-11-21 16:30:00,2024-07-18 14:30:00
TSK0316,Implement caching layer,Development task for project PRJ037 — Complex complexity.,Development,PRJ037,Medium,Complex,30.2,24.8,8,"TypeScript,C++",Developer,Senior,,8.8,,,Completed,100.0,2023-12-26,2024-01-04,2024-01-19,True,15,5,,,,,False,6.4,False,0,5.9,7.3,Medium,Medium,58.8,True,True,5,Daily,5.9,2023-12-14 11:45:00,2024-11-06 08:15:00
TSK0317,Design landing page,Design task for project PRJ060 — Moderate complexity.,Design,PRJ060,Medium,Moderate,15.6,,8,"Adobe XD,Figma",Designer,Junior,,5.9,EMP055,2023-12-02,In Review,9.6,2024-02-13,2024-02-17,,True,774,2,"TSK0015,TSK0123",,,,True,,False,0,,,Low,Low,58.3,False,False,1,As needed,0.0,2024-01-07 11:00:00,2024-06-15 12:00:00
TSK0318,Design review,Review task for project PRJ006 — Very Complex complexity.,Review,PRJ006,Low,Very Complex,85.8,77.0,13,"Python,Git",Senior Engineer,Mid,,9.9,EMP025,2023-01-10,Completed,100.0,2023-01-10,2023-01-24,2023-02-03,True,10,3,,"TSK0335,TSK0322",,TSK0196,False,7.0,False,0,8.0,8.0,Medium,High,38.5,False,False,1,Daily,0.0,2023-01-01 10:45:00,2023-03-31 18:00:00
TSK0319,Security vulnerability scan,Testing task for project PRJ021 — Very Complex complexity.,Testing,PRJ021,Medium,Very Complex,199.2,,21,"TestRail,Cypress,JMeter",Developer,Junior,,8.9,EMP056,2023-06-08,In Review,29.7,2023-06-10,2023-06-28,,True,1008,3,TSK0079,,,TSK0159,True,,False,0,,,Medium,Low,28.9,False,True,2,As needed,3.0,2023-06-05 13:15:00,2024-04-07 10:00:00
TSK0320,Architecture discussion,Meeting task for project PRJ046 — Complex complexity.,Meeting,PRJ046,Low,Complex,29.0,,8,"Facilitation,Communication",Manager,Mid,,8.4,EMP033,2024-01-06,Not Started,0.0,2024-01-11,2024-01-18,,False,0,3,,,,,False,,False,0,,,High,Medium,9.9,False,True,5,Weekly,2.2,2024-01-11 13:30:00,2024-02-22 18:45:00
TSK0321,Update README,Documentation task for project PRJ006 — Moderate complexity.,Documentation,PRJ006,Medium,Moderate,17.9,,8,Markdown,Developer,Junior,,4.2,,,In Progress,74.8,2023-02-09,2023-02-18,,True,1138,6,,,,,False,,False,0,,,Medium,Critical,45.5,False,False,1,Daily,0.0,2023-01-28 18:45:00,2023-05-31 09:15:00
TSK0322,Setup CI/CD pipeline,DevOps task for project PRJ056 — Complex complexity.,DevOps,PRJ056,Medium,Complex,35.2,29.9,13,"Docker,Jenkins",Developer,Senior,,7.1,EMP015,2024-04-30,Completed,100.0,2024-05-26,2024-06-05,2024-06-10,True,5,5,"TSK0075,TSK0110",,"TSK0325,TSK0313",,False,5.4,False,0,6.7,9.1,High,Medium,30.3,False,False,1,Daily,0.0,2024-04-04 18:45:00,2024-10-11 12:15:00
TSK0323,Create wireframes,Design task for project PRJ036 — Very Complex complexity.,Design,PRJ036,Medium,Very Complex,128.6,137.3,21,Adobe XD,Designer,Senior,,9.7,EMP034,2023-07-19,Completed,100.0,2023-08-11,2023-08-24,2023-08-24,False,0,7,,,,,False,6.8,False,0,9.2,9.8,Low,High,59.7,False,True,3,As needed,5.8,2023-07-31 13:45:00,2023-08-21 16:15:00
TSK0324,Accessibility audit,Testing task for project PRJ042 — Simple complexity.,Testing,PRJ042,High,Simple,5.6,7.4,3,TestRail,Developer,Mid,,3.2,EMP064,2024-02-19,Completed,100.0,2024-03-31,2024-04-02,2024-04-04,True,2,1,,,,,True,8.3,False,0,5.7,8.9,Medium,Low,50.0,True,True,2,Daily,0.2,2024-01-24 14:15:00,2025-02-01 14:15:00
TSK0325,Technology feasibility study,Research task for project PRJ074 — Moderate complexity.,Research,PRJ074,High,Moderate,23.3,,5,"Excel,Statistics,Literature Review",Analyst,Senior,,6.4,EMP016,2024-05-11,In Progress,81.2,2024-05-12,2024-05-18,,True,683,3,,,,,False,,False,0,,,Medium,Medium,73.0,False,True,4,Weekly,1.1,2024-05-07 10:45:00,2024-11-23 12:45:00
TSK0326,Design landing page,Design task for project PRJ012 — Complex complexity.,Design,PRJ012,Critical,Complex,69.1,68.3,8,"Adobe XD,Illustrator,Prototyping",Designer,Senior,,7.2,EMP097,2023-07-28,Completed,100.0,2023-07-28,2023-08-11,2023-08-26,True,15,5,,,,,False,8.6,False,0,8.5,6.7,Low,Critical,71.6,False,False,1,Weekly,0.0,2023-07-23 09:30:00,2024-11-14 14:45:00
TSK0327,Conduct user research,Research task for project PRJ065 — Complex complexity.,Research,PRJ065,Critical,Complex,39.9,28.0,13,Python,Analyst,Mid,,7.6,EMP005,2023-04-28,Completed,100.0,2023-08-11,2023-08-22,2023-08-18,False,-4,6,,,,,False,6.2,True,3,7.5,8.4,Medium,High,63.6,False,False,1,As needed,0.0,2023-06-06 11:45:00,2023-10-02 17:45:00
TSK0328,Configure monitoring,DevOps task for project PRJ023 — Simple complexity.,DevOps,PRJ023,Medium,Simple,3.8,,2,"Jenkins,Terraform,AWS",Developer,Junior,,2.6,EMP065,2024-04-05,Blocked,13.5,2024-07-10,2024-07-13,,True,627,2,,"TSK0335,TSK0331","TSK0332,TSK0318",,False,,False,0,,,Medium,Critical,39.2,True,True,2,Daily,3.4,2024-03-14 10:45:00,2024-12-19 18:30:00
TSK0329,Research ML frameworks,Research task for project PRJ039 — Moderate complexity.,Research,PRJ039,Medium,Moderate,11.1,12.9,3,Statistics,Analyst,Senior,,6.2,EMP019,2023-10-31,Completed,100.0,2023-11-08,2023-11-17,2023-11-16,False,-1,7,,,"TSK0322,TSK0338",,True,8.1,True,1,7.6,7.5,Medium,Critical,35.1,False,False,1,Daily,0.0,2023-11-03 11:45:00,2023-12-29 15:00:00
TSK0330,Document review,Review task for project PRJ010 — Complex complexity.,Review,PRJ010,Medium,Complex,35.8,,13,Git,Senior Engineer,Mid,,7.8,EMP024,2024-01-07,In Review,82.2,2024-01-28,2024-02-08,,True,783,6,,,,,True,,False,0,,,Low,Critical,37.8,False,True,2,Daily,1.0,2024-01-25 12:00:00,2024-05-05 17:00:00
TSK0331,Perform integration testing,Testing task for project PRJ028 — Complex complexity.,Testing,PRJ028,High,Complex,72.5,,8,"Jest,PyTest,Cypress",Developer,Mid,,8.8,,,In Progress,16.8,2023-10-11,2023-10-24,,True,890,3,,,,,False,,False,0,,,Medium,High,52.1,False,True,5,As needed,5.5,2023-10-02 10:15:00,2024-09-26 12:45:00
TSK0332,Update onboarding guide,Documentation task for project PRJ022 — Simple complexity.,Documentation,PRJ022,Critical,Simple,6.6,,3,"Technical Writing,Markdown",Developer,Junior,,2.5,EMP035,2023-03-03,Not Started,0.0,2023-03-08,2023-03-13,,False,0,4,,"TSK0344,TSK0335",,,False,,False,0,,,Low,Medium,53.4,False,True,4,Daily,2.4,2023-01-14 10:30:00,2024-05-20 10:30:00
TSK0333,Evaluate third-party libraries,Research task for project PRJ048 — Moderate complexity.,Research,PRJ048,High,Moderate,14.0,16.8,5,Literature Review,Analyst,Mid,,4.4,EMP073,2023-11-28,Completed,100.0,2023-12-01,2023-12-09,2023-12-01,False,-8,6,"TSK0309,TSK0109",,"TSK0331,TSK0325",,False,8.0,False,0,6.9,5.3,Low,Medium,48.3,False,True,3,Weekly,1.2,2023-12-01 15:00:00,2024-04-19 14:00:00
TSK0334,Perform integration testing,Testing task for project PRJ077 — Complex complexity.,Testing,PRJ077,Critical,Complex,42.3,48.7,13,"Jest,JMeter",Developer,Mid,,7.5,EMP001,2023-02-13,Completed,100.0,2023-02-14,2023-02-23,2023-02-14,False,-9,3,TSK0173,,"TSK0327,TSK0338",,False,9.0,False,0,7.1,5.8,Low,Medium,73.8,False,True,4,Weekly,3.0,2023-02-02 14:30:00,2025-01-27 15:45:00
TSK0335,Redesign settings page,Design task for project PRJ004 — Very Complex complexity.,Design,PRJ004,Medium,Very Complex,106.9,,13,Illustrator,Designer,Mid,,8.3,EMP022,2023-11-08,In Review,63.4,2023-11-17,2023-12-08,,True,845,7,,,"TSK0326,TSK0333",TSK0025,False,,False,0,,,Low,Critical,48.9,False,False,1,Daily,0.0,2023-11-07 17:45:00,2024-04-03 10:15:00
TSK0336,Write unit tests,Testing task for project PRJ041 — Moderate complexity.,Testing,PRJ041,Low,Moderate,21.8,22.1,8,"Jest,Postman,JMeter",Developer,Mid,,6.7,,,Completed,100.0,2023-06-07,2023-06-14,2023-06-27,True,13,4,,,,,False,5.3,False,0,6.4,5.6,Low,Medium,10.2,False,False,1,Daily,0.0,2023-06-04 11:15:00,2023-08-25 09:45:00
TSK0337,Refactor legacy module,Development task for project PRJ028 — Moderate complexity.,Development,PRJ028,Medium,Moderate,15.5,19.7,5,"Node.js,C++",Developer,Senior,,4.6,EMP066,2023-10-21,Completed,100.0,2023-10-21,2023-10-26,2023-10-27,True,1,3,,,"TSK0331,TSK0334",,False,6.6,False,0,7.7,6.8,Medium,High,40.9,False,False,1,As needed,0.0,2023-10-10 11:00:00,2024-03-11 14:15:00
TSK0338,Design email templates,Design task for project PRJ019 — Moderate complexity.,Design,PRJ019,High,Moderate,15.4,,3,HTML,Designer,Senior,,6.2,EMP024,2024-03-11,Not Started,0.0,2024-04-02,2024-04-05,,False,0,1,,,,TSK0221,False,,False,0,,,Medium,High,77.2,False,False,1,Daily,0.0,2024-03-20 16:30:00,2024-04-29 15:30:00
TSK0339,Create database schema,Development task for project PRJ049 — Moderate complexity.,Development,PRJ049,Medium,Moderate,19.7,22.0,5,"Java,Python",Developer,Senior,,4.6,EMP064,2023-03-17,Completed,100.0,2023-03-25,2023-04-01,2023-03-30,False,-2,4,,,"TSK0330,TSK0348",,False,6.1,False,0,8.2,7.9,Medium,High,50.9,False,True,5,Weekly,2.4,2023-02-25 11:30:00,2024-08-13 11:15:00
TSK0340,Document architecture,Documentation task for project PRJ077 — Simple complexity.,Documentation,PRJ077,Medium,Simple,3.0,3.1,1,Markdown,Developer,Junior,,1.3,EMP089,2023-03-14,Completed,100.0,2023-04-17,2023-04-24,2023-05-06,True,12,6,,"TSK0355,TSK0345",,,False,5.9,True,2,8.2,7.4,Low,High,61.9,False,False,1,Daily,0.0,2023-02-03 17:30:00,2024-08-14 17:00:00
TSK0341,Code review,Review task for project PRJ015 — Simple complexity.,Review,PRJ015,Critical,Simple,1.3,,1,Code Review,Senior Engineer,Mid,,2.7,EMP065,2023-07-31,Not Started,0.0,2023-11-14,2023-11-22,,False,0,7,"TSK0232,TSK0252",,,,False,,False,0,,,Low,High,75.0,False,False,1,Weekly,0.0,2023-09-07 12:30:00,2025-02-12 16:45:00
TSK0342,Refactor legacy module,Development task for project PRJ019 — Moderate complexity.,Development,PRJ019,Critical,Moderate,23.7,,3,"React,Java",Developer,Mid,,6.0,EMP095,2024-03-16,In Progress,47.3,2024-03-21,2024-03-27,,True,735,3,"TSK0328,TSK0056",,,,False,,False,0,,,Medium,Medium,95.0,False,True,3,Weekly,1.6,2024-03-14 13:30:00,2024-10-07 17:45:00
TSK0343,Benchmark database options,Research task for project PRJ006 — Simple complexity.,Research,PRJ006,High,Simple,5.1,,3,"Data Analysis,Statistics",Analyst,Senior,,2.0,EMP073,2023-01-20,Not Started,0.0,2023-01-24,2023-01-29,,False,0,4,,,,,True,,False,0,,,Medium,Low,85.7,False,True,4,As needed,2.9,2023-01-01 12:00:00,2024-05-02 08:15:00
TSK0344,Prototype user journey,Design task for project PRJ007 — Moderate complexity.,Design,PRJ007,Medium,Moderate,15.8,,3,"UI/UX,Figma,Illustrator",Designer,Junior,,5.3,EMP045,2024-03-07,In Progress,5.1,2024-03-31,2024-04-09,,True,722,7,TSK0222,,"TSK0341,TSK0335",,False,,False,0,,,Medium,High,44.0,False,True,5,As needed,2.4,2024-02-14 12:30:00,2025-01-30 12:15:00
TSK0345,Team sync,Meeting task for project PRJ075 — Simple complexity.,Meeting,PRJ075,High,Simple,2.0,1.8,1,"Scrum,Agile,Communication",Manager,Senior,,1.8,,,Completed,100.0,2023-03-20,2023-03-26,2023-03-26,False,0,5,,,,,True,6.6,False,0,8.1,8.1,Low,High,66.1,False,True,5,Weekly,2.1,2023-03-13 14:45:00,2024-07-04 08:00:00
TSK0346,Design landing page,Design task for project PRJ018 — Complex complexity.,Design,PRJ018,High,Complex,58.5,,13,CSS,Designer,Junior,,8.6,EMP073,2024-01-12,In Review,36.7,2024-03-25,2024-04-07,,True,724,5,TSK0237,,,TSK0029,False,,False,0,,,Low,Critical,76.1,False,True,2,As needed,2.0,2023-11-12 12:45:00,2024-09-10 08:00:00
TSK0347,Research ML frameworks,Research task for project PRJ067 — Moderate complexity.,Research,PRJ067,High,Moderate,10.3,,8,"Statistics,R",Analyst,Mid,,6.9,EMP082,2023-12-11,Not Started,0.0,2024-01-05,2024-01-09,,False,0,2,,,,,False,,False,0,,,Medium,Medium,69.6,True,False,1,Daily,0.0,2023-11-29 16:00:00,2024-05-10 11:00:00
TSK0348,PR review,Review task for project PRJ051 — Moderate complexity.,Review,PRJ051,High,Moderate,8.9,11.5,3,"React,Code Review",Senior Engineer,Mid,,4.9,EMP079,2023-07-21,Completed,100.0,2023-08-08,2023-08-12,2023-08-15,True,3,2,,,"TSK0345,TSK0343",,False,8.4,True,2,9.9,6.5,Medium,Low,56.8,False,True,5,Daily,2.2,2023-07-03 14:45:00,2023-11-25 15:45:00
TSK0349,Build notification service,Development task for project PRJ037 — Moderate complexity.,Development,PRJ037,Medium,Moderate,15.3,,8,SQL,Developer,Mid,,5.2,EMP085,2024-02-16,In Review,7.9,2024-03-05,2024-03-10,,True,752,3,,,,,False,,False,0,,,High,Low,57.9,False,True,3,As needed,2.1,2024-02-17 14:00:00,2024-06-02 18:15:00
TSK0350,Design critique,Meeting task for project PRJ059 — Moderate complexity.,Meeting,PRJ059,High,Moderate,19.4,14.5,3,"Facilitation,Agile",Manager,Junior,,4.8,EMP062,2024-03-22,Completed,100.0,2024-04-09,2024-04-15,2024-04-21,True,6,3,,,,,False,7.2,False,0,7.2,8.5,High,High,70.1,False,True,5,As needed,0.4,2024-02-18 10:15:00,2024-05-28 18:00:00
TSK0351,PR review,Review task for project PRJ042 — Moderate complexity.,Review,PRJ042,Low,Moderate,20.2,,8,React,Senior Engineer,Junior,,6.4,EMP054,2024-01-12,In Progress,66.9,2024-02-05,2024-02-10,,True,781,2,TSK0038,,,TSK0090,False,,False,0,,,Low,Medium,64.2,False,True,5,As needed,0.8,2024-02-05 16:15:00,2024-05-15 12:45:00
TSK0352,Write release notes,Documentation task for project PRJ029 — Complex complexity.,Documentation,PRJ029,High,Complex,35.3,,8,Technical Writing,Developer,Senior,,7.9,,,In Progress,72.2,2023-07-18,2023-07-30,,True,976,7,TSK0003,,,TSK0095,False,,False,0,,,High,Medium,83.7,False,True,5,As needed,1.1,2023-06-18 17:45:00,2024-12-11 13:30:00
TSK0353,API contract testing,Testing task for project PRJ009 — Moderate complexity.,Testing,PRJ009,Medium,Moderate,15.0,,8,JMeter,Developer,Senior,,5.1,EMP039,2023-07-04,Blocked,11.6,2023-07-19,2023-07-26,,True,980,5,"TSK0012,TSK0115",,,,False,,False,0,,,Medium,High,41.6,False,True,3,As needed,5.8,2023-06-23 16:15:00,2024-12-30 17:30:00
TSK0354,Build search feature,Development task for project PRJ070 — Very Complex complexity.,Development,PRJ070,Medium,Very Complex,163.7,,13,"TypeScript,Node.js",Developer,Senior,,9.2,,,Not Started,0.0,2023-10-10,2023-11-06,,False,0,6,TSK0072,,,,False,,False,0,,,High,High,32.2,False,False,1,As needed,0.0,2023-09-28 09:00:00,2024-04-04 09:45:00
TSK0355,Prototype user journey,Design task for project PRJ071 — Complex complexity.,Design,PRJ071,Medium,Complex,50.8,,8,"Prototyping,Illustrator,UI/UX",Designer,Mid,,7.5,,,Not Started,0.0,2023-03-09,2023-03-17,,False,0,1,,,,TSK0029,False,,False,0,,,Low,Low,53.3,True,True,3,Weekly,3.2,2023-03-06 18:00:00,2024-09-24 15:00:00
TSK0356,Conduct load testing,Testing task for project PRJ056 — Simple complexity.,Testing,PRJ056,Medium,Simple,5.9,5.6,3,Selenium,Developer,Mid,,1.4,EMP008,2024-04-28,Completed,100.0,2024-06-08,2024-06-10,2024-06-19,True,9,1,,,,,False,6.4,False,0,6.0,7.6,Low,Medium,34.4,False,False,1,Weekly,0.0,2024-05-04 08:00:00,2024-07-07 10:45:00
TSK0357,Create data pipeline,Development task for project PRJ041 — Complex complexity.,Development,PRJ041,High,Complex,43.6,45.1,8,Java,Developer,Junior,,9.0,,,Completed,100.0,2023-05-14,2023-05-25,2023-05-26,True,1,5,TSK0254,,,,False,6.0,False,0,5.8,6.8,Medium,Medium,80.3,False,False,1,As needed,0.0,2023-05-08 12:15:00,2024-11-03 12:30:00
TSK0358,Prototype user journey,Design task for project PRJ007 — Complex complexity.,Design,PRJ007,High,Complex,43.4,32.8,13,"Prototyping,Figma",Designer,Junior,,8.4,EMP067,2024-03-03,Completed,100.0,2024-03-28,2024-04-07,2024-04-05,False,-2,4,,,"TSK0355,TSK0363",,False,10.0,True,2,4.3,7.5,Medium,Low,69.9,False,False,1,Weekly,0.0,2024-03-16 14:30:00,2024-05-10 08:30:00
TSK0359,Create data pipeline,Development task for project PRJ049 — Simple complexity.,Development,PRJ049,High,Simple,3.7,4.0,1,"Python,SQL",Developer,Junior,,1.7,EMP005,2023-04-04,Completed,100.0,2023-04-18,2023-04-21,2023-05-01,True,10,2,,,,,False,8.6,False,0,6.3,8.3,Low,High,77.9,False,True,5,Weekly,4.7,2023-04-07 08:00:00,2024-11-04 14:30:00
TSK0360,Optimize Docker images,DevOps task for project PRJ074 — Simple complexity.,DevOps,PRJ074,Medium,Simple,6.0,4.8,3,"AWS,Docker,Kubernetes",Developer,Junior,,1.8,,,Completed,100.0,2024-08-13,2024-08-18,2024-08-20,True,2,4,,,,,True,7.2,False,0,10.0,6.1,Low,Low,67.0,False,True,2,Daily,0.7,2024-07-09 18:30:00,2024-10-19 10:45:00
TSK0361,Code review,Review task for project PRJ002 — Moderate complexity.,Review,PRJ002,High,Moderate,15.5,11.5,5,"Code Review,Java",Senior Engineer,Senior,,5.4,EMP036,2023-12-29,Completed,100.0,2023-12-31,2024-01-04,2024-01-13,True,9,2,"TSK0133,TSK0254",TSK0366,,,False,8.7,False,0,7.4,9.1,Medium,Medium,81.4,True,True,5,As needed,3.5,2023-04-02 16:15:00,2024-01-31 12:30:00
TSK0362,Design critique,Meeting task for project PRJ070 — Very Complex complexity.,Meeting,PRJ070,Critical,Very Complex,166.2,,13,Facilitation,Manager,Junior,,8.7,EMP066,2023-09-08,Not Started,0.0,2023-09-16,2023-10-12,,False,0,5,,,,,False,,False,0,,,Low,High,70.6,False,False,1,Weekly,0.0,2023-09-07 17:30:00,2024-08-24 14:30:00
TSK0363,Create data pipeline,Development task for project PRJ021 — Moderate complexity.,Development,PRJ021,Critical,Moderate,13.9,,5,SQL,Developer,Senior,,6.8,,,Not Started,0.0,2023-06-17,2023-06-20,,False,0,1,,,,,False,,False,0,,,High,Low,92.7,False,True,2,As needed,3.9,2023-06-02 14:00:00,2023-09-04 11:45:00
TSK0364,Redesign settings page,Design task for project PRJ068 — Simple complexity.,Design,PRJ068,High,Simple,6.6,,3,Illustrator,Designer,Senior,,2.4,EMP074,2023-09-06,In Progress,42.5,2023-10-06,2023-10-12,,True,902,5,"TSK0119,TSK0234",,,,False,,False,0,,,Medium,Critical,31.3,False,True,2,Weekly,2.1,2023-09-23 09:30:00,2025-02-12 17:15:00
TSK0365,Evaluate third-party libraries,Research task for project PRJ073 — Moderate complexity.,Research,PRJ073,High,Moderate,21.2,24.8,3,"R,Statistics",Analyst,Mid,,6.8,EMP078,2024-05-29,Completed,100.0,2024-06-13,2024-06-23,2024-06-26,True,3,7,"TSK0216,TSK0259",,,,False,6.8,False,0,7.3,6.7,Medium,High,31.9,False,False,1,Weekly,0.0,2024-05-10 14:30:00,2025-02-08 09:15:00
TSK0366,Develop payment gateway,Development task for project PRJ022 — Simple complexity.,Development,PRJ022,High,Simple,7.9,,1,"REST APIs,React",Developer,Mid,,2.5,EMP046,2023-01-26,Not Started,0.0,2023-03-18,2023-03-23,,False,0,4,,"TSK0385,TSK0370",,,True,,False,0,,,High,High,62.0,False,True,5,Daily,3.8,2023-02-24 12:45:00,2023-08-02 10:00:00
TSK0367,Sprint planning,Meeting task for project PRJ059 — Simple complexity.,Meeting,PRJ059,High,Simple,3.7,3.2,2,"Scrum,Facilitation,Agile",Manager,Mid,,1.5,EMP007,2024-04-03,Completed,100.0,2024-04-04,2024-04-08,2024-04-07,False,-1,3,,,,,True,7.5,False,0,8.3,8.5,Low,High,66.3,False,True,4,Weekly,3.5,2024-03-27 13:00:00,2024-09-28 12:15:00
TSK0368,Document architecture,Documentation task for project PRJ063 — Complex complexity.,Documentation,PRJ063,High,Complex,48.6,59.7,8,Technical Writing,Developer,Junior,,7.6,EMP086,2023-04-15,Completed,100.0,2023-07-06,2023-07-16,2023-07-25,True,9,3,TSK0015,,"TSK0376,TSK0377",TSK0014,False,9.2,False,0,7.9,8.1,Medium,High,68.0,False,True,5,Weekly,4.4,2023-04-02 15:30:00,2023-10-26 09:45:00
TSK0369,Write release notes,Documentation task for project PRJ012 — Complex complexity.,Documentation,PRJ012,Critical,Complex,72.4,54.7,13,"Confluence,Markdown",Developer,Junior,,8.5,EMP094,2023-07-27,Completed,100.0,2023-08-09,2023-08-22,2023-09-03,True,12,3,,,,TSK0353,False,7.9,False,0,9.7,7.2,Low,Medium,67.3,False,True,4,Weekly,1.1,2023-08-02 18:00:00,2023-08-17 11:15:00
TSK0370,Technology feasibility study,Research task for project PRJ026 — Moderate complexity.,Research,PRJ026,Medium,Moderate,12.2,,3,"Data Analysis,Literature Review,Python",Analyst,Mid,,5.5,,,Blocked,47.2,2024-06-25,2024-07-03,,True,637,6,TSK0252,,"TSK0365,TSK0361",,False,,False,0,,,Low,Low,35.2,False,True,4,Weekly,2.9,2024-06-04 10:30:00,2025-01-26 11:30:00
TSK0371,PR review,Review task for project PRJ051 — Moderate complexity.,Review,PRJ051,High,Moderate,17.6,24.2,8,"Java,Python",Senior Engineer,Mid,,5.4,EMP098,2023-06-12,Completed,100.0,2023-06-20,2023-06-25,2023-06-23,False,-2,2,"TSK0060,TSK0091",,,,True,6.7,False,0,8.5,6.1,High,High,78.4,False,True,5,Daily,3.6,2023-06-19 11:00:00,2024-04-12 12:15:00
TSK0372,Stakeholder review,Meeting task for project PRJ034 — Moderate complexity.,Meeting,PRJ034,Medium,Moderate,18.8,,5,"Facilitation,Scrum,Communication",Manager,Mid,,5.2,EMP035,2023-08-12,In Progress,38.9,2023-10-02,2023-10-09,,True,905,4,,,,,True,,False,0,,,Low,High,51.9,False,True,4,As needed,0.8,2023-08-09 08:00:00,2024-10-24 09:30:00
TSK0373,Design onboarding flow,Design task for project PRJ007 — Complex complexity.,Design,PRJ007,High,Complex,53.0,,13,Illustrator,Designer,Junior,,8.1,EMP030,2024-02-22,Blocked,50.5,2024-02-28,2024-03-13,,True,749,7,,,,TSK0011,False,,False,0,,,Low,High,44.5,False,True,5,Daily,4.7,2024-02-09 10:30:00,2024-07-31 08:15:00
TSK0374,Write release notes,Documentation task for project PRJ016 — Moderate complexity.,Documentation,PRJ016,Medium,Moderate,21.0,,5,Technical Writing,Developer,Junior,,6.0,EMP035,2023-11-18,Not Started,0.0,2024-01-14,2024-01-24,,False,0,7,,,,,True,,False,0,,,Low,High,50.2,False,True,2,As needed,4.4,2023-12-18 11:30:00,2025-02-18 13:45:00
TSK0375,Build notification service,Development task for project PRJ039 — Very Complex complexity.,Development,PRJ039,Medium,Very Complex,112.9,,13,"REST APIs,Node.js",Developer,Mid,,8.2,EMP012,2023-10-19,Blocked,45.1,2023-12-13,2023-12-22,,True,831,5,,,,TSK0255,False,,False,0,,,High,Critical,21.5,False,True,2,Weekly,2.7,2023-11-23 08:45:00,2025-01-10 11:45:00
TSK0376,Design landing page,Design task for project PRJ040 — Complex complexity.,Design,PRJ040,High,Complex,42.6,,8,CSS,Designer,Mid,,7.2,EMP032,2024-02-14,In Progress,78.5,2024-03-23,2024-03-31,,True,731,2,,,,,False,,False,0,,,High,Critical,76.4,False,False,1,Weekly,0.0,2024-02-18 13:15:00,2024-04-10 13:45:00
TSK0377,Evaluate third-party libraries,Research task for project PRJ072 — Simple complexity.,Research,PRJ072,Medium,Simple,6.6,,3,"Statistics,Data Analysis,Literature Review",Analyst,Junior,,2.5,EMP066,2023-03-13,In Progress,32.4,2023-03-25,2023-03-28,,True,1100,2,,TSK0378,"TSK0370,TSK0372",,True,,False,0,,,Low,Medium,54.2,True,True,5,Weekly,1.0,2023-02-27 15:15:00,2024-10-05 14:45:00
TSK0378,Redesign settings page,Design task for project PRJ056 — Complex complexity.,Design,PRJ056,High,Complex,79.8,,13,"Prototyping,CSS",Designer,Mid,,8.0,,,In Progress,52.9,2024-06-30,2024-07-13,,True,627,3,,,,,False,,False,0,,,Medium,Low,74.3,False,True,3,Daily,1.0,2024-06-02 08:30:00,2024-10-14 10:15:00
TSK0379,Build REST API endpoint,Development task for project PRJ040 — Complex complexity.,Development,PRJ040,High,Complex,63.3,,8,"Docker,Go",Developer,Mid,,8.4,,,In Review,33.1,2024-06-25,2024-07-07,,True,633,4,TSK0177,,,,False,,False,0,,,High,High,84.9,False,True,4,As needed,2.2,2024-05-12 12:15:00,2024-07-14 17:15:00
TSK0380,Benchmark database options,Research task for project PRJ036 — Very Complex complexity.,Research,PRJ036,High,Very Complex,101.4,125.4,13,"Literature Review,Excel,Python",Analyst,Mid,,8.3,EMP099,2023-07-31,Completed,100.0,2023-08-16,2023-08-24,2023-09-05,True,12,5,TSK0111,TSK0385,"TSK0370,TSK0381",,True,6.5,True,2,9.3,8.1,High,Critical,44.0,False,True,4,Weekly,3.0,2023-07-11 11:45:00,2024-09-05 14:45:00
TSK0381,Design critique,Meeting task for project PRJ068 — Moderate complexity.,Meeting,PRJ068,Medium,Moderate,9.3,,8,"Scrum,Agile",Manager,Senior,,6.5,EMP056,2023-08-17,In Progress,75.9,2023-08-21,2023-08-29,,True,946,6,,,,,False,,False,0,,,Medium,Low,54.4,True,False,1,Weekly,0.0,2023-08-19 18:30:00,2024-10-28 11:15:00
TSK0382,Write unit tests,Testing task for project PRJ002 — Complex complexity.,Testing,PRJ002,Medium,Complex,35.0,32.5,13,Postman,Developer,Mid,,8.1,EMP033,2023-03-24,Completed,100.0,2023-03-24,2023-04-03,2023-04-02,False,-1,5,"TSK0329,TSK0246",,,,False,8.6,True,3,9.9,7.5,Low,Medium,60.2,False,True,5,Weekly,6.0,2023-03-22 15:45:00,2023-09-17 15:00:00
TSK0383,Implement caching layer,Development task for project PRJ079 — Complex complexity.,Development,PRJ079,High,Complex,74.1,,8,Python,Developer,Mid,,8.4,EMP011,2023-11-14,Not Started,0.0,2023-12-21,2024-01-07,,False,0,7,,,,,False,,False,0,,,Medium,High,85.1,False,True,2,Weekly,2.0,2023-12-07 13:15:00,2024-10-16 13:00:00
TSK0384,Build search feature,Development task for project PRJ009 — Simple complexity.,Development,PRJ009,High,Simple,2.4,,3,Node.js,Developer,Senior,,1.4,,,Not Started,0.0,2023-09-07,2023-09-09,,False,0,1,,,,,False,,False,0,,,High,High,88.3,False,False,1,Weekly,0.0,2023-08-31 13:00:00,2024-08-21 15:00:00
TSK0385,Prototype user journey,Design task for project PRJ015 — Moderate complexity.,Design,PRJ015,Critical,Moderate,22.7,25.8,3,Figma,Designer,Mid,,6.2,,,Completed,100.0,2023-09-22,2023-09-28,2023-10-10,True,12,3,"TSK0236,TSK0042",,,,False,8.5,False,0,7.8,6.0,Medium,High,85.8,False,True,3,Daily,1.9,2023-07-27 12:15:00,2024-07-03 10:30:00
TSK0386,Conduct user research,Research task for project PRJ035 — Simple complexity.,Research,PRJ035,Medium,Simple,7.2,,1,"Literature Review,R",Analyst,Mid,,3.9,,,In Progress,42.4,2023-11-19,2023-11-26,,True,857,6,,,,,False,,False,0,,,Low,High,41.9,True,True,5,Weekly,0.9,2023-11-15 11:45:00,2024-05-14 18:30:00
TSK0387,Update onboarding guide,Documentation task for project PRJ012 — Very Complex complexity.,Documentation,PRJ012,Critical,Very Complex,141.6,190.5,13,"Confluence,Git",Developer,Junior,,8.5,EMP081,2023-08-06,Completed,100.0,2023-09-23,2023-10-14,2023-09-25,False,-19,3,,,,TSK0360,False,8.3,True,2,6.5,8.7,High,Low,70.5,False,False,1,Weekly,0.0,2023-09-07 15:30:00,2024-09-01 18:00:00
TSK0388,Write release notes,Documentation task for project PRJ021 — Complex complexity.,Documentation,PRJ021,Critical,Complex,50.1,,8,"Git,Confluence,Technical Writing",Developer,Mid,,8.5,EMP089,2023-06-14,Blocked,57.4,2023-06-15,2023-06-28,,True,1008,7,"TSK0308,TSK0173",,,,True,,False,0,,,High,High,72.3,False,True,2,Daily,2.5,2023-06-06 17:45:00,2025-02-11 08:15:00
TSK0389,Write API documentation,Documentation task for project PRJ077 — Very Complex complexity.,Documentation,PRJ077,Critical,Very Complex,195.8,,13,"Confluence,Git",Developer,Mid,,9.9,EMP007,2023-02-23,In Review,16.9,2023-04-25,2023-05-18,,True,1049,7,,TSK0394,"TSK0384,TSK0388",,False,,False,0,,,Low,Medium,77.1,False,True,3,Weekly,0.9,2023-04-14 13:00:00,2024-08-25 10:30:00
TSK0390,Deploy to staging,DevOps task for project PRJ028 — Moderate complexity.,DevOps,PRJ028,Medium,Moderate,22.6,,8,"Linux,Kubernetes",Developer,Junior,,5.1,EMP050,2023-10-16,In Progress,25.6,2023-12-06,2023-12-15,,True,838,6,,,,,False,,False,0,,,High,High,41.2,False,True,4,Weekly,2.9,2023-10-01 11:15:00,2025-01-02 11:30:00
TSK0391,Develop admin dashboard,Development task for project PRJ079 — Moderate complexity.,Development,PRJ079,Critical,Moderate,17.6,,5,"TypeScript,Java",Developer,Senior,,6.7,,,In Progress,47.5,2024-01-17,2024-01-22,,True,800,2,,,,,False,,False,0,,,Low,Medium,76.4,False,False,1,Daily,0.0,2023-12-28 10:15:00,2024-08-07 18:00:00
TSK0392,Team sync,Meeting task for project PRJ013 — Simple complexity.,Meeting,PRJ013,Medium,Simple,5.6,,2,"Scrum,Communication,Facilitation",Manager,Mid,,3.4,EMP074,2024-01-07,Not Started,0.0,2024-01-07,2024-01-10,,False,0,2,,,,,True,,False,0,,,Low,High,38.2,False,False,1,As needed,0.0,2024-01-06 15:30:00,2025-02-09 15:30:00
TSK0393,Design critique,Meeting task for project PRJ015 — Moderate complexity.,Meeting,PRJ015,Low,Moderate,20.6,15.6,5,"Agile,Communication,Facilitation",Manager,Junior,,5.6,,,Completed,100.0,2024-01-01,2024-01-11,2024-01-22,True,11,7,,,"TSK0399,TSK0398",,False,7.7,False,0,7.5,6.4,High,Low,28.6,False,False,1,Daily,0.0,2023-08-23 08:30:00,2024-04-01 12:30:00
TSK0394,PR review,Review task for project PRJ042 — Moderate complexity.,Review,PRJ042,High,Moderate,12.8,,3,React,Senior Engineer,Mid,,5.8,EMP032,2024-02-01,In Progress,8.1,2024-04-10,2024-04-18,,True,713,6,TSK0325,,,,False,,False,0,,,Low,Medium,38.2,False,True,5,As needed,0.2,2024-02-10 13:00:00,2024-06-24 17:00:00
TSK0395,Design landing page,Design task for project PRJ044 — Moderate complexity.,Design,PRJ044,Low,Moderate,22.8,,8,"Adobe XD,CSS,Prototyping",Designer,Senior,,4.9,EMP093,2024-05-28,In Progress,20.6,2024-06-16,2024-06-20,,True,650,1,,,,,False,,False,0,,,Medium,High,18.2,False,True,2,As needed,2.2,2024-04-25 11:45:00,2024-11-03 10:30:00
TSK0396,Configure monitoring,DevOps task for project PRJ024 — Complex complexity.,DevOps,PRJ024,High,Complex,62.0,71.9,13,"AWS,Docker,Kubernetes",Developer,Senior,,7.0,EMP060,2023-11-24,Completed,100.0,2023-12-01,2023-12-10,2023-12-14,True,4,1,"TSK0114,TSK0033",,,,False,6.7,False,0,8.0,5.0,Low,Medium,60.8,False,True,5,Weekly,5.6,2023-10-26 13:30:00,2024-05-12 13:45:00
TSK0397,PR review,Review task for project PRJ027 — Moderate complexity.,Review,PRJ027,High,Moderate,16.5,,3,"Code Review,Java,Python",Senior Engineer,Senior,,6.0,,,Not Started,0.0,2023-12-25,2024-01-01,,False,0,4,,"TSK0407,TSK0416",,,False,,False,0,,,Low,Critical,77.7,True,True,4,As needed,3.4,2023-11-21 08:30:00,2024-10-04 15:15:00
TSK0398,API contract testing,Testing task for project PRJ049 — Moderate complexity.,Testing,PRJ049,Medium,Moderate,17.7,19.5,3,TestRail,Developer,Senior,,4.3,,,Completed,100.0,2023-03-28,2023-04-02,2023-03-31,False,-2,2,,,,,False,7.2,False,0,7.1,10.0,Medium,High,69.4,False,False,1,Daily,0.0,2023-03-14 18:00:00,2025-02-05 18:30:00
TSK0399,Setup alerting rules,DevOps task for project PRJ064 — Complex complexity.,DevOps,PRJ064,Medium,Complex,66.4,65.1,13,"Linux,Terraform",Developer,Mid,,8.7,,,Completed,100.0,2024-06-20,2024-07-01,2024-06-25,False,-6,2,,,"TSK0408,TSK0403",,False,7.8,False,0,6.2,6.7,Low,Medium,32.4,False,False,1,Daily,0.0,2024-06-14 09:45:00,2025-02-17 08:30:00
TSK0400,Run regression suite,Testing task for project PRJ073 — Moderate complexity.,Testing,PRJ073,High,Moderate,18.0,23.7,8,TestRail,Developer,Senior,,4.3,EMP071,2024-06-14,Completed,100.0,2024-06-29,2024-07-03,2024-07-18,True,15,1,,,,,False,6.2,False,0,7.8,9.1,Low,Low,57.3,True,False,1,As needed,0.0,2024-05-07 08:15:00,2024-11-23 15:45:00
TSK0401,Architecture review,Review task for project PRJ031 — Complex complexity.,Review,PRJ031,High,Complex,68.6,,13,"Code Review,React",Senior Engineer,Junior,,8.0,EMP021,2024-01-22,In Progress,56.3,2024-02-12,2024-02-28,,True,763,7,,,,,False,,False,0,,,Low,Critical,48.5,False,True,4,Weekly,5.3,2024-02-08 09:00:00,2024-09-23 15:00:00
TSK0402,Refactor legacy module,Development task for project PRJ047 — Moderate complexity.,Development,PRJ047,Medium,Moderate,14.4,,8,"Docker,Java",Developer,Senior,,5.9,EMP014,2024-05-31,Not Started,0.0,2024-12-05,2024-12-11,,False,0,4,,,,,True,,False,0,,,Medium,High,55.2,False,False,1,Weekly,0.0,2024-07-07 18:00:00,2025-02-01 15:15:00
TSK0403,Write release notes,Documentation task for project PRJ057 — Simple complexity.,Documentation,PRJ057,High,Simple,3.3,,2,"Markdown,Technical Writing,Git",Developer,Mid,,3.1,,,In Review,8.0,2024-01-08,2024-01-14,,True,808,5,,,,,False,,False,0,,,High,Low,64.5,False,False,1,Weekly,0.0,2023-12-01 18:30:00,2024-03-27 10:15:00
TSK0404,Optimize Docker images,DevOps task for project PRJ033 — Moderate complexity.,DevOps,PRJ033,Medium,Moderate,18.2,20.2,3,"Linux,Jenkins,Terraform",Developer,Senior,,6.6,EMP093,2024-11-01,Completed,100.0,2024-12-09,2024-12-15,2024-12-13,False,-2,3,,,,,False,6.4,False,0,4.8,4.7,Medium,Medium,35.9,False,False,1,Weekly,0.0,2024-10-10 18:15:00,2025-02-14 15:15:00
TSK0405,Create database schema,Development task for project PRJ009 — Very Complex complexity.,Development,PRJ009,High,Very Complex,121.1,139.9,21,"Python,REST APIs,React",Developer,Mid,,8.4,EMP059,2023-08-06,Completed,100.0,2023-08-08,2023-08-27,2023-08-15,False,-12,3,,,"TSK0398,TSK0406",,False,8.0,False,0,7.0,8.0,Medium,Critical,67.1,False,True,2,Daily,5.8,2023-06-24 15:15:00,2024-04-14 12:15:00
TSK0406,Code review,Review task for project PRJ023 — Moderate complexity.,Review,PRJ023,High,Moderate,8.6,,8,React,Senior Engineer,Junior,,4.8,EMP094,2024-03-29,Not Started,0.0,2024-05-31,2024-06-03,,False,0,1,,,"TSK0415,TSK0412",,False,,False,0,,,Medium,Medium,33.0,False,False,1,Weekly,0.0,2024-05-31 09:15:00,2025-01-30 09:45:00
TSK0407,Technology feasibility study,Research task for project PRJ013 — Simple complexity.,Research,PRJ013,High,Simple,4.8,,1,"Data Analysis,Excel",Analyst,Mid,,2.8,,,Not Started,0.0,2024-03-20,2024-03-26,,False,0,5,,"TSK0408,TSK0416",,,False,,False,0,,,Medium,Medium,56.5,True,True,4,Weekly,5.7,2024-02-01 12:15:00,2024-09-10 12:30:00
TSK0408,Create wireframes,Design task for project PRJ024 — Moderate complexity.,Design,PRJ024,Medium,Moderate,15.8,12.9,5,"Sketch,Figma",Designer,Mid,,6.7,,,Completed,100.0,2024-01-09,2024-01-15,2024-01-24,True,9,4,,,,,False,7.9,False,0,6.9,8.0,Medium,High,34.0,False,False,1,As needed,0.0,2023-12-29 12:30:00,2025-02-04 16:45:00
TSK0409,Create runbook,Documentation task for project PRJ079 — Moderate complexity.,Documentation,PRJ079,Critical,Moderate,11.4,,8,"Confluence,Git,Markdown",Developer,Junior,,4.5,EMP022,2023-10-12,Not Started,0.0,2023-12-11,2023-12-15,,False,0,2,,,,,False,,False,0,,,High,High,91.4,False,True,4,Weekly,2.2,2023-10-21 13:30:00,2025-02-07 13:45:00
TSK0410,Configure monitoring,DevOps task for project PRJ054 — Moderate complexity.,DevOps,PRJ054,High,Moderate,8.1,,5,"Linux,AWS",Developer,Junior,,4.2,,,In Review,59.9,2024-04-02,2024-04-07,,True,724,3,TSK0107,,,TSK0219,False,,False,0,,,High,Medium,66.4,False,False,1,Daily,0.0,2024-03-23 11:45:00,2024-08-20 09:00:00
TSK0411,Design critique,Meeting task for project PRJ062 — Complex complexity.,Meeting,PRJ062,High,Complex,76.7,90.6,13,"Scrum,Communication",Manager,Senior,,8.9,EMP063,2024-04-12,Completed,100.0,2024-04-20,2024-05-07,2024-05-14,True,7,7,"TSK0142,TSK0276",,,TSK0384,True,7.8,True,3,6.4,8.7,High,Medium,78.1,False,False,1,Daily,0.0,2024-04-03 17:30:00,2025-02-07 11:00:00
TSK0412,Retrospective,Meeting task for project PRJ074 — Simple complexity.,Meeting,PRJ074,Medium,Simple,4.8,,3,Agile,Manager,Junior,,1.8,,,In Progress,29.8,2024-09-20,2024-09-28,,True,550,7,,,,,False,,False,0,,,Low,High,67.1,False,False,1,Daily,0.0,2024-07-29 13:15:00,2024-11-25 12:00:00
TSK0413,Setup alerting rules,DevOps task for project PRJ055 — Simple complexity.,DevOps,PRJ055,Critical,Simple,3.8,,2,Jenkins,Developer,Senior,,3.4,EMP003,2023-05-10,In Progress,82.6,2023-06-03,2023-06-05,,True,1031,1,,,,,False,,False,0,,,Low,Critical,84.9,True,False,1,Weekly,0.0,2023-02-01 16:00:00,2024-11-28 10:00:00
TSK0414,Benchmark database options,Research task for project PRJ010 — Moderate complexity.,Research,PRJ010,Medium,Moderate,20.3,,5,"Data Analysis,Python",Analyst,Mid,,6.5,EMP020,2024-01-29,In Progress,80.6,2024-02-16,2024-02-23,,True,768,4,,,,,False,,False,0,,,Medium,High,27.8,False,False,1,Weekly,0.0,2024-01-15 08:45:00,2024-02-25 08:15:00
TSK0415,API contract testing,Testing task for project PRJ034 — Complex complexity.,Testing,PRJ034,High,Complex,71.9,,13,Jest,Developer,Senior,,8.1,EMP092,2023-07-17,Blocked,74.8,2023-08-01,2023-08-17,,True,958,7,,,"TSK0405,TSK0423",,False,,False,0,,,Medium,Critical,50.8,False,True,2,Weekly,2.0,2023-06-21 11:15:00,2024-02-23 12:15:00
TSK0416,Technology feasibility study,Research task for project PRJ028 — Very Complex complexity.,Research,PRJ028,Critical,Very Complex,172.7,,13,"Statistics,Python,Excel",Analyst,Mid,,8.3,EMP004,2023-12-03,In Review,15.5,2024-01-31,2024-02-08,,True,783,4,"TSK0205,TSK0102",,,TSK0090,False,,False,0,,,Low,Medium,95.0,False,True,2,Weekly,1.0,2023-10-24 09:45:00,2025-02-13 17:30:00
TSK0417,Database backup automation,DevOps task for project PRJ025 — Moderate complexity.,DevOps,PRJ025,Medium,Moderate,11.4,12.0,3,"Linux,Terraform",Developer,Senior,,6.4,EMP003,2023-09-16,Completed,100.0,2023-12-17,2023-12-23,2023-12-25,True,2,4,,,,,False,7.9,False,0,6.8,5.1,Medium,Medium,49.1,False,False,1,As needed,0.0,2023-12-04 09:45:00,2024-08-14 08:30:00
TSK0418,Sprint planning,Meeting task for project PRJ006 — Moderate complexity.,Meeting,PRJ006,High,Moderate,10.3,,3,Communication,Manager,Junior,,4.5,EMP018,2023-01-10,Not Started,0.0,2023-01-10,2023-01-14,,False,0,2,,,,,False,,False,0,,,Low,High,78.7,False,True,3,Weekly,5.6,2023-01-01 18:15:00,2024-01-18 09:15:00
TSK0419,Benchmark database options,Research task for project PRJ040 — Very Complex complexity.,Research,PRJ040,High,Very Complex,128.4,92.4,21,Excel,Analyst,Mid,,9.8,,,Completed,100.0,2024-04-16,2024-05-08,2024-05-06,False,-2,5,TSK0209,"TSK0436,TSK0425","TSK0409,TSK0421",TSK0034,False,7.6,True,2,8.4,7.9,Low,High,40.2,False,True,5,Daily,0.8,2024-04-16 18:00:00,2024-09-22 15:45:00
TSK0420,Team sync,Meeting task for project PRJ070 — Simple complexity.,Meeting,PRJ070,High,Simple,3.6,,3,Facilitation,Manager,Mid,,3.0,EMP074,2023-09-10,Not Started,0.0,2023-09-19,2023-09-24,,False,0,4,,,"TSK0412,TSK0413",,False,,False,0,,,Low,Critical,50.6,False,False,1,Daily,0.0,2023-09-05 10:30:00,2024-08-20 15:30:00
TSK0421,Architecture discussion,Meeting task for project PRJ055 — Simple complexity.,Meeting,PRJ055,Medium,Simple,3.6,,1,Communication,Manager,Mid,,2.7,EMP007,2023-01-22,In Review,82.0,2023-01-27,2023-02-03,,True,1153,6,TSK0407,,,,True,,False,0,,,Medium,Low,46.1,False,False,1,Weekly,0.0,2023-01-27 14:45:00,2023-09-03 15:30:00
TSK0422,Design email templates,Design task for project PRJ036 — Complex complexity.,Design,PRJ036,Medium,Complex,60.7,,13,"Adobe XD,Illustrator",Designer,Senior,,7.7,EMP099,2023-07-22,In Progress,34.0,2023-07-25,2023-08-05,,True,970,3,,,,,False,,False,0,,,High,Critical,41.8,True,True,2,Weekly,1.4,2023-07-18 09:00:00,2025-02-07 12:15:00
TSK0423,Document review,Review task for project PRJ056 — Very Complex complexity.,Review,PRJ056,Medium,Very Complex,146.4,,13,Git,Senior Engineer,Mid,,9.9,EMP066,2024-05-07,In Progress,38.8,2024-06-16,2024-07-07,,True,633,2,,"TSK0440,TSK0428",,TSK0273,False,,False,0,,,Low,High,38.8,False,False,1,Daily,0.0,2024-06-09 10:30:00,2024-09-05 09:15:00
TSK0424,Conduct load testing,Testing task for project PRJ070 — Complex complexity.,Testing,PRJ070,Medium,Complex,76.8,,13,"Postman,JMeter",Developer,Senior,,8.7,EMP052,2023-09-25,Not Started,0.0,2023-10-12,2023-10-23,,False,0,1,,,"TSK0423,TSK0414",,True,,False,0,,,High,Medium,73.3,False,False,1,Weekly,0.0,2023-10-06 17:00:00,2023-11-11 14:15:00
TSK0425,Conduct load testing,Testing task for project PRJ032 — Moderate complexity.,Testing,PRJ032,Medium,Moderate,14.3,12.5,3,JMeter,Developer,Mid,,5.9,EMP029,2023-12-25,Completed,100.0,2024-02-28,2024-03-06,2024-03-05,False,-1,5,TSK0106,,,TSK0061,False,5.7,False,0,4.1,6.9,Low,High,53.3,False,True,5,Daily,1.4,2024-01-05 12:00:00,2024-12-01 17:45:00
TSK0426,Stakeholder review,Meeting task for project PRJ035 — Moderate complexity.,Meeting,PRJ035,High,Moderate,23.2,23.2,3,"Scrum,Facilitation,Communication",Manager,Mid,,5.1,,,Completed,100.0,2023-11-18,2023-11-22,2023-12-02,True,10,1,,"TSK0434,TSK0442",,,False,7.7,False,0,8.0,6.8,Medium,Medium,65.5,False,False,1,Daily,0.0,2023-10-09 12:30:00,2024-06-19 18:30:00
TSK0427,Implement caching layer,Development task for project PRJ013 — Complex complexity.,Development,PRJ013,Medium,Complex,63.9,,13,"C++,REST APIs,TypeScript",Developer,Mid,,7.5,EMP014,2024-04-12,Blocked,55.2,2024-05-09,2024-05-19,,True,682,2,,,,TSK0407,True,,False,0,,,Medium,Low,39.9,False,False,1,As needed,0.0,2024-01-18 09:15:00,2024-11-09 17:45:00
TSK0428,Refactor legacy module,Development task for project PRJ045 — Very Complex complexity.,Development,PRJ045,High,Very Complex,157.7,114.5,21,"Python,React,Go",Developer,Junior,,9.7,EMP081,2023-04-09,Completed,100.0,2023-04-27,2023-05-24,2023-05-30,True,6,7,"TSK0051,TSK0150",,,,False,7.7,False,0,8.4,4.8,High,High,82.4,False,False,1,Daily,0.0,2023-03-06 12:45:00,2023-06-14 13:45:00
TSK0429,Conduct user research,Research task for project PRJ072 — Moderate complexity.,Research,PRJ072,Medium,Moderate,20.3,,8,R,Analyst,Mid,,5.9,EMP023,2023-03-05,In Progress,69.0,2023-04-05,2023-04-12,,True,1085,4,,,,,False,,False,0,,,Medium,High,40.0,False,True,2,Weekly,3.8,2023-01-31 17:45:00,2025-01-18 10:45:00
TSK0430,Code review,Review task for project PRJ045 — Simple complexity.,Review,PRJ045,High,Simple,3.4,,2,"Python,React,Java",Senior Engineer,Junior,,3.7,EMP015,2023-03-09,In Progress,86.5,2023-05-20,2023-05-23,,True,1044,2,,,,TSK0307,True,,False,0,,,Low,Medium,69.8,False,True,4,As needed,0.9,2023-03-18 16:30:00,2024-06-29 10:45:00
TSK0431,Update README,Documentation task for project PRJ079 — Very Complex complexity.,Documentation,PRJ079,Medium,Very Complex,148.4,129.4,13,"Technical Writing,Confluence",Developer,Junior,,8.6,,,Completed,100.0,2024-01-15,2024-02-07,2024-01-17,False,-21,4,TSK0126,,,TSK0152,False,7.1,True,1,9.6,7.5,Medium,Medium,48.4,False,True,5,As needed,2.5,2023-11-21 17:15:00,2024-08-13 10:45:00
TSK0432,Setup alerting rules,DevOps task for project PRJ034 — Moderate complexity.,DevOps,PRJ034,High,Moderate,19.3,18.4,5,"AWS,Docker,Kubernetes",Developer,Mid,,6.4,EMP031,2023-07-21,Completed,100.0,2023-08-17,2023-08-24,2023-08-28,True,4,4,,,,,False,8.3,True,3,8.4,8.2,Medium,High,68.5,False,True,2,Daily,4.8,2023-08-17 11:30:00,2024-04-02 15:30:00
TSK0433,Architecture review,Review task for project PRJ080 — Moderate complexity.,Review,PRJ080,Medium,Moderate,15.0,,8,"Git,Code Review",Senior Engineer,Junior,,5.3,EMP008,2024-06-08,Blocked,52.6,2024-06-29,2024-07-02,,True,638,1,,"TSK0452,TSK0442",,,False,,False,0,,,High,Medium,41.3,False,True,3,Daily,5.9,2024-05-20 18:45:00,2024-09-16 16:30:00
TSK0434,Setup CI/CD pipeline,DevOps task for project PRJ019 — Moderate complexity.,DevOps,PRJ019,High,Moderate,20.3,,8,Linux,Developer,Mid,,5.8,EMP076,2024-03-03,In Review,9.5,2024-03-03,2024-03-11,,True,751,5,,,,,False,,False,0,,,Medium,Medium,63.6,False,True,3,Weekly,5.0,2024-02-22 18:45:00,2024-05-03 13:00:00
TSK0435,Setup CI/CD pipeline,DevOps task for project PRJ053 — Complex complexity.,DevOps,PRJ053,High,Complex,45.4,,13,"Terraform,Docker",Developer,Mid,,7.3,EMP091,2023-05-27,Blocked,13.1,2023-06-04,2023-06-12,,True,1024,2,"TSK0103,TSK0117",,,,True,,False,0,,,Medium,Medium,71.3,True,False,1,As needed,0.0,2023-05-07 16:00:00,2024-06-20 09:15:00
TSK0436,Refactor legacy module,Development task for project PRJ001 — Simple complexity.,Development,PRJ001,Critical,Simple,3.3,4.5,2,"C++,Go,React",Developer,Mid,,1.1,,,Completed,100.0,2023-11-15,2023-11-23,2023-11-17,False,-6,7,,TSK0448,,,False,6.6,False,0,7.9,5.8,Low,High,88.6,True,False,1,Weekly,0.0,2023-11-10 15:00:00,2024-09-28 08:00:00
TSK0437,Design landing page,Design task for project PRJ045 — Simple complexity.,Design,PRJ045,Medium,Simple,5.8,,3,"Illustrator,Prototyping,HTML",Designer,Mid,,2.6,,,In Progress,21.4,2023-02-25,2023-03-02,,True,1126,4,,,,,True,,False,0,,,Low,Medium,50.8,False,False,1,Weekly,0.0,2023-02-10 15:15:00,2024-04-13 08:30:00
TSK0438,Design landing page,Design task for project PRJ067 — Simple complexity.,Design,PRJ067,Low,Simple,1.6,,3,"Prototyping,UI/UX",Designer,Mid,,2.0,EMP069,2024-04-13,Not Started,0.0,2024-04-14,2024-04-20,,False,0,5,,,"TSK0442,TSK0441",TSK0013,False,,False,0,,,Low,Medium,23.8,False,False,1,As needed,0.0,2024-03-24 17:45:00,2024-09-17 15:30:00
TSK0439,Build notification service,Development task for project PRJ025 — Complex complexity.,Development,PRJ025,Low,Complex,77.0,88.4,13,Node.js,Developer,Junior,,8.8,EMP069,2023-09-23,Completed,100.0,2024-02-09,2024-02-24,2024-02-14,False,-10,5,,,,,False,8.1,False,0,7.1,7.3,Low,Low,31.1,False,True,4,Daily,4.1,2023-09-17 11:00:00,2024-09-30 10:15:00
TSK0440,Conduct user research,Research task for project PRJ064 — Moderate complexity.,Research,PRJ064,High,Moderate,11.3,,8,Statistics,Analyst,Mid,,5.8,EMP038,2024-05-23,In Progress,22.5,2024-05-25,2024-05-31,,True,670,4,,,,,False,,False,0,,,Medium,Medium,63.7,False,True,2,As needed,0.9,2024-05-22 11:30:00,2024-12-27 18:30:00
TSK0441,Create runbook,Documentation task for project PRJ053 — Moderate complexity.,Documentation,PRJ053,Critical,Moderate,19.0,,5,"Markdown,Git",Developer,Mid,,6.5,,,In Progress,76.6,2023-06-07,2023-06-13,,True,1023,3,"TSK0022,TSK0357",,"TSK0438,TSK0433",TSK0406,False,,False,0,,,Low,Critical,79.4,False,False,1,As needed,0.0,2023-05-24 10:30:00,2024-07-18 12:30:00
TSK0442,Write release notes,Documentation task for project PRJ014 — Moderate complexity.,Documentation,PRJ014,Medium,Moderate,20.2,,5,Git,Developer,Mid,,6.5,EMP017,2024-06-11,In Review,52.2,2024-06-29,2024-07-03,,True,637,1,,TSK0455,"TSK0434,TSK0439",,False,,False,0,,,Low,Medium,51.5,False,True,2,Daily,4.0,2024-05-31 11:15:00,2024-12-31 13:00:00
TSK0443,Write unit tests,Testing task for project PRJ044 — Very Complex complexity.,Testing,PRJ044,High,Very Complex,183.1,,21,"JMeter,Jest",Developer,Mid,,9.8,EMP083,2024-03-13,Not Started,0.0,2024-06-03,2024-06-30,,False,0,4,,,"TSK0439,TSK0444",,False,,False,0,,,Low,Critical,72.1,False,False,1,Daily,0.0,2024-03-27 17:30:00,2024-08-24 10:30:00
TSK0444,Create icon set,Design task for project PRJ053 — Moderate complexity.,Design,PRJ053,Low,Moderate,16.3,15.6,3,Prototyping,Designer,Junior,,5.9,,,Completed,100.0,2023-05-24,2023-06-02,2023-06-03,True,1,6,TSK0289,"TSK0463,TSK0448",,TSK0280,False,4.0,True,3,7.1,6.1,Medium,Medium,5.0,False,True,5,Weekly,1.7,2023-05-23 14:45:00,2024-01-22 18:45:00
TSK0445,PR review,Review task for project PRJ062 — Complex complexity.,Review,PRJ062,High,Complex,75.5,68.0,8,Python,Senior Engineer,Junior,,7.9,EMP050,2024-05-11,Completed,100.0,2024-07-10,2024-07-22,2024-07-14,False,-8,2,,,,,True,6.9,False,0,6.7,6.0,Medium,Low,38.7,False,True,3,Weekly,5.0,2024-05-14 11:45:00,2024-10-25 14:45:00
TSK0446,Setup alerting rules,DevOps task for project PRJ060 — Moderate complexity.,DevOps,PRJ060,Low,Moderate,13.8,11.6,5,"GitHub Actions,Jenkins,AWS",Developer,Junior,,6.0,EMP025,2023-11-20,Completed,100.0,2023-12-12,2023-12-20,2023-12-28,True,8,6,,,,,False,5.9,True,1,8.4,6.2,Medium,Medium,8.7,False,True,5,Daily,1.8,2023-12-07 14:00:00,2024-03-23 11:30:00
TSK0447,Setup CI/CD pipeline,DevOps task for project PRJ067 — Complex complexity.,DevOps,PRJ067,High,Complex,48.2,,13,"GitHub Actions,Jenkins,Kubernetes",Developer,Senior,,7.0,EMP023,2023-12-19,Not Started,0.0,2024-01-23,2024-02-03,,False,0,4,,,,,True,,False,0,,,Medium,Medium,48.4,False,True,5,Daily,1.9,2024-01-20 17:00:00,2025-01-03 09:00:00
TSK0448,Develop payment gateway,Development task for project PRJ007 — Moderate complexity.,Development,PRJ007,High,Moderate,13.3,,3,SQL,Developer,Senior,,4.9,EMP028,2024-02-27,Not Started,0.0,2024-03-11,2024-03-15,,False,0,2,,,,,False,,False,0,,,Low,Critical,60.0,True,False,1,As needed,0.0,2024-02-18 10:15:00,2024-10-09 09:45:00
TSK0449,Design review,Review task for project PRJ036 — Complex complexity.,Review,PRJ036,Critical,Complex,62.6,76.9,8,"Java,React",Senior Engineer,Mid,,9.0,,,Completed,100.0,2023-07-23,2023-08-04,2023-07-26,False,-9,4,,,,,False,7.0,False,0,8.4,10.0,Medium,Medium,70.7,False,True,2,Daily,5.8,2023-07-22 13:30:00,2023-10-18 13:00:00
TSK0450,Document architecture,Documentation task for project PRJ051 — Complex complexity.,Documentation,PRJ051,Medium,Complex,75.3,68.1,8,"Git,Technical Writing,Confluence",Developer,Junior,,9.0,EMP011,2023-06-19,Completed,100.0,2023-07-03,2023-07-19,2023-07-23,True,4,6,,,,,False,7.7,False,0,8.0,7.8,Medium,Low,64.2,True,False,1,Weekly,0.0,2023-06-08 08:15:00,2024-05-11 12:45:00
TSK0451,Develop admin dashboard,Development task for project PRJ035 — Simple complexity.,Development,PRJ035,High,Simple,6.2,4.5,3,"Docker,Python,Node.js",Developer,Senior,,2.4,EMP080,2023-09-14,Completed,100.0,2023-10-04,2023-10-08,2023-10-21,True,13,3,,,,,True,6.4,False,0,6.7,6.5,High,Low,77.5,False,True,5,Weekly,2.4,2023-09-14 10:30:00,2024-06-27 16:15:00
TSK0452,Write release notes,Documentation task for project PRJ011 — Very Complex complexity.,Documentation,PRJ011,Low,Very Complex,189.6,251.6,13,Technical Writing,Developer,Senior,,9.6,,,Completed,100.0,2023-03-31,2023-05-01,2023-05-02,True,1,7,TSK0192,TSK0455,,TSK0414,True,8.9,False,0,6.1,9.7,Medium,High,42.8,False,False,1,Daily,0.0,2023-03-18 18:45:00,2025-01-05 13:00:00
TSK0453,Develop payment gateway,Development task for project PRJ018 — Moderate complexity.,Development,PRJ018,Medium,Moderate,11.2,7.9,8,Java,Developer,Junior,,6.8,EMP030,2023-11-11,Completed,100.0,2023-12-15,2023-12-18,2023-12-17,False,-1,1,,,"TSK0449,TSK0459",,False,6.2,False,0,8.4,9.3,Low,Low,55.4,False,True,2,As needed,2.7,2023-11-20 08:00:00,2024-03-14 11:30:00
TSK0454,Evaluate third-party libraries,Research task for project PRJ016 — Complex complexity.,Research,PRJ016,Low,Complex,63.4,51.6,8,"Excel,Literature Review,R",Analyst,Junior,,7.4,EMP076,2024-01-22,Completed,100.0,2024-04-20,2024-05-05,2024-04-27,False,-8,7,"TSK0423,TSK0177",,,,False,6.5,False,0,9.0,8.5,Low,Medium,19.4,False,False,1,As needed,0.0,2023-11-14 15:30:00,2024-05-20 17:45:00
TSK0455,PR review,Review task for project PRJ002 — Simple complexity.,Review,PRJ002,Low,Simple,7.8,8.8,3,"Python,Java,Git",Senior Engineer,Junior,,1.3,EMP073,2023-05-28,Completed,100.0,2023-09-23,2023-09-30,2023-10-14,True,14,6,,,,,False,6.2,False,0,9.8,5.8,Low,High,22.8,True,True,2,Weekly,4.1,2023-06-24 15:45:00,2024-08-20 14:45:00
TSK0456,Security vulnerability scan,Testing task for project PRJ019 — Simple complexity.,Testing,PRJ019,Critical,Simple,6.2,7.8,2,"PyTest,Selenium",Developer,Mid,,2.3,EMP081,2024-03-04,Completed,100.0,2024-03-06,2024-03-14,2024-03-10,False,-4,7,,,,,True,7.5,True,1,10.0,5.3,High,Medium,95.0,False,False,1,As needed,0.0,2024-02-27 11:00:00,2024-11-15 14:15:00
TSK0457,Update README,Documentation task for project PRJ030 — Complex complexity.,Documentation,PRJ030,Low,Complex,34.6,,13,Technical Writing,Developer,Mid,,7.9,EMP008,2024-01-31,In Progress,18.6,2024-04-16,2024-04-24,,True,707,7,,,,,True,,False,0,,,Medium,High,29.0,False,False,1,As needed,0.0,2024-04-10 08:30:00,2024-07-06 13:30:00
TSK0458,Infrastructure as code,DevOps task for project PRJ079 — Very Complex complexity.,DevOps,PRJ079,High,Very Complex,94.6,,13,"Terraform,Docker,GitHub Actions",Developer,Junior,,9.1,EMP017,2023-12-25,In Progress,36.7,2024-03-14,2024-04-01,,True,730,6,,,"TSK0459,TSK0455",,False,,False,0,,,Low,Medium,69.5,False,True,5,As needed,4.7,2024-02-01 13:30:00,2024-06-21 10:30:00
TSK0459,Research ML frameworks,Research task for project PRJ076 — Complex complexity.,Research,PRJ076,High,Complex,58.1,,8,Literature Review,Analyst,Junior,,8.0,EMP050,2023-07-02,In Review,31.6,2023-07-26,2023-08-04,,True,971,1,,,,,False,,False,0,,,Medium,High,51.4,False,False,1,Daily,0.0,2023-06-25 11:30:00,2023-12-19 13:00:00
TSK0460,Benchmark database options,Research task for project PRJ001 — Simple complexity.,Research,PRJ001,Medium,Simple,3.3,,3,"Literature Review,Statistics",Analyst,Senior,,2.4,EMP041,2023-10-14,Not Started,0.0,2023-10-17,2023-10-25,,False,0,7,TSK0306,,,,True,,False,0,,,High,High,62.6,False,True,3,Daily,4.7,2023-10-02 08:30:00,2024-02-27 11:15:00
TSK0461,Implement caching layer,Development task for project PRJ054 — Moderate complexity.,Development,PRJ054,Low,Moderate,9.3,9.0,5,"SQL,Java",Developer,Senior,,6.3,,,Completed,100.0,2024-03-29,2024-04-04,2024-04-18,True,14,4,,,"TSK0466,TSK0460",TSK0009,True,6.4,True,2,9.1,9.0,High,High,22.0,False,False,1,Daily,0.0,2024-03-22 14:00:00,2025-02-13 14:30:00
TSK0462,Design critique,Meeting task for project PRJ079 — Simple complexity.,Meeting,PRJ079,High,Simple,6.9,5.0,1,"Communication,Scrum",Manager,Mid,,2.9,EMP093,2023-10-25,Completed,100.0,2024-03-05,2024-03-11,2024-03-23,True,12,5,TSK0268,TSK0465,,,False,5.6,False,0,9.3,7.1,Low,Low,61.8,False,True,2,Daily,3.1,2024-02-23 14:15:00,2024-12-10 09:15:00
TSK0463,Design onboarding flow,Design task for project PRJ034 — Very Complex complexity.,Design,PRJ034,Medium,Very Complex,107.3,,13,Figma,Designer,Mid,,9.3,EMP029,2023-10-11,In Progress,9.5,2023-10-31,2023-11-15,,True,868,1,TSK0079,,"TSK0464,TSK0472",,False,,False,0,,,Low,Medium,64.2,False,True,4,Daily,3.0,2023-09-15 16:00:00,2023-11-20 11:00:00
TSK0464,Code review,Review task for project PRJ001 — Complex complexity.,Review,PRJ001,Medium,Complex,43.6,35.5,8,"React,Python,Git",Senior Engineer,Mid,,8.2,EMP069,2023-09-29,Completed,100.0,2023-11-15,2023-11-26,2023-12-11,True,15,5,,,"TSK0460,TSK0462",,False,7.9,False,0,7.9,6.3,Medium,High,48.2,True,False,1,Weekly,0.0,2023-09-20 15:45:00,2024-02-27 10:00:00
TSK0465,Redesign settings page,Design task for project PRJ027 — Very Complex complexity.,Design,PRJ027,High,Very Complex,104.0,,21,Prototyping,Designer,Mid,,9.7,EMP047,2023-10-15,Not Started,0.0,2023-12-04,2023-12-23,,False,0,5,,,,,False,,False,0,,,Medium,Medium,49.6,False,False,1,Weekly,0.0,2023-09-18 11:45:00,2024-12-06 14:30:00
TSK0466,Security vulnerability scan,Testing task for project PRJ063 — Moderate complexity.,Testing,PRJ063,Low,Moderate,15.7,11.8,8,TestRail,Developer,Mid,,4.9,,,Completed,100.0,2023-06-04,2023-06-13,2023-06-11,False,-2,7,TSK0439,"TSK0467,TSK0476",,,False,7.1,True,2,8.0,7.4,Medium,High,5.3,False,False,1,Daily,0.0,2023-04-24 13:00:00,2024-03-16 14:00:00
TSK0467,Create wireframes,Design task for project PRJ039 — Simple complexity.,Design,PRJ039,Low,Simple,2.0,,2,HTML,Designer,Mid,,3.8,EMP096,2023-10-12,Not Started,0.0,2023-10-17,2023-10-19,,False,0,1,TSK0045,,,,False,,False,0,,,Medium,High,5.0,False,False,1,Weekly,0.0,2023-10-17 15:00:00,2024-10-25 10:15:00
TSK0468,Setup alerting rules,DevOps task for project PRJ004 — Moderate complexity.,DevOps,PRJ004,Low,Moderate,8.6,9.5,5,Linux,Developer,Junior,,6.5,,,Completed,100.0,2023-11-20,2023-11-24,2023-11-20,False,-4,2,,,,,False,7.8,False,0,8.6,5.5,Low,High,43.8,False,False,1,As needed,0.0,2023-11-19 15:00:00,2024-10-17 08:45:00
TSK0469,Design review,Review task for project PRJ030 — Simple complexity.,Review,PRJ030,Medium,Simple,6.0,6.1,3,"Python,Git,Java",Senior Engineer,Mid,,1.1,EMP021,2024-01-09,Completed,100.0,2024-02-01,2024-02-03,2024-02-12,True,9,1,,,"TSK0472,TSK0471",,False,8.2,False,0,8.3,7.2,Medium,Medium,29.6,False,True,5,Weekly,4.1,2024-01-02 13:45:00,2024-03-16 17:30:00
TSK0470,Architecture discussion,Meeting task for project PRJ060 — Moderate complexity.,Meeting,PRJ060,High,Moderate,15.2,,8,"Agile,Scrum,Communication",Manager,Senior,,6.6,EMP081,2023-11-17,In Progress,34.2,2023-12-20,2023-12-23,,True,830,1,,,,,False,,False,0,,,Low,Low,83.5,False,True,2,As needed,5.9,2023-12-02 08:00:00,2024-10-09 08:30:00
TSK0471,Conduct load testing,Testing task for project PRJ030 — Very Complex complexity.,Testing,PRJ030,High,Very Complex,162.1,,21,"TestRail,JMeter,Jest",Developer,Junior,,9.0,EMP051,2024-01-19,In Progress,76.1,2024-01-27,2024-02-23,,True,768,6,,,,,False,,False,0,,,Low,High,66.2,False,False,1,Daily,0.0,2024-01-20 11:00:00,2024-10-11 09:45:00
TSK0472,Update README,Documentation task for project PRJ031 — Moderate complexity.,Documentation,PRJ031,Critical,Moderate,20.1,,5,Technical Writing,Developer,Mid,,6.5,,,Not Started,0.0,2024-06-01,2024-06-10,,False,0,6,"TSK0062,TSK0107",TSK0475,,,False,,False,0,,,Low,Critical,48.1,False,True,4,As needed,2.1,2024-04-09 11:30:00,2025-01-06 17:45:00
TSK0473,Implement caching layer,Development task for project PRJ063 — Moderate complexity.,Development,PRJ063,Medium,Moderate,23.6,30.7,5,"Docker,SQL",Developer,Mid,,5.0,EMP069,2023-03-11,Completed,100.0,2023-03-14,2023-03-20,2023-03-29,True,9,3,,,,,False,6.9,False,0,7.7,8.0,Low,Medium,47.0,True,False,1,As needed,0.0,2023-03-02 09:15:00,2024-12-19 09:45:00
TSK0474,Stakeholder review,Meeting task for project PRJ031 — Complex complexity.,Meeting,PRJ031,High,Complex,57.8,,13,"Scrum,Communication,Agile",Manager,Mid,,7.1,EMP058,2024-02-11,Not Started,0.0,2024-04-03,2024-04-16,,False,0,5,,,,,True,,False,0,,,Low,High,60.8,True,False,1,As needed,0.0,2024-02-09 17:45:00,2025-01-02 18:00:00
TSK0475,Design landing page,Design task for project PRJ067 — Simple complexity.,Design,PRJ067,Medium,Simple,4.4,,2,UI/UX,Designer,Mid,,1.9,EMP043,2023-12-29,Not Started,0.0,2024-01-12,2024-01-14,,False,0,1,,"TSK0491,TSK0483","TSK0470,TSK0478",,True,,False,0,,,High,High,30.5,False,True,5,Weekly,1.4,2023-12-20 09:00:00,2024-04-05 10:15:00
TSK0476,Design review,Review task for project PRJ047 — Complex complexity.,Review,PRJ047,Medium,Complex,68.5,78.4,13,"Code Review,Python",Senior Engineer,Junior,,7.0,,,Completed,100.0,2025-01-17,2025-02-01,2025-01-28,False,-4,6,,,"TSK0468,TSK0474",,False,8.5,False,0,7.7,5.4,Low,Medium,33.0,False,False,1,Weekly,0.0,2024-06-23 09:00:00,2025-01-27 09:15:00
TSK0477,Incident post-mortem,Meeting task for project PRJ072 — Complex complexity.,Meeting,PRJ072,Medium,Complex,38.7,,8,Facilitation,Manager,Senior,,8.9,EMP015,2023-03-13,Not Started,0.0,2023-03-26,2023-04-02,,False,0,2,"TSK0069,TSK0383",,"TSK0468,TSK0484",TSK0341,False,,False,0,,,High,Low,52.6,False,True,4,Weekly,5.3,2023-01-08 13:15:00,2024-07-29 11:15:00
TSK0478,Architecture review,Review task for project PRJ062 — Complex complexity.,Review,PRJ062,Medium,Complex,36.0,46.8,8,"Git,React,Code Review",Senior Engineer,Senior,,7.8,,,Completed,100.0,2024-09-18,2024-09-29,2024-10-05,True,6,6,,,"TSK0473,TSK0475",,False,9.3,False,0,7.7,7.4,Medium,Critical,51.5,False,True,5,Weekly,0.4,2024-07-18 08:30:00,2024-12-28 08:15:00
TSK0479,Document review,Review task for project PRJ078 — Moderate complexity.,Review,PRJ078,High,Moderate,21.4,,3,React,Senior Engineer,Senior,,6.2,EMP053,2023-02-09,In Progress,57.3,2023-02-20,2023-02-27,,True,1129,4,,,"TSK0469,TSK0483",TSK0457,True,,False,0,,,Low,Critical,27.0,False,True,2,As needed,2.2,2023-02-06 12:45:00,2024-12-16 13:30:00
TSK0480,Stakeholder review,Meeting task for project PRJ040 — Complex complexity.,Meeting,PRJ040,Low,Complex,71.9,,13,"Facilitation,Scrum,Agile",Manager,Junior,,8.0,EMP089,2024-04-20,In Progress,79.0,2024-05-17,2024-06-02,,True,668,7,"TSK0176,TSK0273",,,,False,,False,0,,,Low,Low,49.9,False,False,1,Weekly,0.0,2024-04-04 11:30:00,2024-10-29 11:15:00
TSK0481,Research ML frameworks,Research task for project PRJ043 — Very Complex complexity.,Research,PRJ043,High,Very Complex,142.1,175.9,21,"R,Python,Statistics",Analyst,Junior,,8.6,EMP018,2023-10-04,Completed,100.0,2023-10-07,2023-10-29,2023-10-19,False,-10,6,,,"TSK0486,TSK0488",,True,6.5,False,0,6.8,7.4,Medium,Medium,71.4,False,False,1,As needed,0.0,2023-09-16 10:45:00,2024-10-24 11:45:00
TSK0482,Document architecture,Documentation task for project PRJ073 — Complex complexity.,Documentation,PRJ073,High,Complex,49.7,39.1,13,Technical Writing,Developer,Mid,,7.3,EMP071,2024-07-02,Completed,100.0,2024-07-29,2024-08-06,2024-08-06,False,0,1,"TSK0476,TSK0254",,,,False,8.0,False,0,8.1,9.3,Medium,High,72.8,True,False,1,Weekly,0.0,2024-06-26 18:45:00,2024-12-28 09:45:00
TSK0483,Architecture discussion,Meeting task for project PRJ016 — Complex complexity.,Meeting,PRJ016,Medium,Complex,31.8,,8,"Facilitation,Communication",Manager,Junior,,7.7,EMP071,2023-11-25,In Review,77.0,2023-12-05,2023-12-10,,True,843,1,,,"TSK0492,TSK0474",,True,,False,0,,,Low,High,43.5,False,False,1,Weekly,0.0,2023-11-25 11:15:00,2024-03-26 17:30:00
TSK0484,Evaluate third-party libraries,Research task for project PRJ020 — Moderate complexity.,Research,PRJ020,High,Moderate,8.4,,8,"Data Analysis,Python,Statistics",Analyst,Mid,,5.0,EMP027,2024-02-18,In Progress,73.5,2024-02-29,2024-03-04,,True,758,2,,,,TSK0127,False,,False,0,,,Low,Medium,63.3,False,False,1,Daily,0.0,2024-02-20 17:15:00,2024-05-27 11:30:00
TSK0485,Competitive analysis,Research task for project PRJ040 — Moderate complexity.,Research,PRJ040,Medium,Moderate,15.0,,8,"Excel,Statistics,Python",Analyst,Mid,,6.5,EMP011,2024-04-01,Not Started,0.0,2024-06-02,2024-06-06,,False,0,2,,,,,False,,False,0,,,Medium,Medium,32.9,False,True,5,As needed,2.6,2024-05-21 16:30:00,2024-11-13 08:45:00
TSK0486,Deploy to staging,DevOps task for project PRJ057 — Complex complexity.,DevOps,PRJ057,Medium,Complex,58.0,,13,Kubernetes,Developer,Mid,,7.3,EMP022,2023-09-15,In Progress,76.1,2023-09-29,2023-10-12,,True,902,5,,,"TSK0485,TSK0483",,False,,False,0,,,High,High,70.4,False,True,3,Weekly,3.9,2023-08-15 15:00:00,2024-10-31 17:30:00
TSK0487,Implement caching layer,Development task for project PRJ063 — Simple complexity.,Development,PRJ063,Critical,Simple,4.1,,2,"Go,Docker",Developer,Junior,,3.7,EMP047,2023-03-15,In Review,26.7,2023-03-22,2023-03-27,,True,1101,4,TSK0434,"TSK0499,TSK0489",,,True,,False,0,,,Low,High,95.0,True,True,2,Weekly,1.5,2023-03-17 12:45:00,2023-08-21 12:15:00
TSK0488,Write unit tests,Testing task for project PRJ030 — Simple complexity.,Testing,PRJ030,High,Simple,3.9,,1,"TestRail,Cypress,Jest",Developer,Senior,,2.6,,,Blocked,12.8,2024-01-15,2024-01-23,,True,799,7,"TSK0483,TSK0217",,"TSK0484,TSK0480",TSK0419,True,,False,0,,,Low,Low,58.2,False,True,5,Weekly,3.3,2023-12-30 10:15:00,2024-10-14 10:15:00
TSK0489,API contract testing,Testing task for project PRJ035 — Moderate complexity.,Testing,PRJ035,Low,Moderate,16.2,13.2,3,"TestRail,PyTest,Postman",Developer,Mid,,5.5,EMP017,2023-09-17,Completed,100.0,2023-09-28,2023-10-05,2023-10-02,False,-3,4,,,,,False,7.2,True,3,8.7,4.8,Medium,Medium,37.3,False,False,1,As needed,0.0,2023-09-16 10:00:00,2024-07-18 15:45:00
TSK0490,Optimize Docker images,DevOps task for project PRJ068 — Simple complexity.,DevOps,PRJ068,Medium,Simple,4.3,,3,"Jenkins,Terraform",Developer,Junior,,3.8,EMP096,2023-08-25,In Progress,56.5,2023-09-14,2023-09-22,,True,922,7,"TSK0065,TSK0413",TSK0502,,,True,,False,0,,,Low,Critical,65.8,False,False,1,As needed,0.0,2023-07-22 13:45:00,2024-04-04 08:15:00
TSK0491,Perform integration testing,Testing task for project PRJ058 — Complex complexity.,Testing,PRJ058,High,Complex,72.5,,8,JMeter,Developer,Mid,,8.3,,,In Progress,25.8,2023-11-15,2023-11-29,,True,854,4,"TSK0239,TSK0365",,,,False,,False,0,,,Low,High,60.1,True,True,2,As needed,1.8,2023-10-01 13:45:00,2025-02-22 14:45:00
TSK0492,Create runbook,Documentation task for project PRJ046 — Moderate complexity.,Documentation,PRJ046,High,Moderate,21.1,,8,"Confluence,Git",Developer,Senior,,5.4,,,In Review,77.0,2024-02-10,2024-02-20,,True,771,7,,TSK0497,,TSK0261,False,,False,0,,,Low,Medium,61.8,False,True,2,Weekly,2.7,2024-01-14 17:45:00,2024-08-05 17:30:00
TSK0493,Refactor legacy module,Development task for project PRJ067 — Complex complexity.,Development,PRJ067,Medium,Complex,56.8,,13,"Docker,REST APIs,Java",Developer,Junior,,8.5,EMP071,2024-03-04,Blocked,48.7,2024-03-21,2024-04-05,,True,726,7,,"TSK0504,TSK0508",,TSK0391,False,,False,0,,,Low,Medium,45.7,False,False,1,Daily,0.0,2024-01-10 12:45:00,2024-07-11 08:00:00
TSK0494,Accessibility audit,Testing task for project PRJ025 — Very Complex complexity.,Testing,PRJ025,Medium,Very Complex,130.2,142.9,13,Jest,Developer,Senior,,8.8,EMP027,2023-09-16,Completed,100.0,2023-10-24,2023-11-14,2023-11-28,True,14,4,,,,,True,7.6,False,0,9.0,6.4,High,High,70.7,False,True,2,As needed,4.0,2023-09-27 17:30:00,2025-01-01 15:30:00
TSK0495,Retrospective,Meeting task for project PRJ068 — Simple complexity.,Meeting,PRJ068,Critical,Simple,2.1,1.9,3,Scrum,Manager,Junior,,3.5,EMP032,2023-08-28,Completed,100.0,2023-10-14,2023-10-20,2023-11-04,True,15,5,,,,,False,5.4,False,0,9.0,4.6,High,Low,87.5,False,False,1,Weekly,0.0,2023-08-22 09:15:00,2024-07-24 11:15:00
TSK0496,Run regression suite,Testing task for project PRJ013 — Moderate complexity.,Testing,PRJ013,High,Moderate,19.2,,8,Jest,Developer,Junior,,5.1,EMP043,2024-03-20,Not Started,0.0,2024-07-12,2024-07-19,,False,0,4,"TSK0486,TSK0476",,,TSK0208,False,,False,0,,,High,Critical,27.6,False,False,1,Weekly,0.0,2024-04-24 08:30:00,2024-10-14 09:30:00
TSK0497,Architecture review,Review task for project PRJ051 — Very Complex complexity.,Review,PRJ051,Critical,Very Complex,150.6,,21,"Python,Java,Code Review",Senior Engineer,Mid,,8.9,EMP044,2023-06-13,In Progress,25.7,2023-07-08,2023-07-30,,True,976,3,TSK0408,,"TSK0501,TSK0503",,False,,False,0,,,Medium,Medium,77.0,False,True,3,As needed,6.0,2023-05-29 15:15:00,2023-08-10 10:30:00
TSK0498,Retrospective,Meeting task for project PRJ074 — Complex complexity.,Meeting,PRJ074,High,Complex,28.9,,8,Facilitation,Manager,Mid,,8.8,EMP006,2024-07-25,In Progress,8.3,2024-07-31,2024-08-05,,True,604,1,,,,,False,,False,0,,,Medium,High,95.0,False,True,2,As needed,5.0,2024-06-03 10:00:00,2024-11-26 17:30:00
TSK0499,Create wireframes,Design task for project PRJ064 — Complex complexity.,Design,PRJ064,Medium,Complex,58.0,,13,"Sketch,UI/UX,Illustrator",Designer,Mid,,7.1,EMP058,2024-06-14,In Progress,61.5,2024-07-16,2024-07-27,,True,613,3,,,,,False,,False,0,,,Low,High,50.0,False,False,1,Daily,0.0,2024-06-12 15:15:00,2025-01-12 10:00:00
TSK0500,Design email templates,Design task for project PRJ019 — Complex complexity.,Design,PRJ019,High,Complex,30.0,37.2,13,"HTML,Prototyping,CSS",Designer,Mid,,7.3,EMP075,2024-04-02,Completed,100.0,2024-06-03,2024-06-08,2024-06-12,True,4,1,"TSK0480,TSK0364",,,,True,9.2,True,1,6.2,7.5,Medium,High,57.0,True,True,4,As needed,2.3,2024-04-25 15:45:00,2024-11-15 15:15:00
TSK0501,Configure monitoring,DevOps task for project PRJ041 — Simple complexity.,DevOps,PRJ041,Medium,Simple,7.7,10.5,3,Docker,Developer,Junior,,3.6,EMP063,2023-05-12,Completed,100.0,2023-05-15,2023-05-17,2023-05-20,True,3,1,,,,,False,5.6,False,0,8.3,7.7,Low,High,43.3,False,True,4,Daily,4.3,2023-05-11 13:00:00,2023-08-30 15:15:00
TSK0502,Design critique,Meeting task for project PRJ065 — Moderate complexity.,Meeting,PRJ065,High,Moderate,12.4,,5,"Communication,Facilitation,Agile",Manager,Senior,,6.7,,,In Review,83.8,2023-09-25,2023-10-02,,True,912,5,,,"TSK0503,TSK0492",,False,,False,0,,,Low,Low,45.5,False,True,5,Weekly,5.6,2023-09-19 17:15:00,2024-08-12 17:15:00
TSK0503,Create user manual,Documentation task for project PRJ005 — Complex complexity.,Documentation,PRJ005,Critical,Complex,69.7,,13,Git,Developer,Mid,,7.8,EMP058,2023-07-23,Blocked,24.5,2023-07-23,2023-08-06,,True,969,5,TSK0491,"TSK0521,TSK0522",,,True,,False,0,,,Medium,Critical,75.5,False,True,4,Daily,4.6,2023-07-23 08:45:00,2024-02-26 16:30:00
TSK0504,Evaluate third-party libraries,Research task for project PRJ050 — Simple complexity.,Research,PRJ050,High,Simple,4.9,5.8,2,"Python,Excel,Data Analysis",Analyst,Junior,,1.5,,,Completed,100.0,2024-06-11,2024-06-14,2024-06-11,False,-3,2,"TSK0087,TSK0337",,,,True,9.1,False,0,6.5,6.1,Medium,High,95.0,False,True,4,Daily,1.9,2024-05-03 16:00:00,2024-07-20 10:00:00
TSK0505,Build design system,Design task for project PRJ035 — Simple complexity.,Design,PRJ035,Low,Simple,7.8,9.6,1,HTML,Designer,Mid,,3.3,EMP060,2023-11-18,Completed,100.0,2023-12-09,2023-12-11,2023-12-25,True,14,1,,,"TSK0497,TSK0507",,True,9.1,False,0,6.7,6.3,Low,High,38.6,False,False,1,As needed,0.0,2023-11-22 09:00:00,2024-03-01 10:30:00
TSK0506,Evaluate third-party libraries,Research task for project PRJ062 — Complex complexity.,Research,PRJ062,High,Complex,79.5,61.4,13,Python,Analyst,Junior,,7.1,EMP052,2024-05-06,Completed,100.0,2024-07-17,2024-08-03,2024-08-13,True,10,7,,,,,False,7.0,False,0,10.0,5.6,High,Critical,83.9,False,True,5,Daily,3.3,2024-05-27 14:30:00,2024-12-28 13:15:00
TSK0507,Architecture review,Review task for project PRJ025 — Moderate complexity.,Review,PRJ025,High,Moderate,8.1,8.0,5,Git,Senior Engineer,Junior,,4.1,EMP041,2023-11-14,Completed,100.0,2023-12-20,2023-12-28,2023-12-30,True,2,6,,,,TSK0254,True,8.9,False,0,7.9,7.2,Low,Critical,52.6,False,True,2,Daily,3.7,2023-09-10 18:30:00,2024-04-23 12:45:00
TSK0508,Create icon set,Design task for project PRJ008 — Complex complexity.,Design,PRJ008,High,Complex,76.6,,8,"Adobe XD,Sketch",Designer,Senior,,8.4,EMP036,2023-08-19,Not Started,0.0,2023-10-19,2023-11-02,,False,0,4,,,,TSK0146,False,,False,0,,,Medium,Medium,54.2,False,True,3,Weekly,5.6,2023-09-12 17:00:00,2024-04-21 09:00:00
TSK0509,Sprint planning,Meeting task for project PRJ016 — Moderate complexity.,Meeting,PRJ016,Medium,Moderate,10.9,,3,"Communication,Agile,Facilitation",Manager,Mid,,5.7,EMP098,2023-12-13,Blocked,9.2,2023-12-18,2023-12-22,,True,831,2,,,"TSK0512,TSK0500",,False,,False,0,,,Medium,High,42.3,True,False,1,Weekly,0.0,2023-12-15 08:15:00,2024-01-22 09:00:00
TSK0510,Create data pipeline,Development task for project PRJ061 — Very Complex complexity.,Development,PRJ061,High,Very Complex,177.1,240.5,21,"Go,Docker",Developer,Junior,,9.1,EMP032,2024-01-17,Completed,100.0,2024-03-14,2024-04-08,2024-04-20,True,12,2,,,,TSK0112,False,8.0,False,0,8.9,8.7,Medium,Medium,44.4,True,True,3,Daily,5.9,2023-12-28 18:30:00,2025-01-03 11:45:00
TSK0511,Build REST API endpoint,Development task for project PRJ056 — Complex complexity.,Development,PRJ056,Medium,Complex,35.8,28.5,13,"React,Java",Developer,Junior,,7.4,EMP053,2024-05-19,Completed,100.0,2024-06-19,2024-06-27,2024-06-30,True,3,3,,,,TSK0303,True,7.9,True,2,5.6,6.7,High,Medium,53.9,False,True,2,As needed,5.8,2024-05-04 10:00:00,2024-10-15 11:00:00
TSK0512,Optimize Docker images,DevOps task for project PRJ018 — Very Complex complexity.,DevOps,PRJ018,High,Very Complex,195.8,165.9,21,"Docker,Terraform,Linux",Developer,Junior,,9.9,,,Completed,100.0,2024-03-24,2024-04-19,2024-05-04,True,15,1,,,"TSK0505,TSK0514",,False,6.7,False,0,7.4,8.1,Medium,Low,57.5,False,True,3,Weekly,5.1,2023-11-25 11:45:00,2024-09-20 11:15:00
TSK0513,Document architecture,Documentation task for project PRJ056 — Moderate complexity.,Documentation,PRJ056,Medium,Moderate,8.8,10.8,3,Markdown,Developer,Senior,,5.3,EMP027,2024-04-26,Completed,100.0,2024-05-03,2024-05-06,2024-05-04,False,-2,1,"TSK0182,TSK0437",,,TSK0466,False,7.3,False,0,8.4,6.9,Low,High,51.1,False,True,4,Daily,5.0,2024-05-03 14:30:00,2024-07-24 15:15:00
TSK0514,Create data pipeline,Development task for project PRJ031 — Complex complexity.,Development,PRJ031,Critical,Complex,60.1,,13,"SQL,REST APIs",Developer,Mid,,7.4,EMP019,2024-02-12,Not Started,0.0,2024-06-04,2024-06-17,,False,0,5,TSK0279,,,,False,,False,0,,,Medium,High,88.3,True,True,2,Daily,1.4,2024-03-17 12:15:00,2024-09-05 18:45:00
TSK0515,Accessibility audit,Testing task for project PRJ003 — Moderate complexity.,Testing,PRJ003,Low,Moderate,13.2,9.3,8,Cypress,Developer,Senior,,6.3,,,Completed,100.0,2023-04-30,2023-05-07,2023-05-10,True,3,5,,,,,False,8.9,False,0,6.0,8.5,High,Medium,28.9,False,True,4,Weekly,0.6,2023-03-04 17:15:00,2024-01-05 13:00:00
TSK0516,Code review,Review task for project PRJ031 — Simple complexity.,Review,PRJ031,Critical,Simple,4.7,,2,Git,Senior Engineer,Mid,,1.7,,,In Progress,63.6,2024-06-06,2024-06-08,,True,662,1,,"TSK0530,TSK0534",,,True,,False,0,,,High,Medium,62.9,False,True,3,As needed,1.3,2024-02-28 11:30:00,2024-07-25 08:30:00
TSK0517,Optimize Docker images,DevOps task for project PRJ016 — Complex complexity.,DevOps,PRJ016,Low,Complex,79.5,,13,"Jenkins,GitHub Actions,Kubernetes",Developer,Senior,,8.8,EMP012,2023-11-24,In Review,83.5,2023-12-25,2024-01-07,,True,815,3,"TSK0172,TSK0007",,,,False,,False,0,,,Low,Medium,32.3,False,False,1,As needed,0.0,2023-11-30 17:15:00,2024-10-14 12:00:00
TSK0518,Stakeholder review,Meeting task for project PRJ046 — Moderate complexity.,Meeting,PRJ046,High,Moderate,20.1,,8,Facilitation,Manager,Mid,,6.1,EMP003,2023-12-14,In Progress,13.3,2023-12-14,2023-12-23,,True,830,6,,,"TSK0513,TSK0514",,False,,False,0,,,Medium,High,95.0,False,False,1,As needed,0.0,2023-12-10 11:15:00,2023-12-30 09:15:00
TSK0519,Document architecture,Documentation task for project PRJ056 — Complex complexity.,Documentation,PRJ056,High,Complex,32.6,,8,Confluence,Developer,Senior,,8.7,,,In Progress,37.1,2024-05-03,2024-05-12,,True,689,4,,,"TSK0514,TSK0515",,True,,False,0,,,Medium,High,69.0,False,True,3,Weekly,1.6,2024-04-19 16:30:00,2024-12-20 10:15:00
TSK0520,Run regression suite,Testing task for project PRJ079 — Very Complex complexity.,Testing,PRJ079,Medium,Very Complex,180.4,243.2,21,"PyTest,JMeter",Developer,Junior,,8.6,EMP003,2023-11-11,Completed,100.0,2024-02-02,2024-03-01,2024-02-15,False,-15,5,,,"TSK0529,TSK0513",TSK0056,False,8.6,True,3,7.2,8.9,Low,Medium,66.8,False,True,5,Daily,2.4,2023-10-16 08:15:00,2024-11-03 11:15:00
TSK0521,Design landing page,Design task for project PRJ031 — Moderate complexity.,Design,PRJ031,Critical,Moderate,16.6,,3,CSS,Designer,Mid,,5.0,EMP018,2024-02-29,In Progress,27.1,2024-05-31,2024-06-04,,True,666,1,,,"TSK0518,TSK0513",,False,,False,0,,,Low,Medium,86.4,True,True,2,Daily,4.4,2024-03-27 15:15:00,2024-10-19 13:00:00
TSK0522,Refactor legacy module,Development task for project PRJ004 — Moderate complexity.,Development,PRJ004,Medium,Moderate,21.8,24.2,8,C++,Developer,Senior,,4.1,,,Completed,100.0,2023-11-17,2023-11-22,2023-12-07,True,15,2,,"TSK0524,TSK0523",,,False,7.5,False,0,10.0,10.0,Medium,High,42.3,False,True,4,Weekly,4.5,2023-11-05 10:00:00,2024-08-22 10:45:00
TSK0523,Design email templates,Design task for project PRJ020 — Moderate complexity.,Design,PRJ020,Medium,Moderate,10.8,11.1,5,Figma,Designer,Junior,,5.5,EMP060,2024-02-01,Completed,100.0,2024-02-06,2024-02-11,2024-02-18,True,7,3,"TSK0252,TSK0387",,,,False,7.4,False,0,8.1,8.9,Low,High,27.0,False,True,3,Weekly,2.5,2024-01-30 16:15:00,2024-07-19 13:00:00
TSK0524,Perform integration testing,Testing task for project PRJ074 — Moderate complexity.,Testing,PRJ074,High,Moderate,14.0,,3,"TestRail,Postman,Cypress",Developer,Senior,,5.7,EMP031,2024-05-14,In Review,44.9,2024-05-18,2024-05-26,,True,675,6,,,,,False,,False,0,,,Medium,Critical,30.3,False,True,3,As needed,0.8,2024-04-29 12:00:00,2024-07-19 14:30:00
TSK0525,Implement user authentication,Development task for project PRJ034 — Simple complexity.,Development,PRJ034,Medium,Simple,5.4,,2,TypeScript,Developer,Mid,,3.9,EMP032,2023-07-14,In Progress,85.6,2023-07-26,2023-08-01,,True,974,5,,TSK0538,,TSK0410,True,,False,0,,,Low,Low,34.3,False,False,1,Daily,0.0,2023-06-11 16:30:00,2024-09-15 12:15:00
TSK0526,Setup alerting rules,DevOps task for project PRJ017 — Very Complex complexity.,DevOps,PRJ017,High,Very Complex,124.2,,21,"GitHub Actions,Terraform",Developer,Junior,,8.4,EMP006,2023-09-02,In Progress,26.4,2023-10-02,2023-10-25,,True,889,7,"TSK0298,TSK0044",TSK0538,,,False,,False,0,,,Medium,Medium,72.8,False,True,2,As needed,4.0,2023-09-03 14:30:00,2024-11-26 12:30:00
TSK0527,Build REST API endpoint,Development task for project PRJ029 — Complex complexity.,Development,PRJ029,Medium,Complex,64.9,53.5,13,"Docker,Python",Developer,Junior,,7.5,EMP043,2023-06-23,Completed,100.0,2023-07-29,2023-08-05,2023-08-14,True,9,5,,,,,False,9.0,False,0,7.0,6.6,Medium,High,15.5,False,False,1,Weekly,0.0,2023-07-23 13:15:00,2025-01-17 12:30:00
TSK0528,Research ML frameworks,Research task for project PRJ019 — Very Complex complexity.,Research,PRJ019,Critical,Very Complex,176.7,,13,"Data Analysis,Literature Review,Python",Analyst,Senior,,8.2,EMP093,2024-03-18,Not Started,0.0,2024-05-18,2024-06-14,,False,0,4,TSK0203,,"TSK0529,TSK0525",,True,,False,0,,,Medium,Critical,84.2,True,False,1,As needed,0.0,2024-03-03 17:45:00,2024-11-01 14:00:00
TSK0529,Configure monitoring,DevOps task for project PRJ071 — Moderate complexity.,DevOps,PRJ071,High,Moderate,19.5,24.8,8,"Linux,Terraform",Developer,Senior,,6.7,EMP004,2023-03-04,Completed,100.0,2023-03-05,2023-03-10,2023-03-11,True,1,2,TSK0014,,,,False,7.5,False,0,6.3,9.2,Low,High,75.0,False,True,2,Daily,5.8,2023-02-28 08:15:00,2024-04-09 13:30:00
TSK0530,Create icon set,Design task for project PRJ040 — Moderate complexity.,Design,PRJ040,Low,Moderate,17.7,,3,"Prototyping,Adobe XD",Designer,Junior,,6.6,,,In Progress,53.9,2024-07-21,2024-07-31,,True,609,7,,,,,False,,False,0,,,Low,Medium,11.7,False,False,1,Weekly,0.0,2024-03-10 11:15:00,2024-08-08 11:45:00
TSK0531,Retrospective,Meeting task for project PRJ054 — Moderate complexity.,Meeting,PRJ054,High,Moderate,9.2,8.3,5,Agile,Manager,Mid,,6.8,EMP053,2024-04-07,Completed,100.0,2024-04-07,2024-04-15,2024-04-30,True,15,6,,,,,False,5.0,False,0,7.4,7.3,Low,Medium,60.1,False,False,1,Daily,0.0,2024-03-20 09:15:00,2024-11-11 08:00:00
TSK0532,Competitive analysis,Research task for project PRJ047 — Complex complexity.,Research,PRJ047,Medium,Complex,45.9,54.1,8,"Python,Data Analysis,Statistics",Analyst,Mid,,8.6,,,Completed,100.0,2024-05-07,2024-05-17,2024-05-11,False,-6,4,,,,,True,7.7,False,0,9.1,8.3,Low,Critical,38.8,False,False,1,Daily,0.0,2024-05-04 15:45:00,2025-02-18 18:15:00
TSK0533,Write release notes,Documentation task for project PRJ038 — Moderate complexity.,Documentation,PRJ038,Low,Moderate,20.0,25.1,3,"Markdown,Technical Writing",Developer,Senior,,4.3,EMP100,2023-11-22,Completed,100.0,2024-03-07,2024-03-15,2024-03-07,False,-8,5,,,,TSK0048,False,7.3,True,3,7.8,6.2,Low,Medium,5.0,False,True,2,As needed,0.6,2023-12-27 15:00:00,2025-01-11 08:30:00
TSK0534,Design onboarding flow,Design task for project PRJ038 — Simple complexity.,Design,PRJ038,High,Simple,3.0,3.8,1,"CSS,HTML,Sketch",Designer,Junior,,3.8,EMP077,2024-04-01,Completed,100.0,2024-05-22,2024-05-26,2024-06-09,True,14,3,,,,,False,7.5,False,0,5.1,8.4,Medium,Medium,77.2,False,True,5,Daily,0.5,2024-02-04 12:15:00,2025-02-20 13:45:00
TSK0535,Team sync,Meeting task for project PRJ073 — Simple complexity.,Meeting,PRJ073,High,Simple,1.7,1.9,1,Communication,Manager,Mid,,3.3,EMP025,2024-06-04,Completed,100.0,2024-09-03,2024-09-07,2024-09-21,True,14,3,TSK0302,,,,False,7.0,False,0,7.4,7.0,High,Low,47.2,True,True,2,Weekly,5.9,2024-07-02 10:45:00,2025-02-13 09:45:00
TSK0536,Implement caching layer,Development task for project PRJ057 — Simple complexity.,Development,PRJ057,High,Simple,2.2,,1,"React,REST APIs",Developer,Mid,,1.9,EMP085,2023-11-06,Blocked,56.6,2023-12-15,2023-12-21,,True,832,5,TSK0292,,,,False,,False,0,,,Medium,Medium,54.9,True,False,1,As needed,0.0,2023-11-07 17:45:00,2024-06-06 08:15:00
TSK0537,Team sync,Meeting task for project PRJ070 — Very Complex complexity.,Meeting,PRJ070,Low,Very Complex,161.2,156.0,21,Facilitation,Manager,Senior,,9.3,EMP053,2023-09-17,Completed,100.0,2023-09-18,2023-10-16,2023-10-23,True,7,7,"TSK0437,TSK0101",,,,True,8.9,False,0,8.9,8.1,Low,High,17.0,False,True,2,As needed,1.5,2023-09-03 12:45:00,2024-02-17 11:30:00
TSK0538,Create user manual,Documentation task for project PRJ006 — Simple complexity.,Documentation,PRJ006,Medium,Simple,7.0,8.2,1,"Technical Writing,Git",Developer,Senior,,2.4,EMP077,2023-01-21,Completed,100.0,2023-02-06,2023-02-08,2023-02-06,False,-2,1,"TSK0516,TSK0207",TSK0549,,TSK0068,False,6.9,False,0,6.3,7.1,Low,High,35.8,True,True,2,Daily,1.8,2023-02-06 09:30:00,2023-04-02 15:45:00
TSK0539,Evaluate third-party libraries,Research task for project PRJ075 — Complex complexity.,Research,PRJ075,High,Complex,77.2,66.0,13,"Excel,Literature Review",Analyst,Senior,,8.3,EMP003,2023-02-25,Completed,100.0,2023-02-25,2023-03-13,2023-03-20,True,7,6,TSK0060,,,,True,6.6,False,0,7.3,5.6,Low,Critical,57.1,False,True,4,Daily,0.1,2023-02-24 09:45:00,2024-11-26 15:45:00
TSK0540,Design landing page,Design task for project PRJ034 — Complex complexity.,Design,PRJ034,Medium,Complex,25.3,,13,Illustrator,Designer,Mid,,7.1,EMP030,2023-06-16,Not Started,0.0,2023-07-30,2023-08-05,,False,0,2,,,"TSK0543,TSK0533",,False,,False,0,,,Low,Low,52.4,False,False,1,Weekly,0.0,2023-07-28 10:00:00,2023-10-18 17:15:00
TSK0541,Create icon set,Design task for project PRJ029 — Moderate complexity.,Design,PRJ029,High,Moderate,20.0,,3,"Adobe XD,HTML",Designer,Junior,,6.5,EMP074,2023-07-07,In Progress,16.3,2023-07-27,2023-08-02,,True,973,3,TSK0304,,,,False,,False,0,,,Low,Critical,58.2,False,False,1,Daily,0.0,2023-06-30 12:00:00,2023-10-31 14:30:00
TSK0542,Technology feasibility study,Research task for project PRJ058 — Moderate complexity.,Research,PRJ058,Low,Moderate,11.3,,5,"Statistics,Literature Review",Analyst,Mid,,6.5,EMP060,2023-11-24,In Progress,50.4,2023-11-27,2023-12-03,,True,850,4,TSK0077,TSK0545,,,False,,False,0,,,High,Medium,8.2,False,False,1,Weekly,0.0,2023-10-10 12:45:00,2024-02-22 17:30:00
TSK0543,PR review,Review task for project PRJ030 — Moderate complexity.,Review,PRJ030,Critical,Moderate,20.1,26.0,3,"Python,Java,Code Review",Senior Engineer,Mid,,6.6,,,Completed,100.0,2024-02-24,2024-02-29,2024-02-27,False,-2,2,,,,,False,7.7,False,0,8.7,5.7,Low,Critical,82.4,False,True,5,Daily,4.1,2023-12-22 15:45:00,2025-02-16 08:45:00
TSK0544,Setup CI/CD pipeline,DevOps task for project PRJ067 — Moderate complexity.,DevOps,PRJ067,Medium,Moderate,20.5,,3,"Linux,Kubernetes,GitHub Actions",Developer,Mid,,6.6,EMP019,2023-12-02,In Progress,70.0,2023-12-05,2023-12-11,,True,842,3,"TSK0336,TSK0164","TSK0556,TSK0545",,,False,,False,0,,,Low,Medium,59.3,True,False,1,As needed,0.0,2023-12-01 10:00:00,2024-08-28 18:15:00
TSK0545,Security vulnerability scan,Testing task for project PRJ042 — Moderate complexity.,Testing,PRJ042,Medium,Moderate,17.1,18.4,5,"Postman,TestRail,PyTest",Developer,Senior,,6.3,EMP031,2024-01-16,Completed,100.0,2024-01-20,2024-01-28,2024-02-07,True,10,5,,,,,True,7.8,False,0,5.3,6.3,Medium,Medium,44.0,False,True,3,As needed,4.0,2024-01-17 14:30:00,2024-10-05 12:15:00
TSK0546,Incident post-mortem,Meeting task for project PRJ079 — Complex complexity.,Meeting,PRJ079,Critical,Complex,52.7,,8,"Scrum,Communication,Facilitation",Manager,Senior,,8.3,EMP059,2023-10-01,Blocked,43.4,2024-02-14,2024-02-24,,True,767,3,,,,,False,,False,0,,,Low,Medium,88.0,False,True,3,As needed,0.2,2024-01-05 12:45:00,2024-03-24 17:00:00
TSK0547,PR review,Review task for project PRJ064 — Moderate complexity.,Review,PRJ064,High,Moderate,17.8,19.6,5,Python,Senior Engineer,Senior,,5.2,EMP064,2024-05-25,Completed,100.0,2024-06-01,2024-06-11,2024-06-20,True,9,7,,TSK0565,,,False,9.2,True,3,8.4,8.1,Low,Low,70.7,False,False,1,As needed,0.0,2024-05-21 08:30:00,2024-12-17 14:30:00
TSK0548,Build notification service,Development task for project PRJ004 — Complex complexity.,Development,PRJ004,Medium,Complex,61.7,75.4,8,REST APIs,Developer,Mid,,7.6,EMP035,2023-11-15,Completed,100.0,2023-11-24,2023-12-04,2023-12-18,True,14,2,,,"TSK0550,TSK0547",,True,9.1,False,0,5.8,8.3,Medium,Medium,33.9,False,True,4,Weekly,4.7,2023-11-23 11:15:00,2024-08-29 17:00:00
TSK0549,Write unit tests,Testing task for project PRJ034 — Complex complexity.,Testing,PRJ034,Medium,Complex,28.5,,13,Postman,Developer,Junior,,7.4,EMP044,2023-07-30,In Review,89.1,2023-09-05,2023-09-15,,True,929,6,TSK0228,,,TSK0517,False,,False,0,,,Medium,Critical,43.7,True,True,4,As needed,2.2,2023-08-22 15:30:00,2024-10-04 16:30:00
TSK0550,Sprint planning,Meeting task for project PRJ063 — Complex complexity.,Meeting,PRJ063,High,Complex,67.3,61.6,13,"Communication,Scrum,Facilitation",Manager,Mid,,8.6,EMP087,2023-04-08,Completed,100.0,2023-04-08,2023-04-18,2023-04-14,False,-4,1,,TSK0567,,,False,8.2,False,0,7.2,7.1,Medium,Medium,79.4,True,False,1,Weekly,0.0,2023-03-26 12:00:00,2024-03-06 12:45:00
TSK0551,Architecture discussion,Meeting task for project PRJ026 — Complex complexity.,Meeting,PRJ026,High,Complex,30.0,31.0,8,Scrum,Manager,Senior,,7.7,EMP068,2024-04-03,Completed,100.0,2024-07-09,2024-07-20,2024-07-22,True,2,7,,,"TSK0549,TSK0545",,False,8.1,True,1,7.6,8.0,Low,Critical,83.7,True,False,1,Daily,0.0,2024-05-09 14:00:00,2025-01-03 17:45:00
TSK0552,Security vulnerability scan,Testing task for project PRJ062 — Moderate complexity.,Testing,PRJ062,Low,Moderate,8.1,10.5,5,"Postman,JMeter",Developer,Mid,,4.4,EMP021,2024-05-14,Completed,100.0,2024-08-18,2024-08-25,2024-09-04,True,10,5,,,,,False,5.9,False,0,6.8,4.4,High,Low,13.8,False,False,1,As needed,0.0,2024-05-11 10:45:00,2025-02-14 13:30:00
TSK0553,Incident post-mortem,Meeting task for project PRJ076 — Complex complexity.,Meeting,PRJ076,High,Complex,47.6,,13,Agile,Manager,Mid,,8.6,EMP023,2023-05-31,In Progress,65.6,2023-06-17,2023-06-30,,True,1006,7,,,,,False,,False,0,,,Low,High,78.7,False,False,1,Daily,0.0,2023-03-18 08:00:00,2023-11-23 12:30:00
TSK0554,Research ML frameworks,Research task for project PRJ010 — Complex complexity.,Research,PRJ010,High,Complex,77.7,,8,"R,Excel",Analyst,Junior,,8.3,EMP027,2023-12-19,In Progress,32.7,2024-01-02,2024-01-19,,True,803,7,TSK0436,,"TSK0547,TSK0553",,False,,False,0,,,Medium,Critical,63.6,False,False,1,Weekly,0.0,2023-12-27 17:45:00,2024-03-15 15:15:00
TSK0555,Document review,Review task for project PRJ038 — Moderate complexity.,Review,PRJ038,High,Moderate,18.3,25.4,3,Code Review,Senior Engineer,Mid,,6.2,EMP048,2023-11-09,Completed,100.0,2023-12-09,2023-12-15,2023-12-25,True,10,3,,,"TSK0563,TSK0548",,False,7.2,True,1,7.6,8.5,Low,High,55.9,False,True,2,Daily,3.8,2023-10-05 08:45:00,2024-12-21 08:00:00
TSK0556,Deploy to staging,DevOps task for project PRJ034 — Complex complexity.,DevOps,PRJ034,High,Complex,51.4,,8,"Terraform,Jenkins",Developer,Mid,,8.4,,,In Progress,7.1,2023-10-07,2023-10-17,,True,897,3,,,"TSK0551,TSK0558",,False,,False,0,,,Medium,Critical,70.4,False,False,1,Daily,0.0,2023-08-08 15:15:00,2024-10-29 10:00:00
TSK0557,Prototype user journey,Design task for project PRJ066 — Very Complex complexity.,Design,PRJ066,High,Very Complex,178.0,215.5,21,"HTML,Figma,Illustrator",Designer,Mid,,8.8,EMP071,2024-02-12,Completed,100.0,2024-04-13,2024-05-09,2024-04-28,False,-11,5,,TSK0564,,,False,8.2,False,0,6.2,9.3,Medium,High,89.6,False,False,1,Daily,0.0,2024-01-13 13:15:00,2024-07-10 10:15:00
TSK0558,Design onboarding flow,Design task for project PRJ055 — Moderate complexity.,Design,PRJ055,Medium,Moderate,20.8,,8,Illustrator,Designer,Senior,,6.6,EMP019,2023-01-26,In Progress,30.8,2023-02-07,2023-02-16,,True,1140,6,,,"TSK0567,TSK0566",,False,,False,0,,,Medium,Medium,73.9,False,True,5,Daily,4.3,2023-01-23 15:15:00,2023-07-22 14:30:00
TSK0559,Retrospective,Meeting task for project PRJ034 — Moderate complexity.,Meeting,PRJ034,High,Moderate,21.8,,8,"Scrum,Communication",Manager,Senior,,6.4,,,Blocked,65.8,2023-10-16,2023-10-24,,True,890,5,TSK0451,TSK0570,"TSK0564,TSK0566",,False,,False,0,,,Medium,Medium,53.4,False,True,4,Weekly,0.8,2023-10-11 11:15:00,2023-12-31 08:00:00
TSK0560,Deploy to staging,DevOps task for project PRJ007 — Simple complexity.,DevOps,PRJ007,High,Simple,4.8,5.0,1,"Jenkins,Linux,GitHub Actions",Developer,Mid,,1.1,EMP088,2024-02-19,Completed,100.0,2024-02-20,2024-02-24,2024-03-08,True,13,3,,,,,False,9.5,False,0,7.9,6.4,High,High,64.5,False,False,1,Weekly,0.0,2024-02-16 14:00:00,2024-03-11 11:00:00
TSK0561,Technology feasibility study,Research task for project PRJ050 — Moderate complexity.,Research,PRJ050,High,Moderate,18.3,18.7,8,"Literature Review,Data Analysis,Statistics",Analyst,Mid,,6.6,EMP021,2024-02-18,Completed,100.0,2024-05-21,2024-05-27,2024-05-24,False,-3,3,,,"TSK0570,TSK0563",TSK0204,False,6.9,False,0,8.3,7.5,Medium,Low,43.9,False,True,3,As needed,0.3,2024-02-05 08:45:00,2025-01-16 09:15:00
TSK0562,Design review,Review task for project PRJ012 — Simple complexity.,Review,PRJ012,High,Simple,5.3,,1,Git,Senior Engineer,Junior,,1.4,,,In Progress,17.8,2023-08-01,2023-08-08,,True,967,6,"TSK0420,TSK0478",,"TSK0555,TSK0554",,True,,False,0,,,High,Medium,63.8,True,True,2,Daily,0.7,2023-07-17 15:15:00,2024-07-17 18:45:00
TSK0563,Competitive analysis,Research task for project PRJ005 — Simple complexity.,Research,PRJ005,Medium,Simple,3.1,2.2,1,"Statistics,R,Data Analysis",Analyst,Mid,,2.3,,,Completed,100.0,2023-09-04,2023-09-07,2023-09-21,True,14,2,"TSK0181,TSK0103",TSK0581,,TSK0346,False,6.8,False,0,5.3,8.5,Low,Low,34.8,False,False,1,Daily,0.0,2023-07-21 10:30:00,2024-09-22 10:00:00
TSK0564,Incident post-mortem,Meeting task for project PRJ045 — Very Complex complexity.,Meeting,PRJ045,High,Very Complex,166.6,,13,"Agile,Communication,Facilitation",Manager,Senior,,9.6,EMP092,2023-05-09,Blocked,5.1,2023-05-18,2023-06-10,,True,1026,6,,,"TSK0569,TSK0557",,True,,False,0,,,Medium,High,60.2,False,True,4,Daily,2.3,2023-05-11 10:15:00,2023-06-14 12:00:00
TSK0565,Create database schema,Development task for project PRJ019 — Complex complexity.,Development,PRJ019,Medium,Complex,79.4,,8,Go,Developer,Mid,,7.8,EMP064,2024-03-20,In Review,18.8,2024-04-18,2024-05-03,,True,698,5,,TSK0579,,,False,,False,0,,,Low,Critical,32.9,True,True,2,Daily,2.1,2024-03-09 10:00:00,2024-08-09 12:00:00
TSK0566,Prototype user journey,Design task for project PRJ003 — Moderate complexity.,Design,PRJ003,Low,Moderate,17.9,23.7,5,"Illustrator,UI/UX",Designer,Mid,,6.9,EMP009,2023-03-01,Completed,100.0,2023-05-08,2023-05-14,2023-05-21,True,7,3,TSK0253,,,,True,8.6,False,0,5.6,7.9,Medium,High,34.0,True,False,1,As needed,0.0,2023-01-10 09:00:00,2023-06-16 11:00:00
TSK0567,Competitive analysis,Research task for project PRJ013 — Simple complexity.,Research,PRJ013,Low,Simple,4.1,,2,"Data Analysis,R,Excel",Analyst,Mid,,3.3,EMP070,2024-01-04,Blocked,18.8,2024-01-27,2024-02-01,,True,790,4,TSK0111,,,,False,,False,0,,,Medium,Low,13.8,True,True,3,Weekly,0.3,2024-01-08 13:00:00,2024-02-20 12:30:00
TSK0568,PR review,Review task for project PRJ039 — Very Complex complexity.,Review,PRJ039,High,Very Complex,103.9,113.8,21,"React,Python,Git",Senior Engineer,Junior,,8.3,,,Completed,100.0,2023-10-16,2023-10-30,2023-10-16,False,-14,1,,,,TSK0006,True,9.3,False,0,8.0,8.8,Medium,Critical,61.4,False,True,3,Daily,3.6,2023-09-21 15:30:00,2024-12-18 14:45:00
TSK0569,Design landing page,Design task for project PRJ046 — Simple complexity.,Design,PRJ046,High,Simple,5.1,,3,Sketch,Designer,Junior,,1.7,,,In Progress,77.6,2023-12-21,2023-12-28,,True,825,6,,,,,False,,False,0,,,Medium,Medium,67.8,False,True,2,As needed,2.7,2023-12-18 18:45:00,2024-02-22 12:00:00
TSK0570,Document architecture,Documentation task for project PRJ075 — Complex complexity.,Documentation,PRJ075,Medium,Complex,37.2,48.4,8,Markdown,Developer,Junior,,8.6,EMP035,2023-03-30,Completed,100.0,2023-03-30,2023-04-11,2023-04-21,True,10,7,TSK0325,,"TSK0577,TSK0561",,False,7.9,False,0,7.0,7.6,Low,Critical,39.6,False,True,5,As needed,4.7,2023-03-17 15:15:00,2025-01-21 09:15:00
TSK0571,Document review,Review task for project PRJ016 — Simple complexity.,Review,PRJ016,Medium,Simple,6.7,,2,Java,Senior Engineer,Senior,,2.8,EMP013,2023-12-16,In Progress,39.9,2024-04-05,2024-04-07,,True,724,1,TSK0497,,,,False,,False,0,,,Medium,High,14.9,False,False,1,Weekly,0.0,2024-03-08 18:30:00,2025-01-28 17:00:00
TSK0572,Create database schema,Development task for project PRJ009 — Simple complexity.,Development,PRJ009,Low,Simple,6.0,,2,"Python,REST APIs",Developer,Senior,,1.5,EMP004,2023-07-28,In Progress,89.0,2023-10-19,2023-10-27,,True,887,7,,,,,True,,False,0,,,Low,High,32.9,False,True,2,Weekly,3.8,2023-09-13 18:30:00,2023-12-06 16:00:00
TSK0573,Code review,Review task for project PRJ019 — Very Complex complexity.,Review,PRJ019,Low,Very Complex,187.7,197.6,13,"Code Review,React,Python",Senior Engineer,Senior,,10.0,EMP038,2024-03-05,Completed,100.0,2024-03-05,2024-04-04,2024-04-08,True,4,6,,,,,True,7.6,False,0,6.2,9.3,Low,High,18.3,False,False,1,As needed,0.0,2024-03-01 11:45:00,2024-11-19 13:45:00
TSK0574,API contract testing,Testing task for project PRJ008 — Very Complex complexity.,Testing,PRJ008,High,Very Complex,177.4,,21,TestRail,Developer,Senior,,9.1,EMP086,2023-07-12,Not Started,0.0,2023-08-29,2023-09-25,,False,0,4,TSK0307,,"TSK0566,TSK0569",,False,,False,0,,,Medium,Low,68.3,False,False,1,As needed,0.0,2023-07-18 17:45:00,2025-01-26 10:45:00
TSK0575,Design review,Review task for project PRJ007 — Moderate complexity.,Review,PRJ007,Medium,Moderate,12.3,,8,Python,Senior Engineer,Senior,,5.1,EMP075,2024-03-16,In Review,27.0,2024-04-03,2024-04-06,,True,725,1,,,,,False,,False,0,,,High,Medium,65.3,False,True,3,Weekly,2.0,2024-03-03 13:00:00,2024-11-24 17:45:00
TSK0576,Refactor legacy module,Development task for project PRJ078 — Moderate complexity.,Development,PRJ078,High,Moderate,22.8,,8,Node.js,Developer,Junior,,5.9,EMP079,2023-03-03,In Review,51.5,2023-03-24,2023-03-31,,True,1097,4,,,"TSK0566,TSK0570",TSK0146,False,,False,0,,,High,Medium,78.3,True,True,3,As needed,5.0,2023-02-20 12:15:00,2023-03-24 16:15:00
TSK0577,Configure monitoring,DevOps task for project PRJ069 — Complex complexity.,DevOps,PRJ069,Medium,Complex,63.0,,8,"Terraform,Jenkins,GitHub Actions",Developer,Mid,,8.2,EMP062,2024-06-01,In Progress,16.7,2024-12-05,2024-12-17,,True,470,4,TSK0065,TSK0584,,,True,,False,0,,,Low,Low,69.4,False,False,1,Daily,0.0,2024-09-30 17:15:00,2024-12-31 14:00:00
TSK0578,PR review,Review task for project PRJ053 — Moderate complexity.,Review,PRJ053,Medium,Moderate,22.3,,5,"Python,Code Review",Senior Engineer,Mid,,4.6,EMP066,2023-05-17,In Progress,83.1,2023-05-29,2023-06-02,,True,1034,1,,,,,False,,False,0,,,Low,Low,39.4,False,True,5,Daily,1.9,2023-05-05 11:30:00,2024-03-04 08:45:00
TSK0579,Document review,Review task for project PRJ062 — Very Complex complexity.,Review,PRJ062,High,Very Complex,187.6,209.4,13,"React,Code Review,Git",Senior Engineer,Mid,,9.5,EMP070,2024-04-11,Completed,100.0,2024-05-11,2024-06-10,2024-05-27,False,-14,6,,,"TSK0571,TSK0584",,False,6.4,False,0,9.7,6.5,Medium,Low,89.8,False,True,3,Weekly,5.5,2024-05-09 14:30:00,2025-02-14 14:15:00
TSK0580,Code review,Review task for project PRJ040 — Complex complexity.,Review,PRJ040,High,Complex,76.1,,13,"Code Review,React,Java",Senior Engineer,Mid,,8.1,EMP034,2024-02-19,Not Started,0.0,2024-03-03,2024-03-16,,False,0,3,,,,,True,,False,0,,,Medium,Critical,64.2,False,False,1,Weekly,0.0,2024-02-23 08:30:00,2024-04-30 09:45:00
TSK0581,Implement caching layer,Development task for project PRJ030 — Complex complexity.,Development,PRJ030,High,Complex,70.6,97.6,13,"Node.js,SQL,REST APIs",Developer,Senior,,7.4,EMP013,2024-01-18,Completed,100.0,2024-01-26,2024-02-06,2024-02-08,True,2,2,,,"TSK0571,TSK0580",,False,7.9,False,0,5.7,4.1,Medium,Low,70.8,False,False,1,Weekly,0.0,2023-12-31 14:30:00,2025-02-08 16:45:00
TSK0582,Infrastructure as code,DevOps task for project PRJ007 — Moderate complexity.,DevOps,PRJ007,Critical,Moderate,13.2,,5,"Terraform,AWS",Developer,Mid,,4.8,EMP040,2024-02-18,Not Started,0.0,2024-02-18,2024-02-27,,False,0,7,,,,,True,,False,0,,,Medium,Critical,78.6,False,True,3,Weekly,1.2,2024-02-16 17:00:00,2024-09-22 10:15:00
TSK0583,Create user manual,Documentation task for project PRJ052 — Complex complexity.,Documentation,PRJ052,Medium,Complex,73.0,68.3,8,"Markdown,Git,Confluence",Developer,Junior,,8.7,EMP014,2023-03-09,Completed,100.0,2023-03-31,2023-04-17,2023-04-26,True,9,7,TSK0010,,,,True,7.5,True,2,8.1,7.2,High,Medium,17.5,True,True,5,Weekly,2.6,2023-03-30 15:45:00,2024-02-12 14:15:00
TSK0584,Redesign settings page,Design task for project PRJ050 — Simple complexity.,Design,PRJ050,Medium,Simple,1.2,1.2,1,"CSS,Figma,HTML",Designer,Senior,,1.5,EMP065,2024-02-29,Completed,100.0,2024-06-25,2024-06-27,2024-06-27,False,0,1,,,"TSK0590,TSK0591",,False,5.6,False,0,7.3,6.9,High,Medium,30.5,False,False,1,Daily,0.0,2024-01-06 10:30:00,2024-10-16 08:30:00
TSK0585,Deploy to staging,DevOps task for project PRJ034 — Moderate complexity.,DevOps,PRJ034,Critical,Moderate,21.6,,8,"AWS,Kubernetes,Terraform",Developer,Senior,,6.4,EMP007,2023-06-17,In Progress,67.1,2023-06-30,2023-07-05,,True,1001,2,,,,,False,,False,0,,,High,Low,95.0,False,True,4,Daily,5.8,2023-06-21 10:30:00,2024-03-27 16:15:00
TSK0586,Redesign settings page,Design task for project PRJ072 — Complex complexity.,Design,PRJ072,Low,Complex,62.9,,8,CSS,Designer,Junior,,8.0,EMP035,2023-01-04,In Progress,72.7,2023-02-02,2023-02-13,,True,1143,3,"TSK0293,TSK0479",,"TSK0582,TSK0578",,True,,False,0,,,Low,Low,14.9,True,True,5,Weekly,1.7,2023-01-25 17:45:00,2024-12-31 17:00:00
TSK0587,Infrastructure as code,DevOps task for project PRJ027 — Simple complexity.,DevOps,PRJ027,High,Simple,2.7,,2,Linux,Developer,Mid,,2.9,,,Not Started,0.0,2023-11-10,2023-11-15,,False,0,4,,,,,False,,False,0,,,Medium,Low,58.8,False,False,1,Daily,0.0,2023-10-15 08:00:00,2024-09-15 14:15:00
TSK0588,Create runbook,Documentation task for project PRJ043 — Very Complex complexity.,Documentation,PRJ043,High,Very Complex,165.8,174.4,13,"Confluence,Git,Technical Writing",Developer,Mid,,8.1,,,Completed,100.0,2023-09-12,2023-10-06,2023-10-16,True,10,3,,TSK0605,"TSK0591,TSK0593",,False,7.4,False,0,4.6,6.9,High,Critical,81.5,False,False,1,Weekly,0.0,2023-08-15 12:30:00,2024-05-29 18:30:00
TSK0589,Deploy to staging,DevOps task for project PRJ007 — Moderate complexity.,DevOps,PRJ007,High,Moderate,21.2,,3,"Linux,Jenkins,Docker",Developer,Senior,,6.5,EMP028,2024-03-03,In Progress,10.6,2024-03-12,2024-03-21,,True,741,6,"TSK0247,TSK0127","TSK0606,TSK0608",,,False,,False,0,,,Low,High,41.5,False,True,5,Weekly,5.9,2024-03-12 16:15:00,2025-02-28 17:00:00
TSK0590,Document review,Review task for project PRJ075 — Moderate complexity.,Review,PRJ075,Medium,Moderate,19.2,16.9,5,"React,Java,Python",Senior Engineer,Senior,,4.3,EMP012,2023-03-21,Completed,100.0,2023-03-22,2023-03-31,2023-03-26,False,-5,6,"TSK0136,TSK0209",,,,False,7.6,True,3,6.7,8.1,Low,Medium,5.0,False,False,1,Daily,0.0,2023-02-19 18:45:00,2023-04-21 14:15:00
TSK0591,Perform integration testing,Testing task for project PRJ067 — Moderate complexity.,Testing,PRJ067,Low,Moderate,21.9,,3,Selenium,Developer,Senior,,6.1,,,Blocked,19.3,2024-04-22,2024-04-27,,True,704,2,TSK0003,"TSK0606,TSK0605",,TSK0572,True,,False,0,,,High,Low,32.0,False,True,5,Weekly,0.7,2024-04-10 09:30:00,2024-07-27 13:45:00
TSK0592,Implement caching layer,Development task for project PRJ031 — Very Complex complexity.,Development,PRJ031,High,Very Complex,187.7,,21,"Python,C++,Node.js",Developer,Junior,,9.9,EMP011,2024-06-13,Not Started,0.0,2024-06-29,2024-07-25,,False,0,2,,,,,False,,False,0,,,High,High,37.1,False,True,4,Daily,5.0,2024-01-30 08:00:00,2024-08-18 08:45:00
TSK0593,Create data pipeline,Development task for project PRJ048 — Moderate complexity.,Development,PRJ048,Low,Moderate,21.1,,5,"Python,TypeScript,REST APIs",Developer,Mid,,6.8,EMP043,2023-11-26,In Progress,37.2,2023-12-07,2023-12-15,,True,838,5,,,,TSK0403,True,,False,0,,,Medium,Medium,24.9,False,False,1,Weekly,0.0,2023-11-18 09:15:00,2024-04-29 08:45:00
TSK0594,Redesign settings page,Design task for project PRJ052 — Very Complex complexity.,Design,PRJ052,Medium,Very Complex,153.7,173.8,21,CSS,Designer,Mid,,9.5,EMP072,2023-05-20,Completed,100.0,2023-06-12,2023-07-03,2023-07-15,True,12,1,,,,,False,5.3,False,0,5.9,8.2,Medium,Critical,73.0,False,False,1,As needed,0.0,2023-05-30 08:15:00,2024-12-15 14:00:00
TSK0595,Code review,Review task for project PRJ079 — Moderate complexity.,Review,PRJ079,High,Moderate,9.2,,3,"Code Review,Git",Senior Engineer,Junior,,5.1,EMP073,2024-01-16,Blocked,35.9,2024-04-28,2024-05-02,,True,699,2,TSK0136,,,,False,,False,0,,,Low,Medium,71.3,False,True,3,Weekly,2.3,2023-11-28 09:00:00,2025-02-14 13:15:00
TSK0596,Team sync,Meeting task for project PRJ043 — Complex complexity.,Meeting,PRJ043,Medium,Complex,52.6,40.1,8,"Facilitation,Communication",Manager,Senior,,7.9,EMP063,2023-09-01,Completed,100.0,2023-10-11,2023-10-21,2023-11-02,True,12,3,TSK0288,"TSK0601,TSK0610",,,True,5.3,False,0,8.6,6.7,Low,High,55.5,False,False,1,As needed,0.0,2023-08-10 12:30:00,2024-02-24 10:00:00
TSK0597,Architecture discussion,Meeting task for project PRJ038 — Simple complexity.,Meeting,PRJ038,Medium,Simple,3.6,4.6,1,"Scrum,Communication",Manager,Mid,,2.0,,,Completed,100.0,2024-06-18,2024-06-21,2024-06-18,False,-3,2,,TSK0600,,,False,8.1,False,0,7.4,8.9,Low,High,48.2,False,False,1,Daily,0.0,2023-12-20 11:15:00,2024-11-07 15:15:00
TSK0598,Incident post-mortem,Meeting task for project PRJ036 — Complex complexity.,Meeting,PRJ036,Critical,Complex,24.3,28.7,8,Scrum,Manager,Mid,,8.0,EMP031,2023-07-19,Completed,100.0,2023-08-16,2023-08-22,2023-08-21,False,-1,2,"TSK0007,TSK0494","TSK0616,TSK0600","TSK0607,TSK0600",,False,7.4,False,0,6.4,8.8,Low,Critical,75.7,False,False,1,Daily,0.0,2023-08-15 09:30:00,2024-02-22 14:00:00
TSK0599,Design critique,Meeting task for project PRJ030 — Moderate complexity.,Meeting,PRJ030,Critical,Moderate,23.2,,5,Scrum,Manager,Senior,,4.2,,,In Progress,22.0,2024-02-27,2024-03-03,,True,759,2,,,"TSK0605,TSK0597",,False,,False,0,,,Low,High,79.1,False,True,4,As needed,3.4,2024-01-17 12:15:00,2025-01-22 10:45:00
TSK0600,Research ML frameworks,Research task for project PRJ053 — Moderate complexity.,Research,PRJ053,High,Moderate,13.5,13.4,8,"Literature Review,Python,Excel",Analyst,Junior,,4.8,EMP080,2023-06-08,Completed,100.0,2023-06-13,2023-06-22,2023-06-16,False,-6,7,"TSK0552,TSK0085",,,TSK0341,False,8.1,True,2,7.3,6.8,Medium,Medium,44.6,False,True,5,Weekly,1.3,2023-05-15 09:45:00,2024-04-11 11:30:00
TSK0601,Research ML frameworks,Research task for project PRJ044 — Moderate complexity.,Research,PRJ044,Medium,Moderate,21.9,,3,"Excel,Statistics,Python",Analyst,Mid,,5.3,EMP056,2024-03-07,Blocked,78.3,2024-03-21,2024-03-28,,True,734,4,,,,,False,,False,0,,,Medium,High,28.8,False,False,1,Daily,0.0,2024-03-05 10:30:00,2024-07-15 14:30:00
TSK0602,Build REST API endpoint,Development task for project PRJ043 — Moderate complexity.,Development,PRJ043,Critical,Moderate,13.3,13.0,5,SQL,Developer,Mid,,6.4,EMP043,2023-09-05,Completed,100.0,2023-09-18,2023-09-26,2023-09-19,False,-7,6,,TSK0603,,,False,6.6,False,0,7.7,6.9,Medium,High,82.8,True,True,4,Weekly,4.4,2023-09-15 17:00:00,2024-05-14 09:00:00
TSK0603,Infrastructure as code,DevOps task for project PRJ013 — Complex complexity.,DevOps,PRJ013,Medium,Complex,57.7,,8,GitHub Actions,Developer,Senior,,7.3,EMP088,2024-02-22,Not Started,0.0,2024-03-19,2024-04-02,,False,0,6,,TSK0616,,,False,,False,0,,,Low,Critical,22.7,False,True,2,As needed,4.1,2023-12-25 09:15:00,2024-06-20 15:30:00
TSK0604,Design critique,Meeting task for project PRJ008 — Simple complexity.,Meeting,PRJ008,Low,Simple,1.1,,2,Agile,Manager,Mid,,3.3,,,Not Started,0.0,2023-10-04,2023-10-06,,False,0,1,TSK0356,,,,False,,False,0,,,Medium,Low,16.9,False,True,2,As needed,2.6,2023-07-02 15:00:00,2024-12-30 11:15:00
TSK0605,Build search feature,Development task for project PRJ046 — Moderate complexity.,Development,PRJ046,Medium,Moderate,19.3,,8,TypeScript,Developer,Mid,,6.0,EMP009,2023-12-16,In Progress,82.6,2024-01-23,2024-01-27,,True,795,1,TSK0312,,"TSK0614,TSK0598",,True,,False,0,,,Low,Medium,30.4,False,True,5,Daily,0.3,2024-01-11 12:00:00,2024-02-28 16:30:00
TSK0606,Technology feasibility study,Research task for project PRJ044 — Very Complex complexity.,Research,PRJ044,Critical,Very Complex,185.7,248.2,13,R,Analyst,Junior,,9.9,EMP044,2024-03-24,Completed,100.0,2024-06-05,2024-07-02,2024-06-20,False,-12,3,,"TSK0622,TSK0607",,,False,8.3,False,0,7.3,6.9,Medium,Critical,80.7,False,False,1,Daily,0.0,2024-05-04 14:45:00,2025-02-04 12:00:00
TSK0607,Design review,Review task for project PRJ065 — Moderate complexity.,Review,PRJ065,High,Moderate,12.3,13.5,8,"Git,Code Review",Senior Engineer,Mid,,4.4,EMP075,2023-06-10,Completed,100.0,2023-06-21,2023-06-29,2023-06-27,False,-2,6,"TSK0470,TSK0387",,,TSK0165,False,5.4,False,0,7.7,7.1,Low,High,64.7,False,False,1,Weekly,0.0,2023-05-14 14:30:00,2024-03-08 10:45:00
TSK0608,Design landing page,Design task for project PRJ059 — Moderate complexity.,Design,PRJ059,High,Moderate,16.6,19.8,3,Sketch,Designer,Junior,,5.7,,,Completed,100.0,2024-04-07,2024-04-12,2024-04-25,True,13,2,,TSK0610,,,False,7.4,False,0,9.5,7.0,Medium,Critical,75.2,True,False,1,Daily,0.0,2024-03-28 16:45:00,2024-12-24 12:15:00
TSK0609,Create wireframes,Design task for project PRJ012 — Complex complexity.,Design,PRJ012,Medium,Complex,45.5,40.8,13,"HTML,UI/UX,Sketch",Designer,Junior,,7.4,EMP059,2023-08-05,Completed,100.0,2023-08-12,2023-08-23,2023-08-12,False,-11,5,,"TSK0619,TSK0615",,,False,6.1,False,0,5.0,7.1,Medium,High,59.1,False,False,1,Weekly,0.0,2023-07-16 10:45:00,2024-08-24 13:15:00
TSK0610,Document review,Review task for project PRJ060 — Simple complexity.,Review,PRJ060,High,Simple,7.2,,3,React,Senior Engineer,Mid,,2.8,EMP021,2023-11-08,In Progress,14.7,2023-11-08,2023-11-13,,True,870,4,TSK0442,,"TSK0605,TSK0602",,False,,False,0,,,Low,Medium,67.9,False,True,5,Weekly,4.3,2023-11-08 13:00:00,2024-06-17 09:00:00
TSK0611,Conduct user research,Research task for project PRJ069 — Moderate complexity.,Research,PRJ069,High,Moderate,13.9,,8,"Python,Data Analysis",Analyst,Mid,,5.7,EMP060,2024-10-17,In Progress,79.9,2024-10-27,2024-11-03,,True,514,5,,,,,False,,False,0,,,Low,High,71.1,False,True,3,As needed,0.4,2024-07-19 17:15:00,2024-12-31 17:45:00
TSK0612,Update README,Documentation task for project PRJ043 — Complex complexity.,Documentation,PRJ043,High,Complex,77.8,63.6,13,Confluence,Developer,Mid,,8.7,EMP021,2023-08-14,Completed,100.0,2023-08-26,2023-09-10,2023-08-30,False,-11,5,,,,,False,8.4,True,3,7.8,9.1,Medium,Low,56.1,False,False,1,Daily,0.0,2023-08-06 12:30:00,2025-01-05 12:15:00
TSK0613,Build design system,Design task for project PRJ009 — Simple complexity.,Design,PRJ009,High,Simple,4.0,,2,"Figma,Adobe XD,HTML",Designer,Junior,,2.7,,,In Progress,5.9,2023-08-20,2023-08-27,,True,948,6,,,,TSK0135,False,,False,0,,,Medium,Low,95.0,True,True,4,As needed,5.1,2023-06-29 09:15:00,2024-09-04 11:00:00
TSK0614,Prototype user journey,Design task for project PRJ054 — Complex complexity.,Design,PRJ054,High,Complex,42.8,,8,Illustrator,Designer,Junior,,7.8,,,Not Started,0.0,2024-04-02,2024-04-10,,False,0,2,,,,,False,,False,0,,,Low,High,29.4,False,True,3,As needed,0.8,2024-03-19 18:00:00,2025-03-01 10:00:00
TSK0615,Prototype user journey,Design task for project PRJ061 — Complex complexity.,Design,PRJ061,Critical,Complex,40.7,55.7,8,Sketch,Designer,Junior,,8.7,EMP004,2024-01-23,Completed,100.0,2024-02-16,2024-02-27,2024-03-10,True,12,5,"TSK0402,TSK0167",TSK0622,,TSK0058,False,10.0,False,0,6.8,7.0,High,High,69.7,False,False,1,Daily,0.0,2024-01-23 14:45:00,2024-03-07 14:15:00
TSK0616,Create wireframes,Design task for project PRJ074 — Complex complexity.,Design,PRJ074,High,Complex,52.7,,13,"Figma,Prototyping,CSS",Designer,Mid,,7.7,EMP033,2024-05-17,In Progress,54.4,2024-05-23,2024-06-02,,True,668,3,,"TSK0623,TSK0624",,,False,,False,0,,,Low,High,43.5,False,False,1,Daily,0.0,2024-05-04 10:15:00,2024-12-06 10:45:00
TSK0617,Create runbook,Documentation task for project PRJ019 — Very Complex complexity.,Documentation,PRJ019,Medium,Very Complex,110.7,,21,"Confluence,Technical Writing",Developer,Junior,,9.3,EMP090,2024-04-13,In Progress,34.2,2024-06-17,2024-06-24,,True,646,6,,,,,False,,False,0,,,High,Critical,61.2,False,True,2,Daily,4.4,2024-04-14 10:15:00,2024-11-23 09:45:00
TSK0618,Research ML frameworks,Research task for project PRJ072 — Simple complexity.,Research,PRJ072,Critical,Simple,3.4,4.7,1,"Statistics,Data Analysis",Analyst,Mid,,3.7,,,Completed,100.0,2023-04-03,2023-04-07,2023-04-17,True,10,3,,,"TSK0614,TSK0609",,False,8.6,True,2,6.4,8.0,Low,Medium,78.1,False,True,5,Weekly,0.2,2023-03-24 12:30:00,2024-07-24 14:30:00
TSK0619,Document review,Review task for project PRJ052 — Complex complexity.,Review,PRJ052,High,Complex,56.9,54.2,13,"Python,Java",Senior Engineer,Junior,,8.4,EMP048,2023-07-06,Completed,100.0,2023-07-24,2023-08-04,2023-07-30,False,-5,3,,,,,False,8.5,False,0,6.2,4.3,Low,High,68.0,False,False,1,Weekly,0.0,2023-03-19 13:30:00,2024-08-05 08:00:00
TSK0620,Update README,Documentation task for project PRJ066 — Very Complex complexity.,Documentation,PRJ066,Low,Very Complex,90.5,,21,"Git,Confluence",Developer,Mid,,8.4,EMP048,2024-02-25,In Progress,17.1,2024-03-11,2024-03-28,,True,734,5,,TSK0621,,TSK0377,False,,False,0,,,Low,High,29.1,False,True,2,As needed,1.6,2024-02-03 09:30:00,2024-04-06 18:30:00
TSK0621,Benchmark database options,Research task for project PRJ032 — Complex complexity.,Research,PRJ032,High,Complex,68.4,63.0,8,Excel,Analyst,Mid,,8.9,EMP092,2023-12-15,Completed,100.0,2023-12-19,2023-12-31,2024-01-12,True,12,3,,,,,False,7.9,False,0,6.5,7.6,High,Critical,57.8,True,True,2,As needed,3.0,2023-12-13 13:15:00,2024-02-29 09:00:00
TSK0622,PR review,Review task for project PRJ012 — Moderate complexity.,Review,PRJ012,Medium,Moderate,22.7,,8,"React,Java",Senior Engineer,Mid,,4.8,EMP036,2023-07-31,In Review,35.8,2023-08-15,2023-08-20,,True,955,2,"TSK0050,TSK0116",,,,True,,False,0,,,Medium,High,36.7,False,False,1,Weekly,0.0,2023-08-01 14:30:00,2024-01-13 11:45:00
TSK0623,E2E test automation,Testing task for project PRJ074 — Moderate complexity.,Testing,PRJ074,Critical,Moderate,14.9,,8,Cypress,Developer,Junior,,5.0,,,In Review,44.8,2024-06-25,2024-06-29,,True,641,2,,,,,False,,False,0,,,Low,Critical,90.4,False,True,2,As needed,5.6,2024-05-21 13:00:00,2024-07-04 08:15:00
TSK0624,Accessibility audit,Testing task for project PRJ017 — Complex complexity.,Testing,PRJ017,High,Complex,27.7,,8,Postman,Developer,Senior,,7.6,EMP016,2023-10-31,Not Started,0.0,2023-12-31,2024-01-11,,False,0,7,,,,,True,,False,0,,,Medium,Low,35.9,False,True,2,Weekly,3.0,2023-08-16 08:15:00,2024-03-02 11:45:00
TSK0625,Run regression suite,Testing task for project PRJ067 — Complex complexity.,Testing,PRJ067,High,Complex,67.4,,8,"TestRail,JMeter,Jest",Developer,Junior,,8.8,EMP074,2023-12-07,Not Started,0.0,2023-12-08,2023-12-22,,False,0,5,,,,,False,,False,0,,,Low,Low,53.6,False,False,1,As needed,0.0,2023-11-29 10:15:00,2024-02-23 18:45:00
TSK0626,Evaluate third-party libraries,Research task for project PRJ067 — Complex complexity.,Research,PRJ067,High,Complex,57.8,,8,"Python,Statistics",Analyst,Junior,,7.0,EMP089,2023-12-30,Not Started,0.0,2024-03-04,2024-03-19,,False,0,7,"TSK0090,TSK0520",,"TSK0629,TSK0618",,False,,False,0,,,Low,Medium,84.0,False,True,5,Daily,3.6,2024-03-01 09:15:00,2024-06-14 14:00:00
TSK0627,Design review,Review task for project PRJ016 — Moderate complexity.,Review,PRJ016,High,Moderate,10.5,,3,"Code Review,Java,Python",Senior Engineer,Mid,,5.1,EMP072,2024-02-09,Not Started,0.0,2024-08-17,2024-08-21,,False,0,2,,,,,False,,False,0,,,Medium,High,69.3,False,True,3,Daily,1.9,2024-03-11 10:15:00,2024-10-09 11:15:00
TSK0628,Create data pipeline,Development task for project PRJ014 — Complex complexity.,Development,PRJ014,High,Complex,66.2,92.2,13,"Go,Docker,SQL",Developer,Mid,,7.5,EMP073,2024-05-18,Completed,100.0,2024-06-17,2024-06-29,2024-07-04,True,5,3,,,,,False,8.5,True,3,8.0,7.6,Low,Low,70.8,True,False,1,Daily,0.0,2024-06-08 15:15:00,2024-07-21 18:00:00
TSK0629,Update README,Documentation task for project PRJ051 — Complex complexity.,Documentation,PRJ051,High,Complex,62.3,72.8,13,"Technical Writing,Markdown",Developer,Senior,,7.6,EMP072,2023-07-08,Completed,100.0,2023-07-08,2023-07-17,2023-07-23,True,6,1,,TSK0637,,,True,8.5,False,0,8.1,6.9,Medium,Medium,76.3,False,False,1,Weekly,0.0,2023-07-04 15:30:00,2024-08-06 09:30:00
TSK0630,Design review,Review task for project PRJ006 — Simple complexity.,Review,PRJ006,Critical,Simple,3.5,2.6,2,"Python,Code Review,Java",Senior Engineer,Junior,,2.7,,,Completed,100.0,2023-01-31,2023-02-07,2023-02-21,True,14,6,,,,TSK0094,False,6.5,False,0,8.2,7.5,High,Medium,56.1,False,True,4,Daily,2.7,2023-01-30 13:15:00,2023-04-02 15:00:00
TSK0631,Document architecture,Documentation task for project PRJ022 — Complex complexity.,Documentation,PRJ022,Low,Complex,48.3,,8,Technical Writing,Developer,Senior,,8.3,EMP064,2023-01-11,Not Started,0.0,2023-01-19,2023-01-31,,False,0,5,TSK0207,,,,False,,False,0,,,Low,Medium,25.9,False,True,5,Weekly,2.4,2023-01-18 16:45:00,2023-08-27 09:15:00
TSK0632,Code review,Review task for project PRJ030 — Complex complexity.,Review,PRJ030,High,Complex,28.5,35.2,8,"React,Java,Python",Senior Engineer,Mid,,7.3,EMP044,2024-02-28,Completed,100.0,2024-03-09,2024-03-17,2024-03-30,True,13,4,,,,,False,6.4,False,0,4.9,5.9,Medium,Medium,50.6,False,True,4,As needed,1.2,2024-02-22 09:45:00,2024-08-24 12:15:00
TSK0633,Architecture discussion,Meeting task for project PRJ024 — Moderate complexity.,Meeting,PRJ024,Critical,Moderate,11.7,11.1,3,"Scrum,Facilitation",Manager,Junior,,4.1,,,Completed,100.0,2023-11-20,2023-11-27,2023-11-22,False,-5,5,"TSK0577,TSK0468",,,TSK0144,True,5.9,False,0,8.3,7.8,Medium,Medium,89.9,False,False,1,Weekly,0.0,2023-11-04 16:45:00,2024-07-31 14:30:00
TSK0634,PR review,Review task for project PRJ040 — Moderate complexity.,Review,PRJ040,Medium,Moderate,22.2,,3,Python,Senior Engineer,Junior,,5.3,EMP055,2024-03-24,Not Started,0.0,2024-03-31,2024-04-07,,False,0,4,,"TSK0642,TSK0646",,,False,,False,0,,,Low,Medium,44.0,False,False,1,Daily,0.0,2024-02-16 17:45:00,2025-02-09 10:45:00
TSK0635,Create icon set,Design task for project PRJ073 — Simple complexity.,Design,PRJ073,High,Simple,5.6,4.7,1,"Figma,Adobe XD,UI/UX",Designer,Mid,,2.7,EMP076,2024-06-11,Completed,100.0,2024-06-30,2024-07-03,2024-07-10,True,7,2,,TSK0650,,,False,6.9,False,0,8.8,8.1,Medium,High,95.0,False,True,4,Weekly,3.7,2024-05-25 12:45:00,2024-12-15 14:15:00
TSK0636,Update onboarding guide,Documentation task for project PRJ038 — Moderate complexity.,Documentation,PRJ038,High,Moderate,19.9,,5,"Confluence,Markdown,Technical Writing",Developer,Mid,,6.1,EMP051,2023-11-09,In Progress,81.2,2023-11-10,2023-11-20,,True,863,7,,,,,False,,False,0,,,High,Critical,67.5,False,False,1,Daily,0.0,2023-10-20 12:00:00,2024-08-05 18:15:00
TSK0637,Build notification service,Development task for project PRJ076 — Complex complexity.,Development,PRJ076,Medium,Complex,42.4,59.0,13,"Docker,Node.js,Java",Developer,Senior,,7.3,EMP069,2023-06-18,Completed,100.0,2023-07-28,2023-08-09,2023-08-03,False,-6,6,TSK0009,,,TSK0178,False,8.6,True,2,8.4,6.7,High,Medium,48.3,False,True,4,Weekly,5.4,2023-07-28 13:15:00,2024-05-16 18:45:00
TSK0638,PR review,Review task for project PRJ075 — Moderate complexity.,Review,PRJ075,High,Moderate,10.1,9.0,3,"Code Review,Git",Senior Engineer,Mid,,4.1,EMP039,2023-02-22,Completed,100.0,2023-02-22,2023-02-25,2023-03-03,True,6,1,,,"TSK0628,TSK0632",,False,7.1,True,1,7.9,8.3,Low,Critical,63.5,False,True,4,Daily,5.2,2023-02-17 16:45:00,2023-09-04 13:30:00
TSK0639,Deploy to staging,DevOps task for project PRJ011 — Complex complexity.,DevOps,PRJ011,High,Complex,75.7,82.3,8,"AWS,Terraform,GitHub Actions",Developer,Mid,,8.9,,,Completed,100.0,2023-03-24,2023-04-09,2023-04-16,True,7,6,TSK0229,,,,True,7.4,False,0,7.4,7.1,High,Medium,49.9,True,True,3,Weekly,0.2,2023-02-24 11:30:00,2024-07-04 12:15:00
TSK0640,Conduct user research,Research task for project PRJ014 — Moderate complexity.,Research,PRJ014,High,Moderate,8.3,8.7,3,"Data Analysis,Statistics,R",Analyst,Junior,,6.0,EMP085,2024-08-18,Completed,100.0,2024-11-07,2024-11-14,2024-11-20,True,6,5,,,,,False,7.9,False,0,8.5,6.8,High,Critical,77.8,True,True,2,Daily,3.9,2024-08-31 15:30:00,2024-11-15 15:30:00
TSK0641,Write API documentation,Documentation task for project PRJ027 — Complex complexity.,Documentation,PRJ027,High,Complex,71.1,,8,Confluence,Developer,Senior,,7.3,EMP047,2023-09-10,Not Started,0.0,2024-05-17,2024-06-02,,False,0,7,,,,,False,,False,0,,,High,Medium,46.6,False,True,3,Daily,1.2,2023-10-14 16:15:00,2024-09-13 08:15:00
TSK0642,Retrospective,Meeting task for project PRJ052 — Simple complexity.,Meeting,PRJ052,Medium,Simple,5.0,4.3,1,Communication,Manager,Senior,,1.6,EMP060,2023-02-13,Completed,100.0,2023-02-14,2023-02-17,2023-02-14,False,-3,2,,,,TSK0438,False,6.6,True,2,7.2,6.0,Low,Critical,72.3,False,False,1,Daily,0.0,2023-02-07 11:00:00,2023-08-10 12:30:00
TSK0643,Design landing page,Design task for project PRJ023 — Moderate complexity.,Design,PRJ023,High,Moderate,22.6,,8,Sketch,Designer,Junior,,5.7,EMP031,2024-03-24,Not Started,0.0,2024-05-26,2024-06-05,,False,0,7,,,"TSK0637,TSK0651",TSK0596,False,,False,0,,,High,Medium,68.1,False,True,2,Weekly,0.5,2024-03-31 10:15:00,2024-10-22 08:30:00
TSK0644,Configure monitoring,DevOps task for project PRJ034 — Moderate complexity.,DevOps,PRJ034,High,Moderate,18.6,21.4,8,"Terraform,Docker",Developer,Mid,,5.4,EMP042,2023-07-07,Completed,100.0,2023-07-07,2023-07-17,2023-07-22,True,5,7,,,,,True,6.3,False,0,6.9,6.1,Low,High,55.8,False,False,1,Daily,0.0,2023-06-29 10:45:00,2023-12-05 13:00:00
TSK0645,Design critique,Meeting task for project PRJ077 — Moderate complexity.,Meeting,PRJ077,Critical,Moderate,8.6,10.6,8,"Facilitation,Communication,Scrum",Manager,Mid,,6.3,EMP033,2023-03-16,Completed,100.0,2023-03-27,2023-04-02,2023-04-08,True,6,4,TSK0463,,,TSK0087,False,7.7,True,1,8.0,9.2,Medium,High,76.8,True,True,2,Daily,1.4,2023-02-24 16:45:00,2024-12-14 08:00:00
TSK0646,Architecture review,Review task for project PRJ038 — Simple complexity.,Review,PRJ038,Medium,Simple,5.9,,3,"Python,Git,React",Senior Engineer,Junior,,3.8,EMP080,2023-11-05,In Review,13.8,2023-12-20,2023-12-24,,True,829,3,,,,,False,,False,0,,,High,Medium,59.1,True,True,5,Weekly,4.5,2023-10-25 11:45:00,2024-03-22 10:00:00
TSK0647,Write unit tests,Testing task for project PRJ019 — Complex complexity.,Testing,PRJ019,Medium,Complex,30.3,,8,Jest,Developer,Mid,,7.8,EMP083,2024-03-27,In Progress,73.9,2024-04-13,2024-04-23,,True,708,6,,TSK0654,,,False,,False,0,,,Low,Low,66.6,False,False,1,Weekly,0.0,2024-03-25 16:45:00,2024-12-29 17:30:00
TSK0648,Architecture review,Review task for project PRJ003 — Complex complexity.,Review,PRJ003,Low,Complex,69.0,51.7,8,"Java,React,Git",Senior Engineer,Mid,,8.7,EMP041,2023-02-06,Completed,100.0,2023-04-19,2023-05-05,2023-05-11,True,6,7,,,,,False,6.9,False,0,7.5,7.4,Medium,Medium,13.2,False,False,1,Daily,0.0,2023-02-01 12:15:00,2024-07-25 15:45:00
TSK0649,E2E test automation,Testing task for project PRJ046 — Complex complexity.,Testing,PRJ046,High,Complex,55.8,,8,"Jest,Selenium,PyTest",Developer,Junior,,7.8,,,In Progress,34.7,2024-02-07,2024-02-18,,True,773,4,,,"TSK0648,TSK0642",,True,,False,0,,,Medium,High,90.9,False,True,3,As needed,0.3,2024-01-12 13:45:00,2024-06-05 14:15:00
TSK0650,Accessibility audit,Testing task for project PRJ053 — Moderate complexity.,Testing,PRJ053,Medium,Moderate,10.8,7.9,8,"Postman,TestRail",Developer,Mid,,6.2,EMP043,2023-06-25,Completed,100.0,2023-06-25,2023-07-04,2023-06-30,False,-4,7,"TSK0100,TSK0200",,"TSK0658,TSK0641",,True,6.7,False,0,4.0,8.2,Low,Critical,26.7,False,True,2,As needed,4.9,2023-05-09 10:15:00,2023-09-29 10:00:00
TSK0651,Document architecture,Documentation task for project PRJ066 — Moderate complexity.,Documentation,PRJ066,Medium,Moderate,18.6,,3,"Markdown,Technical Writing",Developer,Senior,,6.1,EMP069,2024-03-23,In Review,78.9,2024-03-28,2024-04-02,,True,729,2,TSK0544,,,,True,,False,0,,,Medium,High,41.6,False,False,1,As needed,0.0,2024-01-10 08:45:00,2024-06-26 17:45:00
TSK0652,Architecture review,Review task for project PRJ032 — Simple complexity.,Review,PRJ032,Medium,Simple,6.8,6.1,3,"Code Review,Java,Python",Senior Engineer,Junior,,2.0,EMP096,2023-12-29,Completed,100.0,2024-02-27,2024-03-05,2024-03-10,True,5,6,"TSK0185,TSK0115",,,TSK0077,False,9.2,True,1,7.2,8.3,Medium,High,45.7,False,False,1,As needed,0.0,2023-12-16 10:30:00,2024-11-25 11:00:00
TSK0653,PR review,Review task for project PRJ066 — Moderate complexity.,Review,PRJ066,Low,Moderate,22.7,,8,"React,Java",Senior Engineer,Mid,,6.3,,,Not Started,0.0,2024-04-18,2024-04-28,,False,0,7,"TSK0603,TSK0625",,,,False,,False,0,,,Medium,High,29.4,False,True,3,Daily,0.7,2024-03-20 08:00:00,2024-08-08 14:45:00
TSK0654,Write unit tests,Testing task for project PRJ001 — Simple complexity.,Testing,PRJ001,Medium,Simple,1.4,,2,PyTest,Developer,Senior,,3.8,EMP025,2023-10-02,In Progress,33.6,2023-10-19,2023-10-25,,True,889,5,,,"TSK0651,TSK0661",,False,,False,0,,,Medium,Low,35.4,True,False,1,Daily,0.0,2023-10-11 10:45:00,2024-12-23 17:15:00
TSK0655,Code review,Review task for project PRJ051 — Complex complexity.,Review,PRJ051,Critical,Complex,53.9,,13,"Git,Java,Python",Senior Engineer,Mid,,7.3,EMP030,2023-06-19,In Progress,42.1,2023-08-05,2023-08-19,,True,956,7,,,"TSK0661,TSK0659",TSK0345,False,,False,0,,,Low,Critical,95.0,False,True,5,Daily,1.1,2023-07-26 09:15:00,2024-10-22 16:30:00
TSK0656,Prototype user journey,Design task for project PRJ025 — Complex complexity.,Design,PRJ025,Medium,Complex,32.7,26.4,8,Illustrator,Designer,Mid,,7.4,EMP066,2023-11-01,Completed,100.0,2023-11-12,2023-11-23,2023-12-01,True,8,6,,,,,False,8.3,False,0,8.8,8.6,Low,Medium,48.8,False,True,2,As needed,2.4,2023-11-06 15:45:00,2023-12-30 18:00:00
TSK0657,Architecture discussion,Meeting task for project PRJ075 — Very Complex complexity.,Meeting,PRJ075,Medium,Very Complex,100.0,75.3,13,"Scrum,Facilitation,Communication",Manager,Mid,,9.7,,,Completed,100.0,2023-03-11,2023-03-26,2023-04-04,True,9,2,,,"TSK0666,TSK0661",,False,6.3,True,3,8.3,6.5,Medium,Medium,30.7,False,True,3,Weekly,4.4,2023-02-12 10:45:00,2024-03-30 13:45:00
TSK0658,Perform integration testing,Testing task for project PRJ079 — Very Complex complexity.,Testing,PRJ079,Low,Very Complex,184.4,,13,PyTest,Developer,Mid,,8.3,EMP073,2024-05-07,Blocked,31.2,2024-05-08,2024-06-03,,True,667,2,,,,TSK0456,False,,False,0,,,Low,Medium,34.3,False,True,2,Weekly,2.7,2024-02-19 15:15:00,2024-12-04 14:30:00
TSK0659,Configure monitoring,DevOps task for project PRJ063 — Complex complexity.,DevOps,PRJ063,High,Complex,25.2,,8,"GitHub Actions,Jenkins",Developer,Mid,,8.1,EMP033,2023-05-21,In Progress,31.1,2023-05-26,2023-06-03,,True,1033,4,,,,,False,,False,0,,,Low,Medium,72.9,False,True,4,Weekly,0.7,2023-04-29 11:30:00,2024-09-06 16:30:00
TSK0660,Create wireframes,Design task for project PRJ049 — Complex complexity.,Design,PRJ049,High,Complex,40.4,33.0,8,"UI/UX,Figma",Designer,Senior,,7.5,EMP051,2023-03-01,Completed,100.0,2023-04-10,2023-04-17,2023-04-29,True,12,1,,,"TSK0654,TSK0665",,True,9.2,False,0,6.9,8.7,High,Low,64.4,False,False,1,Daily,0.0,2023-03-25 10:30:00,2024-10-08 12:30:00
TSK0661,Implement user authentication,Development task for project PRJ072 — Complex complexity.,Development,PRJ072,Critical,Complex,73.1,75.9,8,Docker,Developer,Junior,,8.7,EMP070,2023-03-12,Completed,100.0,2023-04-13,2023-04-24,2023-04-23,False,-1,1,,,,TSK0356,False,8.0,False,0,7.9,7.6,Low,Low,79.4,False,False,1,As needed,0.0,2023-02-17 13:00:00,2023-05-31 08:15:00
TSK0662,Retrospective,Meeting task for project PRJ050 — Complex complexity.,Meeting,PRJ050,High,Complex,66.5,76.6,13,"Scrum,Facilitation",Manager,Junior,,7.2,,,Completed,100.0,2024-07-13,2024-07-27,2024-07-24,False,-3,5,"TSK0579,TSK0197",,,,False,8.4,False,0,7.6,8.8,Low,High,72.8,False,False,1,Weekly,0.0,2024-06-28 15:00:00,2024-12-27 09:45:00
TSK0663,Build notification service,Development task for project PRJ004 — Moderate complexity.,Development,PRJ004,Medium,Moderate,9.8,,3,"Go,Python",Developer,Mid,,5.3,EMP038,2023-11-16,In Review,9.0,2023-11-29,2023-12-02,,True,851,1,,,,,False,,False,0,,,Medium,Low,68.9,False,True,3,Weekly,1.8,2023-10-30 14:15:00,2025-01-05 10:00:00
TSK0664,Setup alerting rules,DevOps task for project PRJ062 — Simple complexity.,DevOps,PRJ062,High,Simple,2.0,1.6,2,Kubernetes,Developer,Mid,,3.3,,,Completed,100.0,2024-05-26,2024-06-03,2024-05-31,False,-3,7,,,,,False,7.5,False,0,6.6,7.5,High,High,44.5,False,False,1,Weekly,0.0,2024-04-17 18:30:00,2024-12-02 17:15:00
TSK0665,Design critique,Meeting task for project PRJ022 — Moderate complexity.,Meeting,PRJ022,Critical,Moderate,9.5,,3,"Agile,Scrum",Manager,Senior,,5.6,EMP011,2023-01-18,Not Started,0.0,2023-02-19,2023-02-22,,False,0,1,,TSK0666,,,False,,False,0,,,Low,High,90.5,False,True,2,Daily,5.6,2023-02-18 15:15:00,2024-12-05 10:45:00
TSK0666,Setup CI/CD pipeline,DevOps task for project PRJ035 — Simple complexity.,DevOps,PRJ035,High,Simple,4.8,4.4,3,Kubernetes,Developer,Senior,,3.2,EMP071,2023-12-06,Completed,100.0,2024-02-19,2024-02-23,2024-03-07,True,13,3,,,,,False,7.2,False,0,7.0,6.8,Medium,Medium,69.4,False,True,4,As needed,2.9,2024-02-08 09:45:00,2024-03-24 08:30:00
TSK0667,Develop admin dashboard,Development task for project PRJ047 — Moderate complexity.,Development,PRJ047,High,Moderate,12.9,13.3,3,"Go,Node.js",Developer,Junior,,4.8,EMP082,2024-06-17,Completed,100.0,2024-12-12,2024-12-17,2024-12-20,True,3,3,,,,TSK0473,False,8.3,True,3,8.0,6.2,Medium,Medium,68.7,False,True,5,As needed,1.2,2024-06-27 17:15:00,2024-12-16 13:15:00
TSK0668,Create data pipeline,Development task for project PRJ029 — Complex complexity.,Development,PRJ029,High,Complex,34.9,,8,TypeScript,Developer,Mid,,7.8,EMP067,2023-06-19,In Progress,22.1,2023-06-19,2023-06-30,,True,1006,6,,,,,False,,False,0,,,Medium,Medium,74.7,False,False,1,Weekly,0.0,2023-06-07 15:45:00,2024-01-06 08:30:00
TSK0669,API contract testing,Testing task for project PRJ041 — Moderate complexity.,Testing,PRJ041,High,Moderate,18.9,18.6,5,"Cypress,Jest",Developer,Mid,,4.5,EMP028,2023-05-24,Completed,100.0,2023-05-24,2023-06-02,2023-06-02,False,0,6,,,,,True,7.5,True,2,7.8,7.9,Medium,High,39.6,False,False,1,Daily,0.0,2023-05-08 14:45:00,2023-08-21 15:45:00
TSK0670,Configure monitoring,DevOps task for project PRJ076 — Complex complexity.,DevOps,PRJ076,Medium,Complex,76.2,,13,"AWS,Linux",Developer,Mid,,7.4,EMP049,2023-06-16,In Review,55.0,2023-07-07,2023-07-19,,True,987,2,TSK0038,"TSK0686,TSK0678",,,False,,False,0,,,Low,Medium,30.3,False,True,3,As needed,0.6,2023-03-28 16:45:00,2024-12-22 12:30:00
TSK0671,Create user manual,Documentation task for project PRJ050 — Moderate complexity.,Documentation,PRJ050,Critical,Moderate,12.4,14.0,8,Markdown,Developer,Mid,,6.3,EMP048,2024-02-21,Completed,100.0,2024-03-12,2024-03-19,2024-04-02,True,14,5,,,,,False,8.1,False,0,5.2,4.8,Medium,Critical,91.1,False,True,2,Daily,1.1,2023-12-26 15:45:00,2024-12-12 17:00:00
TSK0672,Update onboarding guide,Documentation task for project PRJ068 — Moderate complexity.,Documentation,PRJ068,Medium,Moderate,16.6,,8,"Markdown,Confluence,Git",Developer,Mid,,5.8,EMP097,2023-09-06,In Progress,44.3,2023-09-26,2023-09-30,,True,914,1,,,,,False,,False,0,,,Medium,Low,33.9,False,True,5,As needed,5.9,2023-08-03 09:15:00,2024-05-05 18:00:00
TSK0673,Design critique,Meeting task for project PRJ056 — Complex complexity.,Meeting,PRJ056,Medium,Complex,71.5,,8,"Agile,Scrum",Manager,Mid,,8.6,EMP069,2024-04-23,In Progress,56.8,2024-06-25,2024-07-06,,True,634,2,TSK0633,,,,False,,False,0,,,Low,High,54.8,False,True,5,As needed,2.8,2024-04-09 13:30:00,2024-08-01 16:45:00
TSK0674,Competitive analysis,Research task for project PRJ029 — Very Complex complexity.,Research,PRJ029,Low,Very Complex,178.8,,21,"Data Analysis,R,Python",Analyst,Senior,,8.2,EMP003,2023-07-14,In Progress,68.3,2023-07-27,2023-08-05,,True,970,3,"TSK0021,TSK0125",TSK0693,"TSK0671,TSK0682",,True,,False,0,,,Low,Critical,39.8,False,False,1,Daily,0.0,2023-06-25 13:00:00,2024-04-01 14:00:00
TSK0675,Team sync,Meeting task for project PRJ069 — Simple complexity.,Meeting,PRJ069,Low,Simple,6.6,,3,"Scrum,Communication,Facilitation",Manager,Junior,,3.2,EMP039,2024-04-27,In Review,32.9,2024-05-04,2024-05-08,,True,693,3,"TSK0544,TSK0509",,,,True,,False,0,,,Low,Critical,6.9,False,False,1,As needed,0.0,2024-05-03 14:15:00,2024-08-19 13:15:00
TSK0676,Build search feature,Development task for project PRJ001 — Moderate complexity.,Development,PRJ001,Critical,Moderate,18.0,,8,Java,Developer,Mid,,5.0,EMP058,2023-11-10,Blocked,36.2,2023-11-23,2023-11-27,,True,856,1,,,,,False,,False,0,,,Medium,Critical,93.9,True,False,1,Daily,0.0,2023-10-03 09:45:00,2024-04-19 11:45:00
TSK0677,Accessibility audit,Testing task for project PRJ066 — Complex complexity.,Testing,PRJ066,Medium,Complex,75.0,,13,"TestRail,Cypress",Developer,Junior,,8.0,EMP070,2024-02-27,Not Started,0.0,2024-03-18,2024-03-29,,False,0,1,,TSK0687,"TSK0669,TSK0680",,False,,False,0,,,Low,Critical,29.2,False,True,2,As needed,0.2,2024-01-23 17:45:00,2024-08-30 18:15:00
TSK0678,Write API documentation,Documentation task for project PRJ053 — Complex complexity.,Documentation,PRJ053,High,Complex,70.4,,8,"Confluence,Technical Writing",Developer,Mid,,9.0,EMP001,2023-05-16,In Review,21.1,2023-05-21,2023-05-31,,True,1036,1,"TSK0430,TSK0214",,,TSK0649,False,,False,0,,,Low,High,58.0,False,False,1,As needed,0.0,2023-05-07 16:15:00,2025-01-16 13:15:00
TSK0679,Optimize Docker images,DevOps task for project PRJ074 — Simple complexity.,DevOps,PRJ074,High,Simple,6.6,,2,"Kubernetes,Linux,Jenkins",Developer,Junior,,2.5,EMP085,2024-05-08,Not Started,0.0,2024-07-13,2024-07-20,,False,0,6,,,,,False,,False,0,,,Medium,Critical,53.6,False,True,4,Weekly,0.7,2024-05-28 13:45:00,2024-08-16 15:00:00
TSK0680,Benchmark database options,Research task for project PRJ003 — Complex complexity.,Research,PRJ003,High,Complex,59.9,73.7,13,"Data Analysis,Python,R",Analyst,Mid,,8.6,EMP035,2023-02-06,Completed,100.0,2023-02-12,2023-02-27,2023-02-15,False,-12,7,,,,,False,6.8,True,2,8.1,4.1,Medium,Critical,95.0,False,True,3,Daily,4.4,2023-01-16 14:30:00,2024-06-12 15:00:00
TSK0681,Conduct user research,Research task for project PRJ002 — Moderate complexity.,Research,PRJ002,High,Moderate,17.7,,8,Literature Review,Analyst,Junior,,6.7,EMP054,2023-03-27,In Review,48.6,2023-09-16,2023-09-21,,True,923,2,TSK0358,,"TSK0672,TSK0679",,True,,False,0,,,Low,High,78.1,False,False,1,Daily,0.0,2023-04-02 17:00:00,2024-09-14 15:45:00
TSK0682,Write API documentation,Documentation task for project PRJ036 — Moderate complexity.,Documentation,PRJ036,Medium,Moderate,9.1,,3,Markdown,Developer,Mid,,6.1,EMP013,2023-07-27,In Progress,55.3,2023-08-14,2023-08-22,,True,953,6,,,,TSK0495,False,,False,0,,,Low,Medium,59.2,False,False,1,As needed,0.0,2023-08-13 10:15:00,2024-05-23 16:45:00
TSK0683,PR review,Review task for project PRJ020 — Very Complex complexity.,Review,PRJ020,Medium,Very Complex,169.3,,21,Java,Senior Engineer,Junior,,9.7,EMP023,2024-03-19,Not Started,0.0,2024-04-14,2024-05-07,,False,0,4,,,"TSK0673,TSK0681",,False,,False,0,,,Low,High,47.2,False,False,1,As needed,0.0,2024-02-03 09:00:00,2024-05-02 11:30:00
TSK0684,Optimize Docker images,DevOps task for project PRJ013 — Moderate complexity.,DevOps,PRJ013,High,Moderate,19.0,,3,Kubernetes,Developer,Junior,,4.2,EMP058,2024-01-05,Not Started,0.0,2024-01-07,2024-01-12,,False,0,2,,"TSK0692,TSK0697",,TSK0585,False,,False,0,,,Low,Medium,57.2,False,True,2,Daily,0.1,2024-01-01 15:30:00,2024-01-22 08:00:00
TSK0685,E2E test automation,Testing task for project PRJ043 — Moderate complexity.,Testing,PRJ043,High,Moderate,23.3,19.8,8,"JMeter,Jest,Cypress",Developer,Senior,,6.9,EMP025,2023-08-14,Completed,100.0,2023-08-17,2023-08-27,2023-08-31,True,4,7,TSK0554,,,,False,6.7,True,2,8.7,8.8,Medium,Critical,85.6,False,False,1,Daily,0.0,2023-08-04 12:30:00,2024-05-29 14:00:00
TSK0686,Conduct load testing,Testing task for project PRJ071 — Simple complexity.,Testing,PRJ071,High,Simple,6.7,,1,TestRail,Developer,Senior,,2.4,EMP007,2023-03-04,In Progress,26.8,2023-03-04,2023-03-09,,True,1119,4,"TSK0301,TSK0135",TSK0689,,,True,,False,0,,,High,High,53.4,False,True,2,Weekly,0.9,2023-03-04 08:30:00,2024-01-10 15:45:00
TSK0687,Develop payment gateway,Development task for project PRJ027 — Very Complex complexity.,Development,PRJ027,Low,Very Complex,160.9,,21,C++,Developer,Mid,,9.3,,,Not Started,0.0,2024-02-13,2024-03-08,,False,0,3,,,,,False,,False,0,,,Medium,Low,44.1,False,True,4,Daily,5.7,2024-01-31 13:30:00,2024-04-10 14:00:00
TSK0688,Create icon set,Design task for project PRJ074 — Simple complexity.,Design,PRJ074,Medium,Simple,5.7,,2,"CSS,HTML",Designer,Mid,,3.9,,,In Progress,83.4,2024-09-22,2024-09-28,,True,550,5,,,,,False,,False,0,,,Low,Medium,55.1,False,True,5,Weekly,0.8,2024-08-24 14:00:00,2024-09-24 16:30:00
TSK0689,Create runbook,Documentation task for project PRJ004 — Simple complexity.,Documentation,PRJ004,Medium,Simple,4.6,6.4,1,Git,Developer,Mid,,2.3,,,Completed,100.0,2023-11-28,2023-12-04,2023-11-30,False,-4,5,TSK0088,,"TSK0692,TSK0696",,False,8.2,False,0,6.9,6.0,Low,Critical,49.0,False,True,3,Weekly,5.0,2023-11-17 11:30:00,2024-08-30 12:45:00
TSK0690,Develop admin dashboard,Development task for project PRJ065 — Moderate complexity.,Development,PRJ065,High,Moderate,10.5,,3,Java,Developer,Senior,,5.7,EMP019,2023-04-29,In Review,32.1,2023-09-09,2023-09-15,,True,929,4,,"TSK0695,TSK0691",,,False,,False,0,,,Medium,Medium,52.6,False,False,1,Daily,0.0,2023-04-22 08:45:00,2024-05-20 12:45:00
TSK0691,Redesign settings page,Design task for project PRJ079 — Complex complexity.,Design,PRJ079,Medium,Complex,24.3,17.4,8,"UI/UX,CSS,Adobe XD",Designer,Mid,,7.2,EMP012,2023-10-16,Completed,100.0,2023-11-21,2023-11-29,2023-11-21,False,-8,4,"TSK0207,TSK0468",,,,False,9.5,False,0,7.9,8.3,Low,High,66.2,False,True,5,Weekly,0.1,2023-10-25 12:00:00,2025-01-31 16:45:00
TSK0692,Configure monitoring,DevOps task for project PRJ032 — Simple complexity.,DevOps,PRJ032,High,Simple,1.3,1.5,1,"Linux,Kubernetes,Terraform",Developer,Junior,,3.8,EMP016,2023-12-14,Completed,100.0,2024-04-18,2024-04-24,2024-04-26,True,2,5,TSK0536,,,,False,8.8,False,0,4.9,9.5,High,Medium,81.8,False,True,4,Weekly,0.9,2023-11-14 11:30:00,2024-04-24 09:30:00
TSK0693,Competitive analysis,Research task for project PRJ036 — Very Complex complexity.,Research,PRJ036,Low,Very Complex,129.5,,13,"Excel,Statistics",Analyst,Senior,,8.9,EMP075,2023-08-05,In Progress,56.6,2023-08-07,2023-08-24,,True,951,5,,,"TSK0701,TSK0687",,False,,False,0,,,High,Low,20.0,True,False,1,Weekly,0.0,2023-08-07 09:15:00,2023-12-26 18:15:00
TSK0694,Create user manual,Documentation task for project PRJ001 — Complex complexity.,Documentation,PRJ001,Medium,Complex,32.4,,13,"Markdown,Technical Writing",Developer,Senior,,7.3,,,In Progress,47.6,2023-12-05,2023-12-13,,True,840,3,,,,,False,,False,0,,,Low,High,63.4,True,True,4,As needed,6.0,2023-09-21 08:30:00,2024-01-18 10:00:00
TSK0695,Run regression suite,Testing task for project PRJ071 — Complex complexity.,Testing,PRJ071,High,Complex,63.3,,8,"Selenium,PyTest,JMeter",Developer,Mid,,8.1,EMP042,2023-03-26,In Progress,58.4,2023-04-26,2023-05-05,,True,1062,1,TSK0063,,"TSK0686,TSK0693",TSK0088,False,,False,0,,,High,High,59.2,True,False,1,Daily,0.0,2023-03-12 15:00:00,2023-05-26 09:15:00
TSK0696,Deploy to staging,DevOps task for project PRJ009 — Complex complexity.,DevOps,PRJ009,High,Complex,43.6,,8,"Terraform,Linux,AWS",Developer,Mid,,7.1,,,In Progress,65.8,2023-09-06,2023-09-17,,True,927,5,"TSK0320,TSK0391",,,,False,,False,0,,,High,Medium,71.5,True,True,3,Daily,5.1,2023-07-29 14:00:00,2023-12-24 17:00:00
TSK0697,Implement caching layer,Development task for project PRJ047 — Moderate complexity.,Development,PRJ047,Critical,Moderate,16.0,16.7,8,SQL,Developer,Mid,,6.4,,,Completed,100.0,2024-08-06,2024-08-15,2024-08-15,False,0,6,,,,,False,7.4,False,0,7.9,6.6,Medium,Medium,76.5,False,True,3,As needed,5.0,2024-07-08 10:45:00,2024-11-29 08:45:00
TSK0698,Setup alerting rules,DevOps task for project PRJ045 — Moderate complexity.,DevOps,PRJ045,High,Moderate,22.9,,5,"Terraform,Linux,Jenkins",Developer,Senior,,6.9,,,In Review,28.5,2023-06-02,2023-06-07,,True,1029,2,,,,,False,,False,0,,,Low,Medium,49.9,False,True,2,As needed,3.8,2023-03-21 08:00:00,2024-07-28 09:30:00
TSK0699,Document review,Review task for project PRJ039 — Complex complexity.,Review,PRJ039,High,Complex,78.5,71.9,8,"Git,Code Review,Java",Senior Engineer,Mid,,7.5,EMP054,2023-10-15,Completed,100.0,2023-10-25,2023-11-11,2023-11-07,False,-4,7,"TSK0259,TSK0620",,,,False,5.0,True,2,6.1,8.7,Medium,High,69.3,False,False,1,Weekly,0.0,2023-09-29 18:00:00,2024-11-20 09:00:00
TSK0700,Benchmark database options,Research task for project PRJ070 — Simple complexity.,Research,PRJ070,High,Simple,4.9,,3,"Python,R",Analyst,Mid,,1.4,EMP055,2023-09-21,Not Started,0.0,2023-10-08,2023-10-10,,False,0,1,,,,,False,,False,0,,,Medium,Medium,62.8,False,True,4,Daily,3.5,2023-09-23 16:00:00,2025-02-27 14:45:00
TSK0701,Retrospective,Meeting task for project PRJ013 — Simple complexity.,Meeting,PRJ013,Low,Simple,6.7,,1,Facilitation,Manager,Mid,,1.5,EMP085,2024-01-21,Blocked,79.6,2024-02-14,2024-02-22,,True,769,7,TSK0122,,"TSK0708,TSK0705",,True,,False,0,,,Low,High,10.1,False,False,1,Daily,0.0,2024-02-09 18:45:00,2024-03-12 08:15:00
TSK0702,Evaluate third-party libraries,Research task for project PRJ014 — Moderate complexity.,Research,PRJ014,High,Moderate,17.5,13.2,8,R,Analyst,Mid,,6.5,EMP005,2024-05-12,Completed,100.0,2024-10-15,2024-10-23,2024-10-16,False,-7,5,,,"TSK0695,TSK0708",,False,7.4,False,0,7.0,6.9,Low,High,38.1,False,True,2,As needed,5.3,2024-08-06 10:30:00,2024-10-28 16:30:00
TSK0703,Write API documentation,Documentation task for project PRJ060 — Complex complexity.,Documentation,PRJ060,High,Complex,70.0,,13,Markdown,Developer,Junior,,8.7,EMP057,2023-11-09,In Progress,15.2,2023-11-10,2023-11-25,,True,858,6,,,"TSK0698,TSK0711",,False,,False,0,,,Low,Critical,60.0,False,True,5,Weekly,0.8,2023-11-05 17:00:00,2024-11-10 11:45:00
TSK0704,Redesign settings page,Design task for project PRJ055 — Complex complexity.,Design,PRJ055,High,Complex,25.5,,8,CSS,Designer,Mid,,8.6,,,Not Started,0.0,2023-05-19,2023-05-30,,False,0,7,"TSK0124,TSK0549","TSK0712,TSK0706",,,False,,False,0,,,High,Critical,66.1,False,False,1,As needed,0.0,2023-03-23 16:00:00,2024-12-01 13:30:00
TSK0705,Build REST API endpoint,Development task for project PRJ002 — Moderate complexity.,Development,PRJ002,High,Moderate,10.7,9.1,5,TypeScript,Developer,Mid,,6.0,EMP024,2023-05-02,Completed,100.0,2023-08-19,2023-08-23,2023-08-23,False,0,2,,,,,False,6.9,False,0,7.4,6.5,Medium,High,62.2,False,False,1,Weekly,0.0,2023-07-10 08:45:00,2024-11-14 18:30:00
TSK0706,Build design system,Design task for project PRJ032 — Simple complexity.,Design,PRJ032,Medium,Simple,5.0,3.7,2,"Sketch,CSS",Designer,Senior,,3.1,,,Completed,100.0,2023-12-26,2023-12-28,2024-01-05,True,8,1,TSK0005,,"TSK0702,TSK0708",,True,5.6,False,0,6.0,9.1,High,Critical,56.0,False,False,1,Weekly,0.0,2023-11-20 12:15:00,2024-12-19 09:15:00
TSK0707,Create runbook,Documentation task for project PRJ065 — Moderate complexity.,Documentation,PRJ065,High,Moderate,9.1,,3,Markdown,Developer,Junior,,4.0,EMP010,2023-05-23,Not Started,0.0,2023-05-24,2023-06-01,,False,0,6,,TSK0719,,,False,,False,0,,,Medium,High,73.1,False,True,5,As needed,4.2,2023-05-12 11:15:00,2025-02-11 13:15:00
TSK0708,Create wireframes,Design task for project PRJ012 — Complex complexity.,Design,PRJ012,High,Complex,24.2,32.4,8,"CSS,HTML",Designer,Mid,,8.6,EMP099,2023-08-14,Completed,100.0,2023-11-15,2023-11-25,2023-11-23,False,-2,7,,,"TSK0709,TSK0717",,False,7.3,True,3,6.5,8.6,High,Medium,81.1,False,True,5,Weekly,2.0,2023-07-28 10:15:00,2024-09-13 13:45:00
TSK0709,Sprint planning,Meeting task for project PRJ034 — Moderate complexity.,Meeting,PRJ034,Medium,Moderate,10.5,,8,"Agile,Facilitation",Manager,Senior,,4.1,EMP003,2023-07-20,In Progress,18.7,2023-11-11,2023-11-17,,True,866,4,,,,,False,,False,0,,,Low,Critical,55.9,False,False,1,As needed,0.0,2023-06-17 15:00:00,2023-11-24 15:15:00
TSK0710,Document review,Review task for project PRJ016 — Very Complex complexity.,Review,PRJ016,Low,Very Complex,123.4,,21,"Code Review,Git,React",Senior Engineer,Mid,,9.5,EMP062,2024-04-26,In Progress,89.6,2024-07-11,2024-08-01,,True,608,5,,,"TSK0700,TSK0705",,False,,False,0,,,Medium,Critical,25.3,True,False,1,Daily,0.0,2024-04-12 15:15:00,2024-10-17 08:15:00
TSK0711,Stakeholder review,Meeting task for project PRJ034 — Moderate complexity.,Meeting,PRJ034,Low,Moderate,20.3,16.9,5,"Scrum,Facilitation",Manager,Mid,,6.1,EMP039,2023-06-16,Completed,100.0,2023-09-22,2023-09-27,2023-10-06,True,9,2,TSK0457,,,,False,7.1,True,3,5.9,8.5,Medium,High,16.9,False,False,1,As needed,0.0,2023-09-02 16:45:00,2025-01-21 14:15:00
TSK0712,Perform integration testing,Testing task for project PRJ028 — Moderate complexity.,Testing,PRJ028,Critical,Moderate,22.3,,5,"Selenium,PyTest,Postman",Developer,Junior,,6.2,EMP053,2024-01-01,Not Started,0.0,2024-01-22,2024-01-29,,False,0,4,,,,,False,,False,0,,,High,High,62.3,False,True,3,Weekly,1.6,2023-11-11 08:15:00,2024-09-20 11:45:00
TSK0713,Design review,Review task for project PRJ055 — Complex complexity.,Review,PRJ055,Medium,Complex,77.3,71.5,8,"React,Java,Git",Senior Engineer,Senior,,7.6,EMP095,2023-05-20,Completed,100.0,2023-07-12,2023-07-22,2023-08-04,True,13,6,,,"TSK0705,TSK0703",,False,7.2,False,0,7.5,8.8,Medium,Low,50.0,False,True,5,As needed,4.5,2023-02-11 15:15:00,2024-01-12 08:15:00
TSK0714,Conduct load testing,Testing task for project PRJ062 — Moderate complexity.,Testing,PRJ062,Low,Moderate,9.7,9.7,3,"Selenium,JMeter",Developer,Junior,,6.5,,,Completed,100.0,2024-07-12,2024-07-20,2024-07-27,True,7,6,"TSK0162,TSK0632",,,,False,9.3,False,0,8.6,10.0,Low,High,19.7,False,False,1,Daily,0.0,2024-04-21 09:45:00,2024-12-07 08:15:00
TSK0715,Implement user authentication,Development task for project PRJ024 — Very Complex complexity.,Development,PRJ024,High,Very Complex,169.6,,13,"REST APIs,Python",Developer,Mid,,8.2,EMP010,2023-11-08,In Progress,62.7,2023-12-09,2024-01-02,,True,820,2,,,,,False,,False,0,,,High,Medium,72.6,False,False,1,Weekly,0.0,2023-11-07 15:00:00,2024-06-01 18:00:00
TSK0716,Technology feasibility study,Research task for project PRJ027 — Moderate complexity.,Research,PRJ027,High,Moderate,11.0,,5,Literature Review,Analyst,Mid,,4.6,EMP015,2023-12-07,Not Started,0.0,2024-01-07,2024-01-13,,False,0,4,"TSK0444,TSK0248",,"TSK0713,TSK0707",,False,,False,0,,,High,Medium,78.3,False,False,1,As needed,0.0,2023-11-04 17:30:00,2024-03-02 17:15:00
TSK0717,Competitive analysis,Research task for project PRJ017 — Simple complexity.,Research,PRJ017,High,Simple,4.2,,1,"Data Analysis,Excel,Python",Analyst,Junior,,4.0,,,In Review,51.0,2023-11-18,2023-11-21,,True,862,2,,"TSK0719,TSK0722",,,False,,False,0,,,High,High,48.2,False,True,5,As needed,5.2,2023-09-20 13:15:00,2024-09-14 15:30:00
TSK0718,Retrospective,Meeting task for project PRJ003 — Complex complexity.,Meeting,PRJ003,High,Complex,49.3,62.7,8,"Communication,Scrum",Manager,Senior,,8.0,EMP064,2023-04-16,Completed,100.0,2023-06-01,2023-06-11,2023-06-10,False,-1,4,TSK0682,,"TSK0713,TSK0709",,True,8.0,False,0,7.7,6.2,Medium,Low,65.7,False,True,3,Weekly,3.7,2023-03-15 12:00:00,2025-01-19 11:15:00
TSK0719,Conduct user research,Research task for project PRJ032 — Moderate complexity.,Research,PRJ032,High,Moderate,11.3,8.2,3,"R,Data Analysis",Analyst,Junior,,6.9,EMP084,2024-01-10,Completed,100.0,2024-01-21,2024-01-26,2024-01-23,False,-3,3,TSK0346,,,TSK0415,False,7.5,False,0,5.8,7.3,Medium,High,72.8,False,True,4,Weekly,4.2,2023-12-06 17:15:00,2025-02-10 11:15:00
TSK0720,Evaluate third-party libraries,Research task for project PRJ051 — Moderate complexity.,Research,PRJ051,High,Moderate,22.7,,8,"Literature Review,Python,Data Analysis",Analyst,Junior,,5.3,EMP096,2023-06-08,In Progress,50.7,2023-06-08,2023-06-18,,True,1018,7,"TSK0277,TSK0093",TSK0735,,,False,,False,0,,,Low,High,61.1,False,True,3,Weekly,5.7,2023-05-30 10:15:00,2024-10-28 14:15:00
TSK0721,PR review,Review task for project PRJ040 — Simple complexity.,Review,PRJ040,Medium,Simple,5.1,,2,"Git,Java,React",Senior Engineer,Junior,,1.5,EMP035,2024-02-09,In Review,20.5,2024-02-12,2024-02-17,,True,774,4,,,,,True,,False,0,,,Low,High,44.0,False,False,1,Weekly,0.0,2024-02-04 11:45:00,2024-04-17 14:30:00
TSK0722,Security vulnerability scan,Testing task for project PRJ066 — Very Complex complexity.,Testing,PRJ066,High,Very Complex,155.5,205.8,21,Selenium,Developer,Mid,,8.5,EMP058,2024-02-01,Completed,100.0,2024-02-02,2024-02-24,2024-02-03,False,-21,2,TSK0676,,,,False,8.0,False,0,8.0,5.4,High,High,65.8,True,True,2,Daily,2.1,2024-01-17 13:30:00,2024-02-07 13:00:00
TSK0723,Conduct load testing,Testing task for project PRJ013 — Simple complexity.,Testing,PRJ013,Critical,Simple,5.1,,1,"JMeter,Postman",Developer,Junior,,1.9,,,Not Started,0.0,2024-06-22,2024-06-30,,False,0,7,,"TSK0728,TSK0735",,TSK0096,False,,False,0,,,Low,Critical,71.4,False,False,1,As needed,0.0,2024-02-28 18:30:00,2024-12-18 16:00:00
TSK0724,Create data pipeline,Development task for project PRJ039 — Complex complexity.,Development,PRJ039,Low,Complex,67.2,65.0,13,Docker,Developer,Senior,,8.0,EMP027,2023-10-06,Completed,100.0,2023-11-15,2023-11-28,2023-12-05,True,7,4,,,,,False,8.1,True,2,8.6,7.7,Medium,Critical,18.1,False,True,4,As needed,5.8,2023-10-16 08:30:00,2024-10-05 16:30:00
TSK0725,Conduct user research,Research task for project PRJ070 — Complex complexity.,Research,PRJ070,Medium,Complex,33.6,,13,Statistics,Analyst,Senior,,8.4,EMP052,2023-09-29,Not Started,0.0,2023-12-06,2023-12-18,,False,0,7,,,"TSK0734,TSK0720",,False,,False,0,,,High,Medium,41.8,False,True,4,Daily,4.4,2023-09-07 17:45:00,2024-03-01 16:15:00
TSK0726,Sprint planning,Meeting task for project PRJ002 — Simple complexity.,Meeting,PRJ002,Medium,Simple,6.3,6.4,3,"Facilitation,Agile",Manager,Mid,,1.6,EMP025,2023-08-19,Completed,100.0,2023-10-15,2023-10-18,2023-10-24,True,6,2,TSK0167,,,,False,7.3,False,0,6.1,7.9,Medium,Low,13.9,False,True,5,Weekly,2.4,2023-10-10 15:00:00,2023-12-22 14:45:00
TSK0727,Sprint planning,Meeting task for project PRJ007 — Complex complexity.,Meeting,PRJ007,High,Complex,77.9,100.1,13,Communication,Manager,Junior,,7.9,EMP003,2024-02-29,Completed,100.0,2024-02-29,2024-03-11,2024-03-15,True,4,1,TSK0589,,,,False,6.6,True,2,6.1,7.9,Low,Medium,45.9,False,False,1,As needed,0.0,2024-02-26 11:45:00,2024-03-02 08:45:00
TSK0728,Perform integration testing,Testing task for project PRJ060 — Complex complexity.,Testing,PRJ060,High,Complex,51.2,,8,"JMeter,Jest",Developer,Mid,,7.6,EMP054,2023-11-15,In Progress,14.4,2024-01-18,2024-01-29,,True,793,4,,,,TSK0587,False,,False,0,,,Low,Critical,63.1,False,True,3,Daily,1.6,2023-11-09 15:45:00,2024-12-20 10:15:00
TSK0729,Conduct user research,Research task for project PRJ053 — Complex complexity.,Research,PRJ053,Low,Complex,30.4,,13,"R,Statistics",Analyst,Junior,,7.6,EMP092,2023-05-14,Blocked,30.5,2023-05-19,2023-05-27,,True,1040,4,,,,,True,,False,0,,,Low,High,20.2,False,True,4,As needed,2.9,2023-05-17 08:45:00,2023-12-18 12:30:00
TSK0730,Build notification service,Development task for project PRJ036 — Very Complex complexity.,Development,PRJ036,Critical,Very Complex,185.6,201.4,13,C++,Developer,Junior,,8.9,,,Completed,100.0,2023-08-04,2023-08-24,2023-09-05,True,12,1,,,"TSK0725,TSK0721",,False,6.4,True,2,9.6,6.7,Low,High,79.4,False,False,1,Daily,0.0,2023-08-04 10:15:00,2024-05-05 13:45:00
TSK0731,Database backup automation,DevOps task for project PRJ074 — Moderate complexity.,DevOps,PRJ074,Medium,Moderate,12.1,,8,"Kubernetes,Terraform,Linux",Developer,Senior,,6.3,EMP069,2024-05-09,In Progress,35.5,2024-05-10,2024-05-14,,True,687,2,,,,,False,,False,0,,,Low,Medium,32.3,False,True,2,Weekly,3.9,2024-04-28 17:30:00,2024-09-03 16:30:00
TSK0732,Code review,Review task for project PRJ035 — Complex complexity.,Review,PRJ035,Critical,Complex,33.8,37.9,13,Java,Senior Engineer,Mid,,8.5,EMP005,2023-10-21,Completed,100.0,2023-11-13,2023-11-21,2023-12-01,True,10,3,,,,,False,8.6,False,0,8.9,6.8,Low,High,64.6,False,False,1,Weekly,0.0,2023-11-01 16:30:00,2024-04-02 11:45:00
TSK0733,Setup CI/CD pipeline,DevOps task for project PRJ011 — Moderate complexity.,DevOps,PRJ011,Critical,Moderate,16.7,22.2,5,"Linux,Kubernetes",Developer,Senior,,6.5,EMP017,2023-04-03,Completed,100.0,2023-04-04,2023-04-11,2023-04-12,True,1,4,,,,,False,7.6,False,0,7.8,6.8,Medium,High,72.3,False,True,2,As needed,5.6,2023-02-18 15:45:00,2023-09-21 17:00:00
TSK0734,Document architecture,Documentation task for project PRJ043 — Moderate complexity.,Documentation,PRJ043,Low,Moderate,8.7,12.0,5,Markdown,Developer,Mid,,5.9,EMP097,2023-09-10,Completed,100.0,2023-10-02,2023-10-05,2023-10-11,True,6,1,,,"TSK0732,TSK0738",,False,6.1,True,2,7.0,8.0,Medium,High,29.0,False,True,2,Weekly,4.9,2023-09-03 09:15:00,2024-04-06 10:45:00
TSK0735,Write release notes,Documentation task for project PRJ011 — Simple complexity.,Documentation,PRJ011,Medium,Simple,5.3,4.9,3,Git,Developer,Mid,,2.4,EMP043,2023-05-06,Completed,100.0,2023-05-12,2023-05-18,2023-05-25,True,7,5,,,,,False,8.6,False,0,5.8,9.1,Low,Medium,47.7,False,True,5,Daily,5.9,2023-02-12 13:30:00,2023-06-03 18:30:00
TSK0736,Conduct load testing,Testing task for project PRJ016 — Complex complexity.,Testing,PRJ016,High,Complex,62.9,,8,"Cypress,JMeter,Selenium",Developer,Senior,,7.5,EMP070,2024-05-31,In Review,70.0,2024-08-21,2024-09-02,,True,576,4,,,,,False,,False,0,,,Low,Medium,77.6,True,True,2,Weekly,2.8,2024-08-21 17:15:00,2024-12-29 17:00:00
TSK0737,Create wireframes,Design task for project PRJ072 — Very Complex complexity.,Design,PRJ072,Critical,Very Complex,98.5,124.4,21,CSS,Designer,Senior,,9.9,EMP059,2023-04-05,Completed,100.0,2023-04-09,2023-04-24,2023-05-03,True,9,2,,,,,False,6.3,True,3,6.9,6.9,Low,Medium,57.8,False,True,3,Weekly,5.8,2023-01-02 18:15:00,2024-03-08 12:00:00
TSK0738,Design critique,Meeting task for project PRJ073 — Moderate complexity.,Meeting,PRJ073,Low,Moderate,17.8,13.3,5,Communication,Manager,Mid,,5.3,EMP069,2024-06-10,Completed,100.0,2024-06-30,2024-07-08,2024-07-05,False,-3,5,,,,,False,9.0,False,0,6.6,7.9,Low,High,26.3,False,True,3,Weekly,4.9,2024-06-16 10:00:00,2024-10-27 16:00:00
TSK0739,Build search feature,Development task for project PRJ050 — Simple complexity.,Development,PRJ050,Medium,Simple,5.4,5.1,3,Java,Developer,Senior,,1.8,EMP075,2024-02-20,Completed,100.0,2024-02-21,2024-02-28,2024-02-24,False,-4,6,,,,,False,5.9,True,3,8.4,9.2,Medium,Medium,83.8,False,False,1,Daily,0.0,2024-01-11 15:00:00,2024-04-19 15:00:00
TSK0740,Setup alerting rules,DevOps task for project PRJ039 — Moderate complexity.,DevOps,PRJ039,Critical,Moderate,8.7,6.3,3,Terraform,Developer,Junior,,4.6,EMP009,2023-11-18,Completed,100.0,2023-11-25,2023-12-03,2023-12-12,True,9,6,TSK0616,,,,False,5.7,False,0,6.0,6.5,Medium,Medium,81.2,False,False,1,Daily,0.0,2023-09-14 18:00:00,2024-07-16 10:30:00
TSK0741,Architecture review,Review task for project PRJ036 — Complex complexity.,Review,PRJ036,High,Complex,29.0,,13,Git,Senior Engineer,Mid,,8.1,EMP050,2023-08-10,In Review,63.3,2023-08-10,2023-08-19,,True,956,5,,,"TSK0749,TSK0732",,False,,False,0,,,High,Medium,46.7,False,False,1,Weekly,0.0,2023-07-07 18:15:00,2024-10-14 11:30:00
TSK0742,Technology feasibility study,Research task for project PRJ042 — Complex complexity.,Research,PRJ042,High,Complex,69.0,,13,Data Analysis,Analyst,Mid,,8.3,EMP088,2024-02-10,In Progress,26.5,2024-02-26,2024-03-12,,True,750,6,"TSK0678,TSK0674",TSK0754,"TSK0732,TSK0734",,False,,False,0,,,Medium,High,85.5,False,False,1,Daily,0.0,2023-12-31 10:30:00,2024-12-13 15:45:00
TSK0743,Evaluate third-party libraries,Research task for project PRJ079 — Moderate complexity.,Research,PRJ079,Critical,Moderate,14.0,12.9,5,R,Analyst,Senior,,4.0,EMP089,2023-12-09,Completed,100.0,2024-02-19,2024-02-23,2024-03-02,True,8,2,,,,TSK0546,False,7.2,False,0,7.1,8.6,High,Medium,88.3,False,True,4,Weekly,4.1,2023-11-13 14:30:00,2024-11-06 16:15:00
TSK0744,Design review,Review task for project PRJ064 — Moderate complexity.,Review,PRJ064,Low,Moderate,12.0,9.7,5,Git,Senior Engineer,Junior,,4.8,,,Completed,100.0,2024-07-07,2024-07-13,2024-07-20,True,7,4,,,,,False,7.2,False,0,9.0,6.5,Low,Low,22.8,False,False,1,As needed,0.0,2024-06-05 17:30:00,2024-11-29 15:15:00
TSK0745,Develop admin dashboard,Development task for project PRJ033 — Complex complexity.,Development,PRJ033,Critical,Complex,34.4,27.2,13,"Docker,TypeScript",Developer,Junior,,7.4,EMP051,2024-03-04,Completed,100.0,2024-09-12,2024-09-22,2024-10-01,True,9,5,"TSK0387,TSK0625",,,,False,7.3,True,3,8.1,7.8,High,Low,62.0,False,True,3,Weekly,1.3,2024-08-15 16:45:00,2024-12-23 16:45:00
TSK0746,Security vulnerability scan,Testing task for project PRJ048 — Very Complex complexity.,Testing,PRJ048,Medium,Very Complex,190.0,,21,"TestRail,PyTest,Postman",Developer,Junior,,8.0,,,In Progress,26.7,2023-11-27,2023-12-16,,True,837,2,,TSK0763,,,False,,False,0,,,Medium,Critical,61.3,True,False,1,Daily,0.0,2023-11-16 08:00:00,2025-02-28 09:30:00
TSK0747,Architecture review,Review task for project PRJ052 — Simple complexity.,Review,PRJ052,High,Simple,2.0,,3,"React,Code Review",Senior Engineer,Mid,,3.2,EMP030,2023-02-13,Blocked,30.9,2023-03-01,2023-03-09,,True,1119,7,TSK0018,,,,False,,False,0,,,Low,High,68.2,False,True,3,Daily,0.2,2023-02-21 16:45:00,2024-12-19 13:45:00
TSK0748,Accessibility audit,Testing task for project PRJ038 — Simple complexity.,Testing,PRJ038,Medium,Simple,7.4,,2,Selenium,Developer,Mid,,2.9,EMP030,2023-11-16,Not Started,0.0,2023-12-20,2023-12-22,,False,0,1,,,,,False,,False,0,,,High,Medium,48.8,False,False,1,Weekly,0.0,2023-12-12 14:15:00,2024-10-06 16:00:00
TSK0749,E2E test automation,Testing task for project PRJ001 — Simple complexity.,Testing,PRJ001,Medium,Simple,1.6,,3,"Postman,PyTest",Developer,Junior,,2.1,EMP068,2023-09-29,In Progress,57.3,2023-09-29,2023-10-04,,True,910,4,,"TSK0750,TSK0759","TSK0748,TSK0755",,False,,False,0,,,Medium,Critical,62.9,False,True,3,Weekly,2.9,2023-09-28 13:45:00,2024-01-06 08:00:00
TSK0750,Code review,Review task for project PRJ026 — Moderate complexity.,Review,PRJ026,Critical,Moderate,18.3,18.2,3,Code Review,Senior Engineer,Mid,,5.5,EMP098,2024-09-07,Completed,100.0,2024-09-17,2024-09-21,2024-09-24,True,3,1,"TSK0637,TSK0598",,"TSK0746,TSK0757",,False,6.2,True,2,8.0,5.3,Medium,Medium,71.6,False,True,4,Weekly,1.7,2024-07-04 12:00:00,2024-11-25 15:45:00
TSK0751,Setup alerting rules,DevOps task for project PRJ017 — Simple complexity.,DevOps,PRJ017,Critical,Simple,6.4,,2,"GitHub Actions,Docker",Developer,Mid,,4.0,EMP010,2023-07-15,In Progress,76.1,2023-07-16,2023-07-23,,True,983,6,,,,TSK0712,False,,False,0,,,Medium,Critical,50.0,False,True,4,Weekly,0.5,2023-07-10 14:15:00,2024-04-02 08:00:00
TSK0752,Develop payment gateway,Development task for project PRJ045 — Complex complexity.,Development,PRJ045,Critical,Complex,43.4,57.6,8,"TypeScript,SQL,React",Developer,Mid,,8.5,EMP035,2023-05-15,Completed,100.0,2023-05-27,2023-06-03,2023-06-06,True,3,1,,"TSK0754,TSK0768",,,True,7.5,False,0,6.9,8.7,Medium,Medium,55.5,False,True,4,Daily,1.9,2023-03-14 09:30:00,2023-06-14 11:15:00
TSK0753,Implement caching layer,Development task for project PRJ027 — Moderate complexity.,Development,PRJ027,Critical,Moderate,17.4,,5,"Node.js,Python",Developer,Mid,,6.3,EMP070,2023-09-03,Not Started,0.0,2023-09-06,2023-09-11,,False,0,2,,,"TSK0756,TSK0754",,True,,False,0,,,Low,Low,66.4,True,True,4,Daily,4.2,2023-08-29 17:15:00,2024-04-01 11:30:00
TSK0754,Conduct user research,Research task for project PRJ008 — Moderate complexity.,Research,PRJ008,Medium,Moderate,22.9,,8,Excel,Analyst,Senior,,7.0,EMP065,2023-08-08,Not Started,0.0,2023-08-14,2023-08-20,,False,0,3,,,,,False,,False,0,,,Low,Medium,37.7,True,False,1,Daily,0.0,2023-08-09 09:00:00,2025-02-17 18:30:00
TSK0755,Design onboarding flow,Design task for project PRJ026 — Simple complexity.,Design,PRJ026,High,Simple,5.8,,1,"Sketch,HTML,UI/UX",Designer,Senior,,3.4,,,Not Started,0.0,2024-10-01,2024-10-03,,False,0,1,,,,,False,,False,0,,,Medium,Low,88.8,True,True,2,As needed,1.8,2024-07-06 18:15:00,2024-11-07 08:30:00
TSK0756,Code review,Review task for project PRJ001 — Very Complex complexity.,Review,PRJ001,Medium,Very Complex,137.1,165.7,21,"Git,React,Code Review",Senior Engineer,Mid,,8.7,EMP008,2023-11-02,Completed,100.0,2023-11-03,2023-11-24,2023-12-03,True,9,3,,"TSK0759,TSK0767",,,False,10.0,False,0,4.8,8.3,Low,Medium,36.6,False,True,3,Weekly,5.2,2023-09-30 11:30:00,2024-10-27 17:45:00
TSK0757,Benchmark database options,Research task for project PRJ002 — Moderate complexity.,Research,PRJ002,High,Moderate,10.2,8.1,5,Python,Analyst,Junior,,4.2,EMP072,2023-11-06,Completed,100.0,2023-12-20,2023-12-25,2023-12-20,False,-5,3,,,"TSK0748,TSK0760",,False,8.5,True,1,7.5,9.3,Low,Critical,42.3,False,False,1,Daily,0.0,2023-12-08 18:00:00,2024-11-15 18:45:00
TSK0758,Design landing page,Design task for project PRJ002 — Simple complexity.,Design,PRJ002,Critical,Simple,7.0,8.8,3,"UI/UX,Figma",Designer,Junior,,1.1,EMP004,2023-03-31,Completed,100.0,2023-05-21,2023-05-24,2023-05-22,False,-2,2,,,,,False,5.9,False,0,4.9,6.6,Low,Critical,82.4,False,True,3,Daily,5.1,2023-04-04 14:00:00,2023-07-10 17:45:00
TSK0759,PR review,Review task for project PRJ045 — Complex complexity.,Review,PRJ045,Critical,Complex,75.4,,13,"Git,Code Review,React",Senior Engineer,Mid,,8.9,EMP035,2023-05-04,Not Started,0.0,2023-05-08,2023-05-21,,False,0,3,"TSK0711,TSK0293",,"TSK0751,TSK0752",,False,,False,0,,,High,High,58.8,True,True,5,Weekly,2.1,2023-03-19 16:15:00,2024-02-22 12:30:00
TSK0760,Accessibility audit,Testing task for project PRJ022 — Very Complex complexity.,Testing,PRJ022,Low,Very Complex,151.7,,21,Jest,Developer,Junior,,8.3,EMP053,2023-02-27,Blocked,47.1,2023-03-14,2023-03-28,,True,1100,5,,,,,False,,False,0,,,Medium,Medium,32.0,False,True,4,Daily,2.7,2023-01-19 14:45:00,2023-03-30 10:15:00
TSK0761,Sprint planning,Meeting task for project PRJ065 — Simple complexity.,Meeting,PRJ065,Medium,Simple,3.6,,1,"Communication,Facilitation,Agile",Manager,Senior,,2.1,EMP087,2023-06-12,In Review,5.4,2023-06-16,2023-06-23,,True,1013,6,,,"TSK0768,TSK0766",,False,,False,0,,,Medium,Medium,32.2,True,False,1,As needed,0.0,2023-04-30 11:30:00,2024-04-25 15:30:00
TSK0762,Setup CI/CD pipeline,DevOps task for project PRJ034 — Moderate complexity.,DevOps,PRJ034,Critical,Moderate,19.7,,5,"GitHub Actions,Terraform",Developer,Junior,,4.6,EMP075,2023-06-17,In Progress,84.8,2023-08-31,2023-09-09,,True,935,6,TSK0659,,,,False,,False,0,,,Medium,Medium,80.1,False,False,1,As needed,0.0,2023-08-31 14:15:00,2024-11-12 13:45:00
TSK0763,Research ML frameworks,Research task for project PRJ025 — Moderate complexity.,Research,PRJ025,High,Moderate,22.1,24.1,8,"Excel,Data Analysis,Python",Analyst,Mid,,5.8,EMP001,2023-11-02,Completed,100.0,2023-11-22,2023-12-01,2023-12-13,True,12,6,,,,,False,6.8,True,2,6.1,7.5,Medium,Critical,47.1,False,False,1,Weekly,0.0,2023-09-18 17:15:00,2024-02-13 08:30:00
TSK0764,Conduct user research,Research task for project PRJ028 — Moderate complexity.,Research,PRJ028,Critical,Moderate,11.0,9.3,3,"R,Statistics",Analyst,Senior,,6.1,EMP027,2023-12-19,Completed,100.0,2023-12-24,2024-01-01,2024-01-08,True,7,6,TSK0330,,"TSK0767,TSK0769",,False,6.6,False,0,5.4,6.6,Low,High,70.7,False,True,3,Daily,3.7,2023-10-18 11:30:00,2024-11-21 10:00:00
TSK0765,API contract testing,Testing task for project PRJ003 — Simple complexity.,Testing,PRJ003,Medium,Simple,5.0,5.7,2,"PyTest,TestRail,Jest",Developer,Senior,,3.1,EMP023,2023-01-13,Completed,100.0,2023-01-13,2023-01-15,2023-01-26,True,11,1,"TSK0507,TSK0676",TSK0766,,,False,7.4,False,0,8.9,7.9,Low,Medium,44.1,False,False,1,As needed,0.0,2023-01-08 10:45:00,2023-03-12 15:30:00
TSK0766,Redesign settings page,Design task for project PRJ026 — Simple complexity.,Design,PRJ026,Medium,Simple,4.9,,1,"UI/UX,Adobe XD,Prototyping",Designer,Senior,,1.4,EMP032,2024-03-22,In Progress,75.7,2024-03-23,2024-03-30,,True,732,6,,,"TSK0760,TSK0772",,False,,False,0,,,High,Low,24.8,False,False,1,Daily,0.0,2024-03-23 16:00:00,2024-10-12 14:30:00
TSK0767,Design review,Review task for project PRJ001 — Complex complexity.,Review,PRJ001,Medium,Complex,35.6,33.3,13,"Git,Python",Senior Engineer,Junior,,7.1,EMP080,2023-10-31,Completed,100.0,2023-11-16,2023-11-28,2023-11-17,False,-11,7,TSK0656,,,TSK0508,False,9.6,False,0,9.5,6.1,Low,Low,59.6,False,True,5,Weekly,4.7,2023-10-12 16:15:00,2024-06-22 15:45:00
TSK0768,Refactor legacy module,Development task for project PRJ056 — Simple complexity.,Development,PRJ056,Medium,Simple,6.8,,1,"TypeScript,Node.js,Docker",Developer,Mid,,3.5,EMP085,2024-05-05,Blocked,39.4,2024-05-14,2024-05-21,,True,680,6,,,,,False,,False,0,,,Low,High,66.0,False,False,1,As needed,0.0,2024-04-16 17:45:00,2025-02-15 12:00:00
TSK0769,Database backup automation,DevOps task for project PRJ005 — Moderate complexity.,DevOps,PRJ005,Medium,Moderate,17.4,,8,Linux,Developer,Senior,,6.7,EMP085,2023-08-05,Blocked,78.7,2023-09-01,2023-09-05,,True,939,1,,,,,True,,False,0,,,Medium,High,40.1,False,False,1,Daily,0.0,2023-08-06 09:15:00,2023-12-13 10:00:00
TSK0770,Sprint planning,Meeting task for project PRJ079 — Moderate complexity.,Meeting,PRJ079,Low,Moderate,12.6,,5,"Scrum,Agile",Manager,Junior,,4.7,,,Blocked,64.5,2023-09-30,2023-10-03,,True,911,1,,,"TSK0766,TSK0777",,False,,False,0,,,Medium,Medium,21.9,False,False,1,As needed,0.0,2023-09-17 13:45:00,2025-01-14 16:45:00
TSK0771,API contract testing,Testing task for project PRJ017 — Simple complexity.,Testing,PRJ017,Medium,Simple,2.4,2.2,3,"Postman,Selenium",Developer,Mid,,2.9,EMP038,2023-08-01,Completed,100.0,2023-12-28,2024-01-02,2023-12-29,False,-4,4,,TSK0780,,,False,9.9,False,0,8.0,7.6,Medium,Medium,45.6,False,True,4,Daily,2.3,2023-12-25 13:45:00,2024-12-13 15:30:00
TSK0772,Benchmark database options,Research task for project PRJ001 — Complex complexity.,Research,PRJ001,Critical,Complex,72.0,,13,Excel,Analyst,Junior,,7.3,EMP008,2023-11-04,In Progress,15.1,2023-11-18,2023-12-05,,True,848,7,"TSK0136,TSK0008","TSK0784,TSK0783",,,False,,False,0,,,Medium,Medium,73.8,False,True,5,Weekly,1.9,2023-11-06 13:45:00,2024-05-16 09:15:00
TSK0773,Infrastructure as code,DevOps task for project PRJ036 — Complex complexity.,DevOps,PRJ036,Medium,Complex,24.3,,8,"Linux,Kubernetes,AWS",Developer,Mid,,7.8,EMP054,2023-08-08,Not Started,0.0,2023-08-11,2023-08-18,,False,0,3,,,,,False,,False,0,,,Medium,Medium,60.3,True,True,4,Daily,1.6,2023-08-05 17:45:00,2024-06-09 08:15:00
TSK0774,Technology feasibility study,Research task for project PRJ068 — Complex complexity.,Research,PRJ068,High,Complex,46.8,59.6,13,"Data Analysis,Python",Analyst,Junior,,7.0,EMP094,2023-08-02,Completed,100.0,2023-08-29,2023-09-11,2023-09-08,False,-3,7,,"TSK0783,TSK0779",,,False,7.7,True,3,5.8,6.9,Medium,Medium,77.6,False,False,1,Daily,0.0,2023-08-29 16:15:00,2023-09-29 17:30:00
TSK0775,Research ML frameworks,Research task for project PRJ035 — Simple complexity.,Research,PRJ035,Medium,Simple,5.7,7.3,1,"Excel,Python,R",Analyst,Junior,,2.8,EMP063,2023-12-31,Completed,100.0,2024-01-02,2024-01-09,2024-01-04,False,-5,6,,"TSK0779,TSK0782",,,False,7.2,False,0,7.3,7.7,Medium,Critical,55.9,False,True,4,As needed,4.5,2023-10-22 15:30:00,2024-09-18 08:30:00
TSK0776,Competitive analysis,Research task for project PRJ074 — Complex complexity.,Research,PRJ074,Medium,Complex,38.1,,8,Statistics,Analyst,Junior,,8.8,EMP071,2024-05-19,Not Started,0.0,2024-10-04,2024-10-16,,False,0,7,,"TSK0785,TSK0781",,TSK0239,False,,False,0,,,Low,Medium,52.6,False,False,1,Daily,0.0,2024-09-10 17:15:00,2024-12-28 16:30:00
TSK0777,Document review,Review task for project PRJ025 — Simple complexity.,Review,PRJ025,High,Simple,6.9,8.0,1,"Python,React",Senior Engineer,Junior,,1.1,EMP069,2023-09-29,Completed,100.0,2023-10-10,2023-10-16,2023-10-24,True,8,5,,"TSK0780,TSK0794",,,False,8.3,False,0,8.4,6.7,Medium,Critical,52.2,False,False,1,Weekly,0.0,2023-10-08 16:15:00,2024-12-12 17:30:00
TSK0778,Create runbook,Documentation task for project PRJ014 — Simple complexity.,Documentation,PRJ014,Medium,Simple,5.0,6.9,1,"Git,Markdown",Developer,Mid,,1.7,EMP095,2024-10-20,Completed,100.0,2024-11-21,2024-11-24,2024-11-26,True,2,2,,,,,False,6.8,False,0,9.1,7.8,Low,Critical,42.6,True,True,3,Daily,4.2,2024-08-05 14:15:00,2025-02-04 11:00:00
TSK0779,Create icon set,Design task for project PRJ060 — Simple complexity.,Design,PRJ060,Medium,Simple,4.8,6.1,1,"Figma,Prototyping,Adobe XD",Designer,Junior,,1.9,EMP054,2023-12-13,Completed,100.0,2023-12-15,2023-12-20,2023-12-26,True,6,4,"TSK0743,TSK0148",,,,False,10.0,False,0,9.5,9.7,Low,Medium,63.4,False,True,3,As needed,2.8,2023-12-04 08:00:00,2024-12-11 14:30:00
TSK0780,Architecture review,Review task for project PRJ008 — Complex complexity.,Review,PRJ008,High,Complex,61.6,,13,"Java,React",Senior Engineer,Mid,,8.6,EMP081,2023-08-26,In Progress,32.5,2023-09-02,2023-09-15,,True,929,5,,,,,False,,False,0,,,Medium,Medium,62.0,False,True,2,Weekly,5.1,2023-07-23 15:00:00,2024-08-28 17:00:00
TSK0781,Create data pipeline,Development task for project PRJ072 — Moderate complexity.,Development,PRJ072,Critical,Moderate,17.3,19.7,5,"React,REST APIs,Node.js",Developer,Junior,,5.5,,,Completed,100.0,2023-03-19,2023-03-29,2023-04-10,True,12,7,,,"TSK0771,TSK0775",,False,7.4,False,0,5.8,7.6,High,Medium,95.0,True,True,2,As needed,1.1,2023-03-12 18:00:00,2024-12-25 13:00:00
TSK0782,Build design system,Design task for project PRJ020 — Simple complexity.,Design,PRJ020,Medium,Simple,7.5,9.7,3,Figma,Designer,Junior,,3.4,EMP013,2024-04-06,Completed,100.0,2024-04-07,2024-04-14,2024-04-19,True,5,6,,,,,False,7.5,False,0,8.3,8.9,Low,High,55.4,True,False,1,Weekly,0.0,2024-03-20 17:15:00,2024-07-28 15:15:00
TSK0783,Conduct user research,Research task for project PRJ029 — Moderate complexity.,Research,PRJ029,Low,Moderate,12.4,,8,"R,Data Analysis,Excel",Analyst,Junior,,5.5,EMP006,2023-06-22,In Progress,30.8,2023-07-12,2023-07-20,,True,986,6,,,,,False,,False,0,,,Medium,Low,5.3,False,True,3,As needed,2.0,2023-07-03 08:45:00,2024-10-06 11:00:00
TSK0784,Evaluate third-party libraries,Research task for project PRJ013 — Simple complexity.,Research,PRJ013,High,Simple,3.3,,2,R,Analyst,Mid,,2.9,EMP057,2024-06-25,Not Started,0.0,2024-06-26,2024-07-04,,False,0,7,TSK0538,,,,False,,False,0,,,Medium,High,35.6,False,True,4,Weekly,0.3,2024-03-28 16:15:00,2024-07-22 09:30:00
TSK0785,Architecture review,Review task for project PRJ007 — Complex complexity.,Review,PRJ007,Medium,Complex,60.5,56.0,8,"React,Java",Senior Engineer,Mid,,8.5,,,Completed,100.0,2024-03-03,2024-03-17,2024-03-28,True,11,6,"TSK0547,TSK0617",TSK0795,,,False,8.9,False,0,9.3,6.8,Low,Critical,41.2,True,True,3,Weekly,3.8,2024-02-17 18:30:00,2024-09-01 14:30:00
TSK0786,Document review,Review task for project PRJ074 — Simple complexity.,Review,PRJ074,High,Simple,6.7,,1,Code Review,Senior Engineer,Mid,,3.7,EMP055,2024-05-27,In Progress,70.6,2024-07-06,2024-07-14,,True,626,7,,,,,False,,False,0,,,Low,Medium,71.1,False,False,1,As needed,0.0,2024-05-13 13:45:00,2024-10-07 15:15:00
TSK0787,API contract testing,Testing task for project PRJ057 — Complex complexity.,Testing,PRJ057,Critical,Complex,37.1,,13,"PyTest,Cypress,TestRail",Developer,Junior,,8.9,EMP012,2023-10-02,In Progress,8.2,2023-12-05,2023-12-16,,True,837,6,,,"TSK0782,TSK0786",,True,,False,0,,,Low,Medium,75.8,False,False,1,Daily,0.0,2023-09-24 18:30:00,2024-09-05 11:45:00
TSK0788,PR review,Review task for project PRJ027 — Moderate complexity.,Review,PRJ027,Critical,Moderate,12.8,,5,"React,Python,Java",Senior Engineer,Senior,,6.5,,,In Progress,20.0,2023-12-25,2023-12-31,,True,822,4,TSK0643,,,,False,,False,0,,,Medium,Critical,60.9,False,True,4,As needed,0.1,2023-09-17 10:00:00,2024-09-12 18:00:00
TSK0789,Design landing page,Design task for project PRJ037 — Simple complexity.,Design,PRJ037,High,Simple,7.2,8.4,1,"Sketch,CSS,HTML",Designer,Mid,,1.7,EMP008,2024-03-21,Completed,100.0,2024-03-28,2024-04-01,2024-04-05,True,4,3,"TSK0461,TSK0295",TSK0799,,,False,7.0,False,0,8.7,7.6,Low,Medium,57.3,False,False,1,As needed,0.0,2024-01-06 08:15:00,2024-10-31 18:30:00
TSK0790,Optimize Docker images,DevOps task for project PRJ024 — Very Complex complexity.,DevOps,PRJ024,Medium,Very Complex,94.0,,13,"Docker,Linux",Developer,Mid,,8.8,EMP054,2023-12-01,In Progress,15.5,2024-01-01,2024-01-17,,True,805,4,"TSK0765,TSK0404",,,,False,,False,0,,,Medium,Medium,6.7,True,True,3,As needed,0.8,2023-11-23 12:00:00,2024-02-07 11:45:00
TSK0791,Research ML frameworks,Research task for project PRJ054 — Complex complexity.,Research,PRJ054,Medium,Complex,51.3,,8,"Excel,Data Analysis",Analyst,Mid,,7.2,EMP082,2024-03-31,Blocked,57.2,2024-04-09,2024-04-16,,True,715,4,TSK0632,TSK0797,"TSK0790,TSK0794",,False,,False,0,,,High,Low,32.8,False,True,5,Daily,4.9,2024-03-20 16:45:00,2024-08-13 15:15:00
TSK0792,Prototype user journey,Design task for project PRJ073 — Moderate complexity.,Design,PRJ073,High,Moderate,17.4,19.9,5,"UI/UX,Prototyping,Illustrator",Designer,Mid,,6.2,EMP098,2024-06-02,Completed,100.0,2024-08-03,2024-08-10,2024-08-22,True,12,4,,,,,True,7.9,True,3,6.6,8.4,Medium,Low,95.0,False,True,4,Weekly,2.1,2024-08-03 11:30:00,2025-02-18 12:30:00
TSK0793,Accessibility audit,Testing task for project PRJ024 — Very Complex complexity.,Testing,PRJ024,Critical,Very Complex,144.0,,13,"PyTest,JMeter",Developer,Senior,,9.1,EMP009,2023-11-21,In Progress,69.2,2023-12-13,2024-01-05,,True,817,4,,,,,False,,False,0,,,Medium,Medium,64.9,True,False,1,Daily,0.0,2023-11-02 12:45:00,2024-09-07 16:45:00
TSK0794,Create wireframes,Design task for project PRJ018 — Complex complexity.,Design,PRJ018,Medium,Complex,73.0,63.6,8,Prototyping,Designer,Mid,,7.6,EMP056,2024-02-14,Completed,100.0,2024-03-26,2024-04-08,2024-04-04,False,-4,3,"TSK0515,TSK0053","TSK0796,TSK0795",,,False,9.2,False,0,8.6,7.3,High,Medium,46.2,False,True,5,Daily,1.0,2023-11-14 08:45:00,2024-12-31 09:45:00
TSK0795,Configure monitoring,DevOps task for project PRJ068 — Moderate complexity.,DevOps,PRJ068,Medium,Moderate,13.1,,5,Kubernetes,Developer,Senior,,4.4,EMP071,2023-10-22,In Review,76.3,2023-11-05,2023-11-11,,True,872,4,,,,,False,,False,0,,,Low,Medium,65.7,True,True,3,Daily,4.2,2023-08-15 08:45:00,2023-11-22 08:15:00
TSK0796,Write unit tests,Testing task for project PRJ065 — Complex complexity.,Testing,PRJ065,Critical,Complex,48.2,,13,"TestRail,Jest",Developer,Mid,,9.0,,,In Progress,82.3,2023-10-20,2023-10-30,,True,884,3,TSK0099,,,,True,,False,0,,,Low,Medium,69.9,False,False,1,Daily,0.0,2023-05-06 12:30:00,2024-11-01 17:15:00
TSK0797,Configure monitoring,DevOps task for project PRJ055 — Complex complexity.,DevOps,PRJ055,High,Complex,74.0,,8,AWS,Developer,Senior,,8.7,EMP036,2023-01-28,In Progress,15.9,2023-05-31,2023-06-12,,True,1024,2,TSK0189,,,,True,,False,0,,,Medium,High,39.0,False,False,1,Daily,0.0,2023-01-20 09:00:00,2023-12-29 12:30:00
TSK0798,Prototype user journey,Design task for project PRJ025 — Moderate complexity.,Design,PRJ025,High,Moderate,11.6,14.6,3,"Sketch,UI/UX,Prototyping",Designer,Junior,,5.1,,,Completed,100.0,2024-01-26,2024-02-01,2024-01-29,False,-3,4,,,,,False,9.1,False,0,7.7,9.2,High,Critical,70.4,False,False,1,Daily,0.0,2023-12-28 14:00:00,2024-04-23 12:45:00
TSK0799,Create runbook,Documentation task for project PRJ023 — Simple complexity.,Documentation,PRJ023,Medium,Simple,6.2,7.6,3,Markdown,Developer,Junior,,3.4,EMP061,2024-06-09,Completed,100.0,2024-06-20,2024-06-23,2024-07-03,True,10,2,,,,,False,6.9,False,0,6.8,5.6,Medium,Medium,63.8,False,True,2,Weekly,2.0,2024-04-02 14:45:00,2024-09-22 13:00:00
TSK0800,Setup alerting rules,DevOps task for project PRJ021 — Moderate complexity.,DevOps,PRJ021,Medium,Moderate,13.9,,3,"Terraform,AWS",Developer,Mid,,6.6,EMP039,2023-06-09,In Progress,57.7,2023-06-16,2023-06-19,,True,1017,1,"TSK0596,TSK0715",,,,False,,False,0,,,Medium,High,37.5,False,False,1,As needed,0.0,2023-06-10 14:30:00,2024-02-09 13:15:00
